collection,band_id,band_name,list_id,list_name,item_id,item_name,list_cost,override,tp_entry,tp_price,tp_availability,status,verified_note,source_url,source_section
mordheim,amazons-lustria,Amazons (Lustria),henchwomen-equipment-list,Henchwomen equipment list,bow,Bow,10,,campaign.trading-post.bow,10 gc,common,consistent,,https://mordheimer.net/docs/warbands/grade-1b-warbands/amazons-lustria,Henchwomen equipment list
mordheim,amazons-lustria,Amazons (Lustria),henchwomen-equipment-list,Henchwomen equipment list,buckler,Buckler,5,,campaign.trading-post.buckler,5 gc,common,consistent,,https://mordheimer.net/docs/warbands/grade-1b-warbands/amazons-lustria,Henchwomen equipment list
mordheim,amazons-lustria,Amazons (Lustria),henchwomen-equipment-list,Henchwomen equipment list,club,Club,3,,campaign.trading-post.club,3 gc,common,consistent,,https://mordheimer.net/docs/warbands/grade-1b-warbands/amazons-lustria,Henchwomen equipment list
mordheim,amazons-lustria,Amazons (Lustria),henchwomen-equipment-list,Henchwomen equipment list,dagger,Dagger,2,,campaign.trading-post.dagger,2 gc,common,consistent,,https://mordheimer.net/docs/warbands/grade-1b-warbands/amazons-lustria,Henchwomen equipment list
mordheim,amazons-lustria,Amazons (Lustria),henchwomen-equipment-list,Henchwomen equipment list,enchanted_skins,Enchanted Skins,20,,campaign.trading-post.enchanted-skins,20 gc,rare,consistent,,https://mordheimer.net/docs/warbands/grade-1b-warbands/amazons-lustria,Henchwomen equipment list
mordheim,amazons-lustria,Amazons (Lustria),henchwomen-equipment-list,Henchwomen equipment list,helmet,Helmet,10,,campaign.trading-post.helmet,10 gc,common,consistent,,https://mordheimer.net/docs/warbands/grade-1b-warbands/amazons-lustria,Henchwomen equipment list
mordheim,amazons-lustria,Amazons (Lustria),henchwomen-equipment-list,Henchwomen equipment list,sling,Sling,5,,campaign.trading-post.sling,2 gc,common,differs,,https://mordheimer.net/docs/warbands/grade-1b-warbands/amazons-lustria,Henchwomen equipment list
mordheim,amazons-lustria,Amazons (Lustria),henchwomen-equipment-list,Henchwomen equipment list,spear,Spear,10,,campaign.trading-post.spear,10 gc,common,consistent,,https://mordheimer.net/docs/warbands/grade-1b-warbands/amazons-lustria,Henchwomen equipment list
mordheim,amazons-lustria,Amazons (Lustria),henchwomen-equipment-list,Henchwomen equipment list,sunstaff_lustria,Sunstaff Lustria,35,,campaign.trading-post.sunstaff-lustria,35 gc,rare,consistent,,https://mordheimer.net/docs/warbands/grade-1b-warbands/amazons-lustria,Henchwomen equipment list
mordheim,amazons-lustria,Amazons (Lustria),henchwomen-equipment-list,Henchwomen equipment list,sword,Sword,10,,campaign.trading-post.sword,10 gc,common,consistent,,https://mordheimer.net/docs/warbands/grade-1b-warbands/amazons-lustria,Henchwomen equipment list
mordheim,amazons-lustria,Amazons (Lustria),heroines-equipment-list,Heroines Equipment List,amulet_of_the_moon,Amulet Of The Moon,50,,campaign.trading-post.amulet-of-the-moon,50 gc,rare,consistent,,https://mordheimer.net/docs/warbands/grade-1b-warbands/amazons-lustria,Heroines Equipment List
mordheim,amazons-lustria,Amazons (Lustria),heroines-equipment-list,Heroines Equipment List,bow,Bow,10,,campaign.trading-post.bow,10 gc,common,consistent,,https://mordheimer.net/docs/warbands/grade-1b-warbands/amazons-lustria,Heroines Equipment List
mordheim,amazons-lustria,Amazons (Lustria),heroines-equipment-list,Heroines Equipment List,buckler,Buckler,5,,campaign.trading-post.buckler,5 gc,common,consistent,,https://mordheimer.net/docs/warbands/grade-1b-warbands/amazons-lustria,Heroines Equipment List
mordheim,amazons-lustria,Amazons (Lustria),heroines-equipment-list,Heroines Equipment List,club,Club,3,,campaign.trading-post.club,3 gc,common,consistent,,https://mordheimer.net/docs/warbands/grade-1b-warbands/amazons-lustria,Heroines Equipment List
mordheim,amazons-lustria,Amazons (Lustria),heroines-equipment-list,Heroines Equipment List,dagger,Dagger,2,,campaign.trading-post.dagger,2 gc,common,consistent,,https://mordheimer.net/docs/warbands/grade-1b-warbands/amazons-lustria,Heroines Equipment List
mordheim,amazons-lustria,Amazons (Lustria),heroines-equipment-list,Heroines Equipment List,enchanted_skins,Enchanted Skins,20,,campaign.trading-post.enchanted-skins,20 gc,rare,consistent,,https://mordheimer.net/docs/warbands/grade-1b-warbands/amazons-lustria,Heroines Equipment List
mordheim,amazons-lustria,Amazons (Lustria),heroines-equipment-list,Heroines Equipment List,great_weapon,Great Weapon,15,,campaign.trading-post.great-weapon,(not sold),not_sold,no-market,,https://mordheimer.net/docs/warbands/grade-1b-warbands/amazons-lustria,Heroines Equipment List
mordheim,amazons-lustria,Amazons (Lustria),heroines-equipment-list,Heroines Equipment List,healing_herbs,Healing Herbs,35,,campaign.trading-post.healing-herbs,20 gc + dice,rare,differs-special,,https://mordheimer.net/docs/warbands/grade-1b-warbands/amazons-lustria,Heroines Equipment List
mordheim,amazons-lustria,Amazons (Lustria),heroines-equipment-list,Heroines Equipment List,helmet,Helmet,10,,campaign.trading-post.helmet,10 gc,common,consistent,,https://mordheimer.net/docs/warbands/grade-1b-warbands/amazons-lustria,Heroines Equipment List
mordheim,amazons-lustria,Amazons (Lustria),heroines-equipment-list,Heroines Equipment List,spear,Spear,10,,campaign.trading-post.spear,10 gc,common,consistent,,https://mordheimer.net/docs/warbands/grade-1b-warbands/amazons-lustria,Heroines Equipment List
mordheim,amazons-lustria,Amazons (Lustria),heroines-equipment-list,Heroines Equipment List,starblade,Starblade,15,,campaign.trading-post.starblade,15 gc,rare,consistent,,https://mordheimer.net/docs/warbands/grade-1b-warbands/amazons-lustria,Heroines Equipment List
mordheim,amazons-lustria,Amazons (Lustria),heroines-equipment-list,Heroines Equipment List,starsword,Starsword,30,,campaign.trading-post.starsword,30 gc,rare,consistent,,https://mordheimer.net/docs/warbands/grade-1b-warbands/amazons-lustria,Heroines Equipment List
mordheim,amazons-lustria,Amazons (Lustria),heroines-equipment-list,Heroines Equipment List,sunstaff_lustria,Sunstaff Lustria,35,,campaign.trading-post.sunstaff-lustria,35 gc,rare,consistent,,https://mordheimer.net/docs/warbands/grade-1b-warbands/amazons-lustria,Heroines Equipment List
mordheim,amazons-lustria,Amazons (Lustria),heroines-equipment-list,Heroines Equipment List,sword,Sword,10,,campaign.trading-post.sword,10 gc,common,consistent,,https://mordheimer.net/docs/warbands/grade-1b-warbands/amazons-lustria,Heroines Equipment List
mordheim,amazons-lustria,Amazons (Lustria),jaguar-warrior-equipment-list,Jaguar Warrior Equipment List,bolas,Bolas,5,,campaign.trading-post.bolas,5 gc,common,consistent,,https://mordheimer.net/docs/warbands/grade-1b-warbands/amazons-lustria,Jaguar Warrior Equipment List
mordheim,amazons-lustria,Amazons (Lustria),jaguar-warrior-equipment-list,Jaguar Warrior Equipment List,bow,Bow,10,,campaign.trading-post.bow,10 gc,common,consistent,,https://mordheimer.net/docs/warbands/grade-1b-warbands/amazons-lustria,Jaguar Warrior Equipment List
mordheim,amazons-lustria,Amazons (Lustria),jaguar-warrior-equipment-list,Jaguar Warrior Equipment List,club,Club,3,,campaign.trading-post.club,3 gc,common,consistent,,https://mordheimer.net/docs/warbands/grade-1b-warbands/amazons-lustria,Jaguar Warrior Equipment List
mordheim,amazons-lustria,Amazons (Lustria),jaguar-warrior-equipment-list,Jaguar Warrior Equipment List,dagger,Dagger,2,,campaign.trading-post.dagger,2 gc,common,consistent,,https://mordheimer.net/docs/warbands/grade-1b-warbands/amazons-lustria,Jaguar Warrior Equipment List
mordheim,amazons-lustria,Amazons (Lustria),jaguar-warrior-equipment-list,Jaguar Warrior Equipment List,enchanted_skins,Enchanted Skins,20,,campaign.trading-post.enchanted-skins,20 gc,rare,consistent,,https://mordheimer.net/docs/warbands/grade-1b-warbands/amazons-lustria,Jaguar Warrior Equipment List
mordheim,amazons-lustria,Amazons (Lustria),jaguar-warrior-equipment-list,Jaguar Warrior Equipment List,helmet,Helmet,10,,campaign.trading-post.helmet,10 gc,common,consistent,,https://mordheimer.net/docs/warbands/grade-1b-warbands/amazons-lustria,Jaguar Warrior Equipment List
mordheim,amazons-lustria,Amazons (Lustria),jaguar-warrior-equipment-list,Jaguar Warrior Equipment List,javelins,Javelins,5,,campaign.trading-post.javelins,5 gc,common,consistent,,https://mordheimer.net/docs/warbands/grade-1b-warbands/amazons-lustria,Jaguar Warrior Equipment List
mordheim,amazons-lustria,Amazons (Lustria),jaguar-warrior-equipment-list,Jaguar Warrior Equipment List,sling,Sling,5,,campaign.trading-post.sling,2 gc,common,differs,,https://mordheimer.net/docs/warbands/grade-1b-warbands/amazons-lustria,Jaguar Warrior Equipment List
mordheim,amazons-lustria,Amazons (Lustria),jaguar-warrior-equipment-list,Jaguar Warrior Equipment List,spear,Spear,10,,campaign.trading-post.spear,10 gc,common,consistent,,https://mordheimer.net/docs/warbands/grade-1b-warbands/amazons-lustria,Jaguar Warrior Equipment List
mordheim,amazons-lustria,Amazons (Lustria),jaguar-warrior-equipment-list,Jaguar Warrior Equipment List,sunstaff_lustria,Sunstaff Lustria,35,,campaign.trading-post.sunstaff-lustria,35 gc,rare,consistent,,https://mordheimer.net/docs/warbands/grade-1b-warbands/amazons-lustria,Jaguar Warrior Equipment List
mordheim,amazons-lustria,Amazons (Lustria),jaguar-warrior-equipment-list,Jaguar Warrior Equipment List,sword,Sword,10,,campaign.trading-post.sword,10 gc,common,consistent,,https://mordheimer.net/docs/warbands/grade-1b-warbands/amazons-lustria,Jaguar Warrior Equipment List
mordheim,amazons-mordheim,Amazons (Mordheim),henchwomen-equipment-list,Henchwomen equipment list,bow,Bow,10,,campaign.trading-post.bow,10 gc,common,consistent,,https://mordheimer.net/docs/warbands/grade-1b-warbands/amazons,Henchwomen equipment list
mordheim,amazons-mordheim,Amazons (Mordheim),henchwomen-equipment-list,Henchwomen equipment list,buckler,Buckler,5,,campaign.trading-post.buckler,5 gc,common,consistent,,https://mordheimer.net/docs/warbands/grade-1b-warbands/amazons,Henchwomen equipment list
mordheim,amazons-mordheim,Amazons (Mordheim),henchwomen-equipment-list,Henchwomen equipment list,club,Club,3,,campaign.trading-post.club,3 gc,common,consistent,,https://mordheimer.net/docs/warbands/grade-1b-warbands/amazons,Henchwomen equipment list
mordheim,amazons-mordheim,Amazons (Mordheim),henchwomen-equipment-list,Henchwomen equipment list,dagger,Dagger,2,,campaign.trading-post.dagger,2 gc,common,consistent,,https://mordheimer.net/docs/warbands/grade-1b-warbands/amazons,Henchwomen equipment list
mordheim,amazons-mordheim,Amazons (Mordheim),henchwomen-equipment-list,Henchwomen equipment list,helmet,Helmet,10,,campaign.trading-post.helmet,10 gc,common,consistent,,https://mordheimer.net/docs/warbands/grade-1b-warbands/amazons,Henchwomen equipment list
mordheim,amazons-mordheim,Amazons (Mordheim),henchwomen-equipment-list,Henchwomen equipment list,sling,Sling,5,,campaign.trading-post.sling,2 gc,common,creation-price,Verified on the Amazons (Mordheim) page: sling 5 gc is the printed Henchwomen/Scout creation price (Town Cryer #23).,https://mordheimer.net/docs/warbands/grade-1b-warbands/amazons,Henchwomen equipment list
mordheim,amazons-mordheim,Amazons (Mordheim),henchwomen-equipment-list,Henchwomen equipment list,spear,Spear,10,,campaign.trading-post.spear,10 gc,common,consistent,,https://mordheimer.net/docs/warbands/grade-1b-warbands/amazons,Henchwomen equipment list
mordheim,amazons-mordheim,Amazons (Mordheim),henchwomen-equipment-list,Henchwomen equipment list,sword,Sword,10,,campaign.trading-post.sword,10 gc,common,consistent,,https://mordheimer.net/docs/warbands/grade-1b-warbands/amazons,Henchwomen equipment list
mordheim,amazons-mordheim,Amazons (Mordheim),heroines-equipment-list,Heroines Equipment List,amulet_of_the_moon,Amulet Of The Moon,50,,campaign.trading-post.amulet-of-the-moon,50 gc,rare,consistent,,https://mordheimer.net/docs/warbands/grade-1b-warbands/amazons,Heroines Equipment List
mordheim,amazons-mordheim,Amazons (Mordheim),heroines-equipment-list,Heroines Equipment List,buckler,Buckler,5,,campaign.trading-post.buckler,5 gc,common,consistent,,https://mordheimer.net/docs/warbands/grade-1b-warbands/amazons,Heroines Equipment List
mordheim,amazons-mordheim,Amazons (Mordheim),heroines-equipment-list,Heroines Equipment List,claw_of_the_old_ones,Claw Of The Old Ones,30,,campaign.trading-post.claw-of-the-old-ones,30 gc,rare,consistent,,https://mordheimer.net/docs/warbands/grade-1b-warbands/amazons,Heroines Equipment List
mordheim,amazons-mordheim,Amazons (Mordheim),heroines-equipment-list,Heroines Equipment List,club,Club,3,,campaign.trading-post.club,3 gc,common,consistent,,https://mordheimer.net/docs/warbands/grade-1b-warbands/amazons,Heroines Equipment List
mordheim,amazons-mordheim,Amazons (Mordheim),heroines-equipment-list,Heroines Equipment List,dagger,Dagger,2,,campaign.trading-post.dagger,2 gc,common,consistent,,https://mordheimer.net/docs/warbands/grade-1b-warbands/amazons,Heroines Equipment List
mordheim,amazons-mordheim,Amazons (Mordheim),heroines-equipment-list,Heroines Equipment List,healing_herbs,Healing Herbs,35,,campaign.trading-post.healing-herbs,20 gc + dice,rare,creation-price,Verified on the Amazons (Mordheim) page: healing herbs 35 gc is the printed Heroines-list price (Town Cryer #23).,https://mordheimer.net/docs/warbands/grade-1b-warbands/amazons,Heroines Equipment List
mordheim,amazons-mordheim,Amazons (Mordheim),heroines-equipment-list,Heroines Equipment List,helmet,Helmet,10,,campaign.trading-post.helmet,10 gc,common,consistent,,https://mordheimer.net/docs/warbands/grade-1b-warbands/amazons,Heroines Equipment List
mordheim,amazons-mordheim,Amazons (Mordheim),heroines-equipment-list,Heroines Equipment List,spear,Spear,10,,campaign.trading-post.spear,10 gc,common,consistent,,https://mordheimer.net/docs/warbands/grade-1b-warbands/amazons,Heroines Equipment List
mordheim,amazons-mordheim,Amazons (Mordheim),heroines-equipment-list,Heroines Equipment List,sun_gauntlet,Sun Gauntlet,40,,campaign.trading-post.sun-gauntlet,40 gc,rare,consistent,,https://mordheimer.net/docs/warbands/grade-1b-warbands/amazons,Heroines Equipment List
mordheim,amazons-mordheim,Amazons (Mordheim),heroines-equipment-list,Heroines Equipment List,sunstaff,Sunstaff,50,,campaign.trading-post.sunstaff,50 gc,rare,consistent,,https://mordheimer.net/docs/warbands/grade-1b-warbands/amazons,Heroines Equipment List
mordheim,amazons-mordheim,Amazons (Mordheim),heroines-equipment-list,Heroines Equipment List,sword,Sword,10,,campaign.trading-post.sword,10 gc,common,consistent,,https://mordheimer.net/docs/warbands/grade-1b-warbands/amazons,Heroines Equipment List
mordheim,amazons-mordheim,Amazons (Mordheim),scout-equipment-list,Scout Equipment List,bow,Bow,10,,campaign.trading-post.bow,10 gc,common,consistent,,https://mordheimer.net/docs/warbands/grade-1b-warbands/amazons,Scout Equipment List
mordheim,amazons-mordheim,Amazons (Mordheim),scout-equipment-list,Scout Equipment List,buckler,Buckler,5,,campaign.trading-post.buckler,5 gc,common,consistent,,https://mordheimer.net/docs/warbands/grade-1b-warbands/amazons,Scout Equipment List
mordheim,amazons-mordheim,Amazons (Mordheim),scout-equipment-list,Scout Equipment List,club,Club,3,,campaign.trading-post.club,3 gc,common,consistent,,https://mordheimer.net/docs/warbands/grade-1b-warbands/amazons,Scout Equipment List
mordheim,amazons-mordheim,Amazons (Mordheim),scout-equipment-list,Scout Equipment List,dagger,Dagger,2,,campaign.trading-post.dagger,2 gc,common,consistent,,https://mordheimer.net/docs/warbands/grade-1b-warbands/amazons,Scout Equipment List
mordheim,amazons-mordheim,Amazons (Mordheim),scout-equipment-list,Scout Equipment List,helmet,Helmet,10,,campaign.trading-post.helmet,10 gc,common,consistent,,https://mordheimer.net/docs/warbands/grade-1b-warbands/amazons,Scout Equipment List
mordheim,amazons-mordheim,Amazons (Mordheim),scout-equipment-list,Scout Equipment List,javelins,Javelins,5,,campaign.trading-post.javelins,5 gc,common,consistent,,https://mordheimer.net/docs/warbands/grade-1b-warbands/amazons,Scout Equipment List
mordheim,amazons-mordheim,Amazons (Mordheim),scout-equipment-list,Scout Equipment List,sling,Sling,5,,campaign.trading-post.sling,2 gc,common,creation-price,Verified on the Amazons (Mordheim) page: sling 5 gc is the printed Henchwomen/Scout creation price (Town Cryer #23).,https://mordheimer.net/docs/warbands/grade-1b-warbands/amazons,Scout Equipment List
mordheim,amazons-mordheim,Amazons (Mordheim),scout-equipment-list,Scout Equipment List,spear,Spear,10,,campaign.trading-post.spear,10 gc,common,consistent,,https://mordheimer.net/docs/warbands/grade-1b-warbands/amazons,Scout Equipment List
mordheim,amazons-mordheim,Amazons (Mordheim),scout-equipment-list,Scout Equipment List,sword,Sword,10,,campaign.trading-post.sword,10 gc,common,consistent,,https://mordheimer.net/docs/warbands/grade-1b-warbands/amazons,Scout Equipment List
mordheim,arabian-tomb-raiders,Arabian Tomb Raiders,slave-equipment-list,Slave equipment list,club,Club,3,,campaign.trading-post.club,3 gc,common,consistent,,https://mordheimer.net/docs/warbands/grade-1b-warbands/arabian-tomb-raiders,Slave equipment list
mordheim,arabian-tomb-raiders,Arabian Tomb Raiders,slave-equipment-list,Slave equipment list,dagger_jambiya,Dagger Jambiya,2,,campaign.trading-post.dagger-jambiya,(not sold),not_sold,no-market,,https://mordheimer.net/docs/warbands/grade-1b-warbands/arabian-tomb-raiders,Slave equipment list
mordheim,arabian-tomb-raiders,Arabian Tomb Raiders,slave-equipment-list,Slave equipment list,katar,Katar,5,,campaign.trading-post.katar,5 gc,rare,consistent,,https://mordheimer.net/docs/warbands/grade-1b-warbands/arabian-tomb-raiders,Slave equipment list
mordheim,arabian-tomb-raiders,Arabian Tomb Raiders,slave-equipment-list,Slave equipment list,shield,Shield,5,,campaign.trading-post.shield,5 gc,common,consistent,,https://mordheimer.net/docs/warbands/grade-1b-warbands/arabian-tomb-raiders,Slave equipment list
mordheim,arabian-tomb-raiders,Arabian Tomb Raiders,slave-equipment-list,Slave equipment list,spear,Spear,10,,campaign.trading-post.spear,10 gc,common,consistent,,https://mordheimer.net/docs/warbands/grade-1b-warbands/arabian-tomb-raiders,Slave equipment list
mordheim,arabian-tomb-raiders,Arabian Tomb Raiders,slave-equipment-list,Slave equipment list,sword_scimitar,Sword Scimitar,10,,campaign.trading-post.sword-scimitar,(not sold),not_sold,no-market,,https://mordheimer.net/docs/warbands/grade-1b-warbands/arabian-tomb-raiders,Slave equipment list
mordheim,arabian-tomb-raiders,Arabian Tomb Raiders,warrior-equipment-list,Warrior equipment list,bow,Bow,10,,campaign.trading-post.bow,10 gc,common,consistent,,https://mordheimer.net/docs/warbands/grade-1b-warbands/arabian-tomb-raiders,Warrior equipment list
mordheim,arabian-tomb-raiders,Arabian Tomb Raiders,warrior-equipment-list,Warrior equipment list,buckler,Buckler,5,,campaign.trading-post.buckler,5 gc,common,consistent,,https://mordheimer.net/docs/warbands/grade-1b-warbands/arabian-tomb-raiders,Warrior equipment list
mordheim,arabian-tomb-raiders,Arabian Tomb Raiders,warrior-equipment-list,Warrior equipment list,dagger_jambiya,Dagger Jambiya,2,,campaign.trading-post.dagger-jambiya,(not sold),not_sold,no-market,,https://mordheimer.net/docs/warbands/grade-1b-warbands/arabian-tomb-raiders,Warrior equipment list
mordheim,arabian-tomb-raiders,Arabian Tomb Raiders,warrior-equipment-list,Warrior equipment list,flail,Flail,15,,campaign.trading-post.flail,15 gc,common,consistent,,https://mordheimer.net/docs/warbands/grade-1b-warbands/arabian-tomb-raiders,Warrior equipment list
mordheim,arabian-tomb-raiders,Arabian Tomb Raiders,warrior-equipment-list,Warrior equipment list,great_weapon,Great Weapon,15,,campaign.trading-post.great-weapon,(not sold),not_sold,no-market,,https://mordheimer.net/docs/warbands/grade-1b-warbands/arabian-tomb-raiders,Warrior equipment list
mordheim,arabian-tomb-raiders,Arabian Tomb Raiders,warrior-equipment-list,Warrior equipment list,handgun,Handgun,35,,campaign.trading-post.handgun,35 gc,rare,consistent,,https://mordheimer.net/docs/warbands/grade-1b-warbands/arabian-tomb-raiders,Warrior equipment list
mordheim,arabian-tomb-raiders,Arabian Tomb Raiders,warrior-equipment-list,Warrior equipment list,helmet,Helmet,10,,campaign.trading-post.helmet,10 gc,common,consistent,,https://mordheimer.net/docs/warbands/grade-1b-warbands/arabian-tomb-raiders,Warrior equipment list
mordheim,arabian-tomb-raiders,Arabian Tomb Raiders,warrior-equipment-list,Warrior equipment list,light_armour,Light Armour,50,,campaign.trading-post.light-armour,20 gc,common,differs,,https://mordheimer.net/docs/warbands/grade-1b-warbands/arabian-tomb-raiders,Warrior equipment list
mordheim,arabian-tomb-raiders,Arabian Tomb Raiders,warrior-equipment-list,Warrior equipment list,mace,Mace,3,,campaign.trading-post.mace,3 gc,common,consistent,,https://mordheimer.net/docs/warbands/grade-1b-warbands/arabian-tomb-raiders,Warrior equipment list
mordheim,arabian-tomb-raiders,Arabian Tomb Raiders,warrior-equipment-list,Warrior equipment list,shield,Shield,5,,campaign.trading-post.shield,5 gc,common,consistent,,https://mordheimer.net/docs/warbands/grade-1b-warbands/arabian-tomb-raiders,Warrior equipment list
mordheim,arabian-tomb-raiders,Arabian Tomb Raiders,warrior-equipment-list,Warrior equipment list,short_bow,Short Bow,5,,campaign.trading-post.short-bow,5 gc,common,consistent,,https://mordheimer.net/docs/warbands/grade-1b-warbands/arabian-tomb-raiders,Warrior equipment list
mordheim,arabian-tomb-raiders,Arabian Tomb Raiders,warrior-equipment-list,Warrior equipment list,spear,Spear,10,,campaign.trading-post.spear,10 gc,common,consistent,,https://mordheimer.net/docs/warbands/grade-1b-warbands/arabian-tomb-raiders,Warrior equipment list
mordheim,arabian-tomb-raiders,Arabian Tomb Raiders,warrior-equipment-list,Warrior equipment list,sword_scimitar,Sword Scimitar,10,,campaign.trading-post.sword-scimitar,(not sold),not_sold,no-market,,https://mordheimer.net/docs/warbands/grade-1b-warbands/arabian-tomb-raiders,Warrior equipment list
mordheim,arabian-tomb-raiders,Arabian Tomb Raiders,warrior-equipment-list,Warrior equipment list,tufenk,Tufenk,15,,campaign.trading-post.tufenk,15 gc,rare,consistent,,https://mordheimer.net/docs/warbands/grade-1b-warbands/arabian-tomb-raiders,Warrior equipment list
mordheim,averlanders,Averlander Mercenaries,marksman-equipment-list,Marksman equipment list,axe,Axe,5,,campaign.trading-post.axe,5 gc,common,consistent,,https://mordheimer.net/docs/warbands/grade-1a-warbands/averlander,Marksman equipment list
mordheim,averlanders,Averlander Mercenaries,marksman-equipment-list,Marksman equipment list,blunderbuss,Blunderbuss,30,,campaign.trading-post.blunderbuss,30 gc,rare,consistent,,https://mordheimer.net/docs/warbands/grade-1a-warbands/averlander,Marksman equipment list
mordheim,averlanders,Averlander Mercenaries,marksman-equipment-list,Marksman equipment list,bow,Bow,10,,campaign.trading-post.bow,10 gc,common,consistent,,https://mordheimer.net/docs/warbands/grade-1a-warbands/averlander,Marksman equipment list
mordheim,averlanders,Averlander Mercenaries,marksman-equipment-list,Marksman equipment list,buckler,Buckler,5,,campaign.trading-post.buckler,5 gc,common,consistent,,https://mordheimer.net/docs/warbands/grade-1a-warbands/averlander,Marksman equipment list
mordheim,averlanders,Averlander Mercenaries,marksman-equipment-list,Marksman equipment list,crossbow,Crossbow,25,,campaign.trading-post.crossbow,25 gc,common,consistent,,https://mordheimer.net/docs/warbands/grade-1a-warbands/averlander,Marksman equipment list
mordheim,averlanders,Averlander Mercenaries,marksman-equipment-list,Marksman equipment list,dagger,Dagger,2,,campaign.trading-post.dagger,2 gc,common,consistent,,https://mordheimer.net/docs/warbands/grade-1a-warbands/averlander,Marksman equipment list
mordheim,averlanders,Averlander Mercenaries,marksman-equipment-list,Marksman equipment list,hammer,Hammer,3,,campaign.trading-post.hammer,3 gc,common,consistent,,https://mordheimer.net/docs/warbands/grade-1a-warbands/averlander,Marksman equipment list
mordheim,averlanders,Averlander Mercenaries,marksman-equipment-list,Marksman equipment list,handgun,Handgun,35,,campaign.trading-post.handgun,35 gc,rare,consistent,,https://mordheimer.net/docs/warbands/grade-1a-warbands/averlander,Marksman equipment list
mordheim,averlanders,Averlander Mercenaries,marksman-equipment-list,Marksman equipment list,helmet,Helmet,10,,campaign.trading-post.helmet,10 gc,common,consistent,,https://mordheimer.net/docs/warbands/grade-1a-warbands/averlander,Marksman equipment list
mordheim,averlanders,Averlander Mercenaries,marksman-equipment-list,Marksman equipment list,hunting_rifle,Hunting Rifle,200,,campaign.trading-post.hunting-rifle,200 gc,rare,consistent,,https://mordheimer.net/docs/warbands/grade-1a-warbands/averlander,Marksman equipment list
mordheim,averlanders,Averlander Mercenaries,marksman-equipment-list,Marksman equipment list,light_armour,Light Armour,20,,campaign.trading-post.light-armour,20 gc,common,consistent,,https://mordheimer.net/docs/warbands/grade-1a-warbands/averlander,Marksman equipment list
mordheim,averlanders,Averlander Mercenaries,marksman-equipment-list,Marksman equipment list,long_bow,Long Bow,15,,campaign.trading-post.long-bow,15 gc,common,consistent,,https://mordheimer.net/docs/warbands/grade-1a-warbands/averlander,Marksman equipment list
mordheim,averlanders,Averlander Mercenaries,marksman-equipment-list,Marksman equipment list,mace,Mace,3,,campaign.trading-post.mace,3 gc,common,consistent,,https://mordheimer.net/docs/warbands/grade-1a-warbands/averlander,Marksman equipment list
mordheim,averlanders,Averlander Mercenaries,marksman-equipment-list,Marksman equipment list,pistol,Pistol,15,,campaign.trading-post.pistol,15 gc,rare,consistent,,https://mordheimer.net/docs/warbands/grade-1a-warbands/averlander,Marksman equipment list
mordheim,averlanders,Averlander Mercenaries,marksman-equipment-list,Marksman equipment list,sword,Sword,10,,campaign.trading-post.sword,10 gc,common,consistent,,https://mordheimer.net/docs/warbands/grade-1a-warbands/averlander,Marksman equipment list
mordheim,averlanders,Averlander Mercenaries,mountainguard-equipment-list,Mountainguard Equipment List,axe,Axe,5,,campaign.trading-post.axe,5 gc,common,consistent,,https://mordheimer.net/docs/warbands/grade-1a-warbands/averlander,Mountainguard Equipment List
mordheim,averlanders,Averlander Mercenaries,mountainguard-equipment-list,Mountainguard Equipment List,bow,Bow,10,,campaign.trading-post.bow,10 gc,common,consistent,,https://mordheimer.net/docs/warbands/grade-1a-warbands/averlander,Mountainguard Equipment List
mordheim,averlanders,Averlander Mercenaries,mountainguard-equipment-list,Mountainguard Equipment List,buckler,Buckler,5,,campaign.trading-post.buckler,5 gc,common,consistent,,https://mordheimer.net/docs/warbands/grade-1a-warbands/averlander,Mountainguard Equipment List
mordheim,averlanders,Averlander Mercenaries,mountainguard-equipment-list,Mountainguard Equipment List,crossbow,Crossbow,25,,campaign.trading-post.crossbow,25 gc,common,consistent,,https://mordheimer.net/docs/warbands/grade-1a-warbands/averlander,Mountainguard Equipment List
mordheim,averlanders,Averlander Mercenaries,mountainguard-equipment-list,Mountainguard Equipment List,dagger,Dagger,2,,campaign.trading-post.dagger,2 gc,common,consistent,,https://mordheimer.net/docs/warbands/grade-1a-warbands/averlander,Mountainguard Equipment List
mordheim,averlanders,Averlander Mercenaries,mountainguard-equipment-list,Mountainguard Equipment List,duelling_pistol,Duelling Pistol,25,,campaign.trading-post.duelling-pistol,30 gc,rare,differs,,https://mordheimer.net/docs/warbands/grade-1a-warbands/averlander,Mountainguard Equipment List
mordheim,averlanders,Averlander Mercenaries,mountainguard-equipment-list,Mountainguard Equipment List,great_weapon,Great Weapon,15,,campaign.trading-post.great-weapon,(not sold),not_sold,no-market,,https://mordheimer.net/docs/warbands/grade-1a-warbands/averlander,Mountainguard Equipment List
mordheim,averlanders,Averlander Mercenaries,mountainguard-equipment-list,Mountainguard Equipment List,halberd,Halberd,10,,campaign.trading-post.halberd,10 gc,common,consistent,,https://mordheimer.net/docs/warbands/grade-1a-warbands/averlander,Mountainguard Equipment List
mordheim,averlanders,Averlander Mercenaries,mountainguard-equipment-list,Mountainguard Equipment List,hammer,Hammer,3,,campaign.trading-post.hammer,3 gc,common,consistent,,https://mordheimer.net/docs/warbands/grade-1a-warbands/averlander,Mountainguard Equipment List
mordheim,averlanders,Averlander Mercenaries,mountainguard-equipment-list,Mountainguard Equipment List,heavy_armour,Heavy Armour,50,,campaign.trading-post.heavy-armour,50 gc,common,consistent,,https://mordheimer.net/docs/warbands/grade-1a-warbands/averlander,Mountainguard Equipment List
mordheim,averlanders,Averlander Mercenaries,mountainguard-equipment-list,Mountainguard Equipment List,helmet,Helmet,10,,campaign.trading-post.helmet,10 gc,common,consistent,,https://mordheimer.net/docs/warbands/grade-1a-warbands/averlander,Mountainguard Equipment List
mordheim,averlanders,Averlander Mercenaries,mountainguard-equipment-list,Mountainguard Equipment List,light_armour,Light Armour,20,,campaign.trading-post.light-armour,20 gc,common,consistent,,https://mordheimer.net/docs/warbands/grade-1a-warbands/averlander,Mountainguard Equipment List
mordheim,averlanders,Averlander Mercenaries,mountainguard-equipment-list,Mountainguard Equipment List,mace,Mace,3,,campaign.trading-post.mace,3 gc,common,consistent,,https://mordheimer.net/docs/warbands/grade-1a-warbands/averlander,Mountainguard Equipment List
mordheim,averlanders,Averlander Mercenaries,mountainguard-equipment-list,Mountainguard Equipment List,morning_star,Morning Star,15,,campaign.trading-post.morning-star,15 gc,common,consistent,,https://mordheimer.net/docs/warbands/grade-1a-warbands/averlander,Mountainguard Equipment List
mordheim,averlanders,Averlander Mercenaries,mountainguard-equipment-list,Mountainguard Equipment List,pistol,Pistol,15,,campaign.trading-post.pistol,15 gc,rare,consistent,,https://mordheimer.net/docs/warbands/grade-1a-warbands/averlander,Mountainguard Equipment List
mordheim,averlanders,Averlander Mercenaries,mountainguard-equipment-list,Mountainguard Equipment List,shield,Shield,5,,campaign.trading-post.shield,5 gc,common,consistent,,https://mordheimer.net/docs/warbands/grade-1a-warbands/averlander,Mountainguard Equipment List
mordheim,averlanders,Averlander Mercenaries,mountainguard-equipment-list,Mountainguard Equipment List,spear,Spear,10,,campaign.trading-post.spear,10 gc,common,consistent,,https://mordheimer.net/docs/warbands/grade-1a-warbands/averlander,Mountainguard Equipment List
mordheim,averlanders,Averlander Mercenaries,mountainguard-equipment-list,Mountainguard Equipment List,sword,Sword,10,,campaign.trading-post.sword,10 gc,common,consistent,,https://mordheimer.net/docs/warbands/grade-1a-warbands/averlander,Mountainguard Equipment List
mordheim,averlanders,Averlander Mercenaries,scout-equipment-list,Scout Equipment List,axe,Axe,5,,campaign.trading-post.axe,5 gc,common,consistent,,https://mordheimer.net/docs/warbands/grade-1a-warbands/averlander,Scout Equipment List
mordheim,averlanders,Averlander Mercenaries,scout-equipment-list,Scout Equipment List,bow,Bow,10,,campaign.trading-post.bow,10 gc,common,consistent,,https://mordheimer.net/docs/warbands/grade-1a-warbands/averlander,Scout Equipment List
mordheim,averlanders,Averlander Mercenaries,scout-equipment-list,Scout Equipment List,buckler,Buckler,5,,campaign.trading-post.buckler,5 gc,common,consistent,,https://mordheimer.net/docs/warbands/grade-1a-warbands/averlander,Scout Equipment List
mordheim,averlanders,Averlander Mercenaries,scout-equipment-list,Scout Equipment List,dagger,Dagger,2,,campaign.trading-post.dagger,2 gc,common,consistent,,https://mordheimer.net/docs/warbands/grade-1a-warbands/averlander,Scout Equipment List
mordheim,averlanders,Averlander Mercenaries,scout-equipment-list,Scout Equipment List,hammer,Hammer,3,,campaign.trading-post.hammer,3 gc,common,consistent,,https://mordheimer.net/docs/warbands/grade-1a-warbands/averlander,Scout Equipment List
mordheim,averlanders,Averlander Mercenaries,scout-equipment-list,Scout Equipment List,helmet,Helmet,10,,campaign.trading-post.helmet,10 gc,common,consistent,,https://mordheimer.net/docs/warbands/grade-1a-warbands/averlander,Scout Equipment List
mordheim,averlanders,Averlander Mercenaries,scout-equipment-list,Scout Equipment List,hunting_arrows,Hunting Arrows,35,,campaign.trading-post.hunting-arrows,25 gc + dice,rare,differs-special,,https://mordheimer.net/docs/warbands/grade-1a-warbands/averlander,Scout Equipment List
mordheim,averlanders,Averlander Mercenaries,scout-equipment-list,Scout Equipment List,light_armour,Light Armour,20,,campaign.trading-post.light-armour,20 gc,common,consistent,,https://mordheimer.net/docs/warbands/grade-1a-warbands/averlander,Scout Equipment List
mordheim,averlanders,Averlander Mercenaries,scout-equipment-list,Scout Equipment List,long_bow,Long Bow,15,,campaign.trading-post.long-bow,15 gc,common,consistent,,https://mordheimer.net/docs/warbands/grade-1a-warbands/averlander,Scout Equipment List
mordheim,averlanders,Averlander Mercenaries,scout-equipment-list,Scout Equipment List,mace,Mace,3,,campaign.trading-post.mace,3 gc,common,consistent,,https://mordheimer.net/docs/warbands/grade-1a-warbands/averlander,Scout Equipment List
mordheim,averlanders,Averlander Mercenaries,scout-equipment-list,Scout Equipment List,sword,Sword,10,,campaign.trading-post.sword,10 gc,common,consistent,,https://mordheimer.net/docs/warbands/grade-1a-warbands/averlander,Scout Equipment List
mordheim,battle-monks-of-cathay,Battle Monks of Cathay,monk-equipment-list,Monk Equipment List,axe,Axe,5,,campaign.trading-post.axe,5 gc,common,consistent,,https://mordheimer.net/docs/warbands/grade-1c-warbands/battle-monks-of-cathay,Monk Equipment List
mordheim,battle-monks-of-cathay,Battle Monks of Cathay,monk-equipment-list,Monk Equipment List,chain_sticks,Chain Sticks,20,,campaign.trading-post.chain-sticks,20 gc,rare,consistent,,https://mordheimer.net/docs/warbands/grade-1c-warbands/battle-monks-of-cathay,Monk Equipment List
mordheim,battle-monks-of-cathay,Battle Monks of Cathay,monk-equipment-list,Monk Equipment List,dragon_sword,Dragon Sword,20,,campaign.trading-post.dragon-sword,20 gc,rare,consistent,,https://mordheimer.net/docs/warbands/grade-1c-warbands/battle-monks-of-cathay,Monk Equipment List
mordheim,battle-monks-of-cathay,Battle Monks of Cathay,monk-equipment-list,Monk Equipment List,fish_hook_shot,Fish Hook Shot,10,,campaign.trading-post.fish-hook-shot,10 gc,rare,consistent,,https://mordheimer.net/docs/warbands/grade-1c-warbands/battle-monks-of-cathay,Monk Equipment List
mordheim,battle-monks-of-cathay,Battle Monks of Cathay,monk-equipment-list,Monk Equipment List,quarter_staff,Quarter Staff,15,,campaign.trading-post.quarter-staff,15 gc,common,consistent,,https://mordheimer.net/docs/warbands/grade-1c-warbands/battle-monks-of-cathay,Monk Equipment List
mordheim,battle-monks-of-cathay,Battle Monks of Cathay,monk-equipment-list,Monk Equipment List,spear,Spear,10,,campaign.trading-post.spear,10 gc,common,consistent,,https://mordheimer.net/docs/warbands/grade-1c-warbands/battle-monks-of-cathay,Monk Equipment List
mordheim,battle-monks-of-cathay,Battle Monks of Cathay,monk-equipment-list,Monk Equipment List,sword,Sword,10,,campaign.trading-post.sword,10 gc,common,consistent,,https://mordheimer.net/docs/warbands/grade-1c-warbands/battle-monks-of-cathay,Monk Equipment List
mordheim,battle-monks-of-cathay,Battle Monks of Cathay,monk-equipment-list,Monk Equipment List,throwing_stars,Throwing Stars,15,,campaign.trading-post.throwing-stars,15 gc,rare,consistent,,https://mordheimer.net/docs/warbands/grade-1c-warbands/battle-monks-of-cathay,Monk Equipment List
mordheim,battle-monks-of-cathay,Battle Monks of Cathay,soldier-equipment-list,Soldier Equipment List,bow,Bow,10,,campaign.trading-post.bow,10 gc,common,consistent,,https://mordheimer.net/docs/warbands/grade-1c-warbands/battle-monks-of-cathay,Soldier Equipment List
mordheim,battle-monks-of-cathay,Battle Monks of Cathay,soldier-equipment-list,Soldier Equipment List,cathayan_longsword,Cathayan Longsword,75,,campaign.trading-post.cathayan-longsword,75 gc + dice,rare,consistent-special,,https://mordheimer.net/docs/warbands/grade-1c-warbands/battle-monks-of-cathay,Soldier Equipment List
mordheim,battle-monks-of-cathay,Battle Monks of Cathay,soldier-equipment-list,Soldier Equipment List,cathayan_silk_cloak,Cathayan Silk Cloak,40,,campaign.trading-post.cathayan-silk-clothes,50 gc + dice,rare,differs-special,,https://mordheimer.net/docs/warbands/grade-1c-warbands/battle-monks-of-cathay,Soldier Equipment List
mordheim,battle-monks-of-cathay,Battle Monks of Cathay,soldier-equipment-list,Soldier Equipment List,crossbow,Crossbow,25,,campaign.trading-post.crossbow,25 gc,common,consistent,,https://mordheimer.net/docs/warbands/grade-1c-warbands/battle-monks-of-cathay,Soldier Equipment List
mordheim,battle-monks-of-cathay,Battle Monks of Cathay,soldier-equipment-list,Soldier Equipment List,dagger,Dagger,2,,campaign.trading-post.dagger,2 gc,common,consistent,,https://mordheimer.net/docs/warbands/grade-1c-warbands/battle-monks-of-cathay,Soldier Equipment List
mordheim,battle-monks-of-cathay,Battle Monks of Cathay,soldier-equipment-list,Soldier Equipment List,dragon_sword,Dragon Sword,20,,campaign.trading-post.dragon-sword,20 gc,rare,consistent,,https://mordheimer.net/docs/warbands/grade-1c-warbands/battle-monks-of-cathay,Soldier Equipment List
mordheim,battle-monks-of-cathay,Battle Monks of Cathay,soldier-equipment-list,Soldier Equipment List,duelling_pistol,Duelling Pistol,30,,campaign.trading-post.duelling-pistol,30 gc,rare,consistent,,https://mordheimer.net/docs/warbands/grade-1c-warbands/battle-monks-of-cathay,Soldier Equipment List
mordheim,battle-monks-of-cathay,Battle Monks of Cathay,soldier-equipment-list,Soldier Equipment List,handgun,Handgun,35,,campaign.trading-post.handgun,35 gc,rare,consistent,,https://mordheimer.net/docs/warbands/grade-1c-warbands/battle-monks-of-cathay,Soldier Equipment List
mordheim,battle-monks-of-cathay,Battle Monks of Cathay,soldier-equipment-list,Soldier Equipment List,heavy_armour,Heavy Armour,50,,campaign.trading-post.heavy-armour,50 gc,common,consistent,,https://mordheimer.net/docs/warbands/grade-1c-warbands/battle-monks-of-cathay,Soldier Equipment List
mordheim,battle-monks-of-cathay,Battle Monks of Cathay,soldier-equipment-list,Soldier Equipment List,helmet,Helmet,10,,campaign.trading-post.helmet,10 gc,common,consistent,,https://mordheimer.net/docs/warbands/grade-1c-warbands/battle-monks-of-cathay,Soldier Equipment List
mordheim,battle-monks-of-cathay,Battle Monks of Cathay,soldier-equipment-list,Soldier Equipment List,horse,Horse,30,,campaign.trading-post.riding-draft-horse,40 gc,rare,differs,,https://mordheimer.net/docs/warbands/grade-1c-warbands/battle-monks-of-cathay,Soldier Equipment List
mordheim,battle-monks-of-cathay,Battle Monks of Cathay,soldier-equipment-list,Soldier Equipment List,light_armour,Light Armour,20,,campaign.trading-post.light-armour,20 gc,common,consistent,,https://mordheimer.net/docs/warbands/grade-1c-warbands/battle-monks-of-cathay,Soldier Equipment List
mordheim,battle-monks-of-cathay,Battle Monks of Cathay,soldier-equipment-list,Soldier Equipment List,shield,Shield,5,,campaign.trading-post.shield,5 gc,common,consistent,,https://mordheimer.net/docs/warbands/grade-1c-warbands/battle-monks-of-cathay,Soldier Equipment List
mordheim,battle-monks-of-cathay,Battle Monks of Cathay,soldier-equipment-list,Soldier Equipment List,spear,Spear,10,,campaign.trading-post.spear,10 gc,common,consistent,,https://mordheimer.net/docs/warbands/grade-1c-warbands/battle-monks-of-cathay,Soldier Equipment List
mordheim,battle-monks-of-cathay,Battle Monks of Cathay,soldier-equipment-list,Soldier Equipment List,sword,Sword,10,,campaign.trading-post.sword,10 gc,common,consistent,,https://mordheimer.net/docs/warbands/grade-1c-warbands/battle-monks-of-cathay,Soldier Equipment List
mordheim,beastmen-raiders,Beastmen Raiders,beastmen-equipment-list,Beastmen Equipment List,battle_axe,Battle Axe,5,,campaign.trading-post.battle-axe,(not sold),not_sold,no-market,,https://mordheimer.net/docs/warbands/grade-1a-warbands/beastmen-raiders,Beastmen Equipment List
mordheim,beastmen-raiders,Beastmen Raiders,beastmen-equipment-list,Beastmen Equipment List,dagger,Dagger,2,,campaign.trading-post.dagger,2 gc,common,consistent,,https://mordheimer.net/docs/warbands/grade-1a-warbands/beastmen-raiders,Beastmen Equipment List
mordheim,beastmen-raiders,Beastmen Raiders,beastmen-equipment-list,Beastmen Equipment List,great_weapon,Great Weapon,15,,campaign.trading-post.great-weapon,(not sold),not_sold,no-market,,https://mordheimer.net/docs/warbands/grade-1a-warbands/beastmen-raiders,Beastmen Equipment List
mordheim,beastmen-raiders,Beastmen Raiders,beastmen-equipment-list,Beastmen Equipment List,halberd,Halberd,10,,campaign.trading-post.halberd,10 gc,common,consistent,,https://mordheimer.net/docs/warbands/grade-1a-warbands/beastmen-raiders,Beastmen Equipment List
mordheim,beastmen-raiders,Beastmen Raiders,beastmen-equipment-list,Beastmen Equipment List,hammer,Hammer,3,,campaign.trading-post.hammer,3 gc,common,consistent,,https://mordheimer.net/docs/warbands/grade-1a-warbands/beastmen-raiders,Beastmen Equipment List
mordheim,beastmen-raiders,Beastmen Raiders,beastmen-equipment-list,Beastmen Equipment List,heavy_armour,Heavy Armour,50,,campaign.trading-post.heavy-armour,50 gc,common,consistent,,https://mordheimer.net/docs/warbands/grade-1a-warbands/beastmen-raiders,Beastmen Equipment List
mordheim,beastmen-raiders,Beastmen Raiders,beastmen-equipment-list,Beastmen Equipment List,helmet,Helmet,10,,campaign.trading-post.helmet,10 gc,common,consistent,,https://mordheimer.net/docs/warbands/grade-1a-warbands/beastmen-raiders,Beastmen Equipment List
mordheim,beastmen-raiders,Beastmen Raiders,beastmen-equipment-list,Beastmen Equipment List,light_armour,Light Armour,20,,campaign.trading-post.light-armour,20 gc,common,consistent,,https://mordheimer.net/docs/warbands/grade-1a-warbands/beastmen-raiders,Beastmen Equipment List
mordheim,beastmen-raiders,Beastmen Raiders,beastmen-equipment-list,Beastmen Equipment List,mace,Mace,3,,campaign.trading-post.mace,3 gc,common,consistent,,https://mordheimer.net/docs/warbands/grade-1a-warbands/beastmen-raiders,Beastmen Equipment List
mordheim,beastmen-raiders,Beastmen Raiders,beastmen-equipment-list,Beastmen Equipment List,shield,Shield,5,,campaign.trading-post.shield,5 gc,common,consistent,,https://mordheimer.net/docs/warbands/grade-1a-warbands/beastmen-raiders,Beastmen Equipment List
mordheim,beastmen-raiders,Beastmen Raiders,beastmen-equipment-list,Beastmen Equipment List,sword,Sword,10,,campaign.trading-post.sword,10 gc,common,consistent,,https://mordheimer.net/docs/warbands/grade-1a-warbands/beastmen-raiders,Beastmen Equipment List
mordheim,beastmen-raiders,Beastmen Raiders,ungor-equipment-list,Ungor Equipment List,battle_axe,Battle Axe,5,,campaign.trading-post.battle-axe,(not sold),not_sold,no-market,,https://mordheimer.net/docs/warbands/grade-1a-warbands/beastmen-raiders,Ungor Equipment List
mordheim,beastmen-raiders,Beastmen Raiders,ungor-equipment-list,Ungor Equipment List,dagger,Dagger,2,,campaign.trading-post.dagger,2 gc,common,consistent,,https://mordheimer.net/docs/warbands/grade-1a-warbands/beastmen-raiders,Ungor Equipment List
mordheim,beastmen-raiders,Beastmen Raiders,ungor-equipment-list,Ungor Equipment List,hammer,Hammer,3,,campaign.trading-post.hammer,3 gc,common,consistent,,https://mordheimer.net/docs/warbands/grade-1a-warbands/beastmen-raiders,Ungor Equipment List
mordheim,beastmen-raiders,Beastmen Raiders,ungor-equipment-list,Ungor Equipment List,mace,Mace,3,,campaign.trading-post.mace,3 gc,common,consistent,,https://mordheimer.net/docs/warbands/grade-1a-warbands/beastmen-raiders,Ungor Equipment List
mordheim,beastmen-raiders,Beastmen Raiders,ungor-equipment-list,Ungor Equipment List,shield,Shield,5,,campaign.trading-post.shield,5 gc,common,consistent,,https://mordheimer.net/docs/warbands/grade-1a-warbands/beastmen-raiders,Ungor Equipment List
mordheim,beastmen-raiders,Beastmen Raiders,ungor-equipment-list,Ungor Equipment List,spear,Spear,10,,campaign.trading-post.spear,10 gc,common,consistent,,https://mordheimer.net/docs/warbands/grade-1a-warbands/beastmen-raiders,Ungor Equipment List
mordheim,black-dwarfs,Black Dwarfs,chaos-dwarf-equipment-list,Chaos Dwarf Equipment List,axe,Axe,5,,campaign.trading-post.axe,5 gc,common,consistent,,https://mordheimer.net/docs/warbands/grade-1c-warbands/black-dwarfs,Chaos Dwarf Equipment List
mordheim,black-dwarfs,Black Dwarfs,chaos-dwarf-equipment-list,Chaos Dwarf Equipment List,blunderbuss,Blunderbuss,30,,campaign.trading-post.blunderbuss,30 gc,rare,consistent,,https://mordheimer.net/docs/warbands/grade-1c-warbands/black-dwarfs,Chaos Dwarf Equipment List
mordheim,black-dwarfs,Black Dwarfs,chaos-dwarf-equipment-list,Chaos Dwarf Equipment List,dagger,Dagger,1,,campaign.trading-post.dagger,2 gc,common,differs,,https://mordheimer.net/docs/warbands/grade-1c-warbands/black-dwarfs,Chaos Dwarf Equipment List
mordheim,black-dwarfs,Black Dwarfs,chaos-dwarf-equipment-list,Chaos Dwarf Equipment List,engine_of_chaos,Engine Of Chaos,125,,campaign.trading-post.engine-of-chaos,195 gc,rare,differs,,https://mordheimer.net/docs/warbands/grade-1c-warbands/black-dwarfs,Chaos Dwarf Equipment List
mordheim,black-dwarfs,Black Dwarfs,chaos-dwarf-equipment-list,Chaos Dwarf Equipment List,great_weapon,Great Weapon,15,,campaign.trading-post.great-weapon,(not sold),not_sold,no-market,,https://mordheimer.net/docs/warbands/grade-1c-warbands/black-dwarfs,Chaos Dwarf Equipment List
mordheim,black-dwarfs,Black Dwarfs,chaos-dwarf-equipment-list,Chaos Dwarf Equipment List,hammer,Hammer,3,,campaign.trading-post.hammer,3 gc,common,consistent,,https://mordheimer.net/docs/warbands/grade-1c-warbands/black-dwarfs,Chaos Dwarf Equipment List
mordheim,black-dwarfs,Black Dwarfs,chaos-dwarf-equipment-list,Chaos Dwarf Equipment List,handgun,Handgun,35,,campaign.trading-post.handgun,35 gc,rare,consistent,,https://mordheimer.net/docs/warbands/grade-1c-warbands/black-dwarfs,Chaos Dwarf Equipment List
mordheim,black-dwarfs,Black Dwarfs,chaos-dwarf-equipment-list,Chaos Dwarf Equipment List,heavy_armour,Heavy Armour,50,,campaign.trading-post.heavy-armour,50 gc,common,consistent,,https://mordheimer.net/docs/warbands/grade-1c-warbands/black-dwarfs,Chaos Dwarf Equipment List
mordheim,black-dwarfs,Black Dwarfs,chaos-dwarf-equipment-list,Chaos Dwarf Equipment List,helmet,Helmet,10,,campaign.trading-post.helmet,10 gc,common,consistent,,https://mordheimer.net/docs/warbands/grade-1c-warbands/black-dwarfs,Chaos Dwarf Equipment List
mordheim,black-dwarfs,Black Dwarfs,chaos-dwarf-equipment-list,Chaos Dwarf Equipment List,light_armour,Light Armour,20,,campaign.trading-post.light-armour,20 gc,common,consistent,,https://mordheimer.net/docs/warbands/grade-1c-warbands/black-dwarfs,Chaos Dwarf Equipment List
mordheim,black-dwarfs,Black Dwarfs,chaos-dwarf-equipment-list,Chaos Dwarf Equipment List,mace,Mace,3,,campaign.trading-post.mace,3 gc,common,consistent,,https://mordheimer.net/docs/warbands/grade-1c-warbands/black-dwarfs,Chaos Dwarf Equipment List
mordheim,black-dwarfs,Black Dwarfs,chaos-dwarf-equipment-list,Chaos Dwarf Equipment List,man_catcher,Man Catcher,25,,campaign.trading-post.man-catcher,25 gc,rare,consistent,,https://mordheimer.net/docs/warbands/grade-1c-warbands/black-dwarfs,Chaos Dwarf Equipment List
mordheim,black-dwarfs,Black Dwarfs,chaos-dwarf-equipment-list,Chaos Dwarf Equipment List,mechanical_suit,Mechanical Suit,175,,campaign.trading-post.mechanical-suit,225 gc,rare,differs,,https://mordheimer.net/docs/warbands/grade-1c-warbands/black-dwarfs,Chaos Dwarf Equipment List
mordheim,black-dwarfs,Black Dwarfs,chaos-dwarf-equipment-list,Chaos Dwarf Equipment List,pistol,Pistol,15,,campaign.trading-post.pistol,15 gc,rare,consistent,,https://mordheimer.net/docs/warbands/grade-1c-warbands/black-dwarfs,Chaos Dwarf Equipment List
mordheim,black-dwarfs,Black Dwarfs,chaos-dwarf-equipment-list,Chaos Dwarf Equipment List,shield,Shield,5,,campaign.trading-post.shield,5 gc,common,consistent,,https://mordheimer.net/docs/warbands/grade-1c-warbands/black-dwarfs,Chaos Dwarf Equipment List
mordheim,black-dwarfs,Black Dwarfs,chaos-dwarf-equipment-list,Chaos Dwarf Equipment List,steel_whip,Steel Whip,10,,campaign.trading-post.steel-whip,10 gc,common,consistent,,https://mordheimer.net/docs/warbands/grade-1c-warbands/black-dwarfs,Chaos Dwarf Equipment List
mordheim,black-dwarfs,Black Dwarfs,chaos-dwarf-equipment-list,Chaos Dwarf Equipment List,sword,Sword,10,,campaign.trading-post.sword,10 gc,common,consistent,,https://mordheimer.net/docs/warbands/grade-1c-warbands/black-dwarfs,Chaos Dwarf Equipment List
mordheim,black-dwarfs,Black Dwarfs,informer-equipment-list,Informer Equipment List,axe,Axe,5,,campaign.trading-post.axe,5 gc,common,consistent,,https://mordheimer.net/docs/warbands/grade-1c-warbands/black-dwarfs,Informer Equipment List
mordheim,black-dwarfs,Black Dwarfs,informer-equipment-list,Informer Equipment List,bow,Bow,10,,campaign.trading-post.bow,10 gc,common,consistent,,https://mordheimer.net/docs/warbands/grade-1c-warbands/black-dwarfs,Informer Equipment List
mordheim,black-dwarfs,Black Dwarfs,informer-equipment-list,Informer Equipment List,dagger,Dagger,2,,campaign.trading-post.dagger,2 gc,common,consistent,,https://mordheimer.net/docs/warbands/grade-1c-warbands/black-dwarfs,Informer Equipment List
mordheim,black-dwarfs,Black Dwarfs,informer-equipment-list,Informer Equipment List,helmet,Helmet,10,,campaign.trading-post.helmet,10 gc,common,consistent,,https://mordheimer.net/docs/warbands/grade-1c-warbands/black-dwarfs,Informer Equipment List
mordheim,black-dwarfs,Black Dwarfs,informer-equipment-list,Informer Equipment List,light_armour,Light Armour,20,,campaign.trading-post.light-armour,20 gc,common,consistent,,https://mordheimer.net/docs/warbands/grade-1c-warbands/black-dwarfs,Informer Equipment List
mordheim,black-dwarfs,Black Dwarfs,informer-equipment-list,Informer Equipment List,mace,Mace,3,,campaign.trading-post.mace,3 gc,common,consistent,,https://mordheimer.net/docs/warbands/grade-1c-warbands/black-dwarfs,Informer Equipment List
mordheim,black-dwarfs,Black Dwarfs,informer-equipment-list,Informer Equipment List,shield,Shield,5,,campaign.trading-post.shield,5 gc,common,consistent,,https://mordheimer.net/docs/warbands/grade-1c-warbands/black-dwarfs,Informer Equipment List
mordheim,black-dwarfs,Black Dwarfs,informer-equipment-list,Informer Equipment List,sling,Sling,2,,campaign.trading-post.sling,2 gc,common,consistent,,https://mordheimer.net/docs/warbands/grade-1c-warbands/black-dwarfs,Informer Equipment List
mordheim,black-dwarfs,Black Dwarfs,informer-equipment-list,Informer Equipment List,spear,Spear,10,,campaign.trading-post.spear,10 gc,common,consistent,,https://mordheimer.net/docs/warbands/grade-1c-warbands/black-dwarfs,Informer Equipment List
mordheim,black-orcs,Black Orcs,black-orc-list,Black Orc List,axe,Axe,5,,campaign.trading-post.axe,5 gc,common,consistent,,https://mordheimer.net/docs/warbands/grade-1b-warbands/black-orcs,Orc equipment lists / Black Orc List
mordheim,black-orcs,Black Orcs,black-orc-list,Black Orc List,bow,Bow,10,,campaign.trading-post.bow,10 gc,common,consistent,,https://mordheimer.net/docs/warbands/grade-1b-warbands/black-orcs,Orc equipment lists / Black Orc List
mordheim,black-orcs,Black Orcs,black-orc-list,Black Orc List,buckler,Buckler,5,,campaign.trading-post.buckler,5 gc,common,consistent,,https://mordheimer.net/docs/warbands/grade-1b-warbands/black-orcs,Orc equipment lists / Black Orc List
mordheim,black-orcs,Black Orcs,black-orc-list,Black Orc List,choppa_counts_as_a_morning_star,Choppa Counts As A Morning Star,10,,campaign.trading-post.choppa-counts-as-a-morning-star,(not sold),not_sold,no-market,,https://mordheimer.net/docs/warbands/grade-1b-warbands/black-orcs,Orc equipment lists / Black Orc List
mordheim,black-orcs,Black Orcs,black-orc-list,Black Orc List,crossbow,Crossbow,25,,campaign.trading-post.crossbow,25 gc,common,consistent,,https://mordheimer.net/docs/warbands/grade-1b-warbands/black-orcs,Orc equipment lists / Black Orc List
mordheim,black-orcs,Black Orcs,black-orc-list,Black Orc List,dagger,Dagger,2,,campaign.trading-post.dagger,2 gc,common,consistent,,https://mordheimer.net/docs/warbands/grade-1b-warbands/black-orcs,Orc equipment lists / Black Orc List
mordheim,black-orcs,Black Orcs,black-orc-list,Black Orc List,great_weapon,Great Weapon,15,,campaign.trading-post.great-weapon,(not sold),not_sold,no-market,,https://mordheimer.net/docs/warbands/grade-1b-warbands/black-orcs,Orc equipment lists / Black Orc List
mordheim,black-orcs,Black Orcs,black-orc-list,Black Orc List,heavy_armour,Heavy Armour,50,,campaign.trading-post.heavy-armour,50 gc,common,consistent,,https://mordheimer.net/docs/warbands/grade-1b-warbands/black-orcs,Orc equipment lists / Black Orc List
mordheim,black-orcs,Black Orcs,black-orc-list,Black Orc List,helmet,Helmet,10,,campaign.trading-post.helmet,10 gc,common,consistent,,https://mordheimer.net/docs/warbands/grade-1b-warbands/black-orcs,Orc equipment lists / Black Orc List
mordheim,black-orcs,Black Orcs,black-orc-list,Black Orc List,light_armour,Light Armour,20,,campaign.trading-post.light-armour,20 gc,common,consistent,,https://mordheimer.net/docs/warbands/grade-1b-warbands/black-orcs,Orc equipment lists / Black Orc List
mordheim,black-orcs,Black Orcs,black-orc-list,Black Orc List,shield,Shield,5,,campaign.trading-post.shield,5 gc,common,consistent,,https://mordheimer.net/docs/warbands/grade-1b-warbands/black-orcs,Orc equipment lists / Black Orc List
mordheim,black-orcs,Black Orcs,black-orc-list,Black Orc List,spear,Spear,10,,campaign.trading-post.spear,10 gc,common,consistent,,https://mordheimer.net/docs/warbands/grade-1b-warbands/black-orcs,Orc equipment lists / Black Orc List
mordheim,black-orcs,Black Orcs,black-orc-list,Black Orc List,sword,Sword,10,,campaign.trading-post.sword,10 gc,common,consistent,,https://mordheimer.net/docs/warbands/grade-1b-warbands/black-orcs,Orc equipment lists / Black Orc List
mordheim,black-orcs,Black Orcs,henchmen-list,Henchmen List,axe,Axe,5,,campaign.trading-post.axe,5 gc,common,consistent,,https://mordheimer.net/docs/warbands/grade-1b-warbands/black-orcs,Orc equipment lists / Henchmen List
mordheim,black-orcs,Black Orcs,henchmen-list,Henchmen List,bow,Bow,10,,campaign.trading-post.bow,10 gc,common,consistent,,https://mordheimer.net/docs/warbands/grade-1b-warbands/black-orcs,Orc equipment lists / Henchmen List
mordheim,black-orcs,Black Orcs,henchmen-list,Henchmen List,choppa_counts_as_a_morning_star,Choppa Counts As A Morning Star,10,,campaign.trading-post.choppa-counts-as-a-morning-star,(not sold),not_sold,no-market,,https://mordheimer.net/docs/warbands/grade-1b-warbands/black-orcs,Orc equipment lists / Henchmen List
mordheim,black-orcs,Black Orcs,henchmen-list,Henchmen List,crossbow,Crossbow,25,,campaign.trading-post.crossbow,25 gc,common,consistent,,https://mordheimer.net/docs/warbands/grade-1b-warbands/black-orcs,Orc equipment lists / Henchmen List
mordheim,black-orcs,Black Orcs,henchmen-list,Henchmen List,dagger,Dagger,2,,campaign.trading-post.dagger,2 gc,common,consistent,,https://mordheimer.net/docs/warbands/grade-1b-warbands/black-orcs,Orc equipment lists / Henchmen List
mordheim,black-orcs,Black Orcs,henchmen-list,Henchmen List,great_weapon,Great Weapon,15,,campaign.trading-post.great-weapon,(not sold),not_sold,no-market,,https://mordheimer.net/docs/warbands/grade-1b-warbands/black-orcs,Orc equipment lists / Henchmen List
mordheim,black-orcs,Black Orcs,henchmen-list,Henchmen List,helmet,Helmet,10,,campaign.trading-post.helmet,10 gc,common,consistent,,https://mordheimer.net/docs/warbands/grade-1b-warbands/black-orcs,Orc equipment lists / Henchmen List
mordheim,black-orcs,Black Orcs,henchmen-list,Henchmen List,light_armour,Light Armour,20,,campaign.trading-post.light-armour,20 gc,common,consistent,,https://mordheimer.net/docs/warbands/grade-1b-warbands/black-orcs,Orc equipment lists / Henchmen List
mordheim,black-orcs,Black Orcs,henchmen-list,Henchmen List,shield,Shield,5,,campaign.trading-post.shield,5 gc,common,consistent,,https://mordheimer.net/docs/warbands/grade-1b-warbands/black-orcs,Orc equipment lists / Henchmen List
mordheim,black-orcs,Black Orcs,henchmen-list,Henchmen List,spear,Spear,10,,campaign.trading-post.spear,10 gc,common,consistent,,https://mordheimer.net/docs/warbands/grade-1b-warbands/black-orcs,Orc equipment lists / Henchmen List
mordheim,black-orcs,Black Orcs,henchmen-list,Henchmen List,sword,Sword,10,,campaign.trading-post.sword,10 gc,common,consistent,,https://mordheimer.net/docs/warbands/grade-1b-warbands/black-orcs,Orc equipment lists / Henchmen List
mordheim,bretonnian-chapel-guard,Bretonnian Chapel Guard,bowmen-equipment-list,Bowmen equipment list,axe,Axe,5,,campaign.trading-post.axe,5 gc,common,consistent,,https://mordheimer.net/docs/warbands/grade-1c-warbands/bretonnian-chapel-guard,Bowmen equipment list
mordheim,bretonnian-chapel-guard,Bretonnian Chapel Guard,bowmen-equipment-list,Bowmen equipment list,bow,Bow,10,,campaign.trading-post.bow,10 gc,common,consistent,,https://mordheimer.net/docs/warbands/grade-1c-warbands/bretonnian-chapel-guard,Bowmen equipment list
mordheim,bretonnian-chapel-guard,Bretonnian Chapel Guard,bowmen-equipment-list,Bowmen equipment list,dagger,Dagger,2,,campaign.trading-post.dagger,2 gc,common,consistent,,https://mordheimer.net/docs/warbands/grade-1c-warbands/bretonnian-chapel-guard,Bowmen equipment list
mordheim,bretonnian-chapel-guard,Bretonnian Chapel Guard,bowmen-equipment-list,Bowmen equipment list,hammer,Hammer,3,,campaign.trading-post.hammer,3 gc,common,consistent,,https://mordheimer.net/docs/warbands/grade-1c-warbands/bretonnian-chapel-guard,Bowmen equipment list
mordheim,bretonnian-chapel-guard,Bretonnian Chapel Guard,bowmen-equipment-list,Bowmen equipment list,helmet,Helmet,10,,campaign.trading-post.helmet,10 gc,common,consistent,,https://mordheimer.net/docs/warbands/grade-1c-warbands/bretonnian-chapel-guard,Bowmen equipment list
mordheim,bretonnian-chapel-guard,Bretonnian Chapel Guard,bowmen-equipment-list,Bowmen equipment list,horse_damsel_squire_only,Horse Damsel Squire Only,40,,campaign.trading-post.horse-damsel-squire-only,(not sold),not_sold,no-market,,https://mordheimer.net/docs/warbands/grade-1c-warbands/bretonnian-chapel-guard,Bowmen equipment list
mordheim,bretonnian-chapel-guard,Bretonnian Chapel Guard,bowmen-equipment-list,Bowmen equipment list,light_armour,Light Armour,20,,campaign.trading-post.light-armour,20 gc,common,consistent,,https://mordheimer.net/docs/warbands/grade-1c-warbands/bretonnian-chapel-guard,Bowmen equipment list
mordheim,bretonnian-chapel-guard,Bretonnian Chapel Guard,bowmen-equipment-list,Bowmen equipment list,long_bow,Long Bow,15,,campaign.trading-post.long-bow,15 gc,common,consistent,,https://mordheimer.net/docs/warbands/grade-1c-warbands/bretonnian-chapel-guard,Bowmen equipment list
mordheim,bretonnian-chapel-guard,Bretonnian Chapel Guard,bowmen-equipment-list,Bowmen equipment list,shortsword,Shortsword,7,,campaign.trading-post.shortsword,7 gc,common,consistent,,https://mordheimer.net/docs/warbands/grade-1c-warbands/bretonnian-chapel-guard,Bowmen equipment list
mordheim,bretonnian-chapel-guard,Bretonnian Chapel Guard,bowmen-equipment-list,Bowmen equipment list,spear,Spear,10,,campaign.trading-post.spear,10 gc,common,consistent,,https://mordheimer.net/docs/warbands/grade-1c-warbands/bretonnian-chapel-guard,Bowmen equipment list
mordheim,bretonnian-chapel-guard,Bretonnian Chapel Guard,knights-equipment-list,Knights Equipment List,barding,Barding,30,,campaign.trading-post.barding,80 gc,rare,differs,,https://mordheimer.net/docs/warbands/grade-1c-warbands/bretonnian-chapel-guard,Knights Equipment List
mordheim,bretonnian-chapel-guard,Bretonnian Chapel Guard,knights-equipment-list,Knights Equipment List,broadsword,Broadsword,15,,campaign.trading-post.broadsword,15 gc,common,consistent,,https://mordheimer.net/docs/warbands/grade-1c-warbands/bretonnian-chapel-guard,Knights Equipment List
mordheim,bretonnian-chapel-guard,Bretonnian Chapel Guard,knights-equipment-list,Knights Equipment List,dagger,Dagger,2,,campaign.trading-post.dagger,2 gc,common,consistent,,https://mordheimer.net/docs/warbands/grade-1c-warbands/bretonnian-chapel-guard,Knights Equipment List
mordheim,bretonnian-chapel-guard,Bretonnian Chapel Guard,knights-equipment-list,Knights Equipment List,flail,Flail,15,,campaign.trading-post.flail,15 gc,common,consistent,,https://mordheimer.net/docs/warbands/grade-1c-warbands/bretonnian-chapel-guard,Knights Equipment List
mordheim,bretonnian-chapel-guard,Bretonnian Chapel Guard,knights-equipment-list,Knights Equipment List,great_weapon,Great Weapon,15,,campaign.trading-post.great-weapon,(not sold),not_sold,no-market,,https://mordheimer.net/docs/warbands/grade-1c-warbands/bretonnian-chapel-guard,Knights Equipment List
mordheim,bretonnian-chapel-guard,Bretonnian Chapel Guard,knights-equipment-list,Knights Equipment List,heavy_armour,Heavy Armour,50,,campaign.trading-post.heavy-armour,50 gc,common,consistent,,https://mordheimer.net/docs/warbands/grade-1c-warbands/bretonnian-chapel-guard,Knights Equipment List
mordheim,bretonnian-chapel-guard,Bretonnian Chapel Guard,knights-equipment-list,Knights Equipment List,helmet,Helmet,10,,campaign.trading-post.helmet,10 gc,common,consistent,,https://mordheimer.net/docs/warbands/grade-1c-warbands/bretonnian-chapel-guard,Knights Equipment List
mordheim,bretonnian-chapel-guard,Bretonnian Chapel Guard,knights-equipment-list,Knights Equipment List,kite_shield,Kite Shield,10,,campaign.trading-post.kite-shield,10 gc,common,consistent,,https://mordheimer.net/docs/warbands/grade-1c-warbands/bretonnian-chapel-guard,Knights Equipment List
mordheim,bretonnian-chapel-guard,Bretonnian Chapel Guard,knights-equipment-list,Knights Equipment List,lance_not_questing_knight,Lance Not Questing Knight,20,,campaign.trading-post.lance-not-questing-knight,40 gc,rare,differs,,https://mordheimer.net/docs/warbands/grade-1c-warbands/bretonnian-chapel-guard,Knights Equipment List
mordheim,bretonnian-chapel-guard,Bretonnian Chapel Guard,knights-equipment-list,Knights Equipment List,light_armour,Light Armour,20,,campaign.trading-post.light-armour,20 gc,common,consistent,,https://mordheimer.net/docs/warbands/grade-1c-warbands/bretonnian-chapel-guard,Knights Equipment List
mordheim,bretonnian-chapel-guard,Bretonnian Chapel Guard,knights-equipment-list,Knights Equipment List,lucky_charm,Lucky Charm,10,,campaign.trading-post.lucky-charm,10 gc,rare,consistent,,https://mordheimer.net/docs/warbands/grade-1c-warbands/bretonnian-chapel-guard,Knights Equipment List
mordheim,bretonnian-chapel-guard,Bretonnian Chapel Guard,knights-equipment-list,Knights Equipment List,mace,Mace,3,,campaign.trading-post.mace,3 gc,common,consistent,,https://mordheimer.net/docs/warbands/grade-1c-warbands/bretonnian-chapel-guard,Knights Equipment List
mordheim,bretonnian-chapel-guard,Bretonnian Chapel Guard,knights-equipment-list,Knights Equipment List,morning_star,Morning Star,15,,campaign.trading-post.morning-star,15 gc,common,consistent,,https://mordheimer.net/docs/warbands/grade-1c-warbands/bretonnian-chapel-guard,Knights Equipment List
mordheim,bretonnian-chapel-guard,Bretonnian Chapel Guard,knights-equipment-list,Knights Equipment List,shield,Shield,5,,campaign.trading-post.shield,5 gc,common,consistent,,https://mordheimer.net/docs/warbands/grade-1c-warbands/bretonnian-chapel-guard,Knights Equipment List
mordheim,bretonnian-chapel-guard,Bretonnian Chapel Guard,knights-equipment-list,Knights Equipment List,spear,Spear,10,,campaign.trading-post.spear,10 gc,common,consistent,,https://mordheimer.net/docs/warbands/grade-1c-warbands/bretonnian-chapel-guard,Knights Equipment List
mordheim,bretonnian-chapel-guard,Bretonnian Chapel Guard,knights-equipment-list,Knights Equipment List,sword,Sword,10,,campaign.trading-post.sword,10 gc,common,consistent,,https://mordheimer.net/docs/warbands/grade-1c-warbands/bretonnian-chapel-guard,Knights Equipment List
mordheim,bretonnian-chapel-guard,Bretonnian Chapel Guard,knights-equipment-list,Knights Equipment List,warhorse,Warhorse,80,,campaign.trading-post.warhorse,80 gc,rare,consistent,,https://mordheimer.net/docs/warbands/grade-1c-warbands/bretonnian-chapel-guard,Knights Equipment List
mordheim,bretonnian-chapel-guard,Bretonnian Chapel Guard,pilgrims-equipment-list,Pilgrims’ equipment list,axe,Axe,5,,campaign.trading-post.axe,5 gc,common,consistent,,https://mordheimer.net/docs/warbands/grade-1c-warbands/bretonnian-chapel-guard,Pilgrims’ equipment list
mordheim,bretonnian-chapel-guard,Bretonnian Chapel Guard,pilgrims-equipment-list,Pilgrims’ equipment list,buckler,Buckler,5,,campaign.trading-post.buckler,5 gc,common,consistent,,https://mordheimer.net/docs/warbands/grade-1c-warbands/bretonnian-chapel-guard,Pilgrims’ equipment list
mordheim,bretonnian-chapel-guard,Bretonnian Chapel Guard,pilgrims-equipment-list,Pilgrims’ equipment list,dagger,Dagger,2,,campaign.trading-post.dagger,2 gc,common,consistent,,https://mordheimer.net/docs/warbands/grade-1c-warbands/bretonnian-chapel-guard,Pilgrims’ equipment list
mordheim,bretonnian-chapel-guard,Bretonnian Chapel Guard,pilgrims-equipment-list,Pilgrims’ equipment list,great_weapon,Great Weapon,15,,campaign.trading-post.great-weapon,(not sold),not_sold,no-market,,https://mordheimer.net/docs/warbands/grade-1c-warbands/bretonnian-chapel-guard,Pilgrims’ equipment list
mordheim,bretonnian-chapel-guard,Bretonnian Chapel Guard,pilgrims-equipment-list,Pilgrims’ equipment list,halberd,Halberd,10,,campaign.trading-post.halberd,10 gc,common,consistent,,https://mordheimer.net/docs/warbands/grade-1c-warbands/bretonnian-chapel-guard,Pilgrims’ equipment list
mordheim,bretonnian-chapel-guard,Bretonnian Chapel Guard,pilgrims-equipment-list,Pilgrims’ equipment list,helmet,Helmet,10,,campaign.trading-post.helmet,10 gc,common,consistent,,https://mordheimer.net/docs/warbands/grade-1c-warbands/bretonnian-chapel-guard,Pilgrims’ equipment list
mordheim,bretonnian-chapel-guard,Bretonnian Chapel Guard,pilgrims-equipment-list,Pilgrims’ equipment list,holy_relic_pilgrim_only,Holy Relic Pilgrim Only,25,,campaign.trading-post.holy-relic-pilgrim-only,15 gc + dice,rare,differs-special,,https://mordheimer.net/docs/warbands/grade-1c-warbands/bretonnian-chapel-guard,Pilgrims’ equipment list
mordheim,bretonnian-chapel-guard,Bretonnian Chapel Guard,pilgrims-equipment-list,Pilgrims’ equipment list,light_armour,Light Armour,20,,campaign.trading-post.light-armour,20 gc,common,consistent,,https://mordheimer.net/docs/warbands/grade-1c-warbands/bretonnian-chapel-guard,Pilgrims’ equipment list
mordheim,bretonnian-chapel-guard,Bretonnian Chapel Guard,pilgrims-equipment-list,Pilgrims’ equipment list,mace,Mace,3,,campaign.trading-post.mace,3 gc,common,consistent,,https://mordheimer.net/docs/warbands/grade-1c-warbands/bretonnian-chapel-guard,Pilgrims’ equipment list
mordheim,bretonnian-chapel-guard,Bretonnian Chapel Guard,pilgrims-equipment-list,Pilgrims’ equipment list,shield,Shield,5,,campaign.trading-post.shield,5 gc,common,consistent,,https://mordheimer.net/docs/warbands/grade-1c-warbands/bretonnian-chapel-guard,Pilgrims’ equipment list
mordheim,bretonnian-chapel-guard,Bretonnian Chapel Guard,pilgrims-equipment-list,Pilgrims’ equipment list,shortsword,Shortsword,7,,campaign.trading-post.shortsword,7 gc,common,consistent,,https://mordheimer.net/docs/warbands/grade-1c-warbands/bretonnian-chapel-guard,Pilgrims’ equipment list
mordheim,bretonnian-chapel-guard,Bretonnian Chapel Guard,pilgrims-equipment-list,Pilgrims’ equipment list,spear,Spear,10,,campaign.trading-post.spear,10 gc,common,consistent,,https://mordheimer.net/docs/warbands/grade-1c-warbands/bretonnian-chapel-guard,Pilgrims’ equipment list
mordheim,bretonnian-chapel-guard,Bretonnian Chapel Guard,pilgrims-equipment-list,Pilgrims’ equipment list,sword,Sword,10,,campaign.trading-post.sword,10 gc,common,consistent,,https://mordheimer.net/docs/warbands/grade-1c-warbands/bretonnian-chapel-guard,Pilgrims’ equipment list
mordheim,bretonnian-knights,Bretonnian Knights,bowmen-equipment-list,Bowmen Equipment List,axe,Axe,5,,campaign.trading-post.axe,5 gc,common,consistent,,https://mordheimer.net/docs/warbands/grade-1b-warbands/bretonnian,Bowmen Equipment List
mordheim,bretonnian-knights,Bretonnian Knights,bowmen-equipment-list,Bowmen Equipment List,bow,Bow,10,,campaign.trading-post.bow,10 gc,common,consistent,,https://mordheimer.net/docs/warbands/grade-1b-warbands/bretonnian,Bowmen Equipment List
mordheim,bretonnian-knights,Bretonnian Knights,bowmen-equipment-list,Bowmen Equipment List,dagger,Dagger,2,,campaign.trading-post.dagger,2 gc,common,consistent,,https://mordheimer.net/docs/warbands/grade-1b-warbands/bretonnian,Bowmen Equipment List
mordheim,bretonnian-knights,Bretonnian Knights,bowmen-equipment-list,Bowmen Equipment List,helmet,Helmet,10,,campaign.trading-post.helmet,10 gc,common,consistent,,https://mordheimer.net/docs/warbands/grade-1b-warbands/bretonnian,Bowmen Equipment List
mordheim,bretonnian-knights,Bretonnian Knights,bowmen-equipment-list,Bowmen Equipment List,light_armour,Light Armour,20,,campaign.trading-post.light-armour,20 gc,common,consistent,,https://mordheimer.net/docs/warbands/grade-1b-warbands/bretonnian,Bowmen Equipment List
mordheim,bretonnian-knights,Bretonnian Knights,bowmen-equipment-list,Bowmen Equipment List,long_bow,Long Bow,15,,campaign.trading-post.long-bow,15 gc,common,consistent,,https://mordheimer.net/docs/warbands/grade-1b-warbands/bretonnian,Bowmen Equipment List
mordheim,bretonnian-knights,Bretonnian Knights,bowmen-equipment-list,Bowmen Equipment List,sword,Sword,10,,campaign.trading-post.sword,10 gc,common,consistent,,https://mordheimer.net/docs/warbands/grade-1b-warbands/bretonnian,Bowmen Equipment List
mordheim,bretonnian-knights,Bretonnian Knights,knights-equipment-list,Knights Equipment List,axe,Axe,5,,campaign.trading-post.axe,5 gc,common,consistent,,https://mordheimer.net/docs/warbands/grade-1b-warbands/bretonnian,Knights Equipment List
mordheim,bretonnian-knights,Bretonnian Knights,knights-equipment-list,Knights Equipment List,bretonnian_barding,Bretonnian Barding,30,,campaign.trading-post.bretonnian-barding,30 gc,rare,consistent,,https://mordheimer.net/docs/warbands/grade-1b-warbands/bretonnian,Knights Equipment List
mordheim,bretonnian-knights,Bretonnian Knights,knights-equipment-list,Knights Equipment List,dagger,Dagger,2,,campaign.trading-post.dagger,2 gc,common,consistent,,https://mordheimer.net/docs/warbands/grade-1b-warbands/bretonnian,Knights Equipment List
mordheim,bretonnian-knights,Bretonnian Knights,knights-equipment-list,Knights Equipment List,great_weapon,Great Weapon,15,,campaign.trading-post.great-weapon,(not sold),not_sold,no-market,,https://mordheimer.net/docs/warbands/grade-1b-warbands/bretonnian,Knights Equipment List
mordheim,bretonnian-knights,Bretonnian Knights,knights-equipment-list,Knights Equipment List,heavy_armour,Heavy Armour,50,,campaign.trading-post.heavy-armour,50 gc,common,consistent,,https://mordheimer.net/docs/warbands/grade-1b-warbands/bretonnian,Knights Equipment List
mordheim,bretonnian-knights,Bretonnian Knights,knights-equipment-list,Knights Equipment List,helmet,Helmet,10,,campaign.trading-post.helmet,10 gc,common,consistent,,https://mordheimer.net/docs/warbands/grade-1b-warbands/bretonnian,Knights Equipment List
mordheim,bretonnian-knights,Bretonnian Knights,knights-equipment-list,Knights Equipment List,lance,Lance,20,,campaign.trading-post.lance,40 gc,rare,differs,,https://mordheimer.net/docs/warbands/grade-1b-warbands/bretonnian,Knights Equipment List
mordheim,bretonnian-knights,Bretonnian Knights,knights-equipment-list,Knights Equipment List,light_armour,Light Armour,20,,campaign.trading-post.light-armour,20 gc,common,consistent,,https://mordheimer.net/docs/warbands/grade-1b-warbands/bretonnian,Knights Equipment List
mordheim,bretonnian-knights,Bretonnian Knights,knights-equipment-list,Knights Equipment List,mace,Mace,3,,campaign.trading-post.mace,3 gc,common,consistent,,https://mordheimer.net/docs/warbands/grade-1b-warbands/bretonnian,Knights Equipment List
mordheim,bretonnian-knights,Bretonnian Knights,knights-equipment-list,Knights Equipment List,morning_star,Morning Star,15,,campaign.trading-post.morning-star,15 gc,common,consistent,,https://mordheimer.net/docs/warbands/grade-1b-warbands/bretonnian,Knights Equipment List
mordheim,bretonnian-knights,Bretonnian Knights,knights-equipment-list,Knights Equipment List,shield,Shield,5,,campaign.trading-post.shield,5 gc,common,consistent,,https://mordheimer.net/docs/warbands/grade-1b-warbands/bretonnian,Knights Equipment List
mordheim,bretonnian-knights,Bretonnian Knights,knights-equipment-list,Knights Equipment List,sword,Sword,10,,campaign.trading-post.sword,10 gc,common,consistent,,https://mordheimer.net/docs/warbands/grade-1b-warbands/bretonnian,Knights Equipment List
mordheim,bretonnian-knights,Bretonnian Knights,knights-equipment-list,Knights Equipment List,warhorse,Warhorse,80,,campaign.trading-post.warhorse,80 gc,rare,consistent,,https://mordheimer.net/docs/warbands/grade-1b-warbands/bretonnian,Knights Equipment List
mordheim,bretonnian-knights,Bretonnian Knights,men-at-arms-equipment-list,Men-at-Arms Equipment List,axe,Axe,5,,campaign.trading-post.axe,5 gc,common,consistent,,https://mordheimer.net/docs/warbands/grade-1b-warbands/bretonnian,Men-at-Arms Equipment List
mordheim,bretonnian-knights,Bretonnian Knights,men-at-arms-equipment-list,Men-at-Arms Equipment List,dagger,Dagger,2,,campaign.trading-post.dagger,2 gc,common,consistent,,https://mordheimer.net/docs/warbands/grade-1b-warbands/bretonnian,Men-at-Arms Equipment List
mordheim,bretonnian-knights,Bretonnian Knights,men-at-arms-equipment-list,Men-at-Arms Equipment List,great_weapon,Great Weapon,15,,campaign.trading-post.great-weapon,(not sold),not_sold,no-market,,https://mordheimer.net/docs/warbands/grade-1b-warbands/bretonnian,Men-at-Arms Equipment List
mordheim,bretonnian-knights,Bretonnian Knights,men-at-arms-equipment-list,Men-at-Arms Equipment List,halberd,Halberd,10,,campaign.trading-post.halberd,10 gc,common,consistent,,https://mordheimer.net/docs/warbands/grade-1b-warbands/bretonnian,Men-at-Arms Equipment List
mordheim,bretonnian-knights,Bretonnian Knights,men-at-arms-equipment-list,Men-at-Arms Equipment List,hammer,Hammer,3,,campaign.trading-post.hammer,3 gc,common,consistent,,https://mordheimer.net/docs/warbands/grade-1b-warbands/bretonnian,Men-at-Arms Equipment List
mordheim,bretonnian-knights,Bretonnian Knights,men-at-arms-equipment-list,Men-at-Arms Equipment List,helmet,Helmet,10,,campaign.trading-post.helmet,10 gc,common,consistent,,https://mordheimer.net/docs/warbands/grade-1b-warbands/bretonnian,Men-at-Arms Equipment List
mordheim,bretonnian-knights,Bretonnian Knights,men-at-arms-equipment-list,Men-at-Arms Equipment List,light_armour,Light Armour,20,,campaign.trading-post.light-armour,20 gc,common,consistent,,https://mordheimer.net/docs/warbands/grade-1b-warbands/bretonnian,Men-at-Arms Equipment List
mordheim,bretonnian-knights,Bretonnian Knights,men-at-arms-equipment-list,Men-at-Arms Equipment List,shield,Shield,5,,campaign.trading-post.shield,5 gc,common,consistent,,https://mordheimer.net/docs/warbands/grade-1b-warbands/bretonnian,Men-at-Arms Equipment List
mordheim,bretonnian-knights,Bretonnian Knights,men-at-arms-equipment-list,Men-at-Arms Equipment List,spear,Spear,10,,campaign.trading-post.spear,10 gc,common,consistent,,https://mordheimer.net/docs/warbands/grade-1b-warbands/bretonnian,Men-at-Arms Equipment List
mordheim,bretonnian-knights,Bretonnian Knights,men-at-arms-equipment-list,Men-at-Arms Equipment List,sword,Sword,10,,campaign.trading-post.sword,10 gc,common,consistent,,https://mordheimer.net/docs/warbands/grade-1b-warbands/bretonnian,Men-at-Arms Equipment List
mordheim,bretonnian-knights,Bretonnian Knights,squires-equipment-list,Squires Equipment List,axe,Axe,5,,campaign.trading-post.axe,5 gc,common,consistent,,https://mordheimer.net/docs/warbands/grade-1b-warbands/bretonnian,Squires Equipment List
mordheim,bretonnian-knights,Bretonnian Knights,squires-equipment-list,Squires Equipment List,bow,Bow,10,,campaign.trading-post.bow,10 gc,common,consistent,,https://mordheimer.net/docs/warbands/grade-1b-warbands/bretonnian,Squires Equipment List
mordheim,bretonnian-knights,Bretonnian Knights,squires-equipment-list,Squires Equipment List,buckler,Buckler,5,,campaign.trading-post.buckler,5 gc,common,consistent,,https://mordheimer.net/docs/warbands/grade-1b-warbands/bretonnian,Squires Equipment List
mordheim,bretonnian-knights,Bretonnian Knights,squires-equipment-list,Squires Equipment List,dagger,Dagger,2,,campaign.trading-post.dagger,2 gc,common,consistent,,https://mordheimer.net/docs/warbands/grade-1b-warbands/bretonnian,Squires Equipment List
mordheim,bretonnian-knights,Bretonnian Knights,squires-equipment-list,Squires Equipment List,hammer,Hammer,3,,campaign.trading-post.hammer,3 gc,common,consistent,,https://mordheimer.net/docs/warbands/grade-1b-warbands/bretonnian,Squires Equipment List
mordheim,bretonnian-knights,Bretonnian Knights,squires-equipment-list,Squires Equipment List,helmet,Helmet,10,,campaign.trading-post.helmet,10 gc,common,consistent,,https://mordheimer.net/docs/warbands/grade-1b-warbands/bretonnian,Squires Equipment List
mordheim,bretonnian-knights,Bretonnian Knights,squires-equipment-list,Squires Equipment List,horse,Horse,40,,campaign.trading-post.riding-draft-horse,40 gc,rare,consistent,,https://mordheimer.net/docs/warbands/grade-1b-warbands/bretonnian,Squires Equipment List
mordheim,bretonnian-knights,Bretonnian Knights,squires-equipment-list,Squires Equipment List,light_armour,Light Armour,20,,campaign.trading-post.light-armour,20 gc,common,consistent,,https://mordheimer.net/docs/warbands/grade-1b-warbands/bretonnian,Squires Equipment List
mordheim,bretonnian-knights,Bretonnian Knights,squires-equipment-list,Squires Equipment List,long_bow,Long Bow,15,,campaign.trading-post.long-bow,15 gc,common,consistent,,https://mordheimer.net/docs/warbands/grade-1b-warbands/bretonnian,Squires Equipment List
mordheim,bretonnian-knights,Bretonnian Knights,squires-equipment-list,Squires Equipment List,shield,Shield,5,,campaign.trading-post.shield,5 gc,common,consistent,,https://mordheimer.net/docs/warbands/grade-1b-warbands/bretonnian,Squires Equipment List
mordheim,bretonnian-knights,Bretonnian Knights,squires-equipment-list,Squires Equipment List,spear,Spear,10,,campaign.trading-post.spear,10 gc,common,consistent,,https://mordheimer.net/docs/warbands/grade-1b-warbands/bretonnian,Squires Equipment List
mordheim,bretonnian-knights,Bretonnian Knights,squires-equipment-list,Squires Equipment List,sword,Sword,10,,campaign.trading-post.sword,10 gc,common,consistent,,https://mordheimer.net/docs/warbands/grade-1b-warbands/bretonnian,Squires Equipment List
mordheim,carnival-of-chaos,Carnival of Chaos,brute-equipment-list,Brute equipment list,flail,Flail,10,,campaign.trading-post.flail,15 gc,common,creation-price,Verified on the Carnival of Chaos page: Brute list flail 10 gc is the printed creation-list price; no market-exception rule.,https://mordheimer.net/docs/warbands/grade-1a-warbands/carnival-of-chaos,Brute equipment list
mordheim,carnival-of-chaos,Carnival of Chaos,brute-equipment-list,Brute equipment list,great_weapon,Great Weapon,15,,campaign.trading-post.great-weapon,(not sold),not_sold,no-market,,https://mordheimer.net/docs/warbands/grade-1a-warbands/carnival-of-chaos,Brute equipment list
mordheim,carnival-of-chaos,Carnival of Chaos,carnival-equipment-lists,Carnival equipment lists,axe,Axe,5,,campaign.trading-post.axe,5 gc,common,consistent,,https://mordheimer.net/docs/warbands/grade-1a-warbands/carnival-of-chaos,Carnival equipment lists
mordheim,carnival-of-chaos,Carnival of Chaos,carnival-equipment-lists,Carnival equipment lists,bow,Bow,15,,campaign.trading-post.bow,10 gc,common,creation-price,Verified on the Carnival of Chaos page: bow 15 gc is the printed creation-list price; no market-exception rule.,https://mordheimer.net/docs/warbands/grade-1a-warbands/carnival-of-chaos,Carnival equipment lists
mordheim,carnival-of-chaos,Carnival of Chaos,carnival-equipment-lists,Carnival equipment lists,dagger,Dagger,2,,campaign.trading-post.dagger,2 gc,common,consistent,,https://mordheimer.net/docs/warbands/grade-1a-warbands/carnival-of-chaos,Carnival equipment lists
mordheim,carnival-of-chaos,Carnival of Chaos,carnival-equipment-lists,Carnival equipment lists,great_weapon,Great Weapon,15,,campaign.trading-post.great-weapon,(not sold),not_sold,no-market,,https://mordheimer.net/docs/warbands/grade-1a-warbands/carnival-of-chaos,Carnival equipment lists
mordheim,carnival-of-chaos,Carnival of Chaos,carnival-equipment-lists,Carnival equipment lists,halberd,Halberd,10,,campaign.trading-post.halberd,10 gc,common,consistent,,https://mordheimer.net/docs/warbands/grade-1a-warbands/carnival-of-chaos,Carnival equipment lists
mordheim,carnival-of-chaos,Carnival of Chaos,carnival-equipment-lists,Carnival equipment lists,hammer,Hammer,3,,campaign.trading-post.hammer,3 gc,common,consistent,,https://mordheimer.net/docs/warbands/grade-1a-warbands/carnival-of-chaos,Carnival equipment lists
mordheim,carnival-of-chaos,Carnival of Chaos,carnival-equipment-lists,Carnival equipment lists,heavy_armour,Heavy Armour,50,,campaign.trading-post.heavy-armour,50 gc,common,consistent,,https://mordheimer.net/docs/warbands/grade-1a-warbands/carnival-of-chaos,Carnival equipment lists
mordheim,carnival-of-chaos,Carnival of Chaos,carnival-equipment-lists,Carnival equipment lists,helmet,Helmet,10,,campaign.trading-post.helmet,10 gc,common,consistent,,https://mordheimer.net/docs/warbands/grade-1a-warbands/carnival-of-chaos,Carnival equipment lists
mordheim,carnival-of-chaos,Carnival of Chaos,carnival-equipment-lists,Carnival equipment lists,light_armour,Light Armour,20,,campaign.trading-post.light-armour,20 gc,common,consistent,,https://mordheimer.net/docs/warbands/grade-1a-warbands/carnival-of-chaos,Carnival equipment lists
mordheim,carnival-of-chaos,Carnival of Chaos,carnival-equipment-lists,Carnival equipment lists,mace,Mace,3,,campaign.trading-post.mace,3 gc,common,consistent,,https://mordheimer.net/docs/warbands/grade-1a-warbands/carnival-of-chaos,Carnival equipment lists
mordheim,carnival-of-chaos,Carnival of Chaos,carnival-equipment-lists,Carnival equipment lists,morning_star,Morning Star,15,,campaign.trading-post.morning-star,15 gc,common,consistent,,https://mordheimer.net/docs/warbands/grade-1a-warbands/carnival-of-chaos,Carnival equipment lists
mordheim,carnival-of-chaos,Carnival of Chaos,carnival-equipment-lists,Carnival equipment lists,pistol,Pistol,15,,campaign.trading-post.pistol,15 gc,rare,consistent,,https://mordheimer.net/docs/warbands/grade-1a-warbands/carnival-of-chaos,Carnival equipment lists
mordheim,carnival-of-chaos,Carnival of Chaos,carnival-equipment-lists,Carnival equipment lists,shield,Shield,5,,campaign.trading-post.shield,5 gc,common,consistent,,https://mordheimer.net/docs/warbands/grade-1a-warbands/carnival-of-chaos,Carnival equipment lists
mordheim,carnival-of-chaos,Carnival of Chaos,carnival-equipment-lists,Carnival equipment lists,short_bow,Short Bow,10,,campaign.trading-post.short-bow,5 gc,common,creation-price,Verified on the Carnival of Chaos page: short bow 10 gc is the printed creation-list price; no market-exception rule.,https://mordheimer.net/docs/warbands/grade-1a-warbands/carnival-of-chaos,Carnival equipment lists
mordheim,carnival-of-chaos,Carnival of Chaos,carnival-equipment-lists,Carnival equipment lists,spear,Spear,10,,campaign.trading-post.spear,10 gc,common,consistent,,https://mordheimer.net/docs/warbands/grade-1a-warbands/carnival-of-chaos,Carnival equipment lists
mordheim,carnival-of-chaos,Carnival of Chaos,carnival-equipment-lists,Carnival equipment lists,sword,Sword,10,,campaign.trading-post.sword,10 gc,common,consistent,,https://mordheimer.net/docs/warbands/grade-1a-warbands/carnival-of-chaos,Carnival equipment lists
mordheim,cult-of-the-possessed,Cult of the Possessed,darksouls-equipment-list,Darksouls equipment list,axe,Axe,5,,campaign.trading-post.axe,5 gc,common,consistent,,https://mordheimer.net/docs/warbands/grade-1a-warbands/cult-of-the-possessed,Darksouls equipment list
mordheim,cult-of-the-possessed,Cult of the Possessed,darksouls-equipment-list,Darksouls equipment list,dagger,Dagger,2,,campaign.trading-post.dagger,2 gc,common,consistent,,https://mordheimer.net/docs/warbands/grade-1a-warbands/cult-of-the-possessed,Darksouls equipment list
mordheim,cult-of-the-possessed,Cult of the Possessed,darksouls-equipment-list,Darksouls equipment list,flail,Flail,15,,campaign.trading-post.flail,15 gc,common,consistent,,https://mordheimer.net/docs/warbands/grade-1a-warbands/cult-of-the-possessed,Darksouls equipment list
mordheim,cult-of-the-possessed,Cult of the Possessed,darksouls-equipment-list,Darksouls equipment list,great_weapon,Great Weapon,15,,campaign.trading-post.great-weapon,(not sold),not_sold,no-market,,https://mordheimer.net/docs/warbands/grade-1a-warbands/cult-of-the-possessed,Darksouls equipment list
mordheim,cult-of-the-possessed,Cult of the Possessed,darksouls-equipment-list,Darksouls equipment list,hammer,Hammer,3,,campaign.trading-post.hammer,3 gc,common,consistent,,https://mordheimer.net/docs/warbands/grade-1a-warbands/cult-of-the-possessed,Darksouls equipment list
mordheim,cult-of-the-possessed,Cult of the Possessed,darksouls-equipment-list,Darksouls equipment list,heavy_armour,Heavy Armour,50,,campaign.trading-post.heavy-armour,50 gc,common,consistent,,https://mordheimer.net/docs/warbands/grade-1a-warbands/cult-of-the-possessed,Darksouls equipment list
mordheim,cult-of-the-possessed,Cult of the Possessed,darksouls-equipment-list,Darksouls equipment list,helmet,Helmet,10,,campaign.trading-post.helmet,10 gc,common,consistent,,https://mordheimer.net/docs/warbands/grade-1a-warbands/cult-of-the-possessed,Darksouls equipment list
mordheim,cult-of-the-possessed,Cult of the Possessed,darksouls-equipment-list,Darksouls equipment list,light_armour,Light Armour,20,,campaign.trading-post.light-armour,20 gc,common,consistent,,https://mordheimer.net/docs/warbands/grade-1a-warbands/cult-of-the-possessed,Darksouls equipment list
mordheim,cult-of-the-possessed,Cult of the Possessed,darksouls-equipment-list,Darksouls equipment list,mace,Mace,3,,campaign.trading-post.mace,3 gc,common,consistent,,https://mordheimer.net/docs/warbands/grade-1a-warbands/cult-of-the-possessed,Darksouls equipment list
mordheim,cult-of-the-possessed,Cult of the Possessed,darksouls-equipment-list,Darksouls equipment list,shield,Shield,5,,campaign.trading-post.shield,5 gc,common,consistent,,https://mordheimer.net/docs/warbands/grade-1a-warbands/cult-of-the-possessed,Darksouls equipment list
mordheim,cult-of-the-possessed,Cult of the Possessed,darksouls-equipment-list,Darksouls equipment list,sword,Sword,10,,campaign.trading-post.sword,10 gc,common,consistent,,https://mordheimer.net/docs/warbands/grade-1a-warbands/cult-of-the-possessed,Darksouls equipment list
mordheim,cult-of-the-possessed,Cult of the Possessed,possessed-equipment-lists,Possessed equipment lists,axe,Axe,5,,campaign.trading-post.axe,5 gc,common,consistent,,https://mordheimer.net/docs/warbands/grade-1a-warbands/cult-of-the-possessed,Possessed equipment lists
mordheim,cult-of-the-possessed,Cult of the Possessed,possessed-equipment-lists,Possessed equipment lists,bow,Bow,15,,campaign.trading-post.bow,10 gc,common,creation-price,Verified on the Cult of the Possessed page: bow 15 gc is the printed creation-list price; no market-exception rule.,https://mordheimer.net/docs/warbands/grade-1a-warbands/cult-of-the-possessed,Possessed equipment lists
mordheim,cult-of-the-possessed,Cult of the Possessed,possessed-equipment-lists,Possessed equipment lists,dagger,Dagger,2,,campaign.trading-post.dagger,2 gc,common,consistent,,https://mordheimer.net/docs/warbands/grade-1a-warbands/cult-of-the-possessed,Possessed equipment lists
mordheim,cult-of-the-possessed,Cult of the Possessed,possessed-equipment-lists,Possessed equipment lists,great_weapon,Great Weapon,15,,campaign.trading-post.great-weapon,(not sold),not_sold,no-market,,https://mordheimer.net/docs/warbands/grade-1a-warbands/cult-of-the-possessed,Possessed equipment lists
mordheim,cult-of-the-possessed,Cult of the Possessed,possessed-equipment-lists,Possessed equipment lists,hammer,Hammer,3,,campaign.trading-post.hammer,3 gc,common,consistent,,https://mordheimer.net/docs/warbands/grade-1a-warbands/cult-of-the-possessed,Possessed equipment lists
mordheim,cult-of-the-possessed,Cult of the Possessed,possessed-equipment-lists,Possessed equipment lists,heavy_armour,Heavy Armour,50,,campaign.trading-post.heavy-armour,50 gc,common,consistent,,https://mordheimer.net/docs/warbands/grade-1a-warbands/cult-of-the-possessed,Possessed equipment lists
mordheim,cult-of-the-possessed,Cult of the Possessed,possessed-equipment-lists,Possessed equipment lists,helmet,Helmet,10,,campaign.trading-post.helmet,10 gc,common,consistent,,https://mordheimer.net/docs/warbands/grade-1a-warbands/cult-of-the-possessed,Possessed equipment lists
mordheim,cult-of-the-possessed,Cult of the Possessed,possessed-equipment-lists,Possessed equipment lists,light_armour,Light Armour,20,,campaign.trading-post.light-armour,20 gc,common,consistent,,https://mordheimer.net/docs/warbands/grade-1a-warbands/cult-of-the-possessed,Possessed equipment lists
mordheim,cult-of-the-possessed,Cult of the Possessed,possessed-equipment-lists,Possessed equipment lists,mace,Mace,3,,campaign.trading-post.mace,3 gc,common,consistent,,https://mordheimer.net/docs/warbands/grade-1a-warbands/cult-of-the-possessed,Possessed equipment lists
mordheim,cult-of-the-possessed,Cult of the Possessed,possessed-equipment-lists,Possessed equipment lists,shield,Shield,5,,campaign.trading-post.shield,5 gc,common,consistent,,https://mordheimer.net/docs/warbands/grade-1a-warbands/cult-of-the-possessed,Possessed equipment lists
mordheim,cult-of-the-possessed,Cult of the Possessed,possessed-equipment-lists,Possessed equipment lists,short_bow,Short Bow,10,,campaign.trading-post.short-bow,5 gc,common,creation-price,Verified on the Cult of the Possessed page: short bow 10 gc is the printed creation-list price; no market-exception rule.,https://mordheimer.net/docs/warbands/grade-1a-warbands/cult-of-the-possessed,Possessed equipment lists
mordheim,cult-of-the-possessed,Cult of the Possessed,possessed-equipment-lists,Possessed equipment lists,spear,Spear,10,,campaign.trading-post.spear,10 gc,common,consistent,,https://mordheimer.net/docs/warbands/grade-1a-warbands/cult-of-the-possessed,Possessed equipment lists
mordheim,cult-of-the-possessed,Cult of the Possessed,possessed-equipment-lists,Possessed equipment lists,sword,Sword,10,,campaign.trading-post.sword,10 gc,common,consistent,,https://mordheimer.net/docs/warbands/grade-1a-warbands/cult-of-the-possessed,Possessed equipment lists
mordheim,cursed-cavalcade,The Cursed Cavalcade,heroes-equipment-list,Heroes Equipment List,bird_of_prey_aristocrat_only,Bird Of Prey Aristocrat Only,30,,campaign.trading-post.bird-of-prey-aristocrat-only,(not sold),not_sold,no-market,,https://mordheimer.net/docs/warbands/grade-1c-warbands/cursed-cavalcade,Heroes Equipment List
mordheim,cursed-cavalcade,The Cursed Cavalcade,heroes-equipment-list,Heroes Equipment List,blunderbuss_one_per_warband,Blunderbuss One Per Warband,30,,campaign.trading-post.blunderbuss-one-per-warband,30 gc,rare,consistent,,https://mordheimer.net/docs/warbands/grade-1c-warbands/cursed-cavalcade,Heroes Equipment List
mordheim,cursed-cavalcade,The Cursed Cavalcade,heroes-equipment-list,Heroes Equipment List,boar_spear_aristocrat_only,Boar Spear Aristocrat Only,30,,campaign.trading-post.boar-spear-aristocrat-only,(not sold),not_sold,no-market,,https://mordheimer.net/docs/warbands/grade-1c-warbands/cursed-cavalcade,Heroes Equipment List
mordheim,cursed-cavalcade,The Cursed Cavalcade,heroes-equipment-list,Heroes Equipment List,buckler,Buckler,5,,campaign.trading-post.buckler,5 gc,common,consistent,,https://mordheimer.net/docs/warbands/grade-1c-warbands/cursed-cavalcade,Heroes Equipment List
mordheim,cursed-cavalcade,The Cursed Cavalcade,heroes-equipment-list,Heroes Equipment List,cathayan_quilted_silk_armour,Cathayan Quilted Silk Armour,15,,campaign.trading-post.cathayan-quilted-silk-armour,(not sold),not_sold,no-market,,https://mordheimer.net/docs/warbands/grade-1c-warbands/cursed-cavalcade,Heroes Equipment List
mordheim,cursed-cavalcade,The Cursed Cavalcade,heroes-equipment-list,Heroes Equipment List,dagger,Dagger,2,,campaign.trading-post.dagger,2 gc,common,consistent,,https://mordheimer.net/docs/warbands/grade-1c-warbands/cursed-cavalcade,Heroes Equipment List
mordheim,cursed-cavalcade,The Cursed Cavalcade,heroes-equipment-list,Heroes Equipment List,duelling_pistol,Duelling Pistol,25,,campaign.trading-post.duelling-pistol,30 gc,rare,differs,,https://mordheimer.net/docs/warbands/grade-1c-warbands/cursed-cavalcade,Heroes Equipment List
mordheim,cursed-cavalcade,The Cursed Cavalcade,heroes-equipment-list,Heroes Equipment List,great_weapon,Great Weapon,15,,campaign.trading-post.great-weapon,(not sold),not_sold,no-market,,https://mordheimer.net/docs/warbands/grade-1c-warbands/cursed-cavalcade,Heroes Equipment List
mordheim,cursed-cavalcade,The Cursed Cavalcade,heroes-equipment-list,Heroes Equipment List,hammer,Hammer,3,,campaign.trading-post.hammer,3 gc,common,consistent,,https://mordheimer.net/docs/warbands/grade-1c-warbands/cursed-cavalcade,Heroes Equipment List
mordheim,cursed-cavalcade,The Cursed Cavalcade,heroes-equipment-list,Heroes Equipment List,heavy_armour,Heavy Armour,50,,campaign.trading-post.heavy-armour,50 gc,common,consistent,,https://mordheimer.net/docs/warbands/grade-1c-warbands/cursed-cavalcade,Heroes Equipment List
mordheim,cursed-cavalcade,The Cursed Cavalcade,heroes-equipment-list,Heroes Equipment List,helmet,Helmet,10,,campaign.trading-post.helmet,10 gc,common,consistent,,https://mordheimer.net/docs/warbands/grade-1c-warbands/cursed-cavalcade,Heroes Equipment List
mordheim,cursed-cavalcade,The Cursed Cavalcade,heroes-equipment-list,Heroes Equipment List,hunting_rifle,Hunting Rifle,200,,campaign.trading-post.hunting-rifle,200 gc,rare,consistent,,https://mordheimer.net/docs/warbands/grade-1c-warbands/cursed-cavalcade,Heroes Equipment List
mordheim,cursed-cavalcade,The Cursed Cavalcade,heroes-equipment-list,Heroes Equipment List,lance,Lance,20,,campaign.trading-post.lance,40 gc,rare,differs,,https://mordheimer.net/docs/warbands/grade-1c-warbands/cursed-cavalcade,Heroes Equipment List
mordheim,cursed-cavalcade,The Cursed Cavalcade,heroes-equipment-list,Heroes Equipment List,light_armour,Light Armour,20,,campaign.trading-post.light-armour,20 gc,common,consistent,,https://mordheimer.net/docs/warbands/grade-1c-warbands/cursed-cavalcade,Heroes Equipment List
mordheim,cursed-cavalcade,The Cursed Cavalcade,heroes-equipment-list,Heroes Equipment List,long_bow,Long Bow,15,,campaign.trading-post.long-bow,15 gc,common,consistent,,https://mordheimer.net/docs/warbands/grade-1c-warbands/cursed-cavalcade,Heroes Equipment List
mordheim,cursed-cavalcade,The Cursed Cavalcade,heroes-equipment-list,Heroes Equipment List,misericordia,Misericordia,5,,campaign.trading-post.misericordia,10 gc,common,differs,,https://mordheimer.net/docs/warbands/grade-1c-warbands/cursed-cavalcade,Heroes Equipment List
mordheim,cursed-cavalcade,The Cursed Cavalcade,heroes-equipment-list,Heroes Equipment List,nightmare_aristocrat_only,Nightmare Aristocrat Only,30,,campaign.trading-post.nightmare-aristocrat-only,(not sold),not_sold,no-market,,https://mordheimer.net/docs/warbands/grade-1c-warbands/cursed-cavalcade,Heroes Equipment List
mordheim,cursed-cavalcade,The Cursed Cavalcade,heroes-equipment-list,Heroes Equipment List,shield,Shield,5,,campaign.trading-post.shield,5 gc,common,consistent,,https://mordheimer.net/docs/warbands/grade-1c-warbands/cursed-cavalcade,Heroes Equipment List
mordheim,cursed-cavalcade,The Cursed Cavalcade,heroes-equipment-list,Heroes Equipment List,superior_blackpowder,Superior Blackpowder,30,,campaign.trading-post.superior-blackpowder,30 gc,rare,consistent,,https://mordheimer.net/docs/warbands/grade-1c-warbands/cursed-cavalcade,Heroes Equipment List
mordheim,cursed-cavalcade,The Cursed Cavalcade,heroes-equipment-list,Heroes Equipment List,sword,Sword,10,,campaign.trading-post.sword,10 gc,common,consistent,,https://mordheimer.net/docs/warbands/grade-1c-warbands/cursed-cavalcade,Heroes Equipment List
mordheim,cursed-cavalcade,The Cursed Cavalcade,thralls-equipment-list,Thralls Equipment List,axe,Axe,5,,campaign.trading-post.axe,5 gc,common,consistent,,https://mordheimer.net/docs/warbands/grade-1c-warbands/cursed-cavalcade,Thralls Equipment List
mordheim,cursed-cavalcade,The Cursed Cavalcade,thralls-equipment-list,Thralls Equipment List,bow,Bow,10,,campaign.trading-post.bow,10 gc,common,consistent,,https://mordheimer.net/docs/warbands/grade-1c-warbands/cursed-cavalcade,Thralls Equipment List
mordheim,cursed-cavalcade,The Cursed Cavalcade,thralls-equipment-list,Thralls Equipment List,crossbow_max_3_per_warband,Crossbow Max 3 Per Warband,25,,campaign.trading-post.crossbow-max-3-per-warband,25 gc,common,consistent,,https://mordheimer.net/docs/warbands/grade-1c-warbands/cursed-cavalcade,Thralls Equipment List
mordheim,cursed-cavalcade,The Cursed Cavalcade,thralls-equipment-list,Thralls Equipment List,dagger,Dagger,2,,campaign.trading-post.dagger,2 gc,common,consistent,,https://mordheimer.net/docs/warbands/grade-1c-warbands/cursed-cavalcade,Thralls Equipment List
mordheim,cursed-cavalcade,The Cursed Cavalcade,thralls-equipment-list,Thralls Equipment List,great_weapon,Great Weapon,15,,campaign.trading-post.great-weapon,(not sold),not_sold,no-market,,https://mordheimer.net/docs/warbands/grade-1c-warbands/cursed-cavalcade,Thralls Equipment List
mordheim,cursed-cavalcade,The Cursed Cavalcade,thralls-equipment-list,Thralls Equipment List,hammer,Hammer,3,,campaign.trading-post.hammer,3 gc,common,consistent,,https://mordheimer.net/docs/warbands/grade-1c-warbands/cursed-cavalcade,Thralls Equipment List
mordheim,cursed-cavalcade,The Cursed Cavalcade,thralls-equipment-list,Thralls Equipment List,helmet,Helmet,10,,campaign.trading-post.helmet,10 gc,common,consistent,,https://mordheimer.net/docs/warbands/grade-1c-warbands/cursed-cavalcade,Thralls Equipment List
mordheim,cursed-cavalcade,The Cursed Cavalcade,thralls-equipment-list,Thralls Equipment List,light_armour,Light Armour,20,,campaign.trading-post.light-armour,20 gc,common,consistent,,https://mordheimer.net/docs/warbands/grade-1c-warbands/cursed-cavalcade,Thralls Equipment List
mordheim,cursed-cavalcade,The Cursed Cavalcade,thralls-equipment-list,Thralls Equipment List,mace,Mace,3,,campaign.trading-post.mace,3 gc,common,consistent,,https://mordheimer.net/docs/warbands/grade-1c-warbands/cursed-cavalcade,Thralls Equipment List
mordheim,cursed-cavalcade,The Cursed Cavalcade,thralls-equipment-list,Thralls Equipment List,shield,Shield,5,,campaign.trading-post.shield,5 gc,common,consistent,,https://mordheimer.net/docs/warbands/grade-1c-warbands/cursed-cavalcade,Thralls Equipment List
mordheim,cursed-cavalcade,The Cursed Cavalcade,thralls-equipment-list,Thralls Equipment List,short_bow,Short Bow,5,,campaign.trading-post.short-bow,5 gc,common,consistent,,https://mordheimer.net/docs/warbands/grade-1c-warbands/cursed-cavalcade,Thralls Equipment List
mordheim,cursed-cavalcade,The Cursed Cavalcade,thralls-equipment-list,Thralls Equipment List,spear,Spear,10,,campaign.trading-post.spear,10 gc,common,consistent,,https://mordheimer.net/docs/warbands/grade-1c-warbands/cursed-cavalcade,Thralls Equipment List
mordheim,cursed-cavalcade,The Cursed Cavalcade,thralls-equipment-list,Thralls Equipment List,sword,Sword,10,,campaign.trading-post.sword,10 gc,common,consistent,,https://mordheimer.net/docs/warbands/grade-1c-warbands/cursed-cavalcade,Thralls Equipment List
mordheim,dark-elves,Dark Elves,dark-elf-equipment-list,Dark Elf Equipment List,axe,Axe,5,,campaign.trading-post.axe,5 gc,common,consistent,,https://mordheimer.net/docs/warbands/grade-1b-warbands/dark-elves,Dark Elf Equipment List
mordheim,dark-elves,Dark Elves,dark-elf-equipment-list,Dark Elf Equipment List,beastlash,Beastlash,10,,campaign.trading-post.beastlash,10 gc + dice,rare,consistent-special,,https://mordheimer.net/docs/warbands/grade-1b-warbands/dark-elves,Dark Elf Equipment List
mordheim,dark-elves,Dark Elves,dark-elf-equipment-list,Dark Elf Equipment List,buckler,Buckler,5,,campaign.trading-post.buckler,5 gc,common,consistent,,https://mordheimer.net/docs/warbands/grade-1b-warbands/dark-elves,Dark Elf Equipment List
mordheim,dark-elves,Dark Elves,dark-elf-equipment-list,Dark Elf Equipment List,crossbow_pistol,Crossbow Pistol,35,,campaign.trading-post.crossbow-pistol,35 gc,rare,consistent,,https://mordheimer.net/docs/warbands/grade-1b-warbands/dark-elves,Dark Elf Equipment List
mordheim,dark-elves,Dark Elves,dark-elf-equipment-list,Dark Elf Equipment List,dagger,Dagger,2,,campaign.trading-post.dagger,2 gc,common,consistent,,https://mordheimer.net/docs/warbands/grade-1b-warbands/dark-elves,Dark Elf Equipment List
mordheim,dark-elves,Dark Elves,dark-elf-equipment-list,Dark Elf Equipment List,dark_elf_blade_weapon_upgrade,Dark Elf Blade Weapon Upgrade,15,,campaign.trading-post.dark-elf-blade,20 gc,rare,differs,,https://mordheimer.net/docs/warbands/grade-1b-warbands/dark-elves,Dark Elf Equipment List
mordheim,dark-elves,Dark Elves,dark-elf-equipment-list,Dark Elf Equipment List,dark_venom,Dark Venom,15,,campaign.trading-post.dark-venom,30 gc + dice,rare,differs-special,,https://mordheimer.net/docs/warbands/grade-1b-warbands/dark-elves,Dark Elf Equipment List
mordheim,dark-elves,Dark Elves,dark-elf-equipment-list,Dark Elf Equipment List,great_weapon,Great Weapon,15,,campaign.trading-post.great-weapon,(not sold),not_sold,no-market,,https://mordheimer.net/docs/warbands/grade-1b-warbands/dark-elves,Dark Elf Equipment List
mordheim,dark-elves,Dark Elves,dark-elf-equipment-list,Dark Elf Equipment List,halberd,Halberd,10,,campaign.trading-post.halberd,10 gc,common,consistent,,https://mordheimer.net/docs/warbands/grade-1b-warbands/dark-elves,Dark Elf Equipment List
mordheim,dark-elves,Dark Elves,dark-elf-equipment-list,Dark Elf Equipment List,helmet,Helmet,10,,campaign.trading-post.helmet,10 gc,common,consistent,,https://mordheimer.net/docs/warbands/grade-1b-warbands/dark-elves,Dark Elf Equipment List
mordheim,dark-elves,Dark Elves,dark-elf-equipment-list,Dark Elf Equipment List,light_armour,Light Armour,20,,campaign.trading-post.light-armour,20 gc,common,consistent,,https://mordheimer.net/docs/warbands/grade-1b-warbands/dark-elves,Dark Elf Equipment List
mordheim,dark-elves,Dark Elves,dark-elf-equipment-list,Dark Elf Equipment List,repeater_crossbow,Repeater Crossbow,35,,campaign.trading-post.repeater-crossbow,40 gc,rare,differs,,https://mordheimer.net/docs/warbands/grade-1b-warbands/dark-elves,Dark Elf Equipment List
mordheim,dark-elves,Dark Elves,dark-elf-equipment-list,Dark Elf Equipment List,sea_dragon_cloak,Sea Dragon Cloak,50,,campaign.trading-post.sea-dragon-cloak,50 gc + dice,rare,consistent-special,,https://mordheimer.net/docs/warbands/grade-1b-warbands/dark-elves,Dark Elf Equipment List
mordheim,dark-elves,Dark Elves,dark-elf-equipment-list,Dark Elf Equipment List,shield,Shield,5,,campaign.trading-post.shield,5 gc,common,consistent,,https://mordheimer.net/docs/warbands/grade-1b-warbands/dark-elves,Dark Elf Equipment List
mordheim,dark-elves,Dark Elves,dark-elf-equipment-list,Dark Elf Equipment List,spear,Spear,10,,campaign.trading-post.spear,10 gc,common,consistent,,https://mordheimer.net/docs/warbands/grade-1b-warbands/dark-elves,Dark Elf Equipment List
mordheim,dark-elves,Dark Elves,dark-elf-equipment-list,Dark Elf Equipment List,sword,Sword,10,,campaign.trading-post.sword,10 gc,common,consistent,,https://mordheimer.net/docs/warbands/grade-1b-warbands/dark-elves,Dark Elf Equipment List
mordheim,dark-elves,Dark Elves,shades-equipment-list,Shades Equipment List,axe,Axe,5,,campaign.trading-post.axe,5 gc,common,consistent,,https://mordheimer.net/docs/warbands/grade-1b-warbands/dark-elves,Shades Equipment List
mordheim,dark-elves,Dark Elves,shades-equipment-list,Shades Equipment List,dagger,Dagger,2,,campaign.trading-post.dagger,2 gc,common,consistent,,https://mordheimer.net/docs/warbands/grade-1b-warbands/dark-elves,Shades Equipment List
mordheim,dark-elves,Dark Elves,shades-equipment-list,Shades Equipment List,helmet,Helmet,10,,campaign.trading-post.helmet,10 gc,common,consistent,,https://mordheimer.net/docs/warbands/grade-1b-warbands/dark-elves,Shades Equipment List
mordheim,dark-elves,Dark Elves,shades-equipment-list,Shades Equipment List,light_armour,Light Armour,20,,campaign.trading-post.light-armour,20 gc,common,consistent,,https://mordheimer.net/docs/warbands/grade-1b-warbands/dark-elves,Shades Equipment List
mordheim,dark-elves,Dark Elves,shades-equipment-list,Shades Equipment List,repeater_crossbow,Repeater Crossbow,35,,campaign.trading-post.repeater-crossbow,40 gc,rare,differs,,https://mordheimer.net/docs/warbands/grade-1b-warbands/dark-elves,Shades Equipment List
mordheim,dark-elves,Dark Elves,shades-equipment-list,Shades Equipment List,sword,Sword,10,,campaign.trading-post.sword,10 gc,common,consistent,,https://mordheimer.net/docs/warbands/grade-1b-warbands/dark-elves,Shades Equipment List
mordheim,dwarf-rangers,Dwarf Rangers,crossbowmen-equipment-list,Crossbowmen Equipment List,axe,Axe,5,,campaign.trading-post.axe,5 gc,common,consistent,,https://mordheimer.net/docs/warbands/grade-1b-warbands/dwarf-rangers,Crossbowmen Equipment List
mordheim,dwarf-rangers,Dwarf Rangers,crossbowmen-equipment-list,Crossbowmen Equipment List,crossbow,Crossbow,25,,campaign.trading-post.crossbow,25 gc,common,consistent,,https://mordheimer.net/docs/warbands/grade-1b-warbands/dwarf-rangers,Crossbowmen Equipment List
mordheim,dwarf-rangers,Dwarf Rangers,crossbowmen-equipment-list,Crossbowmen Equipment List,dagger,Dagger,2,,campaign.trading-post.dagger,2 gc,common,consistent,,https://mordheimer.net/docs/warbands/grade-1b-warbands/dwarf-rangers,Crossbowmen Equipment List
mordheim,dwarf-rangers,Dwarf Rangers,crossbowmen-equipment-list,Crossbowmen Equipment List,hammer,Hammer,3,,campaign.trading-post.hammer,3 gc,common,consistent,,https://mordheimer.net/docs/warbands/grade-1b-warbands/dwarf-rangers,Crossbowmen Equipment List
mordheim,dwarf-rangers,Dwarf Rangers,crossbowmen-equipment-list,Crossbowmen Equipment List,heavy_armour,Heavy Armour,50,,campaign.trading-post.heavy-armour,50 gc,common,consistent,,https://mordheimer.net/docs/warbands/grade-1b-warbands/dwarf-rangers,Crossbowmen Equipment List
mordheim,dwarf-rangers,Dwarf Rangers,crossbowmen-equipment-list,Crossbowmen Equipment List,helmet,Helmet,10,,campaign.trading-post.helmet,10 gc,common,consistent,,https://mordheimer.net/docs/warbands/grade-1b-warbands/dwarf-rangers,Crossbowmen Equipment List
mordheim,dwarf-rangers,Dwarf Rangers,crossbowmen-equipment-list,Crossbowmen Equipment List,light_armour,Light Armour,20,,campaign.trading-post.light-armour,20 gc,common,consistent,,https://mordheimer.net/docs/warbands/grade-1b-warbands/dwarf-rangers,Crossbowmen Equipment List
mordheim,dwarf-rangers,Dwarf Rangers,crossbowmen-equipment-list,Crossbowmen Equipment List,mace,Mace,3,,campaign.trading-post.mace,3 gc,common,consistent,,https://mordheimer.net/docs/warbands/grade-1b-warbands/dwarf-rangers,Crossbowmen Equipment List
mordheim,dwarf-rangers,Dwarf Rangers,crossbowmen-equipment-list,Crossbowmen Equipment List,shield,Shield,5,,campaign.trading-post.shield,5 gc,common,consistent,,https://mordheimer.net/docs/warbands/grade-1b-warbands/dwarf-rangers,Crossbowmen Equipment List
mordheim,dwarf-rangers,Dwarf Rangers,crossbowmen-equipment-list,Crossbowmen Equipment List,sword,Sword,10,,campaign.trading-post.sword,10 gc,common,consistent,,https://mordheimer.net/docs/warbands/grade-1b-warbands/dwarf-rangers,Crossbowmen Equipment List
mordheim,dwarf-rangers,Dwarf Rangers,dwarf-warrior-equipment-list,Dwarf Warrior Equipment List,axe,Axe,5,,campaign.trading-post.axe,5 gc,common,consistent,,https://mordheimer.net/docs/warbands/grade-1b-warbands/dwarf-rangers,Dwarf Warrior Equipment List
mordheim,dwarf-rangers,Dwarf Rangers,dwarf-warrior-equipment-list,Dwarf Warrior Equipment List,dagger,Dagger,2,,campaign.trading-post.dagger,2 gc,common,consistent,,https://mordheimer.net/docs/warbands/grade-1b-warbands/dwarf-rangers,Dwarf Warrior Equipment List
mordheim,dwarf-rangers,Dwarf Rangers,dwarf-warrior-equipment-list,Dwarf Warrior Equipment List,dwarf_axe,Dwarf Axe,15,,campaign.trading-post.dwarf-axe,15 gc,rare,consistent,,https://mordheimer.net/docs/warbands/grade-1b-warbands/dwarf-rangers,Dwarf Warrior Equipment List
mordheim,dwarf-rangers,Dwarf Rangers,dwarf-warrior-equipment-list,Dwarf Warrior Equipment List,great_weapon,Great Weapon,15,,campaign.trading-post.great-weapon,(not sold),not_sold,no-market,,https://mordheimer.net/docs/warbands/grade-1b-warbands/dwarf-rangers,Dwarf Warrior Equipment List
mordheim,dwarf-rangers,Dwarf Rangers,dwarf-warrior-equipment-list,Dwarf Warrior Equipment List,gromril_armour,Gromril Armour,75,,campaign.trading-post.gromril-armour,150 gc,rare,differs,,https://mordheimer.net/docs/warbands/grade-1b-warbands/dwarf-rangers,Dwarf Warrior Equipment List
mordheim,dwarf-rangers,Dwarf Rangers,dwarf-warrior-equipment-list,Dwarf Warrior Equipment List,gromril_weapon,Gromril Weapon,3,,campaign.trading-post.gromril-weapon,x4,rare,relative-tp,,https://mordheimer.net/docs/warbands/grade-1b-warbands/dwarf-rangers,Dwarf Warrior Equipment List
mordheim,dwarf-rangers,Dwarf Rangers,dwarf-warrior-equipment-list,Dwarf Warrior Equipment List,halberd,Halberd,10,,campaign.trading-post.halberd,10 gc,common,consistent,,https://mordheimer.net/docs/warbands/grade-1b-warbands/dwarf-rangers,Dwarf Warrior Equipment List
mordheim,dwarf-rangers,Dwarf Rangers,dwarf-warrior-equipment-list,Dwarf Warrior Equipment List,hammer,Hammer,3,,campaign.trading-post.hammer,3 gc,common,consistent,,https://mordheimer.net/docs/warbands/grade-1b-warbands/dwarf-rangers,Dwarf Warrior Equipment List
mordheim,dwarf-rangers,Dwarf Rangers,dwarf-warrior-equipment-list,Dwarf Warrior Equipment List,heavy_armour,Heavy Armour,50,,campaign.trading-post.heavy-armour,50 gc,common,consistent,,https://mordheimer.net/docs/warbands/grade-1b-warbands/dwarf-rangers,Dwarf Warrior Equipment List
mordheim,dwarf-rangers,Dwarf Rangers,dwarf-warrior-equipment-list,Dwarf Warrior Equipment List,helmet,Helmet,10,,campaign.trading-post.helmet,10 gc,common,consistent,,https://mordheimer.net/docs/warbands/grade-1b-warbands/dwarf-rangers,Dwarf Warrior Equipment List
mordheim,dwarf-rangers,Dwarf Rangers,dwarf-warrior-equipment-list,Dwarf Warrior Equipment List,light_armour,Light Armour,20,,campaign.trading-post.light-armour,20 gc,common,consistent,,https://mordheimer.net/docs/warbands/grade-1b-warbands/dwarf-rangers,Dwarf Warrior Equipment List
mordheim,dwarf-rangers,Dwarf Rangers,dwarf-warrior-equipment-list,Dwarf Warrior Equipment List,mace,Mace,3,,campaign.trading-post.mace,3 gc,common,consistent,,https://mordheimer.net/docs/warbands/grade-1b-warbands/dwarf-rangers,Dwarf Warrior Equipment List
mordheim,dwarf-rangers,Dwarf Rangers,dwarf-warrior-equipment-list,Dwarf Warrior Equipment List,pistol,Pistol,15,,campaign.trading-post.pistol,15 gc,rare,consistent,,https://mordheimer.net/docs/warbands/grade-1b-warbands/dwarf-rangers,Dwarf Warrior Equipment List
mordheim,dwarf-rangers,Dwarf Rangers,dwarf-warrior-equipment-list,Dwarf Warrior Equipment List,shield,Shield,5,,campaign.trading-post.shield,5 gc,common,consistent,,https://mordheimer.net/docs/warbands/grade-1b-warbands/dwarf-rangers,Dwarf Warrior Equipment List
mordheim,dwarf-rangers,Dwarf Rangers,dwarf-warrior-equipment-list,Dwarf Warrior Equipment List,spear,Spear,10,,campaign.trading-post.spear,10 gc,common,consistent,,https://mordheimer.net/docs/warbands/grade-1b-warbands/dwarf-rangers,Dwarf Warrior Equipment List
mordheim,dwarf-rangers,Dwarf Rangers,dwarf-warrior-equipment-list,Dwarf Warrior Equipment List,sword,Sword,10,,campaign.trading-post.sword,10 gc,common,consistent,,https://mordheimer.net/docs/warbands/grade-1b-warbands/dwarf-rangers,Dwarf Warrior Equipment List
mordheim,dwarf-treasure-hunters,Dwarf Treasure Hunters,dwarf-warrior-equipment-list,Dwarf Warrior Equipment List,axe,Axe,5,,campaign.trading-post.axe,5 gc,common,consistent,,https://mordheimer.net/docs/warbands/grade-1a-warbands/dwarf-treasure-hunters,Dwarf Warrior Equipment List
mordheim,dwarf-treasure-hunters,Dwarf Treasure Hunters,dwarf-warrior-equipment-list,Dwarf Warrior Equipment List,dagger,Dagger,2,,campaign.trading-post.dagger,2 gc,common,consistent,,https://mordheimer.net/docs/warbands/grade-1a-warbands/dwarf-treasure-hunters,Dwarf Warrior Equipment List
mordheim,dwarf-treasure-hunters,Dwarf Treasure Hunters,dwarf-warrior-equipment-list,Dwarf Warrior Equipment List,dwarf_axe,Dwarf Axe,15,,campaign.trading-post.dwarf-axe,15 gc,rare,consistent,,https://mordheimer.net/docs/warbands/grade-1a-warbands/dwarf-treasure-hunters,Dwarf Warrior Equipment List
mordheim,dwarf-treasure-hunters,Dwarf Treasure Hunters,dwarf-warrior-equipment-list,Dwarf Warrior Equipment List,great_weapon,Great Weapon,15,,campaign.trading-post.great-weapon,(not sold),not_sold,no-market,,https://mordheimer.net/docs/warbands/grade-1a-warbands/dwarf-treasure-hunters,Dwarf Warrior Equipment List
mordheim,dwarf-treasure-hunters,Dwarf Treasure Hunters,dwarf-warrior-equipment-list,Dwarf Warrior Equipment List,gromril_armour,Gromril Armour,75,,campaign.trading-post.gromril-armour,150 gc,rare,differs,,https://mordheimer.net/docs/warbands/grade-1a-warbands/dwarf-treasure-hunters,Dwarf Warrior Equipment List
mordheim,dwarf-treasure-hunters,Dwarf Treasure Hunters,dwarf-warrior-equipment-list,Dwarf Warrior Equipment List,gromril_weapon,Gromril Weapon,3,,campaign.trading-post.gromril-weapon,x4,rare,relative-tp,,https://mordheimer.net/docs/warbands/grade-1a-warbands/dwarf-treasure-hunters,Dwarf Warrior Equipment List
mordheim,dwarf-treasure-hunters,Dwarf Treasure Hunters,dwarf-warrior-equipment-list,Dwarf Warrior Equipment List,halberd,Halberd,10,,campaign.trading-post.halberd,10 gc,common,consistent,,https://mordheimer.net/docs/warbands/grade-1a-warbands/dwarf-treasure-hunters,Dwarf Warrior Equipment List
mordheim,dwarf-treasure-hunters,Dwarf Treasure Hunters,dwarf-warrior-equipment-list,Dwarf Warrior Equipment List,hammer,Hammer,3,,campaign.trading-post.hammer,3 gc,common,consistent,,https://mordheimer.net/docs/warbands/grade-1a-warbands/dwarf-treasure-hunters,Dwarf Warrior Equipment List
mordheim,dwarf-treasure-hunters,Dwarf Treasure Hunters,dwarf-warrior-equipment-list,Dwarf Warrior Equipment List,heavy_armour,Heavy Armour,50,,campaign.trading-post.heavy-armour,50 gc,common,consistent,,https://mordheimer.net/docs/warbands/grade-1a-warbands/dwarf-treasure-hunters,Dwarf Warrior Equipment List
mordheim,dwarf-treasure-hunters,Dwarf Treasure Hunters,dwarf-warrior-equipment-list,Dwarf Warrior Equipment List,helmet,Helmet,10,,campaign.trading-post.helmet,10 gc,common,consistent,,https://mordheimer.net/docs/warbands/grade-1a-warbands/dwarf-treasure-hunters,Dwarf Warrior Equipment List
mordheim,dwarf-treasure-hunters,Dwarf Treasure Hunters,dwarf-warrior-equipment-list,Dwarf Warrior Equipment List,light_armour,Light Armour,20,,campaign.trading-post.light-armour,20 gc,common,consistent,,https://mordheimer.net/docs/warbands/grade-1a-warbands/dwarf-treasure-hunters,Dwarf Warrior Equipment List
mordheim,dwarf-treasure-hunters,Dwarf Treasure Hunters,dwarf-warrior-equipment-list,Dwarf Warrior Equipment List,mace,Mace,3,,campaign.trading-post.mace,3 gc,common,consistent,,https://mordheimer.net/docs/warbands/grade-1a-warbands/dwarf-treasure-hunters,Dwarf Warrior Equipment List
mordheim,dwarf-treasure-hunters,Dwarf Treasure Hunters,dwarf-warrior-equipment-list,Dwarf Warrior Equipment List,pistol,Pistol,15,,campaign.trading-post.pistol,15 gc,rare,consistent,,https://mordheimer.net/docs/warbands/grade-1a-warbands/dwarf-treasure-hunters,Dwarf Warrior Equipment List
mordheim,dwarf-treasure-hunters,Dwarf Treasure Hunters,dwarf-warrior-equipment-list,Dwarf Warrior Equipment List,shield,Shield,5,,campaign.trading-post.shield,5 gc,common,consistent,,https://mordheimer.net/docs/warbands/grade-1a-warbands/dwarf-treasure-hunters,Dwarf Warrior Equipment List
mordheim,dwarf-treasure-hunters,Dwarf Treasure Hunters,dwarf-warrior-equipment-list,Dwarf Warrior Equipment List,spear,Spear,10,,campaign.trading-post.spear,10 gc,common,consistent,,https://mordheimer.net/docs/warbands/grade-1a-warbands/dwarf-treasure-hunters,Dwarf Warrior Equipment List
mordheim,dwarf-treasure-hunters,Dwarf Treasure Hunters,dwarf-warrior-equipment-list,Dwarf Warrior Equipment List,sword,Sword,10,,campaign.trading-post.sword,10 gc,common,consistent,,https://mordheimer.net/docs/warbands/grade-1a-warbands/dwarf-treasure-hunters,Dwarf Warrior Equipment List
mordheim,dwarf-treasure-hunters,Dwarf Treasure Hunters,thunderer-equipment-list,Thunderer Equipment List,axe,Axe,5,,campaign.trading-post.axe,5 gc,common,consistent,,https://mordheimer.net/docs/warbands/grade-1a-warbands/dwarf-treasure-hunters,Thunderer Equipment List
mordheim,dwarf-treasure-hunters,Dwarf Treasure Hunters,thunderer-equipment-list,Thunderer Equipment List,crossbow,Crossbow,25,,campaign.trading-post.crossbow,25 gc,common,consistent,,https://mordheimer.net/docs/warbands/grade-1a-warbands/dwarf-treasure-hunters,Thunderer Equipment List
mordheim,dwarf-treasure-hunters,Dwarf Treasure Hunters,thunderer-equipment-list,Thunderer Equipment List,dagger,Dagger,2,,campaign.trading-post.dagger,2 gc,common,consistent,,https://mordheimer.net/docs/warbands/grade-1a-warbands/dwarf-treasure-hunters,Thunderer Equipment List
mordheim,dwarf-treasure-hunters,Dwarf Treasure Hunters,thunderer-equipment-list,Thunderer Equipment List,hammer,Hammer,3,,campaign.trading-post.hammer,3 gc,common,consistent,,https://mordheimer.net/docs/warbands/grade-1a-warbands/dwarf-treasure-hunters,Thunderer Equipment List
mordheim,dwarf-treasure-hunters,Dwarf Treasure Hunters,thunderer-equipment-list,Thunderer Equipment List,handgun,Handgun,35,,campaign.trading-post.handgun,35 gc,rare,consistent,,https://mordheimer.net/docs/warbands/grade-1a-warbands/dwarf-treasure-hunters,Thunderer Equipment List
mordheim,dwarf-treasure-hunters,Dwarf Treasure Hunters,thunderer-equipment-list,Thunderer Equipment List,heavy_armour,Heavy Armour,50,,campaign.trading-post.heavy-armour,50 gc,common,consistent,,https://mordheimer.net/docs/warbands/grade-1a-warbands/dwarf-treasure-hunters,Thunderer Equipment List
mordheim,dwarf-treasure-hunters,Dwarf Treasure Hunters,thunderer-equipment-list,Thunderer Equipment List,helmet,Helmet,10,,campaign.trading-post.helmet,10 gc,common,consistent,,https://mordheimer.net/docs/warbands/grade-1a-warbands/dwarf-treasure-hunters,Thunderer Equipment List
mordheim,dwarf-treasure-hunters,Dwarf Treasure Hunters,thunderer-equipment-list,Thunderer Equipment List,light_armour,Light Armour,20,,campaign.trading-post.light-armour,20 gc,common,consistent,,https://mordheimer.net/docs/warbands/grade-1a-warbands/dwarf-treasure-hunters,Thunderer Equipment List
mordheim,dwarf-treasure-hunters,Dwarf Treasure Hunters,thunderer-equipment-list,Thunderer Equipment List,mace,Mace,3,,campaign.trading-post.mace,3 gc,common,consistent,,https://mordheimer.net/docs/warbands/grade-1a-warbands/dwarf-treasure-hunters,Thunderer Equipment List
mordheim,dwarf-treasure-hunters,Dwarf Treasure Hunters,thunderer-equipment-list,Thunderer Equipment List,pistol,Pistol,15,,campaign.trading-post.pistol,15 gc,rare,consistent,,https://mordheimer.net/docs/warbands/grade-1a-warbands/dwarf-treasure-hunters,Thunderer Equipment List
mordheim,dwarf-treasure-hunters,Dwarf Treasure Hunters,thunderer-equipment-list,Thunderer Equipment List,shield,Shield,5,,campaign.trading-post.shield,5 gc,common,consistent,,https://mordheimer.net/docs/warbands/grade-1a-warbands/dwarf-treasure-hunters,Thunderer Equipment List
mordheim,dwarf-treasure-hunters,Dwarf Treasure Hunters,thunderer-equipment-list,Thunderer Equipment List,sword,Sword,10,,campaign.trading-post.sword,10 gc,common,consistent,,https://mordheimer.net/docs/warbands/grade-1a-warbands/dwarf-treasure-hunters,Thunderer Equipment List
mordheim,forest-goblins,Forest Goblins,henchmen-equipment-list,Henchmen Equipment List,blowpipe,Blowpipe,25,,campaign.trading-post.blowpipe,25 gc,rare,consistent,,https://mordheimer.net/docs/warbands/grade-1b-warbands/forest-goblins,Henchmen Equipment List
mordheim,forest-goblins,Forest Goblins,henchmen-equipment-list,Henchmen Equipment List,bow,Bow,10,,campaign.trading-post.bow,10 gc,common,consistent,,https://mordheimer.net/docs/warbands/grade-1b-warbands/forest-goblins,Henchmen Equipment List
mordheim,forest-goblins,Forest Goblins,henchmen-equipment-list,Henchmen Equipment List,dagger,Dagger,2,,campaign.trading-post.dagger,2 gc,common,consistent,,https://mordheimer.net/docs/warbands/grade-1b-warbands/forest-goblins,Henchmen Equipment List
mordheim,forest-goblins,Forest Goblins,henchmen-equipment-list,Henchmen Equipment List,shield,Shield,5,,campaign.trading-post.shield,5 gc,common,consistent,,https://mordheimer.net/docs/warbands/grade-1b-warbands/forest-goblins,Henchmen Equipment List
mordheim,forest-goblins,Forest Goblins,henchmen-equipment-list,Henchmen Equipment List,spear,Spear,5,,campaign.trading-post.spear,10 gc,common,differs,,https://mordheimer.net/docs/warbands/grade-1b-warbands/forest-goblins,Henchmen Equipment List
mordheim,forest-goblins,Forest Goblins,henchmen-equipment-list,Henchmen Equipment List,sword,Sword,10,,campaign.trading-post.sword,10 gc,common,consistent,,https://mordheimer.net/docs/warbands/grade-1b-warbands/forest-goblins,Henchmen Equipment List
mordheim,forest-goblins,Forest Goblins,henchmen-equipment-list,Henchmen Equipment List,throwing_weapons,Throwing Weapons,15,,campaign.trading-post.throwing-knives-stars,15 gc,rare,consistent,,https://mordheimer.net/docs/warbands/grade-1b-warbands/forest-goblins,Henchmen Equipment List
mordheim,forest-goblins,Forest Goblins,hero-equipment-list,Hero Equipment List,axe,Axe,5,,campaign.trading-post.axe,5 gc,common,consistent,,https://mordheimer.net/docs/warbands/grade-1b-warbands/forest-goblins,Hero Equipment List
mordheim,forest-goblins,Forest Goblins,hero-equipment-list,Hero Equipment List,blowpipe,Blowpipe,25,,campaign.trading-post.blowpipe,25 gc,rare,consistent,,https://mordheimer.net/docs/warbands/grade-1b-warbands/forest-goblins,Hero Equipment List
mordheim,forest-goblins,Forest Goblins,hero-equipment-list,Hero Equipment List,boss_pole,Boss Pole,20,,campaign.trading-post.boss-pole,20 gc,common,consistent,,https://mordheimer.net/docs/warbands/grade-1b-warbands/forest-goblins,Hero Equipment List
mordheim,forest-goblins,Forest Goblins,hero-equipment-list,Hero Equipment List,dagger,Dagger,2,,campaign.trading-post.dagger,2 gc,common,consistent,,https://mordheimer.net/docs/warbands/grade-1b-warbands/forest-goblins,Hero Equipment List
mordheim,forest-goblins,Forest Goblins,hero-equipment-list,Hero Equipment List,halberd,Halberd,10,,campaign.trading-post.halberd,10 gc,common,consistent,,https://mordheimer.net/docs/warbands/grade-1b-warbands/forest-goblins,Hero Equipment List
mordheim,forest-goblins,Forest Goblins,hero-equipment-list,Hero Equipment List,light_armour,Light Armour,20,,campaign.trading-post.light-armour,20 gc,common,consistent,,https://mordheimer.net/docs/warbands/grade-1b-warbands/forest-goblins,Hero Equipment List
mordheim,forest-goblins,Forest Goblins,hero-equipment-list,Hero Equipment List,shield,Shield,5,,campaign.trading-post.shield,5 gc,common,consistent,,https://mordheimer.net/docs/warbands/grade-1b-warbands/forest-goblins,Hero Equipment List
mordheim,forest-goblins,Forest Goblins,hero-equipment-list,Hero Equipment List,short_bow,Short Bow,5,,campaign.trading-post.short-bow,5 gc,common,consistent,,https://mordheimer.net/docs/warbands/grade-1b-warbands/forest-goblins,Hero Equipment List
mordheim,forest-goblins,Forest Goblins,hero-equipment-list,Hero Equipment List,spear,Spear,5,,campaign.trading-post.spear,10 gc,common,differs,,https://mordheimer.net/docs/warbands/grade-1b-warbands/forest-goblins,Hero Equipment List
mordheim,forest-goblins,Forest Goblins,hero-equipment-list,Hero Equipment List,sword,Sword,10,,campaign.trading-post.sword,10 gc,common,consistent,,https://mordheimer.net/docs/warbands/grade-1b-warbands/forest-goblins,Hero Equipment List
mordheim,forest-goblins,Forest Goblins,hero-equipment-list,Hero Equipment List,two_handed_weapon,Two Handed Weapon,15,,campaign.trading-post.double-handed-weapon,15 gc,common,consistent,,https://mordheimer.net/docs/warbands/grade-1b-warbands/forest-goblins,Hero Equipment List
mordheim,gunnery-school-of-nuln,Gunnery School of Nuln,gunnery-school-equipment-lists,Gunnery School equipment lists,axe,Axe,5,,campaign.trading-post.axe,5 gc,common,consistent,,https://mordheimer.net/docs/warbands/grade-1b-warbands/gunnery-school-of-nuln,Gunnery School equipment lists
mordheim,gunnery-school-of-nuln,Gunnery School of Nuln,gunnery-school-equipment-lists,Gunnery School equipment lists,buckler,Buckler,5,,campaign.trading-post.buckler,5 gc,common,consistent,,https://mordheimer.net/docs/warbands/grade-1b-warbands/gunnery-school-of-nuln,Gunnery School equipment lists
mordheim,gunnery-school-of-nuln,Gunnery School of Nuln,gunnery-school-equipment-lists,Gunnery School equipment lists,dagger,Dagger,2,,campaign.trading-post.dagger,2 gc,common,consistent,,https://mordheimer.net/docs/warbands/grade-1b-warbands/gunnery-school-of-nuln,Gunnery School equipment lists
mordheim,gunnery-school-of-nuln,Gunnery School of Nuln,gunnery-school-equipment-lists,Gunnery School equipment lists,double_barrelled_duelling_pistol,Double Barrelled Duelling Pistol,35,35,campaign.trading-post.double-barrelled-duelling-pistol,45 gc + dice,rare,override,,https://mordheimer.net/docs/warbands/grade-1b-warbands/gunnery-school-of-nuln,Gunnery School equipment lists
mordheim,gunnery-school-of-nuln,Gunnery School of Nuln,gunnery-school-equipment-lists,Gunnery School equipment lists,double_barrelled_handgun,Double Barrelled Handgun,45,45,campaign.trading-post.double-barrelled-handgun,60 gc + dice,rare,override,,https://mordheimer.net/docs/warbands/grade-1b-warbands/gunnery-school-of-nuln,Gunnery School equipment lists
mordheim,gunnery-school-of-nuln,Gunnery School of Nuln,gunnery-school-equipment-lists,Gunnery School equipment lists,double_barrelled_pistol,Double Barrelled Pistol,20,20,campaign.trading-post.double-barrelled-pistol,25 gc + dice,rare,override,,https://mordheimer.net/docs/warbands/grade-1b-warbands/gunnery-school-of-nuln,Gunnery School equipment lists
mordheim,gunnery-school-of-nuln,Gunnery School of Nuln,gunnery-school-equipment-lists,Gunnery School equipment lists,duelling_pistol,Duelling Pistol,20,20,campaign.trading-post.duelling-pistol,30 gc,rare,override,,https://mordheimer.net/docs/warbands/grade-1b-warbands/gunnery-school-of-nuln,Gunnery School equipment lists
mordheim,gunnery-school-of-nuln,Gunnery School of Nuln,gunnery-school-equipment-lists,Gunnery School equipment lists,great_weapon,Great Weapon,15,,campaign.trading-post.great-weapon,(not sold),not_sold,no-market,,https://mordheimer.net/docs/warbands/grade-1b-warbands/gunnery-school-of-nuln,Gunnery School equipment lists
mordheim,gunnery-school-of-nuln,Gunnery School of Nuln,gunnery-school-equipment-lists,Gunnery School equipment lists,halberd,Halberd,10,,campaign.trading-post.halberd,10 gc,common,consistent,,https://mordheimer.net/docs/warbands/grade-1b-warbands/gunnery-school-of-nuln,Gunnery School equipment lists
mordheim,gunnery-school-of-nuln,Gunnery School of Nuln,gunnery-school-equipment-lists,Gunnery School equipment lists,handgun,Handgun,25,25,campaign.trading-post.handgun,35 gc,rare,override,,https://mordheimer.net/docs/warbands/grade-1b-warbands/gunnery-school-of-nuln,Gunnery School equipment lists
mordheim,gunnery-school-of-nuln,Gunnery School of Nuln,gunnery-school-equipment-lists,Gunnery School equipment lists,heavy_armour,Heavy Armour,50,,campaign.trading-post.heavy-armour,50 gc,common,consistent,,https://mordheimer.net/docs/warbands/grade-1b-warbands/gunnery-school-of-nuln,Gunnery School equipment lists
mordheim,gunnery-school-of-nuln,Gunnery School of Nuln,gunnery-school-equipment-lists,Gunnery School equipment lists,helmet,Helmet,10,,campaign.trading-post.helmet,10 gc,common,consistent,,https://mordheimer.net/docs/warbands/grade-1b-warbands/gunnery-school-of-nuln,Gunnery School equipment lists
mordheim,gunnery-school-of-nuln,Gunnery School of Nuln,gunnery-school-equipment-lists,Gunnery School equipment lists,light_armour,Light Armour,20,,campaign.trading-post.light-armour,20 gc,common,consistent,,https://mordheimer.net/docs/warbands/grade-1b-warbands/gunnery-school-of-nuln,Gunnery School equipment lists
mordheim,gunnery-school-of-nuln,Gunnery School of Nuln,gunnery-school-equipment-lists,Gunnery School equipment lists,mace_hammer,Mace Hammer,3,,campaign.trading-post.club-mace-or-hammer,3 gc,common,consistent,,https://mordheimer.net/docs/warbands/grade-1b-warbands/gunnery-school-of-nuln,Gunnery School equipment lists
mordheim,gunnery-school-of-nuln,Gunnery School of Nuln,gunnery-school-equipment-lists,Gunnery School equipment lists,morning_star,Morning Star,15,,campaign.trading-post.morning-star,15 gc,common,consistent,,https://mordheimer.net/docs/warbands/grade-1b-warbands/gunnery-school-of-nuln,Gunnery School equipment lists
mordheim,gunnery-school-of-nuln,Gunnery School of Nuln,gunnery-school-equipment-lists,Gunnery School equipment lists,pistol,Pistol,10,10,campaign.trading-post.pistol,15 gc,rare,override,,https://mordheimer.net/docs/warbands/grade-1b-warbands/gunnery-school-of-nuln,Gunnery School equipment lists
mordheim,gunnery-school-of-nuln,Gunnery School of Nuln,gunnery-school-equipment-lists,Gunnery School equipment lists,shield,Shield,5,,campaign.trading-post.shield,5 gc,common,consistent,,https://mordheimer.net/docs/warbands/grade-1b-warbands/gunnery-school-of-nuln,Gunnery School equipment lists
mordheim,gunnery-school-of-nuln,Gunnery School of Nuln,gunnery-school-equipment-lists,Gunnery School equipment lists,spear,Spear,10,,campaign.trading-post.spear,10 gc,common,consistent,,https://mordheimer.net/docs/warbands/grade-1b-warbands/gunnery-school-of-nuln,Gunnery School equipment lists
mordheim,gunnery-school-of-nuln,Gunnery School of Nuln,gunnery-school-equipment-lists,Gunnery School equipment lists,superior_blackpowder,Superior Blackpowder,25,,campaign.trading-post.superior-blackpowder,30 gc,rare,creation-price,Verified on the Gunnery School page: superior black powder 25 gc is a Miscellaneous creation-list price; Impeccable Care covers black-powder weapons only.,https://mordheimer.net/docs/warbands/grade-1b-warbands/gunnery-school-of-nuln,Gunnery School equipment lists
mordheim,gunnery-school-of-nuln,Gunnery School of Nuln,gunnery-school-equipment-lists,Gunnery School equipment lists,sword,Sword,10,,campaign.trading-post.sword,10 gc,common,consistent,,https://mordheimer.net/docs/warbands/grade-1b-warbands/gunnery-school-of-nuln,Gunnery School equipment lists
mordheim,gunnery-school-of-nuln,Gunnery School of Nuln,marksman-equipment-list,Marksman equipment list,axe,Axe,5,,campaign.trading-post.axe,5 gc,common,consistent,,https://mordheimer.net/docs/warbands/grade-1b-warbands/gunnery-school-of-nuln,Marksman equipment list
mordheim,gunnery-school-of-nuln,Gunnery School of Nuln,marksman-equipment-list,Marksman equipment list,blunderbuss,Blunderbuss,20,20,campaign.trading-post.blunderbuss,30 gc,rare,override,,https://mordheimer.net/docs/warbands/grade-1b-warbands/gunnery-school-of-nuln,Marksman equipment list
mordheim,gunnery-school-of-nuln,Gunnery School of Nuln,marksman-equipment-list,Marksman equipment list,dagger,Dagger,2,,campaign.trading-post.dagger,2 gc,common,consistent,,https://mordheimer.net/docs/warbands/grade-1b-warbands/gunnery-school-of-nuln,Marksman equipment list
mordheim,gunnery-school-of-nuln,Gunnery School of Nuln,marksman-equipment-list,Marksman equipment list,double_barrelled_handgun,Double Barrelled Handgun,45,45,campaign.trading-post.double-barrelled-handgun,60 gc + dice,rare,override,,https://mordheimer.net/docs/warbands/grade-1b-warbands/gunnery-school-of-nuln,Marksman equipment list
mordheim,gunnery-school-of-nuln,Gunnery School of Nuln,marksman-equipment-list,Marksman equipment list,double_barrelled_pistol,Double Barrelled Pistol,20,20,campaign.trading-post.double-barrelled-pistol,25 gc + dice,rare,override,,https://mordheimer.net/docs/warbands/grade-1b-warbands/gunnery-school-of-nuln,Marksman equipment list
mordheim,gunnery-school-of-nuln,Gunnery School of Nuln,marksman-equipment-list,Marksman equipment list,hand_held_mortar,Hand Held Mortar,70,70,campaign.trading-post.hand-held-mortar,80 gc + dice,rare,override,,https://mordheimer.net/docs/warbands/grade-1b-warbands/gunnery-school-of-nuln,Marksman equipment list
mordheim,gunnery-school-of-nuln,Gunnery School of Nuln,marksman-equipment-list,Marksman equipment list,handgun,Handgun,25,25,campaign.trading-post.handgun,35 gc,rare,override,,https://mordheimer.net/docs/warbands/grade-1b-warbands/gunnery-school-of-nuln,Marksman equipment list
mordheim,gunnery-school-of-nuln,Gunnery School of Nuln,marksman-equipment-list,Marksman equipment list,helmet,Helmet,10,,campaign.trading-post.helmet,10 gc,common,consistent,,https://mordheimer.net/docs/warbands/grade-1b-warbands/gunnery-school-of-nuln,Marksman equipment list
mordheim,gunnery-school-of-nuln,Gunnery School of Nuln,marksman-equipment-list,Marksman equipment list,hochland_long_rifle,Hochland Long Rifle,100,100,campaign.trading-post.hochland-long-rifle,(not sold),not_sold,override,,https://mordheimer.net/docs/warbands/grade-1b-warbands/gunnery-school-of-nuln,Marksman equipment list
mordheim,gunnery-school-of-nuln,Gunnery School of Nuln,marksman-equipment-list,Marksman equipment list,light_armour,Light Armour,20,,campaign.trading-post.light-armour,20 gc,common,consistent,,https://mordheimer.net/docs/warbands/grade-1b-warbands/gunnery-school-of-nuln,Marksman equipment list
mordheim,gunnery-school-of-nuln,Gunnery School of Nuln,marksman-equipment-list,Marksman equipment list,mace_hammer,Mace Hammer,3,,campaign.trading-post.club-mace-or-hammer,3 gc,common,consistent,,https://mordheimer.net/docs/warbands/grade-1b-warbands/gunnery-school-of-nuln,Marksman equipment list
mordheim,gunnery-school-of-nuln,Gunnery School of Nuln,marksman-equipment-list,Marksman equipment list,pigeon_bombs,Pigeon Bombs,25,25,campaign.trading-post.hersten-wenkler-pigeon-bombs,30 gc + dice,rare,override,,https://mordheimer.net/docs/warbands/grade-1b-warbands/gunnery-school-of-nuln,Marksman equipment list
mordheim,gunnery-school-of-nuln,Gunnery School of Nuln,marksman-equipment-list,Marksman equipment list,pistol,Pistol,10,10,campaign.trading-post.pistol,15 gc,rare,override,,https://mordheimer.net/docs/warbands/grade-1b-warbands/gunnery-school-of-nuln,Marksman equipment list
mordheim,gunnery-school-of-nuln,Gunnery School of Nuln,marksman-equipment-list,Marksman equipment list,repeater_handgun,Repeater Handgun,50,50,campaign.trading-post.repeater-handgun,60 gc + dice,rare,override,,https://mordheimer.net/docs/warbands/grade-1b-warbands/gunnery-school-of-nuln,Marksman equipment list
mordheim,gunnery-school-of-nuln,Gunnery School of Nuln,marksman-equipment-list,Marksman equipment list,repeater_pistol,Repeater Pistol,25,25,campaign.trading-post.repeater-pistol,30 gc + dice,rare,override,,https://mordheimer.net/docs/warbands/grade-1b-warbands/gunnery-school-of-nuln,Marksman equipment list
mordheim,gunnery-school-of-nuln,Gunnery School of Nuln,marksman-equipment-list,Marksman equipment list,shield,Shield,5,,campaign.trading-post.shield,5 gc,common,consistent,,https://mordheimer.net/docs/warbands/grade-1b-warbands/gunnery-school-of-nuln,Marksman equipment list
mordheim,gunnery-school-of-nuln,Gunnery School of Nuln,marksman-equipment-list,Marksman equipment list,superior_blackpowder,Superior Blackpowder,25,,campaign.trading-post.superior-blackpowder,30 gc,rare,creation-price,Verified on the Gunnery School page: superior black powder 25 gc is a Miscellaneous creation-list price; Impeccable Care covers black-powder weapons only.,https://mordheimer.net/docs/warbands/grade-1b-warbands/gunnery-school-of-nuln,Marksman equipment list
mordheim,gunnery-school-of-nuln,Gunnery School of Nuln,marksman-equipment-list,Marksman equipment list,sword,Sword,10,,campaign.trading-post.sword,10 gc,common,consistent,,https://mordheimer.net/docs/warbands/grade-1b-warbands/gunnery-school-of-nuln,Marksman equipment list
mordheim,hochland-bandits,Hochland Bandits,bandit-equipment-list,Bandit equipment list,axe,Axe,5,,campaign.trading-post.axe,5 gc,common,consistent,,https://mordheimer.net/docs/warbands/grade-1b-warbands/hochland-bandits,Bandit equipment list
mordheim,hochland-bandits,Hochland Bandits,bandit-equipment-list,Bandit equipment list,dagger,Dagger,2,,campaign.trading-post.dagger,2 gc,common,consistent,,https://mordheimer.net/docs/warbands/grade-1b-warbands/hochland-bandits,Bandit equipment list
mordheim,hochland-bandits,Hochland Bandits,bandit-equipment-list,Bandit equipment list,great_weapon,Great Weapon,15,,campaign.trading-post.great-weapon,(not sold),not_sold,no-market,,https://mordheimer.net/docs/warbands/grade-1b-warbands/hochland-bandits,Bandit equipment list
mordheim,hochland-bandits,Hochland Bandits,bandit-equipment-list,Bandit equipment list,hammer,Hammer,3,,campaign.trading-post.hammer,3 gc,common,consistent,,https://mordheimer.net/docs/warbands/grade-1b-warbands/hochland-bandits,Bandit equipment list
mordheim,hochland-bandits,Hochland Bandits,bandit-equipment-list,Bandit equipment list,helmet,Helmet,10,,campaign.trading-post.helmet,10 gc,common,consistent,,https://mordheimer.net/docs/warbands/grade-1b-warbands/hochland-bandits,Bandit equipment list
mordheim,hochland-bandits,Hochland Bandits,bandit-equipment-list,Bandit equipment list,light_armour,Light Armour,20,,campaign.trading-post.light-armour,20 gc,common,consistent,,https://mordheimer.net/docs/warbands/grade-1b-warbands/hochland-bandits,Bandit equipment list
mordheim,hochland-bandits,Hochland Bandits,bandit-equipment-list,Bandit equipment list,shield,Shield,5,,campaign.trading-post.shield,5 gc,common,consistent,,https://mordheimer.net/docs/warbands/grade-1b-warbands/hochland-bandits,Bandit equipment list
mordheim,hochland-bandits,Hochland Bandits,bandit-equipment-list,Bandit equipment list,spear,Spear,10,,campaign.trading-post.spear,10 gc,common,consistent,,https://mordheimer.net/docs/warbands/grade-1b-warbands/hochland-bandits,Bandit equipment list
mordheim,hochland-bandits,Hochland Bandits,bandit-equipment-list,Bandit equipment list,sword,Sword,10,,campaign.trading-post.sword,10 gc,common,consistent,,https://mordheimer.net/docs/warbands/grade-1b-warbands/hochland-bandits,Bandit equipment list
mordheim,hochland-bandits,Hochland Bandits,bandit-equipment-list,Bandit equipment list,throwing_axe,Throwing Axe,15,,campaign.trading-post.throwing-axe,15 gc,rare,consistent,,https://mordheimer.net/docs/warbands/grade-1b-warbands/hochland-bandits,Bandit equipment list
mordheim,hochland-bandits,Hochland Bandits,coward-equipment-list,Coward equipment list,dagger,Dagger,2,,campaign.trading-post.dagger,2 gc,common,consistent,,https://mordheimer.net/docs/warbands/grade-1b-warbands/hochland-bandits,Coward equipment list
mordheim,hochland-bandits,Hochland Bandits,coward-equipment-list,Coward equipment list,sling,Sling,2,,campaign.trading-post.sling,2 gc,common,consistent,,https://mordheimer.net/docs/warbands/grade-1b-warbands/hochland-bandits,Coward equipment list
mordheim,hochland-bandits,Hochland Bandits,coward-equipment-list,Coward equipment list,spear,Spear,10,,campaign.trading-post.spear,10 gc,common,consistent,,https://mordheimer.net/docs/warbands/grade-1b-warbands/hochland-bandits,Coward equipment list
mordheim,hochland-bandits,Hochland Bandits,duelist-equipment-list,Duelist equipment list,buckler,Buckler,10,,campaign.trading-post.buckler,5 gc,common,creation-price,Verified on the Hochland Bandits page: Duelist-list buckler 10 gc is the printed creation price; Powder's Expensive! covers black-powder weapons only.,https://mordheimer.net/docs/warbands/grade-1b-warbands/hochland-bandits,Duelist equipment list
mordheim,hochland-bandits,Hochland Bandits,duelist-equipment-list,Duelist equipment list,dagger,Dagger,2,,campaign.trading-post.dagger,2 gc,common,consistent,,https://mordheimer.net/docs/warbands/grade-1b-warbands/hochland-bandits,Duelist equipment list
mordheim,hochland-bandits,Hochland Bandits,duelist-equipment-list,Duelist equipment list,duelling_pistol,Duelling Pistol,30,,campaign.trading-post.duelling-pistol,30 gc,rare,consistent,,https://mordheimer.net/docs/warbands/grade-1b-warbands/hochland-bandits,Duelist equipment list
mordheim,hochland-bandits,Hochland Bandits,duelist-equipment-list,Duelist equipment list,main_gauche,Main Gauche,7,,campaign.trading-post.main-gauche,7 gc,rare,consistent,,https://mordheimer.net/docs/warbands/grade-1b-warbands/hochland-bandits,Duelist equipment list
mordheim,hochland-bandits,Hochland Bandits,duelist-equipment-list,Duelist equipment list,pistol,Pistol,20,20,campaign.trading-post.pistol,15 gc,rare,override,,https://mordheimer.net/docs/warbands/grade-1b-warbands/hochland-bandits,Duelist equipment list
mordheim,hochland-bandits,Hochland Bandits,duelist-equipment-list,Duelist equipment list,rapier,Rapier,15,,campaign.trading-post.rapier,15 gc,rare,consistent,,https://mordheimer.net/docs/warbands/grade-1b-warbands/hochland-bandits,Duelist equipment list
mordheim,hochland-bandits,Hochland Bandits,duelist-equipment-list,Duelist equipment list,shield,Shield,5,,campaign.trading-post.shield,5 gc,common,consistent,,https://mordheimer.net/docs/warbands/grade-1b-warbands/hochland-bandits,Duelist equipment list
mordheim,hochland-bandits,Hochland Bandits,duelist-equipment-list,Duelist equipment list,spear,Spear,10,,campaign.trading-post.spear,10 gc,common,consistent,,https://mordheimer.net/docs/warbands/grade-1b-warbands/hochland-bandits,Duelist equipment list
mordheim,hochland-bandits,Hochland Bandits,duelist-equipment-list,Duelist equipment list,sword,Sword,10,,campaign.trading-post.sword,10 gc,common,consistent,,https://mordheimer.net/docs/warbands/grade-1b-warbands/hochland-bandits,Duelist equipment list
mordheim,hochland-bandits,Hochland Bandits,poacher-equipment-list,Poacher equipment list,bow,Bow,10,,campaign.trading-post.bow,10 gc,common,consistent,,https://mordheimer.net/docs/warbands/grade-1b-warbands/hochland-bandits,Poacher equipment list
mordheim,hochland-bandits,Hochland Bandits,poacher-equipment-list,Poacher equipment list,crossbow,Crossbow,25,,campaign.trading-post.crossbow,25 gc,common,consistent,,https://mordheimer.net/docs/warbands/grade-1b-warbands/hochland-bandits,Poacher equipment list
mordheim,hochland-bandits,Hochland Bandits,poacher-equipment-list,Poacher equipment list,dagger,Dagger,2,,campaign.trading-post.dagger,2 gc,common,consistent,,https://mordheimer.net/docs/warbands/grade-1b-warbands/hochland-bandits,Poacher equipment list
mordheim,hochland-bandits,Hochland Bandits,poacher-equipment-list,Poacher equipment list,helmet,Helmet,10,,campaign.trading-post.helmet,10 gc,common,consistent,,https://mordheimer.net/docs/warbands/grade-1b-warbands/hochland-bandits,Poacher equipment list
mordheim,hochland-bandits,Hochland Bandits,poacher-equipment-list,Poacher equipment list,long_bow,Long Bow,15,,campaign.trading-post.long-bow,15 gc,common,consistent,,https://mordheimer.net/docs/warbands/grade-1b-warbands/hochland-bandits,Poacher equipment list
mordheim,hochland-bandits,Hochland Bandits,poacher-equipment-list,Poacher equipment list,short_bow,Short Bow,5,,campaign.trading-post.short-bow,5 gc,common,consistent,,https://mordheimer.net/docs/warbands/grade-1b-warbands/hochland-bandits,Poacher equipment list
mordheim,hochland-bandits,Hochland Bandits,poacher-equipment-list,Poacher equipment list,spear,Spear,10,,campaign.trading-post.spear,10 gc,common,consistent,,https://mordheimer.net/docs/warbands/grade-1b-warbands/hochland-bandits,Poacher equipment list
mordheim,horned-hunters,Horned Hunters,henchmen-equipment-list,Henchmen equipment list,axe,Axe,5,,campaign.trading-post.axe,5 gc,common,consistent,,https://mordheimer.net/docs/warbands/grade-1b-warbands/horned-hunters,Henchmen equipment list
mordheim,horned-hunters,Horned Hunters,henchmen-equipment-list,Henchmen equipment list,bow,Bow,10,,campaign.trading-post.bow,10 gc,common,consistent,,https://mordheimer.net/docs/warbands/grade-1b-warbands/horned-hunters,Henchmen equipment list
mordheim,horned-hunters,Horned Hunters,henchmen-equipment-list,Henchmen equipment list,dagger,Dagger,2,,campaign.trading-post.dagger,2 gc,common,consistent,,https://mordheimer.net/docs/warbands/grade-1b-warbands/horned-hunters,Henchmen equipment list
mordheim,horned-hunters,Horned Hunters,henchmen-equipment-list,Henchmen equipment list,mace_hammer,Mace Hammer,3,,campaign.trading-post.club-mace-or-hammer,3 gc,common,consistent,,https://mordheimer.net/docs/warbands/grade-1b-warbands/horned-hunters,Henchmen equipment list
mordheim,horned-hunters,Horned Hunters,henchmen-equipment-list,Henchmen equipment list,shield,Shield,5,,campaign.trading-post.shield,5 gc,common,consistent,,https://mordheimer.net/docs/warbands/grade-1b-warbands/horned-hunters,Henchmen equipment list
mordheim,horned-hunters,Horned Hunters,henchmen-equipment-list,Henchmen equipment list,spear,Spear,5,,campaign.trading-post.spear,10 gc,common,differs,,https://mordheimer.net/docs/warbands/grade-1b-warbands/horned-hunters,Henchmen equipment list
mordheim,horned-hunters,Horned Hunters,henchmen-equipment-list,Henchmen equipment list,sword,Sword,10,,campaign.trading-post.sword,10 gc,common,consistent,,https://mordheimer.net/docs/warbands/grade-1b-warbands/horned-hunters,Henchmen equipment list
mordheim,horned-hunters,Horned Hunters,henchmen-equipment-list,Henchmen equipment list,toughened_leathers,Toughened Leathers,5,,campaign.trading-post.toughened-leathers,5 gc,common,consistent,,https://mordheimer.net/docs/warbands/grade-1b-warbands/horned-hunters,Henchmen equipment list
mordheim,horned-hunters,Horned Hunters,horned-hunter-equipment-lists,Horned Hunter equipment lists,axe,Axe,5,,campaign.trading-post.axe,5 gc,common,consistent,,https://mordheimer.net/docs/warbands/grade-1b-warbands/horned-hunters,Horned Hunter equipment lists
mordheim,horned-hunters,Horned Hunters,horned-hunter-equipment-lists,Horned Hunter equipment lists,blessed_stag_hide,Blessed Stag Hide,40,,campaign.trading-post.blessed-stag-hide,40 gc,rare,consistent,,https://mordheimer.net/docs/warbands/grade-1b-warbands/horned-hunters,Horned Hunter equipment lists
mordheim,horned-hunters,Horned Hunters,horned-hunter-equipment-lists,Horned Hunter equipment lists,bow,Bow,10,,campaign.trading-post.bow,10 gc,common,consistent,,https://mordheimer.net/docs/warbands/grade-1b-warbands/horned-hunters,Horned Hunter equipment lists
mordheim,horned-hunters,Horned Hunters,horned-hunter-equipment-lists,Horned Hunter equipment lists,dagger,Dagger,2,,campaign.trading-post.dagger,2 gc,common,consistent,,https://mordheimer.net/docs/warbands/grade-1b-warbands/horned-hunters,Horned Hunter equipment lists
mordheim,horned-hunters,Horned Hunters,horned-hunter-equipment-lists,Horned Hunter equipment lists,great_weapon,Great Weapon,15,,campaign.trading-post.great-weapon,(not sold),not_sold,no-market,,https://mordheimer.net/docs/warbands/grade-1b-warbands/horned-hunters,Horned Hunter equipment lists
mordheim,horned-hunters,Horned Hunters,horned-hunter-equipment-lists,Horned Hunter equipment lists,hunting_arrows,Hunting Arrows,20,,campaign.trading-post.hunting-arrows,25 gc + dice,rare,differs-special,,https://mordheimer.net/docs/warbands/grade-1b-warbands/horned-hunters,Horned Hunter equipment lists
mordheim,horned-hunters,Horned Hunters,horned-hunter-equipment-lists,Horned Hunter equipment lists,light_armour,Light Armour,20,,campaign.trading-post.light-armour,20 gc,common,consistent,,https://mordheimer.net/docs/warbands/grade-1b-warbands/horned-hunters,Horned Hunter equipment lists
mordheim,horned-hunters,Horned Hunters,horned-hunter-equipment-lists,Horned Hunter equipment lists,long_bow,Long Bow,15,,campaign.trading-post.long-bow,15 gc,common,consistent,,https://mordheimer.net/docs/warbands/grade-1b-warbands/horned-hunters,Horned Hunter equipment lists
mordheim,horned-hunters,Horned Hunters,horned-hunter-equipment-lists,Horned Hunter equipment lists,mace_hammer,Mace Hammer,3,,campaign.trading-post.club-mace-or-hammer,3 gc,common,consistent,,https://mordheimer.net/docs/warbands/grade-1b-warbands/horned-hunters,Horned Hunter equipment lists
mordheim,horned-hunters,Horned Hunters,horned-hunter-equipment-lists,Horned Hunter equipment lists,shield,Shield,5,,campaign.trading-post.shield,5 gc,common,consistent,,https://mordheimer.net/docs/warbands/grade-1b-warbands/horned-hunters,Horned Hunter equipment lists
mordheim,horned-hunters,Horned Hunters,horned-hunter-equipment-lists,Horned Hunter equipment lists,short_bow,Short Bow,5,,campaign.trading-post.short-bow,5 gc,common,consistent,,https://mordheimer.net/docs/warbands/grade-1b-warbands/horned-hunters,Horned Hunter equipment lists
mordheim,horned-hunters,Horned Hunters,horned-hunter-equipment-lists,Horned Hunter equipment lists,spear,Spear,5,,campaign.trading-post.spear,10 gc,common,differs,,https://mordheimer.net/docs/warbands/grade-1b-warbands/horned-hunters,Horned Hunter equipment lists
mordheim,horned-hunters,Horned Hunters,horned-hunter-equipment-lists,Horned Hunter equipment lists,sword,Sword,10,,campaign.trading-post.sword,10 gc,common,consistent,,https://mordheimer.net/docs/warbands/grade-1b-warbands/horned-hunters,Horned Hunter equipment lists
mordheim,horned-hunters,Horned Hunters,horned-hunter-equipment-lists,Horned Hunter equipment lists,toughened_leathers,Toughened Leathers,5,,campaign.trading-post.toughened-leathers,5 gc,common,consistent,,https://mordheimer.net/docs/warbands/grade-1b-warbands/horned-hunters,Horned Hunter equipment lists
mordheim,horned-hunters,Horned Hunters,horned-hunter-equipment-lists,Horned Hunter equipment lists,trip_wire,Trip Wire,15,,campaign.trading-post.trip-wire,15 gc,common,consistent,,https://mordheimer.net/docs/warbands/grade-1b-warbands/horned-hunters,Horned Hunter equipment lists
mordheim,imperial-outriders,Imperial Outriders,imperial-outriders-equipment-list,Imperial Outriders Equipment List,axe,Axe,5,,campaign.trading-post.axe,5 gc,common,consistent,,https://mordheimer.net/docs/warbands/grade-1b-warbands/imperial-outriders,Imperial Outriders equipment lists / Hand-to-hand Combat Weapons and Armour
mordheim,imperial-outriders,Imperial Outriders,imperial-outriders-equipment-list,Imperial Outriders Equipment List,barding,Barding,80,,campaign.trading-post.barding,80 gc,rare,consistent,,https://mordheimer.net/docs/warbands/grade-1b-warbands/imperial-outriders,Imperial Outriders equipment lists / Hand-to-hand Combat Weapons and Armour
mordheim,imperial-outriders,Imperial Outriders,imperial-outriders-equipment-list,Imperial Outriders Equipment List,buckler,Buckler,5,,campaign.trading-post.buckler,5 gc,common,consistent,,https://mordheimer.net/docs/warbands/grade-1b-warbands/imperial-outriders,Imperial Outriders equipment lists / Hand-to-hand Combat Weapons and Armour
mordheim,imperial-outriders,Imperial Outriders,imperial-outriders-equipment-list,Imperial Outriders Equipment List,dagger,Dagger,2,,campaign.trading-post.dagger,2 gc,common,consistent,,https://mordheimer.net/docs/warbands/grade-1b-warbands/imperial-outriders,Imperial Outriders equipment lists / Hand-to-hand Combat Weapons and Armour
mordheim,imperial-outriders,Imperial Outriders,imperial-outriders-equipment-list,Imperial Outriders Equipment List,gromril_armour,Gromril Armour,150,,campaign.trading-post.gromril-armour,150 gc,rare,consistent,,https://mordheimer.net/docs/warbands/grade-1b-warbands/imperial-outriders,Imperial Outriders equipment lists / Hand-to-hand Combat Weapons and Armour
mordheim,imperial-outriders,Imperial Outriders,imperial-outriders-equipment-list,Imperial Outriders Equipment List,hammer,Hammer,3,,campaign.trading-post.hammer,3 gc,common,consistent,,https://mordheimer.net/docs/warbands/grade-1b-warbands/imperial-outriders,Imperial Outriders equipment lists / Hand-to-hand Combat Weapons and Armour
mordheim,imperial-outriders,Imperial Outriders,imperial-outriders-equipment-list,Imperial Outriders Equipment List,heavy_armour,Heavy Armour,50,,campaign.trading-post.heavy-armour,50 gc,common,consistent,,https://mordheimer.net/docs/warbands/grade-1b-warbands/imperial-outriders,Imperial Outriders equipment lists / Hand-to-hand Combat Weapons and Armour
mordheim,imperial-outriders,Imperial Outriders,imperial-outriders-equipment-list,Imperial Outriders Equipment List,helmet,Helmet,10,,campaign.trading-post.helmet,10 gc,common,consistent,,https://mordheimer.net/docs/warbands/grade-1b-warbands/imperial-outriders,Imperial Outriders equipment lists / Hand-to-hand Combat Weapons and Armour
mordheim,imperial-outriders,Imperial Outriders,imperial-outriders-equipment-list,Imperial Outriders Equipment List,ithilmar_armour,Ithilmar Armour,90,,campaign.trading-post.ithilmar-armour,90 gc,rare,consistent,,https://mordheimer.net/docs/warbands/grade-1b-warbands/imperial-outriders,Imperial Outriders equipment lists / Hand-to-hand Combat Weapons and Armour
mordheim,imperial-outriders,Imperial Outriders,imperial-outriders-equipment-list,Imperial Outriders Equipment List,lance,Lance,40,,campaign.trading-post.lance,40 gc,rare,consistent,,https://mordheimer.net/docs/warbands/grade-1b-warbands/imperial-outriders,Imperial Outriders equipment lists / Hand-to-hand Combat Weapons and Armour
mordheim,imperial-outriders,Imperial Outriders,imperial-outriders-equipment-list,Imperial Outriders Equipment List,light_armour,Light Armour,20,,campaign.trading-post.light-armour,20 gc,common,consistent,,https://mordheimer.net/docs/warbands/grade-1b-warbands/imperial-outriders,Imperial Outriders equipment lists / Hand-to-hand Combat Weapons and Armour
mordheim,imperial-outriders,Imperial Outriders,imperial-outriders-equipment-list,Imperial Outriders Equipment List,morning_star,Morning Star,15,,campaign.trading-post.morning-star,15 gc,common,consistent,,https://mordheimer.net/docs/warbands/grade-1b-warbands/imperial-outriders,Imperial Outriders equipment lists / Hand-to-hand Combat Weapons and Armour
mordheim,imperial-outriders,Imperial Outriders,imperial-outriders-equipment-list,Imperial Outriders Equipment List,shield,Shield,5,,campaign.trading-post.shield,5 gc,common,consistent,,https://mordheimer.net/docs/warbands/grade-1b-warbands/imperial-outriders,Imperial Outriders equipment lists / Hand-to-hand Combat Weapons and Armour
mordheim,imperial-outriders,Imperial Outriders,imperial-outriders-equipment-list,Imperial Outriders Equipment List,spear,Spear,10,,campaign.trading-post.spear,10 gc,common,consistent,,https://mordheimer.net/docs/warbands/grade-1b-warbands/imperial-outriders,Imperial Outriders equipment lists / Hand-to-hand Combat Weapons and Armour
mordheim,imperial-outriders,Imperial Outriders,imperial-outriders-equipment-list,Imperial Outriders Equipment List,sword,Sword,10,,campaign.trading-post.sword,10 gc,common,consistent,,https://mordheimer.net/docs/warbands/grade-1b-warbands/imperial-outriders,Imperial Outriders equipment lists / Hand-to-hand Combat Weapons and Armour
mordheim,imperial-outriders,Imperial Outriders,outrider-missile-weapon-list,Outrider Missile Weapon List,blunderbuss,Blunderbuss,30,,campaign.trading-post.blunderbuss,30 gc,rare,consistent,,https://mordheimer.net/docs/warbands/grade-1b-warbands/imperial-outriders,Imperial Outriders equipment lists / Outrider Missile Weapons
mordheim,imperial-outriders,Imperial Outriders,outrider-missile-weapon-list,Outrider Missile Weapon List,handgun,Handgun,35,,campaign.trading-post.handgun,35 gc,rare,consistent,,https://mordheimer.net/docs/warbands/grade-1b-warbands/imperial-outriders,Imperial Outriders equipment lists / Outrider Missile Weapons
mordheim,imperial-outriders,Imperial Outriders,outrider-missile-weapon-list,Outrider Missile Weapon List,hochland_long_rifle,Hochland Long Rifle,200,,campaign.trading-post.hochland-long-rifle,(not sold),not_sold,no-market,,https://mordheimer.net/docs/warbands/grade-1b-warbands/imperial-outriders,Imperial Outriders equipment lists / Outrider Missile Weapons
mordheim,imperial-outriders,Imperial Outriders,outrider-missile-weapon-list,Outrider Missile Weapon List,pistol,Pistol,15,,campaign.trading-post.pistol,15 gc,rare,consistent,,https://mordheimer.net/docs/warbands/grade-1b-warbands/imperial-outriders,Imperial Outriders equipment lists / Outrider Missile Weapons
mordheim,imperial-outriders,Imperial Outriders,scout-missile-weapon-list,Scout Missile Weapon List,throwing_knives,Throwing Knives,15,,campaign.trading-post.throwing-knives,15 gc,rare,consistent,,https://mordheimer.net/docs/warbands/grade-1b-warbands/imperial-outriders,Imperial Outriders equipment lists / Scout Missile Weapons
mordheim,kislevites,Kislevites,kislev-warrior-equipment-list,Kislev Warrior Equipment List,axe,Axe,5,,campaign.trading-post.axe,5 gc,common,consistent,,https://mordheimer.net/docs/warbands/grade-1a-warbands/kislevites,Kislev Warrior equipment List
mordheim,kislevites,Kislevites,kislev-warrior-equipment-list,Kislev Warrior Equipment List,bow,Bow,10,,campaign.trading-post.bow,10 gc,common,consistent,,https://mordheimer.net/docs/warbands/grade-1a-warbands/kislevites,Kislev Warrior equipment List
mordheim,kislevites,Kislevites,kislev-warrior-equipment-list,Kislev Warrior Equipment List,buckler,Buckler,5,,campaign.trading-post.buckler,5 gc,common,consistent,,https://mordheimer.net/docs/warbands/grade-1a-warbands/kislevites,Kislev Warrior equipment List
mordheim,kislevites,Kislevites,kislev-warrior-equipment-list,Kislev Warrior Equipment List,crossbow,Crossbow,25,,campaign.trading-post.crossbow,25 gc,common,consistent,,https://mordheimer.net/docs/warbands/grade-1a-warbands/kislevites,Kislev Warrior equipment List
mordheim,kislevites,Kislevites,kislev-warrior-equipment-list,Kislev Warrior Equipment List,dagger,Dagger,2,,campaign.trading-post.dagger,2 gc,common,consistent,,https://mordheimer.net/docs/warbands/grade-1a-warbands/kislevites,Kislev Warrior equipment List
mordheim,kislevites,Kislevites,kislev-warrior-equipment-list,Kislev Warrior Equipment List,duelling_pistol,Duelling Pistol,25,,campaign.trading-post.duelling-pistol,30 gc,rare,differs,,https://mordheimer.net/docs/warbands/grade-1a-warbands/kislevites,Kislev Warrior equipment List
mordheim,kislevites,Kislevites,kislev-warrior-equipment-list,Kislev Warrior Equipment List,great_weapon,Great Weapon,15,,campaign.trading-post.great-weapon,(not sold),not_sold,no-market,,https://mordheimer.net/docs/warbands/grade-1a-warbands/kislevites,Kislev Warrior equipment List
mordheim,kislevites,Kislevites,kislev-warrior-equipment-list,Kislev Warrior Equipment List,halberd,Halberd,10,,campaign.trading-post.halberd,10 gc,common,consistent,,https://mordheimer.net/docs/warbands/grade-1a-warbands/kislevites,Kislev Warrior equipment List
mordheim,kislevites,Kislevites,kislev-warrior-equipment-list,Kislev Warrior Equipment List,hammer,Hammer,3,,campaign.trading-post.hammer,3 gc,common,consistent,,https://mordheimer.net/docs/warbands/grade-1a-warbands/kislevites,Kislev Warrior equipment List
mordheim,kislevites,Kislevites,kislev-warrior-equipment-list,Kislev Warrior Equipment List,heavy_armour,Heavy Armour,50,,campaign.trading-post.heavy-armour,50 gc,common,consistent,,https://mordheimer.net/docs/warbands/grade-1a-warbands/kislevites,Kislev Warrior equipment List
mordheim,kislevites,Kislevites,kislev-warrior-equipment-list,Kislev Warrior Equipment List,helmet,Helmet,10,,campaign.trading-post.helmet,10 gc,common,consistent,,https://mordheimer.net/docs/warbands/grade-1a-warbands/kislevites,Kislev Warrior equipment List
mordheim,kislevites,Kislevites,kislev-warrior-equipment-list,Kislev Warrior Equipment List,light_armour,Light Armour,20,,campaign.trading-post.light-armour,20 gc,common,consistent,,https://mordheimer.net/docs/warbands/grade-1a-warbands/kislevites,Kislev Warrior equipment List
mordheim,kislevites,Kislevites,kislev-warrior-equipment-list,Kislev Warrior Equipment List,mace,Mace,3,,campaign.trading-post.mace,3 gc,common,consistent,,https://mordheimer.net/docs/warbands/grade-1a-warbands/kislevites,Kislev Warrior equipment List
mordheim,kislevites,Kislevites,kislev-warrior-equipment-list,Kislev Warrior Equipment List,morning_star,Morning Star,15,,campaign.trading-post.morning-star,15 gc,common,consistent,,https://mordheimer.net/docs/warbands/grade-1a-warbands/kislevites,Kislev Warrior equipment List
mordheim,kislevites,Kislevites,kislev-warrior-equipment-list,Kislev Warrior Equipment List,pistol,Pistol,15,,campaign.trading-post.pistol,15 gc,rare,consistent,,https://mordheimer.net/docs/warbands/grade-1a-warbands/kislevites,Kislev Warrior equipment List
mordheim,kislevites,Kislevites,kislev-warrior-equipment-list,Kislev Warrior Equipment List,shield,Shield,5,,campaign.trading-post.shield,5 gc,common,consistent,,https://mordheimer.net/docs/warbands/grade-1a-warbands/kislevites,Kislev Warrior equipment List
mordheim,kislevites,Kislevites,kislev-warrior-equipment-list,Kislev Warrior Equipment List,short_bow,Short Bow,5,,campaign.trading-post.short-bow,5 gc,common,consistent,,https://mordheimer.net/docs/warbands/grade-1a-warbands/kislevites,Kislev Warrior equipment List
mordheim,kislevites,Kislevites,kislev-warrior-equipment-list,Kislev Warrior Equipment List,spear,Spear,10,,campaign.trading-post.spear,10 gc,common,consistent,,https://mordheimer.net/docs/warbands/grade-1a-warbands/kislevites,Kislev Warrior equipment List
mordheim,kislevites,Kislevites,kislev-warrior-equipment-list,Kislev Warrior Equipment List,sword,Sword,10,,campaign.trading-post.sword,10 gc,common,consistent,,https://mordheimer.net/docs/warbands/grade-1a-warbands/kislevites,Kislev Warrior equipment List
mordheim,kislevites,Kislevites,kislev-warrior-equipment-list,Kislev Warrior Equipment List,throwing_knives,Throwing Knives,15,,campaign.trading-post.throwing-knives,15 gc,rare,consistent,,https://mordheimer.net/docs/warbands/grade-1a-warbands/kislevites,Kislev Warrior equipment List
mordheim,kislevites,Kislevites,streltsi-equipment-list,Streltsi Equipment List,axe,Axe,5,,campaign.trading-post.axe,5 gc,common,consistent,,https://mordheimer.net/docs/warbands/grade-1a-warbands/kislevites,Streltsi equipment list
mordheim,kislevites,Kislevites,streltsi-equipment-list,Streltsi Equipment List,bow,Bow,10,,campaign.trading-post.bow,10 gc,common,consistent,,https://mordheimer.net/docs/warbands/grade-1a-warbands/kislevites,Streltsi equipment list
mordheim,kislevites,Kislevites,streltsi-equipment-list,Streltsi Equipment List,crossbow,Crossbow,25,,campaign.trading-post.crossbow,25 gc,common,consistent,,https://mordheimer.net/docs/warbands/grade-1a-warbands/kislevites,Streltsi equipment list
mordheim,kislevites,Kislevites,streltsi-equipment-list,Streltsi Equipment List,dagger,Dagger,2,,campaign.trading-post.dagger,2 gc,common,consistent,,https://mordheimer.net/docs/warbands/grade-1a-warbands/kislevites,Streltsi equipment list
mordheim,kislevites,Kislevites,streltsi-equipment-list,Streltsi Equipment List,duelling_pistol,Duelling Pistol,25,,campaign.trading-post.duelling-pistol,30 gc,rare,differs,,https://mordheimer.net/docs/warbands/grade-1a-warbands/kislevites,Streltsi equipment list
mordheim,kislevites,Kislevites,streltsi-equipment-list,Streltsi Equipment List,great_weapon,Great Weapon,15,,campaign.trading-post.great-weapon,(not sold),not_sold,no-market,,https://mordheimer.net/docs/warbands/grade-1a-warbands/kislevites,Streltsi equipment list
mordheim,kislevites,Kislevites,streltsi-equipment-list,Streltsi Equipment List,halberd,Halberd,10,,campaign.trading-post.halberd,10 gc,common,consistent,,https://mordheimer.net/docs/warbands/grade-1a-warbands/kislevites,Streltsi equipment list
mordheim,kislevites,Kislevites,streltsi-equipment-list,Streltsi Equipment List,hammer,Hammer,3,,campaign.trading-post.hammer,3 gc,common,consistent,,https://mordheimer.net/docs/warbands/grade-1a-warbands/kislevites,Streltsi equipment list
mordheim,kislevites,Kislevites,streltsi-equipment-list,Streltsi Equipment List,handgun,Handgun,35,,campaign.trading-post.handgun,35 gc,rare,consistent,,https://mordheimer.net/docs/warbands/grade-1a-warbands/kislevites,Streltsi equipment list
mordheim,kislevites,Kislevites,streltsi-equipment-list,Streltsi Equipment List,helmet,Helmet,10,,campaign.trading-post.helmet,10 gc,common,consistent,,https://mordheimer.net/docs/warbands/grade-1a-warbands/kislevites,Streltsi equipment list
mordheim,kislevites,Kislevites,streltsi-equipment-list,Streltsi Equipment List,light_armour,Light Armour,20,,campaign.trading-post.light-armour,20 gc,common,consistent,,https://mordheimer.net/docs/warbands/grade-1a-warbands/kislevites,Streltsi equipment list
mordheim,kislevites,Kislevites,streltsi-equipment-list,Streltsi Equipment List,mace,Mace,3,,campaign.trading-post.mace,3 gc,common,consistent,,https://mordheimer.net/docs/warbands/grade-1a-warbands/kislevites,Streltsi equipment list
mordheim,kislevites,Kislevites,streltsi-equipment-list,Streltsi Equipment List,morning_star,Morning Star,15,,campaign.trading-post.morning-star,15 gc,common,consistent,,https://mordheimer.net/docs/warbands/grade-1a-warbands/kislevites,Streltsi equipment list
mordheim,kislevites,Kislevites,streltsi-equipment-list,Streltsi Equipment List,pistol,Pistol,15,,campaign.trading-post.pistol,15 gc,rare,consistent,,https://mordheimer.net/docs/warbands/grade-1a-warbands/kislevites,Streltsi equipment list
mordheim,kislevites,Kislevites,streltsi-equipment-list,Streltsi Equipment List,shield,Shield,5,,campaign.trading-post.shield,5 gc,common,consistent,,https://mordheimer.net/docs/warbands/grade-1a-warbands/kislevites,Streltsi equipment list
mordheim,kislevites,Kislevites,streltsi-equipment-list,Streltsi Equipment List,spear,Spear,10,,campaign.trading-post.spear,10 gc,common,consistent,,https://mordheimer.net/docs/warbands/grade-1a-warbands/kislevites,Streltsi equipment list
mordheim,kislevites,Kislevites,streltsi-equipment-list,Streltsi Equipment List,sword,Sword,10,,campaign.trading-post.sword,10 gc,common,consistent,,https://mordheimer.net/docs/warbands/grade-1a-warbands/kislevites,Streltsi equipment list
mordheim,lizardmen,Lizardmen,saurus-equipment-list,Saurus equipment list,axe,Axe,5,,campaign.trading-post.axe,5 gc,common,consistent,,https://mordheimer.net/docs/warbands/grade-1b-warbands/lizardmen,Saurus equipment list
mordheim,lizardmen,Lizardmen,saurus-equipment-list,Saurus equipment list,bone_helmet,Bone Helmet,10,,campaign.trading-post.bone-helmet,(not sold),not_sold,no-market,,https://mordheimer.net/docs/warbands/grade-1b-warbands/lizardmen,Saurus equipment list
mordheim,lizardmen,Lizardmen,saurus-equipment-list,Saurus equipment list,dagger,Dagger,2,,campaign.trading-post.dagger,2 gc,common,consistent,,https://mordheimer.net/docs/warbands/grade-1b-warbands/lizardmen,Saurus equipment list
mordheim,lizardmen,Lizardmen,saurus-equipment-list,Saurus equipment list,great_weapon,Great Weapon,15,,campaign.trading-post.great-weapon,(not sold),not_sold,no-market,,https://mordheimer.net/docs/warbands/grade-1b-warbands/lizardmen,Saurus equipment list
mordheim,lizardmen,Lizardmen,saurus-equipment-list,Saurus equipment list,halberd,Halberd,10,,campaign.trading-post.halberd,10 gc,common,consistent,,https://mordheimer.net/docs/warbands/grade-1b-warbands/lizardmen,Saurus equipment list
mordheim,lizardmen,Lizardmen,saurus-equipment-list,Saurus equipment list,light_armour,Light Armour,50,50,campaign.trading-post.light-armour,20 gc,common,override,,https://mordheimer.net/docs/warbands/grade-1b-warbands/lizardmen,Saurus equipment list
mordheim,lizardmen,Lizardmen,saurus-equipment-list,Saurus equipment list,shield,Shield,5,,campaign.trading-post.shield,5 gc,common,consistent,,https://mordheimer.net/docs/warbands/grade-1b-warbands/lizardmen,Saurus equipment list
mordheim,lizardmen,Lizardmen,saurus-equipment-list,Saurus equipment list,spear,Spear,10,,campaign.trading-post.spear,10 gc,common,consistent,,https://mordheimer.net/docs/warbands/grade-1b-warbands/lizardmen,Saurus equipment list
mordheim,lizardmen,Lizardmen,saurus-equipment-list,Saurus equipment list,stone_axe_counts_as_a_club,Stone Axe Counts As A Club,3,,campaign.trading-post.stone-axe-counts-as-a-club,(not sold),not_sold,no-market,,https://mordheimer.net/docs/warbands/grade-1b-warbands/lizardmen,Saurus equipment list
mordheim,lizardmen,Lizardmen,saurus-equipment-list,Saurus equipment list,sword,Sword,10,,campaign.trading-post.sword,10 gc,common,consistent,,https://mordheimer.net/docs/warbands/grade-1b-warbands/lizardmen,Saurus equipment list
mordheim,lizardmen,Lizardmen,skinks-equipment-list,Skinks equipment list,axe,Axe,5,,campaign.trading-post.axe,5 gc,common,consistent,,https://mordheimer.net/docs/warbands/grade-1b-warbands/lizardmen,Skinks equipment list
mordheim,lizardmen,Lizardmen,skinks-equipment-list,Skinks equipment list,blowpipe,Blowpipe,25,,campaign.trading-post.blowpipe,25 gc,rare,consistent,,https://mordheimer.net/docs/warbands/grade-1b-warbands/lizardmen,Skinks equipment list
mordheim,lizardmen,Lizardmen,skinks-equipment-list,Skinks equipment list,bolas,Bolas,5,,campaign.trading-post.bolas,5 gc,common,consistent,,https://mordheimer.net/docs/warbands/grade-1b-warbands/lizardmen,Skinks equipment list
mordheim,lizardmen,Lizardmen,skinks-equipment-list,Skinks equipment list,bone_helmet_skink_priest_only,Bone Helmet Skink Priest Only,10,,campaign.trading-post.bone-helmet-skink-priest-only,(not sold),not_sold,no-market,,https://mordheimer.net/docs/warbands/grade-1b-warbands/lizardmen,Skinks equipment list
mordheim,lizardmen,Lizardmen,skinks-equipment-list,Skinks equipment list,buckler,Buckler,5,,campaign.trading-post.buckler,5 gc,common,consistent,,https://mordheimer.net/docs/warbands/grade-1b-warbands/lizardmen,Skinks equipment list
mordheim,lizardmen,Lizardmen,skinks-equipment-list,Skinks equipment list,dagger,Dagger,2,,campaign.trading-post.dagger,2 gc,common,consistent,,https://mordheimer.net/docs/warbands/grade-1b-warbands/lizardmen,Skinks equipment list
mordheim,lizardmen,Lizardmen,skinks-equipment-list,Skinks equipment list,javelins,Javelins,10,,campaign.trading-post.javelins,5 gc,common,creation-price,Verified on the Lizardmen page: Skink javelins 10 gc is the printed creation-list price; the Armour rule covers light armour only.,https://mordheimer.net/docs/warbands/grade-1b-warbands/lizardmen,Skinks equipment list
mordheim,lizardmen,Lizardmen,skinks-equipment-list,Skinks equipment list,shield,Shield,5,,campaign.trading-post.shield,5 gc,common,consistent,,https://mordheimer.net/docs/warbands/grade-1b-warbands/lizardmen,Skinks equipment list
mordheim,lizardmen,Lizardmen,skinks-equipment-list,Skinks equipment list,short_bow,Short Bow,5,,campaign.trading-post.short-bow,5 gc,common,consistent,,https://mordheimer.net/docs/warbands/grade-1b-warbands/lizardmen,Skinks equipment list
mordheim,lizardmen,Lizardmen,skinks-equipment-list,Skinks equipment list,spear,Spear,10,,campaign.trading-post.spear,10 gc,common,consistent,,https://mordheimer.net/docs/warbands/grade-1b-warbands/lizardmen,Skinks equipment list
mordheim,lizardmen,Lizardmen,skinks-equipment-list,Skinks equipment list,stone_axe_counts_as_a_club,Stone Axe Counts As A Club,3,,campaign.trading-post.stone-axe-counts-as-a-club,(not sold),not_sold,no-market,,https://mordheimer.net/docs/warbands/grade-1b-warbands/lizardmen,Skinks equipment list
mordheim,lizardmen,Lizardmen,skinks-equipment-list,Skinks equipment list,sword_heroes_only,Sword Heroes Only,10,,campaign.trading-post.sword-heroes-only,10 gc,common,consistent,,https://mordheimer.net/docs/warbands/grade-1b-warbands/lizardmen,Skinks equipment list
mordheim,lizardmen,Lizardmen,skinks-equipment-list,Skinks equipment list,throwing_knives,Throwing Knives,15,,campaign.trading-post.throwing-knives,15 gc,rare,consistent,,https://mordheimer.net/docs/warbands/grade-1b-warbands/lizardmen,Skinks equipment list
mordheim,lustrian-reavers,Lustrian Reavers,hero-equipment-list,Hero Equipment List,blowpipe,Blowpipe,15,,campaign.trading-post.blowpipe,25 gc,rare,differs,,https://mordheimer.net/docs/warbands/grade-1c-warbands/lustrian-reavers,Hero Equipment List
mordheim,lustrian-reavers,Lustrian Reavers,hero-equipment-list,Hero Equipment List,buckler,Buckler,10,,campaign.trading-post.buckler,5 gc,common,differs,,https://mordheimer.net/docs/warbands/grade-1c-warbands/lustrian-reavers,Hero Equipment List
mordheim,lustrian-reavers,Lustrian Reavers,hero-equipment-list,Hero Equipment List,crimson_shade,Crimson Shade,35,,campaign.trading-post.crimson-shade,35 gc + dice,rare,consistent-special,,https://mordheimer.net/docs/warbands/grade-1c-warbands/lustrian-reavers,Hero Equipment List
mordheim,lustrian-reavers,Lustrian Reavers,hero-equipment-list,Hero Equipment List,dagger,Dagger,2,,campaign.trading-post.dagger,2 gc,common,consistent,,https://mordheimer.net/docs/warbands/grade-1c-warbands/lustrian-reavers,Hero Equipment List
mordheim,lustrian-reavers,Lustrian Reavers,hero-equipment-list,Hero Equipment List,dark_venom,Dark Venom,30,,campaign.trading-post.dark-venom,30 gc + dice,rare,consistent-special,,https://mordheimer.net/docs/warbands/grade-1c-warbands/lustrian-reavers,Hero Equipment List
mordheim,lustrian-reavers,Lustrian Reavers,hero-equipment-list,Hero Equipment List,great_weapon,Great Weapon,15,,campaign.trading-post.great-weapon,(not sold),not_sold,no-market,,https://mordheimer.net/docs/warbands/grade-1c-warbands/lustrian-reavers,Hero Equipment List
mordheim,lustrian-reavers,Lustrian Reavers,hero-equipment-list,Hero Equipment List,helmet,Helmet,10,,campaign.trading-post.helmet,10 gc,common,consistent,,https://mordheimer.net/docs/warbands/grade-1c-warbands/lustrian-reavers,Hero Equipment List
mordheim,lustrian-reavers,Lustrian Reavers,hero-equipment-list,Hero Equipment List,javelin,Javelin,10,,campaign.trading-post.javelin,5 gc,common,differs,,https://mordheimer.net/docs/warbands/grade-1c-warbands/lustrian-reavers,Hero Equipment List
mordheim,lustrian-reavers,Lustrian Reavers,hero-equipment-list,Hero Equipment List,lance,Lance,40,,campaign.trading-post.lance,40 gc,rare,consistent,,https://mordheimer.net/docs/warbands/grade-1c-warbands/lustrian-reavers,Hero Equipment List
mordheim,lustrian-reavers,Lustrian Reavers,hero-equipment-list,Hero Equipment List,light_armour,Light Armour,20,,campaign.trading-post.light-armour,20 gc,common,consistent,,https://mordheimer.net/docs/warbands/grade-1c-warbands/lustrian-reavers,Hero Equipment List
mordheim,lustrian-reavers,Lustrian Reavers,hero-equipment-list,Hero Equipment List,mace,Mace,3,,campaign.trading-post.mace,3 gc,common,consistent,,https://mordheimer.net/docs/warbands/grade-1c-warbands/lustrian-reavers,Hero Equipment List
mordheim,lustrian-reavers,Lustrian Reavers,hero-equipment-list,Hero Equipment List,misericordia,Misericordia,10,,campaign.trading-post.misericordia,10 gc,common,consistent,,https://mordheimer.net/docs/warbands/grade-1c-warbands/lustrian-reavers,Hero Equipment List
mordheim,lustrian-reavers,Lustrian Reavers,hero-equipment-list,Hero Equipment List,net,Net,5,,campaign.trading-post.net,5 gc,common,consistent,,https://mordheimer.net/docs/warbands/grade-1c-warbands/lustrian-reavers,Hero Equipment List
mordheim,lustrian-reavers,Lustrian Reavers,hero-equipment-list,Hero Equipment List,pistol,Pistol,15,,campaign.trading-post.pistol,15 gc,rare,consistent,,https://mordheimer.net/docs/warbands/grade-1c-warbands/lustrian-reavers,Hero Equipment List
mordheim,lustrian-reavers,Lustrian Reavers,hero-equipment-list,Hero Equipment List,rope_hook,Rope Hook,5,,campaign.trading-post.rope-and-hook,5 gc,common,consistent,,https://mordheimer.net/docs/warbands/grade-1c-warbands/lustrian-reavers,Hero Equipment List
mordheim,lustrian-reavers,Lustrian Reavers,hero-equipment-list,Hero Equipment List,shield,Shield,10,,campaign.trading-post.shield,5 gc,common,differs,,https://mordheimer.net/docs/warbands/grade-1c-warbands/lustrian-reavers,Hero Equipment List
mordheim,lustrian-reavers,Lustrian Reavers,hero-equipment-list,Hero Equipment List,sword,Sword,10,,campaign.trading-post.sword,10 gc,common,consistent,,https://mordheimer.net/docs/warbands/grade-1c-warbands/lustrian-reavers,Hero Equipment List
mordheim,lustrian-reavers,Lustrian Reavers,hero-equipment-list,Hero Equipment List,throwing_knives,Throwing Knives,15,,campaign.trading-post.throwing-knives,15 gc,rare,consistent,,https://mordheimer.net/docs/warbands/grade-1c-warbands/lustrian-reavers,Hero Equipment List
mordheim,lustrian-reavers,Lustrian Reavers,hero-equipment-list,Hero Equipment List,warhorse,Warhorse,80,,campaign.trading-post.warhorse,80 gc,rare,consistent,,https://mordheimer.net/docs/warbands/grade-1c-warbands/lustrian-reavers,Hero Equipment List
mordheim,lustrian-reavers,Lustrian Reavers,hero-equipment-list,Hero Equipment List,warhound,Warhound,20,,campaign.trading-post.wardogs,25 gc + dice,rare,differs-special,,https://mordheimer.net/docs/warbands/grade-1c-warbands/lustrian-reavers,Hero Equipment List
mordheim,lustrian-reavers,Lustrian Reavers,prospect-equipment-list,PROSPECT EQUIPMENT LIST,dagger,Dagger,2,,campaign.trading-post.dagger,2 gc,common,consistent,,https://mordheimer.net/docs/warbands/grade-1c-warbands/lustrian-reavers,PROSPECT EQUIPMENT LIST
mordheim,lustrian-reavers,Lustrian Reavers,prospect-equipment-list,PROSPECT EQUIPMENT LIST,hammer,Hammer,3,,campaign.trading-post.hammer,3 gc,common,consistent,,https://mordheimer.net/docs/warbands/grade-1c-warbands/lustrian-reavers,PROSPECT EQUIPMENT LIST
mordheim,lustrian-reavers,Lustrian Reavers,prospect-equipment-list,PROSPECT EQUIPMENT LIST,helmet,Helmet,10,,campaign.trading-post.helmet,10 gc,common,consistent,,https://mordheimer.net/docs/warbands/grade-1c-warbands/lustrian-reavers,PROSPECT EQUIPMENT LIST
mordheim,lustrian-reavers,Lustrian Reavers,prospect-equipment-list,PROSPECT EQUIPMENT LIST,light_armour,Light Armour,20,,campaign.trading-post.light-armour,20 gc,common,consistent,,https://mordheimer.net/docs/warbands/grade-1c-warbands/lustrian-reavers,PROSPECT EQUIPMENT LIST
mordheim,lustrian-reavers,Lustrian Reavers,prospect-equipment-list,PROSPECT EQUIPMENT LIST,shield,Shield,10,,campaign.trading-post.shield,5 gc,common,differs,,https://mordheimer.net/docs/warbands/grade-1c-warbands/lustrian-reavers,PROSPECT EQUIPMENT LIST
mordheim,lustrian-reavers,Lustrian Reavers,prospect-equipment-list,PROSPECT EQUIPMENT LIST,short_bow,Short Bow,5,,campaign.trading-post.short-bow,5 gc,common,consistent,,https://mordheimer.net/docs/warbands/grade-1c-warbands/lustrian-reavers,PROSPECT EQUIPMENT LIST
mordheim,lustrian-reavers,Lustrian Reavers,prospect-equipment-list,PROSPECT EQUIPMENT LIST,spear,Spear,10,,campaign.trading-post.spear,10 gc,common,consistent,,https://mordheimer.net/docs/warbands/grade-1c-warbands/lustrian-reavers,PROSPECT EQUIPMENT LIST
mordheim,lustrian-reavers,Lustrian Reavers,prospect-equipment-list,PROSPECT EQUIPMENT LIST,sword,Sword,10,,campaign.trading-post.sword,10 gc,common,consistent,,https://mordheimer.net/docs/warbands/grade-1c-warbands/lustrian-reavers,PROSPECT EQUIPMENT LIST
mordheim,maneaters,Maneaters,mountain-guide-equipment-list,Mountain Guide Equipment List,cleaver_counts_as_axe,Cleaver Counts As Axe,5,,campaign.trading-post.cleaver-counts-as-axe,(not sold),not_sold,no-market,,https://mordheimer.net/docs/warbands/grade-1c-warbands/maneaters,Mountain Guide Equipment List
mordheim,maneaters,Maneaters,mountain-guide-equipment-list,Mountain Guide Equipment List,great_weapon,Great Weapon,15,,campaign.trading-post.great-weapon,(not sold),not_sold,no-market,,https://mordheimer.net/docs/warbands/grade-1c-warbands/maneaters,Mountain Guide Equipment List
mordheim,maneaters,Maneaters,mountain-guide-equipment-list,Mountain Guide Equipment List,harpoon_crossbow,Harpoon Crossbow,50,,campaign.trading-post.harpoon-crossbow,50 gc,rare,consistent,,https://mordheimer.net/docs/warbands/grade-1c-warbands/maneaters,Mountain Guide Equipment List
mordheim,maneaters,Maneaters,mountain-guide-equipment-list,Mountain Guide Equipment List,helmet,Helmet,10,,campaign.trading-post.helmet,10 gc,common,consistent,,https://mordheimer.net/docs/warbands/grade-1c-warbands/maneaters,Mountain Guide Equipment List
mordheim,maneaters,Maneaters,mountain-guide-equipment-list,Mountain Guide Equipment List,light_armour,Light Armour,20,,campaign.trading-post.light-armour,20 gc,common,consistent,,https://mordheimer.net/docs/warbands/grade-1c-warbands/maneaters,Mountain Guide Equipment List
mordheim,maneaters,Maneaters,mountain-guide-equipment-list,Mountain Guide Equipment List,ogre_club,Ogre Club,10,,campaign.trading-post.ogre-club,10 gc,common,consistent,,https://mordheimer.net/docs/warbands/grade-1c-warbands/maneaters,Mountain Guide Equipment List
mordheim,maneaters,Maneaters,mountain-guide-equipment-list,Mountain Guide Equipment List,spear,Spear,10,,campaign.trading-post.spear,10 gc,common,consistent,,https://mordheimer.net/docs/warbands/grade-1c-warbands/maneaters,Mountain Guide Equipment List
mordheim,maneaters,Maneaters,mountain-guide-equipment-list,Mountain Guide Equipment List,sword,Sword,10,,campaign.trading-post.sword,10 gc,common,consistent,,https://mordheimer.net/docs/warbands/grade-1c-warbands/maneaters,Mountain Guide Equipment List
mordheim,maneaters,Maneaters,ogre-equipment-list,Ogre Equipment List,cathayan_longsword,Cathayan Longsword,75,,campaign.trading-post.cathayan-longsword,75 gc + dice,rare,consistent-special,,https://mordheimer.net/docs/warbands/grade-1c-warbands/maneaters,Ogre Equipment List
mordheim,maneaters,Maneaters,ogre-equipment-list,Ogre Equipment List,cleaver_counts_as_axe,Cleaver Counts As Axe,5,,campaign.trading-post.cleaver-counts-as-axe,(not sold),not_sold,no-market,,https://mordheimer.net/docs/warbands/grade-1c-warbands/maneaters,Ogre Equipment List
mordheim,maneaters,Maneaters,ogre-equipment-list,Ogre Equipment List,gnoblar_fighter,Gnoblar Fighter,15,,campaign.trading-post.gnoblar-fighter,15 gc + dice,rare,consistent-special,,https://mordheimer.net/docs/warbands/grade-1c-warbands/maneaters,Ogre Equipment List
mordheim,maneaters,Maneaters,ogre-equipment-list,Ogre Equipment List,great_weapon,Great Weapon,15,,campaign.trading-post.great-weapon,(not sold),not_sold,no-market,,https://mordheimer.net/docs/warbands/grade-1c-warbands/maneaters,Ogre Equipment List
mordheim,maneaters,Maneaters,ogre-equipment-list,Ogre Equipment List,hand_held_mortar,Hand Held Mortar,70,,campaign.trading-post.hand-held-mortar,80 gc + dice,rare,differs-special,,https://mordheimer.net/docs/warbands/grade-1c-warbands/maneaters,Ogre Equipment List
mordheim,maneaters,Maneaters,ogre-equipment-list,Ogre Equipment List,heavy_armour,Heavy Armour,50,,campaign.trading-post.heavy-armour,50 gc,common,consistent,,https://mordheimer.net/docs/warbands/grade-1c-warbands/maneaters,Ogre Equipment List
mordheim,maneaters,Maneaters,ogre-equipment-list,Ogre Equipment List,helmet,Helmet,10,,campaign.trading-post.helmet,10 gc,common,consistent,,https://mordheimer.net/docs/warbands/grade-1c-warbands/maneaters,Ogre Equipment List
mordheim,maneaters,Maneaters,ogre-equipment-list,Ogre Equipment List,iron_fist,Iron Fist,15,,campaign.trading-post.iron-fist,15 gc,common,consistent,,https://mordheimer.net/docs/warbands/grade-1c-warbands/maneaters,Ogre Equipment List
mordheim,maneaters,Maneaters,ogre-equipment-list,Ogre Equipment List,light_armour,Light Armour,20,,campaign.trading-post.light-armour,20 gc,common,consistent,,https://mordheimer.net/docs/warbands/grade-1c-warbands/maneaters,Ogre Equipment List
mordheim,maneaters,Maneaters,ogre-equipment-list,Ogre Equipment List,lookout_gnoblar,Lookout Gnoblar,20,,campaign.trading-post.lookout-gnoblar,20 gc,rare,consistent,,https://mordheimer.net/docs/warbands/grade-1c-warbands/maneaters,Ogre Equipment List
mordheim,maneaters,Maneaters,ogre-equipment-list,Ogre Equipment List,luck_gnoblar,Luck Gnoblar,25,,campaign.trading-post.luck-gnoblar,25 gc,rare,consistent,,https://mordheimer.net/docs/warbands/grade-1c-warbands/maneaters,Ogre Equipment List
mordheim,maneaters,Maneaters,ogre-equipment-list,Ogre Equipment List,morning_star,Morning Star,15,,campaign.trading-post.morning-star,15 gc,common,consistent,,https://mordheimer.net/docs/warbands/grade-1c-warbands/maneaters,Ogre Equipment List
mordheim,maneaters,Maneaters,ogre-equipment-list,Ogre Equipment List,ogre_club,Ogre Club,10,,campaign.trading-post.ogre-club,10 gc,common,consistent,,https://mordheimer.net/docs/warbands/grade-1c-warbands/maneaters,Ogre Equipment List
mordheim,maneaters,Maneaters,ogre-equipment-list,Ogre Equipment List,spear,Spear,10,,campaign.trading-post.spear,10 gc,common,consistent,,https://mordheimer.net/docs/warbands/grade-1c-warbands/maneaters,Ogre Equipment List
mordheim,maneaters,Maneaters,ogre-equipment-list,Ogre Equipment List,sword,Sword,10,,campaign.trading-post.sword,10 gc,common,consistent,,https://mordheimer.net/docs/warbands/grade-1c-warbands/maneaters,Ogre Equipment List
mordheim,maneaters,Maneaters,ogre-equipment-list,Ogre Equipment List,sword_gnoblar,Sword Gnoblar,30,,campaign.trading-post.sword-gnoblar,30 gc,rare,consistent,,https://mordheimer.net/docs/warbands/grade-1c-warbands/maneaters,Ogre Equipment List
mordheim,marauders-of-chaos,Marauders of Chaos,henchmen-equipment-list,Henchmen equipment list,axe,Axe,5,,campaign.trading-post.axe,5 gc,common,consistent,,https://mordheimer.net/docs/warbands/grade-1c-warbands/marauders-of-chaos,Henchmen equipment list
mordheim,marauders-of-chaos,Marauders of Chaos,henchmen-equipment-list,Henchmen equipment list,dagger,Dagger,2,,campaign.trading-post.dagger,2 gc,common,consistent,,https://mordheimer.net/docs/warbands/grade-1c-warbands/marauders-of-chaos,Henchmen equipment list
mordheim,marauders-of-chaos,Marauders of Chaos,henchmen-equipment-list,Henchmen equipment list,flail,Flail,15,,campaign.trading-post.flail,15 gc,common,consistent,,https://mordheimer.net/docs/warbands/grade-1c-warbands/marauders-of-chaos,Henchmen equipment list
mordheim,marauders-of-chaos,Marauders of Chaos,henchmen-equipment-list,Henchmen equipment list,hammer,Hammer,3,,campaign.trading-post.hammer,3 gc,common,consistent,,https://mordheimer.net/docs/warbands/grade-1c-warbands/marauders-of-chaos,Henchmen equipment list
mordheim,marauders-of-chaos,Marauders of Chaos,henchmen-equipment-list,Henchmen equipment list,helmet,Helmet,10,,campaign.trading-post.helmet,10 gc,common,consistent,,https://mordheimer.net/docs/warbands/grade-1c-warbands/marauders-of-chaos,Henchmen equipment list
mordheim,marauders-of-chaos,Marauders of Chaos,henchmen-equipment-list,Henchmen equipment list,light_armour,Light Armour,20,,campaign.trading-post.light-armour,20 gc,common,consistent,,https://mordheimer.net/docs/warbands/grade-1c-warbands/marauders-of-chaos,Henchmen equipment list
mordheim,marauders-of-chaos,Marauders of Chaos,henchmen-equipment-list,Henchmen equipment list,morning_star,Morning Star,15,,campaign.trading-post.morning-star,15 gc,common,consistent,,https://mordheimer.net/docs/warbands/grade-1c-warbands/marauders-of-chaos,Henchmen equipment list
mordheim,marauders-of-chaos,Marauders of Chaos,henchmen-equipment-list,Henchmen equipment list,shield,Shield,5,,campaign.trading-post.shield,5 gc,common,consistent,,https://mordheimer.net/docs/warbands/grade-1c-warbands/marauders-of-chaos,Henchmen equipment list
mordheim,marauders-of-chaos,Marauders of Chaos,henchmen-equipment-list,Henchmen equipment list,spear,Spear,10,,campaign.trading-post.spear,10 gc,common,consistent,,https://mordheimer.net/docs/warbands/grade-1c-warbands/marauders-of-chaos,Henchmen equipment list
mordheim,marauders-of-chaos,Marauders of Chaos,henchmen-equipment-list,Henchmen equipment list,sword,Sword,10,,campaign.trading-post.sword,10 gc,common,consistent,,https://mordheimer.net/docs/warbands/grade-1c-warbands/marauders-of-chaos,Henchmen equipment list
mordheim,marauders-of-chaos,Marauders of Chaos,henchmen-equipment-list,Henchmen equipment list,throwing_axes_same_as_throwing_knives,Throwing Axes Same As Throwing Knives,15,,campaign.trading-post.throwing-axes-same-as-throwing-knives,15 gc,rare,consistent,,https://mordheimer.net/docs/warbands/grade-1c-warbands/marauders-of-chaos,Henchmen equipment list
mordheim,marauders-of-chaos,Marauders of Chaos,hero-equipment-list,Hero equipment list,axe,Axe,5,,campaign.trading-post.axe,5 gc,common,consistent,,https://mordheimer.net/docs/warbands/grade-1c-warbands/marauders-of-chaos,Hero equipment list
mordheim,marauders-of-chaos,Marauders of Chaos,hero-equipment-list,Hero equipment list,barbed_whip,Barbed Whip,15,,campaign.trading-post.barbed-whip,15 gc,rare,consistent,,https://mordheimer.net/docs/warbands/grade-1c-warbands/marauders-of-chaos,Hero equipment list
mordheim,marauders-of-chaos,Marauders of Chaos,hero-equipment-list,Hero equipment list,dagger,Dagger,2,,campaign.trading-post.dagger,2 gc,common,consistent,,https://mordheimer.net/docs/warbands/grade-1c-warbands/marauders-of-chaos,Hero equipment list
mordheim,marauders-of-chaos,Marauders of Chaos,hero-equipment-list,Hero equipment list,flail,Flail,15,,campaign.trading-post.flail,15 gc,common,consistent,,https://mordheimer.net/docs/warbands/grade-1c-warbands/marauders-of-chaos,Hero equipment list
mordheim,marauders-of-chaos,Marauders of Chaos,hero-equipment-list,Hero equipment list,great_axe,Great Axe,25,,campaign.trading-post.great-axe,25 gc,rare,consistent,,https://mordheimer.net/docs/warbands/grade-1c-warbands/marauders-of-chaos,Hero equipment list
mordheim,marauders-of-chaos,Marauders of Chaos,hero-equipment-list,Hero equipment list,great_weapon,Great Weapon,15,,campaign.trading-post.great-weapon,(not sold),not_sold,no-market,,https://mordheimer.net/docs/warbands/grade-1c-warbands/marauders-of-chaos,Hero equipment list
mordheim,marauders-of-chaos,Marauders of Chaos,hero-equipment-list,Hero equipment list,halberd,Halberd,10,,campaign.trading-post.halberd,10 gc,common,consistent,,https://mordheimer.net/docs/warbands/grade-1c-warbands/marauders-of-chaos,Hero equipment list
mordheim,marauders-of-chaos,Marauders of Chaos,hero-equipment-list,Hero equipment list,hammer,Hammer,3,,campaign.trading-post.hammer,3 gc,common,consistent,,https://mordheimer.net/docs/warbands/grade-1c-warbands/marauders-of-chaos,Hero equipment list
mordheim,marauders-of-chaos,Marauders of Chaos,hero-equipment-list,Hero equipment list,heavy_armour,Heavy Armour,50,,campaign.trading-post.heavy-armour,50 gc,common,consistent,,https://mordheimer.net/docs/warbands/grade-1c-warbands/marauders-of-chaos,Hero equipment list
mordheim,marauders-of-chaos,Marauders of Chaos,hero-equipment-list,Hero equipment list,helmet,Helmet,10,,campaign.trading-post.helmet,10 gc,common,consistent,,https://mordheimer.net/docs/warbands/grade-1c-warbands/marauders-of-chaos,Hero equipment list
mordheim,marauders-of-chaos,Marauders of Chaos,hero-equipment-list,Hero equipment list,light_armour,Light Armour,20,,campaign.trading-post.light-armour,20 gc,common,consistent,,https://mordheimer.net/docs/warbands/grade-1c-warbands/marauders-of-chaos,Hero equipment list
mordheim,marauders-of-chaos,Marauders of Chaos,hero-equipment-list,Hero equipment list,morning_star,Morning Star,15,,campaign.trading-post.morning-star,15 gc,common,consistent,,https://mordheimer.net/docs/warbands/grade-1c-warbands/marauders-of-chaos,Hero equipment list
mordheim,marauders-of-chaos,Marauders of Chaos,hero-equipment-list,Hero equipment list,shield,Shield,5,,campaign.trading-post.shield,5 gc,common,consistent,,https://mordheimer.net/docs/warbands/grade-1c-warbands/marauders-of-chaos,Hero equipment list
mordheim,marauders-of-chaos,Marauders of Chaos,hero-equipment-list,Hero equipment list,sword,Sword,10,,campaign.trading-post.sword,10 gc,common,consistent,,https://mordheimer.net/docs/warbands/grade-1c-warbands/marauders-of-chaos,Hero equipment list
mordheim,mercenaries,Mercenaries,marksman-equipment-list,Marksman equipment list,axe,Axe,5,,campaign.trading-post.axe,5 gc,common,consistent,,https://mordheimer.net/docs/warbands/grade-1a-warbands/mercenaries,Marksman equipment list
mordheim,mercenaries,Mercenaries,marksman-equipment-list,Marksman equipment list,blunderbuss,Blunderbuss,30,,campaign.trading-post.blunderbuss,30 gc,rare,consistent,,https://mordheimer.net/docs/warbands/grade-1a-warbands/mercenaries,Marksman equipment list
mordheim,mercenaries,Mercenaries,marksman-equipment-list,Marksman equipment list,bow,Bow,10,,campaign.trading-post.bow,10 gc,common,consistent,,https://mordheimer.net/docs/warbands/grade-1a-warbands/mercenaries,Marksman equipment list
mordheim,mercenaries,Mercenaries,marksman-equipment-list,Marksman equipment list,crossbow,Crossbow,25,,campaign.trading-post.crossbow,25 gc,common,consistent,,https://mordheimer.net/docs/warbands/grade-1a-warbands/mercenaries,Marksman equipment list
mordheim,mercenaries,Mercenaries,marksman-equipment-list,Marksman equipment list,dagger,Dagger,2,,campaign.trading-post.dagger,2 gc,common,consistent,,https://mordheimer.net/docs/warbands/grade-1a-warbands/mercenaries,Marksman equipment list
mordheim,mercenaries,Mercenaries,marksman-equipment-list,Marksman equipment list,hammer,Hammer,3,,campaign.trading-post.hammer,3 gc,common,consistent,,https://mordheimer.net/docs/warbands/grade-1a-warbands/mercenaries,Marksman equipment list
mordheim,mercenaries,Mercenaries,marksman-equipment-list,Marksman equipment list,handgun,Handgun,35,,campaign.trading-post.handgun,35 gc,rare,consistent,,https://mordheimer.net/docs/warbands/grade-1a-warbands/mercenaries,Marksman equipment list
mordheim,mercenaries,Mercenaries,marksman-equipment-list,Marksman equipment list,helmet,Helmet,10,,campaign.trading-post.helmet,10 gc,common,consistent,,https://mordheimer.net/docs/warbands/grade-1a-warbands/mercenaries,Marksman equipment list
mordheim,mercenaries,Mercenaries,marksman-equipment-list,Marksman equipment list,hunting_rifle,Hunting Rifle,200,,campaign.trading-post.hunting-rifle,200 gc,rare,consistent,,https://mordheimer.net/docs/warbands/grade-1a-warbands/mercenaries,Marksman equipment list
mordheim,mercenaries,Mercenaries,marksman-equipment-list,Marksman equipment list,light_armour,Light Armour,20,,campaign.trading-post.light-armour,20 gc,common,consistent,,https://mordheimer.net/docs/warbands/grade-1a-warbands/mercenaries,Marksman equipment list
mordheim,mercenaries,Mercenaries,marksman-equipment-list,Marksman equipment list,long_bow,Long Bow,15,,campaign.trading-post.long-bow,15 gc,common,consistent,,https://mordheimer.net/docs/warbands/grade-1a-warbands/mercenaries,Marksman equipment list
mordheim,mercenaries,Mercenaries,marksman-equipment-list,Marksman equipment list,mace,Mace,3,,campaign.trading-post.mace,3 gc,common,consistent,,https://mordheimer.net/docs/warbands/grade-1a-warbands/mercenaries,Marksman equipment list
mordheim,mercenaries,Mercenaries,marksman-equipment-list,Marksman equipment list,pistol,Pistol,15,,campaign.trading-post.pistol,15 gc,rare,consistent,,https://mordheimer.net/docs/warbands/grade-1a-warbands/mercenaries,Marksman equipment list
mordheim,mercenaries,Mercenaries,marksman-equipment-list,Marksman equipment list,shield,Shield,5,,campaign.trading-post.shield,5 gc,common,consistent,,https://mordheimer.net/docs/warbands/grade-1a-warbands/mercenaries,Marksman equipment list
mordheim,mercenaries,Mercenaries,marksman-equipment-list,Marksman equipment list,sword,Sword,10,,campaign.trading-post.sword,10 gc,common,consistent,,https://mordheimer.net/docs/warbands/grade-1a-warbands/mercenaries,Marksman equipment list
mordheim,mercenaries,Mercenaries,mercenary-equipment-lists,Mercenary equipment lists,axe,Axe,5,,campaign.trading-post.axe,5 gc,common,consistent,,https://mordheimer.net/docs/warbands/grade-1a-warbands/mercenaries,Mercenary equipment lists
mordheim,mercenaries,Mercenaries,mercenary-equipment-lists,Mercenary equipment lists,bow,Bow,10,,campaign.trading-post.bow,10 gc,common,consistent,,https://mordheimer.net/docs/warbands/grade-1a-warbands/mercenaries,Mercenary equipment lists
mordheim,mercenaries,Mercenaries,mercenary-equipment-lists,Mercenary equipment lists,buckler,Buckler,5,,campaign.trading-post.buckler,5 gc,common,consistent,,https://mordheimer.net/docs/warbands/grade-1a-warbands/mercenaries,Mercenary equipment lists
mordheim,mercenaries,Mercenaries,mercenary-equipment-lists,Mercenary equipment lists,crossbow,Crossbow,25,,campaign.trading-post.crossbow,25 gc,common,consistent,,https://mordheimer.net/docs/warbands/grade-1a-warbands/mercenaries,Mercenary equipment lists
mordheim,mercenaries,Mercenaries,mercenary-equipment-lists,Mercenary equipment lists,dagger,Dagger,2,,campaign.trading-post.dagger,2 gc,common,consistent,,https://mordheimer.net/docs/warbands/grade-1a-warbands/mercenaries,Mercenary equipment lists
mordheim,mercenaries,Mercenaries,mercenary-equipment-lists,Mercenary equipment lists,duelling_pistol,Duelling Pistol,25,,campaign.trading-post.duelling-pistol,30 gc,rare,creation-price,Verified on the Mercenaries page: 25 gc (50 for a brace) is the printed creation-list price; no market-exception rule.,https://mordheimer.net/docs/warbands/grade-1a-warbands/mercenaries,Mercenary equipment lists
mordheim,mercenaries,Mercenaries,mercenary-equipment-lists,Mercenary equipment lists,great_weapon,Great Weapon,15,,campaign.trading-post.great-weapon,(not sold),not_sold,no-market,,https://mordheimer.net/docs/warbands/grade-1a-warbands/mercenaries,Mercenary equipment lists
mordheim,mercenaries,Mercenaries,mercenary-equipment-lists,Mercenary equipment lists,halberd,Halberd,10,,campaign.trading-post.halberd,10 gc,common,consistent,,https://mordheimer.net/docs/warbands/grade-1a-warbands/mercenaries,Mercenary equipment lists
mordheim,mercenaries,Mercenaries,mercenary-equipment-lists,Mercenary equipment lists,hammer,Hammer,3,,campaign.trading-post.hammer,3 gc,common,consistent,,https://mordheimer.net/docs/warbands/grade-1a-warbands/mercenaries,Mercenary equipment lists
mordheim,mercenaries,Mercenaries,mercenary-equipment-lists,Mercenary equipment lists,heavy_armour,Heavy Armour,50,,campaign.trading-post.heavy-armour,50 gc,common,consistent,,https://mordheimer.net/docs/warbands/grade-1a-warbands/mercenaries,Mercenary equipment lists
mordheim,mercenaries,Mercenaries,mercenary-equipment-lists,Mercenary equipment lists,helmet,Helmet,10,,campaign.trading-post.helmet,10 gc,common,consistent,,https://mordheimer.net/docs/warbands/grade-1a-warbands/mercenaries,Mercenary equipment lists
mordheim,mercenaries,Mercenaries,mercenary-equipment-lists,Mercenary equipment lists,light_armour,Light Armour,20,,campaign.trading-post.light-armour,20 gc,common,consistent,,https://mordheimer.net/docs/warbands/grade-1a-warbands/mercenaries,Mercenary equipment lists
mordheim,mercenaries,Mercenaries,mercenary-equipment-lists,Mercenary equipment lists,mace,Mace,3,,campaign.trading-post.mace,3 gc,common,consistent,,https://mordheimer.net/docs/warbands/grade-1a-warbands/mercenaries,Mercenary equipment lists
mordheim,mercenaries,Mercenaries,mercenary-equipment-lists,Mercenary equipment lists,morning_star,Morning Star,15,,campaign.trading-post.morning-star,15 gc,common,consistent,,https://mordheimer.net/docs/warbands/grade-1a-warbands/mercenaries,Mercenary equipment lists
mordheim,mercenaries,Mercenaries,mercenary-equipment-lists,Mercenary equipment lists,pistol,Pistol,15,,campaign.trading-post.pistol,15 gc,rare,consistent,,https://mordheimer.net/docs/warbands/grade-1a-warbands/mercenaries,Mercenary equipment lists
mordheim,mercenaries,Mercenaries,mercenary-equipment-lists,Mercenary equipment lists,shield,Shield,5,,campaign.trading-post.shield,5 gc,common,consistent,,https://mordheimer.net/docs/warbands/grade-1a-warbands/mercenaries,Mercenary equipment lists
mordheim,mercenaries,Mercenaries,mercenary-equipment-lists,Mercenary equipment lists,spear,Spear,10,,campaign.trading-post.spear,10 gc,common,consistent,,https://mordheimer.net/docs/warbands/grade-1a-warbands/mercenaries,Mercenary equipment lists
mordheim,mercenaries,Mercenaries,mercenary-equipment-lists,Mercenary equipment lists,sword,Sword,10,,campaign.trading-post.sword,10 gc,common,consistent,,https://mordheimer.net/docs/warbands/grade-1a-warbands/mercenaries,Mercenary equipment lists
mordheim,mercenaries,Mercenaries,mercenary-equipment-lists,Mercenary equipment lists,wolfcloak,Wolfcloak,10,,campaign.trading-post.wolfcloak,10 gc,common,consistent,,https://mordheimer.net/docs/warbands/grade-1a-warbands/mercenaries,Mercenary equipment lists
mordheim,merchant-caravans,Merchant Caravans,cathayan-equipment-list,Cathayan Equipment List,club,Club,3,,campaign.trading-post.club,3 gc,common,consistent,,https://mordheimer.net/docs/warbands/grade-1c-warbands/merchant-caravans,Cathayan Equipment List
mordheim,merchant-caravans,Merchant Caravans,cathayan-equipment-list,Cathayan Equipment List,dagger,Dagger,2,,campaign.trading-post.dagger,2 gc,common,consistent,,https://mordheimer.net/docs/warbands/grade-1c-warbands/merchant-caravans,Cathayan Equipment List
mordheim,merchant-caravans,Merchant Caravans,cathayan-equipment-list,Cathayan Equipment List,dragon_sword,Dragon Sword,20,,campaign.trading-post.dragon-sword,20 gc,rare,consistent,,https://mordheimer.net/docs/warbands/grade-1c-warbands/merchant-caravans,Cathayan Equipment List
mordheim,merchant-caravans,Merchant Caravans,cathayan-equipment-list,Cathayan Equipment List,great_weapon,Great Weapon,15,,campaign.trading-post.great-weapon,(not sold),not_sold,no-market,,https://mordheimer.net/docs/warbands/grade-1c-warbands/merchant-caravans,Cathayan Equipment List
mordheim,merchant-caravans,Merchant Caravans,cathayan-equipment-list,Cathayan Equipment List,heavy_armour,Heavy Armour,50,,campaign.trading-post.heavy-armour,50 gc,common,consistent,,https://mordheimer.net/docs/warbands/grade-1c-warbands/merchant-caravans,Cathayan Equipment List
mordheim,merchant-caravans,Merchant Caravans,cathayan-equipment-list,Cathayan Equipment List,helmet,Helmet,10,,campaign.trading-post.helmet,10 gc,common,consistent,,https://mordheimer.net/docs/warbands/grade-1c-warbands/merchant-caravans,Cathayan Equipment List
mordheim,merchant-caravans,Merchant Caravans,cathayan-equipment-list,Cathayan Equipment List,light_armour,Light Armour,20,,campaign.trading-post.light-armour,20 gc,common,consistent,,https://mordheimer.net/docs/warbands/grade-1c-warbands/merchant-caravans,Cathayan Equipment List
mordheim,merchant-caravans,Merchant Caravans,cathayan-equipment-list,Cathayan Equipment List,shield,Shield,5,,campaign.trading-post.shield,5 gc,common,consistent,,https://mordheimer.net/docs/warbands/grade-1c-warbands/merchant-caravans,Cathayan Equipment List
mordheim,merchant-caravans,Merchant Caravans,cathayan-equipment-list,Cathayan Equipment List,sword,Sword,10,,campaign.trading-post.sword,10 gc,common,consistent,,https://mordheimer.net/docs/warbands/grade-1c-warbands/merchant-caravans,Cathayan Equipment List
mordheim,merchant-caravans,Merchant Caravans,henchman-equipment-list,Henchman Equipment List,axe,Axe,5,,campaign.trading-post.axe,5 gc,common,consistent,,https://mordheimer.net/docs/warbands/grade-1c-warbands/merchant-caravans,Henchman Equipment List
mordheim,merchant-caravans,Merchant Caravans,henchman-equipment-list,Henchman Equipment List,crossbow,Crossbow,25,,campaign.trading-post.crossbow,25 gc,common,consistent,,https://mordheimer.net/docs/warbands/grade-1c-warbands/merchant-caravans,Henchman Equipment List
mordheim,merchant-caravans,Merchant Caravans,henchman-equipment-list,Henchman Equipment List,dagger,Dagger,2,,campaign.trading-post.dagger,2 gc,common,consistent,,https://mordheimer.net/docs/warbands/grade-1c-warbands/merchant-caravans,Henchman Equipment List
mordheim,merchant-caravans,Merchant Caravans,henchman-equipment-list,Henchman Equipment List,halberd,Halberd,10,,campaign.trading-post.halberd,10 gc,common,consistent,,https://mordheimer.net/docs/warbands/grade-1c-warbands/merchant-caravans,Henchman Equipment List
mordheim,merchant-caravans,Merchant Caravans,henchman-equipment-list,Henchman Equipment List,hammer,Hammer,3,,campaign.trading-post.hammer,3 gc,common,consistent,,https://mordheimer.net/docs/warbands/grade-1c-warbands/merchant-caravans,Henchman Equipment List
mordheim,merchant-caravans,Merchant Caravans,henchman-equipment-list,Henchman Equipment List,heavy_armour,Heavy Armour,50,,campaign.trading-post.heavy-armour,50 gc,common,consistent,,https://mordheimer.net/docs/warbands/grade-1c-warbands/merchant-caravans,Henchman Equipment List
mordheim,merchant-caravans,Merchant Caravans,henchman-equipment-list,Henchman Equipment List,helmet,Helmet,10,,campaign.trading-post.helmet,10 gc,common,consistent,,https://mordheimer.net/docs/warbands/grade-1c-warbands/merchant-caravans,Henchman Equipment List
mordheim,merchant-caravans,Merchant Caravans,henchman-equipment-list,Henchman Equipment List,light_armour,Light Armour,20,,campaign.trading-post.light-armour,20 gc,common,consistent,,https://mordheimer.net/docs/warbands/grade-1c-warbands/merchant-caravans,Henchman Equipment List
mordheim,merchant-caravans,Merchant Caravans,henchman-equipment-list,Henchman Equipment List,pike,Pike,10,,campaign.trading-post.pike.merchant-caravans,10 gc,rare,consistent,,https://mordheimer.net/docs/warbands/grade-1c-warbands/merchant-caravans,Henchman Equipment List
mordheim,merchant-caravans,Merchant Caravans,henchman-equipment-list,Henchman Equipment List,shield,Shield,5,,campaign.trading-post.shield,5 gc,common,consistent,,https://mordheimer.net/docs/warbands/grade-1c-warbands/merchant-caravans,Henchman Equipment List
mordheim,merchant-caravans,Merchant Caravans,henchman-equipment-list,Henchman Equipment List,sword,Sword,10,,campaign.trading-post.sword,10 gc,common,consistent,,https://mordheimer.net/docs/warbands/grade-1c-warbands/merchant-caravans,Henchman Equipment List
mordheim,merchant-caravans,Merchant Caravans,hero-equipment-list,Hero Equipment List,cathayan_silk_cloak,Cathayan Silk Cloak,40,,campaign.trading-post.cathayan-silk-clothes,50 gc + dice,rare,differs-special,,https://mordheimer.net/docs/warbands/grade-1c-warbands/merchant-caravans,Hero Equipment List
mordheim,merchant-caravans,Merchant Caravans,hero-equipment-list,Hero Equipment List,dagger,Dagger,2,,campaign.trading-post.dagger,2 gc,common,consistent,,https://mordheimer.net/docs/warbands/grade-1c-warbands/merchant-caravans,Hero Equipment List
mordheim,merchant-caravans,Merchant Caravans,hero-equipment-list,Hero Equipment List,duelling_pistol,Duelling Pistol,30,,campaign.trading-post.duelling-pistol,30 gc,rare,consistent,,https://mordheimer.net/docs/warbands/grade-1c-warbands/merchant-caravans,Hero Equipment List
mordheim,merchant-caravans,Merchant Caravans,hero-equipment-list,Hero Equipment List,hammer,Hammer,3,,campaign.trading-post.hammer,3 gc,common,consistent,,https://mordheimer.net/docs/warbands/grade-1c-warbands/merchant-caravans,Hero Equipment List
mordheim,merchant-caravans,Merchant Caravans,hero-equipment-list,Hero Equipment List,heavy_armour,Heavy Armour,50,,campaign.trading-post.heavy-armour,50 gc,common,consistent,,https://mordheimer.net/docs/warbands/grade-1c-warbands/merchant-caravans,Hero Equipment List
mordheim,merchant-caravans,Merchant Caravans,hero-equipment-list,Hero Equipment List,helmet,Helmet,10,,campaign.trading-post.helmet,10 gc,common,consistent,,https://mordheimer.net/docs/warbands/grade-1c-warbands/merchant-caravans,Hero Equipment List
mordheim,merchant-caravans,Merchant Caravans,hero-equipment-list,Hero Equipment List,light_armour,Light Armour,20,,campaign.trading-post.light-armour,20 gc,common,consistent,,https://mordheimer.net/docs/warbands/grade-1c-warbands/merchant-caravans,Hero Equipment List
mordheim,merchant-caravans,Merchant Caravans,hero-equipment-list,Hero Equipment List,pistol,Pistol,15,,campaign.trading-post.pistol,15 gc,rare,consistent,,https://mordheimer.net/docs/warbands/grade-1c-warbands/merchant-caravans,Hero Equipment List
mordheim,merchant-caravans,Merchant Caravans,hero-equipment-list,Hero Equipment List,rapier,Rapier,15,,campaign.trading-post.rapier,15 gc,rare,consistent,,https://mordheimer.net/docs/warbands/grade-1c-warbands/merchant-caravans,Hero Equipment List
mordheim,merchant-caravans,Merchant Caravans,hero-equipment-list,Hero Equipment List,shield,Shield,5,,campaign.trading-post.shield,5 gc,common,consistent,,https://mordheimer.net/docs/warbands/grade-1c-warbands/merchant-caravans,Hero Equipment List
mordheim,merchant-caravans,Merchant Caravans,hero-equipment-list,Hero Equipment List,sword,Sword,10,,campaign.trading-post.sword,10 gc,common,consistent,,https://mordheimer.net/docs/warbands/grade-1c-warbands/merchant-caravans,Hero Equipment List
mordheim,merchant-caravans,Merchant Caravans,hero-equipment-list,Hero Equipment List,trade_wagon,Trade Wagon,180,,campaign.trading-post.trade-wagon,180 gc,common,consistent,,https://mordheimer.net/docs/warbands/grade-1c-warbands/merchant-caravans,Hero Equipment List
mordheim,merchant-caravans,Merchant Caravans,hero-equipment-list,Hero Equipment List,warhorse,Warhorse,40,,campaign.trading-post.warhorse,80 gc,rare,differs,,https://mordheimer.net/docs/warbands/grade-1c-warbands/merchant-caravans,Hero Equipment List
mordheim,mootlanders,Mootlanders,mootlander-equipment-list,Halfling Equipment List,bow,Bow,10,,campaign.trading-post.bow,10 gc,common,consistent,,https://mordheimer.net/docs/warbands/grade-1b-warbands/mootlanders,Mootlander Equipment List
mordheim,mootlanders,Mootlanders,mootlander-equipment-list,Halfling Equipment List,cooking_pot_helmet,Cooking Pot Helmet,8,,campaign.trading-post.cooking-pot-helmet,8 gc,common,consistent,,https://mordheimer.net/docs/warbands/grade-1b-warbands/mootlanders,Mootlander Equipment List
mordheim,mootlanders,Mootlanders,mootlander-equipment-list,Halfling Equipment List,dagger,Dagger,2,,campaign.trading-post.dagger,2 gc,common,consistent,,https://mordheimer.net/docs/warbands/grade-1b-warbands/mootlanders,Mootlander Equipment List
mordheim,mootlanders,Mootlanders,mootlander-equipment-list,Halfling Equipment List,light_armour,Light Armour,20,,campaign.trading-post.light-armour,20 gc,common,consistent,,https://mordheimer.net/docs/warbands/grade-1b-warbands/mootlanders,Mootlander Equipment List
mordheim,mootlanders,Mootlanders,mootlander-equipment-list,Halfling Equipment List,mace,Mace,3,,campaign.trading-post.mace,3 gc,common,consistent,,https://mordheimer.net/docs/warbands/grade-1b-warbands/mootlanders,Mootlander Equipment List
mordheim,mootlanders,Mootlanders,mootlander-equipment-list,Halfling Equipment List,shield,Shield,5,,campaign.trading-post.shield,5 gc,common,consistent,,https://mordheimer.net/docs/warbands/grade-1b-warbands/mootlanders,Mootlander Equipment List
mordheim,mootlanders,Mootlanders,mootlander-equipment-list,Halfling Equipment List,short_bow,Short Bow,5,,campaign.trading-post.short-bow,5 gc,common,consistent,,https://mordheimer.net/docs/warbands/grade-1b-warbands/mootlanders,Mootlander Equipment List
mordheim,mootlanders,Mootlanders,mootlander-equipment-list,Halfling Equipment List,sling,Sling,2,,campaign.trading-post.sling,2 gc,common,consistent,,https://mordheimer.net/docs/warbands/grade-1b-warbands/mootlanders,Mootlander Equipment List
mordheim,mootlanders,Mootlanders,mootlander-equipment-list,Halfling Equipment List,spear,Spear,10,,campaign.trading-post.spear,10 gc,common,consistent,,https://mordheimer.net/docs/warbands/grade-1b-warbands/mootlanders,Mootlander Equipment List
mordheim,mootlanders,Mootlanders,mootlander-equipment-list,Halfling Equipment List,sword,Sword,10,,campaign.trading-post.sword,10 gc,common,consistent,,https://mordheimer.net/docs/warbands/grade-1b-warbands/mootlanders,Mootlander Equipment List
mordheim,mootlanders,Mootlanders,master-chef-list,Master Chef List,cleaver,Cleaver,3,,campaign.trading-post.cleaver,3 gc,common,consistent,,https://mordheimer.net/docs/warbands/grade-1b-warbands/mootlanders,Mootlander Equipment List / Master Chef List
mordheim,mootlanders,Mootlanders,master-chef-list,Master Chef List,kitchen_knife,Kitchen Knife,2,,campaign.trading-post.kitchen-knife,2 gc,common,consistent,,https://mordheimer.net/docs/warbands/grade-1b-warbands/mootlanders,Mootlander Equipment List / Master Chef List
mordheim,mootlanders,Mootlanders,master-chef-list,Master Chef List,ladle,Ladle,2,,campaign.trading-post.ladle,2 gc,common,consistent,,https://mordheimer.net/docs/warbands/grade-1b-warbands/mootlanders,Mootlander Equipment List / Master Chef List
mordheim,mootlanders,Mootlanders,master-chef-list,Master Chef List,tenderiser,Tenderiser,3,,campaign.trading-post.tenderiser,3 gc,common,consistent,,https://mordheimer.net/docs/warbands/grade-1b-warbands/mootlanders,Mootlander Equipment List / Master Chef List
mordheim,night-goblins-mic,Night Goblins,fanatic-equipment-list,Fanatic Equipment List,ball_chain,Ball Chain,15,,campaign.trading-post.ball-and-chain,15 gc,common,consistent,,https://mordheimer.net/docs/warbands/grade-1c-warbands/night-goblins,Fanatic Equipment List
mordheim,night-goblins-mic,Night Goblins,fanatic-equipment-list,Fanatic Equipment List,great_weapon,Great Weapon,15,,campaign.trading-post.great-weapon,(not sold),not_sold,no-market,,https://mordheimer.net/docs/warbands/grade-1c-warbands/night-goblins,Fanatic Equipment List
mordheim,night-goblins-mic,Night Goblins,fanatic-equipment-list,Fanatic Equipment List,mad_cap_mushrooms,Mad Cap Mushrooms,25,,campaign.trading-post.mad-cap-mushrooms,30 gc + dice,rare,differs-special,,https://mordheimer.net/docs/warbands/grade-1c-warbands/night-goblins,Fanatic Equipment List
mordheim,night-goblins-mic,Night Goblins,fanatic-equipment-list,Fanatic Equipment List,poison_daggers,Poison Daggers,25,,campaign.trading-post.poison-daggers,25 gc,common,consistent,,https://mordheimer.net/docs/warbands/grade-1c-warbands/night-goblins,Fanatic Equipment List
mordheim,night-goblins-mic,Night Goblins,night-goblin-equipment-list,Night Goblin Equipment List,club,Club,3,,campaign.trading-post.club,3 gc,common,consistent,,https://mordheimer.net/docs/warbands/grade-1c-warbands/night-goblins,Night Goblin Equipment List
mordheim,night-goblins-mic,Night Goblins,night-goblin-equipment-list,Night Goblin Equipment List,dagger,Dagger,2,,campaign.trading-post.dagger,2 gc,common,consistent,,https://mordheimer.net/docs/warbands/grade-1c-warbands/night-goblins,Night Goblin Equipment List
mordheim,night-goblins-mic,Night Goblins,night-goblin-equipment-list,Night Goblin Equipment List,helmet,Helmet,10,,campaign.trading-post.helmet,10 gc,common,consistent,,https://mordheimer.net/docs/warbands/grade-1c-warbands/night-goblins,Night Goblin Equipment List
mordheim,night-goblins-mic,Night Goblins,night-goblin-equipment-list,Night Goblin Equipment List,light_armour,Light Armour,20,,campaign.trading-post.light-armour,20 gc,common,consistent,,https://mordheimer.net/docs/warbands/grade-1c-warbands/night-goblins,Night Goblin Equipment List
mordheim,night-goblins-mic,Night Goblins,night-goblin-equipment-list,Night Goblin Equipment List,shield,Shield,5,,campaign.trading-post.shield,5 gc,common,consistent,,https://mordheimer.net/docs/warbands/grade-1c-warbands/night-goblins,Night Goblin Equipment List
mordheim,night-goblins-mic,Night Goblins,night-goblin-equipment-list,Night Goblin Equipment List,short_bow,Short Bow,5,,campaign.trading-post.short-bow,5 gc,common,consistent,,https://mordheimer.net/docs/warbands/grade-1c-warbands/night-goblins,Night Goblin Equipment List
mordheim,night-goblins-mic,Night Goblins,night-goblin-equipment-list,Night Goblin Equipment List,spear,Spear,10,,campaign.trading-post.spear,10 gc,common,consistent,,https://mordheimer.net/docs/warbands/grade-1c-warbands/night-goblins,Night Goblin Equipment List
mordheim,night-goblins-mic,Night Goblins,night-goblin-equipment-list,Night Goblin Equipment List,sword,Sword,10,,campaign.trading-post.sword,10 gc,common,consistent,,https://mordheimer.net/docs/warbands/grade-1c-warbands/night-goblins,Night Goblin Equipment List
mordheim,night-goblins-web,Night Goblins (web),fanatic-equipment-list,Fanatic Equipment List,ball_chain,Ball Chain,15,,campaign.trading-post.ball-and-chain,15 gc,common,consistent,,https://mordheimer.net/docs/warbands/grade-1c-warbands/night-goblins-web,Fanatic Equipment List
mordheim,night-goblins-web,Night Goblins (web),fanatic-equipment-list,Fanatic Equipment List,great_weapon,Great Weapon,15,,campaign.trading-post.great-weapon,(not sold),not_sold,no-market,,https://mordheimer.net/docs/warbands/grade-1c-warbands/night-goblins-web,Fanatic Equipment List
mordheim,night-goblins-web,Night Goblins (web),fanatic-equipment-list,Fanatic Equipment List,mad_cap_mushrooms,Mad Cap Mushrooms,15,,campaign.trading-post.mad-cap-mushrooms,30 gc + dice,rare,differs-special,,https://mordheimer.net/docs/warbands/grade-1c-warbands/night-goblins-web,Fanatic Equipment List
mordheim,night-goblins-web,Night Goblins (web),fanatic-equipment-list,Fanatic Equipment List,poison_daggers,Poison Daggers,25,,campaign.trading-post.poison-daggers,25 gc,common,consistent,,https://mordheimer.net/docs/warbands/grade-1c-warbands/night-goblins-web,Fanatic Equipment List
mordheim,night-goblins-web,Night Goblins (web),henchmen-equipment-list,Henchmen Equipment List,club,Club,3,,campaign.trading-post.club,3 gc,common,consistent,,https://mordheimer.net/docs/warbands/grade-1c-warbands/night-goblins-web,Henchmen Equipment List
mordheim,night-goblins-web,Night Goblins (web),henchmen-equipment-list,Henchmen Equipment List,dagger,Dagger,2,,campaign.trading-post.dagger,2 gc,common,consistent,,https://mordheimer.net/docs/warbands/grade-1c-warbands/night-goblins-web,Henchmen Equipment List
mordheim,night-goblins-web,Night Goblins (web),henchmen-equipment-list,Henchmen Equipment List,light_armour,Light Armour,20,,campaign.trading-post.light-armour,20 gc,common,consistent,,https://mordheimer.net/docs/warbands/grade-1c-warbands/night-goblins-web,Henchmen Equipment List
mordheim,night-goblins-web,Night Goblins (web),henchmen-equipment-list,Henchmen Equipment List,mad_cap_mushrooms,Mad Cap Mushrooms,15,,campaign.trading-post.mad-cap-mushrooms,30 gc + dice,rare,differs-special,,https://mordheimer.net/docs/warbands/grade-1c-warbands/night-goblins-web,Henchmen Equipment List
mordheim,night-goblins-web,Night Goblins (web),henchmen-equipment-list,Henchmen Equipment List,net,Net,5,,campaign.trading-post.net,5 gc,common,consistent,,https://mordheimer.net/docs/warbands/grade-1c-warbands/night-goblins-web,Henchmen Equipment List
mordheim,night-goblins-web,Night Goblins (web),henchmen-equipment-list,Henchmen Equipment List,shield,Shield,5,,campaign.trading-post.shield,5 gc,common,consistent,,https://mordheimer.net/docs/warbands/grade-1c-warbands/night-goblins-web,Henchmen Equipment List
mordheim,night-goblins-web,Night Goblins (web),henchmen-equipment-list,Henchmen Equipment List,short_bow,Short Bow,5,,campaign.trading-post.short-bow,5 gc,common,consistent,,https://mordheimer.net/docs/warbands/grade-1c-warbands/night-goblins-web,Henchmen Equipment List
mordheim,night-goblins-web,Night Goblins (web),henchmen-equipment-list,Henchmen Equipment List,spear,Spear,5,,campaign.trading-post.spear,10 gc,common,differs,,https://mordheimer.net/docs/warbands/grade-1c-warbands/night-goblins-web,Henchmen Equipment List
mordheim,night-goblins-web,Night Goblins (web),henchmen-equipment-list,Henchmen Equipment List,squig_prodder,Squig Prodder,15,,campaign.trading-post.squig-prodder,15 gc,common,consistent,,https://mordheimer.net/docs/warbands/grade-1c-warbands/night-goblins-web,Henchmen Equipment List
mordheim,night-goblins-web,Night Goblins (web),henchmen-equipment-list,Henchmen Equipment List,sword,Sword,10,,campaign.trading-post.sword,10 gc,common,consistent,,https://mordheimer.net/docs/warbands/grade-1c-warbands/night-goblins-web,Henchmen Equipment List
mordheim,night-goblins-web,Night Goblins (web),hero-equipment-list,Hero Equipment List,boss_pole,Boss Pole,20,,campaign.trading-post.boss-pole,20 gc,common,consistent,,https://mordheimer.net/docs/warbands/grade-1c-warbands/night-goblins-web,Hero Equipment List
mordheim,night-goblins-web,Night Goblins (web),hero-equipment-list,Hero Equipment List,club,Club,3,,campaign.trading-post.club,3 gc,common,consistent,,https://mordheimer.net/docs/warbands/grade-1c-warbands/night-goblins-web,Hero Equipment List
mordheim,night-goblins-web,Night Goblins (web),hero-equipment-list,Hero Equipment List,dagger,Dagger,2,,campaign.trading-post.dagger,2 gc,common,consistent,,https://mordheimer.net/docs/warbands/grade-1c-warbands/night-goblins-web,Hero Equipment List
mordheim,night-goblins-web,Night Goblins (web),hero-equipment-list,Hero Equipment List,halberd,Halberd,10,,campaign.trading-post.halberd,10 gc,common,consistent,,https://mordheimer.net/docs/warbands/grade-1c-warbands/night-goblins-web,Hero Equipment List
mordheim,night-goblins-web,Night Goblins (web),hero-equipment-list,Hero Equipment List,helmet,Helmet,10,,campaign.trading-post.helmet,10 gc,common,consistent,,https://mordheimer.net/docs/warbands/grade-1c-warbands/night-goblins-web,Hero Equipment List
mordheim,night-goblins-web,Night Goblins (web),hero-equipment-list,Hero Equipment List,light_armour,Light Armour,20,,campaign.trading-post.light-armour,20 gc,common,consistent,,https://mordheimer.net/docs/warbands/grade-1c-warbands/night-goblins-web,Hero Equipment List
mordheim,night-goblins-web,Night Goblins (web),hero-equipment-list,Hero Equipment List,mad_cap_mushrooms,Mad Cap Mushrooms,15,,campaign.trading-post.mad-cap-mushrooms,30 gc + dice,rare,differs-special,,https://mordheimer.net/docs/warbands/grade-1c-warbands/night-goblins-web,Hero Equipment List
mordheim,night-goblins-web,Night Goblins (web),hero-equipment-list,Hero Equipment List,net,Net,5,,campaign.trading-post.net,5 gc,common,consistent,,https://mordheimer.net/docs/warbands/grade-1c-warbands/night-goblins-web,Hero Equipment List
mordheim,night-goblins-web,Night Goblins (web),hero-equipment-list,Hero Equipment List,poison_daggers,Poison Daggers,25,,campaign.trading-post.poison-daggers,25 gc,common,consistent,,https://mordheimer.net/docs/warbands/grade-1c-warbands/night-goblins-web,Hero Equipment List
mordheim,night-goblins-web,Night Goblins (web),hero-equipment-list,Hero Equipment List,shield,Shield,5,,campaign.trading-post.shield,5 gc,common,consistent,,https://mordheimer.net/docs/warbands/grade-1c-warbands/night-goblins-web,Hero Equipment List
mordheim,night-goblins-web,Night Goblins (web),hero-equipment-list,Hero Equipment List,short_bow,Short Bow,5,,campaign.trading-post.short-bow,5 gc,common,consistent,,https://mordheimer.net/docs/warbands/grade-1c-warbands/night-goblins-web,Hero Equipment List
mordheim,night-goblins-web,Night Goblins (web),hero-equipment-list,Hero Equipment List,sling,Sling,2,,campaign.trading-post.sling,2 gc,common,consistent,,https://mordheimer.net/docs/warbands/grade-1c-warbands/night-goblins-web,Hero Equipment List
mordheim,night-goblins-web,Night Goblins (web),hero-equipment-list,Hero Equipment List,spear,Spear,10,,campaign.trading-post.spear,10 gc,common,consistent,,https://mordheimer.net/docs/warbands/grade-1c-warbands/night-goblins-web,Hero Equipment List
mordheim,night-goblins-web,Night Goblins (web),hero-equipment-list,Hero Equipment List,squig_prodder,Squig Prodder,15,,campaign.trading-post.squig-prodder,15 gc,common,consistent,,https://mordheimer.net/docs/warbands/grade-1c-warbands/night-goblins-web,Hero Equipment List
mordheim,night-goblins-web,Night Goblins (web),hero-equipment-list,Hero Equipment List,sword,Sword,10,,campaign.trading-post.sword,10 gc,common,consistent,,https://mordheimer.net/docs/warbands/grade-1c-warbands/night-goblins-web,Hero Equipment List
mordheim,night-goblins-web,Night Goblins (web),hero-equipment-list,Hero Equipment List,throwing_knives,Throwing Knives,15,,campaign.trading-post.throwing-knives,15 gc,rare,consistent,,https://mordheimer.net/docs/warbands/grade-1c-warbands/night-goblins-web,Hero Equipment List
mordheim,night-goblins-web,Night Goblins (web),hero-equipment-list,Hero Equipment List,two_handed_weapon,Two Handed Weapon,15,,campaign.trading-post.double-handed-weapon,15 gc,common,consistent,,https://mordheimer.net/docs/warbands/grade-1c-warbands/night-goblins-web,Hero Equipment List
mordheim,norse-explorers-btb,Norse Explorers,henchmen-equipment-list,Henchmen equipment list,axe,Axe,5,,campaign.trading-post.axe,5 gc,common,consistent,,https://mordheimer.net/docs/warbands/grade-1b-warbands/norse,Henchmen equipment list
mordheim,norse-explorers-btb,Norse Explorers,henchmen-equipment-list,Henchmen equipment list,dagger,Dagger,2,,campaign.trading-post.dagger,2 gc,common,consistent,,https://mordheimer.net/docs/warbands/grade-1b-warbands/norse,Henchmen equipment list
mordheim,norse-explorers-btb,Norse Explorers,henchmen-equipment-list,Henchmen equipment list,great_weapon,Great Weapon,15,,campaign.trading-post.great-weapon,(not sold),not_sold,no-market,,https://mordheimer.net/docs/warbands/grade-1b-warbands/norse,Henchmen equipment list
mordheim,norse-explorers-btb,Norse Explorers,henchmen-equipment-list,Henchmen equipment list,hammer,Hammer,3,,campaign.trading-post.hammer,3 gc,common,consistent,,https://mordheimer.net/docs/warbands/grade-1b-warbands/norse,Henchmen equipment list
mordheim,norse-explorers-btb,Norse Explorers,henchmen-equipment-list,Henchmen equipment list,helmet,Helmet,10,,campaign.trading-post.helmet,10 gc,common,consistent,,https://mordheimer.net/docs/warbands/grade-1b-warbands/norse,Henchmen equipment list
mordheim,norse-explorers-btb,Norse Explorers,henchmen-equipment-list,Henchmen equipment list,light_armour,Light Armour,20,,campaign.trading-post.light-armour,20 gc,common,consistent,,https://mordheimer.net/docs/warbands/grade-1b-warbands/norse,Henchmen equipment list
mordheim,norse-explorers-btb,Norse Explorers,henchmen-equipment-list,Henchmen equipment list,shield,Shield,5,,campaign.trading-post.shield,5 gc,common,consistent,,https://mordheimer.net/docs/warbands/grade-1b-warbands/norse,Henchmen equipment list
mordheim,norse-explorers-btb,Norse Explorers,henchmen-equipment-list,Henchmen equipment list,spear,Spear,10,,campaign.trading-post.spear,10 gc,common,consistent,,https://mordheimer.net/docs/warbands/grade-1b-warbands/norse,Henchmen equipment list
mordheim,norse-explorers-btb,Norse Explorers,henchmen-equipment-list,Henchmen equipment list,sword,Sword,10,,campaign.trading-post.sword,10 gc,common,consistent,,https://mordheimer.net/docs/warbands/grade-1b-warbands/norse,Henchmen equipment list
mordheim,norse-explorers-btb,Norse Explorers,henchmen-equipment-list,Henchmen equipment list,throwing_axes_same_as_throwing_knives,Throwing Axes Same As Throwing Knives,15,,campaign.trading-post.throwing-axes-same-as-throwing-knives,15 gc,rare,consistent,,https://mordheimer.net/docs/warbands/grade-1b-warbands/norse,Henchmen equipment list
mordheim,norse-explorers-btb,Norse Explorers,hero-equipment-list,Hero equipment list,axe,Axe,5,,campaign.trading-post.axe,5 gc,common,consistent,,https://mordheimer.net/docs/warbands/grade-1b-warbands/norse,Hero equipment list
mordheim,norse-explorers-btb,Norse Explorers,hero-equipment-list,Hero equipment list,dagger,Dagger,2,,campaign.trading-post.dagger,2 gc,common,consistent,,https://mordheimer.net/docs/warbands/grade-1b-warbands/norse,Hero equipment list
mordheim,norse-explorers-btb,Norse Explorers,hero-equipment-list,Hero equipment list,flail,Flail,15,,campaign.trading-post.flail,15 gc,common,consistent,,https://mordheimer.net/docs/warbands/grade-1b-warbands/norse,Hero equipment list
mordheim,norse-explorers-btb,Norse Explorers,hero-equipment-list,Hero equipment list,great_weapon,Great Weapon,15,,campaign.trading-post.great-weapon,(not sold),not_sold,no-market,,https://mordheimer.net/docs/warbands/grade-1b-warbands/norse,Hero equipment list
mordheim,norse-explorers-btb,Norse Explorers,hero-equipment-list,Hero equipment list,hammer,Hammer,3,,campaign.trading-post.hammer,3 gc,common,consistent,,https://mordheimer.net/docs/warbands/grade-1b-warbands/norse,Hero equipment list
mordheim,norse-explorers-btb,Norse Explorers,hero-equipment-list,Hero equipment list,helmet,Helmet,10,,campaign.trading-post.helmet,10 gc,common,consistent,,https://mordheimer.net/docs/warbands/grade-1b-warbands/norse,Hero equipment list
mordheim,norse-explorers-btb,Norse Explorers,hero-equipment-list,Hero equipment list,light_armour,Light Armour,20,,campaign.trading-post.light-armour,20 gc,common,consistent,,https://mordheimer.net/docs/warbands/grade-1b-warbands/norse,Hero equipment list
mordheim,norse-explorers-btb,Norse Explorers,hero-equipment-list,Hero equipment list,shield,Shield,5,,campaign.trading-post.shield,5 gc,common,consistent,,https://mordheimer.net/docs/warbands/grade-1b-warbands/norse,Hero equipment list
mordheim,norse-explorers-btb,Norse Explorers,hero-equipment-list,Hero equipment list,sword,Sword,10,,campaign.trading-post.sword,10 gc,common,consistent,,https://mordheimer.net/docs/warbands/grade-1b-warbands/norse,Hero equipment list
mordheim,norse-explorers-btb,Norse Explorers,hero-equipment-list,Hero equipment list,throwing_axes_same_as_throwing_knives,Throwing Axes Same As Throwing Knives,15,,campaign.trading-post.throwing-axes-same-as-throwing-knives,15 gc,rare,consistent,,https://mordheimer.net/docs/warbands/grade-1b-warbands/norse,Hero equipment list
mordheim,norse-explorers-btb,Norse Explorers,hunters-equipment-list,Hunters equipment list,axe,Axe,5,,campaign.trading-post.axe,5 gc,common,consistent,,https://mordheimer.net/docs/warbands/grade-1b-warbands/norse,Hunters equipment list
mordheim,norse-explorers-btb,Norse Explorers,hunters-equipment-list,Hunters equipment list,bow,Bow,10,,campaign.trading-post.bow,10 gc,common,consistent,,https://mordheimer.net/docs/warbands/grade-1b-warbands/norse,Hunters equipment list
mordheim,norse-explorers-btb,Norse Explorers,hunters-equipment-list,Hunters equipment list,dagger,Dagger,2,,campaign.trading-post.dagger,2 gc,common,consistent,,https://mordheimer.net/docs/warbands/grade-1b-warbands/norse,Hunters equipment list
mordheim,norse-explorers-btb,Norse Explorers,hunters-equipment-list,Hunters equipment list,great_weapon,Great Weapon,15,,campaign.trading-post.great-weapon,(not sold),not_sold,no-market,,https://mordheimer.net/docs/warbands/grade-1b-warbands/norse,Hunters equipment list
mordheim,norse-explorers-btb,Norse Explorers,hunters-equipment-list,Hunters equipment list,hammer,Hammer,3,,campaign.trading-post.hammer,3 gc,common,consistent,,https://mordheimer.net/docs/warbands/grade-1b-warbands/norse,Hunters equipment list
mordheim,norse-explorers-btb,Norse Explorers,hunters-equipment-list,Hunters equipment list,helmet,Helmet,10,,campaign.trading-post.helmet,10 gc,common,consistent,,https://mordheimer.net/docs/warbands/grade-1b-warbands/norse,Hunters equipment list
mordheim,norse-explorers-btb,Norse Explorers,hunters-equipment-list,Hunters equipment list,javelins,Javelins,5,,campaign.trading-post.javelins,5 gc,common,consistent,,https://mordheimer.net/docs/warbands/grade-1b-warbands/norse,Hunters equipment list
mordheim,norse-explorers-btb,Norse Explorers,hunters-equipment-list,Hunters equipment list,shield,Shield,5,,campaign.trading-post.shield,5 gc,common,consistent,,https://mordheimer.net/docs/warbands/grade-1b-warbands/norse,Hunters equipment list
mordheim,norse-explorers-btb,Norse Explorers,hunters-equipment-list,Hunters equipment list,spear,Spear,10,,campaign.trading-post.spear,10 gc,common,consistent,,https://mordheimer.net/docs/warbands/grade-1b-warbands/norse,Hunters equipment list
mordheim,norse-explorers-btb,Norse Explorers,hunters-equipment-list,Hunters equipment list,sword,Sword,10,,campaign.trading-post.sword,10 gc,common,consistent,,https://mordheimer.net/docs/warbands/grade-1b-warbands/norse,Hunters equipment list
mordheim,norse-explorers-lustria,Norse Explorers,henchmen-equipment-list,Henchmen equipment list,axe,Axe,5,,campaign.trading-post.axe,5 gc,common,consistent,,https://mordheimer.net/docs/warbands/grade-1b-warbands/norse,Henchmen equipment list
mordheim,norse-explorers-lustria,Norse Explorers,henchmen-equipment-list,Henchmen equipment list,dagger,Dagger,2,,campaign.trading-post.dagger,2 gc,common,consistent,,https://mordheimer.net/docs/warbands/grade-1b-warbands/norse,Henchmen equipment list
mordheim,norse-explorers-lustria,Norse Explorers,henchmen-equipment-list,Henchmen equipment list,great_weapon,Great Weapon,15,,campaign.trading-post.great-weapon,(not sold),not_sold,no-market,,https://mordheimer.net/docs/warbands/grade-1b-warbands/norse,Henchmen equipment list
mordheim,norse-explorers-lustria,Norse Explorers,henchmen-equipment-list,Henchmen equipment list,hammer,Hammer,3,,campaign.trading-post.hammer,3 gc,common,consistent,,https://mordheimer.net/docs/warbands/grade-1b-warbands/norse,Henchmen equipment list
mordheim,norse-explorers-lustria,Norse Explorers,henchmen-equipment-list,Henchmen equipment list,helmet,Helmet,10,,campaign.trading-post.helmet,10 gc,common,consistent,,https://mordheimer.net/docs/warbands/grade-1b-warbands/norse,Henchmen equipment list
mordheim,norse-explorers-lustria,Norse Explorers,henchmen-equipment-list,Henchmen equipment list,light_armour,Light Armour,20,,campaign.trading-post.light-armour,20 gc,common,consistent,,https://mordheimer.net/docs/warbands/grade-1b-warbands/norse,Henchmen equipment list
mordheim,norse-explorers-lustria,Norse Explorers,henchmen-equipment-list,Henchmen equipment list,shield,Shield,5,,campaign.trading-post.shield,5 gc,common,consistent,,https://mordheimer.net/docs/warbands/grade-1b-warbands/norse,Henchmen equipment list
mordheim,norse-explorers-lustria,Norse Explorers,henchmen-equipment-list,Henchmen equipment list,spear,Spear,10,,campaign.trading-post.spear,10 gc,common,consistent,,https://mordheimer.net/docs/warbands/grade-1b-warbands/norse,Henchmen equipment list
mordheim,norse-explorers-lustria,Norse Explorers,henchmen-equipment-list,Henchmen equipment list,sword,Sword,10,,campaign.trading-post.sword,10 gc,common,consistent,,https://mordheimer.net/docs/warbands/grade-1b-warbands/norse,Henchmen equipment list
mordheim,norse-explorers-lustria,Norse Explorers,henchmen-equipment-list,Henchmen equipment list,throwing_axes_same_as_throwing_knives,Throwing Axes Same As Throwing Knives,15,,campaign.trading-post.throwing-axes-same-as-throwing-knives,15 gc,rare,consistent,,https://mordheimer.net/docs/warbands/grade-1b-warbands/norse,Henchmen equipment list
mordheim,norse-explorers-lustria,Norse Explorers,hero-equipment-list,Hero equipment list,axe,Axe,5,,campaign.trading-post.axe,5 gc,common,consistent,,https://mordheimer.net/docs/warbands/grade-1b-warbands/norse,Hero equipment list
mordheim,norse-explorers-lustria,Norse Explorers,hero-equipment-list,Hero equipment list,dagger,Dagger,2,,campaign.trading-post.dagger,2 gc,common,consistent,,https://mordheimer.net/docs/warbands/grade-1b-warbands/norse,Hero equipment list
mordheim,norse-explorers-lustria,Norse Explorers,hero-equipment-list,Hero equipment list,flail,Flail,15,,campaign.trading-post.flail,15 gc,common,consistent,,https://mordheimer.net/docs/warbands/grade-1b-warbands/norse,Hero equipment list
mordheim,norse-explorers-lustria,Norse Explorers,hero-equipment-list,Hero equipment list,great_weapon,Great Weapon,15,,campaign.trading-post.great-weapon,(not sold),not_sold,no-market,,https://mordheimer.net/docs/warbands/grade-1b-warbands/norse,Hero equipment list
mordheim,norse-explorers-lustria,Norse Explorers,hero-equipment-list,Hero equipment list,hammer,Hammer,3,,campaign.trading-post.hammer,3 gc,common,consistent,,https://mordheimer.net/docs/warbands/grade-1b-warbands/norse,Hero equipment list
mordheim,norse-explorers-lustria,Norse Explorers,hero-equipment-list,Hero equipment list,helmet,Helmet,10,,campaign.trading-post.helmet,10 gc,common,consistent,,https://mordheimer.net/docs/warbands/grade-1b-warbands/norse,Hero equipment list
mordheim,norse-explorers-lustria,Norse Explorers,hero-equipment-list,Hero equipment list,light_armour,Light Armour,20,,campaign.trading-post.light-armour,20 gc,common,consistent,,https://mordheimer.net/docs/warbands/grade-1b-warbands/norse,Hero equipment list
mordheim,norse-explorers-lustria,Norse Explorers,hero-equipment-list,Hero equipment list,shield,Shield,5,,campaign.trading-post.shield,5 gc,common,consistent,,https://mordheimer.net/docs/warbands/grade-1b-warbands/norse,Hero equipment list
mordheim,norse-explorers-lustria,Norse Explorers,hero-equipment-list,Hero equipment list,sword,Sword,10,,campaign.trading-post.sword,10 gc,common,consistent,,https://mordheimer.net/docs/warbands/grade-1b-warbands/norse,Hero equipment list
mordheim,norse-explorers-lustria,Norse Explorers,hero-equipment-list,Hero equipment list,throwing_axes_same_as_throwing_knives,Throwing Axes Same As Throwing Knives,15,,campaign.trading-post.throwing-axes-same-as-throwing-knives,15 gc,rare,consistent,,https://mordheimer.net/docs/warbands/grade-1b-warbands/norse,Hero equipment list
mordheim,norse-explorers-lustria,Norse Explorers,hunters-equipment-list,Hunters equipment list,axe,Axe,5,,campaign.trading-post.axe,5 gc,common,consistent,,https://mordheimer.net/docs/warbands/grade-1b-warbands/norse,Hunters equipment list
mordheim,norse-explorers-lustria,Norse Explorers,hunters-equipment-list,Hunters equipment list,bow,Bow,10,,campaign.trading-post.bow,10 gc,common,consistent,,https://mordheimer.net/docs/warbands/grade-1b-warbands/norse,Hunters equipment list
mordheim,norse-explorers-lustria,Norse Explorers,hunters-equipment-list,Hunters equipment list,dagger,Dagger,2,,campaign.trading-post.dagger,2 gc,common,consistent,,https://mordheimer.net/docs/warbands/grade-1b-warbands/norse,Hunters equipment list
mordheim,norse-explorers-lustria,Norse Explorers,hunters-equipment-list,Hunters equipment list,great_weapon,Great Weapon,15,,campaign.trading-post.great-weapon,(not sold),not_sold,no-market,,https://mordheimer.net/docs/warbands/grade-1b-warbands/norse,Hunters equipment list
mordheim,norse-explorers-lustria,Norse Explorers,hunters-equipment-list,Hunters equipment list,hammer,Hammer,3,,campaign.trading-post.hammer,3 gc,common,consistent,,https://mordheimer.net/docs/warbands/grade-1b-warbands/norse,Hunters equipment list
mordheim,norse-explorers-lustria,Norse Explorers,hunters-equipment-list,Hunters equipment list,helmet,Helmet,10,,campaign.trading-post.helmet,10 gc,common,consistent,,https://mordheimer.net/docs/warbands/grade-1b-warbands/norse,Hunters equipment list
mordheim,norse-explorers-lustria,Norse Explorers,hunters-equipment-list,Hunters equipment list,javelins,Javelins,5,,campaign.trading-post.javelins,5 gc,common,consistent,,https://mordheimer.net/docs/warbands/grade-1b-warbands/norse,Hunters equipment list
mordheim,norse-explorers-lustria,Norse Explorers,hunters-equipment-list,Hunters equipment list,shield,Shield,5,,campaign.trading-post.shield,5 gc,common,consistent,,https://mordheimer.net/docs/warbands/grade-1b-warbands/norse,Hunters equipment list
mordheim,norse-explorers-lustria,Norse Explorers,hunters-equipment-list,Hunters equipment list,spear,Spear,10,,campaign.trading-post.spear,10 gc,common,consistent,,https://mordheimer.net/docs/warbands/grade-1b-warbands/norse,Hunters equipment list
mordheim,norse-explorers-lustria,Norse Explorers,hunters-equipment-list,Hunters equipment list,sword,Sword,10,,campaign.trading-post.sword,10 gc,common,consistent,,https://mordheimer.net/docs/warbands/grade-1b-warbands/norse,Hunters equipment list
mordheim,orc-mob,Orc Mob,goblin-equipment-list,Goblin Equipment List,ball_chain,Ball Chain,15,,campaign.trading-post.ball-and-chain,15 gc,common,consistent,,https://mordheimer.net/docs/warbands/grade-1a-warbands/orc-mob,Goblin Equipment List
mordheim,orc-mob,Orc Mob,goblin-equipment-list,Goblin Equipment List,club,Club,3,,campaign.trading-post.club,3 gc,common,consistent,,https://mordheimer.net/docs/warbands/grade-1a-warbands/orc-mob,Goblin Equipment List
mordheim,orc-mob,Orc Mob,goblin-equipment-list,Goblin Equipment List,dagger,Dagger,2,,campaign.trading-post.dagger,2 gc,common,consistent,,https://mordheimer.net/docs/warbands/grade-1a-warbands/orc-mob,Goblin Equipment List
mordheim,orc-mob,Orc Mob,goblin-equipment-list,Goblin Equipment List,helmet,Helmet,10,,campaign.trading-post.helmet,10 gc,common,consistent,,https://mordheimer.net/docs/warbands/grade-1a-warbands/orc-mob,Goblin Equipment List
mordheim,orc-mob,Orc Mob,goblin-equipment-list,Goblin Equipment List,mad_cap_mushrooms,Mad Cap Mushrooms,25,,campaign.trading-post.mad-cap-mushrooms,30 gc + dice,rare,differs-special,,https://mordheimer.net/docs/warbands/grade-1a-warbands/orc-mob,Goblin Equipment List
mordheim,orc-mob,Orc Mob,goblin-equipment-list,Goblin Equipment List,shield,Shield,5,,campaign.trading-post.shield,5 gc,common,consistent,,https://mordheimer.net/docs/warbands/grade-1a-warbands/orc-mob,Goblin Equipment List
mordheim,orc-mob,Orc Mob,goblin-equipment-list,Goblin Equipment List,short_bow,Short Bow,5,,campaign.trading-post.short-bow,5 gc,common,consistent,,https://mordheimer.net/docs/warbands/grade-1a-warbands/orc-mob,Goblin Equipment List
mordheim,orc-mob,Orc Mob,goblin-equipment-list,Goblin Equipment List,spear,Spear,10,,campaign.trading-post.spear,10 gc,common,consistent,,https://mordheimer.net/docs/warbands/grade-1a-warbands/orc-mob,Goblin Equipment List
mordheim,orc-mob,Orc Mob,goblin-equipment-list,Goblin Equipment List,squig_prodder,Squig Prodder,15,,campaign.trading-post.squig-prodder,15 gc,common,consistent,,https://mordheimer.net/docs/warbands/grade-1a-warbands/orc-mob,Goblin Equipment List
mordheim,orc-mob,Orc Mob,goblin-equipment-list,Goblin Equipment List,sword,Sword,10,,campaign.trading-post.sword,10 gc,common,consistent,,https://mordheimer.net/docs/warbands/grade-1a-warbands/orc-mob,Goblin Equipment List
mordheim,orc-mob,Orc Mob,orc-equipment-list,Orc Equipment List,battle_axe,Battle Axe,5,,campaign.trading-post.battle-axe,(not sold),not_sold,no-market,,https://mordheimer.net/docs/warbands/grade-1a-warbands/orc-mob,Orc Equipment List
mordheim,orc-mob,Orc Mob,orc-equipment-list,Orc Equipment List,bow,Bow,10,,campaign.trading-post.bow,10 gc,common,consistent,,https://mordheimer.net/docs/warbands/grade-1a-warbands/orc-mob,Orc Equipment List
mordheim,orc-mob,Orc Mob,orc-equipment-list,Orc Equipment List,club,Club,3,,campaign.trading-post.club,3 gc,common,consistent,,https://mordheimer.net/docs/warbands/grade-1a-warbands/orc-mob,Orc Equipment List
mordheim,orc-mob,Orc Mob,orc-equipment-list,Orc Equipment List,crossbow,Crossbow,25,,campaign.trading-post.crossbow,25 gc,common,consistent,,https://mordheimer.net/docs/warbands/grade-1a-warbands/orc-mob,Orc Equipment List
mordheim,orc-mob,Orc Mob,orc-equipment-list,Orc Equipment List,dagger,Dagger,2,,campaign.trading-post.dagger,2 gc,common,consistent,,https://mordheimer.net/docs/warbands/grade-1a-warbands/orc-mob,Orc Equipment List
mordheim,orc-mob,Orc Mob,orc-equipment-list,Orc Equipment List,great_weapon,Great Weapon,15,,campaign.trading-post.great-weapon,(not sold),not_sold,no-market,,https://mordheimer.net/docs/warbands/grade-1a-warbands/orc-mob,Orc Equipment List
mordheim,orc-mob,Orc Mob,orc-equipment-list,Orc Equipment List,halberd,Halberd,10,,campaign.trading-post.halberd,10 gc,common,consistent,,https://mordheimer.net/docs/warbands/grade-1a-warbands/orc-mob,Orc Equipment List
mordheim,orc-mob,Orc Mob,orc-equipment-list,Orc Equipment List,helmet,Helmet,10,,campaign.trading-post.helmet,10 gc,common,consistent,,https://mordheimer.net/docs/warbands/grade-1a-warbands/orc-mob,Orc Equipment List
mordheim,orc-mob,Orc Mob,orc-equipment-list,Orc Equipment List,light_armour,Light Armour,20,,campaign.trading-post.light-armour,20 gc,common,consistent,,https://mordheimer.net/docs/warbands/grade-1a-warbands/orc-mob,Orc Equipment List
mordheim,orc-mob,Orc Mob,orc-equipment-list,Orc Equipment List,morning_star,Morning Star,15,,campaign.trading-post.morning-star,15 gc,common,consistent,,https://mordheimer.net/docs/warbands/grade-1a-warbands/orc-mob,Orc Equipment List
mordheim,orc-mob,Orc Mob,orc-equipment-list,Orc Equipment List,shield,Shield,5,,campaign.trading-post.shield,5 gc,common,consistent,,https://mordheimer.net/docs/warbands/grade-1a-warbands/orc-mob,Orc Equipment List
mordheim,orc-mob,Orc Mob,orc-equipment-list,Orc Equipment List,spear,Spear,10,,campaign.trading-post.spear,10 gc,common,consistent,,https://mordheimer.net/docs/warbands/grade-1a-warbands/orc-mob,Orc Equipment List
mordheim,orc-mob,Orc Mob,orc-equipment-list,Orc Equipment List,sword,Sword,10,,campaign.trading-post.sword,10 gc,common,consistent,,https://mordheimer.net/docs/warbands/grade-1a-warbands/orc-mob,Orc Equipment List
mordheim,ostlanders,Ostlanders,jaeger-equipment-list,Jaeger Equipment List,axe,Axe,5,,campaign.trading-post.axe,5 gc,common,consistent,,https://mordheimer.net/docs/warbands/grade-1a-warbands/ostlander,Jaeger Equipment List
mordheim,ostlanders,Ostlanders,jaeger-equipment-list,Jaeger Equipment List,blunderbuss,Blunderbuss,30,,campaign.trading-post.blunderbuss,30 gc,rare,consistent,,https://mordheimer.net/docs/warbands/grade-1a-warbands/ostlander,Jaeger Equipment List
mordheim,ostlanders,Ostlanders,jaeger-equipment-list,Jaeger Equipment List,bow,Bow,10,,campaign.trading-post.bow,10 gc,common,consistent,,https://mordheimer.net/docs/warbands/grade-1a-warbands/ostlander,Jaeger Equipment List
mordheim,ostlanders,Ostlanders,jaeger-equipment-list,Jaeger Equipment List,dagger,Dagger,2,,campaign.trading-post.dagger,2 gc,common,consistent,,https://mordheimer.net/docs/warbands/grade-1a-warbands/ostlander,Jaeger Equipment List
mordheim,ostlanders,Ostlanders,jaeger-equipment-list,Jaeger Equipment List,double_barrelled_hunting_rifle,Double Barrelled Hunting Rifle,300,,campaign.trading-post.ostlander-double-barrelled-hunting-rifle,300 gc,rare,consistent,,https://mordheimer.net/docs/warbands/grade-1a-warbands/ostlander,Jaeger Equipment List
mordheim,ostlanders,Ostlanders,jaeger-equipment-list,Jaeger Equipment List,double_barrelled_pistol,Double Barrelled Pistol,30,,campaign.trading-post.ostlander-double-barrelled-pistol,30 gc,rare,consistent,,https://mordheimer.net/docs/warbands/grade-1a-warbands/ostlander,Jaeger Equipment List
mordheim,ostlanders,Ostlanders,jaeger-equipment-list,Jaeger Equipment List,handgun,Handgun,35,,campaign.trading-post.handgun,35 gc,rare,consistent,,https://mordheimer.net/docs/warbands/grade-1a-warbands/ostlander,Jaeger Equipment List
mordheim,ostlanders,Ostlanders,jaeger-equipment-list,Jaeger Equipment List,helmet,Helmet,10,,campaign.trading-post.helmet,10 gc,common,consistent,,https://mordheimer.net/docs/warbands/grade-1a-warbands/ostlander,Jaeger Equipment List
mordheim,ostlanders,Ostlanders,jaeger-equipment-list,Jaeger Equipment List,hunting_rifle,Hunting Rifle,200,,campaign.trading-post.hunting-rifle,200 gc,rare,consistent,,https://mordheimer.net/docs/warbands/grade-1a-warbands/ostlander,Jaeger Equipment List
mordheim,ostlanders,Ostlanders,jaeger-equipment-list,Jaeger Equipment List,light_armour,Light Armour,20,,campaign.trading-post.light-armour,20 gc,common,consistent,,https://mordheimer.net/docs/warbands/grade-1a-warbands/ostlander,Jaeger Equipment List
mordheim,ostlanders,Ostlanders,jaeger-equipment-list,Jaeger Equipment List,pistol,Pistol,15,,campaign.trading-post.pistol,15 gc,rare,consistent,,https://mordheimer.net/docs/warbands/grade-1a-warbands/ostlander,Jaeger Equipment List
mordheim,ostlanders,Ostlanders,jaeger-equipment-list,Jaeger Equipment List,shield,Shield,5,,campaign.trading-post.shield,5 gc,common,consistent,,https://mordheimer.net/docs/warbands/grade-1a-warbands/ostlander,Jaeger Equipment List
mordheim,ostlanders,Ostlanders,jaeger-equipment-list,Jaeger Equipment List,spear,Spear,10,,campaign.trading-post.spear,10 gc,common,consistent,,https://mordheimer.net/docs/warbands/grade-1a-warbands/ostlander,Jaeger Equipment List
mordheim,ostlanders,Ostlanders,jaeger-equipment-list,Jaeger Equipment List,sword,Sword,10,,campaign.trading-post.sword,10 gc,common,consistent,,https://mordheimer.net/docs/warbands/grade-1a-warbands/ostlander,Jaeger Equipment List
mordheim,ostlanders,Ostlanders,ogre-equipment-list,Ogre Equipment List,axe,Axe,5,,campaign.trading-post.axe,5 gc,common,consistent,,https://mordheimer.net/docs/warbands/grade-1a-warbands/ostlander,Ogre Equipment List
mordheim,ostlanders,Ostlanders,ogre-equipment-list,Ogre Equipment List,club,Club,3,,campaign.trading-post.club,3 gc,common,consistent,,https://mordheimer.net/docs/warbands/grade-1a-warbands/ostlander,Ogre Equipment List
mordheim,ostlanders,Ostlanders,ogre-equipment-list,Ogre Equipment List,great_weapon,Great Weapon,10,,campaign.trading-post.great-weapon,(not sold),not_sold,no-market,,https://mordheimer.net/docs/warbands/grade-1a-warbands/ostlander,Ogre Equipment List
mordheim,ostlanders,Ostlanders,ogre-equipment-list,Ogre Equipment List,light_armour,Light Armour,20,,campaign.trading-post.light-armour,20 gc,common,consistent,,https://mordheimer.net/docs/warbands/grade-1a-warbands/ostlander,Ogre Equipment List
mordheim,ostlanders,Ostlanders,ogre-equipment-list,Ogre Equipment List,sword,Sword,10,,campaign.trading-post.sword,10 gc,common,consistent,,https://mordheimer.net/docs/warbands/grade-1a-warbands/ostlander,Ogre Equipment List
mordheim,ostlanders,Ostlanders,ostlander-equipment-lists,Ostlander Equipment Lists,axe,Axe,5,,campaign.trading-post.axe,5 gc,common,consistent,,https://mordheimer.net/docs/warbands/grade-1a-warbands/ostlander,Ostlander Equipment Lists
mordheim,ostlanders,Ostlanders,ostlander-equipment-lists,Ostlander Equipment Lists,bow,Bow,10,,campaign.trading-post.bow,10 gc,common,consistent,,https://mordheimer.net/docs/warbands/grade-1a-warbands/ostlander,Ostlander Equipment Lists
mordheim,ostlanders,Ostlanders,ostlander-equipment-lists,Ostlander Equipment Lists,dagger,Dagger,2,,campaign.trading-post.dagger,2 gc,common,consistent,,https://mordheimer.net/docs/warbands/grade-1a-warbands/ostlander,Ostlander Equipment Lists
mordheim,ostlanders,Ostlanders,ostlander-equipment-lists,Ostlander Equipment Lists,great_weapon,Great Weapon,15,,campaign.trading-post.great-weapon,(not sold),not_sold,no-market,,https://mordheimer.net/docs/warbands/grade-1a-warbands/ostlander,Ostlander Equipment Lists
mordheim,ostlanders,Ostlanders,ostlander-equipment-lists,Ostlander Equipment Lists,hammer,Hammer,3,,campaign.trading-post.hammer,3 gc,common,consistent,,https://mordheimer.net/docs/warbands/grade-1a-warbands/ostlander,Ostlander Equipment Lists
mordheim,ostlanders,Ostlanders,ostlander-equipment-lists,Ostlander Equipment Lists,heavy_armour,Heavy Armour,50,,campaign.trading-post.heavy-armour,50 gc,common,consistent,,https://mordheimer.net/docs/warbands/grade-1a-warbands/ostlander,Ostlander Equipment Lists
mordheim,ostlanders,Ostlanders,ostlander-equipment-lists,Ostlander Equipment Lists,helmet,Helmet,10,,campaign.trading-post.helmet,10 gc,common,consistent,,https://mordheimer.net/docs/warbands/grade-1a-warbands/ostlander,Ostlander Equipment Lists
mordheim,ostlanders,Ostlanders,ostlander-equipment-lists,Ostlander Equipment Lists,light_armour,Light Armour,20,,campaign.trading-post.light-armour,20 gc,common,consistent,,https://mordheimer.net/docs/warbands/grade-1a-warbands/ostlander,Ostlander Equipment Lists
mordheim,ostlanders,Ostlanders,ostlander-equipment-lists,Ostlander Equipment Lists,mace,Mace,3,,campaign.trading-post.mace,3 gc,common,consistent,,https://mordheimer.net/docs/warbands/grade-1a-warbands/ostlander,Ostlander Equipment Lists
mordheim,ostlanders,Ostlanders,ostlander-equipment-lists,Ostlander Equipment Lists,pistol,Pistol,15,,campaign.trading-post.pistol,15 gc,rare,consistent,,https://mordheimer.net/docs/warbands/grade-1a-warbands/ostlander,Ostlander Equipment Lists
mordheim,ostlanders,Ostlanders,ostlander-equipment-lists,Ostlander Equipment Lists,shield,Shield,5,,campaign.trading-post.shield,5 gc,common,consistent,,https://mordheimer.net/docs/warbands/grade-1a-warbands/ostlander,Ostlander Equipment Lists
mordheim,ostlanders,Ostlanders,ostlander-equipment-lists,Ostlander Equipment Lists,spear,Spear,10,,campaign.trading-post.spear,10 gc,common,consistent,,https://mordheimer.net/docs/warbands/grade-1a-warbands/ostlander,Ostlander Equipment Lists
mordheim,ostlanders,Ostlanders,ostlander-equipment-lists,Ostlander Equipment Lists,sword,Sword,10,,campaign.trading-post.sword,10 gc,common,consistent,,https://mordheimer.net/docs/warbands/grade-1a-warbands/ostlander,Ostlander Equipment Lists
mordheim,ostlanders,Ostlanders,ruffian-equipment-list,Ruffian equipment list,axe,Axe,5,,campaign.trading-post.axe,5 gc,common,consistent,,https://mordheimer.net/docs/warbands/grade-1a-warbands/ostlander,Ruffian equipment list
mordheim,ostlanders,Ostlanders,ruffian-equipment-list,Ruffian equipment list,dagger,Dagger,2,,campaign.trading-post.dagger,2 gc,common,consistent,,https://mordheimer.net/docs/warbands/grade-1a-warbands/ostlander,Ruffian equipment list
mordheim,ostlanders,Ostlanders,ruffian-equipment-list,Ruffian equipment list,great_weapon,Great Weapon,15,,campaign.trading-post.great-weapon,(not sold),not_sold,no-market,,https://mordheimer.net/docs/warbands/grade-1a-warbands/ostlander,Ruffian equipment list
mordheim,ostlanders,Ostlanders,ruffian-equipment-list,Ruffian equipment list,hammer,Hammer,3,,campaign.trading-post.hammer,3 gc,common,consistent,,https://mordheimer.net/docs/warbands/grade-1a-warbands/ostlander,Ruffian equipment list
mordheim,ostlanders,Ostlanders,ruffian-equipment-list,Ruffian equipment list,light_armour,Light Armour,20,,campaign.trading-post.light-armour,20 gc,common,consistent,,https://mordheimer.net/docs/warbands/grade-1a-warbands/ostlander,Ruffian equipment list
mordheim,ostlanders,Ostlanders,ruffian-equipment-list,Ruffian equipment list,mace,Mace,3,,campaign.trading-post.mace,3 gc,common,consistent,,https://mordheimer.net/docs/warbands/grade-1a-warbands/ostlander,Ruffian equipment list
mordheim,ostlanders,Ostlanders,ruffian-equipment-list,Ruffian equipment list,sword,Sword,10,,campaign.trading-post.sword,10 gc,common,consistent,,https://mordheimer.net/docs/warbands/grade-1a-warbands/ostlander,Ruffian equipment list
mordheim,outlaws-of-stirwood-forest,Outlaws of Stirwood Forest,outlaws-equipment-lists,Outlaws Equipment List,axe,Axe,5,,campaign.trading-post.axe,5 gc,common,consistent,,https://mordheimer.net/docs/warbands/grade-1b-warbands/outlaws-of-stirwood-forest,Outlaws equipment lists
mordheim,outlaws-of-stirwood-forest,Outlaws of Stirwood Forest,outlaws-equipment-lists,Outlaws Equipment List,bow,Bow,10,,campaign.trading-post.bow,10 gc,common,consistent,,https://mordheimer.net/docs/warbands/grade-1b-warbands/outlaws-of-stirwood-forest,Outlaws equipment lists
mordheim,outlaws-of-stirwood-forest,Outlaws of Stirwood Forest,outlaws-equipment-lists,Outlaws Equipment List,dagger,Dagger,2,,campaign.trading-post.dagger,2 gc,common,consistent,,https://mordheimer.net/docs/warbands/grade-1b-warbands/outlaws-of-stirwood-forest,Outlaws equipment lists
mordheim,outlaws-of-stirwood-forest,Outlaws of Stirwood Forest,outlaws-equipment-lists,Outlaws Equipment List,forest_cloak,Forest Cloak,50,,campaign.trading-post.forest-cloak,50 gc,rare,consistent,,https://mordheimer.net/docs/warbands/grade-1b-warbands/outlaws-of-stirwood-forest,Outlaws equipment lists
mordheim,outlaws-of-stirwood-forest,Outlaws of Stirwood Forest,outlaws-equipment-lists,Outlaws Equipment List,great_weapon,Great Weapon,15,,campaign.trading-post.great-weapon,(not sold),not_sold,no-market,,https://mordheimer.net/docs/warbands/grade-1b-warbands/outlaws-of-stirwood-forest,Outlaws equipment lists
mordheim,outlaws-of-stirwood-forest,Outlaws of Stirwood Forest,outlaws-equipment-lists,Outlaws Equipment List,helmet,Helmet,10,,campaign.trading-post.helmet,10 gc,common,consistent,,https://mordheimer.net/docs/warbands/grade-1b-warbands/outlaws-of-stirwood-forest,Outlaws equipment lists
mordheim,outlaws-of-stirwood-forest,Outlaws of Stirwood Forest,outlaws-equipment-lists,Outlaws Equipment List,hunting_arrows,Hunting Arrows,30,,campaign.trading-post.hunting-arrows,25 gc + dice,rare,differs-special,,https://mordheimer.net/docs/warbands/grade-1b-warbands/outlaws-of-stirwood-forest,Outlaws equipment lists
mordheim,outlaws-of-stirwood-forest,Outlaws of Stirwood Forest,outlaws-equipment-lists,Outlaws Equipment List,light_armour,Light Armour,20,,campaign.trading-post.light-armour,20 gc,common,consistent,,https://mordheimer.net/docs/warbands/grade-1b-warbands/outlaws-of-stirwood-forest,Outlaws equipment lists
mordheim,outlaws-of-stirwood-forest,Outlaws of Stirwood Forest,outlaws-equipment-lists,Outlaws Equipment List,long_bow,Long Bow,15,,campaign.trading-post.long-bow,15 gc,common,consistent,,https://mordheimer.net/docs/warbands/grade-1b-warbands/outlaws-of-stirwood-forest,Outlaws equipment lists
mordheim,outlaws-of-stirwood-forest,Outlaws of Stirwood Forest,outlaws-equipment-lists,Outlaws Equipment List,shield,Shield,5,,campaign.trading-post.shield,5 gc,common,consistent,,https://mordheimer.net/docs/warbands/grade-1b-warbands/outlaws-of-stirwood-forest,Outlaws equipment lists
mordheim,outlaws-of-stirwood-forest,Outlaws of Stirwood Forest,outlaws-equipment-lists,Outlaws Equipment List,short_bow,Short Bow,5,,campaign.trading-post.short-bow,5 gc,common,consistent,,https://mordheimer.net/docs/warbands/grade-1b-warbands/outlaws-of-stirwood-forest,Outlaws equipment lists
mordheim,outlaws-of-stirwood-forest,Outlaws of Stirwood Forest,outlaws-equipment-lists,Outlaws Equipment List,spear,Spear,10,,campaign.trading-post.spear,10 gc,common,consistent,,https://mordheimer.net/docs/warbands/grade-1b-warbands/outlaws-of-stirwood-forest,Outlaws equipment lists
mordheim,outlaws-of-stirwood-forest,Outlaws of Stirwood Forest,outlaws-equipment-lists,Outlaws Equipment List,staff_club_mace,Staff Club Mace,3,,campaign.trading-post.staff-club-mace,(not sold),not_sold,no-market,,https://mordheimer.net/docs/warbands/grade-1b-warbands/outlaws-of-stirwood-forest,Outlaws equipment lists
mordheim,outlaws-of-stirwood-forest,Outlaws of Stirwood Forest,outlaws-equipment-lists,Outlaws Equipment List,sword,Sword,10,,campaign.trading-post.sword,10 gc,common,consistent,,https://mordheimer.net/docs/warbands/grade-1b-warbands/outlaws-of-stirwood-forest,Outlaws equipment lists
mordheim,pirates,Pirates,gunner-equipment-list,Gunner Equipment List,axe,Axe,5,,campaign.trading-post.axe,5 gc,common,consistent,,https://mordheimer.net/docs/warbands/grade-1b-warbands/pirates,Gunner Equipment List
mordheim,pirates,Pirates,gunner-equipment-list,Gunner Equipment List,ball_shot,Ball Shot,5,,campaign.trading-post.ball-shot,(not sold),not_sold,no-market,,https://mordheimer.net/docs/warbands/grade-1b-warbands/pirates,Gunner Equipment List
mordheim,pirates,Pirates,gunner-equipment-list,Gunner Equipment List,blunderbuss,Blunderbuss,30,,campaign.trading-post.blunderbuss,30 gc,rare,consistent,,https://mordheimer.net/docs/warbands/grade-1b-warbands/pirates,Gunner Equipment List
mordheim,pirates,Pirates,gunner-equipment-list,Gunner Equipment List,chain_shot,Chain Shot,2,,campaign.trading-post.chain-shot,(not sold),not_sold,no-market,,https://mordheimer.net/docs/warbands/grade-1b-warbands/pirates,Gunner Equipment List
mordheim,pirates,Pirates,gunner-equipment-list,Gunner Equipment List,cutlass_sword,Cutlass Sword,10,,campaign.trading-post.cutlass-sword,(not sold),not_sold,no-market,,https://mordheimer.net/docs/warbands/grade-1b-warbands/pirates,Gunner Equipment List
mordheim,pirates,Pirates,gunner-equipment-list,Gunner Equipment List,dagger,Dagger,2,,campaign.trading-post.dagger,2 gc,common,consistent,,https://mordheimer.net/docs/warbands/grade-1b-warbands/pirates,Gunner Equipment List
mordheim,pirates,Pirates,gunner-equipment-list,Gunner Equipment List,duelling_pistol,Duelling Pistol,30,,campaign.trading-post.duelling-pistol,30 gc,rare,consistent,,https://mordheimer.net/docs/warbands/grade-1b-warbands/pirates,Gunner Equipment List
mordheim,pirates,Pirates,gunner-equipment-list,Gunner Equipment List,grape_shot,Grape Shot,2,,campaign.trading-post.grape-shot,(not sold),not_sold,no-market,,https://mordheimer.net/docs/warbands/grade-1b-warbands/pirates,Gunner Equipment List
mordheim,pirates,Pirates,gunner-equipment-list,Gunner Equipment List,hammer,Hammer,3,,campaign.trading-post.hammer,3 gc,common,consistent,,https://mordheimer.net/docs/warbands/grade-1b-warbands/pirates,Gunner Equipment List
mordheim,pirates,Pirates,gunner-equipment-list,Gunner Equipment List,handgun,Handgun,35,,campaign.trading-post.handgun,35 gc,rare,consistent,,https://mordheimer.net/docs/warbands/grade-1b-warbands/pirates,Gunner Equipment List
mordheim,pirates,Pirates,gunner-equipment-list,Gunner Equipment List,helmet,Helmet,10,,campaign.trading-post.helmet,10 gc,common,consistent,,https://mordheimer.net/docs/warbands/grade-1b-warbands/pirates,Gunner Equipment List
mordheim,pirates,Pirates,gunner-equipment-list,Gunner Equipment List,light_armour,Light Armour,20,,campaign.trading-post.light-armour,20 gc,common,consistent,,https://mordheimer.net/docs/warbands/grade-1b-warbands/pirates,Gunner Equipment List
mordheim,pirates,Pirates,gunner-equipment-list,Gunner Equipment List,mace,Mace,3,,campaign.trading-post.mace,3 gc,common,consistent,,https://mordheimer.net/docs/warbands/grade-1b-warbands/pirates,Gunner Equipment List
mordheim,pirates,Pirates,gunner-equipment-list,Gunner Equipment List,pistol,Pistol,15,,campaign.trading-post.pistol,15 gc,rare,consistent,,https://mordheimer.net/docs/warbands/grade-1b-warbands/pirates,Gunner Equipment List
mordheim,pirates,Pirates,gunner-equipment-list,Gunner Equipment List,swivel_gun,Swivel Gun,65,,campaign.trading-post.swivel-gun,65 gc,rare,consistent,,https://mordheimer.net/docs/warbands/grade-1b-warbands/pirates,Gunner Equipment List
mordheim,pirates,Pirates,gunner-equipment-list,Gunner Equipment List,toughened_leathers,Toughened Leathers,5,,campaign.trading-post.toughened-leathers,5 gc,common,consistent,,https://mordheimer.net/docs/warbands/grade-1b-warbands/pirates,Gunner Equipment List
mordheim,pirates,Pirates,pirate-equipment-list,Pirate Equipment List,axe,Axe,5,,campaign.trading-post.axe,5 gc,common,consistent,,https://mordheimer.net/docs/warbands/grade-1b-warbands/pirates,Pirate Equipment List
mordheim,pirates,Pirates,pirate-equipment-list,Pirate Equipment List,belaying_pin,Belaying Pin,3,,campaign.trading-post.belaying-pins,3 gc,common,consistent,,https://mordheimer.net/docs/warbands/grade-1b-warbands/pirates,Pirate Equipment List
mordheim,pirates,Pirates,pirate-equipment-list,Pirate Equipment List,boat_hook,Boat Hook,8,,campaign.trading-post.boat-hook,8 gc,common,consistent,,https://mordheimer.net/docs/warbands/grade-1b-warbands/pirates,Pirate Equipment List
mordheim,pirates,Pirates,pirate-equipment-list,Pirate Equipment List,buckler,Buckler,5,,campaign.trading-post.buckler,5 gc,common,consistent,,https://mordheimer.net/docs/warbands/grade-1b-warbands/pirates,Pirate Equipment List
mordheim,pirates,Pirates,pirate-equipment-list,Pirate Equipment List,cat_o_nine_tails,Cat O Nine Tails,8,,campaign.trading-post.cat-o-nine-tails,8 gc,common,consistent,,https://mordheimer.net/docs/warbands/grade-1b-warbands/pirates,Pirate Equipment List
mordheim,pirates,Pirates,pirate-equipment-list,Pirate Equipment List,crossbow,Crossbow,25,,campaign.trading-post.crossbow,25 gc,common,consistent,,https://mordheimer.net/docs/warbands/grade-1b-warbands/pirates,Pirate Equipment List
mordheim,pirates,Pirates,pirate-equipment-list,Pirate Equipment List,cutlass_sword,Cutlass Sword,10,,campaign.trading-post.cutlass-sword,(not sold),not_sold,no-market,,https://mordheimer.net/docs/warbands/grade-1b-warbands/pirates,Pirate Equipment List
mordheim,pirates,Pirates,pirate-equipment-list,Pirate Equipment List,dagger,Dagger,2,,campaign.trading-post.dagger,2 gc,common,consistent,,https://mordheimer.net/docs/warbands/grade-1b-warbands/pirates,Pirate Equipment List
mordheim,pirates,Pirates,pirate-equipment-list,Pirate Equipment List,duelling_pistol,Duelling Pistol,30,,campaign.trading-post.duelling-pistol,30 gc,rare,consistent,,https://mordheimer.net/docs/warbands/grade-1b-warbands/pirates,Pirate Equipment List
mordheim,pirates,Pirates,pirate-equipment-list,Pirate Equipment List,great_weapon,Great Weapon,15,,campaign.trading-post.great-weapon,(not sold),not_sold,no-market,,https://mordheimer.net/docs/warbands/grade-1b-warbands/pirates,Pirate Equipment List
mordheim,pirates,Pirates,pirate-equipment-list,Pirate Equipment List,hammer,Hammer,3,,campaign.trading-post.hammer,3 gc,common,consistent,,https://mordheimer.net/docs/warbands/grade-1b-warbands/pirates,Pirate Equipment List
mordheim,pirates,Pirates,pirate-equipment-list,Pirate Equipment List,helmet,Helmet,10,,campaign.trading-post.helmet,10 gc,common,consistent,,https://mordheimer.net/docs/warbands/grade-1b-warbands/pirates,Pirate Equipment List
mordheim,pirates,Pirates,pirate-equipment-list,Pirate Equipment List,light_armour,Light Armour,20,,campaign.trading-post.light-armour,20 gc,common,consistent,,https://mordheimer.net/docs/warbands/grade-1b-warbands/pirates,Pirate Equipment List
mordheim,pirates,Pirates,pirate-equipment-list,Pirate Equipment List,mace,Mace,3,,campaign.trading-post.mace,3 gc,common,consistent,,https://mordheimer.net/docs/warbands/grade-1b-warbands/pirates,Pirate Equipment List
mordheim,pirates,Pirates,pirate-equipment-list,Pirate Equipment List,pistol,Pistol,15,,campaign.trading-post.pistol,15 gc,rare,consistent,,https://mordheimer.net/docs/warbands/grade-1b-warbands/pirates,Pirate Equipment List
mordheim,pirates,Pirates,pirate-equipment-list,Pirate Equipment List,toughened_leathers,Toughened Leathers,5,,campaign.trading-post.toughened-leathers,5 gc,common,consistent,,https://mordheimer.net/docs/warbands/grade-1b-warbands/pirates,Pirate Equipment List
mordheim,pirates,Pirates,swabbie-equipment-list,Swabbie Equipment List,axe,Axe,5,,campaign.trading-post.axe,5 gc,common,consistent,,https://mordheimer.net/docs/warbands/grade-1b-warbands/pirates,Swabbie Equipment List
mordheim,pirates,Pirates,swabbie-equipment-list,Swabbie Equipment List,belaying_pin,Belaying Pin,3,,campaign.trading-post.belaying-pins,3 gc,common,consistent,,https://mordheimer.net/docs/warbands/grade-1b-warbands/pirates,Swabbie Equipment List
mordheim,pirates,Pirates,swabbie-equipment-list,Swabbie Equipment List,boat_hook,Boat Hook,8,,campaign.trading-post.boat-hook,8 gc,common,consistent,,https://mordheimer.net/docs/warbands/grade-1b-warbands/pirates,Swabbie Equipment List
mordheim,pirates,Pirates,swabbie-equipment-list,Swabbie Equipment List,bow,Bow,10,,campaign.trading-post.bow,10 gc,common,consistent,,https://mordheimer.net/docs/warbands/grade-1b-warbands/pirates,Swabbie Equipment List
mordheim,pirates,Pirates,swabbie-equipment-list,Swabbie Equipment List,buckler,Buckler,5,,campaign.trading-post.buckler,5 gc,common,consistent,,https://mordheimer.net/docs/warbands/grade-1b-warbands/pirates,Swabbie Equipment List
mordheim,pirates,Pirates,swabbie-equipment-list,Swabbie Equipment List,cutlass_sword,Cutlass Sword,10,,campaign.trading-post.cutlass-sword,(not sold),not_sold,no-market,,https://mordheimer.net/docs/warbands/grade-1b-warbands/pirates,Swabbie Equipment List
mordheim,pirates,Pirates,swabbie-equipment-list,Swabbie Equipment List,dagger,Dagger,2,,campaign.trading-post.dagger,2 gc,common,consistent,,https://mordheimer.net/docs/warbands/grade-1b-warbands/pirates,Swabbie Equipment List
mordheim,pirates,Pirates,swabbie-equipment-list,Swabbie Equipment List,great_weapon,Great Weapon,15,,campaign.trading-post.great-weapon,(not sold),not_sold,no-market,,https://mordheimer.net/docs/warbands/grade-1b-warbands/pirates,Swabbie Equipment List
mordheim,pirates,Pirates,swabbie-equipment-list,Swabbie Equipment List,hammer,Hammer,3,,campaign.trading-post.hammer,3 gc,common,consistent,,https://mordheimer.net/docs/warbands/grade-1b-warbands/pirates,Swabbie Equipment List
mordheim,pirates,Pirates,swabbie-equipment-list,Swabbie Equipment List,mace,Mace,3,,campaign.trading-post.mace,3 gc,common,consistent,,https://mordheimer.net/docs/warbands/grade-1b-warbands/pirates,Swabbie Equipment List
mordheim,pirates,Pirates,swabbie-equipment-list,Swabbie Equipment List,toughened_leathers,Toughened Leathers,5,,campaign.trading-post.toughened-leathers,5 gc,common,consistent,,https://mordheimer.net/docs/warbands/grade-1b-warbands/pirates,Swabbie Equipment List
mordheim,pit-fighters,Pit Fighters,ogre-slayer-equipment-list,Ogre & Slayer Equipment List,axe,Axe,5,,campaign.trading-post.axe,5 gc,common,consistent,,https://mordheimer.net/docs/warbands/grade-1b-warbands/pit-fighters,Pit fighter equipment lists / Ogre & Slayer equipment list
mordheim,pit-fighters,Pit Fighters,ogre-slayer-equipment-list,Ogre & Slayer Equipment List,dagger,Dagger,2,,campaign.trading-post.dagger,2 gc,common,consistent,,https://mordheimer.net/docs/warbands/grade-1b-warbands/pit-fighters,Pit fighter equipment lists / Ogre & Slayer equipment list
mordheim,pit-fighters,Pit Fighters,ogre-slayer-equipment-list,Ogre & Slayer Equipment List,dwarf_axe,Dwarf Axe,15,,campaign.trading-post.dwarf-axe,15 gc,rare,consistent,,https://mordheimer.net/docs/warbands/grade-1b-warbands/pit-fighters,Pit fighter equipment lists / Ogre & Slayer equipment list
mordheim,pit-fighters,Pit Fighters,ogre-slayer-equipment-list,Ogre & Slayer Equipment List,flail,Flail,15,,campaign.trading-post.flail,15 gc,common,consistent,,https://mordheimer.net/docs/warbands/grade-1b-warbands/pit-fighters,Pit fighter equipment lists / Ogre & Slayer equipment list
mordheim,pit-fighters,Pit Fighters,ogre-slayer-equipment-list,Ogre & Slayer Equipment List,gromril_weapon,Gromril Weapon,3,,campaign.trading-post.gromril-weapon,x4,rare,relative-tp,,https://mordheimer.net/docs/warbands/grade-1b-warbands/pit-fighters,Pit fighter equipment lists / Ogre & Slayer equipment list
mordheim,pit-fighters,Pit Fighters,ogre-slayer-equipment-list,Ogre & Slayer Equipment List,hammer,Hammer,3,,campaign.trading-post.hammer,3 gc,common,consistent,,https://mordheimer.net/docs/warbands/grade-1b-warbands/pit-fighters,Pit fighter equipment lists / Ogre & Slayer equipment list
mordheim,pit-fighters,Pit Fighters,ogre-slayer-equipment-list,Ogre & Slayer Equipment List,helmet,Helmet,10,,campaign.trading-post.helmet,10 gc,common,consistent,,https://mordheimer.net/docs/warbands/grade-1b-warbands/pit-fighters,Pit fighter equipment lists / Ogre & Slayer equipment list
mordheim,pit-fighters,Pit Fighters,ogre-slayer-equipment-list,Ogre & Slayer Equipment List,light_armour,Light Armour,20,,campaign.trading-post.light-armour,20 gc,common,consistent,,https://mordheimer.net/docs/warbands/grade-1b-warbands/pit-fighters,Pit fighter equipment lists / Ogre & Slayer equipment list
mordheim,pit-fighters,Pit Fighters,ogre-slayer-equipment-list,Ogre & Slayer Equipment List,mace,Mace,3,,campaign.trading-post.mace,3 gc,common,consistent,,https://mordheimer.net/docs/warbands/grade-1b-warbands/pit-fighters,Pit fighter equipment lists / Ogre & Slayer equipment list
mordheim,pit-fighters,Pit Fighters,ogre-slayer-equipment-list,Ogre & Slayer Equipment List,spiked_gauntlet,Spiked Gauntlet,15,,campaign.trading-post.spiked-gauntlet,15 gc,common,consistent,,https://mordheimer.net/docs/warbands/grade-1b-warbands/pit-fighters,Pit fighter equipment lists / Ogre & Slayer equipment list
mordheim,pit-fighters,Pit Fighters,ogre-slayer-equipment-list,Ogre & Slayer Equipment List,sword,Sword,10,,campaign.trading-post.sword,10 gc,common,consistent,,https://mordheimer.net/docs/warbands/grade-1b-warbands/pit-fighters,Pit fighter equipment lists / Ogre & Slayer equipment list
mordheim,restless-dead,The Restless Dead,restless-dead-equipment-lists,Restless Dead Equipment List,axe,Axe,5,,campaign.trading-post.axe,5 gc,common,consistent,,https://mordheimer.net/docs/warbands/grade-1c-warbands/restless-dead,Restless Dead equipment lists
mordheim,restless-dead,The Restless Dead,restless-dead-equipment-lists,Restless Dead Equipment List,bow,Bow,10,,campaign.trading-post.bow,10 gc,common,consistent,,https://mordheimer.net/docs/warbands/grade-1c-warbands/restless-dead,Restless Dead equipment lists
mordheim,restless-dead,The Restless Dead,restless-dead-equipment-lists,Restless Dead Equipment List,buckler,Buckler,5,,campaign.trading-post.buckler,5 gc,common,consistent,,https://mordheimer.net/docs/warbands/grade-1c-warbands/restless-dead,Restless Dead equipment lists
mordheim,restless-dead,The Restless Dead,restless-dead-equipment-lists,Restless Dead Equipment List,dagger,Dagger,2,,campaign.trading-post.dagger,2 gc,common,consistent,,https://mordheimer.net/docs/warbands/grade-1c-warbands/restless-dead,Restless Dead equipment lists
mordheim,restless-dead,The Restless Dead,restless-dead-equipment-lists,Restless Dead Equipment List,great_weapon,Great Weapon,15,,campaign.trading-post.great-weapon,(not sold),not_sold,no-market,,https://mordheimer.net/docs/warbands/grade-1c-warbands/restless-dead,Restless Dead equipment lists
mordheim,restless-dead,The Restless Dead,restless-dead-equipment-lists,Restless Dead Equipment List,halberd,Halberd,10,,campaign.trading-post.halberd,10 gc,common,consistent,,https://mordheimer.net/docs/warbands/grade-1c-warbands/restless-dead,Restless Dead equipment lists
mordheim,restless-dead,The Restless Dead,restless-dead-equipment-lists,Restless Dead Equipment List,hammer,Hammer,3,,campaign.trading-post.hammer,3 gc,common,consistent,,https://mordheimer.net/docs/warbands/grade-1c-warbands/restless-dead,Restless Dead equipment lists
mordheim,restless-dead,The Restless Dead,restless-dead-equipment-lists,Restless Dead Equipment List,heavy_armour,Heavy Armour,50,,campaign.trading-post.heavy-armour,50 gc,common,consistent,,https://mordheimer.net/docs/warbands/grade-1c-warbands/restless-dead,Restless Dead equipment lists
mordheim,restless-dead,The Restless Dead,restless-dead-equipment-lists,Restless Dead Equipment List,helmet,Helmet,10,,campaign.trading-post.helmet,10 gc,common,consistent,,https://mordheimer.net/docs/warbands/grade-1c-warbands/restless-dead,Restless Dead equipment lists
mordheim,restless-dead,The Restless Dead,restless-dead-equipment-lists,Restless Dead Equipment List,light_armour,Light Armour,20,,campaign.trading-post.light-armour,20 gc,common,consistent,,https://mordheimer.net/docs/warbands/grade-1c-warbands/restless-dead,Restless Dead equipment lists
mordheim,restless-dead,The Restless Dead,restless-dead-equipment-lists,Restless Dead Equipment List,mace,Mace,3,,campaign.trading-post.mace,3 gc,common,consistent,,https://mordheimer.net/docs/warbands/grade-1c-warbands/restless-dead,Restless Dead equipment lists
mordheim,restless-dead,The Restless Dead,restless-dead-equipment-lists,Restless Dead Equipment List,shield,Shield,5,,campaign.trading-post.shield,5 gc,common,consistent,,https://mordheimer.net/docs/warbands/grade-1c-warbands/restless-dead,Restless Dead equipment lists
mordheim,restless-dead,The Restless Dead,restless-dead-equipment-lists,Restless Dead Equipment List,short_bow,Short Bow,5,,campaign.trading-post.short-bow,5 gc,common,consistent,,https://mordheimer.net/docs/warbands/grade-1c-warbands/restless-dead,Restless Dead equipment lists
mordheim,restless-dead,The Restless Dead,restless-dead-equipment-lists,Restless Dead Equipment List,spear,Spear,10,,campaign.trading-post.spear,10 gc,common,consistent,,https://mordheimer.net/docs/warbands/grade-1c-warbands/restless-dead,Restless Dead equipment lists
mordheim,restless-dead,The Restless Dead,restless-dead-equipment-lists,Restless Dead Equipment List,sword,Sword,10,,campaign.trading-post.sword,10 gc,common,consistent,,https://mordheimer.net/docs/warbands/grade-1c-warbands/restless-dead,Restless Dead equipment lists
mordheim,shadow-warriors,Shadow Warriors,shadow-warrior-equipment-lists,Shadow Warrior Equipment List,bow,Bow,10,,campaign.trading-post.bow,10 gc,common,consistent,,https://mordheimer.net/docs/warbands/grade-1b-warbands/shadow-warriors,Shadow Warrior equipment lists
mordheim,shadow-warriors,Shadow Warriors,shadow-warrior-equipment-lists,Shadow Warrior Equipment List,dagger,Dagger,2,,campaign.trading-post.dagger,2 gc,common,consistent,,https://mordheimer.net/docs/warbands/grade-1b-warbands/shadow-warriors,Shadow Warrior equipment lists
mordheim,shadow-warriors,Shadow Warriors,shadow-warrior-equipment-lists,Shadow Warrior Equipment List,elf_bow,Elf Bow,35,,campaign.trading-post.elf-bow,35 gc + dice,rare,consistent-special,,https://mordheimer.net/docs/warbands/grade-1b-warbands/shadow-warriors,Shadow Warrior equipment lists
mordheim,shadow-warriors,Shadow Warriors,shadow-warrior-equipment-lists,Shadow Warrior Equipment List,elven_cloak,Elven Cloak,75,,campaign.trading-post.elven-cloak,100 gc + dice,rare,differs-special,,https://mordheimer.net/docs/warbands/grade-1b-warbands/shadow-warriors,Shadow Warrior equipment lists
mordheim,shadow-warriors,Shadow Warriors,shadow-warrior-equipment-lists,Shadow Warrior Equipment List,elven_runestones,Elven Runestones,50,,campaign.trading-post.elven-runestones,50 gc + dice,rare,consistent-special,,https://mordheimer.net/docs/warbands/grade-1b-warbands/shadow-warriors,Shadow Warrior equipment lists
mordheim,shadow-warriors,Shadow Warriors,shadow-warrior-equipment-lists,Shadow Warrior Equipment List,elven_wine,Elven Wine,50,,campaign.trading-post.elven-wine,50 gc + dice,rare,consistent-special,,https://mordheimer.net/docs/warbands/grade-1b-warbands/shadow-warriors,Shadow Warrior equipment lists
mordheim,shadow-warriors,Shadow Warriors,shadow-warrior-equipment-lists,Shadow Warrior Equipment List,great_weapon,Great Weapon,15,,campaign.trading-post.great-weapon,(not sold),not_sold,no-market,,https://mordheimer.net/docs/warbands/grade-1b-warbands/shadow-warriors,Shadow Warrior equipment lists
mordheim,shadow-warriors,Shadow Warriors,shadow-warrior-equipment-lists,Shadow Warrior Equipment List,helmet,Helmet,10,,campaign.trading-post.helmet,10 gc,common,consistent,,https://mordheimer.net/docs/warbands/grade-1b-warbands/shadow-warriors,Shadow Warrior equipment lists
mordheim,shadow-warriors,Shadow Warriors,shadow-warrior-equipment-lists,Shadow Warrior Equipment List,ithilmar_armour,Ithilmar Armour,60,,campaign.trading-post.ithilmar-armour,90 gc,rare,differs,,https://mordheimer.net/docs/warbands/grade-1b-warbands/shadow-warriors,Shadow Warrior equipment lists
mordheim,shadow-warriors,Shadow Warriors,shadow-warrior-equipment-lists,Shadow Warrior Equipment List,ithilmar_weapon,Ithilmar Weapon,2,,campaign.trading-post.ithilmar-weapon,x3,rare,relative-tp,,https://mordheimer.net/docs/warbands/grade-1b-warbands/shadow-warriors,Shadow Warrior equipment lists
mordheim,shadow-warriors,Shadow Warriors,shadow-warrior-equipment-lists,Shadow Warrior Equipment List,light_armour,Light Armour,20,,campaign.trading-post.light-armour,20 gc,common,consistent,,https://mordheimer.net/docs/warbands/grade-1b-warbands/shadow-warriors,Shadow Warrior equipment lists
mordheim,shadow-warriors,Shadow Warriors,shadow-warrior-equipment-lists,Shadow Warrior Equipment List,long_bow,Long Bow,15,,campaign.trading-post.long-bow,15 gc,common,consistent,,https://mordheimer.net/docs/warbands/grade-1b-warbands/shadow-warriors,Shadow Warrior equipment lists
mordheim,shadow-warriors,Shadow Warriors,shadow-warrior-equipment-lists,Shadow Warrior Equipment List,shield,Shield,5,,campaign.trading-post.shield,5 gc,common,consistent,,https://mordheimer.net/docs/warbands/grade-1b-warbands/shadow-warriors,Shadow Warrior equipment lists
mordheim,shadow-warriors,Shadow Warriors,shadow-warrior-equipment-lists,Shadow Warrior Equipment List,spear,Spear,10,,campaign.trading-post.spear,10 gc,common,consistent,,https://mordheimer.net/docs/warbands/grade-1b-warbands/shadow-warriors,Shadow Warrior equipment lists
mordheim,shadow-warriors,Shadow Warriors,shadow-warrior-equipment-lists,Shadow Warrior Equipment List,standard_of_nagarythe,Standard Of Nagarythe,75,,campaign.trading-post.standard-of-nagarythe,75 gc + dice,rare,consistent-special,,https://mordheimer.net/docs/warbands/grade-1b-warbands/shadow-warriors,Shadow Warrior equipment lists
mordheim,shadow-warriors,Shadow Warriors,shadow-warrior-equipment-lists,Shadow Warrior Equipment List,sword,Sword,10,,campaign.trading-post.sword,10 gc,common,consistent,,https://mordheimer.net/docs/warbands/grade-1b-warbands/shadow-warriors,Shadow Warrior equipment lists
mordheim,shadow-warriors,Shadow Warriors,shadow-warrior-equipment-lists,Shadow Warrior Equipment List,war_horn_of_nagarythe,War Horn Of Nagarythe,25,,campaign.trading-post.war-horn-of-nagarythe,25 gc + dice,rare,consistent-special,,https://mordheimer.net/docs/warbands/grade-1b-warbands/shadow-warriors,Shadow Warrior equipment lists
mordheim,sisters-of-sigmar,Sisters of Sigmar,sisters-of-sigmar-equipment-lists,Sisters of Sigmar Equipment List,blessed_water,Blessed Water,10,,campaign.trading-post.blessed-water,10 gc + dice,rare,consistent-special,,https://mordheimer.net/docs/warbands/grade-1a-warbands/sisters-of-sigmar,Sisters of Sigmar equipment lists
mordheim,sisters-of-sigmar,Sisters of Sigmar,sisters-of-sigmar-equipment-lists,Sisters of Sigmar Equipment List,buckler,Buckler,5,,campaign.trading-post.buckler,5 gc,common,consistent,,https://mordheimer.net/docs/warbands/grade-1a-warbands/sisters-of-sigmar,Sisters of Sigmar equipment lists
mordheim,sisters-of-sigmar,Sisters of Sigmar,sisters-of-sigmar-equipment-lists,Sisters of Sigmar Equipment List,dagger,Dagger,2,,campaign.trading-post.dagger,2 gc,common,consistent,,https://mordheimer.net/docs/warbands/grade-1a-warbands/sisters-of-sigmar,Sisters of Sigmar equipment lists
mordheim,sisters-of-sigmar,Sisters of Sigmar,sisters-of-sigmar-equipment-lists,Sisters of Sigmar Equipment List,flail,Flail,15,,campaign.trading-post.flail,15 gc,common,consistent,,https://mordheimer.net/docs/warbands/grade-1a-warbands/sisters-of-sigmar,Sisters of Sigmar equipment lists
mordheim,sisters-of-sigmar,Sisters of Sigmar,sisters-of-sigmar-equipment-lists,Sisters of Sigmar Equipment List,great_weapon,Great Weapon,15,,campaign.trading-post.great-weapon,(not sold),not_sold,no-market,,https://mordheimer.net/docs/warbands/grade-1a-warbands/sisters-of-sigmar,Sisters of Sigmar equipment lists
mordheim,sisters-of-sigmar,Sisters of Sigmar,sisters-of-sigmar-equipment-lists,Sisters of Sigmar Equipment List,hammer,Hammer,3,,campaign.trading-post.hammer,3 gc,common,consistent,,https://mordheimer.net/docs/warbands/grade-1a-warbands/sisters-of-sigmar,Sisters of Sigmar equipment lists
mordheim,sisters-of-sigmar,Sisters of Sigmar,sisters-of-sigmar-equipment-lists,Sisters of Sigmar Equipment List,heavy_armour,Heavy Armour,50,,campaign.trading-post.heavy-armour,50 gc,common,consistent,,https://mordheimer.net/docs/warbands/grade-1a-warbands/sisters-of-sigmar,Sisters of Sigmar equipment lists
mordheim,sisters-of-sigmar,Sisters of Sigmar,sisters-of-sigmar-equipment-lists,Sisters of Sigmar Equipment List,helmet,Helmet,10,,campaign.trading-post.helmet,10 gc,common,consistent,,https://mordheimer.net/docs/warbands/grade-1a-warbands/sisters-of-sigmar,Sisters of Sigmar equipment lists
mordheim,sisters-of-sigmar,Sisters of Sigmar,sisters-of-sigmar-equipment-lists,Sisters of Sigmar Equipment List,holy_relic,Holy Relic,15,,campaign.trading-post.holy-relic,15 gc + dice,rare,consistent-special,,https://mordheimer.net/docs/warbands/grade-1a-warbands/sisters-of-sigmar,Sisters of Sigmar equipment lists
mordheim,sisters-of-sigmar,Sisters of Sigmar,sisters-of-sigmar-equipment-lists,Sisters of Sigmar Equipment List,holy_tome,Holy Tome,120,,campaign.trading-post.holy-tome,100 gc + dice,rare,creation-price,Verified on the Sisters of Sigmar page: 120 gc is the creation-list price; the page's own Trading Post section prices the Holy Tome 100 + D6x10 (Rare 8).,https://mordheimer.net/docs/warbands/grade-1a-warbands/sisters-of-sigmar,Sisters of Sigmar equipment lists
mordheim,sisters-of-sigmar,Sisters of Sigmar,sisters-of-sigmar-equipment-lists,Sisters of Sigmar Equipment List,light_armour,Light Armour,20,,campaign.trading-post.light-armour,20 gc,common,consistent,,https://mordheimer.net/docs/warbands/grade-1a-warbands/sisters-of-sigmar,Sisters of Sigmar equipment lists
mordheim,sisters-of-sigmar,Sisters of Sigmar,sisters-of-sigmar-equipment-lists,Sisters of Sigmar Equipment List,mace,Mace,3,,campaign.trading-post.mace,3 gc,common,consistent,,https://mordheimer.net/docs/warbands/grade-1a-warbands/sisters-of-sigmar,Sisters of Sigmar equipment lists
mordheim,sisters-of-sigmar,Sisters of Sigmar,sisters-of-sigmar-equipment-lists,Sisters of Sigmar Equipment List,shield,Shield,5,,campaign.trading-post.shield,5 gc,common,consistent,,https://mordheimer.net/docs/warbands/grade-1a-warbands/sisters-of-sigmar,Sisters of Sigmar equipment lists
mordheim,sisters-of-sigmar,Sisters of Sigmar,sisters-of-sigmar-equipment-lists,Sisters of Sigmar Equipment List,sigmarite_hammer,Sigmarite Hammer,15,,campaign.trading-post.sigmarite-warhammer,15 gc,common,consistent,,https://mordheimer.net/docs/warbands/grade-1a-warbands/sisters-of-sigmar,Sisters of Sigmar equipment lists
mordheim,sisters-of-sigmar,Sisters of Sigmar,sisters-of-sigmar-equipment-lists,Sisters of Sigmar Equipment List,sling,Sling,2,,campaign.trading-post.sling,2 gc,common,consistent,,https://mordheimer.net/docs/warbands/grade-1a-warbands/sisters-of-sigmar,Sisters of Sigmar equipment lists
mordheim,sisters-of-sigmar,Sisters of Sigmar,sisters-of-sigmar-equipment-lists,Sisters of Sigmar Equipment List,steel_whip,Steel Whip,10,,campaign.trading-post.steel-whip,10 gc,common,consistent,,https://mordheimer.net/docs/warbands/grade-1a-warbands/sisters-of-sigmar,Sisters of Sigmar equipment lists
mordheim,skaven-clan-eshin,Skaven of Clan Eshin,skaven-henchmen-equipment-list,Skaven Henchmen Equipment List,club,Club,3,,campaign.trading-post.club,3 gc,common,consistent,,https://mordheimer.net/docs/warbands/grade-1a-warbands/skaven-eshin,Skaven equipment lists
mordheim,skaven-clan-eshin,Skaven of Clan Eshin,skaven-henchmen-equipment-list,Skaven Henchmen Equipment List,dagger,Dagger,2,,campaign.trading-post.dagger,2 gc,common,consistent,,https://mordheimer.net/docs/warbands/grade-1a-warbands/skaven-eshin,Skaven equipment lists
mordheim,skaven-clan-eshin,Skaven of Clan Eshin,skaven-henchmen-equipment-list,Skaven Henchmen Equipment List,helmet,Helmet,10,,campaign.trading-post.helmet,10 gc,common,consistent,,https://mordheimer.net/docs/warbands/grade-1a-warbands/skaven-eshin,Skaven equipment lists
mordheim,skaven-clan-eshin,Skaven of Clan Eshin,skaven-henchmen-equipment-list,Skaven Henchmen Equipment List,light_armour,Light Armour,20,,campaign.trading-post.light-armour,20 gc,common,consistent,,https://mordheimer.net/docs/warbands/grade-1a-warbands/skaven-eshin,Skaven equipment lists
mordheim,skaven-clan-eshin,Skaven of Clan Eshin,skaven-henchmen-equipment-list,Skaven Henchmen Equipment List,shield,Shield,5,,campaign.trading-post.shield,5 gc,common,consistent,,https://mordheimer.net/docs/warbands/grade-1a-warbands/skaven-eshin,Skaven equipment lists
mordheim,skaven-clan-eshin,Skaven of Clan Eshin,skaven-henchmen-equipment-list,Skaven Henchmen Equipment List,sling,Sling,2,,campaign.trading-post.sling,2 gc,common,consistent,,https://mordheimer.net/docs/warbands/grade-1a-warbands/skaven-eshin,Skaven equipment lists
mordheim,skaven-clan-eshin,Skaven of Clan Eshin,skaven-henchmen-equipment-list,Skaven Henchmen Equipment List,spear,Spear,10,,campaign.trading-post.spear,10 gc,common,consistent,,https://mordheimer.net/docs/warbands/grade-1a-warbands/skaven-eshin,Skaven equipment lists
mordheim,skaven-clan-eshin,Skaven of Clan Eshin,skaven-henchmen-equipment-list,Skaven Henchmen Equipment List,sword,Sword,10,,campaign.trading-post.sword,10 gc,common,consistent,,https://mordheimer.net/docs/warbands/grade-1a-warbands/skaven-eshin,Skaven equipment lists
mordheim,skaven-clan-eshin,Skaven of Clan Eshin,skaven-hero-equipment-list,Skaven Hero Equipment List,blowpipe,Blowpipe,25,,campaign.trading-post.blowpipe,25 gc,rare,consistent,,https://mordheimer.net/docs/warbands/grade-1a-warbands/skaven-eshin,Heroes equipment lists
mordheim,skaven-clan-eshin,Skaven of Clan Eshin,skaven-hero-equipment-list,Skaven Hero Equipment List,buckler,Buckler,5,,campaign.trading-post.buckler,5 gc,common,consistent,,https://mordheimer.net/docs/warbands/grade-1a-warbands/skaven-eshin,Heroes equipment lists
mordheim,skaven-clan-eshin,Skaven of Clan Eshin,skaven-hero-equipment-list,Skaven Hero Equipment List,dagger,Dagger,2,,campaign.trading-post.dagger,2 gc,common,consistent,,https://mordheimer.net/docs/warbands/grade-1a-warbands/skaven-eshin,Heroes equipment lists
mordheim,skaven-clan-eshin,Skaven of Clan Eshin,skaven-hero-equipment-list,Skaven Hero Equipment List,fighting_claws,Fighting Claws,35,,campaign.trading-post.fighting-claws,35 gc per pair,rare,consistent-special,,https://mordheimer.net/docs/warbands/grade-1a-warbands/skaven-eshin,Heroes equipment lists
mordheim,skaven-clan-eshin,Skaven of Clan Eshin,skaven-hero-equipment-list,Skaven Hero Equipment List,flail,Flail,15,,campaign.trading-post.flail,15 gc,common,consistent,,https://mordheimer.net/docs/warbands/grade-1a-warbands/skaven-eshin,Heroes equipment lists
mordheim,skaven-clan-eshin,Skaven of Clan Eshin,skaven-hero-equipment-list,Skaven Hero Equipment List,halberd,Halberd,10,,campaign.trading-post.halberd,10 gc,common,consistent,,https://mordheimer.net/docs/warbands/grade-1a-warbands/skaven-eshin,Heroes equipment lists
mordheim,skaven-clan-eshin,Skaven of Clan Eshin,skaven-hero-equipment-list,Skaven Hero Equipment List,helmet,Helmet,10,,campaign.trading-post.helmet,10 gc,common,consistent,,https://mordheimer.net/docs/warbands/grade-1a-warbands/skaven-eshin,Heroes equipment lists
mordheim,skaven-clan-eshin,Skaven of Clan Eshin,skaven-hero-equipment-list,Skaven Hero Equipment List,light_armour,Light Armour,20,,campaign.trading-post.light-armour,20 gc,common,consistent,,https://mordheimer.net/docs/warbands/grade-1a-warbands/skaven-eshin,Heroes equipment lists
mordheim,skaven-clan-eshin,Skaven of Clan Eshin,skaven-hero-equipment-list,Skaven Hero Equipment List,sling,Sling,2,,campaign.trading-post.sling,2 gc,common,consistent,,https://mordheimer.net/docs/warbands/grade-1a-warbands/skaven-eshin,Heroes equipment lists
mordheim,skaven-clan-eshin,Skaven of Clan Eshin,skaven-hero-equipment-list,Skaven Hero Equipment List,spear,Spear,10,,campaign.trading-post.spear,10 gc,common,consistent,,https://mordheimer.net/docs/warbands/grade-1a-warbands/skaven-eshin,Heroes equipment lists
mordheim,skaven-clan-eshin,Skaven of Clan Eshin,skaven-hero-equipment-list,Skaven Hero Equipment List,sword,Sword,10,,campaign.trading-post.sword,10 gc,common,consistent,,https://mordheimer.net/docs/warbands/grade-1a-warbands/skaven-eshin,Heroes equipment lists
mordheim,skaven-clan-eshin,Skaven of Clan Eshin,skaven-hero-equipment-list,Skaven Hero Equipment List,throwing_stars,Throwing Stars,15,,campaign.trading-post.throwing-stars,15 gc,rare,consistent,,https://mordheimer.net/docs/warbands/grade-1a-warbands/skaven-eshin,Heroes equipment lists
mordheim,skaven-clan-eshin,Skaven of Clan Eshin,skaven-hero-equipment-list,Skaven Hero Equipment List,warp_pistol,Warp Pistol,35,,campaign.trading-post.warplock-pistol,35 gc,rare,consistent,,https://mordheimer.net/docs/warbands/grade-1a-warbands/skaven-eshin,Heroes equipment lists
mordheim,skaven-clan-eshin,Skaven of Clan Eshin,skaven-hero-equipment-list,Skaven Hero Equipment List,weeping_blades,Weeping Blades,50,,campaign.trading-post.weeping-blades,50 gc per pair,rare,consistent-special,,https://mordheimer.net/docs/warbands/grade-1a-warbands/skaven-eshin,Heroes equipment lists
mordheim,skaven-clan-pestilens,Skaven of Clan Pestilens,clan-pestilens-henchmen-equipment-list,Clan Pestilens Henchmen Equipment List,club,Club,3,,campaign.trading-post.club,3 gc,common,consistent,,https://mordheimer.net/docs/warbands/grade-1b-warbands/skaven-pestilens,Skaven equipment lists
mordheim,skaven-clan-pestilens,Skaven of Clan Pestilens,clan-pestilens-henchmen-equipment-list,Clan Pestilens Henchmen Equipment List,dagger,Dagger,2,,campaign.trading-post.dagger,2 gc,common,consistent,,https://mordheimer.net/docs/warbands/grade-1b-warbands/skaven-pestilens,Skaven equipment lists
mordheim,skaven-clan-pestilens,Skaven of Clan Pestilens,clan-pestilens-henchmen-equipment-list,Clan Pestilens Henchmen Equipment List,helmet,Helmet,10,,campaign.trading-post.helmet,10 gc,common,consistent,,https://mordheimer.net/docs/warbands/grade-1b-warbands/skaven-pestilens,Skaven equipment lists
mordheim,skaven-clan-pestilens,Skaven of Clan Pestilens,clan-pestilens-henchmen-equipment-list,Clan Pestilens Henchmen Equipment List,light_armour,Light Armour,20,,campaign.trading-post.light-armour,20 gc,common,consistent,,https://mordheimer.net/docs/warbands/grade-1b-warbands/skaven-pestilens,Skaven equipment lists
mordheim,skaven-clan-pestilens,Skaven of Clan Pestilens,clan-pestilens-henchmen-equipment-list,Clan Pestilens Henchmen Equipment List,shield,Shield,5,,campaign.trading-post.shield,5 gc,common,consistent,,https://mordheimer.net/docs/warbands/grade-1b-warbands/skaven-pestilens,Skaven equipment lists
mordheim,skaven-clan-pestilens,Skaven of Clan Pestilens,clan-pestilens-henchmen-equipment-list,Clan Pestilens Henchmen Equipment List,sling,Sling,2,,campaign.trading-post.sling,2 gc,common,consistent,,https://mordheimer.net/docs/warbands/grade-1b-warbands/skaven-pestilens,Skaven equipment lists
mordheim,skaven-clan-pestilens,Skaven of Clan Pestilens,clan-pestilens-henchmen-equipment-list,Clan Pestilens Henchmen Equipment List,spear,Spear,10,,campaign.trading-post.spear,10 gc,common,consistent,,https://mordheimer.net/docs/warbands/grade-1b-warbands/skaven-pestilens,Skaven equipment lists
mordheim,skaven-clan-pestilens,Skaven of Clan Pestilens,clan-pestilens-henchmen-equipment-list,Clan Pestilens Henchmen Equipment List,sword,Sword,10,,campaign.trading-post.sword,10 gc,common,consistent,,https://mordheimer.net/docs/warbands/grade-1b-warbands/skaven-pestilens,Skaven equipment lists
mordheim,skaven-clan-pestilens,Skaven of Clan Pestilens,clan-pestilens-hero-equipment-list,Clan Pestilens Hero Equipment List,censer,Censer,40,,campaign.trading-post.censer,40 gc,rare,consistent,,https://mordheimer.net/docs/warbands/grade-1b-warbands/skaven-pestilens,Heroes equipment lists
mordheim,skaven-clan-pestilens,Skaven of Clan Pestilens,clan-pestilens-hero-equipment-list,Clan Pestilens Hero Equipment List,club,Club,3,,campaign.trading-post.club,3 gc,common,consistent,,https://mordheimer.net/docs/warbands/grade-1b-warbands/skaven-pestilens,Heroes equipment lists
mordheim,skaven-clan-pestilens,Skaven of Clan Pestilens,clan-pestilens-hero-equipment-list,Clan Pestilens Hero Equipment List,dagger,Dagger,2,,campaign.trading-post.dagger,2 gc,common,consistent,,https://mordheimer.net/docs/warbands/grade-1b-warbands/skaven-pestilens,Heroes equipment lists
mordheim,skaven-clan-pestilens,Skaven of Clan Pestilens,clan-pestilens-hero-equipment-list,Clan Pestilens Hero Equipment List,disease_dagger,Disease Dagger,15,,campaign.trading-post.disease-dagger,15 gc,rare,consistent,,https://mordheimer.net/docs/warbands/grade-1b-warbands/skaven-pestilens,Heroes equipment lists
mordheim,skaven-clan-pestilens,Skaven of Clan Pestilens,clan-pestilens-hero-equipment-list,Clan Pestilens Hero Equipment List,flail,Flail,15,,campaign.trading-post.flail,15 gc,common,consistent,,https://mordheimer.net/docs/warbands/grade-1b-warbands/skaven-pestilens,Heroes equipment lists
mordheim,skaven-clan-pestilens,Skaven of Clan Pestilens,clan-pestilens-hero-equipment-list,Clan Pestilens Hero Equipment List,halberd,Halberd,10,,campaign.trading-post.halberd,10 gc,common,consistent,,https://mordheimer.net/docs/warbands/grade-1b-warbands/skaven-pestilens,Heroes equipment lists
mordheim,skaven-clan-pestilens,Skaven of Clan Pestilens,clan-pestilens-hero-equipment-list,Clan Pestilens Hero Equipment List,helmet,Helmet,10,,campaign.trading-post.helmet,10 gc,common,consistent,,https://mordheimer.net/docs/warbands/grade-1b-warbands/skaven-pestilens,Heroes equipment lists
mordheim,skaven-clan-pestilens,Skaven of Clan Pestilens,clan-pestilens-hero-equipment-list,Clan Pestilens Hero Equipment List,light_armour,Light Armour,20,,campaign.trading-post.light-armour,20 gc,common,consistent,,https://mordheimer.net/docs/warbands/grade-1b-warbands/skaven-pestilens,Heroes equipment lists
mordheim,skaven-clan-pestilens,Skaven of Clan Pestilens,clan-pestilens-hero-equipment-list,Clan Pestilens Hero Equipment List,shield,Shield,5,,campaign.trading-post.shield,5 gc,common,consistent,,https://mordheimer.net/docs/warbands/grade-1b-warbands/skaven-pestilens,Heroes equipment lists
mordheim,skaven-clan-pestilens,Skaven of Clan Pestilens,clan-pestilens-hero-equipment-list,Clan Pestilens Hero Equipment List,sling,Sling,2,,campaign.trading-post.sling,2 gc,common,consistent,,https://mordheimer.net/docs/warbands/grade-1b-warbands/skaven-pestilens,Heroes equipment lists
mordheim,skaven-clan-pestilens,Skaven of Clan Pestilens,clan-pestilens-hero-equipment-list,Clan Pestilens Hero Equipment List,spear,Spear,10,,campaign.trading-post.spear,10 gc,common,consistent,,https://mordheimer.net/docs/warbands/grade-1b-warbands/skaven-pestilens,Heroes equipment lists
mordheim,skaven-clan-pestilens,Skaven of Clan Pestilens,clan-pestilens-hero-equipment-list,Clan Pestilens Hero Equipment List,sword,Sword,10,,campaign.trading-post.sword,10 gc,common,consistent,,https://mordheimer.net/docs/warbands/grade-1b-warbands/skaven-pestilens,Heroes equipment lists
mordheim,sons-of-hashut,The Sons of Hashut,blunderbusser-equipment-list,Blunderbusser Equipment List,axe,Axe,5,,campaign.trading-post.axe,5 gc,common,consistent,,https://mordheimer.net/docs/warbands/grade-1c-warbands/sons-of-hashut,Blunderbusser equipment lists
mordheim,sons-of-hashut,The Sons of Hashut,blunderbusser-equipment-list,Blunderbusser Equipment List,chaos_dwarf_blunderbuss,Chaos Dwarf Blunderbuss,40,,campaign.trading-post.chaos-dwarf-blunderbuss,40 gc,rare,consistent,,https://mordheimer.net/docs/warbands/grade-1c-warbands/sons-of-hashut,Blunderbusser equipment lists
mordheim,sons-of-hashut,The Sons of Hashut,blunderbusser-equipment-list,Blunderbusser Equipment List,dagger,Dagger,2,,campaign.trading-post.dagger,2 gc,common,consistent,,https://mordheimer.net/docs/warbands/grade-1c-warbands/sons-of-hashut,Blunderbusser equipment lists
mordheim,sons-of-hashut,The Sons of Hashut,blunderbusser-equipment-list,Blunderbusser Equipment List,hammer,Hammer,3,,campaign.trading-post.hammer,3 gc,common,consistent,,https://mordheimer.net/docs/warbands/grade-1c-warbands/sons-of-hashut,Blunderbusser equipment lists
mordheim,sons-of-hashut,The Sons of Hashut,blunderbusser-equipment-list,Blunderbusser Equipment List,heavy_armour,Heavy Armour,50,,campaign.trading-post.heavy-armour,50 gc,common,consistent,,https://mordheimer.net/docs/warbands/grade-1c-warbands/sons-of-hashut,Blunderbusser equipment lists
mordheim,sons-of-hashut,The Sons of Hashut,blunderbusser-equipment-list,Blunderbusser Equipment List,helmet,Helmet,10,,campaign.trading-post.helmet,10 gc,common,consistent,,https://mordheimer.net/docs/warbands/grade-1c-warbands/sons-of-hashut,Blunderbusser equipment lists
mordheim,sons-of-hashut,The Sons of Hashut,blunderbusser-equipment-list,Blunderbusser Equipment List,light_armour,Light Armour,20,,campaign.trading-post.light-armour,20 gc,common,consistent,,https://mordheimer.net/docs/warbands/grade-1c-warbands/sons-of-hashut,Blunderbusser equipment lists
mordheim,sons-of-hashut,The Sons of Hashut,blunderbusser-equipment-list,Blunderbusser Equipment List,pistol,Pistol,15,,campaign.trading-post.pistol,15 gc,rare,consistent,,https://mordheimer.net/docs/warbands/grade-1c-warbands/sons-of-hashut,Blunderbusser equipment lists
mordheim,sons-of-hashut,The Sons of Hashut,blunderbusser-equipment-list,Blunderbusser Equipment List,sword,Sword,10,,campaign.trading-post.sword,10 gc,common,consistent,,https://mordheimer.net/docs/warbands/grade-1c-warbands/sons-of-hashut,Blunderbusser equipment lists
mordheim,sons-of-hashut,The Sons of Hashut,chaos-dwarf-equipment-list,Chaos Dwarf Equipment List,axe,Axe,5,,campaign.trading-post.axe,5 gc,common,consistent,,https://mordheimer.net/docs/warbands/grade-1c-warbands/sons-of-hashut,Chaos Dwarf equipment lists
mordheim,sons-of-hashut,The Sons of Hashut,chaos-dwarf-equipment-list,Chaos Dwarf Equipment List,dagger,Dagger,2,,campaign.trading-post.dagger,2 gc,common,consistent,,https://mordheimer.net/docs/warbands/grade-1c-warbands/sons-of-hashut,Chaos Dwarf equipment lists
mordheim,sons-of-hashut,The Sons of Hashut,chaos-dwarf-equipment-list,Chaos Dwarf Equipment List,great_weapon,Great Weapon,15,,campaign.trading-post.great-weapon,(not sold),not_sold,no-market,,https://mordheimer.net/docs/warbands/grade-1c-warbands/sons-of-hashut,Chaos Dwarf equipment lists
mordheim,sons-of-hashut,The Sons of Hashut,chaos-dwarf-equipment-list,Chaos Dwarf Equipment List,hammer,Hammer,3,,campaign.trading-post.hammer,3 gc,common,consistent,,https://mordheimer.net/docs/warbands/grade-1c-warbands/sons-of-hashut,Chaos Dwarf equipment lists
mordheim,sons-of-hashut,The Sons of Hashut,chaos-dwarf-equipment-list,Chaos Dwarf Equipment List,heavy_armour,Heavy Armour,50,,campaign.trading-post.heavy-armour,50 gc,common,consistent,,https://mordheimer.net/docs/warbands/grade-1c-warbands/sons-of-hashut,Chaos Dwarf equipment lists
mordheim,sons-of-hashut,The Sons of Hashut,chaos-dwarf-equipment-list,Chaos Dwarf Equipment List,helmet,Helmet,10,,campaign.trading-post.helmet,10 gc,common,consistent,,https://mordheimer.net/docs/warbands/grade-1c-warbands/sons-of-hashut,Chaos Dwarf equipment lists
mordheim,sons-of-hashut,The Sons of Hashut,chaos-dwarf-equipment-list,Chaos Dwarf Equipment List,light_armour,Light Armour,20,,campaign.trading-post.light-armour,20 gc,common,consistent,,https://mordheimer.net/docs/warbands/grade-1c-warbands/sons-of-hashut,Chaos Dwarf equipment lists
mordheim,sons-of-hashut,The Sons of Hashut,chaos-dwarf-equipment-list,Chaos Dwarf Equipment List,mace,Mace,3,,campaign.trading-post.mace,3 gc,common,consistent,,https://mordheimer.net/docs/warbands/grade-1c-warbands/sons-of-hashut,Chaos Dwarf equipment lists
mordheim,sons-of-hashut,The Sons of Hashut,chaos-dwarf-equipment-list,Chaos Dwarf Equipment List,obsidian_weapon,Obsidian Weapon,30,,campaign.trading-post.sons-of-hashut-obsidian-weapon,60 gc,rare,differs,,https://mordheimer.net/docs/warbands/grade-1c-warbands/sons-of-hashut,Chaos Dwarf equipment lists
mordheim,sons-of-hashut,The Sons of Hashut,chaos-dwarf-equipment-list,Chaos Dwarf Equipment List,pistol,Pistol,15,,campaign.trading-post.pistol,15 gc,rare,consistent,,https://mordheimer.net/docs/warbands/grade-1c-warbands/sons-of-hashut,Chaos Dwarf equipment lists
mordheim,sons-of-hashut,The Sons of Hashut,chaos-dwarf-equipment-list,Chaos Dwarf Equipment List,shield,Shield,5,,campaign.trading-post.shield,5 gc,common,consistent,,https://mordheimer.net/docs/warbands/grade-1c-warbands/sons-of-hashut,Chaos Dwarf equipment lists
mordheim,sons-of-hashut,The Sons of Hashut,chaos-dwarf-equipment-list,Chaos Dwarf Equipment List,sword,Sword,10,,campaign.trading-post.sword,10 gc,common,consistent,,https://mordheimer.net/docs/warbands/grade-1c-warbands/sons-of-hashut,Chaos Dwarf equipment lists
mordheim,sons-of-hashut,The Sons of Hashut,hobgoblin-equipment-list,Hobgoblin Equipment List,axe,Axe,5,,campaign.trading-post.axe,5 gc,common,consistent,,https://mordheimer.net/docs/warbands/grade-1c-warbands/sons-of-hashut,Hobgoblins equipment lists
mordheim,sons-of-hashut,The Sons of Hashut,hobgoblin-equipment-list,Hobgoblin Equipment List,bow,Bow,10,,campaign.trading-post.bow,10 gc,common,consistent,,https://mordheimer.net/docs/warbands/grade-1c-warbands/sons-of-hashut,Hobgoblins equipment lists
mordheim,sons-of-hashut,The Sons of Hashut,hobgoblin-equipment-list,Hobgoblin Equipment List,dagger,Dagger,2,,campaign.trading-post.dagger,2 gc,common,consistent,,https://mordheimer.net/docs/warbands/grade-1c-warbands/sons-of-hashut,Hobgoblins equipment lists
mordheim,sons-of-hashut,The Sons of Hashut,hobgoblin-equipment-list,Hobgoblin Equipment List,hobgoblin_poisoned_daggers,Hobgoblin Poisoned Daggers,15,,campaign.trading-post.hobgoblin-poisoned-daggers,15 gc,rare,consistent,,https://mordheimer.net/docs/warbands/grade-1c-warbands/sons-of-hashut,Hobgoblins equipment lists
mordheim,sons-of-hashut,The Sons of Hashut,hobgoblin-equipment-list,Hobgoblin Equipment List,light_armour,Light Armour,20,,campaign.trading-post.light-armour,20 gc,common,consistent,,https://mordheimer.net/docs/warbands/grade-1c-warbands/sons-of-hashut,Hobgoblins equipment lists
mordheim,sons-of-hashut,The Sons of Hashut,hobgoblin-equipment-list,Hobgoblin Equipment List,shield,Shield,5,,campaign.trading-post.shield,5 gc,common,consistent,,https://mordheimer.net/docs/warbands/grade-1c-warbands/sons-of-hashut,Hobgoblins equipment lists
mordheim,sons-of-hashut,The Sons of Hashut,hobgoblin-equipment-list,Hobgoblin Equipment List,short_bow,Short Bow,5,,campaign.trading-post.short-bow,5 gc,common,consistent,,https://mordheimer.net/docs/warbands/grade-1c-warbands/sons-of-hashut,Hobgoblins equipment lists
mordheim,sons-of-hashut,The Sons of Hashut,hobgoblin-equipment-list,Hobgoblin Equipment List,sword,Sword,10,,campaign.trading-post.sword,10 gc,common,consistent,,https://mordheimer.net/docs/warbands/grade-1c-warbands/sons-of-hashut,Hobgoblins equipment lists
mordheim,tileans,Tileans (Miragleans / Remasens / Trantios),marksman-equipment-list,Marksman Equipment List,axe,Axe,5,,campaign.trading-post.axe,5 gc,common,consistent,,https://mordheimer.net/docs/warbands/grade-1b-warbands/tileans,Marksman equipment list
mordheim,tileans,Tileans (Miragleans / Remasens / Trantios),marksman-equipment-list,Marksman Equipment List,crossbow,Crossbow,25,,campaign.trading-post.crossbow,25 gc,common,consistent,,https://mordheimer.net/docs/warbands/grade-1b-warbands/tileans,Marksman equipment list
mordheim,tileans,Tileans (Miragleans / Remasens / Trantios),marksman-equipment-list,Marksman Equipment List,dagger,Dagger,2,,campaign.trading-post.dagger,2 gc,common,consistent,,https://mordheimer.net/docs/warbands/grade-1b-warbands/tileans,Marksman equipment list
mordheim,tileans,Tileans (Miragleans / Remasens / Trantios),marksman-equipment-list,Marksman Equipment List,duelling_pistol,Duelling Pistol,25,,campaign.trading-post.duelling-pistol,30 gc,rare,differs,,https://mordheimer.net/docs/warbands/grade-1b-warbands/tileans,Marksman equipment list
mordheim,tileans,Tileans (Miragleans / Remasens / Trantios),marksman-equipment-list,Marksman Equipment List,hammer,Hammer,3,,campaign.trading-post.hammer,3 gc,common,consistent,,https://mordheimer.net/docs/warbands/grade-1b-warbands/tileans,Marksman equipment list
mordheim,tileans,Tileans (Miragleans / Remasens / Trantios),marksman-equipment-list,Marksman Equipment List,handgun,Handgun,35,,campaign.trading-post.handgun,35 gc,rare,consistent,,https://mordheimer.net/docs/warbands/grade-1b-warbands/tileans,Marksman equipment list
mordheim,tileans,Tileans (Miragleans / Remasens / Trantios),marksman-equipment-list,Marksman Equipment List,helmet,Helmet,10,,campaign.trading-post.helmet,10 gc,common,consistent,,https://mordheimer.net/docs/warbands/grade-1b-warbands/tileans,Marksman equipment list
mordheim,tileans,Tileans (Miragleans / Remasens / Trantios),marksman-equipment-list,Marksman Equipment List,hunting_rifle,Hunting Rifle,200,,campaign.trading-post.hunting-rifle,200 gc,rare,consistent,,https://mordheimer.net/docs/warbands/grade-1b-warbands/tileans,Marksman equipment list
mordheim,tileans,Tileans (Miragleans / Remasens / Trantios),marksman-equipment-list,Marksman Equipment List,light_armour,Light Armour,20,,campaign.trading-post.light-armour,20 gc,common,consistent,,https://mordheimer.net/docs/warbands/grade-1b-warbands/tileans,Marksman equipment list
mordheim,tileans,Tileans (Miragleans / Remasens / Trantios),marksman-equipment-list,Marksman Equipment List,long_bow,Long Bow,15,,campaign.trading-post.long-bow,15 gc,common,consistent,,https://mordheimer.net/docs/warbands/grade-1b-warbands/tileans,Marksman equipment list
mordheim,tileans,Tileans (Miragleans / Remasens / Trantios),marksman-equipment-list,Marksman Equipment List,mace,Mace,3,,campaign.trading-post.mace,3 gc,common,consistent,,https://mordheimer.net/docs/warbands/grade-1b-warbands/tileans,Marksman equipment list
mordheim,tileans,Tileans (Miragleans / Remasens / Trantios),marksman-equipment-list,Marksman Equipment List,pistol,Pistol,15,,campaign.trading-post.pistol,15 gc,rare,consistent,,https://mordheimer.net/docs/warbands/grade-1b-warbands/tileans,Marksman equipment list
mordheim,tileans,Tileans (Miragleans / Remasens / Trantios),marksman-equipment-list,Marksman Equipment List,sword,Sword,10,,campaign.trading-post.sword,10 gc,common,consistent,,https://mordheimer.net/docs/warbands/grade-1b-warbands/tileans,Marksman equipment list
mordheim,tileans,Tileans (Miragleans / Remasens / Trantios),equipment-list,Tilean Equipment List,axe,Axe,5,,campaign.trading-post.axe,5 gc,common,consistent,,https://mordheimer.net/docs/warbands/grade-1b-warbands/tileans,Equipment List
mordheim,tileans,Tileans (Miragleans / Remasens / Trantios),equipment-list,Tilean Equipment List,bow,Bow,10,,campaign.trading-post.bow,10 gc,common,consistent,,https://mordheimer.net/docs/warbands/grade-1b-warbands/tileans,Equipment List
mordheim,tileans,Tileans (Miragleans / Remasens / Trantios),equipment-list,Tilean Equipment List,buckler,Buckler,5,,campaign.trading-post.buckler,5 gc,common,consistent,,https://mordheimer.net/docs/warbands/grade-1b-warbands/tileans,Equipment List
mordheim,tileans,Tileans (Miragleans / Remasens / Trantios),equipment-list,Tilean Equipment List,crossbow,Crossbow,25,,campaign.trading-post.crossbow,25 gc,common,consistent,,https://mordheimer.net/docs/warbands/grade-1b-warbands/tileans,Equipment List
mordheim,tileans,Tileans (Miragleans / Remasens / Trantios),equipment-list,Tilean Equipment List,dagger,Dagger,2,,campaign.trading-post.dagger,2 gc,common,consistent,,https://mordheimer.net/docs/warbands/grade-1b-warbands/tileans,Equipment List
mordheim,tileans,Tileans (Miragleans / Remasens / Trantios),equipment-list,Tilean Equipment List,duelling_pistol,Duelling Pistol,25,,campaign.trading-post.duelling-pistol,30 gc,rare,differs,,https://mordheimer.net/docs/warbands/grade-1b-warbands/tileans,Equipment List
mordheim,tileans,Tileans (Miragleans / Remasens / Trantios),equipment-list,Tilean Equipment List,great_weapon,Great Weapon,15,,campaign.trading-post.great-weapon,(not sold),not_sold,no-market,,https://mordheimer.net/docs/warbands/grade-1b-warbands/tileans,Equipment List
mordheim,tileans,Tileans (Miragleans / Remasens / Trantios),equipment-list,Tilean Equipment List,halberd,Halberd,10,,campaign.trading-post.halberd,10 gc,common,consistent,,https://mordheimer.net/docs/warbands/grade-1b-warbands/tileans,Equipment List
mordheim,tileans,Tileans (Miragleans / Remasens / Trantios),equipment-list,Tilean Equipment List,hammer,Hammer,3,,campaign.trading-post.hammer,3 gc,common,consistent,,https://mordheimer.net/docs/warbands/grade-1b-warbands/tileans,Equipment List
mordheim,tileans,Tileans (Miragleans / Remasens / Trantios),equipment-list,Tilean Equipment List,helmet,Helmet,10,,campaign.trading-post.helmet,10 gc,common,consistent,,https://mordheimer.net/docs/warbands/grade-1b-warbands/tileans,Equipment List
mordheim,tileans,Tileans (Miragleans / Remasens / Trantios),equipment-list,Tilean Equipment List,light_armour,Light Armour,20,,campaign.trading-post.light-armour,20 gc,common,consistent,,https://mordheimer.net/docs/warbands/grade-1b-warbands/tileans,Equipment List
mordheim,tileans,Tileans (Miragleans / Remasens / Trantios),equipment-list,Tilean Equipment List,mace,Mace,3,,campaign.trading-post.mace,3 gc,common,consistent,,https://mordheimer.net/docs/warbands/grade-1b-warbands/tileans,Equipment List
mordheim,tileans,Tileans (Miragleans / Remasens / Trantios),equipment-list,Tilean Equipment List,morning_star,Morning Star,15,,campaign.trading-post.morning-star,15 gc,common,consistent,,https://mordheimer.net/docs/warbands/grade-1b-warbands/tileans,Equipment List
mordheim,tileans,Tileans (Miragleans / Remasens / Trantios),equipment-list,Tilean Equipment List,pike,Pike,12,,campaign.trading-post.pike.tileans,12 gc,rare,consistent,,https://mordheimer.net/docs/warbands/grade-1b-warbands/tileans,Equipment List
mordheim,tileans,Tileans (Miragleans / Remasens / Trantios),equipment-list,Tilean Equipment List,pistol,Pistol,15,,campaign.trading-post.pistol,15 gc,rare,consistent,,https://mordheimer.net/docs/warbands/grade-1b-warbands/tileans,Equipment List
mordheim,tileans,Tileans (Miragleans / Remasens / Trantios),equipment-list,Tilean Equipment List,rapier,Rapier,15,,campaign.trading-post.rapier,15 gc,rare,consistent,,https://mordheimer.net/docs/warbands/grade-1b-warbands/tileans,Equipment List
mordheim,tileans,Tileans (Miragleans / Remasens / Trantios),equipment-list,Tilean Equipment List,shield,Shield,5,,campaign.trading-post.shield,5 gc,common,consistent,,https://mordheimer.net/docs/warbands/grade-1b-warbands/tileans,Equipment List
mordheim,tileans,Tileans (Miragleans / Remasens / Trantios),equipment-list,Tilean Equipment List,spear,Spear,10,,campaign.trading-post.spear,10 gc,common,consistent,,https://mordheimer.net/docs/warbands/grade-1b-warbands/tileans,Equipment List
mordheim,tileans,Tileans (Miragleans / Remasens / Trantios),equipment-list,Tilean Equipment List,sword,Sword,10,,campaign.trading-post.sword,10 gc,common,consistent,,https://mordheimer.net/docs/warbands/grade-1b-warbands/tileans,Equipment List
mordheim,tomb-guardians,Tomb Guardians,liche-priest-equipment-list,Liche Priest Equipment List,axe,Axe,5,,campaign.trading-post.axe,5 gc,common,consistent,,https://mordheimer.net/docs/warbands/grade-1b-warbands/tomb-guardians,Liche Priest Equipment List
mordheim,tomb-guardians,Tomb Guardians,liche-priest-equipment-list,Liche Priest Equipment List,dagger,Dagger,2,,campaign.trading-post.dagger,2 gc,common,consistent,,https://mordheimer.net/docs/warbands/grade-1b-warbands/tomb-guardians,Liche Priest Equipment List
mordheim,tomb-guardians,Tomb Guardians,liche-priest-equipment-list,Liche Priest Equipment List,mace,Mace,3,,campaign.trading-post.mace,3 gc,common,consistent,,https://mordheimer.net/docs/warbands/grade-1b-warbands/tomb-guardians,Liche Priest Equipment List
mordheim,tomb-guardians,Tomb Guardians,liche-priest-equipment-list,Liche Priest Equipment List,morning_star,Morning Star,15,,campaign.trading-post.morning-star,15 gc,common,consistent,,https://mordheimer.net/docs/warbands/grade-1b-warbands/tomb-guardians,Liche Priest Equipment List
mordheim,tomb-guardians,Tomb Guardians,liche-priest-equipment-list,Liche Priest Equipment List,serpent_staff,Serpent Staff,30,,campaign.trading-post.serpent-staff,30 gc,common,consistent,,https://mordheimer.net/docs/warbands/grade-1b-warbands/tomb-guardians,Liche Priest Equipment List
mordheim,tomb-guardians,Tomb Guardians,liche-priest-equipment-list,Liche Priest Equipment List,staff,Staff,3,,campaign.trading-post.staff,(not sold),not_sold,no-market,,https://mordheimer.net/docs/warbands/grade-1b-warbands/tomb-guardians,Liche Priest Equipment List
mordheim,tomb-guardians,Tomb Guardians,liche-priest-equipment-list,Liche Priest Equipment List,sword,Sword,10,,campaign.trading-post.sword,10 gc,common,consistent,,https://mordheimer.net/docs/warbands/grade-1b-warbands/tomb-guardians,Liche Priest Equipment List
mordheim,tomb-guardians,Tomb Guardians,undead-equipment-list,Undead Equipment List,asp_arrows,Asp Arrows,10,,campaign.trading-post.asp-arrows,10 gc,common,consistent,,https://mordheimer.net/docs/warbands/grade-1b-warbands/tomb-guardians,Undead equipment lists
mordheim,tomb-guardians,Tomb Guardians,undead-equipment-list,Undead Equipment List,axe,Axe,5,,campaign.trading-post.axe,5 gc,common,consistent,,https://mordheimer.net/docs/warbands/grade-1b-warbands/tomb-guardians,Undead equipment lists
mordheim,tomb-guardians,Tomb Guardians,undead-equipment-list,Undead Equipment List,bow,Bow,10,,campaign.trading-post.bow,10 gc,common,consistent,,https://mordheimer.net/docs/warbands/grade-1b-warbands/tomb-guardians,Undead equipment lists
mordheim,tomb-guardians,Tomb Guardians,undead-equipment-list,Undead Equipment List,dagger,Dagger,2,,campaign.trading-post.dagger,2 gc,common,consistent,,https://mordheimer.net/docs/warbands/grade-1b-warbands/tomb-guardians,Undead equipment lists
mordheim,tomb-guardians,Tomb Guardians,undead-equipment-list,Undead Equipment List,flail,Flail,15,,campaign.trading-post.flail,15 gc,common,consistent,,https://mordheimer.net/docs/warbands/grade-1b-warbands/tomb-guardians,Undead equipment lists
mordheim,tomb-guardians,Tomb Guardians,undead-equipment-list,Undead Equipment List,great_weapon,Great Weapon,15,,campaign.trading-post.great-weapon,(not sold),not_sold,no-market,,https://mordheimer.net/docs/warbands/grade-1b-warbands/tomb-guardians,Undead equipment lists
mordheim,tomb-guardians,Tomb Guardians,undead-equipment-list,Undead Equipment List,halberd,Halberd,10,,campaign.trading-post.halberd,10 gc,common,consistent,,https://mordheimer.net/docs/warbands/grade-1b-warbands/tomb-guardians,Undead equipment lists
mordheim,tomb-guardians,Tomb Guardians,undead-equipment-list,Undead Equipment List,light_armour,Light Armour,20,,campaign.trading-post.light-armour,20 gc,common,consistent,,https://mordheimer.net/docs/warbands/grade-1b-warbands/tomb-guardians,Undead equipment lists
mordheim,tomb-guardians,Tomb Guardians,undead-equipment-list,Undead Equipment List,mace,Mace,3,,campaign.trading-post.mace,3 gc,common,consistent,,https://mordheimer.net/docs/warbands/grade-1b-warbands/tomb-guardians,Undead equipment lists
mordheim,tomb-guardians,Tomb Guardians,undead-equipment-list,Undead Equipment List,morning_star,Morning Star,15,,campaign.trading-post.morning-star,15 gc,common,consistent,,https://mordheimer.net/docs/warbands/grade-1b-warbands/tomb-guardians,Undead equipment lists
mordheim,tomb-guardians,Tomb Guardians,undead-equipment-list,Undead Equipment List,nehekharan_javelin,Nehekharan Javelin,10,,campaign.trading-post.nehekharan-javelins,10 gc,common,consistent,,https://mordheimer.net/docs/warbands/grade-1b-warbands/tomb-guardians,Undead equipment lists
mordheim,tomb-guardians,Tomb Guardians,undead-equipment-list,Undead Equipment List,shield,Shield,5,,campaign.trading-post.shield,5 gc,common,consistent,,https://mordheimer.net/docs/warbands/grade-1b-warbands/tomb-guardians,Undead equipment lists
mordheim,tomb-guardians,Tomb Guardians,undead-equipment-list,Undead Equipment List,spear,Spear,10,,campaign.trading-post.spear,10 gc,common,consistent,,https://mordheimer.net/docs/warbands/grade-1b-warbands/tomb-guardians,Undead equipment lists
mordheim,tomb-guardians,Tomb Guardians,undead-equipment-list,Undead Equipment List,sword,Sword,10,,campaign.trading-post.sword,10 gc,common,consistent,,https://mordheimer.net/docs/warbands/grade-1b-warbands/tomb-guardians,Undead equipment lists
mordheim,undead,The Undead,undead-equipment-list,Undead Equipment List,axe,Axe,5,,campaign.trading-post.axe,5 gc,common,consistent,,https://mordheimer.net/docs/warbands/grade-1a-warbands/undead,Undead equipment lists
mordheim,undead,The Undead,undead-equipment-list,Undead Equipment List,bow,Bow,10,,campaign.trading-post.bow,10 gc,common,consistent,,https://mordheimer.net/docs/warbands/grade-1a-warbands/undead,Undead equipment lists
mordheim,undead,The Undead,undead-equipment-list,Undead Equipment List,dagger,Dagger,2,,campaign.trading-post.dagger,2 gc,common,consistent,,https://mordheimer.net/docs/warbands/grade-1a-warbands/undead,Undead equipment lists
mordheim,undead,The Undead,undead-equipment-list,Undead Equipment List,great_weapon,Great Weapon,15,,campaign.trading-post.great-weapon,(not sold),not_sold,no-market,,https://mordheimer.net/docs/warbands/grade-1a-warbands/undead,Undead equipment lists
mordheim,undead,The Undead,undead-equipment-list,Undead Equipment List,halberd,Halberd,10,,campaign.trading-post.halberd,10 gc,common,consistent,,https://mordheimer.net/docs/warbands/grade-1a-warbands/undead,Undead equipment lists
mordheim,undead,The Undead,undead-equipment-list,Undead Equipment List,hammer,Hammer,3,,campaign.trading-post.hammer,3 gc,common,consistent,,https://mordheimer.net/docs/warbands/grade-1a-warbands/undead,Undead equipment lists
mordheim,undead,The Undead,undead-equipment-list,Undead Equipment List,heavy_armour,Heavy Armour,50,,campaign.trading-post.heavy-armour,50 gc,common,consistent,,https://mordheimer.net/docs/warbands/grade-1a-warbands/undead,Undead equipment lists
mordheim,undead,The Undead,undead-equipment-list,Undead Equipment List,helmet,Helmet,10,,campaign.trading-post.helmet,10 gc,common,consistent,,https://mordheimer.net/docs/warbands/grade-1a-warbands/undead,Undead equipment lists
mordheim,undead,The Undead,undead-equipment-list,Undead Equipment List,light_armour,Light Armour,20,,campaign.trading-post.light-armour,20 gc,common,consistent,,https://mordheimer.net/docs/warbands/grade-1a-warbands/undead,Undead equipment lists
mordheim,undead,The Undead,undead-equipment-list,Undead Equipment List,mace,Mace,3,,campaign.trading-post.mace,3 gc,common,consistent,,https://mordheimer.net/docs/warbands/grade-1a-warbands/undead,Undead equipment lists
mordheim,undead,The Undead,undead-equipment-list,Undead Equipment List,shield,Shield,5,,campaign.trading-post.shield,5 gc,common,consistent,,https://mordheimer.net/docs/warbands/grade-1a-warbands/undead,Undead equipment lists
mordheim,undead,The Undead,undead-equipment-list,Undead Equipment List,short_bow,Short Bow,5,,campaign.trading-post.short-bow,5 gc,common,consistent,,https://mordheimer.net/docs/warbands/grade-1a-warbands/undead,Undead equipment lists
mordheim,undead,The Undead,undead-equipment-list,Undead Equipment List,spear,Spear,10,,campaign.trading-post.spear,10 gc,common,consistent,,https://mordheimer.net/docs/warbands/grade-1a-warbands/undead,Undead equipment lists
mordheim,undead,The Undead,undead-equipment-list,Undead Equipment List,sword,Sword,10,,campaign.trading-post.sword,10 gc,common,consistent,,https://mordheimer.net/docs/warbands/grade-1a-warbands/undead,Undead equipment lists
mordheim,witch-hunters,Witch Hunters,flagellant-equipment-list,Flagellant Equipment List,flail,Flail,15,,campaign.trading-post.flail,15 gc,common,consistent,,https://mordheimer.net/docs/warbands/grade-1a-warbands/witch-hunters,Flagellant equipment list
mordheim,witch-hunters,Witch Hunters,flagellant-equipment-list,Flagellant Equipment List,great_weapon,Great Weapon,15,,campaign.trading-post.great-weapon,(not sold),not_sold,no-market,,https://mordheimer.net/docs/warbands/grade-1a-warbands/witch-hunters,Flagellant equipment list
mordheim,witch-hunters,Witch Hunters,flagellant-equipment-list,Flagellant Equipment List,morning_star,Morning Star,15,,campaign.trading-post.morning-star,15 gc,common,consistent,,https://mordheimer.net/docs/warbands/grade-1a-warbands/witch-hunters,Flagellant equipment list
mordheim,witch-hunters,Witch Hunters,witch-hunter-equipment-list,Witch Hunter Equipment List,axe,Axe,5,,campaign.trading-post.axe,5 gc,common,consistent,,https://mordheimer.net/docs/warbands/grade-1a-warbands/witch-hunters,Witch Hunter equipment lists
mordheim,witch-hunters,Witch Hunters,witch-hunter-equipment-list,Witch Hunter Equipment List,buckler,Buckler,5,,campaign.trading-post.buckler,5 gc,common,consistent,,https://mordheimer.net/docs/warbands/grade-1a-warbands/witch-hunters,Witch Hunter equipment lists
mordheim,witch-hunters,Witch Hunters,witch-hunter-equipment-list,Witch Hunter Equipment List,crossbow,Crossbow,25,,campaign.trading-post.crossbow,25 gc,common,consistent,,https://mordheimer.net/docs/warbands/grade-1a-warbands/witch-hunters,Witch Hunter equipment lists
mordheim,witch-hunters,Witch Hunters,witch-hunter-equipment-list,Witch Hunter Equipment List,crossbow_pistol,Crossbow Pistol,35,,campaign.trading-post.crossbow-pistol,35 gc,rare,consistent,,https://mordheimer.net/docs/warbands/grade-1a-warbands/witch-hunters,Witch Hunter equipment lists
mordheim,witch-hunters,Witch Hunters,witch-hunter-equipment-list,Witch Hunter Equipment List,dagger,Dagger,2,,campaign.trading-post.dagger,2 gc,common,consistent,,https://mordheimer.net/docs/warbands/grade-1a-warbands/witch-hunters,Witch Hunter equipment lists
mordheim,witch-hunters,Witch Hunters,witch-hunter-equipment-list,Witch Hunter Equipment List,great_weapon,Great Weapon,15,,campaign.trading-post.great-weapon,(not sold),not_sold,no-market,,https://mordheimer.net/docs/warbands/grade-1a-warbands/witch-hunters,Witch Hunter equipment lists
mordheim,witch-hunters,Witch Hunters,witch-hunter-equipment-list,Witch Hunter Equipment List,hammer,Hammer,3,,campaign.trading-post.hammer,3 gc,common,consistent,,https://mordheimer.net/docs/warbands/grade-1a-warbands/witch-hunters,Witch Hunter equipment lists
mordheim,witch-hunters,Witch Hunters,witch-hunter-equipment-list,Witch Hunter Equipment List,heavy_armour,Heavy Armour,50,,campaign.trading-post.heavy-armour,50 gc,common,consistent,,https://mordheimer.net/docs/warbands/grade-1a-warbands/witch-hunters,Witch Hunter equipment lists
mordheim,witch-hunters,Witch Hunters,witch-hunter-equipment-list,Witch Hunter Equipment List,helmet,Helmet,10,,campaign.trading-post.helmet,10 gc,common,consistent,,https://mordheimer.net/docs/warbands/grade-1a-warbands/witch-hunters,Witch Hunter equipment lists
mordheim,witch-hunters,Witch Hunters,witch-hunter-equipment-list,Witch Hunter Equipment List,light_armour,Light Armour,20,,campaign.trading-post.light-armour,20 gc,common,consistent,,https://mordheimer.net/docs/warbands/grade-1a-warbands/witch-hunters,Witch Hunter equipment lists
mordheim,witch-hunters,Witch Hunters,witch-hunter-equipment-list,Witch Hunter Equipment List,mace,Mace,3,,campaign.trading-post.mace,3 gc,common,consistent,,https://mordheimer.net/docs/warbands/grade-1a-warbands/witch-hunters,Witch Hunter equipment lists
mordheim,witch-hunters,Witch Hunters,witch-hunter-equipment-list,Witch Hunter Equipment List,pistol,Pistol,15,,campaign.trading-post.pistol,15 gc,rare,consistent,,https://mordheimer.net/docs/warbands/grade-1a-warbands/witch-hunters,Witch Hunter equipment lists
mordheim,witch-hunters,Witch Hunters,witch-hunter-equipment-list,Witch Hunter Equipment List,shield,Shield,5,,campaign.trading-post.shield,5 gc,common,consistent,,https://mordheimer.net/docs/warbands/grade-1a-warbands/witch-hunters,Witch Hunter equipment lists
mordheim,witch-hunters,Witch Hunters,witch-hunter-equipment-list,Witch Hunter Equipment List,sword,Sword,10,,campaign.trading-post.sword,10 gc,common,consistent,,https://mordheimer.net/docs/warbands/grade-1a-warbands/witch-hunters,Witch Hunter equipment lists
mordheim,witch-hunters,Witch Hunters,zealot-equipment-list,Zealot Equipment List,axe,Axe,5,,campaign.trading-post.axe,5 gc,common,consistent,,https://mordheimer.net/docs/warbands/grade-1a-warbands/witch-hunters,Zealot equipment lists
mordheim,witch-hunters,Witch Hunters,zealot-equipment-list,Zealot Equipment List,bow,Bow,10,,campaign.trading-post.bow,10 gc,common,consistent,,https://mordheimer.net/docs/warbands/grade-1a-warbands/witch-hunters,Zealot equipment lists
mordheim,witch-hunters,Witch Hunters,zealot-equipment-list,Zealot Equipment List,dagger,Dagger,2,,campaign.trading-post.dagger,2 gc,common,consistent,,https://mordheimer.net/docs/warbands/grade-1a-warbands/witch-hunters,Zealot equipment lists
mordheim,witch-hunters,Witch Hunters,zealot-equipment-list,Zealot Equipment List,great_weapon,Great Weapon,15,,campaign.trading-post.great-weapon,(not sold),not_sold,no-market,,https://mordheimer.net/docs/warbands/grade-1a-warbands/witch-hunters,Zealot equipment lists
mordheim,witch-hunters,Witch Hunters,zealot-equipment-list,Zealot Equipment List,hammer,Hammer,3,,campaign.trading-post.hammer,3 gc,common,consistent,,https://mordheimer.net/docs/warbands/grade-1a-warbands/witch-hunters,Zealot equipment lists
mordheim,witch-hunters,Witch Hunters,zealot-equipment-list,Zealot Equipment List,helmet,Helmet,10,,campaign.trading-post.helmet,10 gc,common,consistent,,https://mordheimer.net/docs/warbands/grade-1a-warbands/witch-hunters,Zealot equipment lists
mordheim,witch-hunters,Witch Hunters,zealot-equipment-list,Zealot Equipment List,light_armour,Light Armour,20,,campaign.trading-post.light-armour,20 gc,common,consistent,,https://mordheimer.net/docs/warbands/grade-1a-warbands/witch-hunters,Zealot equipment lists
mordheim,witch-hunters,Witch Hunters,zealot-equipment-list,Zealot Equipment List,mace,Mace,3,,campaign.trading-post.mace,3 gc,common,consistent,,https://mordheimer.net/docs/warbands/grade-1a-warbands/witch-hunters,Zealot equipment lists
mordheim,witch-hunters,Witch Hunters,zealot-equipment-list,Zealot Equipment List,shield,Shield,5,,campaign.trading-post.shield,5 gc,common,consistent,,https://mordheimer.net/docs/warbands/grade-1a-warbands/witch-hunters,Zealot equipment lists
mordheim,witch-hunters,Witch Hunters,zealot-equipment-list,Zealot Equipment List,short_bow,Short Bow,5,,campaign.trading-post.short-bow,5 gc,common,consistent,,https://mordheimer.net/docs/warbands/grade-1a-warbands/witch-hunters,Zealot equipment lists
mordheim,witch-hunters,Witch Hunters,zealot-equipment-list,Zealot Equipment List,spear,Spear,10,,campaign.trading-post.spear,10 gc,common,consistent,,https://mordheimer.net/docs/warbands/grade-1a-warbands/witch-hunters,Zealot equipment lists
mordheim,witch-hunters,Witch Hunters,zealot-equipment-list,Zealot Equipment List,sword,Sword,10,,campaign.trading-post.sword,10 gc,common,consistent,,https://mordheimer.net/docs/warbands/grade-1a-warbands/witch-hunters,Zealot equipment lists
trollheim,chaos-streets-arcane-society,Arcane Society,arcane-society-equipment-list,Arcane Society Equipment List,arcane_familiar,Arcane Familiar,20,,campaign.trading-post.arcane-familiar,20 gc + dice,rare,consistent-special,,,Arcane Society Equipment List
trollheim,chaos-streets-arcane-society,Arcane Society,arcane-society-equipment-list,Arcane Society Equipment List,axe,Axe,5,,campaign.trading-post.axe,5 gc,common,consistent,,,Arcane Society Equipment List
trollheim,chaos-streets-arcane-society,Arcane Society,arcane-society-equipment-list,Arcane Society Equipment List,bow,Bow,10,,campaign.trading-post.bow,10 gc,common,consistent,,,Arcane Society Equipment List
trollheim,chaos-streets-arcane-society,Arcane Society,arcane-society-equipment-list,Arcane Society Equipment List,buckler,Buckler,5,,campaign.trading-post.buckler,5 gc,common,consistent,,,Arcane Society Equipment List
trollheim,chaos-streets-arcane-society,Arcane Society,arcane-society-equipment-list,Arcane Society Equipment List,crossbow,Crossbow,25,,campaign.trading-post.crossbow,25 gc,common,consistent,,,Arcane Society Equipment List
trollheim,chaos-streets-arcane-society,Arcane Society,arcane-society-equipment-list,Arcane Society Equipment List,crossbow_pistol,Crossbow Pistol,35,,campaign.trading-post.crossbow-pistol,35 gc,rare,consistent,,,Arcane Society Equipment List
trollheim,chaos-streets-arcane-society,Arcane Society,arcane-society-equipment-list,Arcane Society Equipment List,dagger,Dagger,2,,campaign.trading-post.dagger,2 gc,common,consistent,,,Arcane Society Equipment List
trollheim,chaos-streets-arcane-society,Arcane Society,arcane-society-equipment-list,Arcane Society Equipment List,great_weapon,Great Weapon,15,,campaign.trading-post.great-weapon,(not sold),not_sold,no-market,,,Arcane Society Equipment List
trollheim,chaos-streets-arcane-society,Arcane Society,arcane-society-equipment-list,Arcane Society Equipment List,halberd,Halberd,10,,campaign.trading-post.halberd,10 gc,common,consistent,,,Arcane Society Equipment List
trollheim,chaos-streets-arcane-society,Arcane Society,arcane-society-equipment-list,Arcane Society Equipment List,hammer,Hammer,3,,campaign.trading-post.hammer,3 gc,common,consistent,,,Arcane Society Equipment List
trollheim,chaos-streets-arcane-society,Arcane Society,arcane-society-equipment-list,Arcane Society Equipment List,heavy_armour,Heavy Armour,50,,campaign.trading-post.heavy-armour,50 gc,common,consistent,,,Arcane Society Equipment List
trollheim,chaos-streets-arcane-society,Arcane Society,arcane-society-equipment-list,Arcane Society Equipment List,helmet,Helmet,10,,campaign.trading-post.helmet,10 gc,common,consistent,,,Arcane Society Equipment List
trollheim,chaos-streets-arcane-society,Arcane Society,arcane-society-equipment-list,Arcane Society Equipment List,light_armour,Light Armour,20,,campaign.trading-post.light-armour,20 gc,common,consistent,,,Arcane Society Equipment List
trollheim,chaos-streets-arcane-society,Arcane Society,arcane-society-equipment-list,Arcane Society Equipment List,pistol,Pistol,15,,campaign.trading-post.pistol,15 gc,rare,consistent,,,Arcane Society Equipment List
trollheim,chaos-streets-arcane-society,Arcane Society,arcane-society-equipment-list,Arcane Society Equipment List,pistol_brace,Pistol Brace,30,,campaign.trading-post.pistol-brace,30 gc,rare,consistent,,,Arcane Society Equipment List
trollheim,chaos-streets-arcane-society,Arcane Society,arcane-society-equipment-list,Arcane Society Equipment List,shield,Shield,5,,campaign.trading-post.shield,5 gc,common,consistent,,,Arcane Society Equipment List
trollheim,chaos-streets-arcane-society,Arcane Society,arcane-society-equipment-list,Arcane Society Equipment List,spear,Spear,10,,campaign.trading-post.spear,10 gc,common,consistent,,,Arcane Society Equipment List
trollheim,chaos-streets-arcane-society,Arcane Society,arcane-society-equipment-list,Arcane Society Equipment List,sword,Sword,10,,campaign.trading-post.sword,10 gc,common,consistent,,,Arcane Society Equipment List
trollheim,chaos-streets-arcane-society,Arcane Society,arcane-society-equipment-list,Arcane Society Equipment List,travel_staff,Travel Staff,10,,campaign.trading-post.travel-staff,(not sold),not_sold,no-market,,,Arcane Society Equipment List
trollheim,chaos-streets-arcane-society,Arcane Society,arcane-society-equipment-list,Arcane Society Equipment List,wizard_robe,Wizard Robe,10,,campaign.trading-post.wizard-robe,(not sold),not_sold,no-market,,,Arcane Society Equipment List
trollheim,chaos-streets-bretonnian-knights,Bretonnian Knights,bowmen-equipment-list,Bowmen Equipment List,axe,Axe,5,,campaign.trading-post.axe,5 gc,common,consistent,,,Bowmen Equipment List
trollheim,chaos-streets-bretonnian-knights,Bretonnian Knights,bowmen-equipment-list,Bowmen Equipment List,bow,Bow,10,,campaign.trading-post.bow,10 gc,common,consistent,,,Bowmen Equipment List
trollheim,chaos-streets-bretonnian-knights,Bretonnian Knights,bowmen-equipment-list,Bowmen Equipment List,dagger,Dagger,2,,campaign.trading-post.dagger,2 gc,common,consistent,,,Bowmen Equipment List
trollheim,chaos-streets-bretonnian-knights,Bretonnian Knights,bowmen-equipment-list,Bowmen Equipment List,helmet,Helmet,10,,campaign.trading-post.helmet,10 gc,common,consistent,,,Bowmen Equipment List
trollheim,chaos-streets-bretonnian-knights,Bretonnian Knights,bowmen-equipment-list,Bowmen Equipment List,light_armour,Light Armour,20,,campaign.trading-post.light-armour,20 gc,common,consistent,,,Bowmen Equipment List
trollheim,chaos-streets-bretonnian-knights,Bretonnian Knights,bowmen-equipment-list,Bowmen Equipment List,long_bow,Long Bow,15,,campaign.trading-post.long-bow,15 gc,common,consistent,,,Bowmen Equipment List
trollheim,chaos-streets-bretonnian-knights,Bretonnian Knights,bowmen-equipment-list,Bowmen Equipment List,sword,Sword,5,,campaign.trading-post.sword,10 gc,common,differs,,,Bowmen Equipment List
trollheim,chaos-streets-bretonnian-knights,Bretonnian Knights,knights-equipment-list,Knights Equipment List,barding,Barding,30,,campaign.trading-post.barding,80 gc,rare,differs,,,Knights Equipment List
trollheim,chaos-streets-bretonnian-knights,Bretonnian Knights,knights-equipment-list,Knights Equipment List,dagger,Dagger,2,,campaign.trading-post.dagger,2 gc,common,consistent,,,Knights Equipment List
trollheim,chaos-streets-bretonnian-knights,Bretonnian Knights,knights-equipment-list,Knights Equipment List,flail,Flail,15,,campaign.trading-post.flail,15 gc,common,consistent,,,Knights Equipment List
trollheim,chaos-streets-bretonnian-knights,Bretonnian Knights,knights-equipment-list,Knights Equipment List,great_weapon,Great Weapon,15,,campaign.trading-post.great-weapon,(not sold),not_sold,no-market,,,Knights Equipment List
trollheim,chaos-streets-bretonnian-knights,Bretonnian Knights,knights-equipment-list,Knights Equipment List,heavy_armour,Heavy Armour,50,,campaign.trading-post.heavy-armour,50 gc,common,consistent,,,Knights Equipment List
trollheim,chaos-streets-bretonnian-knights,Bretonnian Knights,knights-equipment-list,Knights Equipment List,helmet,Helmet,10,,campaign.trading-post.helmet,10 gc,common,consistent,,,Knights Equipment List
trollheim,chaos-streets-bretonnian-knights,Bretonnian Knights,knights-equipment-list,Knights Equipment List,lance,Lance,20,,campaign.trading-post.lance,40 gc,rare,differs,,,Knights Equipment List
trollheim,chaos-streets-bretonnian-knights,Bretonnian Knights,knights-equipment-list,Knights Equipment List,light_armour,Light Armour,20,,campaign.trading-post.light-armour,20 gc,common,consistent,,,Knights Equipment List
trollheim,chaos-streets-bretonnian-knights,Bretonnian Knights,knights-equipment-list,Knights Equipment List,mace,Mace,3,,campaign.trading-post.mace,3 gc,common,consistent,,,Knights Equipment List
trollheim,chaos-streets-bretonnian-knights,Bretonnian Knights,knights-equipment-list,Knights Equipment List,shield,Shield,5,,campaign.trading-post.shield,5 gc,common,consistent,,,Knights Equipment List
trollheim,chaos-streets-bretonnian-knights,Bretonnian Knights,knights-equipment-list,Knights Equipment List,sword,Sword,5,,campaign.trading-post.sword,10 gc,common,differs,,,Knights Equipment List
trollheim,chaos-streets-bretonnian-knights,Bretonnian Knights,knights-equipment-list,Knights Equipment List,warhorse,Warhorse,80,,campaign.trading-post.warhorse,80 gc,rare,consistent,,,Knights Equipment List
trollheim,chaos-streets-bretonnian-knights,Bretonnian Knights,men-at-arms-equipment-list,Men-at-Arms Equipment List,axe,Axe,5,,campaign.trading-post.axe,5 gc,common,consistent,,,Men-at-Arms Equipment List
trollheim,chaos-streets-bretonnian-knights,Bretonnian Knights,men-at-arms-equipment-list,Men-at-Arms Equipment List,dagger,Dagger,2,,campaign.trading-post.dagger,2 gc,common,consistent,,,Men-at-Arms Equipment List
trollheim,chaos-streets-bretonnian-knights,Bretonnian Knights,men-at-arms-equipment-list,Men-at-Arms Equipment List,great_weapon,Great Weapon,15,,campaign.trading-post.great-weapon,(not sold),not_sold,no-market,,,Men-at-Arms Equipment List
trollheim,chaos-streets-bretonnian-knights,Bretonnian Knights,men-at-arms-equipment-list,Men-at-Arms Equipment List,halberd,Halberd,10,,campaign.trading-post.halberd,10 gc,common,consistent,,,Men-at-Arms Equipment List
trollheim,chaos-streets-bretonnian-knights,Bretonnian Knights,men-at-arms-equipment-list,Men-at-Arms Equipment List,helmet,Helmet,10,,campaign.trading-post.helmet,10 gc,common,consistent,,,Men-at-Arms Equipment List
trollheim,chaos-streets-bretonnian-knights,Bretonnian Knights,men-at-arms-equipment-list,Men-at-Arms Equipment List,light_armour,Light Armour,20,,campaign.trading-post.light-armour,20 gc,common,consistent,,,Men-at-Arms Equipment List
trollheim,chaos-streets-bretonnian-knights,Bretonnian Knights,men-at-arms-equipment-list,Men-at-Arms Equipment List,mace,Mace,3,,campaign.trading-post.mace,3 gc,common,consistent,,,Men-at-Arms Equipment List
trollheim,chaos-streets-bretonnian-knights,Bretonnian Knights,men-at-arms-equipment-list,Men-at-Arms Equipment List,shield,Shield,5,,campaign.trading-post.shield,5 gc,common,consistent,,,Men-at-Arms Equipment List
trollheim,chaos-streets-bretonnian-knights,Bretonnian Knights,men-at-arms-equipment-list,Men-at-Arms Equipment List,spear,Spear,10,,campaign.trading-post.spear,10 gc,common,consistent,,,Men-at-Arms Equipment List
trollheim,chaos-streets-bretonnian-knights,Bretonnian Knights,men-at-arms-equipment-list,Men-at-Arms Equipment List,sword,Sword,5,,campaign.trading-post.sword,10 gc,common,differs,,,Men-at-Arms Equipment List
trollheim,chaos-streets-bretonnian-knights,Bretonnian Knights,squires-equipment-list,Squires Equipment List,axe,Axe,5,,campaign.trading-post.axe,5 gc,common,consistent,,,Squires Equipment List
trollheim,chaos-streets-bretonnian-knights,Bretonnian Knights,squires-equipment-list,Squires Equipment List,bow,Bow,10,,campaign.trading-post.bow,10 gc,common,consistent,,,Squires Equipment List
trollheim,chaos-streets-bretonnian-knights,Bretonnian Knights,squires-equipment-list,Squires Equipment List,buckler,Buckler,5,,campaign.trading-post.buckler,5 gc,common,consistent,,,Squires Equipment List
trollheim,chaos-streets-bretonnian-knights,Bretonnian Knights,squires-equipment-list,Squires Equipment List,dagger,Dagger,2,,campaign.trading-post.dagger,2 gc,common,consistent,,,Squires Equipment List
trollheim,chaos-streets-bretonnian-knights,Bretonnian Knights,squires-equipment-list,Squires Equipment List,helmet,Helmet,10,,campaign.trading-post.helmet,10 gc,common,consistent,,,Squires Equipment List
trollheim,chaos-streets-bretonnian-knights,Bretonnian Knights,squires-equipment-list,Squires Equipment List,horse,Horse,40,,campaign.trading-post.riding-draft-horse,40 gc,rare,consistent,,,Squires Equipment List
trollheim,chaos-streets-bretonnian-knights,Bretonnian Knights,squires-equipment-list,Squires Equipment List,light_armour,Light Armour,20,,campaign.trading-post.light-armour,20 gc,common,consistent,,,Squires Equipment List
trollheim,chaos-streets-bretonnian-knights,Bretonnian Knights,squires-equipment-list,Squires Equipment List,long_bow,Long Bow,15,,campaign.trading-post.long-bow,15 gc,common,consistent,,,Squires Equipment List
trollheim,chaos-streets-bretonnian-knights,Bretonnian Knights,squires-equipment-list,Squires Equipment List,mace,Mace,3,,campaign.trading-post.mace,3 gc,common,consistent,,,Squires Equipment List
trollheim,chaos-streets-bretonnian-knights,Bretonnian Knights,squires-equipment-list,Squires Equipment List,shield,Shield,5,,campaign.trading-post.shield,5 gc,common,consistent,,,Squires Equipment List
trollheim,chaos-streets-bretonnian-knights,Bretonnian Knights,squires-equipment-list,Squires Equipment List,spear,Spear,10,,campaign.trading-post.spear,10 gc,common,consistent,,,Squires Equipment List
trollheim,chaos-streets-bretonnian-knights,Bretonnian Knights,squires-equipment-list,Squires Equipment List,sword,Sword,5,,campaign.trading-post.sword,10 gc,common,differs,,,Squires Equipment List
trollheim,chaos-streets-deathbringers,Deathbringers,deathbringer-assassin-equipment-list,Deathbringer Assassin Equipment List,black_lotus,Black Lotus,10,,campaign.trading-post.black-lotus,10 gc + dice,rare,consistent-special,,,Deathbringer Assassin Equipment List
trollheim,chaos-streets-deathbringers,Deathbringers,deathbringer-assassin-equipment-list,Deathbringer Assassin Equipment List,buckler,Buckler,5,,campaign.trading-post.buckler,5 gc,common,consistent,,,Deathbringer Assassin Equipment List
trollheim,chaos-streets-deathbringers,Deathbringers,deathbringer-assassin-equipment-list,Deathbringer Assassin Equipment List,club,Club,3,,campaign.trading-post.club,3 gc,common,consistent,,,Deathbringer Assassin Equipment List
trollheim,chaos-streets-deathbringers,Deathbringers,deathbringer-assassin-equipment-list,Deathbringer Assassin Equipment List,dagger,Dagger,2,,campaign.trading-post.dagger,2 gc,common,consistent,,,Deathbringer Assassin Equipment List
trollheim,chaos-streets-deathbringers,Deathbringers,deathbringer-assassin-equipment-list,Deathbringer Assassin Equipment List,dark_venom,Dark Venom,30,,campaign.trading-post.dark-venom,30 gc + dice,rare,consistent-special,,,Deathbringer Assassin Equipment List
trollheim,chaos-streets-deathbringers,Deathbringers,deathbringer-assassin-equipment-list,Deathbringer Assassin Equipment List,death_knife,Death Knife,15,,campaign.trading-post.death-knife,(not sold),not_sold,no-market,,,Deathbringer Assassin Equipment List
trollheim,chaos-streets-deathbringers,Deathbringers,deathbringer-assassin-equipment-list,Deathbringer Assassin Equipment List,eshin_assassin_clothes,Eshin Assassin Clothes,15,,campaign.trading-post.eshin-assassin-clothes,(not sold),not_sold,no-market,,,Deathbringer Assassin Equipment List
trollheim,chaos-streets-deathbringers,Deathbringers,deathbringer-assassin-equipment-list,Deathbringer Assassin Equipment List,fighting_claws,Fighting Claws,35,,campaign.trading-post.fighting-claws,35 gc per pair,rare,consistent-special,,,Deathbringer Assassin Equipment List
trollheim,chaos-streets-deathbringers,Deathbringers,deathbringer-assassin-equipment-list,Deathbringer Assassin Equipment List,helmet,Helmet,10,,campaign.trading-post.helmet,10 gc,common,consistent,,,Deathbringer Assassin Equipment List
trollheim,chaos-streets-deathbringers,Deathbringers,deathbringer-assassin-equipment-list,Deathbringer Assassin Equipment List,kusara_kama,Kusara Kama,10,,campaign.trading-post.kusara-kama,(not sold),not_sold,no-market,,,Deathbringer Assassin Equipment List
trollheim,chaos-streets-deathbringers,Deathbringers,deathbringer-assassin-equipment-list,Deathbringer Assassin Equipment List,light_armour,Light Armour,20,,campaign.trading-post.light-armour,20 gc,common,consistent,,,Deathbringer Assassin Equipment List
trollheim,chaos-streets-deathbringers,Deathbringers,deathbringer-assassin-equipment-list,Deathbringer Assassin Equipment List,poison_darts,Poison Darts,20,,campaign.trading-post.poison-darts,(not sold),not_sold,no-market,,,Deathbringer Assassin Equipment List
trollheim,chaos-streets-deathbringers,Deathbringers,deathbringer-assassin-equipment-list,Deathbringer Assassin Equipment List,spear,Spear,10,,campaign.trading-post.spear,10 gc,common,consistent,,,Deathbringer Assassin Equipment List
trollheim,chaos-streets-deathbringers,Deathbringers,deathbringer-assassin-equipment-list,Deathbringer Assassin Equipment List,sword,Sword,10,,campaign.trading-post.sword,10 gc,common,consistent,,,Deathbringer Assassin Equipment List
trollheim,chaos-streets-deathbringers,Deathbringers,deathbringer-assassin-equipment-list,Deathbringer Assassin Equipment List,throwing_stars,Throwing Stars,15,,campaign.trading-post.throwing-stars,15 gc,rare,consistent,,,Deathbringer Assassin Equipment List
trollheim,chaos-streets-deathbringers,Deathbringers,deathbringer-assassin-equipment-list,Deathbringer Assassin Equipment List,toughened_leathers,Toughened Leathers,5,,campaign.trading-post.toughened-leathers,5 gc,common,consistent,,,Deathbringer Assassin Equipment List
trollheim,chaos-streets-deathbringers,Deathbringers,deathbringer-assassin-equipment-list,Deathbringer Assassin Equipment List,weeping_blades,Weeping Blades,50,,campaign.trading-post.weeping-blades,50 gc per pair,rare,consistent-special,,,Deathbringer Assassin Equipment List
trollheim,chaos-streets-deathbringers,Deathbringers,deathbringer-assassin-equipment-list,Deathbringer Assassin Equipment List,witch_sword,Witch Sword,30,,campaign.trading-post.witch-sword,(not sold),not_sold,no-market,,,Deathbringer Assassin Equipment List
trollheim,chaos-streets-deathbringers,Deathbringers,deathbringer-assassin-equipment-list,Deathbringer Assassin Equipment List,yari,Yari,15,,campaign.trading-post.yari,(not sold),not_sold,no-market,,,Deathbringer Assassin Equipment List
trollheim,chaos-streets-deathbringers,Deathbringers,deathbringer-sniper-equipment-list,Deathbringer Sniper Equipment List,black_lotus,Black Lotus,10,,campaign.trading-post.black-lotus,10 gc + dice,rare,consistent-special,,,Deathbringer Sniper Equipment List
trollheim,chaos-streets-deathbringers,Deathbringers,deathbringer-sniper-equipment-list,Deathbringer Sniper Equipment List,buckler,Buckler,5,,campaign.trading-post.buckler,5 gc,common,consistent,,,Deathbringer Sniper Equipment List
trollheim,chaos-streets-deathbringers,Deathbringers,deathbringer-sniper-equipment-list,Deathbringer Sniper Equipment List,club,Club,3,,campaign.trading-post.club,3 gc,common,consistent,,,Deathbringer Sniper Equipment List
trollheim,chaos-streets-deathbringers,Deathbringers,deathbringer-sniper-equipment-list,Deathbringer Sniper Equipment List,dagger,Dagger,2,,campaign.trading-post.dagger,2 gc,common,consistent,,,Deathbringer Sniper Equipment List
trollheim,chaos-streets-deathbringers,Deathbringers,deathbringer-sniper-equipment-list,Deathbringer Sniper Equipment List,dark_venom,Dark Venom,30,,campaign.trading-post.dark-venom,30 gc + dice,rare,consistent-special,,,Deathbringer Sniper Equipment List
trollheim,chaos-streets-deathbringers,Deathbringers,deathbringer-sniper-equipment-list,Deathbringer Sniper Equipment List,helmet,Helmet,10,,campaign.trading-post.helmet,10 gc,common,consistent,,,Deathbringer Sniper Equipment List
trollheim,chaos-streets-deathbringers,Deathbringers,deathbringer-sniper-equipment-list,Deathbringer Sniper Equipment List,light_armour,Light Armour,20,,campaign.trading-post.light-armour,20 gc,common,consistent,,,Deathbringer Sniper Equipment List
trollheim,chaos-streets-deathbringers,Deathbringers,deathbringer-sniper-equipment-list,Deathbringer Sniper Equipment List,poison_darts,Poison Darts,20,,campaign.trading-post.poison-darts,(not sold),not_sold,no-market,,,Deathbringer Sniper Equipment List
trollheim,chaos-streets-deathbringers,Deathbringers,deathbringer-sniper-equipment-list,Deathbringer Sniper Equipment List,sling,Sling,2,,campaign.trading-post.sling,2 gc,common,consistent,,,Deathbringer Sniper Equipment List
trollheim,chaos-streets-deathbringers,Deathbringers,deathbringer-sniper-equipment-list,Deathbringer Sniper Equipment List,sword,Sword,10,,campaign.trading-post.sword,10 gc,common,consistent,,,Deathbringer Sniper Equipment List
trollheim,chaos-streets-deathbringers,Deathbringers,deathbringer-sniper-equipment-list,Deathbringer Sniper Equipment List,throwing_stars,Throwing Stars,15,,campaign.trading-post.throwing-stars,15 gc,rare,consistent,,,Deathbringer Sniper Equipment List
trollheim,chaos-streets-deathbringers,Deathbringers,deathbringer-sniper-equipment-list,Deathbringer Sniper Equipment List,toughened_leathers,Toughened Leathers,5,,campaign.trading-post.toughened-leathers,5 gc,common,consistent,,,Deathbringer Sniper Equipment List
trollheim,chaos-streets-dwarf-treasure-hunters,Dwarf Treasure Hunters,dwarf-warrior-equipment-list,Dwarf Warrior Equipment List,axe,Axe,5,,campaign.trading-post.axe,5 gc,common,consistent,,,Dwarf Warrior Equipment List
trollheim,chaos-streets-dwarf-treasure-hunters,Dwarf Treasure Hunters,dwarf-warrior-equipment-list,Dwarf Warrior Equipment List,dagger,Dagger,2,,campaign.trading-post.dagger,2 gc,common,consistent,,,Dwarf Warrior Equipment List
trollheim,chaos-streets-dwarf-treasure-hunters,Dwarf Treasure Hunters,dwarf-warrior-equipment-list,Dwarf Warrior Equipment List,dwarf_axe,Dwarf Axe,15,,campaign.trading-post.dwarf-axe,15 gc,rare,consistent,,,Dwarf Warrior Equipment List
trollheim,chaos-streets-dwarf-treasure-hunters,Dwarf Treasure Hunters,dwarf-warrior-equipment-list,Dwarf Warrior Equipment List,great_weapon,Great Weapon,15,,campaign.trading-post.great-weapon,(not sold),not_sold,no-market,,,Dwarf Warrior Equipment List
trollheim,chaos-streets-dwarf-treasure-hunters,Dwarf Treasure Hunters,dwarf-warrior-equipment-list,Dwarf Warrior Equipment List,gromril_armour,Gromril Armour,75,,campaign.trading-post.gromril-armour,150 gc,rare,differs,,,Dwarf Warrior Equipment List
trollheim,chaos-streets-dwarf-treasure-hunters,Dwarf Treasure Hunters,dwarf-warrior-equipment-list,Dwarf Warrior Equipment List,halberd,Halberd,10,,campaign.trading-post.halberd,10 gc,common,consistent,,,Dwarf Warrior Equipment List
trollheim,chaos-streets-dwarf-treasure-hunters,Dwarf Treasure Hunters,dwarf-warrior-equipment-list,Dwarf Warrior Equipment List,hammer,Hammer,3,,campaign.trading-post.hammer,3 gc,common,consistent,,,Dwarf Warrior Equipment List
trollheim,chaos-streets-dwarf-treasure-hunters,Dwarf Treasure Hunters,dwarf-warrior-equipment-list,Dwarf Warrior Equipment List,heavy_armour,Heavy Armour,50,,campaign.trading-post.heavy-armour,50 gc,common,consistent,,,Dwarf Warrior Equipment List
trollheim,chaos-streets-dwarf-treasure-hunters,Dwarf Treasure Hunters,dwarf-warrior-equipment-list,Dwarf Warrior Equipment List,helmet,Helmet,10,,campaign.trading-post.helmet,10 gc,common,consistent,,,Dwarf Warrior Equipment List
trollheim,chaos-streets-dwarf-treasure-hunters,Dwarf Treasure Hunters,dwarf-warrior-equipment-list,Dwarf Warrior Equipment List,light_armour,Light Armour,20,,campaign.trading-post.light-armour,20 gc,common,consistent,,,Dwarf Warrior Equipment List
trollheim,chaos-streets-dwarf-treasure-hunters,Dwarf Treasure Hunters,dwarf-warrior-equipment-list,Dwarf Warrior Equipment List,mace,Mace,3,,campaign.trading-post.mace,3 gc,common,consistent,,,Dwarf Warrior Equipment List
trollheim,chaos-streets-dwarf-treasure-hunters,Dwarf Treasure Hunters,dwarf-warrior-equipment-list,Dwarf Warrior Equipment List,pistol,Pistol,15,,campaign.trading-post.pistol,15 gc,rare,consistent,,,Dwarf Warrior Equipment List
trollheim,chaos-streets-dwarf-treasure-hunters,Dwarf Treasure Hunters,dwarf-warrior-equipment-list,Dwarf Warrior Equipment List,pistol,Pistol,30,,campaign.trading-post.pistol,15 gc,rare,differs,,,Dwarf Warrior Equipment List
trollheim,chaos-streets-dwarf-treasure-hunters,Dwarf Treasure Hunters,dwarf-warrior-equipment-list,Dwarf Warrior Equipment List,shield,Shield,5,,campaign.trading-post.shield,5 gc,common,consistent,,,Dwarf Warrior Equipment List
trollheim,chaos-streets-dwarf-treasure-hunters,Dwarf Treasure Hunters,dwarf-warrior-equipment-list,Dwarf Warrior Equipment List,spear,Spear,10,,campaign.trading-post.spear,10 gc,common,consistent,,,Dwarf Warrior Equipment List
trollheim,chaos-streets-dwarf-treasure-hunters,Dwarf Treasure Hunters,dwarf-warrior-equipment-list,Dwarf Warrior Equipment List,sword,Sword,10,,campaign.trading-post.sword,10 gc,common,consistent,,,Dwarf Warrior Equipment List
trollheim,chaos-streets-dwarf-treasure-hunters,Dwarf Treasure Hunters,thunderer-equipment-list,Thunderer Equipment List,axe,Axe,5,,campaign.trading-post.axe,5 gc,common,consistent,,,Thunderer Equipment List
trollheim,chaos-streets-dwarf-treasure-hunters,Dwarf Treasure Hunters,thunderer-equipment-list,Thunderer Equipment List,crossbow,Crossbow,25,,campaign.trading-post.crossbow,25 gc,common,consistent,,,Thunderer Equipment List
trollheim,chaos-streets-dwarf-treasure-hunters,Dwarf Treasure Hunters,thunderer-equipment-list,Thunderer Equipment List,dagger,Dagger,2,,campaign.trading-post.dagger,2 gc,common,consistent,,,Thunderer Equipment List
trollheim,chaos-streets-dwarf-treasure-hunters,Dwarf Treasure Hunters,thunderer-equipment-list,Thunderer Equipment List,hammer,Hammer,3,,campaign.trading-post.hammer,3 gc,common,consistent,,,Thunderer Equipment List
trollheim,chaos-streets-dwarf-treasure-hunters,Dwarf Treasure Hunters,thunderer-equipment-list,Thunderer Equipment List,handgun,Handgun,35,,campaign.trading-post.handgun,35 gc,rare,consistent,,,Thunderer Equipment List
trollheim,chaos-streets-dwarf-treasure-hunters,Dwarf Treasure Hunters,thunderer-equipment-list,Thunderer Equipment List,heavy_armour,Heavy Armour,50,,campaign.trading-post.heavy-armour,50 gc,common,consistent,,,Thunderer Equipment List
trollheim,chaos-streets-dwarf-treasure-hunters,Dwarf Treasure Hunters,thunderer-equipment-list,Thunderer Equipment List,helmet,Helmet,10,,campaign.trading-post.helmet,10 gc,common,consistent,,,Thunderer Equipment List
trollheim,chaos-streets-dwarf-treasure-hunters,Dwarf Treasure Hunters,thunderer-equipment-list,Thunderer Equipment List,light_armour,Light Armour,20,,campaign.trading-post.light-armour,20 gc,common,consistent,,,Thunderer Equipment List
trollheim,chaos-streets-dwarf-treasure-hunters,Dwarf Treasure Hunters,thunderer-equipment-list,Thunderer Equipment List,mace,Mace,3,,campaign.trading-post.mace,3 gc,common,consistent,,,Thunderer Equipment List
trollheim,chaos-streets-dwarf-treasure-hunters,Dwarf Treasure Hunters,thunderer-equipment-list,Thunderer Equipment List,pistol,Pistol,15,,campaign.trading-post.pistol,15 gc,rare,consistent,,,Thunderer Equipment List
trollheim,chaos-streets-dwarf-treasure-hunters,Dwarf Treasure Hunters,thunderer-equipment-list,Thunderer Equipment List,pistol,Pistol,30,,campaign.trading-post.pistol,15 gc,rare,differs,,,Thunderer Equipment List
trollheim,chaos-streets-dwarf-treasure-hunters,Dwarf Treasure Hunters,thunderer-equipment-list,Thunderer Equipment List,shield,Shield,5,,campaign.trading-post.shield,5 gc,common,consistent,,,Thunderer Equipment List
trollheim,chaos-streets-dwarf-treasure-hunters,Dwarf Treasure Hunters,thunderer-equipment-list,Thunderer Equipment List,sword,Sword,10,,campaign.trading-post.sword,10 gc,common,consistent,,,Thunderer Equipment List
trollheim,chaos-streets-greenskins,Greenskins,goblin-equipment-list,Goblin Equipment List,ball_chain,Ball Chain,25,,campaign.trading-post.ball-and-chain,15 gc,common,differs,,,Goblin Equipment List
trollheim,chaos-streets-greenskins,Greenskins,goblin-equipment-list,Goblin Equipment List,dagger,Dagger,2,,campaign.trading-post.dagger,2 gc,common,consistent,,,Goblin Equipment List
trollheim,chaos-streets-greenskins,Greenskins,goblin-equipment-list,Goblin Equipment List,helmet,Helmet,10,,campaign.trading-post.helmet,10 gc,common,consistent,,,Goblin Equipment List
trollheim,chaos-streets-greenskins,Greenskins,goblin-equipment-list,Goblin Equipment List,light_armour,Light Armour,20,,campaign.trading-post.light-armour,20 gc,common,consistent,,,Goblin Equipment List
trollheim,chaos-streets-greenskins,Greenskins,goblin-equipment-list,Goblin Equipment List,mad_cap_mushrooms,Mad Cap Mushrooms,25,,campaign.trading-post.mad-cap-mushrooms,30 gc + dice,rare,differs-special,,,Goblin Equipment List
trollheim,chaos-streets-greenskins,Greenskins,goblin-equipment-list,Goblin Equipment List,shield,Shield,5,,campaign.trading-post.shield,5 gc,common,consistent,,,Goblin Equipment List
trollheim,chaos-streets-greenskins,Greenskins,goblin-equipment-list,Goblin Equipment List,short_bow,Short Bow,5,,campaign.trading-post.short-bow,5 gc,common,consistent,,,Goblin Equipment List
trollheim,chaos-streets-greenskins,Greenskins,goblin-equipment-list,Goblin Equipment List,spear,Spear,10,,campaign.trading-post.spear,10 gc,common,consistent,,,Goblin Equipment List
trollheim,chaos-streets-greenskins,Greenskins,goblin-equipment-list,Goblin Equipment List,squig_prodder,Squig Prodder,15,,campaign.trading-post.squig-prodder,15 gc,common,consistent,,,Goblin Equipment List
trollheim,chaos-streets-greenskins,Greenskins,goblin-equipment-list,Goblin Equipment List,sword,Sword,10,,campaign.trading-post.sword,10 gc,common,consistent,,,Goblin Equipment List
trollheim,chaos-streets-greenskins,Greenskins,orc-equipment-list,Orc Equipment List,axe,Axe,5,,campaign.trading-post.axe,5 gc,common,consistent,,,Orc Equipment List
trollheim,chaos-streets-greenskins,Greenskins,orc-equipment-list,Orc Equipment List,bow,Bow,10,,campaign.trading-post.bow,10 gc,common,consistent,,,Orc Equipment List
trollheim,chaos-streets-greenskins,Greenskins,orc-equipment-list,Orc Equipment List,chained_squig,Chained Squig,10,,campaign.trading-post.chained-squig,(not sold),not_sold,no-market,,,Orc Equipment List
trollheim,chaos-streets-greenskins,Greenskins,orc-equipment-list,Orc Equipment List,choppa,Choppa,15,,campaign.trading-post.choppa,(not sold),not_sold,no-market,,,Orc Equipment List
trollheim,chaos-streets-greenskins,Greenskins,orc-equipment-list,Orc Equipment List,crossbow,Crossbow,25,,campaign.trading-post.crossbow,25 gc,common,consistent,,,Orc Equipment List
trollheim,chaos-streets-greenskins,Greenskins,orc-equipment-list,Orc Equipment List,dagger,Dagger,2,,campaign.trading-post.dagger,2 gc,common,consistent,,,Orc Equipment List
trollheim,chaos-streets-greenskins,Greenskins,orc-equipment-list,Orc Equipment List,flail,Flail,15,,campaign.trading-post.flail,15 gc,common,consistent,,,Orc Equipment List
trollheim,chaos-streets-greenskins,Greenskins,orc-equipment-list,Orc Equipment List,great_weapon,Great Weapon,15,,campaign.trading-post.great-weapon,(not sold),not_sold,no-market,,,Orc Equipment List
trollheim,chaos-streets-greenskins,Greenskins,orc-equipment-list,Orc Equipment List,halberd,Halberd,10,,campaign.trading-post.halberd,10 gc,common,consistent,,,Orc Equipment List
trollheim,chaos-streets-greenskins,Greenskins,orc-equipment-list,Orc Equipment List,helmet,Helmet,10,,campaign.trading-post.helmet,10 gc,common,consistent,,,Orc Equipment List
trollheim,chaos-streets-greenskins,Greenskins,orc-equipment-list,Orc Equipment List,light_armour,Light Armour,20,,campaign.trading-post.light-armour,20 gc,common,consistent,,,Orc Equipment List
trollheim,chaos-streets-greenskins,Greenskins,orc-equipment-list,Orc Equipment List,mad_cap_mushrooms,Mad Cap Mushrooms,25,,campaign.trading-post.mad-cap-mushrooms,30 gc + dice,rare,differs-special,,,Orc Equipment List
trollheim,chaos-streets-greenskins,Greenskins,orc-equipment-list,Orc Equipment List,shield,Shield,5,,campaign.trading-post.shield,5 gc,common,consistent,,,Orc Equipment List
trollheim,chaos-streets-greenskins,Greenskins,orc-equipment-list,Orc Equipment List,spear,Spear,10,,campaign.trading-post.spear,10 gc,common,consistent,,,Orc Equipment List
trollheim,chaos-streets-greenskins,Greenskins,orc-equipment-list,Orc Equipment List,sword,Sword,10,,campaign.trading-post.sword,10 gc,common,consistent,,,Orc Equipment List
trollheim,chaos-streets-mordheim-inhabitants,Mordheim Inhabitants,inhabitants-equipment-list,Inhabitants Equipment List,axe,Axe,5,,campaign.trading-post.axe,5 gc,common,consistent,,,Inhabitants Equipment List
trollheim,chaos-streets-mordheim-inhabitants,Mordheim Inhabitants,inhabitants-equipment-list,Inhabitants Equipment List,bow,Bow,10,,campaign.trading-post.bow,10 gc,common,consistent,,,Inhabitants Equipment List
trollheim,chaos-streets-mordheim-inhabitants,Mordheim Inhabitants,inhabitants-equipment-list,Inhabitants Equipment List,buckler,Buckler,5,,campaign.trading-post.buckler,5 gc,common,consistent,,,Inhabitants Equipment List
trollheim,chaos-streets-mordheim-inhabitants,Mordheim Inhabitants,inhabitants-equipment-list,Inhabitants Equipment List,club,Club,3,,campaign.trading-post.club,3 gc,common,consistent,,,Inhabitants Equipment List
trollheim,chaos-streets-mordheim-inhabitants,Mordheim Inhabitants,inhabitants-equipment-list,Inhabitants Equipment List,dagger,Dagger,2,,campaign.trading-post.dagger,2 gc,common,consistent,,,Inhabitants Equipment List
trollheim,chaos-streets-mordheim-inhabitants,Mordheim Inhabitants,inhabitants-equipment-list,Inhabitants Equipment List,great_weapon,Great Weapon,15,,campaign.trading-post.great-weapon,(not sold),not_sold,no-market,,,Inhabitants Equipment List
trollheim,chaos-streets-mordheim-inhabitants,Mordheim Inhabitants,inhabitants-equipment-list,Inhabitants Equipment List,halberd,Halberd,10,,campaign.trading-post.halberd,10 gc,common,consistent,,,Inhabitants Equipment List
trollheim,chaos-streets-mordheim-inhabitants,Mordheim Inhabitants,inhabitants-equipment-list,Inhabitants Equipment List,helmet,Helmet,10,,campaign.trading-post.helmet,10 gc,common,consistent,,,Inhabitants Equipment List
trollheim,chaos-streets-mordheim-inhabitants,Mordheim Inhabitants,inhabitants-equipment-list,Inhabitants Equipment List,shield,Shield,5,,campaign.trading-post.shield,5 gc,common,consistent,,,Inhabitants Equipment List
trollheim,chaos-streets-mordheim-inhabitants,Mordheim Inhabitants,inhabitants-equipment-list,Inhabitants Equipment List,sling,Sling,2,,campaign.trading-post.sling,2 gc,common,consistent,,,Inhabitants Equipment List
trollheim,chaos-streets-mordheim-inhabitants,Mordheim Inhabitants,inhabitants-equipment-list,Inhabitants Equipment List,spear,Spear,10,,campaign.trading-post.spear,10 gc,common,consistent,,,Inhabitants Equipment List
trollheim,chaos-streets-mordheim-inhabitants,Mordheim Inhabitants,inhabitants-equipment-list,Inhabitants Equipment List,sword,Sword,10,,campaign.trading-post.sword,10 gc,common,consistent,,,Inhabitants Equipment List
trollheim,chaos-streets-mordheim-inhabitants,Mordheim Inhabitants,inhabitants-equipment-list,Inhabitants Equipment List,toughened_leathers,Toughened Leathers,5,,campaign.trading-post.toughened-leathers,5 gc,common,consistent,,,Inhabitants Equipment List
trollheim,chaos-streets-mordheim-inhabitants,Mordheim Inhabitants,outcasts-equipment-list,Outcasts Equipment List,axe,Axe,5,,campaign.trading-post.axe,5 gc,common,consistent,,,Outcasts Equipment List
trollheim,chaos-streets-mordheim-inhabitants,Mordheim Inhabitants,outcasts-equipment-list,Outcasts Equipment List,club,Club,3,,campaign.trading-post.club,3 gc,common,consistent,,,Outcasts Equipment List
trollheim,chaos-streets-mordheim-inhabitants,Mordheim Inhabitants,outcasts-equipment-list,Outcasts Equipment List,dagger,Dagger,2,,campaign.trading-post.dagger,2 gc,common,consistent,,,Outcasts Equipment List
trollheim,chaos-streets-mordheim-inhabitants,Mordheim Inhabitants,outcasts-equipment-list,Outcasts Equipment List,flail,Flail,15,,campaign.trading-post.flail,15 gc,common,consistent,,,Outcasts Equipment List
trollheim,chaos-streets-mordheim-inhabitants,Mordheim Inhabitants,outcasts-equipment-list,Outcasts Equipment List,great_weapon,Great Weapon,15,,campaign.trading-post.great-weapon,(not sold),not_sold,no-market,,,Outcasts Equipment List
trollheim,chaos-streets-mordheim-inhabitants,Mordheim Inhabitants,outcasts-equipment-list,Outcasts Equipment List,shield,Shield,5,,campaign.trading-post.shield,5 gc,common,consistent,,,Outcasts Equipment List
trollheim,chaos-streets-mordheim-inhabitants,Mordheim Inhabitants,outcasts-equipment-list,Outcasts Equipment List,sling,Sling,2,,campaign.trading-post.sling,2 gc,common,consistent,,,Outcasts Equipment List
trollheim,chaos-streets-mordheim-inhabitants,Mordheim Inhabitants,outcasts-equipment-list,Outcasts Equipment List,toughened_leathers,Toughened Leathers,5,,campaign.trading-post.toughened-leathers,5 gc,common,consistent,,,Outcasts Equipment List
trollheim,chaos-streets-pit-fighters,Pit Fighters,dwarf-troll-slayer-equipment-list,Dwarf Troll Slayer Equipment List,axe,Axe,5,,campaign.trading-post.axe,5 gc,common,consistent,,,Dwarf Troll Slayer Equipment List
trollheim,chaos-streets-pit-fighters,Pit Fighters,dwarf-troll-slayer-equipment-list,Dwarf Troll Slayer Equipment List,dagger,Dagger,2,,campaign.trading-post.dagger,2 gc,common,consistent,,,Dwarf Troll Slayer Equipment List
trollheim,chaos-streets-pit-fighters,Pit Fighters,dwarf-troll-slayer-equipment-list,Dwarf Troll Slayer Equipment List,dwarf_axe,Dwarf Axe,15,,campaign.trading-post.dwarf-axe,15 gc,rare,consistent,,,Dwarf Troll Slayer Equipment List
trollheim,chaos-streets-pit-fighters,Pit Fighters,dwarf-troll-slayer-equipment-list,Dwarf Troll Slayer Equipment List,flail,Flail,15,,campaign.trading-post.flail,15 gc,common,consistent,,,Dwarf Troll Slayer Equipment List
trollheim,chaos-streets-pit-fighters,Pit Fighters,dwarf-troll-slayer-equipment-list,Dwarf Troll Slayer Equipment List,hammer,Hammer,3,,campaign.trading-post.hammer,3 gc,common,consistent,,,Dwarf Troll Slayer Equipment List
trollheim,chaos-streets-pit-fighters,Pit Fighters,dwarf-troll-slayer-equipment-list,Dwarf Troll Slayer Equipment List,mace,Mace,3,,campaign.trading-post.mace,3 gc,common,consistent,,,Dwarf Troll Slayer Equipment List
trollheim,chaos-streets-pit-fighters,Pit Fighters,dwarf-troll-slayer-equipment-list,Dwarf Troll Slayer Equipment List,spiked_gauntlet,Spiked Gauntlet,15,,campaign.trading-post.spiked-gauntlet,15 gc,common,consistent,,,Dwarf Troll Slayer Equipment List
trollheim,chaos-streets-pit-fighters,Pit Fighters,dwarf-troll-slayer-equipment-list,Dwarf Troll Slayer Equipment List,sword,Sword,10,,campaign.trading-post.sword,10 gc,common,consistent,,,Dwarf Troll Slayer Equipment List
trollheim,chaos-streets-pit-fighters,Pit Fighters,ogre-equipment-list,Ogre Equipment List,axe,Axe,5,,campaign.trading-post.axe,5 gc,common,consistent,,,Ogre Equipment List
trollheim,chaos-streets-pit-fighters,Pit Fighters,ogre-equipment-list,Ogre Equipment List,dagger,Dagger,2,,campaign.trading-post.dagger,2 gc,common,consistent,,,Ogre Equipment List
trollheim,chaos-streets-pit-fighters,Pit Fighters,ogre-equipment-list,Ogre Equipment List,flail,Flail,15,,campaign.trading-post.flail,15 gc,common,consistent,,,Ogre Equipment List
trollheim,chaos-streets-pit-fighters,Pit Fighters,ogre-equipment-list,Ogre Equipment List,hammer,Hammer,3,,campaign.trading-post.hammer,3 gc,common,consistent,,,Ogre Equipment List
trollheim,chaos-streets-pit-fighters,Pit Fighters,ogre-equipment-list,Ogre Equipment List,helmet,Helmet,10,,campaign.trading-post.helmet,10 gc,common,consistent,,,Ogre Equipment List
trollheim,chaos-streets-pit-fighters,Pit Fighters,ogre-equipment-list,Ogre Equipment List,light_armour,Light Armour,20,,campaign.trading-post.light-armour,20 gc,common,consistent,,,Ogre Equipment List
trollheim,chaos-streets-pit-fighters,Pit Fighters,ogre-equipment-list,Ogre Equipment List,mace,Mace,3,,campaign.trading-post.mace,3 gc,common,consistent,,,Ogre Equipment List
trollheim,chaos-streets-pit-fighters,Pit Fighters,ogre-equipment-list,Ogre Equipment List,spiked_gauntlet,Spiked Gauntlet,15,,campaign.trading-post.spiked-gauntlet,15 gc,common,consistent,,,Ogre Equipment List
trollheim,chaos-streets-pit-fighters,Pit Fighters,ogre-equipment-list,Ogre Equipment List,sword,Sword,10,,campaign.trading-post.sword,10 gc,common,consistent,,,Ogre Equipment List
trollheim,chaos-streets-sigmar-protectorate,Sigmar's Protectorate,protectorate-devout-equipment-list,Devout Equipment List,anointed_bolts,Anointed Bolts,25,,campaign.trading-post.anointed-bolts,(not sold),not_sold,no-market,,,Devout Equipment List
trollheim,chaos-streets-sigmar-protectorate,Sigmar's Protectorate,protectorate-devout-equipment-list,Devout Equipment List,axe,Axe,5,,campaign.trading-post.axe,5 gc,common,consistent,,,Devout Equipment List
trollheim,chaos-streets-sigmar-protectorate,Sigmar's Protectorate,protectorate-devout-equipment-list,Devout Equipment List,blessed_water,Blessed Water,5,,campaign.trading-post.blessed-water,10 gc + dice,rare,differs-special,,,Devout Equipment List
trollheim,chaos-streets-sigmar-protectorate,Sigmar's Protectorate,protectorate-devout-equipment-list,Devout Equipment List,buckler,Buckler,5,,campaign.trading-post.buckler,5 gc,common,consistent,,,Devout Equipment List
trollheim,chaos-streets-sigmar-protectorate,Sigmar's Protectorate,protectorate-devout-equipment-list,Devout Equipment List,crossbow,Crossbow,25,,campaign.trading-post.crossbow,25 gc,common,consistent,,,Devout Equipment List
trollheim,chaos-streets-sigmar-protectorate,Sigmar's Protectorate,protectorate-devout-equipment-list,Devout Equipment List,crossbow_pistol,Crossbow Pistol,35,,campaign.trading-post.crossbow-pistol,35 gc,rare,consistent,,,Devout Equipment List
trollheim,chaos-streets-sigmar-protectorate,Sigmar's Protectorate,protectorate-devout-equipment-list,Devout Equipment List,dagger,Dagger,2,,campaign.trading-post.dagger,2 gc,common,consistent,,,Devout Equipment List
trollheim,chaos-streets-sigmar-protectorate,Sigmar's Protectorate,protectorate-devout-equipment-list,Devout Equipment List,great_weapon,Great Weapon,15,,campaign.trading-post.great-weapon,(not sold),not_sold,no-market,,,Devout Equipment List
trollheim,chaos-streets-sigmar-protectorate,Sigmar's Protectorate,protectorate-devout-equipment-list,Devout Equipment List,hammer,Hammer,3,,campaign.trading-post.hammer,3 gc,common,consistent,,,Devout Equipment List
trollheim,chaos-streets-sigmar-protectorate,Sigmar's Protectorate,protectorate-devout-equipment-list,Devout Equipment List,heavy_armour,Heavy Armour,50,,campaign.trading-post.heavy-armour,50 gc,common,consistent,,,Devout Equipment List
trollheim,chaos-streets-sigmar-protectorate,Sigmar's Protectorate,protectorate-devout-equipment-list,Devout Equipment List,helmet,Helmet,10,,campaign.trading-post.helmet,10 gc,common,consistent,,,Devout Equipment List
trollheim,chaos-streets-sigmar-protectorate,Sigmar's Protectorate,protectorate-devout-equipment-list,Devout Equipment List,holy_relic,Holy Relic,15,,campaign.trading-post.holy-relic,15 gc + dice,rare,consistent-special,,,Devout Equipment List
trollheim,chaos-streets-sigmar-protectorate,Sigmar's Protectorate,protectorate-devout-equipment-list,Devout Equipment List,light_armour,Light Armour,20,,campaign.trading-post.light-armour,20 gc,common,consistent,,,Devout Equipment List
trollheim,chaos-streets-sigmar-protectorate,Sigmar's Protectorate,protectorate-devout-equipment-list,Devout Equipment List,pistol,Pistol,15,,campaign.trading-post.pistol,15 gc,rare,consistent,,,Devout Equipment List
trollheim,chaos-streets-sigmar-protectorate,Sigmar's Protectorate,protectorate-devout-equipment-list,Devout Equipment List,pistol,Pistol,30,,campaign.trading-post.pistol,15 gc,rare,differs,,,Devout Equipment List
trollheim,chaos-streets-sigmar-protectorate,Sigmar's Protectorate,protectorate-devout-equipment-list,Devout Equipment List,shield,Shield,5,,campaign.trading-post.shield,5 gc,common,consistent,,,Devout Equipment List
trollheim,chaos-streets-sigmar-protectorate,Sigmar's Protectorate,protectorate-devout-equipment-list,Devout Equipment List,sigmar_shield,Sigmar Shield,20,,campaign.trading-post.sigmar-shield,(not sold),not_sold,no-market,,,Devout Equipment List
trollheim,chaos-streets-sigmar-protectorate,Sigmar's Protectorate,protectorate-devout-equipment-list,Devout Equipment List,sigmarite_hammer,Sigmarite Hammer,15,,campaign.trading-post.sigmarite-warhammer,15 gc,common,consistent,,,Devout Equipment List
trollheim,chaos-streets-sigmar-protectorate,Sigmar's Protectorate,protectorate-devout-equipment-list,Devout Equipment List,sword,Sword,10,,campaign.trading-post.sword,10 gc,common,consistent,,,Devout Equipment List
trollheim,chaos-streets-sigmar-protectorate,Sigmar's Protectorate,protectorate-shooter-equipment-list,Shooter Equipment List,axe,Axe,5,,campaign.trading-post.axe,5 gc,common,consistent,,,Shooter Equipment List
trollheim,chaos-streets-sigmar-protectorate,Sigmar's Protectorate,protectorate-shooter-equipment-list,Shooter Equipment List,bow,Bow,10,,campaign.trading-post.bow,10 gc,common,consistent,,,Shooter Equipment List
trollheim,chaos-streets-sigmar-protectorate,Sigmar's Protectorate,protectorate-shooter-equipment-list,Shooter Equipment List,crossbow,Crossbow,25,,campaign.trading-post.crossbow,25 gc,common,consistent,,,Shooter Equipment List
trollheim,chaos-streets-sigmar-protectorate,Sigmar's Protectorate,protectorate-shooter-equipment-list,Shooter Equipment List,dagger,Dagger,2,,campaign.trading-post.dagger,2 gc,common,consistent,,,Shooter Equipment List
trollheim,chaos-streets-sigmar-protectorate,Sigmar's Protectorate,protectorate-shooter-equipment-list,Shooter Equipment List,great_weapon,Great Weapon,15,,campaign.trading-post.great-weapon,(not sold),not_sold,no-market,,,Shooter Equipment List
trollheim,chaos-streets-sigmar-protectorate,Sigmar's Protectorate,protectorate-shooter-equipment-list,Shooter Equipment List,hammer,Hammer,3,,campaign.trading-post.hammer,3 gc,common,consistent,,,Shooter Equipment List
trollheim,chaos-streets-sigmar-protectorate,Sigmar's Protectorate,protectorate-shooter-equipment-list,Shooter Equipment List,helmet,Helmet,10,,campaign.trading-post.helmet,10 gc,common,consistent,,,Shooter Equipment List
trollheim,chaos-streets-sigmar-protectorate,Sigmar's Protectorate,protectorate-shooter-equipment-list,Shooter Equipment List,light_armour,Light Armour,20,,campaign.trading-post.light-armour,20 gc,common,consistent,,,Shooter Equipment List
trollheim,chaos-streets-sigmar-protectorate,Sigmar's Protectorate,protectorate-shooter-equipment-list,Shooter Equipment List,long_bow,Long Bow,15,,campaign.trading-post.long-bow,15 gc,common,consistent,,,Shooter Equipment List
trollheim,chaos-streets-sigmar-protectorate,Sigmar's Protectorate,protectorate-shooter-equipment-list,Shooter Equipment List,shield,Shield,5,,campaign.trading-post.shield,5 gc,common,consistent,,,Shooter Equipment List
trollheim,chaos-streets-sigmar-protectorate,Sigmar's Protectorate,protectorate-shooter-equipment-list,Shooter Equipment List,sword,Sword,10,,campaign.trading-post.sword,10 gc,common,consistent,,,Shooter Equipment List
trollheim,chaos-streets-sigmar-protectorate,Sigmar's Protectorate,protectorate-warrior-equipment-list,Warrior Equipment List,axe,Axe,5,,campaign.trading-post.axe,5 gc,common,consistent,,,Warrior Equipment List
trollheim,chaos-streets-sigmar-protectorate,Sigmar's Protectorate,protectorate-warrior-equipment-list,Warrior Equipment List,blessed_water,Blessed Water,5,,campaign.trading-post.blessed-water,10 gc + dice,rare,differs-special,,,Warrior Equipment List
trollheim,chaos-streets-sigmar-protectorate,Sigmar's Protectorate,protectorate-warrior-equipment-list,Warrior Equipment List,bow,Bow,10,,campaign.trading-post.bow,10 gc,common,consistent,,,Warrior Equipment List
trollheim,chaos-streets-sigmar-protectorate,Sigmar's Protectorate,protectorate-warrior-equipment-list,Warrior Equipment List,buckler,Buckler,5,,campaign.trading-post.buckler,5 gc,common,consistent,,,Warrior Equipment List
trollheim,chaos-streets-sigmar-protectorate,Sigmar's Protectorate,protectorate-warrior-equipment-list,Warrior Equipment List,dagger,Dagger,2,,campaign.trading-post.dagger,2 gc,common,consistent,,,Warrior Equipment List
trollheim,chaos-streets-sigmar-protectorate,Sigmar's Protectorate,protectorate-warrior-equipment-list,Warrior Equipment List,great_weapon,Great Weapon,15,,campaign.trading-post.great-weapon,(not sold),not_sold,no-market,,,Warrior Equipment List
trollheim,chaos-streets-sigmar-protectorate,Sigmar's Protectorate,protectorate-warrior-equipment-list,Warrior Equipment List,hammer,Hammer,3,,campaign.trading-post.hammer,3 gc,common,consistent,,,Warrior Equipment List
trollheim,chaos-streets-sigmar-protectorate,Sigmar's Protectorate,protectorate-warrior-equipment-list,Warrior Equipment List,heavy_armour,Heavy Armour,50,,campaign.trading-post.heavy-armour,50 gc,common,consistent,,,Warrior Equipment List
trollheim,chaos-streets-sigmar-protectorate,Sigmar's Protectorate,protectorate-warrior-equipment-list,Warrior Equipment List,helmet,Helmet,10,,campaign.trading-post.helmet,10 gc,common,consistent,,,Warrior Equipment List
trollheim,chaos-streets-sigmar-protectorate,Sigmar's Protectorate,protectorate-warrior-equipment-list,Warrior Equipment List,holy_relic,Holy Relic,15,,campaign.trading-post.holy-relic,15 gc + dice,rare,consistent-special,,,Warrior Equipment List
trollheim,chaos-streets-sigmar-protectorate,Sigmar's Protectorate,protectorate-warrior-equipment-list,Warrior Equipment List,light_armour,Light Armour,20,,campaign.trading-post.light-armour,20 gc,common,consistent,,,Warrior Equipment List
trollheim,chaos-streets-sigmar-protectorate,Sigmar's Protectorate,protectorate-warrior-equipment-list,Warrior Equipment List,shield,Shield,5,,campaign.trading-post.shield,5 gc,common,consistent,,,Warrior Equipment List
trollheim,chaos-streets-sigmar-protectorate,Sigmar's Protectorate,protectorate-warrior-equipment-list,Warrior Equipment List,sigmar_shield,Sigmar Shield,20,,campaign.trading-post.sigmar-shield,(not sold),not_sold,no-market,,,Warrior Equipment List
trollheim,chaos-streets-sigmar-protectorate,Sigmar's Protectorate,protectorate-warrior-equipment-list,Warrior Equipment List,sigmarite_hammer,Sigmarite Hammer,15,,campaign.trading-post.sigmarite-warhammer,15 gc,common,consistent,,,Warrior Equipment List
trollheim,chaos-streets-sigmar-protectorate,Sigmar's Protectorate,protectorate-warrior-equipment-list,Warrior Equipment List,spear,Spear,10,,campaign.trading-post.spear,10 gc,common,consistent,,,Warrior Equipment List
trollheim,chaos-streets-sigmar-protectorate,Sigmar's Protectorate,protectorate-warrior-equipment-list,Warrior Equipment List,sword,Sword,10,,campaign.trading-post.sword,10 gc,common,consistent,,,Warrior Equipment List
trollheim,chaos-streets-sons-of-nagarythe,Sons of Nagarythe,shadow-warrior-equipment-list,Shadow Warrior Equipment List,bow,Bow,10,,campaign.trading-post.bow,10 gc,common,consistent,,,Shadow Warrior Equipment List
trollheim,chaos-streets-sons-of-nagarythe,Sons of Nagarythe,shadow-warrior-equipment-list,Shadow Warrior Equipment List,dagger,Dagger,2,,campaign.trading-post.dagger,2 gc,common,consistent,,,Shadow Warrior Equipment List
trollheim,chaos-streets-sons-of-nagarythe,Sons of Nagarythe,shadow-warrior-equipment-list,Shadow Warrior Equipment List,elf_boots,Elf Boots,75,,campaign.trading-post.elven-boots,75 gc + dice,rare,consistent-special,,,Shadow Warrior Equipment List
trollheim,chaos-streets-sons-of-nagarythe,Sons of Nagarythe,shadow-warrior-equipment-list,Shadow Warrior Equipment List,elf_bow,Elf Bow,35,,campaign.trading-post.elf-bow,35 gc + dice,rare,consistent-special,,,Shadow Warrior Equipment List
trollheim,chaos-streets-sons-of-nagarythe,Sons of Nagarythe,shadow-warrior-equipment-list,Shadow Warrior Equipment List,elven_cloak,Elven Cloak,75,,campaign.trading-post.elven-cloak,100 gc + dice,rare,differs-special,,,Shadow Warrior Equipment List
trollheim,chaos-streets-sons-of-nagarythe,Sons of Nagarythe,shadow-warrior-equipment-list,Shadow Warrior Equipment List,elven_runestones,Elven Runestones,50,,campaign.trading-post.elven-runestones,50 gc + dice,rare,consistent-special,,,Shadow Warrior Equipment List
trollheim,chaos-streets-sons-of-nagarythe,Sons of Nagarythe,shadow-warrior-equipment-list,Shadow Warrior Equipment List,elven_wine,Elven Wine,50,,campaign.trading-post.elven-wine,50 gc + dice,rare,consistent-special,,,Shadow Warrior Equipment List
trollheim,chaos-streets-sons-of-nagarythe,Sons of Nagarythe,shadow-warrior-equipment-list,Shadow Warrior Equipment List,great_weapon,Great Weapon,15,,campaign.trading-post.great-weapon,(not sold),not_sold,no-market,,,Shadow Warrior Equipment List
trollheim,chaos-streets-sons-of-nagarythe,Sons of Nagarythe,shadow-warrior-equipment-list,Shadow Warrior Equipment List,helmet,Helmet,10,,campaign.trading-post.helmet,10 gc,common,consistent,,,Shadow Warrior Equipment List
trollheim,chaos-streets-sons-of-nagarythe,Sons of Nagarythe,shadow-warrior-equipment-list,Shadow Warrior Equipment List,ithilmar_armour,Ithilmar Armour,60,,campaign.trading-post.ithilmar-armour,90 gc,rare,differs,,,Shadow Warrior Equipment List
trollheim,chaos-streets-sons-of-nagarythe,Sons of Nagarythe,shadow-warrior-equipment-list,Shadow Warrior Equipment List,light_armour,Light Armour,20,,campaign.trading-post.light-armour,20 gc,common,consistent,,,Shadow Warrior Equipment List
trollheim,chaos-streets-sons-of-nagarythe,Sons of Nagarythe,shadow-warrior-equipment-list,Shadow Warrior Equipment List,long_bow,Long Bow,15,,campaign.trading-post.long-bow,15 gc,common,consistent,,,Shadow Warrior Equipment List
trollheim,chaos-streets-sons-of-nagarythe,Sons of Nagarythe,shadow-warrior-equipment-list,Shadow Warrior Equipment List,nagarythe_standard,Nagarythe Standard,75,,campaign.trading-post.nagarythe-standard,75 gc + dice,rare,consistent-special,,,Shadow Warrior Equipment List
trollheim,chaos-streets-sons-of-nagarythe,Sons of Nagarythe,shadow-warrior-equipment-list,Shadow Warrior Equipment List,nagarythe_war_horn,Nagarythe War Horn,25,,campaign.trading-post.nagarythe-war-horn,25 gc + dice,rare,consistent-special,,,Shadow Warrior Equipment List
trollheim,chaos-streets-sons-of-nagarythe,Sons of Nagarythe,shadow-warrior-equipment-list,Shadow Warrior Equipment List,shield,Shield,5,,campaign.trading-post.shield,5 gc,common,consistent,,,Shadow Warrior Equipment List
trollheim,chaos-streets-sons-of-nagarythe,Sons of Nagarythe,shadow-warrior-equipment-list,Shadow Warrior Equipment List,spear,Spear,10,,campaign.trading-post.spear,10 gc,common,consistent,,,Shadow Warrior Equipment List
trollheim,chaos-streets-sons-of-nagarythe,Sons of Nagarythe,shadow-warrior-equipment-list,Shadow Warrior Equipment List,sword,Sword,10,,campaign.trading-post.sword,10 gc,common,consistent,,,Shadow Warrior Equipment List
trollheim,chaos-streets-undead-bloodlines,Undead Bloodlines,undead-equipment-list,Undead Equipment List,axe,Axe,5,,campaign.trading-post.axe,5 gc,common,consistent,,,Undead Equipment List
trollheim,chaos-streets-undead-bloodlines,Undead Bloodlines,undead-equipment-list,Undead Equipment List,bow,Bow,10,,campaign.trading-post.bow,10 gc,common,consistent,,,Undead Equipment List
trollheim,chaos-streets-undead-bloodlines,Undead Bloodlines,undead-equipment-list,Undead Equipment List,dagger,Dagger,2,,campaign.trading-post.dagger,2 gc,common,consistent,,,Undead Equipment List
trollheim,chaos-streets-undead-bloodlines,Undead Bloodlines,undead-equipment-list,Undead Equipment List,great_weapon,Great Weapon,15,,campaign.trading-post.great-weapon,(not sold),not_sold,no-market,,,Undead Equipment List
trollheim,chaos-streets-undead-bloodlines,Undead Bloodlines,undead-equipment-list,Undead Equipment List,halberd,Halberd,10,,campaign.trading-post.halberd,10 gc,common,consistent,,,Undead Equipment List
trollheim,chaos-streets-undead-bloodlines,Undead Bloodlines,undead-equipment-list,Undead Equipment List,hammer,Hammer,3,,campaign.trading-post.hammer,3 gc,common,consistent,,,Undead Equipment List
trollheim,chaos-streets-undead-bloodlines,Undead Bloodlines,undead-equipment-list,Undead Equipment List,heavy_armour,Heavy Armour,50,,campaign.trading-post.heavy-armour,50 gc,common,consistent,,,Undead Equipment List
trollheim,chaos-streets-undead-bloodlines,Undead Bloodlines,undead-equipment-list,Undead Equipment List,helmet,Helmet,10,,campaign.trading-post.helmet,10 gc,common,consistent,,,Undead Equipment List
trollheim,chaos-streets-undead-bloodlines,Undead Bloodlines,undead-equipment-list,Undead Equipment List,light_armour,Light Armour,20,,campaign.trading-post.light-armour,20 gc,common,consistent,,,Undead Equipment List
trollheim,chaos-streets-undead-bloodlines,Undead Bloodlines,undead-equipment-list,Undead Equipment List,mace,Mace,3,,campaign.trading-post.mace,3 gc,common,consistent,,,Undead Equipment List
trollheim,chaos-streets-undead-bloodlines,Undead Bloodlines,undead-equipment-list,Undead Equipment List,shield,Shield,5,,campaign.trading-post.shield,5 gc,common,consistent,,,Undead Equipment List
trollheim,chaos-streets-undead-bloodlines,Undead Bloodlines,undead-equipment-list,Undead Equipment List,short_bow,Short Bow,5,,campaign.trading-post.short-bow,5 gc,common,consistent,,,Undead Equipment List
trollheim,chaos-streets-undead-bloodlines,Undead Bloodlines,undead-equipment-list,Undead Equipment List,spear,Spear,10,,campaign.trading-post.spear,10 gc,common,consistent,,,Undead Equipment List
trollheim,chaos-streets-undead-bloodlines,Undead Bloodlines,undead-equipment-list,Undead Equipment List,sword,Sword,10,,campaign.trading-post.sword,10 gc,common,consistent,,,Undead Equipment List
trollheim,khemri-cursed-of-karak-zorn,The Cursed of Karak-Zorn,cursed-of-karak-zorn-equipment-list,Cursed of Karak-Zorn Equipment List,axe,Axe,5,,campaign.trading-post.axe,5 gc,common,consistent,,,Cursed of Karak-Zorn Equipment List
trollheim,khemri-cursed-of-karak-zorn,The Cursed of Karak-Zorn,cursed-of-karak-zorn-equipment-list,Cursed of Karak-Zorn Equipment List,crossbow,Crossbow,25,,campaign.trading-post.crossbow,25 gc,common,consistent,,,Cursed of Karak-Zorn Equipment List
trollheim,khemri-cursed-of-karak-zorn,The Cursed of Karak-Zorn,cursed-of-karak-zorn-equipment-list,Cursed of Karak-Zorn Equipment List,crossbow_pistol,Crossbow Pistol,35,,campaign.trading-post.crossbow-pistol,35 gc,rare,consistent,,,Cursed of Karak-Zorn Equipment List
trollheim,khemri-cursed-of-karak-zorn,The Cursed of Karak-Zorn,cursed-of-karak-zorn-equipment-list,Cursed of Karak-Zorn Equipment List,dagger,Dagger,2,,campaign.trading-post.dagger,2 gc,common,consistent,,,Cursed of Karak-Zorn Equipment List
trollheim,khemri-cursed-of-karak-zorn,The Cursed of Karak-Zorn,cursed-of-karak-zorn-equipment-list,Cursed of Karak-Zorn Equipment List,dwarf_axe,Dwarf Axe,15,,campaign.trading-post.dwarf-axe,15 gc,rare,consistent,,,Cursed of Karak-Zorn Equipment List
trollheim,khemri-cursed-of-karak-zorn,The Cursed of Karak-Zorn,cursed-of-karak-zorn-equipment-list,Cursed of Karak-Zorn Equipment List,great_weapon,Great Weapon,15,,campaign.trading-post.great-weapon,(not sold),not_sold,no-market,,,Cursed of Karak-Zorn Equipment List
trollheim,khemri-cursed-of-karak-zorn,The Cursed of Karak-Zorn,cursed-of-karak-zorn-equipment-list,Cursed of Karak-Zorn Equipment List,gromril_armour,Gromril Armour,80,,campaign.trading-post.gromril-armour,150 gc,rare,differs,,,Cursed of Karak-Zorn Equipment List
trollheim,khemri-cursed-of-karak-zorn,The Cursed of Karak-Zorn,cursed-of-karak-zorn-equipment-list,Cursed of Karak-Zorn Equipment List,hammer,Hammer,3,,campaign.trading-post.hammer,3 gc,common,consistent,,,Cursed of Karak-Zorn Equipment List
trollheim,khemri-cursed-of-karak-zorn,The Cursed of Karak-Zorn,cursed-of-karak-zorn-equipment-list,Cursed of Karak-Zorn Equipment List,heavy_armour,Heavy Armour,50,,campaign.trading-post.heavy-armour,50 gc,common,consistent,,,Cursed of Karak-Zorn Equipment List
trollheim,khemri-cursed-of-karak-zorn,The Cursed of Karak-Zorn,cursed-of-karak-zorn-equipment-list,Cursed of Karak-Zorn Equipment List,helmet,Helmet,10,,campaign.trading-post.helmet,10 gc,common,consistent,,,Cursed of Karak-Zorn Equipment List
trollheim,khemri-cursed-of-karak-zorn,The Cursed of Karak-Zorn,cursed-of-karak-zorn-equipment-list,Cursed of Karak-Zorn Equipment List,light_armour,Light Armour,20,,campaign.trading-post.light-armour,20 gc,common,consistent,,,Cursed of Karak-Zorn Equipment List
trollheim,khemri-cursed-of-karak-zorn,The Cursed of Karak-Zorn,cursed-of-karak-zorn-equipment-list,Cursed of Karak-Zorn Equipment List,mace,Mace,3,,campaign.trading-post.mace,3 gc,common,consistent,,,Cursed of Karak-Zorn Equipment List
trollheim,khemri-cursed-of-karak-zorn,The Cursed of Karak-Zorn,cursed-of-karak-zorn-equipment-list,Cursed of Karak-Zorn Equipment List,pistol,Pistol,15,,campaign.trading-post.pistol,15 gc,rare,consistent,,,Cursed of Karak-Zorn Equipment List
trollheim,khemri-cursed-of-karak-zorn,The Cursed of Karak-Zorn,cursed-of-karak-zorn-equipment-list,Cursed of Karak-Zorn Equipment List,pistol,Pistol,30,,campaign.trading-post.pistol,15 gc,rare,differs,,,Cursed of Karak-Zorn Equipment List
trollheim,khemri-cursed-of-karak-zorn,The Cursed of Karak-Zorn,cursed-of-karak-zorn-equipment-list,Cursed of Karak-Zorn Equipment List,shield,Shield,5,,campaign.trading-post.shield,5 gc,common,consistent,,,Cursed of Karak-Zorn Equipment List
trollheim,khemri-cursed-of-karak-zorn,The Cursed of Karak-Zorn,cursed-of-karak-zorn-equipment-list,Cursed of Karak-Zorn Equipment List,spear,Spear,10,,campaign.trading-post.spear,10 gc,common,consistent,,,Cursed of Karak-Zorn Equipment List
trollheim,khemri-cursed-of-karak-zorn,The Cursed of Karak-Zorn,cursed-of-karak-zorn-equipment-list,Cursed of Karak-Zorn Equipment List,sword,Sword,10,,campaign.trading-post.sword,10 gc,common,consistent,,,Cursed of Karak-Zorn Equipment List
trollheim,khemri-hobgoblin-raiders,Hobgoblin Raiders,hobgoblin-archer-equipment-list,Archer Equipment List,axe,Axe,5,,campaign.trading-post.axe,5 gc,common,consistent,,,Archer Equipment List
trollheim,khemri-hobgoblin-raiders,Hobgoblin Raiders,hobgoblin-archer-equipment-list,Archer Equipment List,bow,Bow,10,,campaign.trading-post.bow,10 gc,common,consistent,,,Archer Equipment List
trollheim,khemri-hobgoblin-raiders,Hobgoblin Raiders,hobgoblin-archer-equipment-list,Archer Equipment List,dagger,Dagger,2,,campaign.trading-post.dagger,2 gc,common,consistent,,,Archer Equipment List
trollheim,khemri-hobgoblin-raiders,Hobgoblin Raiders,hobgoblin-archer-equipment-list,Archer Equipment List,helmet,Helmet,10,,campaign.trading-post.helmet,10 gc,common,consistent,,,Archer Equipment List
trollheim,khemri-hobgoblin-raiders,Hobgoblin Raiders,hobgoblin-archer-equipment-list,Archer Equipment List,light_armour,Light Armour,20,,campaign.trading-post.light-armour,20 gc,common,consistent,,,Archer Equipment List
trollheim,khemri-hobgoblin-raiders,Hobgoblin Raiders,hobgoblin-archer-equipment-list,Archer Equipment List,mace,Mace,3,,campaign.trading-post.mace,3 gc,common,consistent,,,Archer Equipment List
trollheim,khemri-hobgoblin-raiders,Hobgoblin Raiders,hobgoblin-archer-equipment-list,Archer Equipment List,spear,Spear,10,,campaign.trading-post.spear,10 gc,common,consistent,,,Archer Equipment List
trollheim,khemri-hobgoblin-raiders,Hobgoblin Raiders,hobgoblin-archer-equipment-list,Archer Equipment List,sword,Sword,10,,campaign.trading-post.sword,10 gc,common,consistent,,,Archer Equipment List
trollheim,khemri-hobgoblin-raiders,Hobgoblin Raiders,hobgoblin-raider-equipment-list,Raider Equipment List,axe,Axe,5,,campaign.trading-post.axe,5 gc,common,consistent,,,Raider Equipment List
trollheim,khemri-hobgoblin-raiders,Hobgoblin Raiders,hobgoblin-raider-equipment-list,Raider Equipment List,bow,Bow,10,,campaign.trading-post.bow,10 gc,common,consistent,,,Raider Equipment List
trollheim,khemri-hobgoblin-raiders,Hobgoblin Raiders,hobgoblin-raider-equipment-list,Raider Equipment List,cutlass_sword,Cutlass Sword,15,,campaign.trading-post.cutlass-sword,(not sold),not_sold,no-market,,,Raider Equipment List
trollheim,khemri-hobgoblin-raiders,Hobgoblin Raiders,hobgoblin-raider-equipment-list,Raider Equipment List,dagger,Dagger,2,,campaign.trading-post.dagger,2 gc,common,consistent,,,Raider Equipment List
trollheim,khemri-hobgoblin-raiders,Hobgoblin Raiders,hobgoblin-raider-equipment-list,Raider Equipment List,helmet,Helmet,10,,campaign.trading-post.helmet,10 gc,common,consistent,,,Raider Equipment List
trollheim,khemri-hobgoblin-raiders,Hobgoblin Raiders,hobgoblin-raider-equipment-list,Raider Equipment List,light_armour,Light Armour,20,,campaign.trading-post.light-armour,20 gc,common,consistent,,,Raider Equipment List
trollheim,khemri-hobgoblin-raiders,Hobgoblin Raiders,hobgoblin-raider-equipment-list,Raider Equipment List,mace,Mace,3,,campaign.trading-post.mace,3 gc,common,consistent,,,Raider Equipment List
trollheim,khemri-hobgoblin-raiders,Hobgoblin Raiders,hobgoblin-raider-equipment-list,Raider Equipment List,poison_daggers,Poison Daggers,8,,campaign.trading-post.poison-daggers,25 gc,common,differs,,,Raider Equipment List
trollheim,khemri-hobgoblin-raiders,Hobgoblin Raiders,hobgoblin-raider-equipment-list,Raider Equipment List,shield,Shield,5,,campaign.trading-post.shield,5 gc,common,consistent,,,Raider Equipment List
trollheim,khemri-hobgoblin-raiders,Hobgoblin Raiders,hobgoblin-raider-equipment-list,Raider Equipment List,short_bow,Short Bow,5,,campaign.trading-post.short-bow,5 gc,common,consistent,,,Raider Equipment List
trollheim,khemri-hobgoblin-raiders,Hobgoblin Raiders,hobgoblin-raider-equipment-list,Raider Equipment List,sling,Sling,2,,campaign.trading-post.sling,2 gc,common,consistent,,,Raider Equipment List
trollheim,khemri-hobgoblin-raiders,Hobgoblin Raiders,hobgoblin-raider-equipment-list,Raider Equipment List,spear,Spear,10,,campaign.trading-post.spear,10 gc,common,consistent,,,Raider Equipment List
trollheim,khemri-hobgoblin-raiders,Hobgoblin Raiders,hobgoblin-raider-equipment-list,Raider Equipment List,sword,Sword,10,,campaign.trading-post.sword,10 gc,common,consistent,,,Raider Equipment List
trollheim,khemri-hobgoblin-raiders,Hobgoblin Raiders,hobgoblin-raider-equipment-list,Raider Equipment List,sword_scimitar,Sword Scimitar,15,,campaign.trading-post.sword-scimitar,(not sold),not_sold,no-market,,,Raider Equipment List
trollheim,khemri-lahmian-brotherhood,Lahmian Brotherhood,foreign-beloved-equipment-list,Foreign Warband Beloved Equipment List,axe,Axe,5,,campaign.trading-post.axe,5 gc,common,consistent,,,Foreign Warbands / Beloved Equipment List
trollheim,khemri-lahmian-brotherhood,Lahmian Brotherhood,foreign-beloved-equipment-list,Foreign Warband Beloved Equipment List,bow,Bow,10,,campaign.trading-post.bow,10 gc,common,consistent,,,Foreign Warbands / Beloved Equipment List
trollheim,khemri-lahmian-brotherhood,Lahmian Brotherhood,foreign-beloved-equipment-list,Foreign Warband Beloved Equipment List,buckler,Buckler,5,,campaign.trading-post.buckler,5 gc,common,consistent,,,Foreign Warbands / Beloved Equipment List
trollheim,khemri-lahmian-brotherhood,Lahmian Brotherhood,foreign-beloved-equipment-list,Foreign Warband Beloved Equipment List,crossbow,Crossbow,25,,campaign.trading-post.crossbow,25 gc,common,consistent,,,Foreign Warbands / Beloved Equipment List
trollheim,khemri-lahmian-brotherhood,Lahmian Brotherhood,foreign-beloved-equipment-list,Foreign Warband Beloved Equipment List,dagger,Dagger,2,,campaign.trading-post.dagger,2 gc,common,consistent,,,Foreign Warbands / Beloved Equipment List
trollheim,khemri-lahmian-brotherhood,Lahmian Brotherhood,foreign-beloved-equipment-list,Foreign Warband Beloved Equipment List,duelling_pistol,Duelling Pistol,25,,campaign.trading-post.duelling-pistol,30 gc,rare,differs,,,Foreign Warbands / Beloved Equipment List
trollheim,khemri-lahmian-brotherhood,Lahmian Brotherhood,foreign-beloved-equipment-list,Foreign Warband Beloved Equipment List,duelling_pistol,Duelling Pistol,50,,campaign.trading-post.duelling-pistol,30 gc,rare,differs,,,Foreign Warbands / Beloved Equipment List
trollheim,khemri-lahmian-brotherhood,Lahmian Brotherhood,foreign-beloved-equipment-list,Foreign Warband Beloved Equipment List,flail,Flail,15,,campaign.trading-post.flail,15 gc,common,consistent,,,Foreign Warbands / Beloved Equipment List
trollheim,khemri-lahmian-brotherhood,Lahmian Brotherhood,foreign-beloved-equipment-list,Foreign Warband Beloved Equipment List,great_weapon,Great Weapon,15,,campaign.trading-post.great-weapon,(not sold),not_sold,no-market,,,Foreign Warbands / Beloved Equipment List
trollheim,khemri-lahmian-brotherhood,Lahmian Brotherhood,foreign-beloved-equipment-list,Foreign Warband Beloved Equipment List,halberd,Halberd,10,,campaign.trading-post.halberd,10 gc,common,consistent,,,Foreign Warbands / Beloved Equipment List
trollheim,khemri-lahmian-brotherhood,Lahmian Brotherhood,foreign-beloved-equipment-list,Foreign Warband Beloved Equipment List,hammer,Hammer,3,,campaign.trading-post.hammer,3 gc,common,consistent,,,Foreign Warbands / Beloved Equipment List
trollheim,khemri-lahmian-brotherhood,Lahmian Brotherhood,foreign-beloved-equipment-list,Foreign Warband Beloved Equipment List,heavy_armour,Heavy Armour,50,,campaign.trading-post.heavy-armour,50 gc,common,consistent,,,Foreign Warbands / Beloved Equipment List
trollheim,khemri-lahmian-brotherhood,Lahmian Brotherhood,foreign-beloved-equipment-list,Foreign Warband Beloved Equipment List,helmet,Helmet,10,,campaign.trading-post.helmet,10 gc,common,consistent,,,Foreign Warbands / Beloved Equipment List
trollheim,khemri-lahmian-brotherhood,Lahmian Brotherhood,foreign-beloved-equipment-list,Foreign Warband Beloved Equipment List,light_armour,Light Armour,20,,campaign.trading-post.light-armour,20 gc,common,consistent,,,Foreign Warbands / Beloved Equipment List
trollheim,khemri-lahmian-brotherhood,Lahmian Brotherhood,foreign-beloved-equipment-list,Foreign Warband Beloved Equipment List,mace,Mace,3,,campaign.trading-post.mace,3 gc,common,consistent,,,Foreign Warbands / Beloved Equipment List
trollheim,khemri-lahmian-brotherhood,Lahmian Brotherhood,foreign-beloved-equipment-list,Foreign Warband Beloved Equipment List,pistol,Pistol,15,,campaign.trading-post.pistol,15 gc,rare,consistent,,,Foreign Warbands / Beloved Equipment List
trollheim,khemri-lahmian-brotherhood,Lahmian Brotherhood,foreign-beloved-equipment-list,Foreign Warband Beloved Equipment List,pistol,Pistol,30,,campaign.trading-post.pistol,15 gc,rare,differs,,,Foreign Warbands / Beloved Equipment List
trollheim,khemri-lahmian-brotherhood,Lahmian Brotherhood,foreign-beloved-equipment-list,Foreign Warband Beloved Equipment List,shield,Shield,5,,campaign.trading-post.shield,5 gc,common,consistent,,,Foreign Warbands / Beloved Equipment List
trollheim,khemri-lahmian-brotherhood,Lahmian Brotherhood,foreign-beloved-equipment-list,Foreign Warband Beloved Equipment List,spear,Spear,10,,campaign.trading-post.spear,10 gc,common,consistent,,,Foreign Warbands / Beloved Equipment List
trollheim,khemri-lahmian-brotherhood,Lahmian Brotherhood,foreign-beloved-equipment-list,Foreign Warband Beloved Equipment List,sword,Sword,10,,campaign.trading-post.sword,10 gc,common,consistent,,,Foreign Warbands / Beloved Equipment List
trollheim,khemri-lahmian-brotherhood,Lahmian Brotherhood,foreign-undead-equipment-list,Foreign Warband Undead Equipment List,axe,Axe,5,,campaign.trading-post.axe,5 gc,common,consistent,,,Foreign Warbands / Undead Equipment List
trollheim,khemri-lahmian-brotherhood,Lahmian Brotherhood,foreign-undead-equipment-list,Foreign Warband Undead Equipment List,bow,Bow,10,,campaign.trading-post.bow,10 gc,common,consistent,,,Foreign Warbands / Undead Equipment List
trollheim,khemri-lahmian-brotherhood,Lahmian Brotherhood,foreign-undead-equipment-list,Foreign Warband Undead Equipment List,dagger,Dagger,2,,campaign.trading-post.dagger,2 gc,common,consistent,,,Foreign Warbands / Undead Equipment List
trollheim,khemri-lahmian-brotherhood,Lahmian Brotherhood,foreign-undead-equipment-list,Foreign Warband Undead Equipment List,great_weapon,Great Weapon,15,,campaign.trading-post.great-weapon,(not sold),not_sold,no-market,,,Foreign Warbands / Undead Equipment List
trollheim,khemri-lahmian-brotherhood,Lahmian Brotherhood,foreign-undead-equipment-list,Foreign Warband Undead Equipment List,hammer,Hammer,3,,campaign.trading-post.hammer,3 gc,common,consistent,,,Foreign Warbands / Undead Equipment List
trollheim,khemri-lahmian-brotherhood,Lahmian Brotherhood,foreign-undead-equipment-list,Foreign Warband Undead Equipment List,heavy_armour,Heavy Armour,50,,campaign.trading-post.heavy-armour,50 gc,common,consistent,,,Foreign Warbands / Undead Equipment List
trollheim,khemri-lahmian-brotherhood,Lahmian Brotherhood,foreign-undead-equipment-list,Foreign Warband Undead Equipment List,helmet,Helmet,10,,campaign.trading-post.helmet,10 gc,common,consistent,,,Foreign Warbands / Undead Equipment List
trollheim,khemri-lahmian-brotherhood,Lahmian Brotherhood,foreign-undead-equipment-list,Foreign Warband Undead Equipment List,light_armour,Light Armour,20,,campaign.trading-post.light-armour,20 gc,common,consistent,,,Foreign Warbands / Undead Equipment List
trollheim,khemri-lahmian-brotherhood,Lahmian Brotherhood,foreign-undead-equipment-list,Foreign Warband Undead Equipment List,mace,Mace,3,,campaign.trading-post.mace,3 gc,common,consistent,,,Foreign Warbands / Undead Equipment List
trollheim,khemri-lahmian-brotherhood,Lahmian Brotherhood,foreign-undead-equipment-list,Foreign Warband Undead Equipment List,shield,Shield,5,,campaign.trading-post.shield,5 gc,common,consistent,,,Foreign Warbands / Undead Equipment List
trollheim,khemri-lahmian-brotherhood,Lahmian Brotherhood,foreign-undead-equipment-list,Foreign Warband Undead Equipment List,short_bow,Short Bow,5,,campaign.trading-post.short-bow,5 gc,common,consistent,,,Foreign Warbands / Undead Equipment List
trollheim,khemri-lahmian-brotherhood,Lahmian Brotherhood,foreign-undead-equipment-list,Foreign Warband Undead Equipment List,snake_whip,Snake Whip,25,,campaign.trading-post.snake-whip,(not sold),not_sold,no-market,,,Foreign Warbands / Undead Equipment List
trollheim,khemri-lahmian-brotherhood,Lahmian Brotherhood,foreign-undead-equipment-list,Foreign Warband Undead Equipment List,spear,Spear,10,,campaign.trading-post.spear,10 gc,common,consistent,,,Foreign Warbands / Undead Equipment List
trollheim,khemri-lahmian-brotherhood,Lahmian Brotherhood,foreign-undead-equipment-list,Foreign Warband Undead Equipment List,sword,Sword,10,,campaign.trading-post.sword,10 gc,common,consistent,,,Foreign Warbands / Undead Equipment List
trollheim,khemri-lahmian-brotherhood,Lahmian Brotherhood,native-beloved-equipment-list,Native Warband Beloved Equipment List,ankus,Ankus,13,,campaign.trading-post.ankus,(not sold),not_sold,no-market,,,Native Warbands / Beloved Equipment List
trollheim,khemri-lahmian-brotherhood,Lahmian Brotherhood,native-beloved-equipment-list,Native Warband Beloved Equipment List,bow,Bow,10,,campaign.trading-post.bow,10 gc,common,consistent,,,Native Warbands / Beloved Equipment List
trollheim,khemri-lahmian-brotherhood,Lahmian Brotherhood,native-beloved-equipment-list,Native Warband Beloved Equipment List,buckler,Buckler,5,,campaign.trading-post.buckler,5 gc,common,consistent,,,Native Warbands / Beloved Equipment List
trollheim,khemri-lahmian-brotherhood,Lahmian Brotherhood,native-beloved-equipment-list,Native Warband Beloved Equipment List,crossbow_pistol,Crossbow Pistol,35,,campaign.trading-post.crossbow-pistol,35 gc,rare,consistent,,,Native Warbands / Beloved Equipment List
trollheim,khemri-lahmian-brotherhood,Lahmian Brotherhood,native-beloved-equipment-list,Native Warband Beloved Equipment List,cutlass_sword,Cutlass Sword,15,,campaign.trading-post.cutlass-sword,(not sold),not_sold,no-market,,,Native Warbands / Beloved Equipment List
trollheim,khemri-lahmian-brotherhood,Lahmian Brotherhood,native-beloved-equipment-list,Native Warband Beloved Equipment List,dagger_jambiya,Dagger Jambiya,2,,campaign.trading-post.dagger-jambiya,(not sold),not_sold,no-market,,,Native Warbands / Beloved Equipment List
trollheim,khemri-lahmian-brotherhood,Lahmian Brotherhood,native-beloved-equipment-list,Native Warband Beloved Equipment List,flail,Flail,15,,campaign.trading-post.flail,15 gc,common,consistent,,,Native Warbands / Beloved Equipment List
trollheim,khemri-lahmian-brotherhood,Lahmian Brotherhood,native-beloved-equipment-list,Native Warband Beloved Equipment List,great_scimitar,Great Scimitar,20,,campaign.trading-post.great-scimitar,(not sold),not_sold,no-market,,,Native Warbands / Beloved Equipment List
trollheim,khemri-lahmian-brotherhood,Lahmian Brotherhood,native-beloved-equipment-list,Native Warband Beloved Equipment List,great_weapon,Great Weapon,15,,campaign.trading-post.great-weapon,(not sold),not_sold,no-market,,,Native Warbands / Beloved Equipment List
trollheim,khemri-lahmian-brotherhood,Lahmian Brotherhood,native-beloved-equipment-list,Native Warband Beloved Equipment List,helmet,Helmet,10,,campaign.trading-post.helmet,10 gc,common,consistent,,,Native Warbands / Beloved Equipment List
trollheim,khemri-lahmian-brotherhood,Lahmian Brotherhood,native-beloved-equipment-list,Native Warband Beloved Equipment List,katar,Katar,5,,campaign.trading-post.katar,5 gc,rare,consistent,,,Native Warbands / Beloved Equipment List
trollheim,khemri-lahmian-brotherhood,Lahmian Brotherhood,native-beloved-equipment-list,Native Warband Beloved Equipment List,light_armour,Light Armour,20,,campaign.trading-post.light-armour,20 gc,common,consistent,,,Native Warbands / Beloved Equipment List
trollheim,khemri-lahmian-brotherhood,Lahmian Brotherhood,native-beloved-equipment-list,Native Warband Beloved Equipment List,mace,Mace,3,,campaign.trading-post.mace,3 gc,common,consistent,,,Native Warbands / Beloved Equipment List
trollheim,khemri-lahmian-brotherhood,Lahmian Brotherhood,native-beloved-equipment-list,Native Warband Beloved Equipment List,nomad_robes,Nomad Robes,15,,campaign.trading-post.nomad-robes,25 gc,rare,differs,,,Native Warbands / Beloved Equipment List
trollheim,khemri-lahmian-brotherhood,Lahmian Brotherhood,native-beloved-equipment-list,Native Warband Beloved Equipment List,shield,Shield,5,,campaign.trading-post.shield,5 gc,common,consistent,,,Native Warbands / Beloved Equipment List
trollheim,khemri-lahmian-brotherhood,Lahmian Brotherhood,native-beloved-equipment-list,Native Warband Beloved Equipment List,short_bow,Short Bow,5,,campaign.trading-post.short-bow,5 gc,common,consistent,,,Native Warbands / Beloved Equipment List
trollheim,khemri-lahmian-brotherhood,Lahmian Brotherhood,native-beloved-equipment-list,Native Warband Beloved Equipment List,spear,Spear,10,,campaign.trading-post.spear,10 gc,common,consistent,,,Native Warbands / Beloved Equipment List
trollheim,khemri-lahmian-brotherhood,Lahmian Brotherhood,native-beloved-equipment-list,Native Warband Beloved Equipment List,sword,Sword,10,,campaign.trading-post.sword,10 gc,common,consistent,,,Native Warbands / Beloved Equipment List
trollheim,khemri-lahmian-brotherhood,Lahmian Brotherhood,native-beloved-equipment-list,Native Warband Beloved Equipment List,sword_scimitar,Sword Scimitar,10,,campaign.trading-post.sword-scimitar,(not sold),not_sold,no-market,,,Native Warbands / Beloved Equipment List
trollheim,khemri-lahmian-brotherhood,Lahmian Brotherhood,native-beloved-equipment-list,Native Warband Beloved Equipment List,tufenk,Tufenk,15,,campaign.trading-post.tufenk,15 gc,rare,consistent,,,Native Warbands / Beloved Equipment List
trollheim,khemri-lahmian-brotherhood,Lahmian Brotherhood,native-undead-equipment-list,Native Warband Undead Equipment List,bow,Bow,10,,campaign.trading-post.bow,10 gc,common,consistent,,,Native Warbands / Undead Equipment List
trollheim,khemri-lahmian-brotherhood,Lahmian Brotherhood,native-undead-equipment-list,Native Warband Undead Equipment List,dagger_jambiya,Dagger Jambiya,2,,campaign.trading-post.dagger-jambiya,(not sold),not_sold,no-market,,,Native Warbands / Undead Equipment List
trollheim,khemri-lahmian-brotherhood,Lahmian Brotherhood,native-undead-equipment-list,Native Warband Undead Equipment List,great_weapon,Great Weapon,15,,campaign.trading-post.great-weapon,(not sold),not_sold,no-market,,,Native Warbands / Undead Equipment List
trollheim,khemri-lahmian-brotherhood,Lahmian Brotherhood,native-undead-equipment-list,Native Warband Undead Equipment List,helmet,Helmet,10,,campaign.trading-post.helmet,10 gc,common,consistent,,,Native Warbands / Undead Equipment List
trollheim,khemri-lahmian-brotherhood,Lahmian Brotherhood,native-undead-equipment-list,Native Warband Undead Equipment List,katar,Katar,5,,campaign.trading-post.katar,5 gc,rare,consistent,,,Native Warbands / Undead Equipment List
trollheim,khemri-lahmian-brotherhood,Lahmian Brotherhood,native-undead-equipment-list,Native Warband Undead Equipment List,light_armour,Light Armour,20,,campaign.trading-post.light-armour,20 gc,common,consistent,,,Native Warbands / Undead Equipment List
trollheim,khemri-lahmian-brotherhood,Lahmian Brotherhood,native-undead-equipment-list,Native Warband Undead Equipment List,mace,Mace,3,,campaign.trading-post.mace,3 gc,common,consistent,,,Native Warbands / Undead Equipment List
trollheim,khemri-lahmian-brotherhood,Lahmian Brotherhood,native-undead-equipment-list,Native Warband Undead Equipment List,shield,Shield,5,,campaign.trading-post.shield,5 gc,common,consistent,,,Native Warbands / Undead Equipment List
trollheim,khemri-lahmian-brotherhood,Lahmian Brotherhood,native-undead-equipment-list,Native Warband Undead Equipment List,short_bow,Short Bow,5,,campaign.trading-post.short-bow,5 gc,common,consistent,,,Native Warbands / Undead Equipment List
trollheim,khemri-lahmian-brotherhood,Lahmian Brotherhood,native-undead-equipment-list,Native Warband Undead Equipment List,snake_whip,Snake Whip,25,,campaign.trading-post.snake-whip,(not sold),not_sold,no-market,,,Native Warbands / Undead Equipment List
trollheim,khemri-lahmian-brotherhood,Lahmian Brotherhood,native-undead-equipment-list,Native Warband Undead Equipment List,spear,Spear,10,,campaign.trading-post.spear,10 gc,common,consistent,,,Native Warbands / Undead Equipment List
trollheim,khemri-lahmian-brotherhood,Lahmian Brotherhood,native-undead-equipment-list,Native Warband Undead Equipment List,sword,Sword,10,,campaign.trading-post.sword,10 gc,common,consistent,,,Native Warbands / Undead Equipment List
trollheim,khemri-lahmian-brotherhood,Lahmian Brotherhood,native-undead-equipment-list,Native Warband Undead Equipment List,sword_scimitar,Sword Scimitar,15,,campaign.trading-post.sword-scimitar,(not sold),not_sold,no-market,,,Native Warbands / Undead Equipment List
trollheim,khemri-mages,Mages,mage-equipment-list,Mage Equipment List,dagger,Dagger,2,,campaign.trading-post.dagger,2 gc,common,consistent,,,Mage Equipment List
trollheim,khemri-mages,Mages,mage-equipment-list,Mage Equipment List,dispelling_scroll,Dispelling Scroll,25,,campaign.trading-post.dispelling-scroll,(not sold),not_sold,no-market,,,Mage Equipment List
trollheim,khemri-mages,Mages,mage-equipment-list,Mage Equipment List,duelling_pistol,Duelling Pistol,25,,campaign.trading-post.duelling-pistol,30 gc,rare,differs,,,Mage Equipment List
trollheim,khemri-mages,Mages,mage-equipment-list,Mage Equipment List,familiar,Familiar,20,,campaign.trading-post.familiar,20 gc + dice,rare,consistent-special,,,Mage Equipment List
trollheim,khemri-mages,Mages,mage-equipment-list,Mage Equipment List,flying_carpet,Flying Carpet,60,,campaign.trading-post.magic-carpet,50 gc + dice,rare,differs-special,,,Mage Equipment List
trollheim,khemri-mages,Mages,mage-equipment-list,Mage Equipment List,icon_of_manann,Icon Of Manann,30,,campaign.trading-post.icon-of-manann,(not sold),not_sold,no-market,,,Mage Equipment List
trollheim,khemri-mages,Mages,mage-equipment-list,Mage Equipment List,mage_robes,Mage Robes,10,,campaign.trading-post.mage-robes,(not sold),not_sold,no-market,,,Mage Equipment List
trollheim,khemri-mages,Mages,mage-equipment-list,Mage Equipment List,pistol,Pistol,15,,campaign.trading-post.pistol,15 gc,rare,consistent,,,Mage Equipment List
trollheim,khemri-mages,Mages,mage-equipment-list,Mage Equipment List,sling,Sling,2,,campaign.trading-post.sling,2 gc,common,consistent,,,Mage Equipment List
trollheim,khemri-mages,Mages,mage-equipment-list,Mage Equipment List,staff,Staff,3,,campaign.trading-post.staff,(not sold),not_sold,no-market,,,Mage Equipment List
trollheim,khemri-mages,Mages,mage-equipment-list,Mage Equipment List,sword,Sword,10,,campaign.trading-post.sword,10 gc,common,consistent,,,Mage Equipment List
trollheim,khemri-necromancers,Necromancers,necromancer-equipment-list,Necromancer Equipment List,ankus,Ankus,13,,campaign.trading-post.ankus,(not sold),not_sold,no-market,,,Necromancer Equipment List
trollheim,khemri-necromancers,Necromancers,necromancer-equipment-list,Necromancer Equipment List,bow,Bow,10,,campaign.trading-post.bow,10 gc,common,consistent,,,Necromancer Equipment List
trollheim,khemri-necromancers,Necromancers,necromancer-equipment-list,Necromancer Equipment List,buckler,Buckler,5,,campaign.trading-post.buckler,5 gc,common,consistent,,,Necromancer Equipment List
trollheim,khemri-necromancers,Necromancers,necromancer-equipment-list,Necromancer Equipment List,cutlass_sword,Cutlass Sword,15,,campaign.trading-post.cutlass-sword,(not sold),not_sold,no-market,,,Necromancer Equipment List
trollheim,khemri-necromancers,Necromancers,necromancer-equipment-list,Necromancer Equipment List,dagger_jambiya,Dagger Jambiya,2,,campaign.trading-post.dagger-jambiya,(not sold),not_sold,no-market,,,Necromancer Equipment List
trollheim,khemri-necromancers,Necromancers,necromancer-equipment-list,Necromancer Equipment List,helmet,Helmet,10,,campaign.trading-post.helmet,10 gc,common,consistent,,,Necromancer Equipment List
trollheim,khemri-necromancers,Necromancers,necromancer-equipment-list,Necromancer Equipment List,katar,Katar,5,,campaign.trading-post.katar,5 gc,rare,consistent,,,Necromancer Equipment List
trollheim,khemri-necromancers,Necromancers,necromancer-equipment-list,Necromancer Equipment List,light_armour,Light Armour,20,,campaign.trading-post.light-armour,20 gc,common,consistent,,,Necromancer Equipment List
trollheim,khemri-necromancers,Necromancers,necromancer-equipment-list,Necromancer Equipment List,mace,Mace,3,,campaign.trading-post.mace,3 gc,common,consistent,,,Necromancer Equipment List
trollheim,khemri-necromancers,Necromancers,necromancer-equipment-list,Necromancer Equipment List,scythe,Scythe,5,,campaign.trading-post.scythe,(not sold),not_sold,no-market,,,Necromancer Equipment List
trollheim,khemri-necromancers,Necromancers,necromancer-equipment-list,Necromancer Equipment List,shield,Shield,5,,campaign.trading-post.shield,5 gc,common,consistent,,,Necromancer Equipment List
trollheim,khemri-necromancers,Necromancers,necromancer-equipment-list,Necromancer Equipment List,short_bow,Short Bow,5,,campaign.trading-post.short-bow,5 gc,common,consistent,,,Necromancer Equipment List
trollheim,khemri-necromancers,Necromancers,necromancer-equipment-list,Necromancer Equipment List,sword,Sword,10,,campaign.trading-post.sword,10 gc,common,consistent,,,Necromancer Equipment List
trollheim,khemri-necromancers,Necromancers,necromancer-equipment-list,Necromancer Equipment List,sword_scimitar,Sword Scimitar,15,,campaign.trading-post.sword-scimitar,(not sold),not_sold,no-market,,,Necromancer Equipment List
trollheim,khemri-necromancers,Necromancers,necromancer-equipment-list,Necromancer Equipment List,whip,Whip,10,,campaign.trading-post.whip,(not sold),not_sold,no-market,,,Necromancer Equipment List
trollheim,khemri-necromancers,Necromancers,undead-warrior-equipment-list,Undead Warrior Equipment List,ankus,Ankus,13,,campaign.trading-post.ankus,(not sold),not_sold,no-market,,,Undead Warrior Equipment List
trollheim,khemri-necromancers,Necromancers,undead-warrior-equipment-list,Undead Warrior Equipment List,bow,Bow,10,,campaign.trading-post.bow,10 gc,common,consistent,,,Undead Warrior Equipment List
trollheim,khemri-necromancers,Necromancers,undead-warrior-equipment-list,Undead Warrior Equipment List,buckler,Buckler,5,,campaign.trading-post.buckler,5 gc,common,consistent,,,Undead Warrior Equipment List
trollheim,khemri-necromancers,Necromancers,undead-warrior-equipment-list,Undead Warrior Equipment List,cutlass_sword,Cutlass Sword,15,,campaign.trading-post.cutlass-sword,(not sold),not_sold,no-market,,,Undead Warrior Equipment List
trollheim,khemri-necromancers,Necromancers,undead-warrior-equipment-list,Undead Warrior Equipment List,dagger_jambiya,Dagger Jambiya,2,,campaign.trading-post.dagger-jambiya,(not sold),not_sold,no-market,,,Undead Warrior Equipment List
trollheim,khemri-necromancers,Necromancers,undead-warrior-equipment-list,Undead Warrior Equipment List,great_scimitar,Great Scimitar,20,,campaign.trading-post.great-scimitar,(not sold),not_sold,no-market,,,Undead Warrior Equipment List
trollheim,khemri-necromancers,Necromancers,undead-warrior-equipment-list,Undead Warrior Equipment List,great_weapon,Great Weapon,15,,campaign.trading-post.great-weapon,(not sold),not_sold,no-market,,,Undead Warrior Equipment List
trollheim,khemri-necromancers,Necromancers,undead-warrior-equipment-list,Undead Warrior Equipment List,heavy_armour,Heavy Armour,50,,campaign.trading-post.heavy-armour,50 gc,common,consistent,,,Undead Warrior Equipment List
trollheim,khemri-necromancers,Necromancers,undead-warrior-equipment-list,Undead Warrior Equipment List,helmet,Helmet,10,,campaign.trading-post.helmet,10 gc,common,consistent,,,Undead Warrior Equipment List
trollheim,khemri-necromancers,Necromancers,undead-warrior-equipment-list,Undead Warrior Equipment List,katar,Katar,5,,campaign.trading-post.katar,5 gc,rare,consistent,,,Undead Warrior Equipment List
trollheim,khemri-necromancers,Necromancers,undead-warrior-equipment-list,Undead Warrior Equipment List,light_armour,Light Armour,20,,campaign.trading-post.light-armour,20 gc,common,consistent,,,Undead Warrior Equipment List
trollheim,khemri-necromancers,Necromancers,undead-warrior-equipment-list,Undead Warrior Equipment List,long_bow,Long Bow,15,,campaign.trading-post.long-bow,15 gc,common,consistent,,,Undead Warrior Equipment List
trollheim,khemri-necromancers,Necromancers,undead-warrior-equipment-list,Undead Warrior Equipment List,mace,Mace,3,,campaign.trading-post.mace,3 gc,common,consistent,,,Undead Warrior Equipment List
trollheim,khemri-necromancers,Necromancers,undead-warrior-equipment-list,Undead Warrior Equipment List,scythe,Scythe,5,,campaign.trading-post.scythe,(not sold),not_sold,no-market,,,Undead Warrior Equipment List
trollheim,khemri-necromancers,Necromancers,undead-warrior-equipment-list,Undead Warrior Equipment List,shield,Shield,5,,campaign.trading-post.shield,5 gc,common,consistent,,,Undead Warrior Equipment List
trollheim,khemri-necromancers,Necromancers,undead-warrior-equipment-list,Undead Warrior Equipment List,short_bow,Short Bow,5,,campaign.trading-post.short-bow,5 gc,common,consistent,,,Undead Warrior Equipment List
trollheim,khemri-necromancers,Necromancers,undead-warrior-equipment-list,Undead Warrior Equipment List,sword,Sword,10,,campaign.trading-post.sword,10 gc,common,consistent,,,Undead Warrior Equipment List
trollheim,khemri-necromancers,Necromancers,undead-warrior-equipment-list,Undead Warrior Equipment List,sword_scimitar,Sword Scimitar,15,,campaign.trading-post.sword-scimitar,(not sold),not_sold,no-market,,,Undead Warrior Equipment List
trollheim,khemri-necromancers,Necromancers,undead-warrior-equipment-list,Undead Warrior Equipment List,whip,Whip,10,,campaign.trading-post.whip,(not sold),not_sold,no-market,,,Undead Warrior Equipment List
trollheim,khemri-nomads-of-araby,Nomads of Araby,slave-equipment-list,Slave Equipment List,club,Club,3,,campaign.trading-post.club,3 gc,common,consistent,,,Slave Equipment List
trollheim,khemri-nomads-of-araby,Nomads of Araby,slave-equipment-list,Slave Equipment List,dagger_jambiya,Dagger Jambiya,2,,campaign.trading-post.dagger-jambiya,(not sold),not_sold,no-market,,,Slave Equipment List
trollheim,khemri-nomads-of-araby,Nomads of Araby,slave-equipment-list,Slave Equipment List,katar,Katar,5,,campaign.trading-post.katar,5 gc,rare,consistent,,,Slave Equipment List
trollheim,khemri-nomads-of-araby,Nomads of Araby,slave-equipment-list,Slave Equipment List,shield,Shield,5,,campaign.trading-post.shield,5 gc,common,consistent,,,Slave Equipment List
trollheim,khemri-nomads-of-araby,Nomads of Araby,slave-equipment-list,Slave Equipment List,spear,Spear,10,,campaign.trading-post.spear,10 gc,common,consistent,,,Slave Equipment List
trollheim,khemri-nomads-of-araby,Nomads of Araby,slave-equipment-list,Slave Equipment List,sword,Sword,10,,campaign.trading-post.sword,10 gc,common,consistent,,,Slave Equipment List
trollheim,khemri-nomads-of-araby,Nomads of Araby,warrior-equipment-list,Warrior Equipment List,ankus,Ankus,13,,campaign.trading-post.ankus,(not sold),not_sold,no-market,,,Warrior Equipment List
trollheim,khemri-nomads-of-araby,Nomads of Araby,warrior-equipment-list,Warrior Equipment List,bow,Bow,10,,campaign.trading-post.bow,10 gc,common,consistent,,,Warrior Equipment List
trollheim,khemri-nomads-of-araby,Nomads of Araby,warrior-equipment-list,Warrior Equipment List,buckler,Buckler,5,,campaign.trading-post.buckler,5 gc,common,consistent,,,Warrior Equipment List
trollheim,khemri-nomads-of-araby,Nomads of Araby,warrior-equipment-list,Warrior Equipment List,crossbow_pistol,Crossbow Pistol,35,,campaign.trading-post.crossbow-pistol,35 gc,rare,consistent,,,Warrior Equipment List
trollheim,khemri-nomads-of-araby,Nomads of Araby,warrior-equipment-list,Warrior Equipment List,cutlass_sword,Cutlass Sword,15,,campaign.trading-post.cutlass-sword,(not sold),not_sold,no-market,,,Warrior Equipment List
trollheim,khemri-nomads-of-araby,Nomads of Araby,warrior-equipment-list,Warrior Equipment List,dagger_jambiya,Dagger Jambiya,2,,campaign.trading-post.dagger-jambiya,(not sold),not_sold,no-market,,,Warrior Equipment List
trollheim,khemri-nomads-of-araby,Nomads of Araby,warrior-equipment-list,Warrior Equipment List,flail,Flail,15,,campaign.trading-post.flail,15 gc,common,consistent,,,Warrior Equipment List
trollheim,khemri-nomads-of-araby,Nomads of Araby,warrior-equipment-list,Warrior Equipment List,great_scimitar,Great Scimitar,20,,campaign.trading-post.great-scimitar,(not sold),not_sold,no-market,,,Warrior Equipment List
trollheim,khemri-nomads-of-araby,Nomads of Araby,warrior-equipment-list,Warrior Equipment List,great_weapon,Great Weapon,15,,campaign.trading-post.great-weapon,(not sold),not_sold,no-market,,,Warrior Equipment List
trollheim,khemri-nomads-of-araby,Nomads of Araby,warrior-equipment-list,Warrior Equipment List,helmet,Helmet,10,,campaign.trading-post.helmet,10 gc,common,consistent,,,Warrior Equipment List
trollheim,khemri-nomads-of-araby,Nomads of Araby,warrior-equipment-list,Warrior Equipment List,katar,Katar,5,,campaign.trading-post.katar,5 gc,rare,consistent,,,Warrior Equipment List
trollheim,khemri-nomads-of-araby,Nomads of Araby,warrior-equipment-list,Warrior Equipment List,light_armour,Light Armour,20,,campaign.trading-post.light-armour,20 gc,common,consistent,,,Warrior Equipment List
trollheim,khemri-nomads-of-araby,Nomads of Araby,warrior-equipment-list,Warrior Equipment List,mace,Mace,3,,campaign.trading-post.mace,3 gc,common,consistent,,,Warrior Equipment List
trollheim,khemri-nomads-of-araby,Nomads of Araby,warrior-equipment-list,Warrior Equipment List,nomad_robes,Nomad Robes,15,,campaign.trading-post.nomad-robes,25 gc,rare,differs,,,Warrior Equipment List
trollheim,khemri-nomads-of-araby,Nomads of Araby,warrior-equipment-list,Warrior Equipment List,shield,Shield,5,,campaign.trading-post.shield,5 gc,common,consistent,,,Warrior Equipment List
trollheim,khemri-nomads-of-araby,Nomads of Araby,warrior-equipment-list,Warrior Equipment List,short_bow,Short Bow,5,,campaign.trading-post.short-bow,5 gc,common,consistent,,,Warrior Equipment List
trollheim,khemri-nomads-of-araby,Nomads of Araby,warrior-equipment-list,Warrior Equipment List,spear,Spear,10,,campaign.trading-post.spear,10 gc,common,consistent,,,Warrior Equipment List
trollheim,khemri-nomads-of-araby,Nomads of Araby,warrior-equipment-list,Warrior Equipment List,sword,Sword,10,,campaign.trading-post.sword,10 gc,common,consistent,,,Warrior Equipment List
trollheim,khemri-nomads-of-araby,Nomads of Araby,warrior-equipment-list,Warrior Equipment List,sword_scimitar,Sword Scimitar,10,,campaign.trading-post.sword-scimitar,(not sold),not_sold,no-market,,,Warrior Equipment List
trollheim,khemri-nomads-of-araby,Nomads of Araby,warrior-equipment-list,Warrior Equipment List,tufenk,Tufenk,15,,campaign.trading-post.tufenk,15 gc,rare,consistent,,,Warrior Equipment List
trollheim,khemri-thieves-guild,Thieves' Guild,guild-beggar-equipment-list,Beggar Equipment List,ankus,Ankus,13,,campaign.trading-post.ankus,(not sold),not_sold,no-market,,,Beggar Equipment List
trollheim,khemri-thieves-guild,Thieves' Guild,guild-beggar-equipment-list,Beggar Equipment List,buckler,Buckler,5,,campaign.trading-post.buckler,5 gc,common,consistent,,,Beggar Equipment List
trollheim,khemri-thieves-guild,Thieves' Guild,guild-beggar-equipment-list,Beggar Equipment List,club,Club,3,,campaign.trading-post.club,3 gc,common,consistent,,,Beggar Equipment List
trollheim,khemri-thieves-guild,Thieves' Guild,guild-beggar-equipment-list,Beggar Equipment List,dagger_jambiya,Dagger Jambiya,2,,campaign.trading-post.dagger-jambiya,(not sold),not_sold,no-market,,,Beggar Equipment List
trollheim,khemri-thieves-guild,Thieves' Guild,guild-beggar-equipment-list,Beggar Equipment List,katar,Katar,5,,campaign.trading-post.katar,5 gc,rare,consistent,,,Beggar Equipment List
trollheim,khemri-thieves-guild,Thieves' Guild,guild-beggar-equipment-list,Beggar Equipment List,scythe,Scythe,5,,campaign.trading-post.scythe,(not sold),not_sold,no-market,,,Beggar Equipment List
trollheim,khemri-thieves-guild,Thieves' Guild,guild-beggar-equipment-list,Beggar Equipment List,shield,Shield,5,,campaign.trading-post.shield,5 gc,common,consistent,,,Beggar Equipment List
trollheim,khemri-thieves-guild,Thieves' Guild,guild-beggar-equipment-list,Beggar Equipment List,short_bow,Short Bow,5,,campaign.trading-post.short-bow,5 gc,common,consistent,,,Beggar Equipment List
trollheim,khemri-thieves-guild,Thieves' Guild,guild-beggar-equipment-list,Beggar Equipment List,sling,Sling,2,,campaign.trading-post.sling,2 gc,common,consistent,,,Beggar Equipment List
trollheim,khemri-thieves-guild,Thieves' Guild,guild-beggar-equipment-list,Beggar Equipment List,spear,Spear,10,,campaign.trading-post.spear,10 gc,common,consistent,,,Beggar Equipment List
trollheim,khemri-thieves-guild,Thieves' Guild,guild-beggar-equipment-list,Beggar Equipment List,sword,Sword,10,,campaign.trading-post.sword,10 gc,common,consistent,,,Beggar Equipment List
trollheim,khemri-thieves-guild,Thieves' Guild,guild-thief-equipment-list,Thief Equipment List,ankus,Ankus,13,,campaign.trading-post.ankus,(not sold),not_sold,no-market,,,Thief Equipment List
trollheim,khemri-thieves-guild,Thieves' Guild,guild-thief-equipment-list,Thief Equipment List,bagh_nakh,Bagh Nakh,30,,campaign.trading-post.bagh-nakh,(not sold),not_sold,no-market,,,Thief Equipment List
trollheim,khemri-thieves-guild,Thieves' Guild,guild-thief-equipment-list,Thief Equipment List,bow,Bow,10,,campaign.trading-post.bow,10 gc,common,consistent,,,Thief Equipment List
trollheim,khemri-thieves-guild,Thieves' Guild,guild-thief-equipment-list,Thief Equipment List,buckler,Buckler,5,,campaign.trading-post.buckler,5 gc,common,consistent,,,Thief Equipment List
trollheim,khemri-thieves-guild,Thieves' Guild,guild-thief-equipment-list,Thief Equipment List,crossbow_pistol,Crossbow Pistol,35,,campaign.trading-post.crossbow-pistol,35 gc,rare,consistent,,,Thief Equipment List
trollheim,khemri-thieves-guild,Thieves' Guild,guild-thief-equipment-list,Thief Equipment List,cutlass_sword,Cutlass Sword,15,,campaign.trading-post.cutlass-sword,(not sold),not_sold,no-market,,,Thief Equipment List
trollheim,khemri-thieves-guild,Thieves' Guild,guild-thief-equipment-list,Thief Equipment List,dagger_jambiya,Dagger Jambiya,2,,campaign.trading-post.dagger-jambiya,(not sold),not_sold,no-market,,,Thief Equipment List
trollheim,khemri-thieves-guild,Thieves' Guild,guild-thief-equipment-list,Thief Equipment List,heavy_armour,Heavy Armour,50,,campaign.trading-post.heavy-armour,50 gc,common,consistent,,,Thief Equipment List
trollheim,khemri-thieves-guild,Thieves' Guild,guild-thief-equipment-list,Thief Equipment List,helmet,Helmet,10,,campaign.trading-post.helmet,10 gc,common,consistent,,,Thief Equipment List
trollheim,khemri-thieves-guild,Thieves' Guild,guild-thief-equipment-list,Thief Equipment List,katar,Katar,5,,campaign.trading-post.katar,5 gc,rare,consistent,,,Thief Equipment List
trollheim,khemri-thieves-guild,Thieves' Guild,guild-thief-equipment-list,Thief Equipment List,light_armour,Light Armour,20,,campaign.trading-post.light-armour,20 gc,common,consistent,,,Thief Equipment List
trollheim,khemri-thieves-guild,Thieves' Guild,guild-thief-equipment-list,Thief Equipment List,mace,Mace,3,,campaign.trading-post.mace,3 gc,common,consistent,,,Thief Equipment List
trollheim,khemri-thieves-guild,Thieves' Guild,guild-thief-equipment-list,Thief Equipment List,shield,Shield,5,,campaign.trading-post.shield,5 gc,common,consistent,,,Thief Equipment List
trollheim,khemri-thieves-guild,Thieves' Guild,guild-thief-equipment-list,Thief Equipment List,short_bow,Short Bow,5,,campaign.trading-post.short-bow,5 gc,common,consistent,,,Thief Equipment List
trollheim,khemri-thieves-guild,Thieves' Guild,guild-thief-equipment-list,Thief Equipment List,sling,Sling,2,,campaign.trading-post.sling,2 gc,common,consistent,,,Thief Equipment List
trollheim,khemri-thieves-guild,Thieves' Guild,guild-thief-equipment-list,Thief Equipment List,spear,Spear,10,,campaign.trading-post.spear,10 gc,common,consistent,,,Thief Equipment List
trollheim,khemri-thieves-guild,Thieves' Guild,guild-thief-equipment-list,Thief Equipment List,sword,Sword,10,,campaign.trading-post.sword,10 gc,common,consistent,,,Thief Equipment List
trollheim,khemri-thieves-guild,Thieves' Guild,guild-thief-equipment-list,Thief Equipment List,sword_scimitar,Sword Scimitar,15,,campaign.trading-post.sword-scimitar,(not sold),not_sold,no-market,,,Thief Equipment List
trollheim,khemri-thieves-guild,Thieves' Guild,guild-thief-equipment-list,Thief Equipment List,throwing_knives,Throwing Knives,15,,campaign.trading-post.throwing-knives,15 gc,rare,consistent,,,Thief Equipment List
trollheim,khemri-thieves-guild,Thieves' Guild,guild-thief-equipment-list,Thief Equipment List,tufenk,Tufenk,15,,campaign.trading-post.tufenk,15 gc,rare,consistent,,,Thief Equipment List
trollheim,khemri-tomb-guardians,Tomb Guardians,mortuary-priest-equipment-list,Mortuary Priest Equipment List,bronze_dagger,Bronze Dagger,2,,campaign.trading-post.bronze-dagger,(not sold),not_sold,no-market,,,Mortuary Priest Equipment List
trollheim,khemri-tomb-guardians,Tomb Guardians,mortuary-priest-equipment-list,Mortuary Priest Equipment List,bronze_sword,Bronze Sword,10,,campaign.trading-post.bronze-sword,(not sold),not_sold,no-market,,,Mortuary Priest Equipment List
trollheim,khemri-tomb-guardians,Tomb Guardians,mortuary-priest-equipment-list,Mortuary Priest Equipment List,flail,Flail,15,,campaign.trading-post.flail,15 gc,common,consistent,,,Mortuary Priest Equipment List
trollheim,khemri-tomb-guardians,Tomb Guardians,mortuary-priest-equipment-list,Mortuary Priest Equipment List,mace,Mace,3,,campaign.trading-post.mace,3 gc,common,consistent,,,Mortuary Priest Equipment List
trollheim,khemri-tomb-guardians,Tomb Guardians,mortuary-priest-equipment-list,Mortuary Priest Equipment List,serpent_staff,Serpent Staff,30,,campaign.trading-post.serpent-staff,30 gc,common,consistent,,,Mortuary Priest Equipment List
trollheim,khemri-tomb-guardians,Tomb Guardians,mortuary-priest-equipment-list,Mortuary Priest Equipment List,staff,Staff,3,,campaign.trading-post.staff,(not sold),not_sold,no-market,,,Mortuary Priest Equipment List
trollheim,khemri-tomb-guardians,Tomb Guardians,tomb-undead-equipment-list,Undead Equipment List,asp_arrows,Asp Arrows,10,,campaign.trading-post.asp-arrows,10 gc,common,consistent,,,Undead Equipment List
trollheim,khemri-tomb-guardians,Tomb Guardians,tomb-undead-equipment-list,Undead Equipment List,bow,Bow,10,,campaign.trading-post.bow,10 gc,common,consistent,,,Undead Equipment List
trollheim,khemri-tomb-guardians,Tomb Guardians,tomb-undead-equipment-list,Undead Equipment List,bronze_axe,Bronze Axe,5,,campaign.trading-post.bronze-axe,(not sold),not_sold,no-market,,,Undead Equipment List
trollheim,khemri-tomb-guardians,Tomb Guardians,tomb-undead-equipment-list,Undead Equipment List,bronze_breastplate,Bronze Breastplate,20,,campaign.trading-post.bronze-breastplate,(not sold),not_sold,no-market,,,Undead Equipment List
trollheim,khemri-tomb-guardians,Tomb Guardians,tomb-undead-equipment-list,Undead Equipment List,bronze_dagger,Bronze Dagger,2,,campaign.trading-post.bronze-dagger,(not sold),not_sold,no-market,,,Undead Equipment List
trollheim,khemri-tomb-guardians,Tomb Guardians,tomb-undead-equipment-list,Undead Equipment List,bronze_helmet,Bronze Helmet,10,,campaign.trading-post.bronze-helmet,(not sold),not_sold,no-market,,,Undead Equipment List
trollheim,khemri-tomb-guardians,Tomb Guardians,tomb-undead-equipment-list,Undead Equipment List,bronze_spear,Bronze Spear,10,,campaign.trading-post.bronze-spear,(not sold),not_sold,no-market,,,Undead Equipment List
trollheim,khemri-tomb-guardians,Tomb Guardians,tomb-undead-equipment-list,Undead Equipment List,bronze_sword,Bronze Sword,10,,campaign.trading-post.bronze-sword,(not sold),not_sold,no-market,,,Undead Equipment List
trollheim,khemri-tomb-guardians,Tomb Guardians,tomb-undead-equipment-list,Undead Equipment List,flail,Flail,15,,campaign.trading-post.flail,15 gc,common,consistent,,,Undead Equipment List
trollheim,khemri-tomb-guardians,Tomb Guardians,tomb-undead-equipment-list,Undead Equipment List,great_weapon,Great Weapon,15,,campaign.trading-post.great-weapon,(not sold),not_sold,no-market,,,Undead Equipment List
trollheim,khemri-tomb-guardians,Tomb Guardians,tomb-undead-equipment-list,Undead Equipment List,halberd,Halberd,10,,campaign.trading-post.halberd,10 gc,common,consistent,,,Undead Equipment List
trollheim,khemri-tomb-guardians,Tomb Guardians,tomb-undead-equipment-list,Undead Equipment List,mace,Mace,3,,campaign.trading-post.mace,3 gc,common,consistent,,,Undead Equipment List
trollheim,khemri-tomb-guardians,Tomb Guardians,tomb-undead-equipment-list,Undead Equipment List,morning_star,Morning Star,15,,campaign.trading-post.morning-star,15 gc,common,consistent,,,Undead Equipment List
trollheim,khemri-tomb-guardians,Tomb Guardians,tomb-undead-equipment-list,Undead Equipment List,nehekharan_javelin,Nehekharan Javelin,10,,campaign.trading-post.nehekharan-javelins,10 gc,common,consistent,,,Undead Equipment List
trollheim,khemri-tomb-guardians,Tomb Guardians,tomb-undead-equipment-list,Undead Equipment List,shield,Shield,5,,campaign.trading-post.shield,5 gc,common,consistent,,,Undead Equipment List
trollheim,lustria-amazons,Amazons,amazon-heroine-equipment-list,Amazon Heroine Equipment List,amulet_of_the_moon,Amulet Of The Moon,50,,campaign.trading-post.amulet-of-the-moon,50 gc,rare,consistent,,,Amazon Heroine Equipment List
trollheim,lustria-amazons,Amazons,amazon-heroine-equipment-list,Amazon Heroine Equipment List,ancestral_claw,Ancestral Claw,30,,campaign.trading-post.ancestral-claw,(not sold),not_sold,no-market,,,Amazon Heroine Equipment List
trollheim,lustria-amazons,Amazons,amazon-heroine-equipment-list,Amazon Heroine Equipment List,bow,Bow,10,,campaign.trading-post.bow,10 gc,common,consistent,,,Amazon Heroine Equipment List
trollheim,lustria-amazons,Amazons,amazon-heroine-equipment-list,Amazon Heroine Equipment List,buckler,Buckler,5,,campaign.trading-post.buckler,5 gc,common,consistent,,,Amazon Heroine Equipment List
trollheim,lustria-amazons,Amazons,amazon-heroine-equipment-list,Amazon Heroine Equipment List,dagger,Dagger,2,,campaign.trading-post.dagger,2 gc,common,consistent,,,Amazon Heroine Equipment List
trollheim,lustria-amazons,Amazons,amazon-heroine-equipment-list,Amazon Heroine Equipment List,healing_herbs,Healing Herbs,35,,campaign.trading-post.healing-herbs,20 gc + dice,rare,differs-special,,,Amazon Heroine Equipment List
trollheim,lustria-amazons,Amazons,amazon-heroine-equipment-list,Amazon Heroine Equipment List,helmet,Helmet,10,,campaign.trading-post.helmet,10 gc,common,consistent,,,Amazon Heroine Equipment List
trollheim,lustria-amazons,Amazons,amazon-heroine-equipment-list,Amazon Heroine Equipment List,javelin,Javelin,10,,campaign.trading-post.javelin,5 gc,common,differs,,,Amazon Heroine Equipment List
trollheim,lustria-amazons,Amazons,amazon-heroine-equipment-list,Amazon Heroine Equipment List,shield,Shield,5,,campaign.trading-post.shield,5 gc,common,consistent,,,Amazon Heroine Equipment List
trollheim,lustria-amazons,Amazons,amazon-heroine-equipment-list,Amazon Heroine Equipment List,spear,Spear,10,,campaign.trading-post.spear,10 gc,common,consistent,,,Amazon Heroine Equipment List
trollheim,lustria-amazons,Amazons,amazon-heroine-equipment-list,Amazon Heroine Equipment List,stone_axe,Stone Axe,3,,campaign.trading-post.stone-axe,(not sold),not_sold,no-market,,,Amazon Heroine Equipment List
trollheim,lustria-amazons,Amazons,amazon-heroine-equipment-list,Amazon Heroine Equipment List,sun_gauntlet,Sun Gauntlet,40,,campaign.trading-post.sun-gauntlet,40 gc,rare,consistent,,,Amazon Heroine Equipment List
trollheim,lustria-amazons,Amazons,amazon-heroine-equipment-list,Amazon Heroine Equipment List,sunstaff,Sunstaff,50,,campaign.trading-post.sunstaff,50 gc,rare,consistent,,,Amazon Heroine Equipment List
trollheim,lustria-amazons,Amazons,amazon-heroine-equipment-list,Amazon Heroine Equipment List,sword,Sword,10,,campaign.trading-post.sword,10 gc,common,consistent,,,Amazon Heroine Equipment List
trollheim,lustria-amazons,Amazons,amazon-heroine-equipment-list,Amazon Heroine Equipment List,toughened_leathers,Toughened Leathers,5,,campaign.trading-post.toughened-leathers,5 gc,common,consistent,,,Amazon Heroine Equipment List
trollheim,lustria-amazons,Amazons,amazon-scout-equipment-list,Amazon Scout Equipment List,bow,Bow,10,,campaign.trading-post.bow,10 gc,common,consistent,,,Amazon Scout Equipment List
trollheim,lustria-amazons,Amazons,amazon-scout-equipment-list,Amazon Scout Equipment List,dagger,Dagger,2,,campaign.trading-post.dagger,2 gc,common,consistent,,,Amazon Scout Equipment List
trollheim,lustria-amazons,Amazons,amazon-scout-equipment-list,Amazon Scout Equipment List,javelin,Javelin,10,,campaign.trading-post.javelin,5 gc,common,differs,,,Amazon Scout Equipment List
trollheim,lustria-amazons,Amazons,amazon-scout-equipment-list,Amazon Scout Equipment List,sling,Sling,5,,campaign.trading-post.sling,2 gc,common,differs,,,Amazon Scout Equipment List
trollheim,lustria-amazons,Amazons,amazon-scout-equipment-list,Amazon Scout Equipment List,spear,Spear,10,,campaign.trading-post.spear,10 gc,common,consistent,,,Amazon Scout Equipment List
trollheim,lustria-amazons,Amazons,amazon-scout-equipment-list,Amazon Scout Equipment List,stone_axe,Stone Axe,3,,campaign.trading-post.stone-axe,(not sold),not_sold,no-market,,,Amazon Scout Equipment List
trollheim,lustria-amazons,Amazons,amazon-scout-equipment-list,Amazon Scout Equipment List,sword,Sword,10,,campaign.trading-post.sword,10 gc,common,consistent,,,Amazon Scout Equipment List
trollheim,lustria-amazons,Amazons,amazon-warrior-equipment-list,Amazon Warrior Equipment List,bow,Bow,10,,campaign.trading-post.bow,10 gc,common,consistent,,,Amazon Warrior Equipment List
trollheim,lustria-amazons,Amazons,amazon-warrior-equipment-list,Amazon Warrior Equipment List,buckler,Buckler,5,,campaign.trading-post.buckler,5 gc,common,consistent,,,Amazon Warrior Equipment List
trollheim,lustria-amazons,Amazons,amazon-warrior-equipment-list,Amazon Warrior Equipment List,dagger,Dagger,2,,campaign.trading-post.dagger,2 gc,common,consistent,,,Amazon Warrior Equipment List
trollheim,lustria-amazons,Amazons,amazon-warrior-equipment-list,Amazon Warrior Equipment List,helmet,Helmet,10,,campaign.trading-post.helmet,10 gc,common,consistent,,,Amazon Warrior Equipment List
trollheim,lustria-amazons,Amazons,amazon-warrior-equipment-list,Amazon Warrior Equipment List,shield,Shield,5,,campaign.trading-post.shield,5 gc,common,consistent,,,Amazon Warrior Equipment List
trollheim,lustria-amazons,Amazons,amazon-warrior-equipment-list,Amazon Warrior Equipment List,sling,Sling,5,,campaign.trading-post.sling,2 gc,common,differs,,,Amazon Warrior Equipment List
trollheim,lustria-amazons,Amazons,amazon-warrior-equipment-list,Amazon Warrior Equipment List,spear,Spear,10,,campaign.trading-post.spear,10 gc,common,consistent,,,Amazon Warrior Equipment List
trollheim,lustria-amazons,Amazons,amazon-warrior-equipment-list,Amazon Warrior Equipment List,stone_axe,Stone Axe,3,,campaign.trading-post.stone-axe,(not sold),not_sold,no-market,,,Amazon Warrior Equipment List
trollheim,lustria-amazons,Amazons,amazon-warrior-equipment-list,Amazon Warrior Equipment List,sword,Sword,10,,campaign.trading-post.sword,10 gc,common,consistent,,,Amazon Warrior Equipment List
trollheim,lustria-clan-pestilens,Clan Pestilens,clan-pestilens-henchmen-equipment-list,Clan Pestilens Henchmen Equipment List,club,Club,3,,campaign.trading-post.club,3 gc,common,consistent,,,Clan Pestilens Henchmen Equipment List
trollheim,lustria-clan-pestilens,Clan Pestilens,clan-pestilens-henchmen-equipment-list,Clan Pestilens Henchmen Equipment List,dagger,Dagger,2,,campaign.trading-post.dagger,2 gc,common,consistent,,,Clan Pestilens Henchmen Equipment List
trollheim,lustria-clan-pestilens,Clan Pestilens,clan-pestilens-henchmen-equipment-list,Clan Pestilens Henchmen Equipment List,helmet,Helmet,10,,campaign.trading-post.helmet,10 gc,common,consistent,,,Clan Pestilens Henchmen Equipment List
trollheim,lustria-clan-pestilens,Clan Pestilens,clan-pestilens-henchmen-equipment-list,Clan Pestilens Henchmen Equipment List,light_armour,Light Armour,20,,campaign.trading-post.light-armour,20 gc,common,consistent,,,Clan Pestilens Henchmen Equipment List
trollheim,lustria-clan-pestilens,Clan Pestilens,clan-pestilens-henchmen-equipment-list,Clan Pestilens Henchmen Equipment List,shield,Shield,5,,campaign.trading-post.shield,5 gc,common,consistent,,,Clan Pestilens Henchmen Equipment List
trollheim,lustria-clan-pestilens,Clan Pestilens,clan-pestilens-henchmen-equipment-list,Clan Pestilens Henchmen Equipment List,sling,Sling,2,,campaign.trading-post.sling,2 gc,common,consistent,,,Clan Pestilens Henchmen Equipment List
trollheim,lustria-clan-pestilens,Clan Pestilens,clan-pestilens-henchmen-equipment-list,Clan Pestilens Henchmen Equipment List,spear,Spear,10,,campaign.trading-post.spear,10 gc,common,consistent,,,Clan Pestilens Henchmen Equipment List
trollheim,lustria-clan-pestilens,Clan Pestilens,clan-pestilens-henchmen-equipment-list,Clan Pestilens Henchmen Equipment List,sword,Sword,10,,campaign.trading-post.sword,10 gc,common,consistent,,,Clan Pestilens Henchmen Equipment List
trollheim,lustria-clan-pestilens,Clan Pestilens,clan-pestilens-hero-equipment-list,Clan Pestilens Hero Equipment List,censer,Censer,40,,campaign.trading-post.censer,40 gc,rare,consistent,,,Clan Pestilens Hero Equipment List
trollheim,lustria-clan-pestilens,Clan Pestilens,clan-pestilens-hero-equipment-list,Clan Pestilens Hero Equipment List,club,Club,3,,campaign.trading-post.club,3 gc,common,consistent,,,Clan Pestilens Hero Equipment List
trollheim,lustria-clan-pestilens,Clan Pestilens,clan-pestilens-hero-equipment-list,Clan Pestilens Hero Equipment List,dagger,Dagger,2,,campaign.trading-post.dagger,2 gc,common,consistent,,,Clan Pestilens Hero Equipment List
trollheim,lustria-clan-pestilens,Clan Pestilens,clan-pestilens-hero-equipment-list,Clan Pestilens Hero Equipment List,disease_dagger,Disease Dagger,15,,campaign.trading-post.disease-dagger,15 gc,rare,consistent,,,Clan Pestilens Hero Equipment List
trollheim,lustria-clan-pestilens,Clan Pestilens,clan-pestilens-hero-equipment-list,Clan Pestilens Hero Equipment List,flail,Flail,15,,campaign.trading-post.flail,15 gc,common,consistent,,,Clan Pestilens Hero Equipment List
trollheim,lustria-clan-pestilens,Clan Pestilens,clan-pestilens-hero-equipment-list,Clan Pestilens Hero Equipment List,halberd,Halberd,10,,campaign.trading-post.halberd,10 gc,common,consistent,,,Clan Pestilens Hero Equipment List
trollheim,lustria-clan-pestilens,Clan Pestilens,clan-pestilens-hero-equipment-list,Clan Pestilens Hero Equipment List,helmet,Helmet,10,,campaign.trading-post.helmet,10 gc,common,consistent,,,Clan Pestilens Hero Equipment List
trollheim,lustria-clan-pestilens,Clan Pestilens,clan-pestilens-hero-equipment-list,Clan Pestilens Hero Equipment List,horned_rat_amulet,Horned Rat Amulet,10,,campaign.trading-post.horned-rat-amulet,(not sold),not_sold,no-market,,,Clan Pestilens Hero Equipment List
trollheim,lustria-clan-pestilens,Clan Pestilens,clan-pestilens-hero-equipment-list,Clan Pestilens Hero Equipment List,light_armour,Light Armour,20,,campaign.trading-post.light-armour,20 gc,common,consistent,,,Clan Pestilens Hero Equipment List
trollheim,lustria-clan-pestilens,Clan Pestilens,clan-pestilens-hero-equipment-list,Clan Pestilens Hero Equipment List,pestilens_banner,Pestilens Banner,5,,campaign.trading-post.clan-pestilens-banner,10 gc,rare,differs,,,Clan Pestilens Hero Equipment List
trollheim,lustria-clan-pestilens,Clan Pestilens,clan-pestilens-hero-equipment-list,Clan Pestilens Hero Equipment List,shield,Shield,5,,campaign.trading-post.shield,5 gc,common,consistent,,,Clan Pestilens Hero Equipment List
trollheim,lustria-clan-pestilens,Clan Pestilens,clan-pestilens-hero-equipment-list,Clan Pestilens Hero Equipment List,sling,Sling,2,,campaign.trading-post.sling,2 gc,common,consistent,,,Clan Pestilens Hero Equipment List
trollheim,lustria-clan-pestilens,Clan Pestilens,clan-pestilens-hero-equipment-list,Clan Pestilens Hero Equipment List,spear,Spear,10,,campaign.trading-post.spear,10 gc,common,consistent,,,Clan Pestilens Hero Equipment List
trollheim,lustria-clan-pestilens,Clan Pestilens,clan-pestilens-hero-equipment-list,Clan Pestilens Hero Equipment List,sword,Sword,10,,campaign.trading-post.sword,10 gc,common,consistent,,,Clan Pestilens Hero Equipment List
trollheim,lustria-dark-elves,Dark Elves,dark-elf-equipment-list,Dark Elf Equipment List,axe,Axe,5,,campaign.trading-post.axe,5 gc,common,consistent,,,Dark Elf Equipment List
trollheim,lustria-dark-elves,Dark Elves,dark-elf-equipment-list,Dark Elf Equipment List,beastmaster_whip,Beastmaster Whip,10,,campaign.trading-post.beastmaster-whip,(not sold),not_sold,no-market,,,Dark Elf Equipment List
trollheim,lustria-dark-elves,Dark Elves,dark-elf-equipment-list,Dark Elf Equipment List,buckler,Buckler,5,,campaign.trading-post.buckler,5 gc,common,consistent,,,Dark Elf Equipment List
trollheim,lustria-dark-elves,Dark Elves,dark-elf-equipment-list,Dark Elf Equipment List,crossbow_pistol,Crossbow Pistol,35,,campaign.trading-post.crossbow-pistol,35 gc,rare,consistent,,,Dark Elf Equipment List
trollheim,lustria-dark-elves,Dark Elves,dark-elf-equipment-list,Dark Elf Equipment List,dagger,Dagger,2,,campaign.trading-post.dagger,2 gc,common,consistent,,,Dark Elf Equipment List
trollheim,lustria-dark-elves,Dark Elves,dark-elf-equipment-list,Dark Elf Equipment List,dark_venom,Dark Venom,15,,campaign.trading-post.dark-venom,30 gc + dice,rare,differs-special,,,Dark Elf Equipment List
trollheim,lustria-dark-elves,Dark Elves,dark-elf-equipment-list,Dark Elf Equipment List,draich,Draich,45,,campaign.trading-post.draich,(not sold),not_sold,no-market,,,Dark Elf Equipment List
trollheim,lustria-dark-elves,Dark Elves,dark-elf-equipment-list,Dark Elf Equipment List,great_weapon,Great Weapon,15,,campaign.trading-post.great-weapon,(not sold),not_sold,no-market,,,Dark Elf Equipment List
trollheim,lustria-dark-elves,Dark Elves,dark-elf-equipment-list,Dark Elf Equipment List,halberd,Halberd,10,,campaign.trading-post.halberd,10 gc,common,consistent,,,Dark Elf Equipment List
trollheim,lustria-dark-elves,Dark Elves,dark-elf-equipment-list,Dark Elf Equipment List,helmet,Helmet,10,,campaign.trading-post.helmet,10 gc,common,consistent,,,Dark Elf Equipment List
trollheim,lustria-dark-elves,Dark Elves,dark-elf-equipment-list,Dark Elf Equipment List,light_armour,Light Armour,50,,campaign.trading-post.light-armour,20 gc,common,differs,,,Dark Elf Equipment List
trollheim,lustria-dark-elves,Dark Elves,dark-elf-equipment-list,Dark Elf Equipment List,repeater_crossbow,Repeater Crossbow,35,,campaign.trading-post.repeater-crossbow,40 gc,rare,differs,,,Dark Elf Equipment List
trollheim,lustria-dark-elves,Dark Elves,dark-elf-equipment-list,Dark Elf Equipment List,sea_dragon_cloak,Sea Dragon Cloak,50,,campaign.trading-post.sea-dragon-cloak,50 gc + dice,rare,consistent-special,,,Dark Elf Equipment List
trollheim,lustria-dark-elves,Dark Elves,dark-elf-equipment-list,Dark Elf Equipment List,shield,Shield,5,,campaign.trading-post.shield,5 gc,common,consistent,,,Dark Elf Equipment List
trollheim,lustria-dark-elves,Dark Elves,dark-elf-equipment-list,Dark Elf Equipment List,spear,Spear,10,,campaign.trading-post.spear,10 gc,common,consistent,,,Dark Elf Equipment List
trollheim,lustria-dark-elves,Dark Elves,dark-elf-equipment-list,Dark Elf Equipment List,sword,Sword,10,,campaign.trading-post.sword,10 gc,common,consistent,,,Dark Elf Equipment List
trollheim,lustria-dark-elves,Dark Elves,dark-elf-shadow-equipment-list,Shadow Equipment List,axe,Axe,5,,campaign.trading-post.axe,5 gc,common,consistent,,,Shadow Equipment List
trollheim,lustria-dark-elves,Dark Elves,dark-elf-shadow-equipment-list,Shadow Equipment List,dagger,Dagger,2,,campaign.trading-post.dagger,2 gc,common,consistent,,,Shadow Equipment List
trollheim,lustria-dark-elves,Dark Elves,dark-elf-shadow-equipment-list,Shadow Equipment List,helmet,Helmet,10,,campaign.trading-post.helmet,10 gc,common,consistent,,,Shadow Equipment List
trollheim,lustria-dark-elves,Dark Elves,dark-elf-shadow-equipment-list,Shadow Equipment List,light_armour,Light Armour,20,,campaign.trading-post.light-armour,20 gc,common,consistent,,,Shadow Equipment List
trollheim,lustria-dark-elves,Dark Elves,dark-elf-shadow-equipment-list,Shadow Equipment List,repeater_crossbow,Repeater Crossbow,35,,campaign.trading-post.repeater-crossbow,40 gc,rare,differs,,,Shadow Equipment List
trollheim,lustria-dark-elves,Dark Elves,dark-elf-shadow-equipment-list,Shadow Equipment List,sword,Sword,10,,campaign.trading-post.sword,10 gc,common,consistent,,,Shadow Equipment List
trollheim,lustria-high-elves,High Elves,cadet-equipment-list,Cadet Equipment List,axe,Axe,5,,campaign.trading-post.axe,5 gc,common,consistent,,,Cadet Equipment List
trollheim,lustria-high-elves,High Elves,cadet-equipment-list,Cadet Equipment List,bow,Bow,10,,campaign.trading-post.bow,10 gc,common,consistent,,,Cadet Equipment List
trollheim,lustria-high-elves,High Elves,cadet-equipment-list,Cadet Equipment List,dagger,Dagger,2,,campaign.trading-post.dagger,2 gc,common,consistent,,,Cadet Equipment List
trollheim,lustria-high-elves,High Elves,cadet-equipment-list,Cadet Equipment List,elf_bow,Elf Bow,35,,campaign.trading-post.elf-bow,35 gc + dice,rare,consistent-special,,,Cadet Equipment List
trollheim,lustria-high-elves,High Elves,cadet-equipment-list,Cadet Equipment List,helmet,Helmet,10,,campaign.trading-post.helmet,10 gc,common,consistent,,,Cadet Equipment List
trollheim,lustria-high-elves,High Elves,cadet-equipment-list,Cadet Equipment List,light_armour,Light Armour,20,,campaign.trading-post.light-armour,20 gc,common,consistent,,,Cadet Equipment List
trollheim,lustria-high-elves,High Elves,cadet-equipment-list,Cadet Equipment List,long_bow,Long Bow,15,,campaign.trading-post.long-bow,15 gc,common,consistent,,,Cadet Equipment List
trollheim,lustria-high-elves,High Elves,cadet-equipment-list,Cadet Equipment List,shield,Shield,5,,campaign.trading-post.shield,5 gc,common,consistent,,,Cadet Equipment List
trollheim,lustria-high-elves,High Elves,cadet-equipment-list,Cadet Equipment List,spear,Spear,10,,campaign.trading-post.spear,10 gc,common,consistent,,,Cadet Equipment List
trollheim,lustria-high-elves,High Elves,cadet-equipment-list,Cadet Equipment List,sword,Sword,10,,campaign.trading-post.sword,10 gc,common,consistent,,,Cadet Equipment List
trollheim,lustria-high-elves,High Elves,high-elf-equipment-list,High Elf Equipment List,axe,Axe,5,,campaign.trading-post.axe,5 gc,common,consistent,,,High Elf Equipment List
trollheim,lustria-high-elves,High Elves,high-elf-equipment-list,High Elf Equipment List,dagger,Dagger,2,,campaign.trading-post.dagger,2 gc,common,consistent,,,High Elf Equipment List
trollheim,lustria-high-elves,High Elves,high-elf-equipment-list,High Elf Equipment List,elf_bow,Elf Bow,35,,campaign.trading-post.elf-bow,35 gc + dice,rare,consistent-special,,,High Elf Equipment List
trollheim,lustria-high-elves,High Elves,high-elf-equipment-list,High Elf Equipment List,elven_cloak,Elven Cloak,60,,campaign.trading-post.elven-cloak,100 gc + dice,rare,differs-special,,,High Elf Equipment List
trollheim,lustria-high-elves,High Elves,high-elf-equipment-list,High Elf Equipment List,elven_greatsword,Elven Greatsword,25,,campaign.trading-post.elven-greatsword,(not sold),not_sold,no-market,,,High Elf Equipment List
trollheim,lustria-high-elves,High Elves,high-elf-equipment-list,High Elf Equipment List,elven_runestones,Elven Runestones,50,,campaign.trading-post.elven-runestones,50 gc + dice,rare,consistent-special,,,High Elf Equipment List
trollheim,lustria-high-elves,High Elves,high-elf-equipment-list,High Elf Equipment List,elven_wine,Elven Wine,30,,campaign.trading-post.elven-wine,50 gc + dice,rare,differs-special,,,High Elf Equipment List
trollheim,lustria-high-elves,High Elves,high-elf-equipment-list,High Elf Equipment List,great_weapon,Great Weapon,15,,campaign.trading-post.great-weapon,(not sold),not_sold,no-market,,,High Elf Equipment List
trollheim,lustria-high-elves,High Elves,high-elf-equipment-list,High Elf Equipment List,halberd,Halberd,10,,campaign.trading-post.halberd,10 gc,common,consistent,,,High Elf Equipment List
trollheim,lustria-high-elves,High Elves,high-elf-equipment-list,High Elf Equipment List,helmet,Helmet,10,,campaign.trading-post.helmet,10 gc,common,consistent,,,High Elf Equipment List
trollheim,lustria-high-elves,High Elves,high-elf-equipment-list,High Elf Equipment List,ithilmar_armour,Ithilmar Armour,60,,campaign.trading-post.ithilmar-armour,90 gc,rare,differs,,,High Elf Equipment List
trollheim,lustria-high-elves,High Elves,high-elf-equipment-list,High Elf Equipment List,light_armour,Light Armour,20,,campaign.trading-post.light-armour,20 gc,common,consistent,,,High Elf Equipment List
trollheim,lustria-high-elves,High Elves,high-elf-equipment-list,High Elf Equipment List,long_bow,Long Bow,15,,campaign.trading-post.long-bow,15 gc,common,consistent,,,High Elf Equipment List
trollheim,lustria-high-elves,High Elves,high-elf-equipment-list,High Elf Equipment List,mage_staff,Mage Staff,20,,campaign.trading-post.mage-staff,(not sold),not_sold,no-market,,,High Elf Equipment List
trollheim,lustria-high-elves,High Elves,high-elf-equipment-list,High Elf Equipment List,shield,Shield,5,,campaign.trading-post.shield,5 gc,common,consistent,,,High Elf Equipment List
trollheim,lustria-high-elves,High Elves,high-elf-equipment-list,High Elf Equipment List,spear,Spear,10,,campaign.trading-post.spear,10 gc,common,consistent,,,High Elf Equipment List
trollheim,lustria-high-elves,High Elves,high-elf-equipment-list,High Elf Equipment List,sword,Sword,10,,campaign.trading-post.sword,10 gc,common,consistent,,,High Elf Equipment List
trollheim,lustria-lizardmen,Lizardmen,kroxigor-equipment-list,Kroxigor Equipment List,great_weapon,Great Weapon,15,,campaign.trading-post.great-weapon,(not sold),not_sold,no-market,,,0-1 Kroxigor / Weapons and Armour
trollheim,lustria-lizardmen,Lizardmen,kroxigor-equipment-list,Kroxigor Equipment List,halberd,Halberd,10,,campaign.trading-post.halberd,10 gc,common,consistent,,,0-1 Kroxigor / Weapons and Armour
trollheim,lustria-lizardmen,Lizardmen,lizardmen-poison-list,Lizardmen Poison List,black_lotus,Black Lotus,10,,campaign.trading-post.black-lotus,10 gc + dice,rare,consistent-special,,,Lizardmen Poison List
trollheim,lustria-lizardmen,Lizardmen,lizardmen-poison-list,Lizardmen Poison List,dark_venom,Dark Venom,20,,campaign.trading-post.dark-venom,30 gc + dice,rare,differs-special,,,Lizardmen Poison List
trollheim,lustria-lizardmen,Lizardmen,lizardmen-poison-list,Lizardmen Poison List,reptile_venom,Reptile Venom,5,,campaign.trading-post.reptile-venom,5 gc,common,consistent,,,Lizardmen Poison List
trollheim,lustria-lizardmen,Lizardmen,saurus-equipment-list,Saurus Equipment List,axe,Axe,5,,campaign.trading-post.axe,5 gc,common,consistent,,,Saurus Equipment List
trollheim,lustria-lizardmen,Lizardmen,saurus-equipment-list,Saurus Equipment List,dagger,Dagger,2,,campaign.trading-post.dagger,2 gc,common,consistent,,,Saurus Equipment List
trollheim,lustria-lizardmen,Lizardmen,saurus-equipment-list,Saurus Equipment List,great_weapon,Great Weapon,15,,campaign.trading-post.great-weapon,(not sold),not_sold,no-market,,,Saurus Equipment List
trollheim,lustria-lizardmen,Lizardmen,saurus-equipment-list,Saurus Equipment List,halberd,Halberd,10,,campaign.trading-post.halberd,10 gc,common,consistent,,,Saurus Equipment List
trollheim,lustria-lizardmen,Lizardmen,saurus-equipment-list,Saurus Equipment List,helmet,Helmet,10,,campaign.trading-post.helmet,10 gc,common,consistent,,,Saurus Equipment List
trollheim,lustria-lizardmen,Lizardmen,saurus-equipment-list,Saurus Equipment List,light_armour,Light Armour,50,,campaign.trading-post.light-armour,20 gc,common,differs,,,Saurus Equipment List
trollheim,lustria-lizardmen,Lizardmen,saurus-equipment-list,Saurus Equipment List,shield,Shield,5,,campaign.trading-post.shield,5 gc,common,consistent,,,Saurus Equipment List
trollheim,lustria-lizardmen,Lizardmen,saurus-equipment-list,Saurus Equipment List,spear,Spear,10,,campaign.trading-post.spear,10 gc,common,consistent,,,Saurus Equipment List
trollheim,lustria-lizardmen,Lizardmen,saurus-equipment-list,Saurus Equipment List,stone_axe,Stone Axe,3,,campaign.trading-post.stone-axe,(not sold),not_sold,no-market,,,Saurus Equipment List
trollheim,lustria-lizardmen,Lizardmen,saurus-equipment-list,Saurus Equipment List,sword,Sword,10,,campaign.trading-post.sword,10 gc,common,consistent,,,Saurus Equipment List
trollheim,lustria-lizardmen,Lizardmen,skinks-equipment-list,Skink Equipment List,axe,Axe,5,,campaign.trading-post.axe,5 gc,common,consistent,,,Skink Equipment List
trollheim,lustria-lizardmen,Lizardmen,skinks-equipment-list,Skink Equipment List,blowpipe,Blowpipe,25,,campaign.trading-post.blowpipe,25 gc,rare,consistent,,,Skink Equipment List
trollheim,lustria-lizardmen,Lizardmen,skinks-equipment-list,Skink Equipment List,bolas,Bolas,5,,campaign.trading-post.bolas,5 gc,common,consistent,,,Skink Equipment List
trollheim,lustria-lizardmen,Lizardmen,skinks-equipment-list,Skink Equipment List,buckler,Buckler,5,,campaign.trading-post.buckler,5 gc,common,consistent,,,Skink Equipment List
trollheim,lustria-lizardmen,Lizardmen,skinks-equipment-list,Skink Equipment List,dagger,Dagger,2,,campaign.trading-post.dagger,2 gc,common,consistent,,,Skink Equipment List
trollheim,lustria-lizardmen,Lizardmen,skinks-equipment-list,Skink Equipment List,helmet,Helmet,10,,campaign.trading-post.helmet,10 gc,common,consistent,,,Skink Equipment List
trollheim,lustria-lizardmen,Lizardmen,skinks-equipment-list,Skink Equipment List,javelin,Javelin,10,,campaign.trading-post.javelin,5 gc,common,differs,,,Skink Equipment List
trollheim,lustria-lizardmen,Lizardmen,skinks-equipment-list,Skink Equipment List,light_armour,Light Armour,20,,campaign.trading-post.light-armour,20 gc,common,consistent,,,Skink Equipment List
trollheim,lustria-lizardmen,Lizardmen,skinks-equipment-list,Skink Equipment List,short_bow,Short Bow,5,,campaign.trading-post.short-bow,5 gc,common,consistent,,,Skink Equipment List
trollheim,lustria-lizardmen,Lizardmen,skinks-equipment-list,Skink Equipment List,spear,Spear,10,,campaign.trading-post.spear,10 gc,common,consistent,,,Skink Equipment List
trollheim,lustria-lizardmen,Lizardmen,skinks-equipment-list,Skink Equipment List,stone_axe,Stone Axe,3,,campaign.trading-post.stone-axe,(not sold),not_sold,no-market,,,Skink Equipment List
trollheim,lustria-lizardmen,Lizardmen,skinks-equipment-list,Skink Equipment List,sword,Sword,10,,campaign.trading-post.sword,10 gc,common,consistent,,,Skink Equipment List
trollheim,lustria-lizardmen,Lizardmen,skinks-equipment-list,Skink Equipment List,throwing_knives,Throwing Knives,15,,campaign.trading-post.throwing-knives,15 gc,rare,consistent,,,Skink Equipment List
trollheim,lustria-norse,Norse,hunter-equipment-list,Hunter Equipment List,axe,Axe,5,,campaign.trading-post.axe,5 gc,common,consistent,,,Hunter Equipment List
trollheim,lustria-norse,Norse,hunter-equipment-list,Hunter Equipment List,bow,Bow,10,,campaign.trading-post.bow,10 gc,common,consistent,,,Hunter Equipment List
trollheim,lustria-norse,Norse,hunter-equipment-list,Hunter Equipment List,dagger,Dagger,2,,campaign.trading-post.dagger,2 gc,common,consistent,,,Hunter Equipment List
trollheim,lustria-norse,Norse,hunter-equipment-list,Hunter Equipment List,great_weapon,Great Weapon,15,,campaign.trading-post.great-weapon,(not sold),not_sold,no-market,,,Hunter Equipment List
trollheim,lustria-norse,Norse,hunter-equipment-list,Hunter Equipment List,helmet,Helmet,10,,campaign.trading-post.helmet,10 gc,common,consistent,,,Hunter Equipment List
trollheim,lustria-norse,Norse,hunter-equipment-list,Hunter Equipment List,javelin,Javelin,10,,campaign.trading-post.javelin,5 gc,common,differs,,,Hunter Equipment List
trollheim,lustria-norse,Norse,hunter-equipment-list,Hunter Equipment List,mace,Mace,3,,campaign.trading-post.mace,3 gc,common,consistent,,,Hunter Equipment List
trollheim,lustria-norse,Norse,hunter-equipment-list,Hunter Equipment List,shield,Shield,5,,campaign.trading-post.shield,5 gc,common,consistent,,,Hunter Equipment List
trollheim,lustria-norse,Norse,hunter-equipment-list,Hunter Equipment List,spear,Spear,10,,campaign.trading-post.spear,10 gc,common,consistent,,,Hunter Equipment List
trollheim,lustria-norse,Norse,hunter-equipment-list,Hunter Equipment List,sword,Sword,10,,campaign.trading-post.sword,10 gc,common,consistent,,,Hunter Equipment List
trollheim,lustria-norse,Norse,norse-equipment-list,Norse Equipment List,axe,Axe,5,,campaign.trading-post.axe,5 gc,common,consistent,,,Norse Equipment List
trollheim,lustria-norse,Norse,norse-equipment-list,Norse Equipment List,dagger,Dagger,2,,campaign.trading-post.dagger,2 gc,common,consistent,,,Norse Equipment List
trollheim,lustria-norse,Norse,norse-equipment-list,Norse Equipment List,great_weapon,Great Weapon,15,,campaign.trading-post.great-weapon,(not sold),not_sold,no-market,,,Norse Equipment List
trollheim,lustria-norse,Norse,norse-equipment-list,Norse Equipment List,helmet,Helmet,10,,campaign.trading-post.helmet,10 gc,common,consistent,,,Norse Equipment List
trollheim,lustria-norse,Norse,norse-equipment-list,Norse Equipment List,light_armour,Light Armour,20,,campaign.trading-post.light-armour,20 gc,common,consistent,,,Norse Equipment List
trollheim,lustria-norse,Norse,norse-equipment-list,Norse Equipment List,mace,Mace,3,,campaign.trading-post.mace,3 gc,common,consistent,,,Norse Equipment List
trollheim,lustria-norse,Norse,norse-equipment-list,Norse Equipment List,scourge,Scourge,8,,campaign.trading-post.scourge,(not sold),not_sold,no-market,,,Norse Equipment List
trollheim,lustria-norse,Norse,norse-equipment-list,Norse Equipment List,shield,Shield,5,,campaign.trading-post.shield,5 gc,common,consistent,,,Norse Equipment List
trollheim,lustria-norse,Norse,norse-equipment-list,Norse Equipment List,spear,Spear,10,,campaign.trading-post.spear,10 gc,common,consistent,,,Norse Equipment List
trollheim,lustria-norse,Norse,norse-equipment-list,Norse Equipment List,sword,Sword,10,,campaign.trading-post.sword,10 gc,common,consistent,,,Norse Equipment List
trollheim,lustria-norse,Norse,norse-equipment-list,Norse Equipment List,throwing_axe,Throwing Axe,15,,campaign.trading-post.throwing-axe,15 gc,rare,consistent,,,Norse Equipment List
trollheim,lustria-pirates,Pirates,gunner-equipment-list,Gunner Equipment List,axe,Axe,5,,campaign.trading-post.axe,5 gc,common,consistent,,,Gunner Equipment List
trollheim,lustria-pirates,Pirates,gunner-equipment-list,Gunner Equipment List,blunderbuss,Blunderbuss,30,,campaign.trading-post.blunderbuss,30 gc,rare,consistent,,,Gunner Equipment List
trollheim,lustria-pirates,Pirates,gunner-equipment-list,Gunner Equipment List,carronade,Carronade,65,,campaign.trading-post.carronade,(not sold),not_sold,no-market,,,Gunner Equipment List
trollheim,lustria-pirates,Pirates,gunner-equipment-list,Gunner Equipment List,carronade_cannonball,Carronade Cannonball,5,,campaign.trading-post.carronade-cannonball,(not sold),not_sold,no-market,,,Gunner Equipment List
trollheim,lustria-pirates,Pirates,gunner-equipment-list,Gunner Equipment List,carronade_chain,Carronade Chain,2,,campaign.trading-post.carronade-chain,(not sold),not_sold,no-market,,,Gunner Equipment List
trollheim,lustria-pirates,Pirates,gunner-equipment-list,Gunner Equipment List,carronade_grapeshot,Carronade Grapeshot,2,,campaign.trading-post.carronade-grapeshot,(not sold),not_sold,no-market,,,Gunner Equipment List
trollheim,lustria-pirates,Pirates,gunner-equipment-list,Gunner Equipment List,cutlass_sword,Cutlass Sword,15,,campaign.trading-post.cutlass-sword,(not sold),not_sold,no-market,,,Gunner Equipment List
trollheim,lustria-pirates,Pirates,gunner-equipment-list,Gunner Equipment List,dagger,Dagger,2,,campaign.trading-post.dagger,2 gc,common,consistent,,,Gunner Equipment List
trollheim,lustria-pirates,Pirates,gunner-equipment-list,Gunner Equipment List,duelling_pistol,Duelling Pistol,30,,campaign.trading-post.duelling-pistol,30 gc,rare,consistent,,,Gunner Equipment List
trollheim,lustria-pirates,Pirates,gunner-equipment-list,Gunner Equipment List,duelling_pistol,Duelling Pistol,60,,campaign.trading-post.duelling-pistol,30 gc,rare,differs,,,Gunner Equipment List
trollheim,lustria-pirates,Pirates,gunner-equipment-list,Gunner Equipment List,hammer_or_mace,Hammer Or Mace,3,,campaign.trading-post.hammer-or-mace,(not sold),not_sold,no-market,,,Gunner Equipment List
trollheim,lustria-pirates,Pirates,gunner-equipment-list,Gunner Equipment List,handgun,Handgun,35,,campaign.trading-post.handgun,35 gc,rare,consistent,,,Gunner Equipment List
trollheim,lustria-pirates,Pirates,gunner-equipment-list,Gunner Equipment List,helmet,Helmet,10,,campaign.trading-post.helmet,10 gc,common,consistent,,,Gunner Equipment List
trollheim,lustria-pirates,Pirates,gunner-equipment-list,Gunner Equipment List,light_armour,Light Armour,20,,campaign.trading-post.light-armour,20 gc,common,consistent,,,Gunner Equipment List
trollheim,lustria-pirates,Pirates,gunner-equipment-list,Gunner Equipment List,pistol,Pistol,15,,campaign.trading-post.pistol,15 gc,rare,consistent,,,Gunner Equipment List
trollheim,lustria-pirates,Pirates,gunner-equipment-list,Gunner Equipment List,pistol,Pistol,30,,campaign.trading-post.pistol,15 gc,rare,differs,,,Gunner Equipment List
trollheim,lustria-pirates,Pirates,gunner-equipment-list,Gunner Equipment List,sword,Sword,10,,campaign.trading-post.sword,10 gc,common,consistent,,,Gunner Equipment List
trollheim,lustria-pirates,Pirates,gunner-equipment-list,Gunner Equipment List,toughened_leathers,Toughened Leathers,5,,campaign.trading-post.toughened-leathers,5 gc,common,consistent,,,Gunner Equipment List
trollheim,lustria-pirates,Pirates,pirate-equipment-list,Pirate Equipment List,axe,Axe,5,,campaign.trading-post.axe,5 gc,common,consistent,,,Pirate Equipment List
trollheim,lustria-pirates,Pirates,pirate-equipment-list,Pirate Equipment List,belaying_pin,Belaying Pin,3,,campaign.trading-post.belaying-pins,3 gc,common,consistent,,,Pirate Equipment List
trollheim,lustria-pirates,Pirates,pirate-equipment-list,Pirate Equipment List,buckler,Buckler,5,,campaign.trading-post.buckler,5 gc,common,consistent,,,Pirate Equipment List
trollheim,lustria-pirates,Pirates,pirate-equipment-list,Pirate Equipment List,crossbow,Crossbow,25,,campaign.trading-post.crossbow,25 gc,common,consistent,,,Pirate Equipment List
trollheim,lustria-pirates,Pirates,pirate-equipment-list,Pirate Equipment List,cutlass_sword,Cutlass Sword,15,,campaign.trading-post.cutlass-sword,(not sold),not_sold,no-market,,,Pirate Equipment List
trollheim,lustria-pirates,Pirates,pirate-equipment-list,Pirate Equipment List,dagger,Dagger,2,,campaign.trading-post.dagger,2 gc,common,consistent,,,Pirate Equipment List
trollheim,lustria-pirates,Pirates,pirate-equipment-list,Pirate Equipment List,duelling_pistol,Duelling Pistol,30,,campaign.trading-post.duelling-pistol,30 gc,rare,consistent,,,Pirate Equipment List
trollheim,lustria-pirates,Pirates,pirate-equipment-list,Pirate Equipment List,duelling_pistol,Duelling Pistol,60,,campaign.trading-post.duelling-pistol,30 gc,rare,differs,,,Pirate Equipment List
trollheim,lustria-pirates,Pirates,pirate-equipment-list,Pirate Equipment List,great_weapon,Great Weapon,15,,campaign.trading-post.great-weapon,(not sold),not_sold,no-market,,,Pirate Equipment List
trollheim,lustria-pirates,Pirates,pirate-equipment-list,Pirate Equipment List,hammer_or_mace,Hammer Or Mace,3,,campaign.trading-post.hammer-or-mace,(not sold),not_sold,no-market,,,Pirate Equipment List
trollheim,lustria-pirates,Pirates,pirate-equipment-list,Pirate Equipment List,helmet,Helmet,10,,campaign.trading-post.helmet,10 gc,common,consistent,,,Pirate Equipment List
trollheim,lustria-pirates,Pirates,pirate-equipment-list,Pirate Equipment List,hook_hand,Hook Hand,4,,campaign.trading-post.hook-hand,4 gc,common,consistent,,,Pirate Equipment List
trollheim,lustria-pirates,Pirates,pirate-equipment-list,Pirate Equipment List,light_armour,Light Armour,20,,campaign.trading-post.light-armour,20 gc,common,consistent,,,Pirate Equipment List
trollheim,lustria-pirates,Pirates,pirate-equipment-list,Pirate Equipment List,long_boathook,Long Boathook,8,,campaign.trading-post.long-boathook,(not sold),not_sold,no-market,,,Pirate Equipment List
trollheim,lustria-pirates,Pirates,pirate-equipment-list,Pirate Equipment List,parrot,Parrot,15,,campaign.trading-post.parrot,15 gc,rare,consistent,,,Pirate Equipment List
trollheim,lustria-pirates,Pirates,pirate-equipment-list,Pirate Equipment List,peg_leg,Peg Leg,8,,campaign.trading-post.peg-leg,8 gc,common,consistent,,,Pirate Equipment List
trollheim,lustria-pirates,Pirates,pirate-equipment-list,Pirate Equipment List,pistol,Pistol,15,,campaign.trading-post.pistol,15 gc,rare,consistent,,,Pirate Equipment List
trollheim,lustria-pirates,Pirates,pirate-equipment-list,Pirate Equipment List,pistol,Pistol,30,,campaign.trading-post.pistol,15 gc,rare,differs,,,Pirate Equipment List
trollheim,lustria-pirates,Pirates,pirate-equipment-list,Pirate Equipment List,scourge,Scourge,8,,campaign.trading-post.scourge,(not sold),not_sold,no-market,,,Pirate Equipment List
trollheim,lustria-pirates,Pirates,pirate-equipment-list,Pirate Equipment List,sword,Sword,10,,campaign.trading-post.sword,10 gc,common,consistent,,,Pirate Equipment List
trollheim,lustria-pirates,Pirates,pirate-equipment-list,Pirate Equipment List,toughened_leathers,Toughened Leathers,5,,campaign.trading-post.toughened-leathers,5 gc,common,consistent,,,Pirate Equipment List
trollheim,lustria-pirates,Pirates,swabbie-equipment-list,Swabbie Equipment List,axe,Axe,5,,campaign.trading-post.axe,5 gc,common,consistent,,,Swabbie Equipment List
trollheim,lustria-pirates,Pirates,swabbie-equipment-list,Swabbie Equipment List,belaying_pin,Belaying Pin,3,,campaign.trading-post.belaying-pins,3 gc,common,consistent,,,Swabbie Equipment List
trollheim,lustria-pirates,Pirates,swabbie-equipment-list,Swabbie Equipment List,bow,Bow,10,,campaign.trading-post.bow,10 gc,common,consistent,,,Swabbie Equipment List
trollheim,lustria-pirates,Pirates,swabbie-equipment-list,Swabbie Equipment List,buckler,Buckler,5,,campaign.trading-post.buckler,5 gc,common,consistent,,,Swabbie Equipment List
trollheim,lustria-pirates,Pirates,swabbie-equipment-list,Swabbie Equipment List,cutlass_sword,Cutlass Sword,15,,campaign.trading-post.cutlass-sword,(not sold),not_sold,no-market,,,Swabbie Equipment List
trollheim,lustria-pirates,Pirates,swabbie-equipment-list,Swabbie Equipment List,dagger,Dagger,2,,campaign.trading-post.dagger,2 gc,common,consistent,,,Swabbie Equipment List
trollheim,lustria-pirates,Pirates,swabbie-equipment-list,Swabbie Equipment List,great_weapon,Great Weapon,15,,campaign.trading-post.great-weapon,(not sold),not_sold,no-market,,,Swabbie Equipment List
trollheim,lustria-pirates,Pirates,swabbie-equipment-list,Swabbie Equipment List,hammer_or_mace,Hammer Or Mace,3,,campaign.trading-post.hammer-or-mace,(not sold),not_sold,no-market,,,Swabbie Equipment List
trollheim,lustria-pirates,Pirates,swabbie-equipment-list,Swabbie Equipment List,long_boathook,Long Boathook,8,,campaign.trading-post.long-boathook,(not sold),not_sold,no-market,,,Swabbie Equipment List
trollheim,lustria-pirates,Pirates,swabbie-equipment-list,Swabbie Equipment List,sword,Sword,10,,campaign.trading-post.sword,10 gc,common,consistent,,,Swabbie Equipment List
trollheim,lustria-pirates,Pirates,swabbie-equipment-list,Swabbie Equipment List,toughened_leathers,Toughened Leathers,5,,campaign.trading-post.toughened-leathers,5 gc,common,consistent,,,Swabbie Equipment List
trollheim,lustria-pygmies,Pygmies,pygmy-equipment-list,Pygmy Equipment List,black_lotus,Black Lotus,10,,campaign.trading-post.black-lotus,10 gc + dice,rare,consistent-special,,,Pygmy Equipment List
trollheim,lustria-pygmies,Pygmies,pygmy-equipment-list,Pygmy Equipment List,blood_root,Blood Root,30,,campaign.trading-post.blood-root,(not sold),not_sold,no-market,,,Pygmy Equipment List
trollheim,lustria-pygmies,Pygmies,pygmy-equipment-list,Pygmy Equipment List,blowpipe,Blowpipe,25,,campaign.trading-post.blowpipe,25 gc,rare,consistent,,,Pygmy Equipment List
trollheim,lustria-pygmies,Pygmies,pygmy-equipment-list,Pygmy Equipment List,bolas,Bolas,5,,campaign.trading-post.bolas,5 gc,common,consistent,,,Pygmy Equipment List
trollheim,lustria-pygmies,Pygmies,pygmy-equipment-list,Pygmy Equipment List,buckler,Buckler,5,,campaign.trading-post.buckler,5 gc,common,consistent,,,Pygmy Equipment List
trollheim,lustria-pygmies,Pygmies,pygmy-equipment-list,Pygmy Equipment List,club,Club,3,,campaign.trading-post.club,3 gc,common,consistent,,,Pygmy Equipment List
trollheim,lustria-pygmies,Pygmies,pygmy-equipment-list,Pygmy Equipment List,dagger,Dagger,2,,campaign.trading-post.dagger,2 gc,common,consistent,,,Pygmy Equipment List
trollheim,lustria-pygmies,Pygmies,pygmy-equipment-list,Pygmy Equipment List,dark_venom,Dark Venom,20,,campaign.trading-post.dark-venom,30 gc + dice,rare,differs-special,,,Pygmy Equipment List
trollheim,lustria-pygmies,Pygmies,pygmy-equipment-list,Pygmy Equipment List,devil_toxin,Devil Toxin,15,,campaign.trading-post.devil-toxin,(not sold),not_sold,no-market,,,Pygmy Equipment List
trollheim,lustria-pygmies,Pygmies,pygmy-equipment-list,Pygmy Equipment List,healing_herbs,Healing Herbs,20,,campaign.trading-post.healing-herbs,20 gc + dice,rare,consistent-special,,,Pygmy Equipment List
trollheim,lustria-pygmies,Pygmies,pygmy-equipment-list,Pygmy Equipment List,helmet,Helmet,10,,campaign.trading-post.helmet,10 gc,common,consistent,,,Pygmy Equipment List
trollheim,lustria-pygmies,Pygmies,pygmy-equipment-list,Pygmy Equipment List,javelin,Javelin,10,,campaign.trading-post.javelin,5 gc,common,differs,,,Pygmy Equipment List
trollheim,lustria-pygmies,Pygmies,pygmy-equipment-list,Pygmy Equipment List,jungle_roast,Jungle Roast,35,,campaign.trading-post.jungle-roast,(not sold),not_sold,no-market,,,Pygmy Equipment List
trollheim,lustria-pygmies,Pygmies,pygmy-equipment-list,Pygmy Equipment List,magic_tattoo,Magic Tattoo,30,,campaign.trading-post.magic-tattoo,(not sold),not_sold,no-market,,,Pygmy Equipment List
trollheim,lustria-pygmies,Pygmies,pygmy-equipment-list,Pygmy Equipment List,manbane,Manbane,30,,campaign.trading-post.manbane,(not sold),not_sold,no-market,,,Pygmy Equipment List
trollheim,lustria-pygmies,Pygmies,pygmy-equipment-list,Pygmy Equipment List,nightshade,Nightshade,15,,campaign.trading-post.nightshade,(not sold),not_sold,no-market,,,Pygmy Equipment List
trollheim,lustria-pygmies,Pygmies,pygmy-equipment-list,Pygmy Equipment List,poisoned_darts,Poisoned Darts,30,,campaign.trading-post.poisoned-darts,(not sold),not_sold,no-market,,,Pygmy Equipment List
trollheim,lustria-pygmies,Pygmies,pygmy-equipment-list,Pygmy Equipment List,reptile_venom,Reptile Venom,5,,campaign.trading-post.reptile-venom,5 gc,common,consistent,,,Pygmy Equipment List
trollheim,lustria-pygmies,Pygmies,pygmy-equipment-list,Pygmy Equipment List,shield,Shield,5,,campaign.trading-post.shield,5 gc,common,consistent,,,Pygmy Equipment List
trollheim,lustria-pygmies,Pygmies,pygmy-equipment-list,Pygmy Equipment List,short_bow,Short Bow,5,,campaign.trading-post.short-bow,5 gc,common,consistent,,,Pygmy Equipment List
trollheim,lustria-pygmies,Pygmies,pygmy-equipment-list,Pygmy Equipment List,shrunken_head,Shrunken Head,25,,campaign.trading-post.shrunken-head,(not sold),not_sold,no-market,,,Pygmy Equipment List
trollheim,lustria-pygmies,Pygmies,pygmy-equipment-list,Pygmy Equipment List,spear,Spear,10,,campaign.trading-post.spear,10 gc,common,consistent,,,Pygmy Equipment List
trollheim,lustria-pygmies,Pygmies,pygmy-equipment-list,Pygmy Equipment List,spider_amulet,Spider Amulet,35,,campaign.trading-post.spider-amulet,(not sold),not_sold,no-market,,,Pygmy Equipment List
trollheim,lustria-pygmies,Pygmies,pygmy-equipment-list,Pygmy Equipment List,spider_spit,Spider Spit,25,,campaign.trading-post.spider-spittle,30 gc + dice,rare,differs-special,,,Pygmy Equipment List
trollheim,lustria-pygmies,Pygmies,pygmy-equipment-list,Pygmy Equipment List,stone_axe,Stone Axe,3,,campaign.trading-post.stone-axe,(not sold),not_sold,no-market,,,Pygmy Equipment List
trollheim,lustria-pygmies,Pygmies,pygmy-equipment-list,Pygmy Equipment List,toughened_leathers,Toughened Leathers,5,,campaign.trading-post.toughened-leathers,5 gc,common,consistent,,,Pygmy Equipment List
trollheim,lustria-pygmies,Pygmies,pygmy-equipment-list,Pygmy Equipment List,wolfsbane,Wolfsbane,15,,campaign.trading-post.wolfsbane,(not sold),not_sold,no-market,,,Pygmy Equipment List
trollheim,lustria-savage-goblins,Savage Goblins,bruiser-equipment-list,Bruiser Equipment List,club,Club,3,,campaign.trading-post.club,3 gc,common,consistent,,,Bruiser Equipment List
trollheim,lustria-savage-goblins,Savage Goblins,bruiser-equipment-list,Bruiser Equipment List,dagger,Dagger,2,,campaign.trading-post.dagger,2 gc,common,consistent,,,Bruiser Equipment List
trollheim,lustria-savage-goblins,Savage Goblins,bruiser-equipment-list,Bruiser Equipment List,shield,Shield,5,,campaign.trading-post.shield,5 gc,common,consistent,,,Bruiser Equipment List
trollheim,lustria-savage-goblins,Savage Goblins,bruiser-equipment-list,Bruiser Equipment List,toughened_leathers,Toughened Leathers,5,,campaign.trading-post.toughened-leathers,5 gc,common,consistent,,,Bruiser Equipment List
trollheim,lustria-savage-goblins,Savage Goblins,bruiser-equipment-list,Bruiser Equipment List,two_handed_club,Two Handed Club,15,,campaign.trading-post.two-handed-club,(not sold),not_sold,no-market,,,Bruiser Equipment List
trollheim,lustria-savage-goblins,Savage Goblins,savage-goblin-henchman-equipment-list,Savage Goblin Henchman Equipment List,bolas,Bolas,5,,campaign.trading-post.bolas,5 gc,common,consistent,,,Savage Goblin Henchman Equipment List
trollheim,lustria-savage-goblins,Savage Goblins,savage-goblin-henchman-equipment-list,Savage Goblin Henchman Equipment List,club,Club,3,,campaign.trading-post.club,3 gc,common,consistent,,,Savage Goblin Henchman Equipment List
trollheim,lustria-savage-goblins,Savage Goblins,savage-goblin-henchman-equipment-list,Savage Goblin Henchman Equipment List,dagger,Dagger,2,,campaign.trading-post.dagger,2 gc,common,consistent,,,Savage Goblin Henchman Equipment List
trollheim,lustria-savage-goblins,Savage Goblins,savage-goblin-henchman-equipment-list,Savage Goblin Henchman Equipment List,javelin,Javelin,10,,campaign.trading-post.javelin,5 gc,common,differs,,,Savage Goblin Henchman Equipment List
trollheim,lustria-savage-goblins,Savage Goblins,savage-goblin-henchman-equipment-list,Savage Goblin Henchman Equipment List,shield,Shield,5,,campaign.trading-post.shield,5 gc,common,consistent,,,Savage Goblin Henchman Equipment List
trollheim,lustria-savage-goblins,Savage Goblins,savage-goblin-henchman-equipment-list,Savage Goblin Henchman Equipment List,short_bow,Short Bow,5,,campaign.trading-post.short-bow,5 gc,common,consistent,,,Savage Goblin Henchman Equipment List
trollheim,lustria-savage-goblins,Savage Goblins,savage-goblin-henchman-equipment-list,Savage Goblin Henchman Equipment List,spear,Spear,10,,campaign.trading-post.spear,10 gc,common,consistent,,,Savage Goblin Henchman Equipment List
trollheim,lustria-savage-goblins,Savage Goblins,savage-goblin-henchman-equipment-list,Savage Goblin Henchman Equipment List,sword,Sword,10,,campaign.trading-post.sword,10 gc,common,consistent,,,Savage Goblin Henchman Equipment List
trollheim,lustria-savage-goblins,Savage Goblins,savage-goblin-hero-equipment-list,Savage Goblin Hero Equipment List,black_lotus,Black Lotus,10,,campaign.trading-post.black-lotus,10 gc + dice,rare,consistent-special,,,Savage Goblin Hero Equipment List
trollheim,lustria-savage-goblins,Savage Goblins,savage-goblin-hero-equipment-list,Savage Goblin Hero Equipment List,blowpipe,Blowpipe,25,,campaign.trading-post.blowpipe,25 gc,rare,consistent,,,Savage Goblin Hero Equipment List
trollheim,lustria-savage-goblins,Savage Goblins,savage-goblin-hero-equipment-list,Savage Goblin Hero Equipment List,bolas,Bolas,5,,campaign.trading-post.bolas,5 gc,common,consistent,,,Savage Goblin Hero Equipment List
trollheim,lustria-savage-goblins,Savage Goblins,savage-goblin-hero-equipment-list,Savage Goblin Hero Equipment List,club,Club,3,,campaign.trading-post.club,3 gc,common,consistent,,,Savage Goblin Hero Equipment List
trollheim,lustria-savage-goblins,Savage Goblins,savage-goblin-hero-equipment-list,Savage Goblin Hero Equipment List,dagger,Dagger,2,,campaign.trading-post.dagger,2 gc,common,consistent,,,Savage Goblin Hero Equipment List
trollheim,lustria-savage-goblins,Savage Goblins,savage-goblin-hero-equipment-list,Savage Goblin Hero Equipment List,dark_venom,Dark Venom,20,,campaign.trading-post.dark-venom,30 gc + dice,rare,differs-special,,,Savage Goblin Hero Equipment List
trollheim,lustria-savage-goblins,Savage Goblins,savage-goblin-hero-equipment-list,Savage Goblin Hero Equipment List,feather_headdress,Feather Headdress,20,,campaign.trading-post.feather-headdress,(not sold),not_sold,no-market,,,Savage Goblin Hero Equipment List
trollheim,lustria-savage-goblins,Savage Goblins,savage-goblin-hero-equipment-list,Savage Goblin Hero Equipment List,great_weapon,Great Weapon,15,,campaign.trading-post.great-weapon,(not sold),not_sold,no-market,,,Savage Goblin Hero Equipment List
trollheim,lustria-savage-goblins,Savage Goblins,savage-goblin-hero-equipment-list,Savage Goblin Hero Equipment List,halberd,Halberd,10,,campaign.trading-post.halberd,10 gc,common,consistent,,,Savage Goblin Hero Equipment List
trollheim,lustria-savage-goblins,Savage Goblins,savage-goblin-hero-equipment-list,Savage Goblin Hero Equipment List,javelin,Javelin,10,,campaign.trading-post.javelin,5 gc,common,differs,,,Savage Goblin Hero Equipment List
trollheim,lustria-savage-goblins,Savage Goblins,savage-goblin-hero-equipment-list,Savage Goblin Hero Equipment List,light_armour,Light Armour,20,,campaign.trading-post.light-armour,20 gc,common,consistent,,,Savage Goblin Hero Equipment List
trollheim,lustria-savage-goblins,Savage Goblins,savage-goblin-hero-equipment-list,Savage Goblin Hero Equipment List,magic_tattoos,Magic Tattoos,30,,campaign.trading-post.magic-tattoos,(not sold),not_sold,no-market,,,Savage Goblin Hero Equipment List
trollheim,lustria-savage-goblins,Savage Goblins,savage-goblin-hero-equipment-list,Savage Goblin Hero Equipment List,sacrifice_dagger,Sacrifice Dagger,10,,campaign.trading-post.sacrifice-dagger,(not sold),not_sold,no-market,,,Savage Goblin Hero Equipment List
trollheim,lustria-savage-goblins,Savage Goblins,savage-goblin-hero-equipment-list,Savage Goblin Hero Equipment List,shield,Shield,5,,campaign.trading-post.shield,5 gc,common,consistent,,,Savage Goblin Hero Equipment List
trollheim,lustria-savage-goblins,Savage Goblins,savage-goblin-hero-equipment-list,Savage Goblin Hero Equipment List,short_bow,Short Bow,5,,campaign.trading-post.short-bow,5 gc,common,consistent,,,Savage Goblin Hero Equipment List
trollheim,lustria-savage-goblins,Savage Goblins,savage-goblin-hero-equipment-list,Savage Goblin Hero Equipment List,shrunken_head,Shrunken Head,25,,campaign.trading-post.shrunken-head,(not sold),not_sold,no-market,,,Savage Goblin Hero Equipment List
trollheim,lustria-savage-goblins,Savage Goblins,savage-goblin-hero-equipment-list,Savage Goblin Hero Equipment List,spear,Spear,10,,campaign.trading-post.spear,10 gc,common,consistent,,,Savage Goblin Hero Equipment List
trollheim,lustria-savage-goblins,Savage Goblins,savage-goblin-hero-equipment-list,Savage Goblin Hero Equipment List,spider_spit,Spider Spit,25,,campaign.trading-post.spider-spittle,30 gc + dice,rare,differs-special,,,Savage Goblin Hero Equipment List
trollheim,lustria-savage-goblins,Savage Goblins,savage-goblin-hero-equipment-list,Savage Goblin Hero Equipment List,sword,Sword,10,,campaign.trading-post.sword,10 gc,common,consistent,,,Savage Goblin Hero Equipment List
trollheim,lustria-tileans,Tilean Mercenaries,marksman-equipment-list,Marksman Equipment List,axe,Axe,5,,campaign.trading-post.axe,5 gc,common,consistent,,,Marksman Equipment List
trollheim,lustria-tileans,Tilean Mercenaries,marksman-equipment-list,Marksman Equipment List,crossbow,Crossbow,25,,campaign.trading-post.crossbow,25 gc,common,consistent,,,Marksman Equipment List
trollheim,lustria-tileans,Tilean Mercenaries,marksman-equipment-list,Marksman Equipment List,dagger,Dagger,2,,campaign.trading-post.dagger,2 gc,common,consistent,,,Marksman Equipment List
trollheim,lustria-tileans,Tilean Mercenaries,marksman-equipment-list,Marksman Equipment List,duelling_pistol,Duelling Pistol,25,,campaign.trading-post.duelling-pistol,30 gc,rare,differs,,,Marksman Equipment List
trollheim,lustria-tileans,Tilean Mercenaries,marksman-equipment-list,Marksman Equipment List,duelling_pistol,Duelling Pistol,50,,campaign.trading-post.duelling-pistol,30 gc,rare,differs,,,Marksman Equipment List
trollheim,lustria-tileans,Tilean Mercenaries,marksman-equipment-list,Marksman Equipment List,hammer,Hammer,3,,campaign.trading-post.hammer,3 gc,common,consistent,,,Marksman Equipment List
trollheim,lustria-tileans,Tilean Mercenaries,marksman-equipment-list,Marksman Equipment List,handgun,Handgun,35,,campaign.trading-post.handgun,35 gc,rare,consistent,,,Marksman Equipment List
trollheim,lustria-tileans,Tilean Mercenaries,marksman-equipment-list,Marksman Equipment List,helmet,Helmet,10,,campaign.trading-post.helmet,10 gc,common,consistent,,,Marksman Equipment List
trollheim,lustria-tileans,Tilean Mercenaries,marksman-equipment-list,Marksman Equipment List,hunting_rifle,Hunting Rifle,200,,campaign.trading-post.hunting-rifle,200 gc,rare,consistent,,,Marksman Equipment List
trollheim,lustria-tileans,Tilean Mercenaries,marksman-equipment-list,Marksman Equipment List,light_armour,Light Armour,20,,campaign.trading-post.light-armour,20 gc,common,consistent,,,Marksman Equipment List
trollheim,lustria-tileans,Tilean Mercenaries,marksman-equipment-list,Marksman Equipment List,long_bow,Long Bow,15,,campaign.trading-post.long-bow,15 gc,common,consistent,,,Marksman Equipment List
trollheim,lustria-tileans,Tilean Mercenaries,marksman-equipment-list,Marksman Equipment List,mace,Mace,3,,campaign.trading-post.mace,3 gc,common,consistent,,,Marksman Equipment List
trollheim,lustria-tileans,Tilean Mercenaries,marksman-equipment-list,Marksman Equipment List,pistol,Pistol,15,,campaign.trading-post.pistol,15 gc,rare,consistent,,,Marksman Equipment List
trollheim,lustria-tileans,Tilean Mercenaries,marksman-equipment-list,Marksman Equipment List,pistol,Pistol,30,,campaign.trading-post.pistol,15 gc,rare,differs,,,Marksman Equipment List
trollheim,lustria-tileans,Tilean Mercenaries,marksman-equipment-list,Marksman Equipment List,sword,Sword,10,,campaign.trading-post.sword,10 gc,common,consistent,,,Marksman Equipment List
trollheim,lustria-tileans,Tilean Mercenaries,tilean-equipment-list,Tilean Equipment List,axe,Axe,5,,campaign.trading-post.axe,5 gc,common,consistent,,,Tilean Equipment List
trollheim,lustria-tileans,Tilean Mercenaries,tilean-equipment-list,Tilean Equipment List,bow,Bow,10,,campaign.trading-post.bow,10 gc,common,consistent,,,Tilean Equipment List
trollheim,lustria-tileans,Tilean Mercenaries,tilean-equipment-list,Tilean Equipment List,buckler,Buckler,5,,campaign.trading-post.buckler,5 gc,common,consistent,,,Tilean Equipment List
trollheim,lustria-tileans,Tilean Mercenaries,tilean-equipment-list,Tilean Equipment List,crossbow,Crossbow,25,,campaign.trading-post.crossbow,25 gc,common,consistent,,,Tilean Equipment List
trollheim,lustria-tileans,Tilean Mercenaries,tilean-equipment-list,Tilean Equipment List,dagger,Dagger,2,,campaign.trading-post.dagger,2 gc,common,consistent,,,Tilean Equipment List
trollheim,lustria-tileans,Tilean Mercenaries,tilean-equipment-list,Tilean Equipment List,duelling_pistol,Duelling Pistol,25,,campaign.trading-post.duelling-pistol,30 gc,rare,differs,,,Tilean Equipment List
trollheim,lustria-tileans,Tilean Mercenaries,tilean-equipment-list,Tilean Equipment List,duelling_pistol,Duelling Pistol,50,,campaign.trading-post.duelling-pistol,30 gc,rare,differs,,,Tilean Equipment List
trollheim,lustria-tileans,Tilean Mercenaries,tilean-equipment-list,Tilean Equipment List,flail,Flail,15,,campaign.trading-post.flail,15 gc,common,consistent,,,Tilean Equipment List
trollheim,lustria-tileans,Tilean Mercenaries,tilean-equipment-list,Tilean Equipment List,great_weapon,Great Weapon,15,,campaign.trading-post.great-weapon,(not sold),not_sold,no-market,,,Tilean Equipment List
trollheim,lustria-tileans,Tilean Mercenaries,tilean-equipment-list,Tilean Equipment List,halberd,Halberd,10,,campaign.trading-post.halberd,10 gc,common,consistent,,,Tilean Equipment List
trollheim,lustria-tileans,Tilean Mercenaries,tilean-equipment-list,Tilean Equipment List,hammer,Hammer,3,,campaign.trading-post.hammer,3 gc,common,consistent,,,Tilean Equipment List
trollheim,lustria-tileans,Tilean Mercenaries,tilean-equipment-list,Tilean Equipment List,helmet,Helmet,10,,campaign.trading-post.helmet,10 gc,common,consistent,,,Tilean Equipment List
trollheim,lustria-tileans,Tilean Mercenaries,tilean-equipment-list,Tilean Equipment List,light_armour,Light Armour,20,,campaign.trading-post.light-armour,20 gc,common,consistent,,,Tilean Equipment List
trollheim,lustria-tileans,Tilean Mercenaries,tilean-equipment-list,Tilean Equipment List,mace,Mace,3,,campaign.trading-post.mace,3 gc,common,consistent,,,Tilean Equipment List
trollheim,lustria-tileans,Tilean Mercenaries,tilean-equipment-list,Tilean Equipment List,pike,Pike,12,,campaign.trading-post.pike.merchant-caravans,10 gc,rare,differs,,,Tilean Equipment List
trollheim,lustria-tileans,Tilean Mercenaries,tilean-equipment-list,Tilean Equipment List,pistol,Pistol,15,,campaign.trading-post.pistol,15 gc,rare,consistent,,,Tilean Equipment List
trollheim,lustria-tileans,Tilean Mercenaries,tilean-equipment-list,Tilean Equipment List,pistol,Pistol,30,,campaign.trading-post.pistol,15 gc,rare,differs,,,Tilean Equipment List
trollheim,lustria-tileans,Tilean Mercenaries,tilean-equipment-list,Tilean Equipment List,rapier,Rapier,15,,campaign.trading-post.rapier,15 gc,rare,consistent,,,Tilean Equipment List
trollheim,lustria-tileans,Tilean Mercenaries,tilean-equipment-list,Tilean Equipment List,shield,Shield,5,,campaign.trading-post.shield,5 gc,common,consistent,,,Tilean Equipment List
trollheim,lustria-tileans,Tilean Mercenaries,tilean-equipment-list,Tilean Equipment List,spear,Spear,10,,campaign.trading-post.spear,10 gc,common,consistent,,,Tilean Equipment List
trollheim,lustria-tileans,Tilean Mercenaries,tilean-equipment-list,Tilean Equipment List,sword,Sword,10,,campaign.trading-post.sword,10 gc,common,consistent,,,Tilean Equipment List
trollheim,trollheim-cult-of-the-possessed,Cult of the Possessed,darksoul-and-beastman-equipment-list,Darksoul and Beastman Equipment List,axe,Axe,5,,campaign.trading-post.axe,5 gc,common,consistent,,,Darksoul and Beastman Equipment List
trollheim,trollheim-cult-of-the-possessed,Cult of the Possessed,darksoul-and-beastman-equipment-list,Darksoul and Beastman Equipment List,dagger,Dagger,2,,campaign.trading-post.dagger,2 gc,common,consistent,,,Darksoul and Beastman Equipment List
trollheim,trollheim-cult-of-the-possessed,Cult of the Possessed,darksoul-and-beastman-equipment-list,Darksoul and Beastman Equipment List,flail,Flail,10,,campaign.trading-post.flail,15 gc,common,differs,,,Darksoul and Beastman Equipment List
trollheim,trollheim-cult-of-the-possessed,Cult of the Possessed,darksoul-and-beastman-equipment-list,Darksoul and Beastman Equipment List,great_weapon,Great Weapon,15,,campaign.trading-post.great-weapon,(not sold),not_sold,no-market,,,Darksoul and Beastman Equipment List
trollheim,trollheim-cult-of-the-possessed,Cult of the Possessed,darksoul-and-beastman-equipment-list,Darksoul and Beastman Equipment List,hammer,Hammer,3,,campaign.trading-post.hammer,3 gc,common,consistent,,,Darksoul and Beastman Equipment List
trollheim,trollheim-cult-of-the-possessed,Cult of the Possessed,darksoul-and-beastman-equipment-list,Darksoul and Beastman Equipment List,heavy_armour,Heavy Armour,50,,campaign.trading-post.heavy-armour,50 gc,common,consistent,,,Darksoul and Beastman Equipment List
trollheim,trollheim-cult-of-the-possessed,Cult of the Possessed,darksoul-and-beastman-equipment-list,Darksoul and Beastman Equipment List,helmet,Helmet,10,,campaign.trading-post.helmet,10 gc,common,consistent,,,Darksoul and Beastman Equipment List
trollheim,trollheim-cult-of-the-possessed,Cult of the Possessed,darksoul-and-beastman-equipment-list,Darksoul and Beastman Equipment List,light_armour,Light Armour,20,,campaign.trading-post.light-armour,20 gc,common,consistent,,,Darksoul and Beastman Equipment List
trollheim,trollheim-cult-of-the-possessed,Cult of the Possessed,darksoul-and-beastman-equipment-list,Darksoul and Beastman Equipment List,mace,Mace,3,,campaign.trading-post.mace,3 gc,common,consistent,,,Darksoul and Beastman Equipment List
trollheim,trollheim-cult-of-the-possessed,Cult of the Possessed,darksoul-and-beastman-equipment-list,Darksoul and Beastman Equipment List,shield,Shield,5,,campaign.trading-post.shield,5 gc,common,consistent,,,Darksoul and Beastman Equipment List
trollheim,trollheim-cult-of-the-possessed,Cult of the Possessed,darksoul-and-beastman-equipment-list,Darksoul and Beastman Equipment List,sword,Sword,10,,campaign.trading-post.sword,10 gc,common,consistent,,,Darksoul and Beastman Equipment List
trollheim,trollheim-cult-of-the-possessed,Cult of the Possessed,possessed-equipment-list,Possessed Equipment List,axe,Axe,5,,campaign.trading-post.axe,5 gc,common,consistent,,,Possessed Equipment List
trollheim,trollheim-cult-of-the-possessed,Cult of the Possessed,possessed-equipment-list,Possessed Equipment List,bow,Bow,15,,campaign.trading-post.bow,10 gc,common,differs,,,Possessed Equipment List
trollheim,trollheim-cult-of-the-possessed,Cult of the Possessed,possessed-equipment-list,Possessed Equipment List,dagger,Dagger,2,,campaign.trading-post.dagger,2 gc,common,consistent,,,Possessed Equipment List
trollheim,trollheim-cult-of-the-possessed,Cult of the Possessed,possessed-equipment-list,Possessed Equipment List,great_weapon,Great Weapon,15,,campaign.trading-post.great-weapon,(not sold),not_sold,no-market,,,Possessed Equipment List
trollheim,trollheim-cult-of-the-possessed,Cult of the Possessed,possessed-equipment-list,Possessed Equipment List,hammer,Hammer,3,,campaign.trading-post.hammer,3 gc,common,consistent,,,Possessed Equipment List
trollheim,trollheim-cult-of-the-possessed,Cult of the Possessed,possessed-equipment-list,Possessed Equipment List,heavy_armour,Heavy Armour,50,,campaign.trading-post.heavy-armour,50 gc,common,consistent,,,Possessed Equipment List
trollheim,trollheim-cult-of-the-possessed,Cult of the Possessed,possessed-equipment-list,Possessed Equipment List,helmet,Helmet,10,,campaign.trading-post.helmet,10 gc,common,consistent,,,Possessed Equipment List
trollheim,trollheim-cult-of-the-possessed,Cult of the Possessed,possessed-equipment-list,Possessed Equipment List,light_armour,Light Armour,20,,campaign.trading-post.light-armour,20 gc,common,consistent,,,Possessed Equipment List
trollheim,trollheim-cult-of-the-possessed,Cult of the Possessed,possessed-equipment-list,Possessed Equipment List,mace,Mace,3,,campaign.trading-post.mace,3 gc,common,consistent,,,Possessed Equipment List
trollheim,trollheim-cult-of-the-possessed,Cult of the Possessed,possessed-equipment-list,Possessed Equipment List,shield,Shield,5,,campaign.trading-post.shield,5 gc,common,consistent,,,Possessed Equipment List
trollheim,trollheim-cult-of-the-possessed,Cult of the Possessed,possessed-equipment-list,Possessed Equipment List,short_bow,Short Bow,10,,campaign.trading-post.short-bow,5 gc,common,differs,,,Possessed Equipment List
trollheim,trollheim-cult-of-the-possessed,Cult of the Possessed,possessed-equipment-list,Possessed Equipment List,spear,Spear,10,,campaign.trading-post.spear,10 gc,common,consistent,,,Possessed Equipment List
trollheim,trollheim-cult-of-the-possessed,Cult of the Possessed,possessed-equipment-list,Possessed Equipment List,sword,Sword,10,,campaign.trading-post.sword,10 gc,common,consistent,,,Possessed Equipment List
trollheim,trollheim-mercenaries,Mercenaries,marksman-equipment-list,Marksman Equipment List,axe,Axe,5,,campaign.trading-post.axe,5 gc,common,consistent,,,Marksman Equipment List
trollheim,trollheim-mercenaries,Mercenaries,marksman-equipment-list,Marksman Equipment List,blunderbuss,Blunderbuss,30,,campaign.trading-post.blunderbuss,30 gc,rare,consistent,,,Marksman Equipment List
trollheim,trollheim-mercenaries,Mercenaries,marksman-equipment-list,Marksman Equipment List,bow,Bow,10,,campaign.trading-post.bow,10 gc,common,consistent,,,Marksman Equipment List
trollheim,trollheim-mercenaries,Mercenaries,marksman-equipment-list,Marksman Equipment List,crossbow,Crossbow,25,,campaign.trading-post.crossbow,25 gc,common,consistent,,,Marksman Equipment List
trollheim,trollheim-mercenaries,Mercenaries,marksman-equipment-list,Marksman Equipment List,dagger,Dagger,2,,campaign.trading-post.dagger,2 gc,common,consistent,,,Marksman Equipment List
trollheim,trollheim-mercenaries,Mercenaries,marksman-equipment-list,Marksman Equipment List,hammer,Hammer,3,,campaign.trading-post.hammer,3 gc,common,consistent,,,Marksman Equipment List
trollheim,trollheim-mercenaries,Mercenaries,marksman-equipment-list,Marksman Equipment List,handgun,Handgun,35,,campaign.trading-post.handgun,35 gc,rare,consistent,,,Marksman Equipment List
trollheim,trollheim-mercenaries,Mercenaries,marksman-equipment-list,Marksman Equipment List,helmet,Helmet,10,,campaign.trading-post.helmet,10 gc,common,consistent,,,Marksman Equipment List
trollheim,trollheim-mercenaries,Mercenaries,marksman-equipment-list,Marksman Equipment List,hunting_rifle,Hunting Rifle,200,,campaign.trading-post.hunting-rifle,200 gc,rare,consistent,,,Marksman Equipment List
trollheim,trollheim-mercenaries,Mercenaries,marksman-equipment-list,Marksman Equipment List,light_armour,Light Armour,20,,campaign.trading-post.light-armour,20 gc,common,consistent,,,Marksman Equipment List
trollheim,trollheim-mercenaries,Mercenaries,marksman-equipment-list,Marksman Equipment List,long_bow,Long Bow,15,,campaign.trading-post.long-bow,15 gc,common,consistent,,,Marksman Equipment List
trollheim,trollheim-mercenaries,Mercenaries,marksman-equipment-list,Marksman Equipment List,mace,Mace,3,,campaign.trading-post.mace,3 gc,common,consistent,,,Marksman Equipment List
trollheim,trollheim-mercenaries,Mercenaries,marksman-equipment-list,Marksman Equipment List,pistol,Pistol,15,,campaign.trading-post.pistol,15 gc,rare,consistent,,,Marksman Equipment List
trollheim,trollheim-mercenaries,Mercenaries,marksman-equipment-list,Marksman Equipment List,shield,Shield,5,,campaign.trading-post.shield,5 gc,common,consistent,,,Marksman Equipment List
trollheim,trollheim-mercenaries,Mercenaries,marksman-equipment-list,Marksman Equipment List,sword,Sword,10,,campaign.trading-post.sword,10 gc,common,consistent,,,Marksman Equipment List
trollheim,trollheim-mercenaries,Mercenaries,mercenary-equipment-list,Mercenary Equipment List,axe,Axe,5,,campaign.trading-post.axe,5 gc,common,consistent,,,Mercenary Equipment List
trollheim,trollheim-mercenaries,Mercenaries,mercenary-equipment-list,Mercenary Equipment List,bow,Bow,10,,campaign.trading-post.bow,10 gc,common,consistent,,,Mercenary Equipment List
trollheim,trollheim-mercenaries,Mercenaries,mercenary-equipment-list,Mercenary Equipment List,buckler,Buckler,5,,campaign.trading-post.buckler,5 gc,common,consistent,,,Mercenary Equipment List
trollheim,trollheim-mercenaries,Mercenaries,mercenary-equipment-list,Mercenary Equipment List,crossbow,Crossbow,25,,campaign.trading-post.crossbow,25 gc,common,consistent,,,Mercenary Equipment List
trollheim,trollheim-mercenaries,Mercenaries,mercenary-equipment-list,Mercenary Equipment List,dagger,Dagger,2,,campaign.trading-post.dagger,2 gc,common,consistent,,,Mercenary Equipment List
trollheim,trollheim-mercenaries,Mercenaries,mercenary-equipment-list,Mercenary Equipment List,duelling_pistol,Duelling Pistol,25,,campaign.trading-post.duelling-pistol,30 gc,rare,differs,,,Mercenary Equipment List
trollheim,trollheim-mercenaries,Mercenaries,mercenary-equipment-list,Mercenary Equipment List,great_weapon,Great Weapon,15,,campaign.trading-post.great-weapon,(not sold),not_sold,no-market,,,Mercenary Equipment List
trollheim,trollheim-mercenaries,Mercenaries,mercenary-equipment-list,Mercenary Equipment List,halberd,Halberd,10,,campaign.trading-post.halberd,10 gc,common,consistent,,,Mercenary Equipment List
trollheim,trollheim-mercenaries,Mercenaries,mercenary-equipment-list,Mercenary Equipment List,hammer,Hammer,3,,campaign.trading-post.hammer,3 gc,common,consistent,,,Mercenary Equipment List
trollheim,trollheim-mercenaries,Mercenaries,mercenary-equipment-list,Mercenary Equipment List,heavy_armour,Heavy Armour,50,,campaign.trading-post.heavy-armour,50 gc,common,consistent,,,Mercenary Equipment List
trollheim,trollheim-mercenaries,Mercenaries,mercenary-equipment-list,Mercenary Equipment List,helmet,Helmet,10,,campaign.trading-post.helmet,10 gc,common,consistent,,,Mercenary Equipment List
trollheim,trollheim-mercenaries,Mercenaries,mercenary-equipment-list,Mercenary Equipment List,light_armour,Light Armour,20,,campaign.trading-post.light-armour,20 gc,common,consistent,,,Mercenary Equipment List
trollheim,trollheim-mercenaries,Mercenaries,mercenary-equipment-list,Mercenary Equipment List,mace,Mace,3,,campaign.trading-post.mace,3 gc,common,consistent,,,Mercenary Equipment List
trollheim,trollheim-mercenaries,Mercenaries,mercenary-equipment-list,Mercenary Equipment List,morning_star,Morning Star,15,,campaign.trading-post.morning-star,15 gc,common,consistent,,,Mercenary Equipment List
trollheim,trollheim-mercenaries,Mercenaries,mercenary-equipment-list,Mercenary Equipment List,pistol,Pistol,15,,campaign.trading-post.pistol,15 gc,rare,consistent,,,Mercenary Equipment List
trollheim,trollheim-mercenaries,Mercenaries,mercenary-equipment-list,Mercenary Equipment List,shield,Shield,5,,campaign.trading-post.shield,5 gc,common,consistent,,,Mercenary Equipment List
trollheim,trollheim-mercenaries,Mercenaries,mercenary-equipment-list,Mercenary Equipment List,spear,Spear,10,,campaign.trading-post.spear,10 gc,common,consistent,,,Mercenary Equipment List
trollheim,trollheim-mercenaries,Mercenaries,mercenary-equipment-list,Mercenary Equipment List,sword,Sword,10,,campaign.trading-post.sword,10 gc,common,consistent,,,Mercenary Equipment List
trollheim,trollheim-skaven-clan-eshin,Skaven Clan Eshin,skaven-henchmen-equipment-list,Skaven Henchmen Equipment List,club,Club,3,,campaign.trading-post.club,3 gc,common,consistent,,,Skaven Henchmen Equipment List
trollheim,trollheim-skaven-clan-eshin,Skaven Clan Eshin,skaven-henchmen-equipment-list,Skaven Henchmen Equipment List,dagger,Dagger,2,,campaign.trading-post.dagger,2 gc,common,consistent,,,Skaven Henchmen Equipment List
trollheim,trollheim-skaven-clan-eshin,Skaven Clan Eshin,skaven-henchmen-equipment-list,Skaven Henchmen Equipment List,helmet,Helmet,10,,campaign.trading-post.helmet,10 gc,common,consistent,,,Skaven Henchmen Equipment List
trollheim,trollheim-skaven-clan-eshin,Skaven Clan Eshin,skaven-henchmen-equipment-list,Skaven Henchmen Equipment List,light_armour,Light Armour,20,,campaign.trading-post.light-armour,20 gc,common,consistent,,,Skaven Henchmen Equipment List
trollheim,trollheim-skaven-clan-eshin,Skaven Clan Eshin,skaven-henchmen-equipment-list,Skaven Henchmen Equipment List,shield,Shield,5,,campaign.trading-post.shield,5 gc,common,consistent,,,Skaven Henchmen Equipment List
trollheim,trollheim-skaven-clan-eshin,Skaven Clan Eshin,skaven-henchmen-equipment-list,Skaven Henchmen Equipment List,sling,Sling,2,,campaign.trading-post.sling,2 gc,common,consistent,,,Skaven Henchmen Equipment List
trollheim,trollheim-skaven-clan-eshin,Skaven Clan Eshin,skaven-henchmen-equipment-list,Skaven Henchmen Equipment List,spear,Spear,10,,campaign.trading-post.spear,10 gc,common,consistent,,,Skaven Henchmen Equipment List
trollheim,trollheim-skaven-clan-eshin,Skaven Clan Eshin,skaven-henchmen-equipment-list,Skaven Henchmen Equipment List,sword,Sword,10,,campaign.trading-post.sword,10 gc,common,consistent,,,Skaven Henchmen Equipment List
trollheim,trollheim-skaven-clan-eshin,Skaven Clan Eshin,skaven-hero-equipment-list,Skaven Hero Equipment List,blowpipe,Blowpipe,30,,campaign.trading-post.blowpipe,25 gc,rare,differs,,,Skaven Hero Equipment List
trollheim,trollheim-skaven-clan-eshin,Skaven Clan Eshin,skaven-hero-equipment-list,Skaven Hero Equipment List,buckler,Buckler,5,,campaign.trading-post.buckler,5 gc,common,consistent,,,Skaven Hero Equipment List
trollheim,trollheim-skaven-clan-eshin,Skaven Clan Eshin,skaven-hero-equipment-list,Skaven Hero Equipment List,dagger,Dagger,2,,campaign.trading-post.dagger,2 gc,common,consistent,,,Skaven Hero Equipment List
trollheim,trollheim-skaven-clan-eshin,Skaven Clan Eshin,skaven-hero-equipment-list,Skaven Hero Equipment List,fighting_claws,Fighting Claws,35,,campaign.trading-post.fighting-claws,35 gc per pair,rare,consistent-special,,,Skaven Hero Equipment List
trollheim,trollheim-skaven-clan-eshin,Skaven Clan Eshin,skaven-hero-equipment-list,Skaven Hero Equipment List,flail,Flail,15,,campaign.trading-post.flail,15 gc,common,consistent,,,Skaven Hero Equipment List
trollheim,trollheim-skaven-clan-eshin,Skaven Clan Eshin,skaven-hero-equipment-list,Skaven Hero Equipment List,halberd,Halberd,10,,campaign.trading-post.halberd,10 gc,common,consistent,,,Skaven Hero Equipment List
trollheim,trollheim-skaven-clan-eshin,Skaven Clan Eshin,skaven-hero-equipment-list,Skaven Hero Equipment List,helmet,Helmet,10,,campaign.trading-post.helmet,10 gc,common,consistent,,,Skaven Hero Equipment List
trollheim,trollheim-skaven-clan-eshin,Skaven Clan Eshin,skaven-hero-equipment-list,Skaven Hero Equipment List,light_armour,Light Armour,20,,campaign.trading-post.light-armour,20 gc,common,consistent,,,Skaven Hero Equipment List
trollheim,trollheim-skaven-clan-eshin,Skaven Clan Eshin,skaven-hero-equipment-list,Skaven Hero Equipment List,sling,Sling,2,,campaign.trading-post.sling,2 gc,common,consistent,,,Skaven Hero Equipment List
trollheim,trollheim-skaven-clan-eshin,Skaven Clan Eshin,skaven-hero-equipment-list,Skaven Hero Equipment List,spear,Spear,10,,campaign.trading-post.spear,10 gc,common,consistent,,,Skaven Hero Equipment List
trollheim,trollheim-skaven-clan-eshin,Skaven Clan Eshin,skaven-hero-equipment-list,Skaven Hero Equipment List,sword,Sword,10,,campaign.trading-post.sword,10 gc,common,consistent,,,Skaven Hero Equipment List
trollheim,trollheim-skaven-clan-eshin,Skaven Clan Eshin,skaven-hero-equipment-list,Skaven Hero Equipment List,throwing_stars,Throwing Stars,15,,campaign.trading-post.throwing-stars,15 gc,rare,consistent,,,Skaven Hero Equipment List
trollheim,trollheim-skaven-clan-eshin,Skaven Clan Eshin,skaven-hero-equipment-list,Skaven Hero Equipment List,warp_pistol,Warp Pistol,35,,campaign.trading-post.warplock-pistol,35 gc,rare,consistent,,,Skaven Hero Equipment List
trollheim,trollheim-skaven-clan-eshin,Skaven Clan Eshin,skaven-hero-equipment-list,Skaven Hero Equipment List,weeping_blades,Weeping Blades,50,,campaign.trading-post.weeping-blades,50 gc per pair,rare,consistent-special,,,Skaven Hero Equipment List
trollheim,trollheim-undead,Undead,undead-equipment-list,Undead Equipment List,axe,Axe,5,,campaign.trading-post.axe,5 gc,common,consistent,,,Undead Equipment List
trollheim,trollheim-undead,Undead,undead-equipment-list,Undead Equipment List,bow,Bow,10,,campaign.trading-post.bow,10 gc,common,consistent,,,Undead Equipment List
trollheim,trollheim-undead,Undead,undead-equipment-list,Undead Equipment List,dagger,Dagger,2,,campaign.trading-post.dagger,2 gc,common,consistent,,,Undead Equipment List
trollheim,trollheim-undead,Undead,undead-equipment-list,Undead Equipment List,great_weapon,Great Weapon,15,,campaign.trading-post.great-weapon,(not sold),not_sold,no-market,,,Undead Equipment List
trollheim,trollheim-undead,Undead,undead-equipment-list,Undead Equipment List,halberd,Halberd,10,,campaign.trading-post.halberd,10 gc,common,consistent,,,Undead Equipment List
trollheim,trollheim-undead,Undead,undead-equipment-list,Undead Equipment List,hammer,Hammer,3,,campaign.trading-post.hammer,3 gc,common,consistent,,,Undead Equipment List
trollheim,trollheim-undead,Undead,undead-equipment-list,Undead Equipment List,heavy_armour,Heavy Armour,50,,campaign.trading-post.heavy-armour,50 gc,common,consistent,,,Undead Equipment List
trollheim,trollheim-undead,Undead,undead-equipment-list,Undead Equipment List,helmet,Helmet,10,,campaign.trading-post.helmet,10 gc,common,consistent,,,Undead Equipment List
trollheim,trollheim-undead,Undead,undead-equipment-list,Undead Equipment List,light_armour,Light Armour,20,,campaign.trading-post.light-armour,20 gc,common,consistent,,,Undead Equipment List
trollheim,trollheim-undead,Undead,undead-equipment-list,Undead Equipment List,mace,Mace,3,,campaign.trading-post.mace,3 gc,common,consistent,,,Undead Equipment List
trollheim,trollheim-undead,Undead,undead-equipment-list,Undead Equipment List,shield,Shield,5,,campaign.trading-post.shield,5 gc,common,consistent,,,Undead Equipment List
trollheim,trollheim-undead,Undead,undead-equipment-list,Undead Equipment List,short_bow,Short Bow,5,,campaign.trading-post.short-bow,5 gc,common,consistent,,,Undead Equipment List
trollheim,trollheim-undead,Undead,undead-equipment-list,Undead Equipment List,spear,Spear,10,,campaign.trading-post.spear,10 gc,common,consistent,,,Undead Equipment List
trollheim,trollheim-undead,Undead,undead-equipment-list,Undead Equipment List,sword,Sword,10,,campaign.trading-post.sword,10 gc,common,consistent,,,Undead Equipment List
trollheim,trollheim-witch-hunters,Witch Hunters,flagellant-equipment-list,Flagellant Equipment List,flail,Flail,15,,campaign.trading-post.flail,15 gc,common,consistent,,,Flagellant Equipment List
trollheim,trollheim-witch-hunters,Witch Hunters,flagellant-equipment-list,Flagellant Equipment List,great_weapon,Great Weapon,15,,campaign.trading-post.great-weapon,(not sold),not_sold,no-market,,,Flagellant Equipment List
trollheim,trollheim-witch-hunters,Witch Hunters,flagellant-equipment-list,Flagellant Equipment List,morning_star,Morning Star,15,,campaign.trading-post.morning-star,15 gc,common,consistent,,,Flagellant Equipment List
trollheim,trollheim-witch-hunters,Witch Hunters,witch-hunter-equipment-list,Witch Hunter Equipment List,axe,Axe,5,,campaign.trading-post.axe,5 gc,common,consistent,,,Witch Hunter Equipment List
trollheim,trollheim-witch-hunters,Witch Hunters,witch-hunter-equipment-list,Witch Hunter Equipment List,buckler,Buckler,5,,campaign.trading-post.buckler,5 gc,common,consistent,,,Witch Hunter Equipment List
trollheim,trollheim-witch-hunters,Witch Hunters,witch-hunter-equipment-list,Witch Hunter Equipment List,crossbow,Crossbow,25,,campaign.trading-post.crossbow,25 gc,common,consistent,,,Witch Hunter Equipment List
trollheim,trollheim-witch-hunters,Witch Hunters,witch-hunter-equipment-list,Witch Hunter Equipment List,crossbow_pistol,Crossbow Pistol,35,,campaign.trading-post.crossbow-pistol,35 gc,rare,consistent,,,Witch Hunter Equipment List
trollheim,trollheim-witch-hunters,Witch Hunters,witch-hunter-equipment-list,Witch Hunter Equipment List,dagger,Dagger,2,,campaign.trading-post.dagger,2 gc,common,consistent,,,Witch Hunter Equipment List
trollheim,trollheim-witch-hunters,Witch Hunters,witch-hunter-equipment-list,Witch Hunter Equipment List,great_weapon,Great Weapon,15,,campaign.trading-post.great-weapon,(not sold),not_sold,no-market,,,Witch Hunter Equipment List
trollheim,trollheim-witch-hunters,Witch Hunters,witch-hunter-equipment-list,Witch Hunter Equipment List,hammer,Hammer,3,,campaign.trading-post.hammer,3 gc,common,consistent,,,Witch Hunter Equipment List
trollheim,trollheim-witch-hunters,Witch Hunters,witch-hunter-equipment-list,Witch Hunter Equipment List,heavy_armour,Heavy Armour,50,,campaign.trading-post.heavy-armour,50 gc,common,consistent,,,Witch Hunter Equipment List
trollheim,trollheim-witch-hunters,Witch Hunters,witch-hunter-equipment-list,Witch Hunter Equipment List,helmet,Helmet,10,,campaign.trading-post.helmet,10 gc,common,consistent,,,Witch Hunter Equipment List
trollheim,trollheim-witch-hunters,Witch Hunters,witch-hunter-equipment-list,Witch Hunter Equipment List,light_armour,Light Armour,20,,campaign.trading-post.light-armour,20 gc,common,consistent,,,Witch Hunter Equipment List
trollheim,trollheim-witch-hunters,Witch Hunters,witch-hunter-equipment-list,Witch Hunter Equipment List,mace,Mace,3,,campaign.trading-post.mace,3 gc,common,consistent,,,Witch Hunter Equipment List
trollheim,trollheim-witch-hunters,Witch Hunters,witch-hunter-equipment-list,Witch Hunter Equipment List,pistol,Pistol,15,,campaign.trading-post.pistol,15 gc,rare,consistent,,,Witch Hunter Equipment List
trollheim,trollheim-witch-hunters,Witch Hunters,witch-hunter-equipment-list,Witch Hunter Equipment List,shield,Shield,5,,campaign.trading-post.shield,5 gc,common,consistent,,,Witch Hunter Equipment List
trollheim,trollheim-witch-hunters,Witch Hunters,witch-hunter-equipment-list,Witch Hunter Equipment List,sword,Sword,10,,campaign.trading-post.sword,10 gc,common,consistent,,,Witch Hunter Equipment List
trollheim,trollheim-witch-hunters,Witch Hunters,zealot-equipment-list,Zealot Equipment List,axe,Axe,5,,campaign.trading-post.axe,5 gc,common,consistent,,,Zealot Equipment List
trollheim,trollheim-witch-hunters,Witch Hunters,zealot-equipment-list,Zealot Equipment List,bow,Bow,10,,campaign.trading-post.bow,10 gc,common,consistent,,,Zealot Equipment List
trollheim,trollheim-witch-hunters,Witch Hunters,zealot-equipment-list,Zealot Equipment List,dagger,Dagger,2,,campaign.trading-post.dagger,2 gc,common,consistent,,,Zealot Equipment List
trollheim,trollheim-witch-hunters,Witch Hunters,zealot-equipment-list,Zealot Equipment List,great_weapon,Great Weapon,15,,campaign.trading-post.great-weapon,(not sold),not_sold,no-market,,,Zealot Equipment List
trollheim,trollheim-witch-hunters,Witch Hunters,zealot-equipment-list,Zealot Equipment List,hammer,Hammer,3,,campaign.trading-post.hammer,3 gc,common,consistent,,,Zealot Equipment List
trollheim,trollheim-witch-hunters,Witch Hunters,zealot-equipment-list,Zealot Equipment List,helmet,Helmet,10,,campaign.trading-post.helmet,10 gc,common,consistent,,,Zealot Equipment List
trollheim,trollheim-witch-hunters,Witch Hunters,zealot-equipment-list,Zealot Equipment List,light_armour,Light Armour,20,,campaign.trading-post.light-armour,20 gc,common,consistent,,,Zealot Equipment List
trollheim,trollheim-witch-hunters,Witch Hunters,zealot-equipment-list,Zealot Equipment List,mace,Mace,3,,campaign.trading-post.mace,3 gc,common,consistent,,,Zealot Equipment List
trollheim,trollheim-witch-hunters,Witch Hunters,zealot-equipment-list,Zealot Equipment List,shield,Shield,5,,campaign.trading-post.shield,5 gc,common,consistent,,,Zealot Equipment List
trollheim,trollheim-witch-hunters,Witch Hunters,zealot-equipment-list,Zealot Equipment List,short_bow,Short Bow,5,,campaign.trading-post.short-bow,5 gc,common,consistent,,,Zealot Equipment List
trollheim,trollheim-witch-hunters,Witch Hunters,zealot-equipment-list,Zealot Equipment List,spear,Spear,10,,campaign.trading-post.spear,10 gc,common,consistent,,,Zealot Equipment List
trollheim,trollheim-witch-hunters,Witch Hunters,zealot-equipment-list,Zealot Equipment List,sword,Sword,10,,campaign.trading-post.sword,10 gc,common,consistent,,,Zealot Equipment List
