id,kind,name,source_file,section,source_url,scope,scope_reason,implemented,binding,structural_status,semantic_status,semantic_reason,scenarios,interactions,ruling,review_status,question,interpretation,risk_level,verification_requirement,interaction_status,risk_reasons,coverage_evidence,combat_work_status,t13_origin,t13_disposition,t13_lots,t13_question_id,effect_text,canonical_id,development_family,semantic_dependencies,question_status,decision_reference,next_action,audit_mode,scope_basis,scope_category,origin_id,owner,candidate_effect,assignment_reason,effect_sha256,source_fingerprint,source_files
core/combat-critical-hits,core,Critical Hits,catalog/rules/core-combat.yaml,,,YES,,YES,"{""id"": ""combat-critical-hits"", ""kind"": ""core"", ""parameters"": {}}",linked,not_run,Semantic verification was not run.,,,,ready,,"The basic critical table is rolled independently. This composition chooses Master Strike (5), two wounds with armour ignored and +2 Injury. The boundary is an ordinary wound. See docs/modular-remediation.md, M01. | Devil's Toxin rerolls failed wound rolls, and the reroll cannot cause a critical hit; an unrerolled natural 6 still crits. | Wolfsbane causes critical hits on a wound roll of 5-6; the same roll is merely a wound without the poison. | A natural 6 to wound is critical unless it was required. The attacker spends the sole critical allowance on the first critical wound in the combat phase. Resolve the separate D6 basic chart: double damage and result-dependent armour denial/Injury modifiers.",not_assessed,not_assessed,not_run,,,implemented_pending_verification,,,,,"A natural 6 to wound is critical unless a 6 was required. A warrior causes at most one critical hit per close-combat phase. Resolve the basic critical table on D6 with critical-table modifiers; all results cause two wounds, 3+ ignores armour, and 5+ adds two to Injury. For 1-2 save before doubling. Use the higher damage instead of multiplying another multiple-wound effect.",combat-critical-hits,,,none,,Review existing evidence; repair verification metadata or missing evidence without reimplementing the effect.,inventory,kb,,core/combat-critical-hits,A,combat-critical-hits,binding operator 'core:combat-critical-hits' pinned to its behaviour family by the operator table,a60d9eb2d82a40d5d6d41fa47dbc0273c9d1eb10247685197fb86127b72cfc5f,4787dceb3e099a5e8cb3ad8b3cc0eafe9b7b30fd08985813cdb73d3a8a969473,"[""sources/knowledge/catalog/rules/core-combat.yaml""]"
core/combat-order,core,Combat Order,catalog/rules/core-combat.yaml,,,YES,,YES,"{""id"": ""combat-order"", ""kind"": ""core"", ""parameters"": {}}",linked,not_run,Semantic verification was not run.,,,,ready,,"A warrior who stood up in the Recovery phase strikes last, behind ordinary order. | Always Strikes First raises priority above the ordinary Initiative order. | Lightning Reflexes strikes first when charged in the first round. | Strongman cancels the double-handed strike-last penalty, restoring ordinary order; standing up still strikes last. | Double-handed weapons strike last even when charging; Strongman is a separate exception. | Charge precedes normal Initiative. A warrior who stood up strikes last even if otherwise fast. Within equal priority the higher Initiative acts first, with unbiased resolution of exact ties.",not_assessed,not_assessed,not_run,,,implemented_pending_verification,,,,,Charge and other strike-first effects resolve before normal Initiative order; a warrior who stood up in the Recovery phase strikes last. This standing-up penalty applies only to the turn in which the warrior stood up.,combat-order,,,none,,Review existing evidence; repair verification metadata or missing evidence without reimplementing the effect.,inventory,kb,,core/combat-order,A,combat-order,binding operator 'core:combat-order' pinned to its behaviour family by the operator table,c99bd561117bc59e760e6383352426f0f2da70a1d50b2197f895be41cb9960e3,2f9364511dafb3fcabdea74f5e72e4f034fdc22fd8d3db48e3b7f65353ceeaf0,"[""sources/knowledge/catalog/rules/core-combat.yaml""]"
core/combat-two-weapons,core,Fighting with Two Weapons,catalog/rules/core-combat.yaml,,,YES,,YES,"{""id"": ""combat-two-weapons"", ""kind"": ""core"", ""parameters"": {}}",linked,not_run,Semantic verification was not run.,,,,ready,,"Two one-handed weapons grant one extra Attack after other modifiers; Extra Attack adds one more, composing to 3. | Ferocious Charge doubles Attacks while charging and the two-weapon bonus is added after that doubling. | Red Fury adds one Attack; the two-weapon bonus adds one more. | Unarmed Fighting only adds an Attack while fighting unarmed; with two swords the two-weapon bonus is the only addition. | Vomit Attack replaces every normal attack with exactly one, overriding the two-weapon bonus. | One off-hand attack is added AFTER other attack modifiers, including frenzy. With distinct melee weapons the decision selects the weapon for all but one attack.",not_assessed,not_assessed,not_run,,,implemented_pending_verification,,,,,"Two one-handed weapons grant one additional Attack after other modifiers. When weapons differ, choose one for a single attack and use the other for all remaining attacks.",combat-two-weapons,,,none,,Review existing evidence; repair verification metadata or missing evidence without reimplementing the effect.,inventory,kb,,core/combat-two-weapons,A,combat-two-weapons,binding operator 'core:combat-two-weapons' pinned to its behaviour family by the operator table,f617e3169c483db67e44c16ce2ddd93b84ea9ff585434123219e8626720521ce,5807d3b5c16ddffe446fa8ebffd3b9653f6bdab3c5c244e1d860aded3e994215,"[""sources/knowledge/catalog/rules/core-combat.yaml""]"
rule/mordheim/amazons-lustria/band--amazon-special-skills-mesmerising-dance/mechanic.mesmerising-dance,editorial_effect,Mesmerising Dance,bands/mordheim/amazons-lustria/special-rules.yaml,Amazon special skills / mesmerising dance,https://mordheimer.net/docs/warbands/grade-1b-warbands/amazons-lustria,YES,,YES,"{""id"": ""mechanic.mesmerising-dance"", ""kind"": ""mechanic"", ""parameters"": {}}",linked,not_run,Semantic verification was not run.,,,,ready,,,not_assessed,not_assessed,not_run,,,implemented_pending_verification,,,,,Some Amazon women develop their fighting motions into a graceful dance that can transfix their foes. Any model fighting in base contact with the Amazon must take a Leadership test at the start of each turn. If they fail they cannot attack that turn but may defend themselves. The dance however is useless against Lizardmen and undead who are immune to their charms.,band--amazon-special-skills-mesmerising-dance,,mechanic/mechanic.mesmerising-dance,none,,Review existing evidence; repair verification metadata or missing evidence without reimplementing the effect.,inventory,kb,,rule/mordheim/amazons-lustria/band--amazon-special-skills-mesmerising-dance/mechanic.mesmerising-dance,A,mechanic.mesmerising-dance,binding operator 'mechanic:mechanic.mesmerising-dance' pinned to its behaviour family by the operator table,a5ba3b9697cc9bab9d6350a133e5a254bbb75e58141ede490ea6aa76c0cc2613,38c2d49e68f21655b3bfbb7ecdd498f9cea017d197f2ae723df7d72c62450356,"[""sources/knowledge/bands/mordheim/amazons-lustria/band.yaml"", ""sources/knowledge/bands/mordheim/amazons-lustria/equipment-access.yaml"", ""sources/knowledge/bands/mordheim/amazons-lustria/profiles.yaml"", ""sources/knowledge/bands/mordheim/amazons-lustria/special-rules.yaml"", ""sources/knowledge/catalog/rules/special-rules.yaml""]"
rule/mordheim/amazons-lustria/band--amazon-special-skills-savage-fury/mechanic.savage-fury,editorial_effect,Savage Fury,bands/mordheim/amazons-lustria/special-rules.yaml,Amazon special skills / savage fury,https://mordheimer.net/docs/warbands/grade-1b-warbands/amazons-lustria,YES,,YES,"{""id"": ""mechanic.savage-fury"", ""kind"": ""mechanic"", ""parameters"": {}}",linked,not_run,Semantic verification was not run.,,,,ready,,,not_assessed,not_assessed,not_run,,,implemented_pending_verification,,,,,The Amazon has learned to channel her anger and aggression making her a veritable animal while attacking her foes. Any Amazon model with this skill receives + 1 A when charging and is immune to charm effects and fear.,band--amazon-special-skills-savage-fury,,mechanic/mechanic.savage-fury,none,,Review existing evidence; repair verification metadata or missing evidence without reimplementing the effect.,inventory,kb,,rule/mordheim/amazons-lustria/band--amazon-special-skills-savage-fury/mechanic.savage-fury,A,mechanic.savage-fury,binding operator 'mechanic:mechanic.savage-fury' pinned to its behaviour family by the operator table,198353847e711fd379380e5ba21ad342d3f2830afac06e534e412842591b7deb,375b96fb639a62c275bf700cd0fea0dc00ed816fde1bacc0416a6808482aa9f0,"[""sources/knowledge/bands/mordheim/amazons-lustria/band.yaml"", ""sources/knowledge/bands/mordheim/amazons-lustria/equipment-access.yaml"", ""sources/knowledge/bands/mordheim/amazons-lustria/profiles.yaml"", ""sources/knowledge/bands/mordheim/amazons-lustria/special-rules.yaml"", ""sources/knowledge/catalog/rules/special-rules.yaml""]"
rule/mordheim/amazons-lustria/band--amazon-special-skills-skink-hunter/mechanic.strike-first-vs-skinks-first-round,editorial_effect,Skink Hunter,bands/mordheim/amazons-lustria/special-rules.yaml,Amazon special skills / skink hunter,https://mordheimer.net/docs/warbands/grade-1b-warbands/amazons-lustria,YES,,YES,"{""id"": ""mechanic.strike-first-vs-skinks-first-round"", ""kind"": ""mechanic"", ""parameters"": {}}",linked,not_run,Semantic verification was not run.,,,,ready,,"Amazon Special Skills / Skink Hunter: priority against skinks only in the first round; not against other enemies. What is observed is who acts, not an internal priority number.",not_assessed,not_assessed,not_run,,,implemented_pending_verification,,,,,"Through her exploits the Amazon has proven herself a master when it comes to hunting Lizardmen, particularly Skinks. An Amazon with this skill will always strike first in the first round of combat against Skink models no matter who charged.",band--amazon-special-skills-skink-hunter,,mechanic/mechanic.strike-first-vs-skinks-first-round,none,,Review existing evidence; repair verification metadata or missing evidence without reimplementing the effect.,inventory,kb,,rule/mordheim/amazons-lustria/band--amazon-special-skills-skink-hunter/mechanic.strike-first-vs-skinks-first-round,A,mechanic.strike-first-vs-skinks-first-round,binding operator 'mechanic:mechanic.strike-first-vs-skinks-first-round' pinned to its behaviour family by the operator table,48c5c2e666f46481f4f01a0f1d1dd08985be845d01c98225ed2046d7a30062f0,43b93863cef749411074e3b0f0d9e221af11703e8edda1c5632ba8192bc0f7b4,"[""sources/knowledge/bands/mordheim/amazons-lustria/band.yaml"", ""sources/knowledge/bands/mordheim/amazons-lustria/equipment-access.yaml"", ""sources/knowledge/bands/mordheim/amazons-lustria/profiles.yaml"", ""sources/knowledge/bands/mordheim/amazons-lustria/special-rules.yaml"", ""sources/knowledge/catalog/rules/special-rules.yaml""]"
rule/mordheim/battle-monks-of-cathay/band--battle-monks-special-skills-energy-focus/compiler.energy-focus,editorial_effect,Energy Focus,bands/mordheim/battle-monks-of-cathay/special-rules.yaml,Battle Monks Special Skills / Energy Focus,https://mordheimer.net/docs/warbands/grade-1c-warbands/battle-monks-of-cathay,YES,,YES,"{""id"": ""mechanic.energy-focus"", ""kind"": ""mechanic"", ""parameters"": {}}",linked,not_run,Semantic verification was not run.,,,"Energy Focus allows selecting any number of attacks, including zero or all of the profile's attacks.",ready,"Does Energy Focus keep the choice of how many attacks to sacrifice, or must the canonical convention of sacrificing all but one be applied?",Battle Monks Special Skills / Energy Focus allows choosing any amount between zero and the profile's Attacks. Each sacrificed attack reduces A by one and grants +1 Strength while the monk fights unarmed. The historical convention of always keeping one attack was a simplification and is not part of the RAW.,not_assessed,not_assessed,not_run,,,implemented_pending_verification,,,,,"If fighting unarmed, the Hero may choose to reduce his Attacks by –1 and thus gain +1 Strength in close combat. The monk may sacrifice any number of attacks this way.",band--battle-monks-special-skills-energy-focus,,mechanic/mechanic.energy-focus,resolved,,Review existing evidence; repair verification metadata or missing evidence without reimplementing the effect.,inventory,kb,,rule/mordheim/battle-monks-of-cathay/band--battle-monks-special-skills-energy-focus/compiler.energy-focus,A,mechanic.energy-focus,binding operator 'mechanic:mechanic.energy-focus' pinned to its behaviour family by the operator table,821a2268165f050bcd0d0778192ba7ef1fea24e888a47c4023570a4204873e2f,4098d72ac25720033e060e7827644e64d12ebd5c4381a80316debe4f062a69cc,"[""sources/knowledge/bands/mordheim/battle-monks-of-cathay/band.yaml"", ""sources/knowledge/bands/mordheim/battle-monks-of-cathay/equipment-access.yaml"", ""sources/knowledge/bands/mordheim/battle-monks-of-cathay/profiles.yaml"", ""sources/knowledge/bands/mordheim/battle-monks-of-cathay/special-rules.yaml"", ""sources/knowledge/catalog/rules/special-rules.yaml""]"
rule/mordheim/battle-monks-of-cathay/dragon-monks--art-of-silent-death/skill.unarmed-critical-strikes,editorial_effect,Art of Silent Death,bands/mordheim/battle-monks-of-cathay/special-rules.yaml,Heroes / 0 – 3 Dragon Monks / Special Rules / Art of Silent Death,https://mordheimer.net/docs/warbands/grade-1c-warbands/battle-monks-of-cathay,YES,,YES,"{""id"": ""skill.unarmed-critical-strikes"", ""kind"": ""mechanic"", ""parameters"": {}}",linked,not_run,Semantic verification was not run.,,,,ready,,Battle Monks of Cathay / Dragon Monks / Art of Silent Death. Only the Dragon Monk's unarmed attacks score criticals on 5+; the Quarter Staff ones keep 6.,not_assessed,not_assessed,not_run,,,implemented_pending_verification,,,,,"Dragon Monks have become masters of the Cathayan art of open-hand fighting. In hand-to-hand combat, if fighting unarmed, they will cause a critical hit on a roll 'to wound' of 5-6 instead of a 6. If the Dragon Monk wields a quarter staff, only the unarmed attacks will cause a critical hit on 5+.",dragon-monks--art-of-silent-death,,mechanic/skill.unarmed-critical-strikes,none,,Review existing evidence; repair verification metadata or missing evidence without reimplementing the effect.,inventory,kb,,rule/mordheim/battle-monks-of-cathay/dragon-monks--art-of-silent-death/skill.unarmed-critical-strikes,A,skill.unarmed-critical-strikes,binding operator 'mechanic:skill.unarmed-critical-strikes' classified into the A family by operator vocabulary,797d43a21317cc2f2826c0270ef37388363c7ae3c27e35aa5d2084ae4d8f03f2,15299340415fbe7ba686adf75047b45c8c2030f9ad7bfb9b56576f5f66586c8f,"[""sources/knowledge/bands/mordheim/battle-monks-of-cathay/band.yaml"", ""sources/knowledge/bands/mordheim/battle-monks-of-cathay/equipment-access.yaml"", ""sources/knowledge/bands/mordheim/battle-monks-of-cathay/profiles.yaml"", ""sources/knowledge/bands/mordheim/battle-monks-of-cathay/special-rules.yaml"", ""sources/knowledge/catalog/rules/special-rules.yaml""]"
rule/mordheim/battle-monks-of-cathay/dragon-monks--unarmed-fighting/skill.unarmed-fighting,editorial_effect,Unarmed Fighting,bands/mordheim/battle-monks-of-cathay/special-rules.yaml,Heroes / 0 – 3 Dragon Monks / Weapons/Armour,https://mordheimer.net/docs/warbands/grade-1c-warbands/battle-monks-of-cathay,YES,,YES,"{""id"": ""skill.unarmed-fighting"", ""kind"": ""mechanic"", ""parameters"": {}}",linked,not_run,Semantic verification was not run.,,,,ready,,"Weapons/Armour / Unarmed Fighting removes the usual fist penalties and adds one attack while unarmed. Printed S3 and A1 therefore give strength 3 and two attacks, without improving enemy armour. An equipped sword does not receive the extra unarmed attack.",not_assessed,not_assessed,not_run,,,implemented_pending_verification,,,,,Monks suffer no penalties whatsoever for fighting unarmed and receive +1 Attack when doing so.,dragon-monks--unarmed-fighting,,mechanic/skill.unarmed-fighting,none,,Review existing evidence; repair verification metadata or missing evidence without reimplementing the effect.,inventory,kb,,rule/mordheim/battle-monks-of-cathay/dragon-monks--unarmed-fighting/skill.unarmed-fighting,A,skill.unarmed-fighting,binding operator 'mechanic:skill.unarmed-fighting' classified into the A family by operator vocabulary,65dbfe322d0285be832c0c3279ef7ba07cae6018e55cc2829f2b2b7cabe8aeb0,2158b248d8d34b620fbb95ca14b6e6715585eeebd5b922b1c5ac5dc55723ba6f,"[""sources/knowledge/bands/mordheim/battle-monks-of-cathay/band.yaml"", ""sources/knowledge/bands/mordheim/battle-monks-of-cathay/equipment-access.yaml"", ""sources/knowledge/bands/mordheim/battle-monks-of-cathay/profiles.yaml"", ""sources/knowledge/bands/mordheim/battle-monks-of-cathay/special-rules.yaml"", ""sources/knowledge/catalog/rules/special-rules.yaml""]"
rule/mordheim/battle-monks-of-cathay/warrior-monks--unarmed-fighting/skill.unarmed-fighting,editorial_effect,Unarmed Fighting,bands/mordheim/battle-monks-of-cathay/special-rules.yaml,henchmen / 0 – 5 Warrior Monks / Weapons/Armour,https://mordheimer.net/docs/warbands/grade-1c-warbands/battle-monks-of-cathay,YES,,YES,"{""id"": ""skill.unarmed-fighting"", ""kind"": ""mechanic"", ""parameters"": {}}",linked,not_run,Semantic verification was not run.,,,,ready,,"Weapons/Armour / Unarmed Fighting removes the usual fist penalties and adds one attack while unarmed. Printed S3 and A1 therefore give strength 3 and two attacks, without improving enemy armour. An equipped sword does not receive the extra unarmed attack.",not_assessed,not_assessed,not_run,,,implemented_pending_verification,,,,,Monks suffer no penalties whatsoever for fighting unarmed and receive +1 Attack when doing so.,warrior-monks--unarmed-fighting,,mechanic/skill.unarmed-fighting,none,,Review existing evidence; repair verification metadata or missing evidence without reimplementing the effect.,inventory,kb,,rule/mordheim/battle-monks-of-cathay/warrior-monks--unarmed-fighting/skill.unarmed-fighting,A,skill.unarmed-fighting,binding operator 'mechanic:skill.unarmed-fighting' classified into the A family by operator vocabulary,65dbfe322d0285be832c0c3279ef7ba07cae6018e55cc2829f2b2b7cabe8aeb0,04ef3b51f719bee8838d7e9d5bfe12443b59f5fc1c57a0dea09e8f3a1ee06649,"[""sources/knowledge/bands/mordheim/battle-monks-of-cathay/band.yaml"", ""sources/knowledge/bands/mordheim/battle-monks-of-cathay/equipment-access.yaml"", ""sources/knowledge/bands/mordheim/battle-monks-of-cathay/profiles.yaml"", ""sources/knowledge/bands/mordheim/battle-monks-of-cathay/special-rules.yaml"", ""sources/knowledge/catalog/rules/special-rules.yaml""]"
rule/mordheim/black-orcs/band--black-orc-special-skills-eadbasher/skill.head-crusher,editorial_effect,’Eadbasher,bands/mordheim/black-orcs/special-rules.yaml,Black Orc Special Skills / ’eadbasher,https://mordheimer.net/docs/warbands/grade-1b-warbands/black-orcs,YES,,YES,"{""id"": ""skill.head-crusher"", ""kind"": ""mechanic"", ""parameters"": {}}",linked,not_run,Semantic verification was not run.,,,,ready,,"The three 'Eadbasher variants grant the same selectable Head Crusher mechanism to their Orc hero profiles. Henchmen, Goblins, Squigs and Trolls cannot select it.",not_assessed,not_assessed,not_run,,,implemented_pending_verification,,,,,"Orcs have massive physical strength and some of them even learn to aim their blows at the heads of their opponents, with obvious results. Any knocked down results which the Orc causes in hand-to-hand count as stunned results instead.",band--black-orc-special-skills-eadbasher,,mechanic/skill.head-crusher,none,,Review existing evidence; repair verification metadata or missing evidence without reimplementing the effect.,inventory,kb,,rule/mordheim/black-orcs/band--black-orc-special-skills-eadbasher/skill.head-crusher,A,skill.head-crusher,binding operator 'mechanic:skill.head-crusher' classified into the A family by operator vocabulary,ca24ed81d42eb0095fdc5e4b0ba1c85e27ef0d0ffb6c36e1de3c3043fcc4207d,89a6e8665785424be46fccc0e202ef4d0163fd54c9519e9c92f8ba6dd105d9b6,"[""sources/knowledge/bands/mordheim/black-orcs/band.yaml"", ""sources/knowledge/bands/mordheim/black-orcs/equipment-access.yaml"", ""sources/knowledge/bands/mordheim/black-orcs/profiles.yaml"", ""sources/knowledge/bands/mordheim/black-orcs/special-rules.yaml"", ""sources/knowledge/catalog/rules/special-rules.yaml""]"
rule/mordheim/black-orcs/orc-nuttaz--savage/psychology.leadership-restrictions,editorial_effect,Savage,bands/mordheim/black-orcs/special-rules.yaml,henchmen / 0 – 4 Orc Nuttaz / Special Rules / Savage,https://mordheimer.net/docs/warbands/grade-1b-warbands/black-orcs,LATER,Psychology is deferred.,NO,unbound,not_applicable,deferred,Psychology is deferred.,,,,deferred,,,not_applicable,not_applicable,not_applicable,,,deferred_scope_review,,,,,"Nuttaz must always run or charge their maximum distance towards the nearest opponent they can see. Friendly models do not block line of sight. Additionally they fight with an extra attack whilst in combat. This does not appear on their profile nor does it count towards the racial maximum. If no enemy is visible they are moved under the player’s control. They can never use any form of armour or ranged weapons. Nuttaz are also too unstable for other Boyz and can never have the Leader ability or use their Ld stat for rout tests, excepting them as being the only models left on the board.",orc-nuttaz--savage,,,none,,Review scope and prerequisites before admitting or implementing the effect.,inventory,kb,,rule/mordheim/black-orcs/orc-nuttaz--savage/psychology.leadership-restrictions,A,,"unbound source prose names a A-family operator; assigned for review; scope LATER preserved: review every clause individually, including possible mixed or reference-only clauses; keywords cannot defer a whole row; assignment for review is not admission",a75a060e0a5abb8b00ccced0e880897a94ce2277f2cbdf3578a61487a0f1aab1,bf1843895f7309beec93e5e35df3c215d050651d21343214e2b227dba3c3d2a3,"[""sources/knowledge/bands/mordheim/black-orcs/band.yaml"", ""sources/knowledge/bands/mordheim/black-orcs/equipment-access.yaml"", ""sources/knowledge/bands/mordheim/black-orcs/profiles.yaml"", ""sources/knowledge/bands/mordheim/black-orcs/special-rules.yaml"", ""sources/knowledge/catalog/rules/special-rules.yaml""]"
rule/mordheim/black-orcs/orc-nuttaz--savage/skill.extra-attack,editorial_effect,Savage,bands/mordheim/black-orcs/special-rules.yaml,henchmen / 0 – 4 Orc Nuttaz / Special Rules / Savage,https://mordheimer.net/docs/warbands/grade-1b-warbands/black-orcs,YES,,YES,"{""id"": ""skill.extra-attack"", ""kind"": ""mechanic"", ""parameters"": {}}",linked,not_run,Semantic verification was not run.,,,,ready,,Savage grants every Orc Nutta one additional close-combat attack without changing the printed profile or racial maximum. This specification covers only that in-scope effect; its equipment restrictions are separate.,not_assessed,not_assessed,not_run,,,implemented_pending_verification,,,,,"Nuttaz must always run or charge their maximum distance towards the nearest opponent they can see. Friendly models do not block line of sight. Additionally they fight with an extra attack whilst in combat. This does not appear on their profile nor does it count towards the racial maximum. If no enemy is visible they are moved under the player’s control. They can never use any form of armour or ranged weapons. Nuttaz are also too unstable for other Boyz and can never have the Leader ability or use their Ld stat for rout tests, excepting them as being the only models left on the board.",orc-nuttaz--savage,,mechanic/skill.extra-attack,none,,Review existing evidence; repair verification metadata or missing evidence without reimplementing the effect.,inventory,kb,,rule/mordheim/black-orcs/orc-nuttaz--savage/skill.extra-attack,A,skill.extra-attack,binding operator 'mechanic:skill.extra-attack' classified into the A family by operator vocabulary,a75a060e0a5abb8b00ccced0e880897a94ce2277f2cbdf3578a61487a0f1aab1,3569167c325bf50947d26c0b0639d8b05e3bf67128aad62c25e19d80d5be6779,"[""sources/knowledge/bands/mordheim/black-orcs/band.yaml"", ""sources/knowledge/bands/mordheim/black-orcs/equipment-access.yaml"", ""sources/knowledge/bands/mordheim/black-orcs/profiles.yaml"", ""sources/knowledge/bands/mordheim/black-orcs/special-rules.yaml"", ""sources/knowledge/catalog/rules/special-rules.yaml""]"
rule/mordheim/black-orcs/troll--vomit-attack/weapon.vomit-attack,editorial_effect,Vomit Attack,bands/mordheim/black-orcs/special-rules.yaml,henchmen / 0 – 1 Troll / Special Rules / Vomit Attack,https://mordheimer.net/docs/warbands/grade-1b-warbands/black-orcs,YES,,YES,"{""id"": ""weapon.vomit-attack"", ""kind"": ""mechanic"", ""parameters"": {}}",linked,not_run,Semantic verification was not run.,,,,ready,,Every cited profile entry grants the optional Vomit attack exclusively to the Troll profile. The profile's legal weapon construction exposes the canonical Vomit mechanism; all other profiles in each band must reject the same selection.,not_assessed,not_assessed,not_run,,,implemented_pending_verification,,,,,"Instead of his normal attacks, a Troll can regurgitate its highly corrosive digestive juices on an unfortunate hand-to-hand combat opponent. This is a single attack that automatically hits with a Strength of 5 and ignores armour saves.",troll--vomit-attack,,mechanic/weapon.vomit-attack,none,,Review existing evidence; repair verification metadata or missing evidence without reimplementing the effect.,inventory,kb,,rule/mordheim/black-orcs/troll--vomit-attack/weapon.vomit-attack,A,weapon.vomit-attack,binding operator 'mechanic:weapon.vomit-attack' classified into the A family by operator prefix 'weapon.',85099f260d22717fa855887bb010e122cb55c15729b3901f074f0323c3c293d2,9c9b677811516080dd6e381f1b24d5d1c2809469e6adea600e11a3075f7c9a2c,"[""sources/knowledge/bands/mordheim/black-orcs/band.yaml"", ""sources/knowledge/bands/mordheim/black-orcs/equipment-access.yaml"", ""sources/knowledge/bands/mordheim/black-orcs/profiles.yaml"", ""sources/knowledge/bands/mordheim/black-orcs/special-rules.yaml"", ""sources/knowledge/catalog/rules/special-rules.yaml""]"
rule/mordheim/blood-dragons-mou/grave-guards--killing-blow/mechanic.killing-blow,editorial_effect,Killing Blow (Grave Guards),bands/mordheim/blood-dragons-mou/special-rules.yaml,Henchmen / 0-5 Grave Guards / Special Rules,https://broheim.net/downloads/warbands/supplement/mousillon/Blood%20Dragons.pdf,YES,,YES,"{""id"": ""mechanic.killing-blow"", ""kind"": ""mechanic"", ""parameters"": {}}",linked,not_run,Semantic verification was not run.,,,,ready,,,not_assessed,not_assessed,not_run,,,implemented_pending_verification,sources/2B/bands/mordheim/blood-dragons-mou/special-rules.yaml#grave-guards--killing-blow#unimplemented.blood-dragons-mou.grave-guards.killing-blow,included,"[""T13.2"",""T13.3""]",,"A natural rolled 6 on the to-hit roll wounds automatically; the strike might not be parried, but armour and saving throws are allowed.",grave-guards--killing-blow,natural-hit-auto-wound,mechanic/mechanic.killing-blow,none,,Review existing evidence; repair verification metadata or missing evidence without reimplementing the effect.,inventory,kb,,rule/mordheim/blood-dragons-mou/grave-guards--killing-blow/mechanic.killing-blow,A,mechanic.killing-blow,binding operator 'mechanic:mechanic.killing-blow' pinned to its behaviour family by the operator table,2cdf1c981bd9edc8129564ae0d0465102e3d41765cdbc204f21fcdcc76e8ae39,763e8154625d1c2e98b13fd2149a476eede165ab83104d55aa5cf080a8c7e4fe,"[""sources/knowledge/bands/mordheim/blood-dragons-mou/band.yaml"", ""sources/knowledge/bands/mordheim/blood-dragons-mou/equipment-access.yaml"", ""sources/knowledge/bands/mordheim/blood-dragons-mou/profiles.yaml"", ""sources/knowledge/bands/mordheim/blood-dragons-mou/special-rules.yaml"", ""sources/knowledge/catalog/rules/special-rules.yaml""]"
rule/mordheim/blood-dragons-mou/wights--killing-blow/mechanic.killing-blow,editorial_effect,Killing Blow (Wights),bands/mordheim/blood-dragons-mou/special-rules.yaml,Heroes / 0-2 Wights / Special Rules,https://broheim.net/downloads/warbands/supplement/mousillon/Blood%20Dragons.pdf,YES,,YES,"{""id"": ""mechanic.killing-blow"", ""kind"": ""mechanic"", ""parameters"": {}}",linked,not_run,Semantic verification was not run.,,,,ready,,,not_assessed,not_assessed,not_run,,,implemented_pending_verification,sources/2B/bands/mordheim/blood-dragons-mou/special-rules.yaml#wights--killing-blow#unimplemented.blood-dragons-mou.wights.killing-blow,included,"[""T13.2"",""T13.3""]",,"A natural rolled 6 on the to-hit roll wounds automatically; the strike might not be parried, but armour and saving throws are allowed.",wights--killing-blow,natural-hit-auto-wound,mechanic/mechanic.killing-blow,none,,Review existing evidence; repair verification metadata or missing evidence without reimplementing the effect.,inventory,kb,,rule/mordheim/blood-dragons-mou/wights--killing-blow/mechanic.killing-blow,A,mechanic.killing-blow,binding operator 'mechanic:mechanic.killing-blow' pinned to its behaviour family by the operator table,2cdf1c981bd9edc8129564ae0d0465102e3d41765cdbc204f21fcdcc76e8ae39,3293e0486ab4b47737d5802e3cf1de26e614ab7385d0d06530710ac4ab716faa,"[""sources/knowledge/bands/mordheim/blood-dragons-mou/band.yaml"", ""sources/knowledge/bands/mordheim/blood-dragons-mou/equipment-access.yaml"", ""sources/knowledge/bands/mordheim/blood-dragons-mou/profiles.yaml"", ""sources/knowledge/bands/mordheim/blood-dragons-mou/special-rules.yaml"", ""sources/knowledge/catalog/rules/special-rules.yaml""]"
rule/mordheim/bretonnian-chapel-guard/band--bulging-muscles/mechanic.retain-flail-morning-star-strength-bonus,editorial_effect,Bulging Muscles,bands/mordheim/bretonnian-chapel-guard/special-rules.yaml,Knightly Skills / Bulging Muscles,https://mordheimer.net/docs/warbands/grade-1c-warbands/bretonnian-chapel-guard,YES,,YES,"{""id"": ""mechanic.retain-flail-morning-star-strength-bonus"", ""kind"": ""mechanic"", ""parameters"": {}}",linked,not_run,Semantic verification was not run.,,,,ready,,Knightly Skills / Bulging Muscles: keeps the flail's +2 S and the morning star's +1 S after the first round. It does not increase swords nor add more Strength to the initial bonus; wounds and Strength-based penetration use the same value.,not_assessed,not_assessed,not_run,,,implemented_pending_verification,,,,,The Knight retains the +1/+2 Strength bonus from Flails and Morning Stars after the first round of combat.,band--bulging-muscles,,mechanic/mechanic.retain-flail-morning-star-strength-bonus,none,,Review existing evidence; repair verification metadata or missing evidence without reimplementing the effect.,inventory,kb,,rule/mordheim/bretonnian-chapel-guard/band--bulging-muscles/mechanic.retain-flail-morning-star-strength-bonus,A,mechanic.retain-flail-morning-star-strength-bonus,binding operator 'mechanic:mechanic.retain-flail-morning-star-strength-bonus' pinned to its behaviour family by the operator table,5012e20629945dab8b8e5a69511783ccd2c9bea601cffe15c34db4f5564fc61c,147d6340cbe537e89cf365010225909770477b7be771e15c852947f0c555c49a,"[""sources/knowledge/bands/mordheim/bretonnian-chapel-guard/band.yaml"", ""sources/knowledge/bands/mordheim/bretonnian-chapel-guard/equipment-access.yaml"", ""sources/knowledge/bands/mordheim/bretonnian-chapel-guard/profiles.yaml"", ""sources/knowledge/bands/mordheim/bretonnian-chapel-guard/special-rules.yaml"", ""sources/knowledge/catalog/rules/special-rules.yaml""]"
rule/mordheim/bretonnian-knights/band--virtue-of-valour/skill.virtue-of-valour,editorial_effect,Virtue of Valour,bands/mordheim/bretonnian-knights/special-rules.yaml,Bretonnian Knight Virtues,https://mordheimer.net/docs/warbands/grade-1b-warbands/bretonnian,YES,,YES,"{""id"": ""skill.virtue-of-valour"", ""kind"": ""mechanic"", ""parameters"": {}}",linked,not_run,Semantic verification was not run.,,,,ready,,Bretonnian Knight Virtues / Virtue of Valour permits one reroll of failed melee hit rolls only against strictly higher Strength characteristics. Weapon bonuses are not characteristics. Native Bretonnian Heroes with special access may select the virtue; foreign acquisition is separate.,not_assessed,not_assessed,not_run,,,implemented_pending_verification,,,,,"When fighting a model with a higher Strength characteristic, the warrior may re-roll failed hand-to-hand hit rolls.",band--virtue-of-valour,,mechanic/skill.virtue-of-valour,none,,Review existing evidence; repair verification metadata or missing evidence without reimplementing the effect.,inventory,kb,,rule/mordheim/bretonnian-knights/band--virtue-of-valour/skill.virtue-of-valour,A,skill.virtue-of-valour,binding operator 'mechanic:skill.virtue-of-valour' has no family token in its own name; its clause text names a A-family operator,88784d613c5ee6347dc9851e74962b0b795d64e27276899542d55fa82b03b58e,46dd6ad0629fd5cf751aaf23179bd91397d4d257ba2246bdfe308bea5c856950,"[""sources/knowledge/bands/mordheim/bretonnian-knights/band.yaml"", ""sources/knowledge/bands/mordheim/bretonnian-knights/equipment-access.yaml"", ""sources/knowledge/bands/mordheim/bretonnian-knights/profiles.yaml"", ""sources/knowledge/bands/mordheim/bretonnian-knights/special-rules.yaml"", ""sources/knowledge/catalog/rules/special-rules.yaml""]"
rule/mordheim/brood-of-ghurash-the-sc/band--skill-titanic-strength/mechanic.titanic-strength,editorial_effect,Titanic Strength,bands/mordheim/brood-of-ghurash-the-sc/special-rules.yaml,Special rules / Titanic Strength,https://broheim.net/downloads/warbands/supplement/sealedcity/Brood Of Ghurash.pdf,YES,,YES,"{""id"": ""mechanic.titanic-strength"", ""kind"": ""mechanic"", ""parameters"": {}}",linked,not_run,Semantic verification was not run.,,,,ready,,,not_assessed,not_assessed,not_run,,,implemented_pending_verification,sources/2B/bands/mordheim/brood-of-ghurash-the-sc/special-rules.yaml#band--skill-titanic-strength#unimplemented.brood-of-ghurash-the-sc.band.titanic-strength,included,"[""T13.2"",""T13.3"",""T13.4""]",,"The hero is titanic in size and muscle mass. Whenever this Brood member hits an enemy warrior, but fails to wound, the hit model must pass a Strength test to avoid getting knocked down.",band--skill-titanic-strength,failed-wound-strength-knockdown,mechanic/mechanic.titanic-strength,none,,Review existing evidence; repair verification metadata or missing evidence without reimplementing the effect.,inventory,kb,,rule/mordheim/brood-of-ghurash-the-sc/band--skill-titanic-strength/mechanic.titanic-strength,A,mechanic.titanic-strength,binding operator 'mechanic:mechanic.titanic-strength' pinned to its behaviour family by the operator table,b5e77aea9ca3258e62df0f372627767bec8e681c57acbe49b97252e258d409bf,9206a887fa521dde005439bef16a75e7ca42d66ce0f5273f3b3ad8019dd68ca1,"[""sources/knowledge/bands/mordheim/brood-of-ghurash-the-sc/band.yaml"", ""sources/knowledge/bands/mordheim/brood-of-ghurash-the-sc/equipment-access.yaml"", ""sources/knowledge/bands/mordheim/brood-of-ghurash-the-sc/profiles.yaml"", ""sources/knowledge/bands/mordheim/brood-of-ghurash-the-sc/special-rules.yaml"", ""sources/knowledge/catalog/rules/special-rules.yaml""]"
rule/mordheim/call-of-the-night-haint-mim/band--characteristic-increase/unimplemented.call-of-the-night-haint-mim.band.characteristic-increase,editorial_effect,Characteristic Increase (Wraith and Spirit Maximums),bands/mordheim/call-of-the-night-haint-mim/special-rules.yaml,Characteristic Increase,https://broheim.net/downloads/warbands/supplement/mutinyinmarienburg/Call Of The Night Haint.pdf,LATER,Deferred subsystem: characteristic-increase caps on advancement.,NO,unbound,not_applicable,deferred,Deferred subsystem: characteristic-increase caps on advancement.,,,,deferred,,,not_applicable,not_applicable,not_applicable,,,deferred_scope_review,,,,,"Wraith maximums: M 5, WS 6, BS 4, S 4, T 3, W 5, I 5, A 3, Ld 10. Spirit maximums: M 5, WS 5, BS 0, S 4, T 3, W 4, I 5, A 3, Ld 9. Banshees and Malignant Spirits both use the Spirit Maximum; the Corpse Master is mostly human and uses the maximum characteristics of one.",band--characteristic-increase,,,none,,Review scope and prerequisites before admitting or implementing the effect.,inventory,kb,,rule/mordheim/call-of-the-night-haint-mim/band--characteristic-increase/unimplemented.call-of-the-night-haint-mim.band.characteristic-increase,A,,"unbound source prose names a A-family operator; assigned for review; scope LATER preserved: review every clause individually, including possible mixed or reference-only clauses; keywords cannot defer a whole row; assignment for review is not admission",6fbc227b5a7d41ecf1ac3cd2957d6ab4a42479b462322cbb4f17ff9a6baae6e7,5724b510cd1c477dce569916e4a639671fd09dbf5680eaaf81189406f1f1f235,"[""sources/knowledge/bands/mordheim/call-of-the-night-haint-mim/band.yaml"", ""sources/knowledge/bands/mordheim/call-of-the-night-haint-mim/equipment-access.yaml"", ""sources/knowledge/bands/mordheim/call-of-the-night-haint-mim/profiles.yaml"", ""sources/knowledge/bands/mordheim/call-of-the-night-haint-mim/special-rules.yaml"", ""sources/knowledge/catalog/rules/special-rules.yaml""]"
rule/mordheim/call-of-the-night-haint-mim/malignant-spirits--violent-entry/unimplemented.call-of-the-night-haint-mim.malignant-spirits.violent-entry,editorial_effect,Violent Entry,bands/mordheim/call-of-the-night-haint-mim/special-rules.yaml,0-2 Malignant Spirits / Special Rules / Violent Entry,https://broheim.net/downloads/warbands/supplement/mutinyinmarienburg/Call Of The Night Haint.pdf,LATER,Deferred subsystem: not covered by the current engine scope; to be revisited with the corresponding engine milestone.,NO,unbound,not_applicable,deferred,Deferred subsystem: not covered by the current engine scope; to be revisited with the corresponding engine milestone.,,,,deferred,,,not_applicable,not_applicable,not_applicable,,,deferred_scope_review,sources/2B/bands/mordheim/call-of-the-night-haint-mim/special-rules.yaml#malignant-spirits--violent-entry#unimplemented.call-of-the-night-haint-mim.malignant-spirits.violent-entry,included,"[""T13.2"",""T13.3"",""T13.4"",""T13.5""]",,Malignant Spirits contained within the Requilary thirst for the moment they are released into battle: they gain +1 to hit and +1 Strength if they charge on the turn they were summoned.,malignant-spirits--violent-entry,proximity-activation,,none,,Review scope and prerequisites before admitting or implementing the effect.,inventory,kb,,rule/mordheim/call-of-the-night-haint-mim/malignant-spirits--violent-entry/unimplemented.call-of-the-night-haint-mim.malignant-spirits.violent-entry,A,,"unbound source prose names a A-family operator; assigned for review; scope LATER preserved: review every clause individually, including possible mixed or reference-only clauses; keywords cannot defer a whole row; assignment for review is not admission",d9d55b7586b2475f1468f256ccba06d71a05ab07fa02ed45cd1cd34ee121f2f8,f6294aaac79603779bfc86a1d17b05b63363b6d4fc2cdcea906eefef55443937,"[""sources/knowledge/bands/mordheim/call-of-the-night-haint-mim/band.yaml"", ""sources/knowledge/bands/mordheim/call-of-the-night-haint-mim/equipment-access.yaml"", ""sources/knowledge/bands/mordheim/call-of-the-night-haint-mim/profiles.yaml"", ""sources/knowledge/bands/mordheim/call-of-the-night-haint-mim/special-rules.yaml"", ""sources/knowledge/catalog/rules/special-rules.yaml""]"
rule/mordheim/call-of-the-night-haint-mim/mourngul--ravening-onslaught/mechanic.ravening-onslaught,editorial_effect,Ravening Onslaught,bands/mordheim/call-of-the-night-haint-mim/special-rules.yaml,0-1 Mourngul / Special Rules / Ravening Onslaught,https://broheim.net/downloads/warbands/supplement/mutinyinmarienburg/Call Of The Night Haint.pdf,YES,,YES,"{""id"": ""mechanic.ravening-onslaught"", ""kind"": ""mechanic"", ""parameters"": {}}",linked,not_run,Semantic verification was not run.,,,,ready,,,not_assessed,not_assessed,not_run,,,implemented_pending_verification,sources/2B/bands/mordheim/call-of-the-night-haint-mim/special-rules.yaml#mourngul--ravening-onslaught#unimplemented.call-of-the-night-haint-mim.mourngul.ravening-onslaught,included,"[""T13.2"",""T13.3"",""T13.4""]",,"Every to hit roll of 6 grants the Mourngul another attack, and further to hit rolls of 6 will generate further attacks.",mourngul--ravening-onslaught,recursive-attack,mechanic/mechanic.ravening-onslaught,none,,Review existing evidence; repair verification metadata or missing evidence without reimplementing the effect.,inventory,kb,,rule/mordheim/call-of-the-night-haint-mim/mourngul--ravening-onslaught/mechanic.ravening-onslaught,A,mechanic.ravening-onslaught,binding operator 'mechanic:mechanic.ravening-onslaught' pinned to its behaviour family by the operator table,1f45b7ddf85319024313a3248fe742297ee2033e4974cca5a42d87701bf76bbc,1b60bd3aaecb5307c8421eb717a5eeafd3d78352c4e8e63ca6019bcfedbfcb12,"[""sources/knowledge/bands/mordheim/call-of-the-night-haint-mim/band.yaml"", ""sources/knowledge/bands/mordheim/call-of-the-night-haint-mim/equipment-access.yaml"", ""sources/knowledge/bands/mordheim/call-of-the-night-haint-mim/profiles.yaml"", ""sources/knowledge/bands/mordheim/call-of-the-night-haint-mim/special-rules.yaml"", ""sources/knowledge/catalog/rules/special-rules.yaml""]"
rule/mordheim/call-of-the-night-haint-mim/spirit-hosts--spectral-touch/trait.spectral-touch,editorial_effect,Spectral Touch,bands/mordheim/call-of-the-night-haint-mim/special-rules.yaml,0-2 Spirit Host / Special Rules / Spectral Touch,https://broheim.net/downloads/warbands/supplement/mutinyinmarienburg/Call Of The Night Haint.pdf,YES,,YES,"{""id"": ""trait.spectral-touch"", ""kind"": ""trait"", ""parameters"": {""value"": true}}",linked,not_run,Semantic verification was not run.,,,"Human accepted Q019 R1-R4, 2026-10-01; docs/decisions/design-rulings.md#spectral-touch-q019.",ready,T13-Q019 | Can the immediate Spectral Touch additional wound be parried or saved; how do wound reactions/criticals and ordinary hit continuation behave if the additional wound removes defender?,"Call Of The Night Haint, PDF p. 5 (annual printed p. 082), Spirit Host / Spectral Touch: an attack hit roll of six immediately adds one wound, followed by the normal wound roll. The canonical WS2/S2/A3 Spirit Host uses its legal default natural attacks. Accepted Q019 R1-R4 distinguish each physical successful six, inherit attack saves, cap the extra at one, resolve immediate injury/reactions before ordinary continuation and retain collective hit preparation. The explicit free-selection opponent is only a duel control. This specification proves canonical modular execution; F009 optimized ports and Spirit Knife F025 remain separate. No injected Spectral tag or foreign Spirit Host loadout is used.",not_assessed,not_assessed,not_run,,,implemented_pending_verification,sources/2B/bands/mordheim/call-of-the-night-haint-mim/special-rules.yaml#spirit-hosts--spectral-touch#trait.spectral-touch,included,"[""T13.2"",""T13.3"",""T13.4""]",T13-Q019,"If the hit roll for an attack made by a Spirit Host is 6, the spirit's frightful touch stills the victim's beating heart, immediately inflicting 1 additional wound. Roll to wound for the hit as normal.",spirit-hosts--spectral-touch,spectral-extra-wound,,needs_review,,Review existing evidence; repair verification metadata or missing evidence without reimplementing the effect.,inventory,kb,,rule/mordheim/call-of-the-night-haint-mim/spirit-hosts--spectral-touch/trait.spectral-touch,A,trait.spectral-touch,binding operator 'trait:trait.spectral-touch' classified into the A family by operator vocabulary,4a738d269815cdb6218bbce31316686572b98944c046e5b3f3bc52323f1d08fb,9a3d5176715a3bb54c348ad660124d3579208eddd76491cdc8a22d2b96444ab1,"[""sources/knowledge/bands/mordheim/call-of-the-night-haint-mim/band.yaml"", ""sources/knowledge/bands/mordheim/call-of-the-night-haint-mim/equipment-access.yaml"", ""sources/knowledge/bands/mordheim/call-of-the-night-haint-mim/profiles.yaml"", ""sources/knowledge/bands/mordheim/call-of-the-night-haint-mim/special-rules.yaml"", ""sources/knowledge/catalog/rules/special-rules.yaml""]"
rule/mordheim/carnival-of-chaos/brutes--unnatural-strength/skill.strongman,editorial_effect,Unnatural Strength,bands/mordheim/carnival-of-chaos/special-rules.yaml,heroes / 0 – 2 Brutes / Special Rules / Unnatural Strength,https://mordheimer.net/docs/warbands/grade-1a-warbands/carnival-of-chaos,YES,,YES,"{""id"": ""skill.strongman"", ""kind"": ""mechanic"", ""parameters"": {}}",linked,not_run,Semantic verification was not run.,,,,ready,,"The profile starts with Strongman. A double-handed weapon no longer imposes strike last, but the fighter retains its printed Initiative and is still subject to recovery penalties. This is not strike first.",not_assessed,not_assessed,not_run,,,implemented_pending_verification,,,,,Brutes start the game with the Strongman skill from the Strength skill list in the Mordheim rulebook.,brutes--unnatural-strength,,mechanic/skill.strongman,none,,Review existing evidence; repair verification metadata or missing evidence without reimplementing the effect.,inventory,kb,,rule/mordheim/carnival-of-chaos/brutes--unnatural-strength/skill.strongman,A,skill.strongman,binding operator 'mechanic:skill.strongman' classified into the A family by operator vocabulary,9d115710b9dd01a46a3fe256256abf122fd05382c0bb7f8614146a5b91b4d171,a8584fa74c259c11a66bc41961ad1eb3da0baabd69ab194d8f644dc0fe137a06,"[""sources/knowledge/bands/mordheim/carnival-of-chaos/band.yaml"", ""sources/knowledge/bands/mordheim/carnival-of-chaos/equipment-access.yaml"", ""sources/knowledge/bands/mordheim/carnival-of-chaos/profiles.yaml"", ""sources/knowledge/bands/mordheim/carnival-of-chaos/special-rules.yaml"", ""sources/knowledge/catalog/rules/special-rules.yaml""]"
rule/mordheim/carnival-of-chaos/nurglings--daemonic-aura/trait.magical-attacks,editorial_effect,Daemonic Aura,bands/mordheim/carnival-of-chaos/special-rules.yaml,henchmen / Nurglings / Special Rules / Daemonic Aura,https://mordheimer.net/docs/warbands/grade-1a-warbands/carnival-of-chaos,YES,,YES,"{""id"": ""trait.magical-attacks"", ""kind"": ""trait"", ""parameters"": {""value"": true}}",linked,not_run,Semantic verification was not run.,,,,ready,,"Henchmen / Daemonic Aura gives 5+ armour modified by Strength and cancelled by magic, and makes the bearer's attacks magical. It is not an additional ward save.",not_assessed,not_assessed,not_run,,,implemented_pending_verification,,,,,"Due to the magical, intangible nature of Daemons they have a special Armour save of 5+. This is modified by the Strength of the attack as normal and is completely negated by magic weapons and spells. Nurglings’ attacks are also considered as magical.",nurglings--daemonic-aura,,,none,,Review existing evidence; repair verification metadata or missing evidence without reimplementing the effect.,inventory,kb,,rule/mordheim/carnival-of-chaos/nurglings--daemonic-aura/trait.magical-attacks,A,trait.magical-attacks,binding operator 'trait:trait.magical-attacks' classified into the A family by operator vocabulary,56d4c388595eec85912d869fd90758bdd82478144e0b6411d9dfd97119f79c9f,6e090c1dee28d8ae96e4b740e391021116a6921ad504e0e8f861cc5f0a684328,"[""sources/knowledge/bands/mordheim/carnival-of-chaos/band.yaml"", ""sources/knowledge/bands/mordheim/carnival-of-chaos/equipment-access.yaml"", ""sources/knowledge/bands/mordheim/carnival-of-chaos/profiles.yaml"", ""sources/knowledge/bands/mordheim/carnival-of-chaos/special-rules.yaml"", ""sources/knowledge/catalog/rules/special-rules.yaml""]"
rule/mordheim/carnival-of-chaos/plague-bearers--daemonic-aura/trait.magical-attacks,editorial_effect,Daemonic Aura,bands/mordheim/carnival-of-chaos/special-rules.yaml,henchmen / 0 – 2 Plague Bearers / Special Rules / Daemonic Aura,https://mordheimer.net/docs/warbands/grade-1a-warbands/carnival-of-chaos,YES,,YES,"{""id"": ""trait.magical-attacks"", ""kind"": ""trait"", ""parameters"": {""value"": true}}",linked,not_run,Semantic verification was not run.,,,,ready,,"Henchmen / Daemonic Aura gives 5+ armour modified by Strength and cancelled by magic, and makes the bearer's attacks magical. It is not an additional ward save.",not_assessed,not_assessed,not_run,,,implemented_pending_verification,,,,,"Due to the magical, intangible nature of Daemons they have a special Armour save of 5+. This is modified by the Strength of the attack as normal and is completely negated by magic weapons and spells. Plague Bearers’ attacks are considered as magical also.",plague-bearers--daemonic-aura,,,none,,Review existing evidence; repair verification metadata or missing evidence without reimplementing the effect.,inventory,kb,,rule/mordheim/carnival-of-chaos/plague-bearers--daemonic-aura/trait.magical-attacks,A,trait.magical-attacks,binding operator 'trait:trait.magical-attacks' classified into the A family by operator vocabulary,9b0d6a30c8da2b62848ace3b1e3efe8e933b9154dcdf68088b94f10db9e4a0bc,396a673c0796dc5af2eaf7ca020c812b726c7af1c819908fff018e0cdcca5334,"[""sources/knowledge/bands/mordheim/carnival-of-chaos/band.yaml"", ""sources/knowledge/bands/mordheim/carnival-of-chaos/equipment-access.yaml"", ""sources/knowledge/bands/mordheim/carnival-of-chaos/profiles.yaml"", ""sources/knowledge/bands/mordheim/carnival-of-chaos/special-rules.yaml"", ""sources/knowledge/catalog/rules/special-rules.yaml""]"
rule/mordheim/carnival-of-chaos/plague-cart--guardian-unarmed/mechanic.guardian-unarmed,editorial_effect,Guardian Unarmed,bands/mordheim/carnival-of-chaos/special-rules.yaml,henchmen / 0 – 1 Plague Cart / Weapons/Armour,https://mordheimer.net/docs/warbands/grade-1a-warbands/carnival-of-chaos,YES,,YES,"{""id"": ""trait.guardian-unarmed"", ""kind"": ""trait"", ""parameters"": {""value"": true}}",linked,not_run,Semantic verification was not run.,,,,ready,,"Weapons/Armour / Unarmed: keeps the profile's Strength and Attacks and does not grant +1 to the enemy's save. It is not equivalent to Unarmed Fighting, which additionally grants an attack. Guardian uses the component's S3, not the chariot's Toughness.",not_assessed,not_assessed,not_run,,,implemented_pending_verification,,,,,The Guardian suffers no penalties for fighting unarmed.,plague-cart--guardian-unarmed,,,none,,Review existing evidence; repair verification metadata or missing evidence without reimplementing the effect.,inventory,kb,,rule/mordheim/carnival-of-chaos/plague-cart--guardian-unarmed/mechanic.guardian-unarmed,A,trait.guardian-unarmed,binding operator 'trait:trait.guardian-unarmed' classified into the A family by operator vocabulary,0c89362466c2e42ed5ba299f93727fad8ee1c5459d97e15f1b8ee6cec8982126,080ee5a33d2027d42ea30354fd891c1b57495e0b106ab3b034adb4cf22eced42,"[""sources/knowledge/bands/mordheim/carnival-of-chaos/band.yaml"", ""sources/knowledge/bands/mordheim/carnival-of-chaos/equipment-access.yaml"", ""sources/knowledge/bands/mordheim/carnival-of-chaos/profiles.yaml"", ""sources/knowledge/bands/mordheim/carnival-of-chaos/special-rules.yaml"", ""sources/knowledge/catalog/rules/special-rules.yaml""]"
rule/mordheim/channel-rats-mim/domnu--prize-fighter/skill.unarmed-fighting,editorial_effect,Prize-Fighter,bands/mordheim/channel-rats-mim/special-rules.yaml,Heroes / Domnu / Special Rules / Prize-fighter,https://broheim.net/downloads/warbands/supplement/mutinyinmarienburg/Channel Rats.pdf,YES,,YES,"{""id"": ""skill.unarmed-fighting"", ""kind"": ""mechanic"", ""parameters"": {}}",linked,not_run,Semantic verification was not run.,,,,ready,,,not_assessed,not_assessed,not_run,,,implemented_pending_verification,sources/2B/bands/mordheim/channel-rats-mim/special-rules.yaml#domnu--prize-fighter#unimplemented.channel-rats-mim.domnu.prize-fighter,included,"[""T13.2"",""T13.3""]",,The Caravan Master suffers no penalties whatsoever for fighting unarmed and receives +1 Attack when doing so.,domnu--prize-fighter,unarmed-profile,mechanic/skill.unarmed-fighting,none,,Review existing evidence; repair verification metadata or missing evidence without reimplementing the effect.,inventory,kb,,rule/mordheim/channel-rats-mim/domnu--prize-fighter/skill.unarmed-fighting,A,skill.unarmed-fighting,binding operator 'mechanic:skill.unarmed-fighting' classified into the A family by operator vocabulary,925ec01926a5a4976afce3057abbc0f84104efb908293242218f9a53402ee2cc,e3c4219fb9d6adcf94153fd5240981e7323fe228fbd57f4413d4daaecdd58e82,"[""sources/knowledge/bands/mordheim/channel-rats-mim/band.yaml"", ""sources/knowledge/bands/mordheim/channel-rats-mim/equipment-access.yaml"", ""sources/knowledge/bands/mordheim/channel-rats-mim/profiles.yaml"", ""sources/knowledge/bands/mordheim/channel-rats-mim/special-rules.yaml"", ""sources/knowledge/catalog/rules/special-rules.yaml""]"
rule/mordheim/clan-angrund-kep/band--slayer-special-skills-berserker/skill.berserker,editorial_effect,Berserker,bands/mordheim/clan-angrund-kep/special-rules.yaml,Troll Slayer Skills / Berserker,https://broheim.net/downloads/campaigns/karakazgal/Karak Azgal.pdf,YES,,YES,"{""id"": ""skill.berserker"", ""kind"": ""mechanic"", ""parameters"": {}}",linked,not_run,Semantic verification was not run.,,,,ready,,,not_assessed,not_assessed,not_run,,,implemented_pending_verification,sources/2B/bands/mordheim/clan-angrund-kep/special-rules.yaml#band--slayer-special-skills-berserker#skill.berserker,included,"[""T13.2"",""T13.3"",""T13.6""]",,The Slayer may add +1 to his 'close combat to hit' rolls during the turn in which he charges.,band--slayer-special-skills-berserker,"[""charge-hit""]",mechanic/skill.berserker,none,,Review existing evidence; repair verification metadata or missing evidence without reimplementing the effect.,inventory,kb,,rule/mordheim/clan-angrund-kep/band--slayer-special-skills-berserker/skill.berserker,A,skill.berserker,binding operator 'mechanic:skill.berserker' classified into the A family by operator vocabulary,a04fccd987708efe71c50daa528ca085a24ae4872826f7a99605b7be47cf4690,6329b96235f68f253e8873c62f9dd014482569be3c396b6522ac3d667fedf869,"[""sources/knowledge/bands/mordheim/clan-angrund-kep/band.yaml"", ""sources/knowledge/bands/mordheim/clan-angrund-kep/equipment-access.yaml"", ""sources/knowledge/bands/mordheim/clan-angrund-kep/profiles.yaml"", ""sources/knowledge/bands/mordheim/clan-angrund-kep/special-rules.yaml"", ""sources/knowledge/catalog/rules/special-rules.yaml""]"
rule/mordheim/clan-angrund-kep/band--slayer-special-skills-ferocious-charge/skill.ferocious-charge,editorial_effect,Ferocious Charge,bands/mordheim/clan-angrund-kep/special-rules.yaml,Troll Slayer Skills / Ferocious Charge,https://broheim.net/downloads/campaigns/karakazgal/Karak Azgal.pdf,YES,,YES,"{""id"": ""skill.ferocious-charge"", ""kind"": ""mechanic"", ""parameters"": {}}",linked,not_run,Semantic verification was not run.,,,,ready,,,not_assessed,not_assessed,not_run,,,implemented_pending_verification,sources/2B/bands/mordheim/clan-angrund-kep/special-rules.yaml#band--slayer-special-skills-ferocious-charge#skill.ferocious-charge,included,"[""T13.2"",""T13.3"",""T13.4"",""T13.6""]",,The Slayer may double his attacks on the turn in which he charges. He the suffers a -1 to hit penalty that turn.,band--slayer-special-skills-ferocious-charge,"[""charge-attacks""]",mechanic/skill.ferocious-charge,none,,Review existing evidence; repair verification metadata or missing evidence without reimplementing the effect.,inventory,kb,,rule/mordheim/clan-angrund-kep/band--slayer-special-skills-ferocious-charge/skill.ferocious-charge,A,skill.ferocious-charge,binding operator 'mechanic:skill.ferocious-charge' classified into the A family by operator vocabulary,8b47d653cb5e2e66b1b8264cd7b8ae75039a26729ba723369ab6151196616066,b77090738618f28b364787b9e02ff6a5ac27cb2845e47b8a1082d8425d9cbf29,"[""sources/knowledge/bands/mordheim/clan-angrund-kep/band.yaml"", ""sources/knowledge/bands/mordheim/clan-angrund-kep/equipment-access.yaml"", ""sources/knowledge/bands/mordheim/clan-angrund-kep/profiles.yaml"", ""sources/knowledge/bands/mordheim/clan-angrund-kep/special-rules.yaml"", ""sources/knowledge/catalog/rules/special-rules.yaml""]"
rule/mordheim/crooked-moon-kep/troll--vomit-attack/weapon.vomit-attack,editorial_effect,Vomit Attack,bands/mordheim/crooked-moon-kep/special-rules.yaml,Henchmen / 0-1 Troll / Special Rules / Vomit Attack,https://broheim.net/downloads/warbands/supplement/mutinyinmarienburg/Crooked Moon Night Goblins.pdf,YES,,YES,"{""id"": ""weapon.vomit-attack"", ""kind"": ""mechanic"", ""parameters"": {}}",linked,not_run,Semantic verification was not run.,,,,ready,,,not_assessed,not_assessed,not_run,,,implemented_pending_verification,sources/2B/bands/mordheim/crooked-moon-kep/special-rules.yaml#troll--vomit-attack#unimplemented.crooked-moon-kep.troll.vomit-attack,included,"[""T13.2"",""T13.3"",""T13.4""]",,"Instead of his normal attacks, a Troll can regurgitate its highly corrosive digestive juices on an unfortunate hand-to-hand combat opponent. This is a single attack that automatically hits with a Strength of 5 and ignores armour saves.",troll--vomit-attack,"[""replacement""]",mechanic/weapon.vomit-attack,none,,Review existing evidence; repair verification metadata or missing evidence without reimplementing the effect.,inventory,kb,,rule/mordheim/crooked-moon-kep/troll--vomit-attack/weapon.vomit-attack,A,weapon.vomit-attack,binding operator 'mechanic:weapon.vomit-attack' classified into the A family by operator prefix 'weapon.',85099f260d22717fa855887bb010e122cb55c15729b3901f074f0323c3c293d2,da568340eaaae94b017c2b0b75e22b4eb680c8df089f5598f56657620b4c4807,"[""sources/knowledge/bands/mordheim/crooked-moon-kep/band.yaml"", ""sources/knowledge/bands/mordheim/crooked-moon-kep/equipment-access.yaml"", ""sources/knowledge/bands/mordheim/crooked-moon-kep/profiles.yaml"", ""sources/knowledge/bands/mordheim/crooked-moon-kep/special-rules.yaml"", ""sources/knowledge/catalog/rules/special-rules.yaml""]"
rule/mordheim/cult-of-the-possessed/band--mutations-blackblood/trait.acid-blood,editorial_effect,Blackblood,bands/mordheim/cult-of-the-possessed/special-rules.yaml,Mutations / blackblood,https://mordheimer.net/docs/warbands/grade-1a-warbands/cult-of-the-possessed,YES,,YES,"{""id"": ""trait.acid-blood"", ""kind"": ""trait"", ""parameters"": {""value"": true}}",linked,not_run,Semantic verification was not run.,,,,ready,,"Mutations / acid-blood: the grant to Mutant and Possessed is tested, absence when not selected and local resolution with strict dice. Each wound lost causes an automatic S3 hit, without criticals, even if the bearer goes out of action.",not_assessed,not_assessed,not_run,,,implemented_pending_verification,,,,,"If the model loses a wound in close combat, anyone in base contact with the model suffers a Strength 3 hit (no critical hits) from the spurting corrosive blood. Cost: 30 gold crowns",band--mutations-blackblood,,,none,,Review existing evidence; repair verification metadata or missing evidence without reimplementing the effect.,inventory,kb,,rule/mordheim/cult-of-the-possessed/band--mutations-blackblood/trait.acid-blood,A,trait.acid-blood,binding operator 'trait:trait.acid-blood' has no family token in its own name; its clause text names a A-family operator,082b855ec70e50ef404e508e5d61de4212fc9c602624488c76558e9b4e29607f,7a2c5a4296bbdcf3b2c3212b52c6efe15d4419594be99ffee612144da574454e,"[""sources/knowledge/bands/mordheim/cult-of-the-possessed/band.yaml"", ""sources/knowledge/bands/mordheim/cult-of-the-possessed/equipment-access.yaml"", ""sources/knowledge/bands/mordheim/cult-of-the-possessed/profiles.yaml"", ""sources/knowledge/bands/mordheim/cult-of-the-possessed/special-rules.yaml"", ""sources/knowledge/catalog/rules/special-rules.yaml""]"
rule/mordheim/cult-of-the-possessed/band--mutations-scorpion-tail/trait.scorpion-tail,editorial_effect,Scorpion Tail,bands/mordheim/cult-of-the-possessed/special-rules.yaml,Mutations / scorpion tail,https://mordheimer.net/docs/warbands/grade-1a-warbands/cult-of-the-possessed,YES,,YES,"{""id"": ""trait.scorpion-tail"", ""kind"": ""trait"", ""parameters"": {""value"": true}}",linked,not_run,Semantic verification was not run.,,,,ready,,"Mutations / scorpion-tail: the grant to Mutant and Possessed is tested, absence when not selected and local resolution with strict dice. One extra S5 attack, reduced to S2 against poison-immune fighters, without using the main weapon's Strength.",not_assessed,not_assessed,not_run,,,implemented_pending_verification,,,,,"The mutant has a long barbed tail with a venomed tip, allowing him to make an extra Strength 5 attack in each hand-to-hand combat phase. If the model hit by the tail is immune to poison, the Strength of the hit is reduced to 2. Cost: 40 gold crowns",band--mutations-scorpion-tail,,,none,,Review existing evidence; repair verification metadata or missing evidence without reimplementing the effect.,inventory,kb,,rule/mordheim/cult-of-the-possessed/band--mutations-scorpion-tail/trait.scorpion-tail,A,trait.scorpion-tail,binding operator 'trait:trait.scorpion-tail' classified into the A family by operator vocabulary,6c407d2940a13cd67a7ebd8694aeaaf0c8243c1dd778ae321c3a08f5a9a8d86d,41808620da94f2efdd405b78d9005349bda994bf331af7641f11c4af8e9f3235,"[""sources/knowledge/bands/mordheim/cult-of-the-possessed/band.yaml"", ""sources/knowledge/bands/mordheim/cult-of-the-possessed/equipment-access.yaml"", ""sources/knowledge/bands/mordheim/cult-of-the-possessed/profiles.yaml"", ""sources/knowledge/bands/mordheim/cult-of-the-possessed/special-rules.yaml"", ""sources/knowledge/catalog/rules/special-rules.yaml""]"
rule/mordheim/cult-of-the-possessed/band--mutations-spines/trait.spines,editorial_effect,Spines,bands/mordheim/cult-of-the-possessed/special-rules.yaml,Mutations / spines,https://mordheimer.net/docs/warbands/grade-1a-warbands/cult-of-the-possessed,YES,,YES,"{""id"": ""trait.spines"", ""kind"": ""trait"", ""parameters"": {""value"": true}}",linked,not_run,Semantic verification was not run.,,,,ready,,"Mutations / Spines: automatic S1 hit at the start of the phase, without criticals. The same handler used by the round start is invoked; it asks for no to-hit roll or parry.",not_assessed,not_assessed,not_run,,,implemented_pending_verification,,,,,Any model in base contact with the mutant suffers an automatic Strength 1 hit at the beginning of each close combat phase. Spines will never cause critical hits. Cost: 35 gold crowns,band--mutations-spines,,,none,,Review existing evidence; repair verification metadata or missing evidence without reimplementing the effect.,inventory,kb,,rule/mordheim/cult-of-the-possessed/band--mutations-spines/trait.spines,A,trait.spines,binding operator 'trait:trait.spines' classified into the A family by operator vocabulary,021da72602f61cec3001c2c2b0293c6dce7505eba2d09e6b30bec5367b1e4209,cb84c5f2ebc296ac92e5ef40303e32fe6f29144e0ca646f7f992f5fd1a785595,"[""sources/knowledge/bands/mordheim/cult-of-the-possessed/band.yaml"", ""sources/knowledge/bands/mordheim/cult-of-the-possessed/equipment-access.yaml"", ""sources/knowledge/bands/mordheim/cult-of-the-possessed/profiles.yaml"", ""sources/knowledge/bands/mordheim/cult-of-the-possessed/special-rules.yaml"", ""sources/knowledge/catalog/rules/special-rules.yaml""]"
rule/mordheim/cursed-cavalcade/companions--expert-swordsman/skill.expert-swordsman,editorial_effect,Expert Swordsman,bands/mordheim/cursed-cavalcade/special-rules.yaml,Heroes / 0 – 2 Companions / Special Rules / Expert Swordsman,https://mordheimer.net/docs/warbands/grade-1c-warbands/cursed-cavalcade,YES,,YES,"{""id"": ""skill.expert-swordsman"", ""kind"": ""mechanic"", ""parameters"": {}}",linked,not_run,Semantic verification was not run.,,,,ready,,"companions receives Expert Swordsman automatically. With a normal sword it rerolls failed charge hits once, but not with a double-handed weapon or without charging. Against equal WS the 4+ hit probability becomes 3/4 with the reroll. A failed reroll is final.",not_assessed,not_assessed,not_run,,,implemented_pending_verification,,,,,"As imperial nobles, the Companions have been taught the way of the sword since an early age. Companions all have Expert Swordsman Skill.",companions--expert-swordsman,,mechanic/skill.expert-swordsman,none,,Review existing evidence; repair verification metadata or missing evidence without reimplementing the effect.,inventory,kb,,rule/mordheim/cursed-cavalcade/companions--expert-swordsman/skill.expert-swordsman,A,skill.expert-swordsman,binding operator 'mechanic:skill.expert-swordsman' names a weapon/attack object -> A,39312b0e21e5d141553b7869021a68676cbc5ec5ebddc2e67984068d8e4415a0,70270c1c07b952c4505ee53a0ec8b1d531c784c6f02f62685a84e07f8be7519b,"[""sources/knowledge/bands/mordheim/cursed-cavalcade/band.yaml"", ""sources/knowledge/bands/mordheim/cursed-cavalcade/equipment-access.yaml"", ""sources/knowledge/bands/mordheim/cursed-cavalcade/profiles.yaml"", ""sources/knowledge/bands/mordheim/cursed-cavalcade/special-rules.yaml"", ""sources/knowledge/catalog/rules/special-rules.yaml""]"
rule/mordheim/cursed-cavalcade/wild-beasts--charge/trait.first-round-charge-attack-bonus,editorial_effect,Charge,bands/mordheim/cursed-cavalcade/special-rules.yaml,Henchmen / 0 – 2 Wild Beasts / Special Rules / Charge,https://mordheimer.net/docs/warbands/grade-1c-warbands/cursed-cavalcade,YES,,YES,"{""id"": ""trait.first-round-charge-attack-bonus"", ""kind"": ""trait"", ""parameters"": {""value"": true}}",linked,not_run,Semantic verification was not run.,,,,ready,,"Wild Beasts gain +1 Attack only during the first combat turn in which they charge. Their A2 profile becomes A3; being charged, charging in a later round, or the first round without charging does not activate it.",not_assessed,not_assessed,not_run,,,implemented_pending_verification,,,,,When charging their enemies the Wild Beasts gain +1 Attack on the first turn of close combat.,wild-beasts--charge,,,none,,Review existing evidence; repair verification metadata or missing evidence without reimplementing the effect.,inventory,kb,,rule/mordheim/cursed-cavalcade/wild-beasts--charge/trait.first-round-charge-attack-bonus,A,trait.first-round-charge-attack-bonus,binding operator 'trait:trait.first-round-charge-attack-bonus' classified into the A family by operator vocabulary,7c94a42ebb7f4fa47459e7947da86337ce2c7435fba6e26194f3839eb3d3a9d8,ebd37e744d1f3b9450992d3a00ee795f96ffc52d8712b81ee40b930b44462df5,"[""sources/knowledge/bands/mordheim/cursed-cavalcade/band.yaml"", ""sources/knowledge/bands/mordheim/cursed-cavalcade/equipment-access.yaml"", ""sources/knowledge/bands/mordheim/cursed-cavalcade/profiles.yaml"", ""sources/knowledge/bands/mordheim/cursed-cavalcade/special-rules.yaml"", ""sources/knowledge/catalog/rules/special-rules.yaml""]"
rule/mordheim/druchii-mic/noble--poisoner/unimplemented.druchii-mic.special.poisoner,editorial_effect,Poisoner,bands/mordheim/druchii-mic/special-rules.yaml,Special Skills / Poisoner,https://mordheimer.net/docs/warbands/grade-2a-warbands/druchii,LATER,Deferred subsystem: search-for-rare-items alternatives and poison doses are campaign mechanics outside the duel scope.,NO,unbound,not_applicable,deferred,Deferred subsystem: search-for-rare-items alternatives and poison doses are campaign mechanics outside the duel scope.,,,,deferred,,,not_applicable,not_applicable,not_applicable,,,deferred_scope_review,,,,,"The Dark Elf is proficient in concocting different poisons. If the Hero doesn't search for rare items, he may make D2 doses of Dark Venom instead. The poison must be used in the next battle and cannot be sold or traded to other warbands as the Dark Elves guard their secrets very carefully.",noble--poisoner,,,none,,Review scope and prerequisites before admitting or implementing the effect.,inventory,kb,,rule/mordheim/druchii-mic/noble--poisoner/unimplemented.druchii-mic.special.poisoner,A,,"unbound source prose names a A-family operator; assigned for review; scope LATER preserved: review every clause individually, including possible mixed or reference-only clauses; keywords cannot defer a whole row; assignment for review is not admission",1eaf41f7d2da4ebcab9d1149b73f25b8a9727cb280b19f2a3bd500c96cd85ec3,e2a00eafc73af3590ab09ff25d7f7706d5094adb5c9c099f43197708ab8df947,"[""sources/knowledge/bands/mordheim/druchii-mic/band.yaml"", ""sources/knowledge/bands/mordheim/druchii-mic/equipment-access.yaml"", ""sources/knowledge/bands/mordheim/druchii-mic/profiles.yaml"", ""sources/knowledge/bands/mordheim/druchii-mic/special-rules.yaml"", ""sources/knowledge/catalog/rules/special-rules.yaml""]"
rule/mordheim/druchii-mic/witch-elves--maibd-poison/unimplemented.druchii-mic.witch-elves.maibd-poison,editorial_effect,Maibd Poison,bands/mordheim/druchii-mic/special-rules.yaml,0-3 Witch Elves / Special Rules / Maibd Poison,https://mordheimer.net/docs/warbands/grade-2a-warbands/druchii,LATER,Deferred subsystem: equipment-purchase pricing/availability and poison use are roster-construction mechanics outside the duel scope.,NO,unbound,not_applicable,deferred,Deferred subsystem: equipment-purchase pricing/availability and poison use are roster-construction mechanics outside the duel scope.,,,,deferred,,,not_applicable,not_applicable,not_applicable,,,deferred_scope_review,sources/2A/bands/mordheim/druchii-mic/special-rules.yaml#witch-elves--maibd-poison#unimplemented.druchii-mic.witch-elves.maibd-poison,mixed,"[""T13.2"",""T13.3""]",,"Witch Elves often anoint their weapons in various poisons, for both martial and religious purposes. They are able to prepare their poisons and they know where to get needed ingredients. As a result, a warband, containing Witch Elves, may purchase Black Lotus as Common item for reduced price of 5 gc per dose. However, Black Lotus, purchased in such a way, may only be used by Witch Elves. The poison must be used in the next battle and cannot be sold or traded to other warbands.",witch-elves--maibd-poison,construction-selection; weapon-profile; campaign-lifecycle,,none,,Review scope and prerequisites before admitting or implementing the effect.,inventory,kb,,rule/mordheim/druchii-mic/witch-elves--maibd-poison/unimplemented.druchii-mic.witch-elves.maibd-poison,A,,"unbound source prose names a A-family operator; assigned for review; scope LATER preserved: review every clause individually, including possible mixed or reference-only clauses; keywords cannot defer a whole row; assignment for review is not admission",30e4b0a2345f55e1e62fef981fcaf8405e647c2173d2e4d3734512e321289dfe,f81bcf75bb8d9a27de73537ff5f5de217bbbfe9f3ca946f0c5002e7f6ef6b9ef,"[""sources/knowledge/bands/mordheim/druchii-mic/band.yaml"", ""sources/knowledge/bands/mordheim/druchii-mic/equipment-access.yaml"", ""sources/knowledge/bands/mordheim/druchii-mic/profiles.yaml"", ""sources/knowledge/bands/mordheim/druchii-mic/special-rules.yaml"", ""sources/knowledge/catalog/rules/special-rules.yaml""]"
rule/mordheim/dwarf-rangers/band--slayer-special-skills-berserker/skill.berserker,editorial_effect,Berserker,bands/mordheim/dwarf-rangers/special-rules.yaml,Slayer Special Skills / Berserker,https://mordheimer.net/docs/warbands/grade-1b-warbands/dwarf-rangers,YES,,YES,"{""id"": ""skill.berserker"", ""kind"": ""mechanic"", ""parameters"": {}}",linked,not_run,Semantic verification was not run.,,,,ready,,"Only the Slayer profile may select this Slayer skill. During a charge it adds one to hit rolls, not to Weapon Skill. Against WS4, the Slayer's WS4 needs 3+ with this bonus and 4+ without charging.",not_assessed,not_assessed,not_run,,,implemented_pending_verification,,,,,The Slayer may add +1 to his to hit rolls during the turn in which he charges.,band--slayer-special-skills-berserker,,mechanic/skill.berserker,none,,Review existing evidence; repair verification metadata or missing evidence without reimplementing the effect.,inventory,kb,,rule/mordheim/dwarf-rangers/band--slayer-special-skills-berserker/skill.berserker,A,skill.berserker,binding operator 'mechanic:skill.berserker' classified into the A family by operator vocabulary,fa7e60849c9e5108ca120dc81c5a2ddb7c7e5c783b03b5eecbcc49f0ec565578,4165c7b4f5ca719d9bb11474f5599155baad4e2fdffee917f87fac72657af2b8,"[""sources/knowledge/bands/mordheim/dwarf-rangers/band.yaml"", ""sources/knowledge/bands/mordheim/dwarf-rangers/equipment-access.yaml"", ""sources/knowledge/bands/mordheim/dwarf-rangers/profiles.yaml"", ""sources/knowledge/bands/mordheim/dwarf-rangers/special-rules.yaml"", ""sources/knowledge/catalog/rules/special-rules.yaml""]"
rule/mordheim/dwarf-rangers/band--slayer-special-skills-ferocious-charge/skill.ferocious-charge,editorial_effect,Ferocious Charge,bands/mordheim/dwarf-rangers/special-rules.yaml,Slayer Special Skills / Ferocious Charge,https://mordheimer.net/docs/warbands/grade-1b-warbands/dwarf-rangers,YES,,YES,"{""id"": ""skill.ferocious-charge"", ""kind"": ""mechanic"", ""parameters"": {}}",linked,not_run,Semantic verification was not run.,,,,ready,,"Each editorial rule is a selectable Slayer skill. It grants the canonical mechanism only to the explicitly named Slayer profile, including sources whose surrounding skill category is available to other heroes.",not_assessed,not_assessed,not_run,,,implemented_pending_verification,,,,,The Slayer may double his attacks on the turn in which he charges. He will suffer a –1 to hit penalty on that turn.,band--slayer-special-skills-ferocious-charge,,mechanic/skill.ferocious-charge,none,,Review existing evidence; repair verification metadata or missing evidence without reimplementing the effect.,inventory,kb,,rule/mordheim/dwarf-rangers/band--slayer-special-skills-ferocious-charge/skill.ferocious-charge,A,skill.ferocious-charge,binding operator 'mechanic:skill.ferocious-charge' classified into the A family by operator vocabulary,16352956c92133d29e16e5339b9440e169be348bcc668876f1b50af54be17e3f,0908f4bf1e9139c0a79588e0a97eff99615fc7a011caede2a47cb05bdd631966,"[""sources/knowledge/bands/mordheim/dwarf-rangers/band.yaml"", ""sources/knowledge/bands/mordheim/dwarf-rangers/equipment-access.yaml"", ""sources/knowledge/bands/mordheim/dwarf-rangers/profiles.yaml"", ""sources/knowledge/bands/mordheim/dwarf-rangers/special-rules.yaml"", ""sources/knowledge/catalog/rules/special-rules.yaml""]"
rule/mordheim/dwarf-slayers-kaz/band--slayer-special-skills/unimplemented.dwarf-slayers-kaz.band.slayer-special-skills,editorial_effect,Slayer Skill Column,bands/mordheim/dwarf-slayers-kaz/special-rules.yaml,Dwarf Skill Table,https://broheim.net/downloads/campaigns/karakazgal/Karak Azgal.pdf,LATER,"Deferred cross-reference: the Slayer skill column and the Slayer Special Skills list live in Town Crier 6 (or Best of Town Crier), not in this document.",NO,unbound,not_applicable,deferred,"Deferred cross-reference: the Slayer skill column and the Slayer Special Skills list live in Town Crier 6 (or Best of Town Crier), not in this document.",,,,deferred,,,not_applicable,not_applicable,not_applicable,,,deferred_scope_review,sources/2B/bands/mordheim/dwarf-slayers-kaz/special-rules.yaml#band--slayer-special-skills#unimplemented.dwarf-slayers-kaz.band.slayer-special-skills,included,"[""T13.2""]",,"The Dwarf Skill Table of the warband includes a dedicated Slayer column: Giant Slayer and Troll Slayer have access to Combat, Strength, Special and Slayer skills; a Dwarf Rememberer to Combat, Shooting, Academic and Special; a Human Rememberer to Combat, Shooting, Academic and Speed. Slayer heroes may also use the Slayer Special Skills as listed in Town Crier 6 (or Best of Town Crier).",band--slayer-special-skills,"[""construction""]",,none,,Review scope and prerequisites before admitting or implementing the effect.,inventory,kb,,rule/mordheim/dwarf-slayers-kaz/band--slayer-special-skills/unimplemented.dwarf-slayers-kaz.band.slayer-special-skills,A,,"unbound source prose names a A-family operator; assigned for review; scope LATER preserved: review every clause individually, including possible mixed or reference-only clauses; keywords cannot defer a whole row; assignment for review is not admission",c5e0fbd728a44c53a11f206f023ac468236bfcea71314db71adc053e010f72cf,7a090134678bf5542c9aeb566b06b71e3898c80336b0b3fc6b7f0221aa9481a2,"[""sources/knowledge/bands/mordheim/dwarf-slayers-kaz/band.yaml"", ""sources/knowledge/bands/mordheim/dwarf-slayers-kaz/equipment-access.yaml"", ""sources/knowledge/bands/mordheim/dwarf-slayers-kaz/profiles.yaml"", ""sources/knowledge/bands/mordheim/dwarf-slayers-kaz/special-rules.yaml"", ""sources/knowledge/catalog/rules/special-rules.yaml""]"
rule/mordheim/dwarf-slayers-kaz/rememberer--rememberer/unimplemented.dwarf-slayers-kaz.rememberer.rememberer,editorial_effect,Rememberer,bands/mordheim/dwarf-slayers-kaz/special-rules.yaml,heroes / 0-1 Rememberer / Special Rules / Rememberer,https://broheim.net/downloads/campaigns/karakazgal/Karak Azgal.pdf,YES,"Included individual duel effect, not implemented: Supplied qualified Rememberer grants one battle reroll against a Large duel opponent; source-specific resource and canonical projection remain pending.",NO,unbound,unbound,not_run,Semantic verification was not run.,,,,ready,"Is once per game tracked per Slayer Hero or once across the Rememberer aura, and which one combat phase is selected? Source says once per game any Slayer Hero and any failed rolls; document resource owner.",,not_assessed,not_assessed,not_run,,,needs_question_review,sources/2B/bands/mordheim/dwarf-slayers-kaz/special-rules.yaml#rememberer--rememberer#unimplemented.dwarf-slayers-kaz.rememberer.rememberer,included,"[""T13.2"",""T13.3"",""T13.4""]",T13-Q030,"The Rememberer's task is to record the doom of each of the slayers. When he is close by, the slayers will fight even harder to make their death more honourable. Once per game, any Slayer Hero fighting against a large creature (such as a troll or ogre) and within 6\"" of the Rememberer, may re-roll any failed To Hit rolls once only.",rememberer--rememberer,"[""resource-reroll""]",,needs_review,,Reconcile the historical question with current source decisions before implementation; do not assume it requires a new user answer.,inventory,kb,,rule/mordheim/dwarf-slayers-kaz/rememberer--rememberer/unimplemented.dwarf-slayers-kaz.rememberer.rememberer,A,,unbound source prose names a A-family operator; assigned for review,2f9873058c0ad38d138f6730cd4288fe67fe7552fc88a438788817e11751f998,293429400bacae2d8cdf6e40baedddabe599de7b990feff4620a772746063eb6,"[""sources/knowledge/bands/mordheim/dwarf-slayers-kaz/band.yaml"", ""sources/knowledge/bands/mordheim/dwarf-slayers-kaz/equipment-access.yaml"", ""sources/knowledge/bands/mordheim/dwarf-slayers-kaz/profiles.yaml"", ""sources/knowledge/bands/mordheim/dwarf-slayers-kaz/special-rules.yaml"", ""sources/knowledge/catalog/rules/special-rules.yaml""]"
rule/mordheim/dwarf-treasure-hunters/band--slayer-special-skills-berserker/skill.berserker,editorial_effect,Berserker,bands/mordheim/dwarf-treasure-hunters/special-rules.yaml,TROLL SLAYER SKILLS / Berserker,https://mordheimer.net/docs/warbands/grade-1a-warbands/dwarf-treasure-hunters,YES,,YES,"{""id"": ""skill.berserker"", ""kind"": ""mechanic"", ""parameters"": {}}",linked,not_run,Semantic verification was not run.,,,,ready,,"Only the Slayer profile may select this Slayer skill. During a charge it adds one to hit rolls, not to Weapon Skill. Against WS4, the Slayer's WS4 needs 3+ with this bonus and 4+ without charging.",not_assessed,not_assessed,not_run,,,implemented_pending_verification,,,,,The Slayer adds +1 to his close combat to-hit rolls during the turn in which he charges.,band--slayer-special-skills-berserker,,mechanic/skill.berserker,none,,Review existing evidence; repair verification metadata or missing evidence without reimplementing the effect.,inventory,kb,,rule/mordheim/dwarf-treasure-hunters/band--slayer-special-skills-berserker/skill.berserker,A,skill.berserker,binding operator 'mechanic:skill.berserker' classified into the A family by operator vocabulary,2a8e5dbcaf16848092d09d86732463ca6766263c9547a7c5116abfed30e5fd96,eb7dbb85541aff829759afb22d16c7cb5dedfdb273ed48a77066ce7aab28ec0e,"[""sources/knowledge/bands/mordheim/dwarf-treasure-hunters/band.yaml"", ""sources/knowledge/bands/mordheim/dwarf-treasure-hunters/equipment-access.yaml"", ""sources/knowledge/bands/mordheim/dwarf-treasure-hunters/profiles.yaml"", ""sources/knowledge/bands/mordheim/dwarf-treasure-hunters/special-rules.yaml"", ""sources/knowledge/catalog/rules/special-rules.yaml""]"
rule/mordheim/dwarf-treasure-hunters/band--slayer-special-skills-ferocious-charge/skill.ferocious-charge,editorial_effect,Ferocious Charge,bands/mordheim/dwarf-treasure-hunters/special-rules.yaml,TROLL SLAYER SKILLS / Ferocious Charge,https://mordheimer.net/docs/warbands/grade-1a-warbands/dwarf-treasure-hunters,YES,,YES,"{""id"": ""skill.ferocious-charge"", ""kind"": ""mechanic"", ""parameters"": {}}",linked,not_run,Semantic verification was not run.,,,,ready,,"Each editorial rule is a selectable Slayer skill. It grants the canonical mechanism only to the explicitly named Slayer profile, including sources whose surrounding skill category is available to other heroes.",not_assessed,not_assessed,not_run,,,implemented_pending_verification,,,,,"The Slayer may double his attacks on the turn in which he charges, but suffers a -1 to hit penalty that turn.",band--slayer-special-skills-ferocious-charge,,mechanic/skill.ferocious-charge,none,,Review existing evidence; repair verification metadata or missing evidence without reimplementing the effect.,inventory,kb,,rule/mordheim/dwarf-treasure-hunters/band--slayer-special-skills-ferocious-charge/skill.ferocious-charge,A,skill.ferocious-charge,binding operator 'mechanic:skill.ferocious-charge' classified into the A family by operator vocabulary,e28bd81756df7e9d8190d18b691fc1736430d9a80aafaa252abeeda8da06d031,58d752028fcc9fec65b05b80c4c747b16e865529e710e401ff0662f330bf0148,"[""sources/knowledge/bands/mordheim/dwarf-treasure-hunters/band.yaml"", ""sources/knowledge/bands/mordheim/dwarf-treasure-hunters/equipment-access.yaml"", ""sources/knowledge/bands/mordheim/dwarf-treasure-hunters/profiles.yaml"", ""sources/knowledge/bands/mordheim/dwarf-treasure-hunters/special-rules.yaml"", ""sources/knowledge/catalog/rules/special-rules.yaml""]"
rule/mordheim/forest-goblins-lus/gigantic-spider--poisonous/trait.poisonous-injury,editorial_effect,Poisonous,bands/mordheim/forest-goblins-lus/special-rules.yaml,0-1 Gigantic Spider / Special Rules / Poisonous,https://broheim.net/downloads/warbands/supplement/lustria/Forest Goblins.pdf,YES,,YES,"{""id"": ""trait.poisonous-injury"", ""kind"": ""trait"", ""parameters"": {""value"": true}}",linked,not_run,Semantic verification was not run.,,,,ready,,,not_assessed,not_assessed,not_run,,,implemented_pending_verification,sources/2B/bands/mordheim/forest-goblins-lus/special-rules.yaml#gigantic-spider--poisonous#trait.poisonous-injury,included,"[""T13.2"",""T13.3""]",,"The Gigantic Spider's maw drips with vile poisons. When it wounds an enemy and a roll is made on the injury table: 1 = knocked down, 2-4 = stunned, 5-6 = out of action.",gigantic-spider--poisonous,"[""injury-map""]",,none,,Review existing evidence; repair verification metadata or missing evidence without reimplementing the effect.,inventory,kb,,rule/mordheim/forest-goblins-lus/gigantic-spider--poisonous/trait.poisonous-injury,A,trait.poisonous-injury,binding operator 'trait:trait.poisonous-injury' pinned to its behaviour family by the operator table,9aae2d48b1d11888388f8f2b72827971e9f5ed3b33a3791cd13225c2acbcd1a2,025a80999f66033faa27a440bef28595499c1870f9644444f20731d9a49d88f9,"[""sources/knowledge/bands/mordheim/forest-goblins-lus/band.yaml"", ""sources/knowledge/bands/mordheim/forest-goblins-lus/equipment-access.yaml"", ""sources/knowledge/bands/mordheim/forest-goblins-lus/profiles.yaml"", ""sources/knowledge/bands/mordheim/forest-goblins-lus/special-rules.yaml"", ""sources/knowledge/catalog/rules/special-rules.yaml""]"
rule/mordheim/forest-goblins/gigantic-spider--poisonous/trait.poisonous-injury,editorial_effect,Poisonous,bands/mordheim/forest-goblins/special-rules.yaml,henchmen / 0 – 1 Gigantic Spider / Special Rules / Poisonous,https://mordheimer.net/docs/warbands/grade-1b-warbands/forest-goblins,YES,,YES,"{""id"": ""trait.poisonous-injury"", ""kind"": ""trait"", ""parameters"": {""value"": true}}",linked,not_run,Semantic verification was not run.,,,,ready,,"Mordheimer / Forest Goblins / Gigantic Spider / Poisonous. The table 1 Knocked Down, 2-4 Stunned, 5-6 Out of Action modifies the wounds CAUSED by the spider, not those it receives. An opponent without immunities uses that table; the general poison-immunity rule cancels the poisonous effect.",not_assessed,not_assessed,not_run,,,implemented_pending_verification,,,,,"The Gigantic Spider's maw drips with vile poisons. When it wounds an enemy and a roll is made on the injury table, 1: knocked down, 2-4: stunned, and 5-6: Out of Action.",gigantic-spider--poisonous,,,none,,Review existing evidence; repair verification metadata or missing evidence without reimplementing the effect.,inventory,kb,,rule/mordheim/forest-goblins/gigantic-spider--poisonous/trait.poisonous-injury,A,trait.poisonous-injury,binding operator 'trait:trait.poisonous-injury' pinned to its behaviour family by the operator table,5b04986ea15398252ba0eed45d4a4f301e1bbf91be0bc1e8b4f6e77321f368f0,1026199d331ace1c4fb4e068ded8ca83786f3e4306608876c8f832b523be34b7,"[""sources/knowledge/bands/mordheim/forest-goblins/band.yaml"", ""sources/knowledge/bands/mordheim/forest-goblins/equipment-access.yaml"", ""sources/knowledge/bands/mordheim/forest-goblins/profiles.yaml"", ""sources/knowledge/bands/mordheim/forest-goblins/special-rules.yaml"", ""sources/knowledge/catalog/rules/special-rules.yaml""]"
rule/mordheim/guild-of-disgraced-engineers-mim/sapper--make-explosives/unimplemented.guild-of-disgraced-engineers-mim.sapper.make-explosives,editorial_effect,Make Explosives,bands/mordheim/guild-of-disgraced-engineers-mim/special-rules.yaml,Heroes / 0-1 Sapper / Special Rules / Make Explosives,https://broheim.net/downloads/warbands/supplement/mutinyinmarienburg/Guild Of Disgraced Engineers.pdf,LATER,Deferred subsystem: not covered by the current engine scope; to be revisited with the corresponding engine milestone.,NO,unbound,not_applicable,deferred,Deferred subsystem: not covered by the current engine scope; to be revisited with the corresponding engine milestone.,,,,deferred,,,not_applicable,not_applicable,not_applicable,,,deferred_scope_review,,,,,"A Sapper may spend the post-game phase making explosives instead of searching for Rare items. Roll a Ld test: if the Sapper succeeds you can craft up to two Blast Charges for 9 GC each, up to two doses of Flash Powder for 11 GC each, a Fire Bomb for 21 GC or a Cinderblast bomb for 27 GC (pick one and spend GC before rolling).",sapper--make-explosives,,,none,,Review scope and prerequisites before admitting or implementing the effect.,inventory,kb,,rule/mordheim/guild-of-disgraced-engineers-mim/sapper--make-explosives/unimplemented.guild-of-disgraced-engineers-mim.sapper.make-explosives,A,,"unbound source prose names a A-family operator; assigned for review; scope LATER preserved: review every clause individually, including possible mixed or reference-only clauses; keywords cannot defer a whole row; assignment for review is not admission",a1c216474ec273cb4827f3f8df37c5473f62d2461721f80985fb5966fb40914f,1b79b52a2a91ac0b371db6d831cb8b214faa43daa34f38543b8786149de498c1,"[""sources/knowledge/bands/mordheim/guild-of-disgraced-engineers-mim/band.yaml"", ""sources/knowledge/bands/mordheim/guild-of-disgraced-engineers-mim/equipment-access.yaml"", ""sources/knowledge/bands/mordheim/guild-of-disgraced-engineers-mim/profiles.yaml"", ""sources/knowledge/bands/mordheim/guild-of-disgraced-engineers-mim/special-rules.yaml"", ""sources/knowledge/catalog/rules/special-rules.yaml""]"
rule/mordheim/gunnery-school-of-nuln/pistoliers--crack-shot/skill.crack-shot,editorial_effect,Crack Shot,bands/mordheim/gunnery-school-of-nuln/special-rules.yaml,henchmen / 0 – 5 Pistoliers / Special Rules / Crack Shot,https://mordheimer.net/docs/warbands/grade-1b-warbands/gunnery-school-of-nuln,YES,,YES,"{""id"": ""skill.crack-shot"", ""kind"": ""mechanic"", ""parameters"": {}}",linked,not_run,Semantic verification was not run.,,,,ready,,Crack Shot is an automatic profile rule belonging only to Pistoliers. Equipping that profile with a legal pistol exposes the canonical first-round close-combat reroll.,not_assessed,not_assessed,not_run,,,implemented_pending_verification,,,,,"Experts with pistols in close quarters; they have an uncanny ability to turn what should have missed its target into a success. When using pistols in close combat, they may re-roll any missed to-hit rolls with the pistol in the first round of combat.",pistoliers--crack-shot,,mechanic/skill.crack-shot,none,,Review existing evidence; repair verification metadata or missing evidence without reimplementing the effect.,inventory,kb,,rule/mordheim/gunnery-school-of-nuln/pistoliers--crack-shot/skill.crack-shot,A,skill.crack-shot,binding operator 'mechanic:skill.crack-shot' has no family token in its own name; its clause text names a A-family operator,2bd6ad61408cf003995ad184d70956b511a2b0d1bb530a09643f274273d6efff,ad10fa40ff9eb68439ec7edcf2e02438476dccc0fedb6c494769382869893718,"[""sources/knowledge/bands/mordheim/gunnery-school-of-nuln/band.yaml"", ""sources/knowledge/bands/mordheim/gunnery-school-of-nuln/equipment-access.yaml"", ""sources/knowledge/bands/mordheim/gunnery-school-of-nuln/profiles.yaml"", ""sources/knowledge/bands/mordheim/gunnery-school-of-nuln/special-rules.yaml"", ""sources/knowledge/catalog/rules/special-rules.yaml""]"
rule/mordheim/halflings-mic/halfling-elder--crude-belch/skill.crude-belch-halfling,editorial_effect,Crude Belch,bands/mordheim/halflings-mic/special-rules.yaml,Halfling Special Skills / Crude Belch,https://mordheimer.net/docs/warbands/grade-2a-warbands/halflings,YES,,YES,"{""id"": ""skill.crude-belch-halfling"", ""kind"": ""mechanic"", ""parameters"": {}}",linked,not_run,Semantic verification was not run.,,,,ready,,,not_assessed,not_assessed,not_run,,,implemented_pending_verification,sources/2A/bands/mordheim/halflings-mic/special-rules.yaml#halfling-elder--crude-belch#unimplemented.halflings-mic.special.crude-belch,included,"[""T13.2"",""T13.3"",""T13.4"",""T13.5"",""T13.6""]",,"Having eaten a meal or six, this halfling may release a withering belch to distract his enemies. During the first round of hand to hand combat the halfling can release his noxious fumes upon all enemies within base contact. All enemies effected must take a leadership test. If the leadership test is failed then the putrid odor has severely affected the warrior's fighting ability and he must miss his first attack (regardless of whether he has only one attack or not).",halfling-elder--crude-belch,stateful-special-action,mechanic/skill.crude-belch-halfling,none,,Review existing evidence; repair verification metadata or missing evidence without reimplementing the effect.,inventory,kb,,rule/mordheim/halflings-mic/halfling-elder--crude-belch/skill.crude-belch-halfling,A,skill.crude-belch-halfling,binding operator 'mechanic:skill.crude-belch-halfling' pinned to its behaviour family by the operator table,bc0a8ede6381c294e8ba4677eaafd32f2c972d50e063ae576c5e05c7d97bafdc,ba7f0ec103975543d359a1e13ed71130c8ce13bf92044bfb800ef2e8970f45ea,"[""sources/knowledge/bands/mordheim/halflings-mic/band.yaml"", ""sources/knowledge/bands/mordheim/halflings-mic/equipment-access.yaml"", ""sources/knowledge/bands/mordheim/halflings-mic/profiles.yaml"", ""sources/knowledge/bands/mordheim/halflings-mic/special-rules.yaml"", ""sources/knowledge/catalog/rules/special-rules.yaml""]"
rule/mordheim/halflings-mic/village-ogre--skills/unimplemented.halflings-mic.village-ogre.skills,editorial_effect,Skills,bands/mordheim/halflings-mic/special-rules.yaml,0-1 Village Ogre / Special Rules / Skills,https://mordheimer.net/docs/warbands/grade-2a-warbands/halflings,LATER,Deferred subsystem: promotion to Hero and skill selection are post-duel/campaign progression mechanics.,NO,unbound,not_applicable,deferred,Deferred subsystem: promotion to Hero and skill selection are post-duel/campaign progression mechanics.,,,,deferred,,,not_applicable,not_applicable,not_applicable,,,deferred_scope_review,,,,,An Ogre-kin who becomes a Hero may only choose from Combat and Strength skill-lists.,village-ogre--skills,,,none,,Review scope and prerequisites before admitting or implementing the effect.,inventory,kb,,rule/mordheim/halflings-mic/village-ogre--skills/unimplemented.halflings-mic.village-ogre.skills,A,,"unbound source prose names a A-family operator; assigned for review; scope LATER preserved: review every clause individually, including possible mixed or reference-only clauses; keywords cannot defer a whole row; assignment for review is not admission",b219d6fb8d4d1482508d3c417493ae2c0c41f046e849a38d614c5be422c6d372,32c875601c6d15945d6f78b5604b858960411dff17455d7a8b09143192bcddae,"[""sources/knowledge/bands/mordheim/halflings-mic/band.yaml"", ""sources/knowledge/bands/mordheim/halflings-mic/equipment-access.yaml"", ""sources/knowledge/bands/mordheim/halflings-mic/profiles.yaml"", ""sources/knowledge/bands/mordheim/halflings-mic/special-rules.yaml"", ""sources/knowledge/catalog/rules/special-rules.yaml""]"
rule/mordheim/high-elves-lus/band--skill-unerring-strike/skill.sure-strike,editorial_effect,Unerring Strike,bands/mordheim/high-elves-lus/special-rules.yaml,Special High Elf Skills / Unerring Strike,https://broheim.net/downloads/warbands/supplement/lustria/High Elves.pdf,YES,,YES,"{""id"": ""skill.sure-strike"", ""kind"": ""mechanic"", ""parameters"": {}}",linked,not_run,Semantic verification was not run.,,,,ready,,,not_assessed,not_assessed,not_run,,,implemented_pending_verification,sources/2B/bands/mordheim/high-elves-lus/special-rules.yaml#band--skill-unerring-strike#unimplemented.high-elves-lus.band.unerring-strike,included,"[""T13.2"",""T13.3""]",,The Elf is an expert at delivering deadly accurate blows. He may re-roll any failed to wound rolls.,band--skill-unerring-strike,"[""wound-reroll""]",mechanic/skill.sure-strike,none,,Review existing evidence; repair verification metadata or missing evidence without reimplementing the effect.,inventory,kb,,rule/mordheim/high-elves-lus/band--skill-unerring-strike/skill.sure-strike,A,skill.sure-strike,binding operator 'mechanic:skill.sure-strike' classified into the A family by operator vocabulary,d67a6e4e87b2579a6c35eb3919e55265f2728684e36e479e2e9229d54f0211fc,f3839ff35ab61f6aced86f45e51d6859445b21a3f41feb85676efe54aec08b50,"[""sources/knowledge/bands/mordheim/high-elves-lus/band.yaml"", ""sources/knowledge/bands/mordheim/high-elves-lus/equipment-access.yaml"", ""sources/knowledge/bands/mordheim/high-elves-lus/profiles.yaml"", ""sources/knowledge/bands/mordheim/high-elves-lus/special-rules.yaml"", ""sources/knowledge/catalog/rules/special-rules.yaml""]"
rule/mordheim/horned-hunters/band--horned-hunter-special-skills-animal-friendship/trait.animal-friendship,editorial_effect,Animal Friendship,bands/mordheim/horned-hunters/special-rules.yaml,Horned Hunter Special Skills / animal friendship,https://mordheimer.net/docs/warbands/grade-1b-warbands/horned-hunters,YES,,YES,"{""id"": ""trait.animal-friendship"", ""kind"": ""trait"", ""parameters"": {""value"": true}}",linked,not_run,Semantic verification was not run.,,,,ready,,The three heroes with access to Horned Hunter skills may choose Animal Friendship. A normal animal does not make attacks against the bearer; the rule does not prevent attacking enemies without the animal classification.,not_assessed,not_assessed,not_run,,,implemented_pending_verification,,,,,"Having grown up amidst the animals of the forest this warrior exudes a certain charm to all 'normal' animals (warhorses, warhounds, etc.). Animals will never attack him and up to two wardogs that the warrior owns do not count against the maximum number of models in the Warband.",band--horned-hunter-special-skills-animal-friendship,,,none,,Review existing evidence; repair verification metadata or missing evidence without reimplementing the effect.,inventory,kb,,rule/mordheim/horned-hunters/band--horned-hunter-special-skills-animal-friendship/trait.animal-friendship,A,trait.animal-friendship,binding operator 'trait:trait.animal-friendship' has no family token in its own name; its clause text names a A-family operator,ac0c4ce92ea4f6c694a56197073717d182e0b88317a996a77261b5262d3f312c,7dedfad66c44589664d6d33ffdcd577a1b49bec2b1e68d1d306796e3567f56ab,"[""sources/knowledge/bands/mordheim/horned-hunters/band.yaml"", ""sources/knowledge/bands/mordheim/horned-hunters/equipment-access.yaml"", ""sources/knowledge/bands/mordheim/horned-hunters/profiles.yaml"", ""sources/knowledge/bands/mordheim/horned-hunters/special-rules.yaml"", ""sources/knowledge/catalog/rules/special-rules.yaml""]"
rule/mordheim/house-guard-sc/band--dueling-pride/mechanic.dueling-pride,editorial_effect,Dueling Pride (House Fierezza),bands/mordheim/house-guard-sc/special-rules.yaml,House Fierezza / Additional special rules / Dueling Pride,https://broheim.net/downloads/warbands/supplement/sealedcity/House Guard.pdf,YES,,YES,"{""id"": ""mechanic.dueling-pride"", ""kind"": ""mechanic"", ""parameters"": {}}",linked,not_run,Semantic verification was not run.,,,,ready,,,not_assessed,not_assessed,not_run,,,implemented_pending_verification,sources/2B/bands/mordheim/house-guard-sc/special-rules.yaml#band--dueling-pride#trait.re-roll-hits-vs-heroes,included,"[""T13.2"",""T13.3"",""T13.5""]",,Fierezza Heroes may re-roll failed hits during the first round of combat when fighting enemy heroes.,band--dueling-pride,"[""conditional-hit-reroll""]",mechanic/mechanic.dueling-pride,none,,Review existing evidence; repair verification metadata or missing evidence without reimplementing the effect.,inventory,kb,,rule/mordheim/house-guard-sc/band--dueling-pride/mechanic.dueling-pride,A,mechanic.dueling-pride,binding operator 'mechanic:mechanic.dueling-pride' pinned to its behaviour family by the operator table,4f37c628ceed86b53a93c3546e861a8b761f0c8ebd23d5b883a33c3093008589,a4a0d81543bcaa331cc8f734efd988318be152b484a815d1b79e7aea4e1467bc,"[""sources/knowledge/bands/mordheim/house-guard-sc/band.yaml"", ""sources/knowledge/bands/mordheim/house-guard-sc/equipment-access.yaml"", ""sources/knowledge/bands/mordheim/house-guard-sc/profiles.yaml"", ""sources/knowledge/bands/mordheim/house-guard-sc/special-rules.yaml"", ""sources/knowledge/catalog/rules/special-rules.yaml""]"
rule/mordheim/imperial-outriders/band--mounted-injuries/unimplemented.imperial-outriders.band.mounted-injuries,editorial_effect,Injuries,bands/mordheim/imperial-outriders/special-rules.yaml,Further Mounted Rules / Injuries,https://mordheimer.net/docs/warbands/grade-1b-warbands/imperial-outriders,LATER,Deferred subsystem: mounts.,NO,unbound,not_applicable,deferred,Deferred subsystem: mounts.,,,,deferred,,,not_applicable,not_applicable,not_applicable,,,deferred_scope_review,,,,,Resolve the effects of wounds on mounted models using the Whoa Boy! table from the Blazing Saddles mounted rules.,band--mounted-injuries,,,none,,Review scope and prerequisites before admitting or implementing the effect.,inventory,kb,,rule/mordheim/imperial-outriders/band--mounted-injuries/unimplemented.imperial-outriders.band.mounted-injuries,A,,"unbound source prose names a A-family operator; assigned for review; scope LATER preserved: review every clause individually, including possible mixed or reference-only clauses; keywords cannot defer a whole row; assignment for review is not admission",903e413a4640e6b524a0860be9550acfe0eaedbd2fd6efa90f87ad9a53adc3d3,bb9a13d874c6f2538be389c8913e0d3552a4850dc567aba635e9dc2d962f0761,"[""sources/knowledge/bands/mordheim/imperial-outriders/band.yaml"", ""sources/knowledge/bands/mordheim/imperial-outriders/equipment-access.yaml"", ""sources/knowledge/bands/mordheim/imperial-outriders/profiles.yaml"", ""sources/knowledge/bands/mordheim/imperial-outriders/special-rules.yaml"", ""sources/knowledge/catalog/rules/special-rules.yaml""]"
rule/mordheim/imperial-outriders/band--targeting-mounted-warriors/unimplemented.imperial-outriders.band.targeting-mounted-warriors,editorial_effect,Targeting Mounted Warriors,bands/mordheim/imperial-outriders/special-rules.yaml,Further Mounted Rules / Targeting Mounted Warriors,https://mordheimer.net/docs/warbands/grade-1b-warbands/imperial-outriders,LATER,Deferred subsystem: mounts.,NO,unbound,not_applicable,deferred,Deferred subsystem: mounts.,,,,deferred,,,not_applicable,not_applicable,not_applicable,,,deferred_scope_review,,,,,"A ridden horse may not be targeted separately by shooting or hand-to-hand attacks. A mounted warrior may always be selected as a shooting target even if closer enemies exist, but shooters do not gain +1 to hit merely because the target is mounted.",band--targeting-mounted-warriors,,,none,,Review scope and prerequisites before admitting or implementing the effect.,inventory,kb,,rule/mordheim/imperial-outriders/band--targeting-mounted-warriors/unimplemented.imperial-outriders.band.targeting-mounted-warriors,A,,"unbound source prose names a A-family operator; assigned for review; scope LATER preserved: review every clause individually, including possible mixed or reference-only clauses; keywords cannot defer a whole row; assignment for review is not admission",5664b520950835b5feb9f61e1644b0912181247c2f3a80c8daf5ad2d8c9c2116,a8c46c570327b20044b58dde691aeccb936952efa0d5f197b016ae5dcc50a840,"[""sources/knowledge/bands/mordheim/imperial-outriders/band.yaml"", ""sources/knowledge/bands/mordheim/imperial-outriders/equipment-access.yaml"", ""sources/knowledge/bands/mordheim/imperial-outriders/profiles.yaml"", ""sources/knowledge/bands/mordheim/imperial-outriders/special-rules.yaml"", ""sources/knowledge/catalog/rules/special-rules.yaml""]"
rule/mordheim/knights-of-the-bitter-moors-mim/band--virtue-of-valour/skill.wound-valour,editorial_effect,Virtue of Valour,bands/mordheim/knights-of-the-bitter-moors-mim/special-rules.yaml,Bretonnian Special Skills / Virtue of Valour,https://broheim.net/downloads/warbands/supplement/mutinyinmarienburg/Knights Of The Bitter%20Moors.pdf,YES,,YES,"{""id"": ""skill.wound-valour"", ""kind"": ""mechanic"", ""parameters"": {}}",linked,not_run,Semantic verification was not run.,,,,ready,,,not_assessed,not_assessed,not_run,,,implemented_pending_verification,sources/2B/bands/mordheim/knights-of-the-bitter-moors-mim/special-rules.yaml#band--virtue-of-valour#unimplemented.knights-of-the-bitter-moors-mim.band.virtue-of-valour,included,"[""T13.2"",""T13.3""]",,The Knight has vowed to confront the biggest and strongest foes. The more awesome his enemy the more valourous are his efforts. The Knight may re-roll any missed wound rolls against an enemy with a higher natural strength.,band--virtue-of-valour,"[""wound-reroll""]",mechanic/skill.wound-valour,none,,Review existing evidence; repair verification metadata or missing evidence without reimplementing the effect.,inventory,kb,,rule/mordheim/knights-of-the-bitter-moors-mim/band--virtue-of-valour/skill.wound-valour,A,skill.wound-valour,binding operator 'mechanic:skill.wound-valour' pinned to its behaviour family by the operator table,daecbd2f025857c47b425ec28c07a918537e9da5ec6f897ec20ecd849d8ba3cf,951934ae4fc63b2eb1e9317c2d745bc98d6c980c6f40afc0249538ef7dc5d848,"[""sources/knowledge/bands/mordheim/knights-of-the-bitter-moors-mim/band.yaml"", ""sources/knowledge/bands/mordheim/knights-of-the-bitter-moors-mim/equipment-access.yaml"", ""sources/knowledge/bands/mordheim/knights-of-the-bitter-moors-mim/profiles.yaml"", ""sources/knowledge/bands/mordheim/knights-of-the-bitter-moors-mim/special-rules.yaml"", ""sources/knowledge/catalog/rules/special-rules.yaml""]"
rule/mordheim/knights-of-the-bitter-moors-mim/questing-knight--righteous-charge/mechanic.righteous-charge,editorial_effect,Righteous Charge,bands/mordheim/knights-of-the-bitter-moors-mim/special-rules.yaml,1 Questing Knight / Special Rules / Righteous Charge,https://broheim.net/downloads/warbands/supplement/mutinyinmarienburg/Knights Of The Bitter%20Moors.pdf,YES,,YES,"{""id"": ""mechanic.righteous-charge"", ""kind"": ""mechanic"", ""parameters"": {}}",linked,not_run,Semantic verification was not run.,,,,ready,"Does Righteous Charge requiring at least one other model within 2 inches include enemies, and when is the 4-inch recipient radius measured: charge declaration or completed movement? The source does not say friendly for the first condition.",,not_assessed,not_assessed,not_run,,,implemented_pending_verification,sources/2B/bands/mordheim/knights-of-the-bitter-moors-mim/special-rules.yaml#questing-knight--righteous-charge#unimplemented.knights-of-the-bitter-moors-mim.questing-knight.righteous-charge,included,"[""T13.2"",""T13.3"",""T13.5"",""T13.6""]",T13-Q045,"When the mounted Knight charges, if he has at least 1 other model within 2 inches, all friendly charging mounted warriors (including the Questing Knight) within 4 inches gain +1 to Hit, cause fear and are immune to all Psychology for the first round of combat.",questing-knight--righteous-charge,"[""charge-hit"",""fear"",""psych-immunity"",""movement""]",mechanic/mechanic.righteous-charge,needs_review,,Review existing evidence; repair verification metadata or missing evidence without reimplementing the effect.,inventory,kb,,rule/mordheim/knights-of-the-bitter-moors-mim/questing-knight--righteous-charge/mechanic.righteous-charge,A,mechanic.righteous-charge,binding operator 'mechanic:mechanic.righteous-charge' pinned to its behaviour family by the operator table,63d19907a011cd0eec07332b4f823f45a82350e19a64c446a256285a00449e85,bfdf8d6e4be240572fdb00127ba9a71251723ed411ab8ec1a4e31396c67edcea,"[""sources/knowledge/bands/mordheim/knights-of-the-bitter-moors-mim/band.yaml"", ""sources/knowledge/bands/mordheim/knights-of-the-bitter-moors-mim/equipment-access.yaml"", ""sources/knowledge/bands/mordheim/knights-of-the-bitter-moors-mim/profiles.yaml"", ""sources/knowledge/bands/mordheim/knights-of-the-bitter-moors-mim/special-rules.yaml"", ""sources/knowledge/catalog/rules/special-rules.yaml""]"
rule/mordheim/lords-of-the-marsh-mim/fimir-warriors--spiked-tail/trait.extra-attack-tail,editorial_effect,Spiked Tail,bands/mordheim/lords-of-the-marsh-mim/special-rules.yaml,0-2 Fimir Warriors / Special Rules / Spiked Tail,https://broheim.net/downloads/warbands/supplement/mutinyinmarienburg/Lords Of The Marsh.pdf,YES,"Included individual duel effect, not implemented: Separate repeated natural melee attack at bearer Strength +1; canonical contribution remains pending.",NO,unbound,unbound,not_run,Semantic verification was not run.,,,,ready,,,not_assessed,not_assessed,not_run,,,implementation_required,sources/2B/bands/mordheim/lords-of-the-marsh-mim/special-rules.yaml#fimir-warriors--spiked-tail#trait.extra-attack-tail,included,"[""T13.2"",""T13.3"",""T13.4""]",,Fimir warriors have a flexible tail with a mace-like bony tip; the warrior gains an extra tail attack in each hand-to-hand combat phase at the Fimir's Strength +1.,fimir-warriors--spiked-tail,"[""natural-attack""]",,none,,"Implement the complete included effect, reusing its binding family.",inventory,kb,,rule/mordheim/lords-of-the-marsh-mim/fimir-warriors--spiked-tail/trait.extra-attack-tail,A,,unbound source prose names a A-family operator; assigned for review,0e5727c81f8ecb06ff3f71832402bdf7063f7fdccef08731e639937aa7984f06,691b9ac4d3da01192a580818130c64355dafad3b6f09a3e6f9b45ed9dd4972bd,"[""sources/knowledge/bands/mordheim/lords-of-the-marsh-mim/band.yaml"", ""sources/knowledge/bands/mordheim/lords-of-the-marsh-mim/equipment-access.yaml"", ""sources/knowledge/bands/mordheim/lords-of-the-marsh-mim/profiles.yaml"", ""sources/knowledge/bands/mordheim/lords-of-the-marsh-mim/special-rules.yaml"", ""sources/knowledge/catalog/rules/special-rules.yaml""]"
rule/mordheim/lords-of-the-marsh-mim/young-nobles--spiked-tail/trait.extra-attack-tail,editorial_effect,Spiked Tail,bands/mordheim/lords-of-the-marsh-mim/special-rules.yaml,0-2 Young Nobles / Special Rules / Spiked Tail,https://broheim.net/downloads/warbands/supplement/mutinyinmarienburg/Lords Of The Marsh.pdf,YES,"Included individual duel effect, not implemented: Separate repeated natural melee attack at bearer Strength +1; canonical contribution remains pending.",NO,unbound,unbound,not_run,Semantic verification was not run.,,,,ready,,,not_assessed,not_assessed,not_run,,,implementation_required,sources/2B/bands/mordheim/lords-of-the-marsh-mim/special-rules.yaml#young-nobles--spiked-tail#trait.extra-attack-tail,included,"[""T13.2"",""T13.3"",""T13.4""]",,Fimir Nobles have a flexible tail with a mace-like bony tip; the Young Noble gains an extra tail attack in each hand-to-hand combat phase at the Fimir's Strength +1.,young-nobles--spiked-tail,"[""natural-attack""]",,none,,"Implement the complete included effect, reusing its binding family.",inventory,kb,,rule/mordheim/lords-of-the-marsh-mim/young-nobles--spiked-tail/trait.extra-attack-tail,A,,unbound source prose names a A-family operator; assigned for review,b051b8f07eda05647a24118f7297ebaf618a61e7560cf7f3bdf7c4ac38cce33d,d84387ace4af2c911a79357f67b86925b197a3b41e0c1d73be3f6d8ec4209afb,"[""sources/knowledge/bands/mordheim/lords-of-the-marsh-mim/band.yaml"", ""sources/knowledge/bands/mordheim/lords-of-the-marsh-mim/equipment-access.yaml"", ""sources/knowledge/bands/mordheim/lords-of-the-marsh-mim/profiles.yaml"", ""sources/knowledge/bands/mordheim/lords-of-the-marsh-mim/special-rules.yaml"", ""sources/knowledge/catalog/rules/special-rules.yaml""]"
rule/mordheim/low-kings-mim/fence--sham/unimplemented.low-kings-mim.fence.sham,editorial_effect,Sham,bands/mordheim/low-kings-mim/special-rules.yaml,Heroes / 0-1 Fence / Special Rules / Sham,https://broheim.net/downloads/warbands/supplement/mutinyinmarienburg/Low Kings.pdf,LATER,Deferred subsystem: not covered by the current engine scope; to be revisited with the corresponding engine milestone.,NO,unbound,not_applicable,deferred,Deferred subsystem: not covered by the current engine scope; to be revisited with the corresponding engine milestone.,,,,deferred,"Does Sham first-use D6 result 1 cancel that use or break the item only afterward, and when is the first use of armour or other passive defense counted?",,not_applicable,not_applicable,not_applicable,,,deferred_scope_review,sources/2B/bands/mordheim/low-kings-mim/special-rules.yaml#fence--sham#unimplemented.low-kings-mim.fence.sham,mixed,"[""T13.2"",""T13.3"",""T13.4""]",T13-Q056,"A Fence has an eclectic range of items procured from sources best left unspoken. Offered at incredible prices, traders should be wary for their word is not their bond and such items are often flawed... All of the items purchased through the Fence are at their base price (ie, do not add the random gold modifier for items). All items bought from the Fence are also at half price but once the item is first used roll a D6. On a roll of 1 the item breaks and is useless - an elaborate fake! At the end of each battle (whether or not the Halfling Fence actually took part), roll a D6: 1 Halfling cookbook; 2 Ithilmar weapon; 3 Gromril weapon; 4 Tome of magic or Holy tome; 5 Hunting rifle or Elven bow; 6 Brace of duelling pistols.",fence--sham,"[""resource-reroll"",""weapon"",""campaign""]",,needs_review,,Review scope and prerequisites before admitting or implementing the effect.,inventory,kb,,rule/mordheim/low-kings-mim/fence--sham/unimplemented.low-kings-mim.fence.sham,A,,"unbound source prose names a A-family operator; assigned for review; scope LATER preserved: review every clause individually, including possible mixed or reference-only clauses; keywords cannot defer a whole row; assignment for review is not admission",a8453469d5b91db22bf279916223c64048211136d2a2e8eb62525b2954fe964f,0e190ce3ab8b5635871e28f1148413ff4b3bb3efb22011376d0bd29ad8074f73,"[""sources/knowledge/bands/mordheim/low-kings-mim/band.yaml"", ""sources/knowledge/bands/mordheim/low-kings-mim/equipment-access.yaml"", ""sources/knowledge/bands/mordheim/low-kings-mim/profiles.yaml"", ""sources/knowledge/bands/mordheim/low-kings-mim/special-rules.yaml"", ""sources/knowledge/catalog/rules/special-rules.yaml""]"
rule/mordheim/low-kings-mim/rapscallions--hide-in-shadows/unimplemented.low-kings-mim.rapscallions.hide-in-shadows,editorial_effect,Hide in Shadows,bands/mordheim/low-kings-mim/special-rules.yaml,Henchmen / 0-4 Rapscallions / Special Rules / Hide In Shadows,https://broheim.net/downloads/warbands/supplement/mutinyinmarienburg/Low Kings.pdf,LATER,Deferred subsystem: not covered by the current engine scope; to be revisited with the corresponding engine milestone.,NO,unbound,not_applicable,deferred,Deferred subsystem: not covered by the current engine scope; to be revisited with the corresponding engine milestone.,,,,deferred,,,not_applicable,not_applicable,not_applicable,,,deferred_scope_review,sources/2B/bands/mordheim/low-kings-mim/special-rules.yaml#rapscallions--hide-in-shadows#unimplemented.low-kings-mim.rapscallions.hide-in-shadows,mixed,"[""T13.2"",""T13.6""]",,"Rapscallions can blend into the shadows so that opponents will not see them before a mugging. As long as they are within 1"" of a wall or other linear obstacle (hedge, fence, well etc), opposing models must pass an Initiative test in order to charge or shoot at them.",rapscallions--hide-in-shadows,"[""movement""]",,none,,Review scope and prerequisites before admitting or implementing the effect.,inventory,kb,,rule/mordheim/low-kings-mim/rapscallions--hide-in-shadows/unimplemented.low-kings-mim.rapscallions.hide-in-shadows,A,,"unbound source prose names a A-family operator; assigned for review; scope LATER preserved: review every clause individually, including possible mixed or reference-only clauses; keywords cannot defer a whole row; assignment for review is not admission",d46cb6d343b817945af6620ae3c480c88b68d4859a2e04a846fbc4ee34b75c93,6d3e12bc5dd2c9cc938728beec75f1feb1cf928a0b3d90978872d5f5f4e42eff,"[""sources/knowledge/bands/mordheim/low-kings-mim/band.yaml"", ""sources/knowledge/bands/mordheim/low-kings-mim/equipment-access.yaml"", ""sources/knowledge/bands/mordheim/low-kings-mim/profiles.yaml"", ""sources/knowledge/bands/mordheim/low-kings-mim/special-rules.yaml"", ""sources/knowledge/catalog/rules/special-rules.yaml""]"
rule/mordheim/lustrian-reavers/saurus-slayer--duellist/skill.duellist,editorial_effect,Duellist,bands/mordheim/lustrian-reavers/special-rules.yaml,Heroes / 0 – 1 Saurus Slayer / Special Rules / Duellist,https://mordheimer.net/docs/warbands/grade-1c-warbands/lustrian-reavers,YES,,YES,"{""id"": ""skill.duellist"", ""kind"": ""mechanic"", ""parameters"": {}}",linked,not_run,Semantic verification was not run.,,,,ready,,"Mordheimer / Lustrian Reavers / Saurus Slayer / Duellist. Against a single opponent, it re-rolls failed hits in the first round both when charging and when receiving a charge. The simulator only represents 1v1 duels; no evidence is attributed to combat with multiple enemies. WS4 versus WS4 requires 4+, with probability 3/4 when re-rolling and 1/2 without re-roll.",not_assessed,not_assessed,not_run,,,implemented_pending_verification,,,,,"If the Saurus Slayer is engaged with only a single opponent in melee, he may re-roll missed hits in the first round whether he charged or was charged.",saurus-slayer--duellist,,mechanic/skill.duellist,none,,Review existing evidence; repair verification metadata or missing evidence without reimplementing the effect.,inventory,kb,,rule/mordheim/lustrian-reavers/saurus-slayer--duellist/skill.duellist,A,skill.duellist,binding operator 'mechanic:skill.duellist' classified into the A family by operator vocabulary,b4c81170e03a1d33a0ef9f81ad3eedd8bf4606b141e6a95674ea6e6bcf25fe0d,42634df6de25baa113b9785312c6c8679556e556a07eb5d964761c82c72ee3ae,"[""sources/knowledge/bands/mordheim/lustrian-reavers/band.yaml"", ""sources/knowledge/bands/mordheim/lustrian-reavers/equipment-access.yaml"", ""sources/knowledge/bands/mordheim/lustrian-reavers/profiles.yaml"", ""sources/knowledge/bands/mordheim/lustrian-reavers/special-rules.yaml"", ""sources/knowledge/catalog/rules/special-rules.yaml""]"
rule/mordheim/maneaters/band--ogres-special-skills-bull-charge/mechanic.bull-charge,editorial_effect,Bull Charge,bands/mordheim/maneaters/special-rules.yaml,Ogres special skills / bull charge,https://mordheimer.net/docs/warbands/grade-1c-warbands/maneaters,YES,,YES,"{""id"": ""mechanic.bull-charge"", ""kind"": ""mechanic"", ""parameters"": {}}",linked,not_run,Semantic verification was not run.,,,,ready,,"Bull Charge and Bull Rush allow choosing, during a charge, to replace all attacks with a single attempt at +1 To Hit. If it hits, it knocks down without a to-wound roll. Declining the choice keeps the normal pool. Outside a charge no decision is asked nor is the number of attacks replaced. Bulls receives the rule automatically; the skills have their own recipients.",not_assessed,not_assessed,not_run,,,implemented_pending_verification,,,,,"Ogres learn to use their vast bulk in a charge, trampling the enemy to the ground. When charging, an Ogre with this skill may attempt a single attack with a +1 'to hit' modifier rather than making his normal attacks. If successful the enemy model is automatically knocked down.",band--ogres-special-skills-bull-charge,,mechanic/mechanic.bull-charge,none,,Review existing evidence; repair verification metadata or missing evidence without reimplementing the effect.,inventory,kb,,rule/mordheim/maneaters/band--ogres-special-skills-bull-charge/mechanic.bull-charge,A,mechanic.bull-charge,binding operator 'mechanic:mechanic.bull-charge' pinned to its behaviour family by the operator table,a2f4d5432be527fef319c7d8262bb4e65789edfb9fa27cb4527516038f241ea2,47d69b1ef2166f4c85a7432deedda377312e831e0d527645e47770bdf944133e,"[""sources/knowledge/bands/mordheim/maneaters/band.yaml"", ""sources/knowledge/bands/mordheim/maneaters/equipment-access.yaml"", ""sources/knowledge/bands/mordheim/maneaters/profiles.yaml"", ""sources/knowledge/bands/mordheim/maneaters/special-rules.yaml"", ""sources/knowledge/catalog/rules/special-rules.yaml""]"
rule/mordheim/maneaters/band--ogres-special-skills-crude-belch/unimplemented.maneaters.band.ogres-special-skills-crude-belch,editorial_effect,Crude Belch,bands/mordheim/maneaters/special-rules.yaml,Ogres special skills / crude belch,https://mordheimer.net/docs/warbands/grade-1c-warbands/maneaters,LATER,Deferred subsystem: psychology or mounts.,NO,unbound,not_applicable,deferred,Deferred subsystem: psychology or mounts.,,,,deferred,,,not_applicable,not_applicable,not_applicable,,,deferred_scope_review,,,,,Ogres eat almost anything. Consequences are to be expected from those inconsiderate enough to consume a rich meal before battle. A Hero with this 'condition' may unleash his thunderous fumes on all enemies engaged in close combat. Those that do not pass a Ld test suffer a -1 'to hit' modifier for the turn. The Ogre must wait until a new enemy engages him in combat before he relieves himself again.,band--ogres-special-skills-crude-belch,,,none,,Review scope and prerequisites before admitting or implementing the effect.,inventory,kb,,rule/mordheim/maneaters/band--ogres-special-skills-crude-belch/unimplemented.maneaters.band.ogres-special-skills-crude-belch,A,,"unbound source prose names a A-family operator; assigned for review; scope LATER preserved: review every clause individually, including possible mixed or reference-only clauses; keywords cannot defer a whole row; assignment for review is not admission",a7b3b08f5f7c434f53e44341bd87f7839a4fdfad5d9c239cb2da64387140ed61,f0fe4e25af86394dc2a1a946e0b2c9661cd2cdbdbf0d4b13e56b5868ab973d16,"[""sources/knowledge/bands/mordheim/maneaters/band.yaml"", ""sources/knowledge/bands/mordheim/maneaters/equipment-access.yaml"", ""sources/knowledge/bands/mordheim/maneaters/profiles.yaml"", ""sources/knowledge/bands/mordheim/maneaters/special-rules.yaml"", ""sources/knowledge/catalog/rules/special-rules.yaml""]"
rule/mordheim/maneaters/bulls--bull-charge/mechanic.bull-charge,editorial_effect,Bull Charge,bands/mordheim/maneaters/special-rules.yaml,henchmen / 0 – 2 Bulls / Special Rules / Bull Charge,https://mordheimer.net/docs/warbands/grade-1c-warbands/maneaters,YES,,YES,"{""id"": ""mechanic.bull-charge"", ""kind"": ""mechanic"", ""parameters"": {}}",linked,not_run,Semantic verification was not run.,,,,ready,,"Bull Charge and Bull Rush allow choosing, during a charge, to replace all attacks with a single attempt at +1 To Hit. If it hits, it knocks down without a to-wound roll. Declining the choice keeps the normal pool. Outside a charge no decision is asked nor is the number of attacks replaced. Bulls receives the rule automatically; the skills have their own recipients.",not_assessed,not_assessed,not_run,,,implemented_pending_verification,,,,,"Ogres learn to use their vast bulk in a charge, trampling the enemy to the ground. When charging, Bulls may attempt a single attack with a +1 'to hit' modifier rather than making their normal attacks. If successful the enemy model is automatically knocked down.",bulls--bull-charge,,mechanic/mechanic.bull-charge,none,,Review existing evidence; repair verification metadata or missing evidence without reimplementing the effect.,inventory,kb,,rule/mordheim/maneaters/bulls--bull-charge/mechanic.bull-charge,A,mechanic.bull-charge,binding operator 'mechanic:mechanic.bull-charge' pinned to its behaviour family by the operator table,2663aca2a9e00bc19032973a2eb7a4db4729a028bc96d7a14ba0ab84580a9a7a,e2afe5411d0636f63acdc025756bb275cab8829928ea13030538af63717b6b4d,"[""sources/knowledge/bands/mordheim/maneaters/band.yaml"", ""sources/knowledge/bands/mordheim/maneaters/equipment-access.yaml"", ""sources/knowledge/bands/mordheim/maneaters/profiles.yaml"", ""sources/knowledge/bands/mordheim/maneaters/special-rules.yaml"", ""sources/knowledge/catalog/rules/special-rules.yaml""]"
rule/mordheim/marauders-of-chaos/spawn-of-chaos--special-attacks/mechanic.spawn-special-attacks,editorial_effect,Special Attacks,bands/mordheim/marauders-of-chaos/special-rules.yaml,henchmen / 0 – 1 Spawn of Chaos / Special Rules / Special Attacks,https://mordheimer.net/docs/warbands/grade-1c-warbands/marauders-of-chaos,YES,,YES,"{""id"": ""mechanic.spawn-special-attacks"", ""kind"": ""mechanic"", ""parameters"": {}}",linked,not_run,Semantic verification was not run.,,,,ready,,The rule is granted only to the Spawn of Chaos and makes its attack count consume the canonical D6+1.,not_assessed,not_assessed,not_run,,,implemented_pending_verification,,,,,Roll at the beginning of each Close Combat phase to determine the Spawn's Attacks for that phase.,spawn-of-chaos--special-attacks,,mechanic/mechanic.spawn-special-attacks,none,,Review existing evidence; repair verification metadata or missing evidence without reimplementing the effect.,inventory,kb,,rule/mordheim/marauders-of-chaos/spawn-of-chaos--special-attacks/mechanic.spawn-special-attacks,A,mechanic.spawn-special-attacks,binding operator 'mechanic:mechanic.spawn-special-attacks' pinned to its behaviour family by the operator table,8e296e2a148cb12098853115a34d4d1f9ff5faff5772935a9286920ae9973925,78b853b0d2ee8beaf6e494606723a457a658c94db40f8870d4d14127cf2ade5a,"[""sources/knowledge/bands/mordheim/marauders-of-chaos/band.yaml"", ""sources/knowledge/bands/mordheim/marauders-of-chaos/equipment-access.yaml"", ""sources/knowledge/bands/mordheim/marauders-of-chaos/profiles.yaml"", ""sources/knowledge/bands/mordheim/marauders-of-chaos/special-rules.yaml"", ""sources/knowledge/catalog/rules/special-rules.yaml""]"
rule/mordheim/mazzalupo-web/fallen-noble--ye-give-way/unimplemented.mazzalupo-web.fallen-noble.ye-give-way,editorial_effect,Ye Give Way,bands/mordheim/mazzalupo-web/special-rules.yaml,0-2 Fallen Noble / Special Rules / Ye give way,https://mordheimer.net/docs/warbands/grade-2a-warbands/mazzalupo,LATER,Deferred subsystem: challenge/duel-isolation mechanics and cumulative modifiers are outside the current engine scope.,NO,unbound,not_applicable,deferred,Deferred subsystem: challenge/duel-isolation mechanics and cumulative modifiers are outside the current engine scope.,,,,deferred,,,not_applicable,not_applicable,not_applicable,,,deferred_scope_review,sources/2A/bands/mordheim/mazzalupo-web/special-rules.yaml#fallen-noble--ye-give-way#unimplemented.mazzalupo-web.fallen-noble.ye-give-way,included,"[""T13.2"",""T13.3"",""T13.4"",""T13.6""]",,"When the Fallen noble declares a charge against a Hero, they may challenge the target to yield the way. If the opponent refuses the challenge, the Fallen Noble cannot charge that model but may continue their turn normally, even declaring a new challenge; the warrior who refused the challenge suffers a -1 to hit in hand-to-hand combat, non-cumulative, until the end of the game. If the opponent accepts, the combat proceeds normally, but no other warrior may join the fight, although both models can still suffer area effects and be the target of spells. If the Fallen Noble manages to put the challenged opponent out of action, they gain a +1 to hit in hand-to-hand and a +1 S, non-cumulative, until the end of the game.",fallen-noble--ye-give-way,challenge-duel-state,,none,,Review scope and prerequisites before admitting or implementing the effect.,inventory,kb,,rule/mordheim/mazzalupo-web/fallen-noble--ye-give-way/unimplemented.mazzalupo-web.fallen-noble.ye-give-way,A,,"unbound source prose names a A-family operator; assigned for review; scope LATER preserved: review every clause individually, including possible mixed or reference-only clauses; keywords cannot defer a whole row; assignment for review is not admission",9088ef21e4a34dd88ef77f9126c46cb84ea1121fd55e715d1c7f4456f093a311,f85717576ea22596defcb208ad7f8d8a7b6a055da661e445b2f6de7dbcbf9f95,"[""sources/knowledge/bands/mordheim/mazzalupo-web/band.yaml"", ""sources/knowledge/bands/mordheim/mazzalupo-web/equipment-access.yaml"", ""sources/knowledge/bands/mordheim/mazzalupo-web/profiles.yaml"", ""sources/knowledge/bands/mordheim/mazzalupo-web/special-rules.yaml"", ""sources/knowledge/catalog/rules/special-rules.yaml""]"
rule/mordheim/mercenaries/swordsmen--expert-swordsmen/skill.expert-swordsman,editorial_effect,Expert Swordsmen,bands/mordheim/mercenaries/special-rules.yaml,henchmen / 0 – 5 Swordsmen / Special Rules / Expert Swordsmen,https://mordheimer.net/docs/warbands/grade-1a-warbands/mercenaries,YES,,YES,"{""id"": ""skill.expert-swordsman"", ""kind"": ""mechanic"", ""parameters"": {}}",linked,not_run,Semantic verification was not run.,,,,ready,,"swordsmen receives Expert Swordsman automatically. With a normal sword it rerolls failed charge hits once, but not with a double-handed weapon or without charging. Against equal WS the 4+ hit probability becomes 3/4 with the reroll. A failed reroll is final.",not_assessed,not_assessed,not_run,,,implemented_pending_verification,,,,,"Swordsmen are so skilled with their weapons that they may re-roll any failed hits when charging. Note that this only applies when they are armed with normal swords, and not with doublehanded swords or any other weapons.",swordsmen--expert-swordsmen,,mechanic/skill.expert-swordsman,none,,Review existing evidence; repair verification metadata or missing evidence without reimplementing the effect.,inventory,kb,,rule/mordheim/mercenaries/swordsmen--expert-swordsmen/skill.expert-swordsman,A,skill.expert-swordsman,binding operator 'mechanic:skill.expert-swordsman' names a weapon/attack object -> A,a07f71c94e381b00f604097990b70caf8fc226524ab63722713e2ca786d36f01,3b1599f2faabf4f1056a9aedfbcdc34f1ccd6719ae20a1342ad746097cc47d33,"[""sources/knowledge/bands/mordheim/mercenaries/band.yaml"", ""sources/knowledge/bands/mordheim/mercenaries/equipment-access.yaml"", ""sources/knowledge/bands/mordheim/mercenaries/profiles.yaml"", ""sources/knowledge/bands/mordheim/mercenaries/special-rules.yaml"", ""sources/knowledge/catalog/rules/special-rules.yaml""]"
rule/mordheim/merchant-caravans/blackguards--strongman/skill.strongman,editorial_effect,Strongman,bands/mordheim/merchant-caravans/special-rules.yaml,Henchmen / 0 – 3 Blackguards / Special Rules / Strongman,https://mordheimer.net/docs/warbands/grade-1c-warbands/merchant-caravans,YES,,YES,"{""id"": ""skill.strongman"", ""kind"": ""mechanic"", ""parameters"": {}}",linked,not_run,Semantic verification was not run.,,,,ready,,"The profile starts with Strongman. A double-handed weapon no longer imposes strike last, but the fighter retains its printed Initiative and is still subject to recovery penalties. This is not strike first.",not_assessed,not_assessed,not_run,,,implemented_pending_verification,,,,,Blackguards are capable of great feats of strength. They may use a double-handed weapon without the usual penalty of always striking last. Work out the order of battle as you would with other weapons.,blackguards--strongman,,mechanic/skill.strongman,none,,Review existing evidence; repair verification metadata or missing evidence without reimplementing the effect.,inventory,kb,,rule/mordheim/merchant-caravans/blackguards--strongman/skill.strongman,A,skill.strongman,binding operator 'mechanic:skill.strongman' classified into the A family by operator vocabulary,3cefd26a394ca2dc94c77b51bef6bb97873f049f3208a6601097309aa2a1b347,386c507a179bb738c4364f2cccd0c93aaa9b3ebb289b220dccc89d4f583a2d1d,"[""sources/knowledge/bands/mordheim/merchant-caravans/band.yaml"", ""sources/knowledge/bands/mordheim/merchant-caravans/equipment-access.yaml"", ""sources/knowledge/bands/mordheim/merchant-caravans/profiles.yaml"", ""sources/knowledge/bands/mordheim/merchant-caravans/special-rules.yaml"", ""sources/knowledge/catalog/rules/special-rules.yaml""]"
rule/mordheim/mootlanders/moot-elder--halfling-list/weapon.pistol,editorial_effect,Halfling Equipment List,bands/mordheim/mootlanders/special-rules.yaml,1 Moot Elder,https://mordheimer.net/docs/warbands/grade-1b-warbands/mootlanders,YES,,YES,"{""id"": ""weapon.pistol"", ""kind"": ""mechanic"", ""parameters"": {}}",linked,not_run,Semantic verification was not run.,,,,ready,,,not_assessed,not_assessed,not_run,,,implemented_pending_verification,,,,,May buy equipment from the Halfling Equipment List and may additionally buy a pistol for 15 gc.,moot-elder--halfling-list,,mechanic/weapon.pistol,none,,Review existing evidence; repair verification metadata or missing evidence without reimplementing the effect.,inventory,kb,,rule/mordheim/mootlanders/moot-elder--halfling-list/weapon.pistol,A,weapon.pistol,binding operator 'mechanic:weapon.pistol' classified into the A family by operator prefix 'weapon.',a648cb2fb23acfc20448c5a09d21fcb4e9f05ca515bd8cef72f7df9b4d3a5275,cc7820704217f148ab30e6053aca470967738fefb2f606877b7590abc4376eeb,"[""sources/knowledge/bands/mordheim/mootlanders/band.yaml"", ""sources/knowledge/bands/mordheim/mootlanders/equipment-access.yaml"", ""sources/knowledge/bands/mordheim/mootlanders/profiles.yaml"", ""sources/knowledge/bands/mordheim/mootlanders/special-rules.yaml"", ""sources/knowledge/catalog/rules/special-rules.yaml""]"
rule/mordheim/night-goblins-kaz/band--night-goblin-special-skills/unimplemented.night-goblins-kaz.band.night-goblin-special-skills,editorial_effect,Night Goblin Special Skills,bands/mordheim/night-goblins-kaz/special-rules.yaml,Night Goblin Special Skills,https://broheim.net/downloads/campaigns/karakazgal/Karak Azgal.pdf,LATER,Deferred: Ded Shooty (shooting range) and Sneaky Git (deployment) are out of scope; the Infiltrate cross-reference needs equivalence review. Netter alone has an executable binding (mechanic.netter) but the special-skill selection system is not wired for this band yet.,NO,unbound,not_applicable,deferred,Deferred: Ded Shooty (shooting range) and Sneaky Git (deployment) are out of scope; the Infiltrate cross-reference needs equivalence review. Netter alone has an executable binding (mechanic.netter) but the special-skill selection system is not wired for this band yet.,,,,deferred,,,not_applicable,not_applicable,not_applicable,,,deferred_scope_review,sources/2B/bands/mordheim/night-goblins-kaz/special-rules.yaml#band--night-goblin-special-skills#unimplemented.night-goblins-kaz.band.night-goblin-special-skills,mixed,"[""T13.2"",""T13.3"",""T13.4"",""T13.6""]",,"Ded Shooty: the clever little git adds +6\"" to the range of any missile weapons he uses (not including nets). Sneaky Git: the greenskin is so sneaky that he can move D3 of his warband members after all other deployment is complete; Night Goblin Big Boss only. Infiltrate: as Skaven skill. Netter: the goblin is adept at using a net to disable his enemies; the technique he has mastered is 'chuck and charge' (see mechanic.netter for the full text).",band--night-goblin-special-skills,"[""construction"",""replacement"",""movement"",""injury-map""]",,none,,Review scope and prerequisites before admitting or implementing the effect.,inventory,kb,,rule/mordheim/night-goblins-kaz/band--night-goblin-special-skills/unimplemented.night-goblins-kaz.band.night-goblin-special-skills,A,,"unbound source prose names a A-family operator; assigned for review; scope LATER preserved: review every clause individually, including possible mixed or reference-only clauses; keywords cannot defer a whole row; assignment for review is not admission",8183430b7843e2cbeec20f57d07201d8df963508834daa3ab30fa55165a1334f,e1853033fea955243ee6e16016de6c5668278000465bc4cf7a2b988bdb8a558b,"[""sources/knowledge/bands/mordheim/night-goblins-kaz/band.yaml"", ""sources/knowledge/bands/mordheim/night-goblins-kaz/equipment-access.yaml"", ""sources/knowledge/bands/mordheim/night-goblins-kaz/profiles.yaml"", ""sources/knowledge/bands/mordheim/night-goblins-kaz/special-rules.yaml"", ""sources/knowledge/catalog/rules/special-rules.yaml""]"
rule/mordheim/night-goblins-kaz/fanatics--frantic/skill.always-strikes-first,editorial_effect,Frantic,bands/mordheim/night-goblins-kaz/special-rules.yaml,henchmen / 0-2 Fanatics / Special Rules / Frantic,https://broheim.net/downloads/campaigns/karakazgal/Karak Azgal.pdf,YES,,YES,"{""id"": ""skill.always-strikes-first"", ""kind"": ""mechanic"", ""parameters"": {}}",linked,not_run,Semantic verification was not run.,,,,ready,,,not_assessed,not_assessed,not_run,,,implemented_pending_verification,sources/2B/bands/mordheim/night-goblins-kaz/special-rules.yaml#fanatics--frantic#skill.always-strikes-first,included,"[""T13.2"",""T13.4""]",,The Fanatic is hyperactive and will strike first in combat ignoring penalties for weapons or initiative order.,fanatics--frantic,"[""priority""]",mechanic/skill.always-strikes-first,none,,Review existing evidence; repair verification metadata or missing evidence without reimplementing the effect.,inventory,kb,,rule/mordheim/night-goblins-kaz/fanatics--frantic/skill.always-strikes-first,A,skill.always-strikes-first,binding operator 'mechanic:skill.always-strikes-first' classified into the A family by operator vocabulary,f6a2eb05c6beec72dbeb9290e1cb0ed3d0098368910b52ece48ed4560319a5d1,83c06c99f8a4b8535037a42f20fb41470b86f728114a1561d529f4478af24399,"[""sources/knowledge/bands/mordheim/night-goblins-kaz/band.yaml"", ""sources/knowledge/bands/mordheim/night-goblins-kaz/equipment-access.yaml"", ""sources/knowledge/bands/mordheim/night-goblins-kaz/profiles.yaml"", ""sources/knowledge/bands/mordheim/night-goblins-kaz/special-rules.yaml"", ""sources/knowledge/catalog/rules/special-rules.yaml""]"
rule/mordheim/night-goblins-kaz/troll--vomit-attack/weapon.vomit-attack,editorial_effect,Vomit Attack,bands/mordheim/night-goblins-kaz/special-rules.yaml,henchmen / 0-1 Troll / Special Rules / Vomit Attack,https://broheim.net/downloads/campaigns/karakazgal/Karak Azgal.pdf,YES,,YES,"{""id"": ""weapon.vomit-attack"", ""kind"": ""mechanic"", ""parameters"": {}}",linked,not_run,Semantic verification was not run.,,,,ready,,,not_assessed,not_assessed,not_run,,,implemented_pending_verification,sources/2B/bands/mordheim/night-goblins-kaz/special-rules.yaml#troll--vomit-attack#unimplemented.night-goblins-kaz.troll.vomit-attack,included,"[""T13.2"",""T13.3"",""T13.4""]",,"Instead of his normal attacks, a Troll can regurgitate its highly corrosive digestive juices on an unfortunate hand-to-hand combat opponent. This is a single attack that automatically hits with a Strength of 5 and ignores armour saves.",troll--vomit-attack,"[""replacement""]",mechanic/weapon.vomit-attack,none,,Review existing evidence; repair verification metadata or missing evidence without reimplementing the effect.,inventory,kb,,rule/mordheim/night-goblins-kaz/troll--vomit-attack/weapon.vomit-attack,A,weapon.vomit-attack,binding operator 'mechanic:weapon.vomit-attack' classified into the A family by operator prefix 'weapon.',85099f260d22717fa855887bb010e122cb55c15729b3901f074f0323c3c293d2,cdf9ea91fdea768c4e68f86564a3dca563d2256e3565aded1708fa1f9749f414,"[""sources/knowledge/bands/mordheim/night-goblins-kaz/band.yaml"", ""sources/knowledge/bands/mordheim/night-goblins-kaz/equipment-access.yaml"", ""sources/knowledge/bands/mordheim/night-goblins-kaz/profiles.yaml"", ""sources/knowledge/bands/mordheim/night-goblins-kaz/special-rules.yaml"", ""sources/knowledge/catalog/rules/special-rules.yaml""]"
rule/mordheim/night-goblins-mic/band--night-goblin-special-skills-netter/mechanic.netter,editorial_effect,Netter,bands/mordheim/night-goblins-mic/special-rules.yaml,Night Goblin Special Skills / Netter,https://mordheimer.net/docs/warbands/grade-1c-warbands/night-goblins,YES,,YES,"{""id"": ""mechanic.netter"", ""kind"": ""mechanic"", ""parameters"": {}}",linked,not_run,Semantic verification was not run.,,,,ready,,Netter can only be selected for Big Boss and Bosses and projects the pre-combat throwing mechanism.,not_assessed,not_assessed,not_run,,,implemented_pending_verification,,,,,"The goblin is adept at using a net to disable his enemies. They learn their skill hunting wild cave squigs in the depths of the mountains. The technique he has mastered is 'chuck and charge'. The goblin may declare that he is making a net charge. He throws the net at a target in the same way as described in the Mordheim rulebook. If he hits and the target fails to escape the net then target counts as knocked down and the goblin completes his charge. If he misses or the target escapes then the goblin makes a failed charge. If the failed charge would take him into base contact then stop him 1"" away. A warrior who is caught in a net will be automatically hit in combat. The goblin must still roll to wound just as with a knocked down enemy. In the warrior's next recovery phase, unless he is stunned or out of action he will cut himself out of the net but cannot do anything else and will go last in combat just as if he had stood up from being knocked down.",band--night-goblin-special-skills-netter,,mechanic/mechanic.netter,none,,Review existing evidence; repair verification metadata or missing evidence without reimplementing the effect.,inventory,kb,,rule/mordheim/night-goblins-mic/band--night-goblin-special-skills-netter/mechanic.netter,A,mechanic.netter,binding operator 'mechanic:mechanic.netter' pinned to its behaviour family by the operator table,faf934f43561bfc21db87ebe04f67c32d32d0cec2abb2429dda2856860ccb1dd,0b83a4d5fc97aeb4ed210327b39faf514563dc80fd825485fd7150a6a006da8f,"[""sources/knowledge/bands/mordheim/night-goblins-mic/band.yaml"", ""sources/knowledge/bands/mordheim/night-goblins-mic/equipment-access.yaml"", ""sources/knowledge/bands/mordheim/night-goblins-mic/profiles.yaml"", ""sources/knowledge/bands/mordheim/night-goblins-mic/special-rules.yaml"", ""sources/knowledge/catalog/rules/special-rules.yaml""]"
rule/mordheim/night-goblins-mic/troll--vomit-attack/weapon.vomit-attack,editorial_effect,Vomit Attack,bands/mordheim/night-goblins-mic/special-rules.yaml,henchmen / 0 – 1 Troll / Special Rules / Vomit Attack,https://mordheimer.net/docs/warbands/grade-1c-warbands/night-goblins,YES,,YES,"{""id"": ""weapon.vomit-attack"", ""kind"": ""mechanic"", ""parameters"": {}}",linked,not_run,Semantic verification was not run.,,,,ready,,Every cited profile entry grants the optional Vomit attack exclusively to the Troll profile. The profile's legal weapon construction exposes the canonical Vomit mechanism; all other profiles in each band must reject the same selection.,not_assessed,not_assessed,not_run,,,implemented_pending_verification,,,,,"Instead of his normal attacks, a Troll can regurgitate its highly corrosive digestive juices on an unfortunate hand-to-hand combat opponent. This is a single attack that automatically hits with a Strength of 5 and ignores armour saves.",troll--vomit-attack,,mechanic/weapon.vomit-attack,none,,Review existing evidence; repair verification metadata or missing evidence without reimplementing the effect.,inventory,kb,,rule/mordheim/night-goblins-mic/troll--vomit-attack/weapon.vomit-attack,A,weapon.vomit-attack,binding operator 'mechanic:weapon.vomit-attack' classified into the A family by operator prefix 'weapon.',85099f260d22717fa855887bb010e122cb55c15729b3901f074f0323c3c293d2,99f9ab804c1841b8f87333d9af2820f06c301929282a06eba5c3dc84a56caa17,"[""sources/knowledge/bands/mordheim/night-goblins-mic/band.yaml"", ""sources/knowledge/bands/mordheim/night-goblins-mic/equipment-access.yaml"", ""sources/knowledge/bands/mordheim/night-goblins-mic/profiles.yaml"", ""sources/knowledge/bands/mordheim/night-goblins-mic/special-rules.yaml"", ""sources/knowledge/catalog/rules/special-rules.yaml""]"
rule/mordheim/night-goblins-web/troll--vomit-attack/weapon.vomit-attack,editorial_effect,Vomit Attack,bands/mordheim/night-goblins-web/special-rules.yaml,Henchmen / 0 – 1 Troll / Special Rules / Vomit Attack,https://mordheimer.net/docs/warbands/grade-1c-warbands/night-goblins-web,YES,,YES,"{""id"": ""weapon.vomit-attack"", ""kind"": ""mechanic"", ""parameters"": {}}",linked,not_run,Semantic verification was not run.,,,,ready,,Every cited profile entry grants the optional Vomit attack exclusively to the Troll profile. The profile's legal weapon construction exposes the canonical Vomit mechanism; all other profiles in each band must reject the same selection.,not_assessed,not_assessed,not_run,,,implemented_pending_verification,,,,,"Instead of his normal attacks, a Troll can regurgitate its highly corrosive digestive juices on an unfortunate hand-to-hand combat opponent. This is a single attack that automatically hits with a Strength of 5 and ignores armour saves.",troll--vomit-attack,,mechanic/weapon.vomit-attack,none,,Review existing evidence; repair verification metadata or missing evidence without reimplementing the effect.,inventory,kb,,rule/mordheim/night-goblins-web/troll--vomit-attack/weapon.vomit-attack,A,weapon.vomit-attack,binding operator 'mechanic:weapon.vomit-attack' classified into the A family by operator prefix 'weapon.',85099f260d22717fa855887bb010e122cb55c15729b3901f074f0323c3c293d2,c28bbc611e4b70ed8340d08e5b68fb541a15cc0e42522d0e2b1356b51ff0435e,"[""sources/knowledge/bands/mordheim/night-goblins-web/band.yaml"", ""sources/knowledge/bands/mordheim/night-goblins-web/equipment-access.yaml"", ""sources/knowledge/bands/mordheim/night-goblins-web/profiles.yaml"", ""sources/knowledge/bands/mordheim/night-goblins-web/special-rules.yaml"", ""sources/knowledge/catalog/rules/special-rules.yaml""]"
rule/mordheim/norse-explorers-btb/band--norse-special-skills-crushing-blow/skill.crushing-blow,editorial_effect,Crushing Blow,bands/mordheim/norse-explorers-btb/special-rules.yaml,Norse special skills / crushing blow,https://mordheimer.net/docs/warbands/grade-1b-warbands/norse,YES,,YES,"{""id"": ""skill.crushing-blow"", ""kind"": ""mechanic"", ""parameters"": {}}",linked,not_run,Semantic verification was not run.,,,,ready,,"The three Norse publications grant the same selectable skill to their four hero profiles. Henchmen and wolves cannot select it. The historical spelling difference between beserkers and berserkers is a profile ID, not a semantic difference.",not_assessed,not_assessed,not_run,,,implemented_pending_verification,,,,,Norse warriors train in almost all of their spare time. They are expert fighters and learn to put all of their strength into very powerful attacks. No enemy may parry an attack made by this hero because it strikes with such great power that it pushes right through a buckler or sword.,band--norse-special-skills-crushing-blow,,mechanic/skill.crushing-blow,none,,Review existing evidence; repair verification metadata or missing evidence without reimplementing the effect.,inventory,kb,,rule/mordheim/norse-explorers-btb/band--norse-special-skills-crushing-blow/skill.crushing-blow,A,skill.crushing-blow,binding operator 'mechanic:skill.crushing-blow' classified into the A family by operator vocabulary,e55899287ee8ba7c6b01624415f61a972169b0a59802bee0fbb2d5a1b7a925a1,28a6507b05f0024b8e692e9a66017600eca749b4b8de9d7ea358f952a13e6b32,"[""sources/knowledge/bands/mordheim/norse-explorers-btb/band.yaml"", ""sources/knowledge/bands/mordheim/norse-explorers-btb/equipment-access.yaml"", ""sources/knowledge/bands/mordheim/norse-explorers-btb/profiles.yaml"", ""sources/knowledge/bands/mordheim/norse-explorers-btb/special-rules.yaml"", ""sources/knowledge/catalog/rules/special-rules.yaml""]"
rule/mordheim/norse-explorers-lustria/band--norse-special-skills-crushing-blow/skill.crushing-blow,editorial_effect,Crushing Blow,bands/mordheim/norse-explorers-lustria/special-rules.yaml,Norse special skills / crushing blow,https://mordheimer.net/docs/warbands/grade-1b-warbands/norse,YES,,YES,"{""id"": ""skill.crushing-blow"", ""kind"": ""mechanic"", ""parameters"": {}}",linked,not_run,Semantic verification was not run.,,,,ready,,"The three Norse publications grant the same selectable skill to their four hero profiles. Henchmen and wolves cannot select it. The historical spelling difference between beserkers and berserkers is a profile ID, not a semantic difference.",not_assessed,not_assessed,not_run,,,implemented_pending_verification,,,,,Norse warriors train in almost all of their spare time. They are expert fighters and learn to put all of their strength into very powerful attacks. No enemy may parry an attack made by this hero because it strikes with such great power that it pushes right through a buckler or sword.,band--norse-special-skills-crushing-blow,,mechanic/skill.crushing-blow,none,,Review existing evidence; repair verification metadata or missing evidence without reimplementing the effect.,inventory,kb,,rule/mordheim/norse-explorers-lustria/band--norse-special-skills-crushing-blow/skill.crushing-blow,A,skill.crushing-blow,binding operator 'mechanic:skill.crushing-blow' classified into the A family by operator vocabulary,e55899287ee8ba7c6b01624415f61a972169b0a59802bee0fbb2d5a1b7a925a1,cbc3cad018dd67587890ec0ece7f788511c4decc7f79ded1f17572d33ee3fa57,"[""sources/knowledge/bands/mordheim/norse-explorers-lustria/band.yaml"", ""sources/knowledge/bands/mordheim/norse-explorers-lustria/equipment-access.yaml"", ""sources/knowledge/bands/mordheim/norse-explorers-lustria/profiles.yaml"", ""sources/knowledge/bands/mordheim/norse-explorers-lustria/special-rules.yaml"", ""sources/knowledge/catalog/rules/special-rules.yaml""]"
rule/mordheim/ogre-hunting-party-web/sabretusks--charge/mechanic.sabretusk-charge,editorial_effect,Charge,bands/mordheim/ogre-hunting-party-web/special-rules.yaml,0-3 Sabretusk Cubs / Special Rules / Charge,https://mordheimer.net/docs/warbands/grade-2a-warbands/ogre-hunting-party,YES,,YES,"{""id"": ""mechanic.sabretusk-charge"", ""kind"": ""mechanic"", ""parameters"": {}}",linked,not_run,Semantic verification was not run.,,,,ready,,,not_assessed,not_assessed,not_run,,,implemented_pending_verification,sources/2A/bands/mordheim/ogre-hunting-party-web/special-rules.yaml#sabretusks--charge#unimplemented.ogre-hunting-party-web.sabretusks.charge,included,"[""T13.2"",""T13.3"",""T13.4""]",,Sabretusks are slavering creatures that overpower their opponents when they charge. Sabretusks fight with 2 attacks instead of 1 during the turn they charge.,sabretusks--charge,attack-pool-priority,mechanic/mechanic.sabretusk-charge,none,,Review existing evidence; repair verification metadata or missing evidence without reimplementing the effect.,inventory,kb,,rule/mordheim/ogre-hunting-party-web/sabretusks--charge/mechanic.sabretusk-charge,A,mechanic.sabretusk-charge,binding operator 'mechanic:mechanic.sabretusk-charge' pinned to its behaviour family by the operator table,864c84d3cd22f469db83b36655a4c9353672a0f6ed9b3c82ee90de20280429cb,4e535a059c1107e538373b8d47261ee4b676dd55a62f70eea422dce29e1085cc,"[""sources/knowledge/bands/mordheim/ogre-hunting-party-web/band.yaml"", ""sources/knowledge/bands/mordheim/ogre-hunting-party-web/equipment-access.yaml"", ""sources/knowledge/bands/mordheim/ogre-hunting-party-web/profiles.yaml"", ""sources/knowledge/bands/mordheim/ogre-hunting-party-web/special-rules.yaml"", ""sources/knowledge/catalog/rules/special-rules.yaml""]"
rule/mordheim/orc-mob/band--orc-special-skills-eadbasher/skill.head-crusher,editorial_effect,'Eadbasher,bands/mordheim/orc-mob/special-rules.yaml,Orc Special Skills / 'eadbasher,https://mordheimer.net/docs/warbands/grade-1a-warbands/orc-mob,YES,,YES,"{""id"": ""skill.head-crusher"", ""kind"": ""mechanic"", ""parameters"": {}}",linked,not_run,Semantic verification was not run.,,,,ready,,"The three 'Eadbasher variants grant the same selectable Head Crusher mechanism to their Orc hero profiles. Henchmen, Goblins, Squigs and Trolls cannot select it.",not_assessed,not_assessed,not_run,,,implemented_pending_verification,,,,,"Orcs have massive physical strength and some of them even learn to aim their blows at the heads of their opponents, with obvious results. Any knocked down results which the Orc causes in hand-to-hand count as stunned results instead.",band--orc-special-skills-eadbasher,,mechanic/skill.head-crusher,none,,Review existing evidence; repair verification metadata or missing evidence without reimplementing the effect.,inventory,kb,,rule/mordheim/orc-mob/band--orc-special-skills-eadbasher/skill.head-crusher,A,skill.head-crusher,binding operator 'mechanic:skill.head-crusher' classified into the A family by operator vocabulary,ca24ed81d42eb0095fdc5e4b0ba1c85e27ef0d0ffb6c36e1de3c3043fcc4207d,5d684e7bd92471af8406ec0cdb023aae1af2f76495fb4e57b367c6cbae22c8f1,"[""sources/knowledge/bands/mordheim/orc-mob/band.yaml"", ""sources/knowledge/bands/mordheim/orc-mob/equipment-access.yaml"", ""sources/knowledge/bands/mordheim/orc-mob/profiles.yaml"", ""sources/knowledge/bands/mordheim/orc-mob/special-rules.yaml"", ""sources/knowledge/catalog/rules/special-rules.yaml""]"
rule/mordheim/orc-mob/troll--vomit-attack/weapon.vomit-attack,editorial_effect,Vomit Attack,bands/mordheim/orc-mob/special-rules.yaml,henchmen / 0 – 1 Troll / Special Rules / Vomit Attack,https://mordheimer.net/docs/warbands/grade-1a-warbands/orc-mob,YES,,YES,"{""id"": ""weapon.vomit-attack"", ""kind"": ""mechanic"", ""parameters"": {}}",linked,not_run,Semantic verification was not run.,,,,ready,,Every cited profile entry grants the optional Vomit attack exclusively to the Troll profile. The profile's legal weapon construction exposes the canonical Vomit mechanism; all other profiles in each band must reject the same selection.,not_assessed,not_assessed,not_run,,,implemented_pending_verification,,,,,"Instead of his normal attacks, a Troll can regurgitate its highly corrosive digestive juices on an unfortunate hand-to-hand combat opponent. This is a single attack that automatically hits with a Strength of 5 and ignores armour saves.",troll--vomit-attack,,mechanic/weapon.vomit-attack,none,,Review existing evidence; repair verification metadata or missing evidence without reimplementing the effect.,inventory,kb,,rule/mordheim/orc-mob/troll--vomit-attack/weapon.vomit-attack,A,weapon.vomit-attack,binding operator 'mechanic:weapon.vomit-attack' classified into the A family by operator prefix 'weapon.',85099f260d22717fa855887bb010e122cb55c15729b3901f074f0323c3c293d2,158de2ff6c3a6575e646dffbdcda067e1e4a84d0e6182aa5f535782980ff7140,"[""sources/knowledge/bands/mordheim/orc-mob/band.yaml"", ""sources/knowledge/bands/mordheim/orc-mob/equipment-access.yaml"", ""sources/knowledge/bands/mordheim/orc-mob/profiles.yaml"", ""sources/knowledge/bands/mordheim/orc-mob/special-rules.yaml"", ""sources/knowledge/catalog/rules/special-rules.yaml""]"
rule/mordheim/ostlanders/band--ostlander-special-skills-bull-rush/mechanic.bull-charge,editorial_effect,Bull Rush,bands/mordheim/ostlanders/special-rules.yaml,Ostlander Special Skills / Bull Rush,https://mordheimer.net/docs/warbands/grade-1a-warbands/ostlander,YES,,YES,"{""id"": ""mechanic.bull-charge"", ""kind"": ""mechanic"", ""parameters"": {}}",linked,not_run,Semantic verification was not run.,,,,ready,,"Bull Charge and Bull Rush allow choosing, during a charge, to replace all attacks with a single attempt at +1 To Hit. If it hits, it knocks down without a to-wound roll. Declining the choice keeps the normal pool. Outside a charge no decision is asked nor is the number of attacks replaced. Bulls receives the rule automatically; the skills have their own recipients.",not_assessed,not_assessed,not_run,,,implemented_pending_verification,,,,,"This warrior is huge, even by Ostlander standards, and can use his massive girth to overpower his opponents. When he charges, this Hero may attempt to knock down his opponent rather than making his normal attacks. Roll to hit once with a +1 to hit modifier, though no 'to wound' roll is necessary. Instead, if the warrior hits with this attack, the opposing model is Knocked Down (Models with the Bull Rush skill should have a suitably large beer-belly modelled out of putty whenever possible!)",band--ostlander-special-skills-bull-rush,,mechanic/mechanic.bull-charge,none,,Review existing evidence; repair verification metadata or missing evidence without reimplementing the effect.,inventory,kb,,rule/mordheim/ostlanders/band--ostlander-special-skills-bull-rush/mechanic.bull-charge,A,mechanic.bull-charge,binding operator 'mechanic:mechanic.bull-charge' pinned to its behaviour family by the operator table,f84996ad84211265ef9c61051b617ba8d7de21c0c5392eafb4e4f8048c2c03a3,8ddcb6a27e60462286bda29fb09e0064aca7c7bda9a70ad4558bf4b2f4a4a2a8,"[""sources/knowledge/bands/mordheim/ostlanders/band.yaml"", ""sources/knowledge/bands/mordheim/ostlanders/equipment-access.yaml"", ""sources/knowledge/bands/mordheim/ostlanders/profiles.yaml"", ""sources/knowledge/bands/mordheim/ostlanders/special-rules.yaml"", ""sources/knowledge/catalog/rules/special-rules.yaml""]"
rule/mordheim/pit-fighters/band--pit-fighter-skill-body-slam/mechanic.body-slam,editorial_effect,Body Slam,bands/mordheim/pit-fighters/special-rules.yaml,Pit Fighter Skills / Body Slam,https://mordheimer.net/docs/warbands/grade-1b-warbands/pit-fighters,YES,,YES,"{""id"": ""mechanic.body-slam"", ""kind"": ""mechanic"", ""parameters"": {}}",linked,not_run,Semantic verification was not run.,,,,ready,,"Body Slam allows choosing, during a charge, a single attack at +1 Strength and +1 To Hit that scores a critical on 5+. It does not use the weapon's bonuses or other skills. Declining keeps the ordinary pool. Both editions grant it exactly to Pit King, Pit Veterans and Dwarf Troll Slayer.",not_assessed,not_assessed,not_run,,,implemented_pending_verification,,,,,"Instead of a normal charge attack sequence, the warrior may make one Body Slam attack at +1 Strength and +1 to hit, with no weapon bonuses or abilities; it scores a critical hit on 5+.",band--pit-fighter-skill-body-slam,,mechanic/mechanic.body-slam,none,,Review existing evidence; repair verification metadata or missing evidence without reimplementing the effect.,inventory,kb,,rule/mordheim/pit-fighters/band--pit-fighter-skill-body-slam/mechanic.body-slam,A,mechanic.body-slam,binding operator 'mechanic:mechanic.body-slam' pinned to its behaviour family by the operator table,f730ee2e8305346578adfda572cd86bdce116d7dabc6134f6b648e60d1e0a524,ea64fa7ac2e681818576652def732fdb187ca5c1eb3611be617d356198c6820d,"[""sources/knowledge/bands/mordheim/pit-fighters/band.yaml"", ""sources/knowledge/bands/mordheim/pit-fighters/equipment-access.yaml"", ""sources/knowledge/bands/mordheim/pit-fighters/profiles.yaml"", ""sources/knowledge/bands/mordheim/pit-fighters/special-rules.yaml"", ""sources/knowledge/catalog/rules/special-rules.yaml""]"
rule/mordheim/pit-fighters/band--pit-fighter-skill-bulging-biceps/skill.mighty-biceps,editorial_effect,Bulging Biceps,bands/mordheim/pit-fighters/special-rules.yaml,Pit Fighter Skills / Bulging Biceps,https://mordheimer.net/docs/warbands/grade-1b-warbands/pit-fighters,YES,,YES,"{""id"": ""skill.mighty-biceps"", ""kind"": ""mechanic"", ""parameters"": {}}",linked,not_run,Semantic verification was not run.,,,,ready,,Pit Fighter Skills / Bulging Biceps keeps the Heavy weapon Strength bonus in every round. Flail grants +2 and Morning Star +1. It neither adds Strength to a sword nor removes Strike Last from a double-handed weapon; this is not Strongman. Only the three Hero profiles have special skill access.,not_assessed,not_assessed,not_run,,,implemented_pending_verification,,,,,The warrior ignores the penalty from the Heavy weapon special rule; a weapon's Strength bonus therefore applies in every round of close combat.,band--pit-fighter-skill-bulging-biceps,,mechanic/skill.mighty-biceps,none,,Review existing evidence; repair verification metadata or missing evidence without reimplementing the effect.,inventory,kb,,rule/mordheim/pit-fighters/band--pit-fighter-skill-bulging-biceps/skill.mighty-biceps,A,skill.mighty-biceps,binding operator 'mechanic:skill.mighty-biceps' classified into the A family by operator vocabulary,3b4fdcdf74a11a046aa1c293b92fa4d95887d17e73c8cd0c42df35be512b5111,b6741cd674c9e1bf2f6864a4631ac90bfeb2efa8a28843a0a5b1ac29c9de0305,"[""sources/knowledge/bands/mordheim/pit-fighters/band.yaml"", ""sources/knowledge/bands/mordheim/pit-fighters/equipment-access.yaml"", ""sources/knowledge/bands/mordheim/pit-fighters/profiles.yaml"", ""sources/knowledge/bands/mordheim/pit-fighters/special-rules.yaml"", ""sources/knowledge/catalog/rules/special-rules.yaml""]"
rule/mordheim/pit-fighters/band--troll-slayer-special-skills-berserker/skill.berserker,editorial_effect,Berserker,bands/mordheim/pit-fighters/special-rules.yaml,Troll Slayer Special Skills / Berserker,https://mordheimer.net/docs/warbands/grade-1b-warbands/pit-fighters,YES,,YES,"{""id"": ""skill.berserker"", ""kind"": ""mechanic"", ""parameters"": {}}",linked,not_run,Semantic verification was not run.,,,,ready,,"Only the Slayer profile may select this Slayer skill. During a charge it adds one to hit rolls, not to Weapon Skill. Against WS4, the Slayer's WS4 needs 3+ with this bonus and 4+ without charging.",not_assessed,not_assessed,not_run,,,implemented_pending_verification,,,,,The Slayer may add +1 to his close combat to hit rolls during the turn which he charges (may not be used with Ferocious Charge).,band--troll-slayer-special-skills-berserker,,mechanic/skill.berserker,none,,Review existing evidence; repair verification metadata or missing evidence without reimplementing the effect.,inventory,kb,,rule/mordheim/pit-fighters/band--troll-slayer-special-skills-berserker/skill.berserker,A,skill.berserker,binding operator 'mechanic:skill.berserker' classified into the A family by operator vocabulary,8ce97907974540207f1b0247d8fdb7c96c4a042b014f87e36aa8a7a96eb70e1f,563d9920b5674a17f633555a37cdf5938174f7061d5d59c45836f6a178a62e6e,"[""sources/knowledge/bands/mordheim/pit-fighters/band.yaml"", ""sources/knowledge/bands/mordheim/pit-fighters/equipment-access.yaml"", ""sources/knowledge/bands/mordheim/pit-fighters/profiles.yaml"", ""sources/knowledge/bands/mordheim/pit-fighters/special-rules.yaml"", ""sources/knowledge/catalog/rules/special-rules.yaml""]"
rule/mordheim/pit-fighters/band--troll-slayer-special-skills-ferocious-charge/skill.ferocious-charge,editorial_effect,Ferocious Charge,bands/mordheim/pit-fighters/special-rules.yaml,Troll Slayer Special Skills / Ferocious Charge,https://mordheimer.net/docs/warbands/grade-1b-warbands/pit-fighters,YES,,YES,"{""id"": ""skill.ferocious-charge"", ""kind"": ""mechanic"", ""parameters"": {}}",linked,not_run,Semantic verification was not run.,,,,ready,,"Each editorial rule is a selectable Slayer skill. It grants the canonical mechanism only to the explicitly named Slayer profile, including sources whose surrounding skill category is available to other heroes.",not_assessed,not_assessed,not_run,,,implemented_pending_verification,,,,,The Slayer may double his attacks on the turn that he charges. He will suffer a -1 to hit penalty on that turn.,band--troll-slayer-special-skills-ferocious-charge,,mechanic/skill.ferocious-charge,none,,Review existing evidence; repair verification metadata or missing evidence without reimplementing the effect.,inventory,kb,,rule/mordheim/pit-fighters/band--troll-slayer-special-skills-ferocious-charge/skill.ferocious-charge,A,skill.ferocious-charge,binding operator 'mechanic:skill.ferocious-charge' classified into the A family by operator vocabulary,28ddf32dd17ba4d7a7fdfd11cfbc65490e0fe9c373b5e7739e197c23e7e42206,fdc5dd2ce4d3f92128790b86b12cdcdb00a9ae49c9cc92edf4ffe07afb4546fc,"[""sources/knowledge/bands/mordheim/pit-fighters/band.yaml"", ""sources/knowledge/bands/mordheim/pit-fighters/equipment-access.yaml"", ""sources/knowledge/bands/mordheim/pit-fighters/profiles.yaml"", ""sources/knowledge/bands/mordheim/pit-fighters/special-rules.yaml"", ""sources/knowledge/catalog/rules/special-rules.yaml""]"
rule/mordheim/pit-fighters/dwarf-troll-slayer--pit-fighter/trait.pit-fighter,editorial_effect,Pit Fighter,bands/mordheim/pit-fighters/special-rules.yaml,heroes / 0 – 1 Dwarf Troll Slayer / Special Rules / Pit Fighter,https://mordheimer.net/docs/warbands/grade-1b-warbands/pit-fighters,YES,,YES,"{""id"": ""trait.pit-fighter"", ""kind"": ""trait"", ""parameters"": {""value"": true}}",linked,not_run,Semantic verification was not run.,,,,ready,,Each of the six profile rules grants the Pit Fighter trait to the named profile. This obligation verifies the editorial grant; the trait's effects in terrain contexts are not invented inside the isolated duel.,not_assessed,not_assessed,not_run,,,implemented_pending_verification,,,,,This warrior has the warband's Pit Fighter skill.,dwarf-troll-slayer--pit-fighter,,,none,,Review existing evidence; repair verification metadata or missing evidence without reimplementing the effect.,inventory,kb,,rule/mordheim/pit-fighters/dwarf-troll-slayer--pit-fighter/trait.pit-fighter,A,trait.pit-fighter,binding operator 'trait:trait.pit-fighter' classified into the A family by operator vocabulary,40fb995110abdd74bd4332eca1f45015e328e43d779f867f38f1262ee9b54737,fcbda1bb4306dfc763c145a4ffc0c5f3a82444e8b760317f3c79d14b25e08995,"[""sources/knowledge/bands/mordheim/pit-fighters/band.yaml"", ""sources/knowledge/bands/mordheim/pit-fighters/equipment-access.yaml"", ""sources/knowledge/bands/mordheim/pit-fighters/profiles.yaml"", ""sources/knowledge/bands/mordheim/pit-fighters/special-rules.yaml"", ""sources/knowledge/catalog/rules/special-rules.yaml""]"
rule/mordheim/pit-fighters/ogre-pit-fighter--pit-fighter/trait.pit-fighter,editorial_effect,Pit Fighter,bands/mordheim/pit-fighters/special-rules.yaml,henchmen / 0 – 1 Ogre Pit Fighter / Special Rules / Pit Fighter,https://mordheimer.net/docs/warbands/grade-1b-warbands/pit-fighters,YES,,YES,"{""id"": ""trait.pit-fighter"", ""kind"": ""trait"", ""parameters"": {""value"": true}}",linked,not_run,Semantic verification was not run.,,,,ready,,Each of the six profile rules grants the Pit Fighter trait to the named profile. This obligation verifies the editorial grant; the trait's effects in terrain contexts are not invented inside the isolated duel.,not_assessed,not_assessed,not_run,,,implemented_pending_verification,,,,,This warrior has the warband's Pit Fighter skill.,ogre-pit-fighter--pit-fighter,,,none,,Review existing evidence; repair verification metadata or missing evidence without reimplementing the effect.,inventory,kb,,rule/mordheim/pit-fighters/ogre-pit-fighter--pit-fighter/trait.pit-fighter,A,trait.pit-fighter,binding operator 'trait:trait.pit-fighter' classified into the A family by operator vocabulary,40fb995110abdd74bd4332eca1f45015e328e43d779f867f38f1262ee9b54737,618ea7d87597c3055a434b6dc0b83b817d95a4bc7c776bcedec2f9f848143837,"[""sources/knowledge/bands/mordheim/pit-fighters/band.yaml"", ""sources/knowledge/bands/mordheim/pit-fighters/equipment-access.yaml"", ""sources/knowledge/bands/mordheim/pit-fighters/profiles.yaml"", ""sources/knowledge/bands/mordheim/pit-fighters/special-rules.yaml"", ""sources/knowledge/catalog/rules/special-rules.yaml""]"
rule/mordheim/pit-fighters/pit-fighters--pit-fighter/trait.pit-fighter,editorial_effect,Pit Fighter,bands/mordheim/pit-fighters/special-rules.yaml,henchmen / Pit Fighters / Special Rules / Pit Fighter,https://mordheimer.net/docs/warbands/grade-1b-warbands/pit-fighters,YES,,YES,"{""id"": ""trait.pit-fighter"", ""kind"": ""trait"", ""parameters"": {""value"": true}}",linked,not_run,Semantic verification was not run.,,,,ready,,Each of the six profile rules grants the Pit Fighter trait to the named profile. This obligation verifies the editorial grant; the trait's effects in terrain contexts are not invented inside the isolated duel.,not_assessed,not_assessed,not_run,,,implemented_pending_verification,,,,,This warrior has the warband's Pit Fighter skill.,pit-fighters--pit-fighter,,,none,,Review existing evidence; repair verification metadata or missing evidence without reimplementing the effect.,inventory,kb,,rule/mordheim/pit-fighters/pit-fighters--pit-fighter/trait.pit-fighter,A,trait.pit-fighter,binding operator 'trait:trait.pit-fighter' classified into the A family by operator vocabulary,40fb995110abdd74bd4332eca1f45015e328e43d779f867f38f1262ee9b54737,9f91a963ac809ed6e30be2053f742761f51814fcecbc5fc072f705aba03eda02,"[""sources/knowledge/bands/mordheim/pit-fighters/band.yaml"", ""sources/knowledge/bands/mordheim/pit-fighters/equipment-access.yaml"", ""sources/knowledge/bands/mordheim/pit-fighters/profiles.yaml"", ""sources/knowledge/bands/mordheim/pit-fighters/special-rules.yaml"", ""sources/knowledge/catalog/rules/special-rules.yaml""]"
rule/mordheim/pit-fighters/pit-king--pit-fighter/trait.pit-fighter,editorial_effect,Pit Fighter,bands/mordheim/pit-fighters/special-rules.yaml,heroes / 1 Pit King / Special Rules / Pit Fighter,https://mordheimer.net/docs/warbands/grade-1b-warbands/pit-fighters,YES,,YES,"{""id"": ""trait.pit-fighter"", ""kind"": ""trait"", ""parameters"": {""value"": true}}",linked,not_run,Semantic verification was not run.,,,,ready,,Each of the six profile rules grants the Pit Fighter trait to the named profile. This obligation verifies the editorial grant; the trait's effects in terrain contexts are not invented inside the isolated duel.,not_assessed,not_assessed,not_run,,,implemented_pending_verification,,,,,This warrior has the warband's Pit Fighter skill.,pit-king--pit-fighter,,,none,,Review existing evidence; repair verification metadata or missing evidence without reimplementing the effect.,inventory,kb,,rule/mordheim/pit-fighters/pit-king--pit-fighter/trait.pit-fighter,A,trait.pit-fighter,binding operator 'trait:trait.pit-fighter' classified into the A family by operator vocabulary,40fb995110abdd74bd4332eca1f45015e328e43d779f867f38f1262ee9b54737,316419addfe79584449dfd83c55f6ca7b4de3186c4c6ed5fce4de3d9fd3ebbde,"[""sources/knowledge/bands/mordheim/pit-fighters/band.yaml"", ""sources/knowledge/bands/mordheim/pit-fighters/equipment-access.yaml"", ""sources/knowledge/bands/mordheim/pit-fighters/profiles.yaml"", ""sources/knowledge/bands/mordheim/pit-fighters/special-rules.yaml"", ""sources/knowledge/catalog/rules/special-rules.yaml""]"
rule/mordheim/pit-fighters/pit-veterans--pit-fighter/trait.pit-fighter,editorial_effect,Pit Fighter,bands/mordheim/pit-fighters/special-rules.yaml,heroes / 0 – 2 Pit Veterans / Special Rules / Pit Fighter,https://mordheimer.net/docs/warbands/grade-1b-warbands/pit-fighters,YES,,YES,"{""id"": ""trait.pit-fighter"", ""kind"": ""trait"", ""parameters"": {""value"": true}}",linked,not_run,Semantic verification was not run.,,,,ready,,Each of the six profile rules grants the Pit Fighter trait to the named profile. This obligation verifies the editorial grant; the trait's effects in terrain contexts are not invented inside the isolated duel.,not_assessed,not_assessed,not_run,,,implemented_pending_verification,,,,,This warrior has the warband's Pit Fighter skill.,pit-veterans--pit-fighter,,,none,,Review existing evidence; repair verification metadata or missing evidence without reimplementing the effect.,inventory,kb,,rule/mordheim/pit-fighters/pit-veterans--pit-fighter/trait.pit-fighter,A,trait.pit-fighter,binding operator 'trait:trait.pit-fighter' classified into the A family by operator vocabulary,40fb995110abdd74bd4332eca1f45015e328e43d779f867f38f1262ee9b54737,c5c3bd4c202d92dbae641cdc31ba85535e454f03da721a0ed5a26b67d15f57ef,"[""sources/knowledge/bands/mordheim/pit-fighters/band.yaml"", ""sources/knowledge/bands/mordheim/pit-fighters/equipment-access.yaml"", ""sources/knowledge/bands/mordheim/pit-fighters/profiles.yaml"", ""sources/knowledge/bands/mordheim/pit-fighters/special-rules.yaml"", ""sources/knowledge/catalog/rules/special-rules.yaml""]"
rule/mordheim/pit-fighters/pursuers--pit-fighter/trait.pit-fighter,editorial_effect,Pit Fighter,bands/mordheim/pit-fighters/special-rules.yaml,henchmen / 0 – 7 Pursuers / Special Rules / Pit Fighter,https://mordheimer.net/docs/warbands/grade-1b-warbands/pit-fighters,YES,,YES,"{""id"": ""trait.pit-fighter"", ""kind"": ""trait"", ""parameters"": {""value"": true}}",linked,not_run,Semantic verification was not run.,,,,ready,,Each of the six profile rules grants the Pit Fighter trait to the named profile. This obligation verifies the editorial grant; the trait's effects in terrain contexts are not invented inside the isolated duel.,not_assessed,not_assessed,not_run,,,implemented_pending_verification,,,,,This warrior has the warband's Pit Fighter skill.,pursuers--pit-fighter,,,none,,Review existing evidence; repair verification metadata or missing evidence without reimplementing the effect.,inventory,kb,,rule/mordheim/pit-fighters/pursuers--pit-fighter/trait.pit-fighter,A,trait.pit-fighter,binding operator 'trait:trait.pit-fighter' classified into the A family by operator vocabulary,40fb995110abdd74bd4332eca1f45015e328e43d779f867f38f1262ee9b54737,9e94f44e32454b0dd6da46fb886b62aa98cbfaf222746f34e862d105158906ca,"[""sources/knowledge/bands/mordheim/pit-fighters/band.yaml"", ""sources/knowledge/bands/mordheim/pit-fighters/equipment-access.yaml"", ""sources/knowledge/bands/mordheim/pit-fighters/profiles.yaml"", ""sources/knowledge/bands/mordheim/pit-fighters/special-rules.yaml"", ""sources/knowledge/catalog/rules/special-rules.yaml""]"
rule/mordheim/restless-dead/band--restless-dead-special-skills-wraith-touch/mechanic.wraith-touch,editorial_effect,Wraith Touch,bands/mordheim/restless-dead/special-rules.yaml,Restless Dead special skills / wraith touch,https://mordheimer.net/docs/warbands/grade-1c-warbands/restless-dead,YES,,YES,"{""id"": ""mechanic.wraith-touch"", ""kind"": ""mechanic"", ""parameters"": {}}",linked,not_run,Semantic verification was not run.,,,,ready,,,not_assessed,not_assessed,not_run,,,implemented_pending_verification,,,,,"The hero may make a Wraith Touch attack instead of their normal attacks in close combat. The hero making a Wraith Touch makes a single unarmed attack, if it hits, it wounds automatically, all rules that apply to unarmed attacks apply to the Wraith Touch. If a Liche uses this skill and wounds, then he may regain one lost wound. This may not take the hero beyond his starting total. Necromancers do not regain wounds with this skill. This skill has no effect on the Possessed or Undead.",band--restless-dead-special-skills-wraith-touch,,mechanic/mechanic.wraith-touch,none,,Review existing evidence; repair verification metadata or missing evidence without reimplementing the effect.,inventory,kb,,rule/mordheim/restless-dead/band--restless-dead-special-skills-wraith-touch/mechanic.wraith-touch,A,mechanic.wraith-touch,binding operator 'mechanic:mechanic.wraith-touch' pinned to its behaviour family by the operator table,8633e5118c1fe31a116fedfc4d3dda4e07070e0ffb8ced8b015b7515ebcb7b3f,8246bb542d251e3441505831af69085c53a878b1e5ad99be00433dfd1e664d6b,"[""sources/knowledge/bands/mordheim/restless-dead/band.yaml"", ""sources/knowledge/bands/mordheim/restless-dead/equipment-access.yaml"", ""sources/knowledge/bands/mordheim/restless-dead/profiles.yaml"", ""sources/knowledge/bands/mordheim/restless-dead/special-rules.yaml"", ""sources/knowledge/catalog/rules/special-rules.yaml""]"
rule/mordheim/restless-dead/grave-guards--wight-blades/trait.wight-blades,editorial_effect,Wight Blades,bands/mordheim/restless-dead/special-rules.yaml,heroes / 0 - 3 Grave Guards / Special Rules / Wight Blades,https://mordheimer.net/docs/warbands/grade-1c-warbands/restless-dead,YES,,YES,"{""id"": ""trait.wight-blades"", ""kind"": ""trait"", ""parameters"": {""value"": true}}",linked,not_run,Semantic verification was not run.,,,,ready,,A natural 6 to hit guarantees the wound but does not skip the to-wound roll; that roll is kept to determine the critical. Failing that roll still causes a wound.,not_assessed,not_assessed,not_run,,,implemented_pending_verification,,,,,"Grave Guards carry weapons laden with evil magic. All close combat 'to hit' rolls of a 6 will automatically wound. You may roll 'to wound' as normal to determine if it is a 'critical hit', but even a failed 'to wound' roll will still cause a wound if a 6 was rolled first 'to hit'.",grave-guards--wight-blades,,,none,,Review existing evidence; repair verification metadata or missing evidence without reimplementing the effect.,inventory,kb,,rule/mordheim/restless-dead/grave-guards--wight-blades/trait.wight-blades,A,trait.wight-blades,binding operator 'trait:trait.wight-blades' classified into the A family by operator vocabulary,f89c5ce5d2e7b496367448ff914e82e4dd9c29bdbc601e873f83ff23db079be1,96b7a02657cdd7535405b87bc84e62c7c9fde126df5183d38c3a7a6c87db0f4a,"[""sources/knowledge/bands/mordheim/restless-dead/band.yaml"", ""sources/knowledge/bands/mordheim/restless-dead/equipment-access.yaml"", ""sources/knowledge/bands/mordheim/restless-dead/profiles.yaml"", ""sources/knowledge/bands/mordheim/restless-dead/special-rules.yaml"", ""sources/knowledge/catalog/rules/special-rules.yaml""]"
rule/mordheim/restless-dead/zombies--may-not-run/unimplemented.restless-dead.zombies.may-not-run,editorial_effect,May Not Run,bands/mordheim/restless-dead/special-rules.yaml,henchmen / Zombies / Special Rules / May not run,https://mordheimer.net/docs/warbands/grade-1c-warbands/restless-dead,LATER,Deferred subsystem: psychology or mounts.,NO,unbound,not_applicable,deferred,Deferred subsystem: psychology or mounts.,,,,deferred,,,not_applicable,not_applicable,not_applicable,,,deferred_scope_review,,,,,"This warrior may not run, but may charge normally.",zombies--may-not-run,,,none,,Review scope and prerequisites before admitting or implementing the effect.,inventory,kb,,rule/mordheim/restless-dead/zombies--may-not-run/unimplemented.restless-dead.zombies.may-not-run,A,,"unbound source prose names a A-family operator; assigned for review; scope LATER preserved: review every clause individually, including possible mixed or reference-only clauses; keywords cannot defer a whole row; assignment for review is not admission",f0aad980d9d2dd16245fbb6898989a467cfe36217739e2e4457dca8a333f1fad,a7246c190ea70bbeb382a4606ea20fac0b08c457304395b4989dba154bc720c8,"[""sources/knowledge/bands/mordheim/restless-dead/band.yaml"", ""sources/knowledge/bands/mordheim/restless-dead/equipment-access.yaml"", ""sources/knowledge/bands/mordheim/restless-dead/profiles.yaml"", ""sources/knowledge/bands/mordheim/restless-dead/special-rules.yaml"", ""sources/knowledge/catalog/rules/special-rules.yaml""]"
rule/mordheim/sea-ghosts-mim/band--dance-storm-of-blades/dance.storm-of-blades,editorial_effect,Storm of Blades,bands/mordheim/sea-ghosts-mim/special-rules.yaml,Wardancer special skills / Storm of Blades,https://broheim.net/downloads/warbands/supplement/mutinyinmarienburg/Sea%20Ghosts.pdf,YES,,YES,"{""id"": ""dance.storm-of-blades"", ""kind"": ""mechanic"", ""parameters"": {}}",linked,not_run,Semantic verification was not run.,,,,ready,,,not_assessed,not_assessed,not_run,,,implemented_pending_verification,sources/2B/bands/mordheim/sea-ghosts-mim/special-rules.yaml#band--dance-storm-of-blades#unimplemented.sea-ghosts-mim.band.storm-of-blades,included,"[""T13.2"",""T13.3"",""T13.4""]",,"The Wardancer rains blow after blow upon their opponent, moving with such speed that the eye cannot follow each distinct cut and thrust. While performing this Dance, a warrior is granted +1 Attack.",band--dance-storm-of-blades,"[""natural-attack""]",mechanic/dance.storm-of-blades,none,,Review existing evidence; repair verification metadata or missing evidence without reimplementing the effect.,inventory,kb,,rule/mordheim/sea-ghosts-mim/band--dance-storm-of-blades/dance.storm-of-blades,A,dance.storm-of-blades,binding operator 'mechanic:dance.storm-of-blades' classified into the A family by operator prefix 'dance.',7312cacefac83e3deb43f3f46f87dcf9f0fcf13cb7e290f16bbc80ae3d0b28e9,9acdf7922d4981cb3d25c8f1da500e35bad1573845cb9746dedcb50c53685dee,"[""sources/knowledge/bands/mordheim/sea-ghosts-mim/band.yaml"", ""sources/knowledge/bands/mordheim/sea-ghosts-mim/equipment-access.yaml"", ""sources/knowledge/bands/mordheim/sea-ghosts-mim/profiles.yaml"", ""sources/knowledge/bands/mordheim/sea-ghosts-mim/special-rules.yaml"", ""sources/knowledge/catalog/rules/special-rules.yaml""]"
rule/mordheim/sea-ghosts-mim/band--dance-the-shadows-coil/dance.the-shadows-coil,editorial_effect,The Shadows Coil,bands/mordheim/sea-ghosts-mim/special-rules.yaml,Wardancer special skills / The Shadows Coil,https://broheim.net/downloads/warbands/supplement/mutinyinmarienburg/Sea%20Ghosts.pdf,YES,,YES,"{""id"": ""dance.the-shadows-coil"", ""kind"": ""mechanic"", ""parameters"": {}}",linked,not_run,Semantic verification was not run.,,,,ready,,,not_assessed,not_assessed,not_run,,,implemented_pending_verification,sources/2B/bands/mordheim/sea-ghosts-mim/special-rules.yaml#band--dance-the-shadows-coil#unimplemented.sea-ghosts-mim.band.the-shadows-coil,included,"[""T13.2"",""T13.3""]",,"With agile grace the Wardancer evades the clumsy attacks of their enemies, becoming almost impossible to strike. While performing this Dance, the Wardancer has a special 4+ save throw which cannot be modified by Strength, magic spells or magic weapons.",band--dance-the-shadows-coil,"[""ward""]",mechanic/dance.the-shadows-coil,none,,Review existing evidence; repair verification metadata or missing evidence without reimplementing the effect.,inventory,kb,,rule/mordheim/sea-ghosts-mim/band--dance-the-shadows-coil/dance.the-shadows-coil,A,dance.the-shadows-coil,binding operator 'mechanic:dance.the-shadows-coil' classified into the A family by operator prefix 'dance.',21d308cef7ed935eee47fa3528342b778f54d0dfbb12d820bf0f89ff6ce85b4a,2009bc312fb245c4877e95cbc282251e2c1239188803a6349300bf71ed4369df,"[""sources/knowledge/bands/mordheim/sea-ghosts-mim/band.yaml"", ""sources/knowledge/bands/mordheim/sea-ghosts-mim/equipment-access.yaml"", ""sources/knowledge/bands/mordheim/sea-ghosts-mim/profiles.yaml"", ""sources/knowledge/bands/mordheim/sea-ghosts-mim/special-rules.yaml"", ""sources/knowledge/catalog/rules/special-rules.yaml""]"
rule/mordheim/sea-ghosts-mim/band--dance-whirling-death/dance.whirling-death,editorial_effect,Whirling Death,bands/mordheim/sea-ghosts-mim/special-rules.yaml,Wardancer special skills / Whirling Death,https://broheim.net/downloads/warbands/supplement/mutinyinmarienburg/Sea%20Ghosts.pdf,YES,,YES,"{""id"": ""dance.whirling-death"", ""kind"": ""mechanic"", ""parameters"": {}}",linked,not_run,Semantic verification was not run.,,,,ready,,,not_assessed,not_assessed,not_run,,,implemented_pending_verification,sources/2B/bands/mordheim/sea-ghosts-mim/special-rules.yaml#band--dance-whirling-death#unimplemented.sea-ghosts-mim.band.whirling-death,included,"[""T13.2"",""T13.3"",""T13.4""]",,"Each strike of the Wardancer's blade is made with uncanny precision, capable of severing a head or piercing a heart with one deceptively elegant stroke. While performing this Dance, the warrior gains +1 to any Injury rolls.",band--dance-whirling-death,"[""weapon""]",mechanic/dance.whirling-death,none,,Review existing evidence; repair verification metadata or missing evidence without reimplementing the effect.,inventory,kb,,rule/mordheim/sea-ghosts-mim/band--dance-whirling-death/dance.whirling-death,A,dance.whirling-death,binding operator 'mechanic:dance.whirling-death' classified into the A family by operator prefix 'dance.',5cbaeb379595a9a805c068227502cbe078d2d5d8d4990c62d838379567baabc8,7dfcb8aa799ec681635f44297530d176f4fefe74bd659c8462d75d4a9980908f,"[""sources/knowledge/bands/mordheim/sea-ghosts-mim/band.yaml"", ""sources/knowledge/bands/mordheim/sea-ghosts-mim/equipment-access.yaml"", ""sources/knowledge/bands/mordheim/sea-ghosts-mim/profiles.yaml"", ""sources/knowledge/bands/mordheim/sea-ghosts-mim/special-rules.yaml"", ""sources/knowledge/catalog/rules/special-rules.yaml""]"
rule/mordheim/sea-ghosts-mim/band--dance-woven-mist/dance.woven-mist,editorial_effect,Woven Mist,bands/mordheim/sea-ghosts-mim/special-rules.yaml,Wardancer special skills / Woven Mist,https://broheim.net/downloads/warbands/supplement/mutinyinmarienburg/Sea%20Ghosts.pdf,YES,,YES,"{""id"": ""dance.woven-mist"", ""kind"": ""mechanic"", ""parameters"": {}}",linked,not_run,Semantic verification was not run.,,,,ready,"Can Woven Mist reduce one total Attack to zero, and does its total include offhand/natural attacks after all bonuses? Source does not state a minimum; decide exact pool order.",,not_assessed,not_assessed,not_run,,,implemented_pending_verification,sources/2B/bands/mordheim/sea-ghosts-mim/special-rules.yaml#band--dance-woven-mist#unimplemented.sea-ghosts-mim.band.woven-mist,included,"[""T13.2"",""T13.3"",""T13.4""]",T13-Q081,"The sinuous movements of this Dance distract and confuse the enemy, allowing the Wardancer to strike before their foe can react. When performing this Dance, the warrior reduces his total attacks by one but always Strikes first in combat. If their opponent also Strikes first, resolve attacks in Initiative order.",band--dance-woven-mist,"[""natural-attack"",""priority""]",mechanic/dance.woven-mist,needs_review,,Review existing evidence; repair verification metadata or missing evidence without reimplementing the effect.,inventory,kb,,rule/mordheim/sea-ghosts-mim/band--dance-woven-mist/dance.woven-mist,A,dance.woven-mist,binding operator 'mechanic:dance.woven-mist' classified into the A family by operator prefix 'dance.',0415f6f66be2ef23207f6f4b99c2313e0635cc2122ab112875bc9acd71368fd6,762007adab41f569421eff64f4a296235d5798e20ddb05956028712e117f5530,"[""sources/knowledge/bands/mordheim/sea-ghosts-mim/band.yaml"", ""sources/knowledge/bands/mordheim/sea-ghosts-mim/equipment-access.yaml"", ""sources/knowledge/bands/mordheim/sea-ghosts-mim/profiles.yaml"", ""sources/knowledge/bands/mordheim/sea-ghosts-mim/special-rules.yaml"", ""sources/knowledge/catalog/rules/special-rules.yaml""]"
rule/mordheim/sisters-of-sigmar/augur--blessed-sight/skill.blessed-sight,editorial_effect,Blessed Sight,bands/mordheim/sisters-of-sigmar/special-rules.yaml,heroines / 0 – 1 Augur / Special Rules / Blessed Sight,https://mordheimer.net/docs/warbands/grade-1a-warbands/sisters-of-sigmar,YES,,YES,"{""id"": ""skill.blessed-sight"", ""kind"": ""mechanic"", ""parameters"": {}}",linked,not_run,Semantic verification was not run.,,,,ready,,Blessed Sight is an automatic profile rule belonging only to the Augur. Compiling that profile grants both the close-combat hit reroll and the characteristic-test reroll represented by the canonical mechanism.,not_assessed,not_assessed,not_run,,,implemented_pending_verification,,,,,"The Augur may re-roll failed characteristic tests and failed rolls to hit in close combat or shooting; the second result must be accepted. If she was not taken Out of Action, she rolls two dice for her contribution during Exploration and may choose either die as the result.",augur--blessed-sight,,mechanic/skill.blessed-sight,none,,Review existing evidence; repair verification metadata or missing evidence without reimplementing the effect.,inventory,kb,,rule/mordheim/sisters-of-sigmar/augur--blessed-sight/skill.blessed-sight,A,skill.blessed-sight,binding operator 'mechanic:skill.blessed-sight' has no family token in its own name; its clause text names a A-family operator,fbee42cc3d70215465a29295a1027d30182eebaa675c0aa0d33ada887ff7129b,ad3a21e6442604e8d256657393379ded27ca52414a0669be262df9dbc47dded2,"[""sources/knowledge/bands/mordheim/sisters-of-sigmar/band.yaml"", ""sources/knowledge/bands/mordheim/sisters-of-sigmar/equipment-access.yaml"", ""sources/knowledge/bands/mordheim/sisters-of-sigmar/profiles.yaml"", ""sources/knowledge/bands/mordheim/sisters-of-sigmar/special-rules.yaml"", ""sources/knowledge/catalog/rules/special-rules.yaml""]"
rule/mordheim/sisters-of-sigmar/band--special-skills-righteous-fury/skill.righteous-fury,editorial_effect,Righteous Fury,bands/mordheim/sisters-of-sigmar/special-rules.yaml,Special Skills / Righteous Fury,https://mordheimer.net/docs/warbands/grade-1a-warbands/sisters-of-sigmar,YES,,YES,"{""id"": ""skill.righteous-fury"", ""kind"": ""mechanic"", ""parameters"": {}}",linked,not_run,Semantic verification was not run.,,,,ready,,,not_assessed,not_assessed,not_run,,,implemented_pending_verification,,,,,"The Sister hates all Skaven, Undead, Possessed, Beastmen, Dark Elves, and other warbands classed as evil. Non-Chaos human warbands whose members are merely killers or looters are not included.",band--special-skills-righteous-fury,,mechanic/skill.righteous-fury,none,,Review existing evidence; repair verification metadata or missing evidence without reimplementing the effect.,inventory,kb,,rule/mordheim/sisters-of-sigmar/band--special-skills-righteous-fury/skill.righteous-fury,A,skill.righteous-fury,binding operator 'mechanic:skill.righteous-fury' classified into the A family by operator vocabulary,9f0a9be370aec6d8b1acb41930c1908fb3230e78e290138498ab7daf96166e49,d7921d4bcca443377dfba7b838414ca0a0ea2ecfd0d7332deaf738d7a5392c0e,"[""sources/knowledge/bands/mordheim/sisters-of-sigmar/band.yaml"", ""sources/knowledge/bands/mordheim/sisters-of-sigmar/equipment-access.yaml"", ""sources/knowledge/bands/mordheim/sisters-of-sigmar/profiles.yaml"", ""sources/knowledge/bands/mordheim/sisters-of-sigmar/special-rules.yaml"", ""sources/knowledge/catalog/rules/special-rules.yaml""]"
rule/mordheim/skaven-clan-eshin/band--skaven-special-skills-art-of-silent-death/skill.art-of-silent-death,editorial_effect,Art of Silent Death,bands/mordheim/skaven-clan-eshin/special-rules.yaml,Skaven Special Skills / art of silent death,https://mordheimer.net/docs/warbands/grade-1a-warbands/skaven-eshin,YES,,YES,"{""id"": ""skill.art-of-silent-death"", ""kind"": ""mechanic"", ""parameters"": {}}",linked,not_run,Semantic verification was not run.,,,,ready,,"The three variants grant the same mechanism, but their exact lists of eligible Heroes are checked separately and that each selection projects the binding onto the fighter.",not_assessed,not_assessed,not_run,,,implemented_pending_verification,,,,,"The Skaven may fight unarmed without penalties and counts as using two weapons, gaining +1 Attack. He scores a critical hit on a To Wound roll of 5-6 instead of only 6. When used with Eshin Fighting Claws, this grants +2 Attacks instead of +1.",band--skaven-special-skills-art-of-silent-death,,mechanic/skill.art-of-silent-death,none,,Review existing evidence; repair verification metadata or missing evidence without reimplementing the effect.,inventory,kb,,rule/mordheim/skaven-clan-eshin/band--skaven-special-skills-art-of-silent-death/skill.art-of-silent-death,A,skill.art-of-silent-death,binding operator 'mechanic:skill.art-of-silent-death' classified into the A family by operator vocabulary,bd7007442424c2ce6fe7a890a1027a4cab49ff66e35d6038a7c64373ae9dc898,362502d29ff3947c59a4fbe2d2687a3a398ae79aa7118a08d4ee154fdc47eaea,"[""sources/knowledge/bands/mordheim/skaven-clan-eshin/band.yaml"", ""sources/knowledge/bands/mordheim/skaven-clan-eshin/equipment-access.yaml"", ""sources/knowledge/bands/mordheim/skaven-clan-eshin/profiles.yaml"", ""sources/knowledge/bands/mordheim/skaven-clan-eshin/special-rules.yaml"", ""sources/knowledge/catalog/rules/special-rules.yaml""]"
rule/mordheim/skaven-clan-eshin/band--skaven-special-skills-black-hunger/mechanic.black-hunger,editorial_effect,Black Hunger,bands/mordheim/skaven-clan-eshin/special-rules.yaml,Skaven Special Skills / black hunger,https://mordheimer.net/docs/warbands/grade-1a-warbands/skaven-eshin,YES,,YES,"{""id"": ""mechanic.black-hunger"", ""kind"": ""mechanic"", ""parameters"": {}}",linked,not_run,Semantic verification was not run.,,,,ready,,The four rules grant Black Hunger to their exact Hero lists; the editorial Movement differences stay outside the duel and share the same combat effect.,not_assessed,not_assessed,not_run,,,implemented_pending_verification,,,,,"At the start of his turn, the Skaven Hero may invoke Black Hunger. For that turn he gains +1 Attack and +D3 inches to his total Movement, then suffers D3 Strength 3 hits with no armour save at the end of the turn.",band--skaven-special-skills-black-hunger,,mechanic/mechanic.black-hunger,none,,Review existing evidence; repair verification metadata or missing evidence without reimplementing the effect.,inventory,kb,,rule/mordheim/skaven-clan-eshin/band--skaven-special-skills-black-hunger/mechanic.black-hunger,A,mechanic.black-hunger,binding operator 'mechanic:mechanic.black-hunger' pinned to its behaviour family by the operator table,376634adfe902cd495eb5c71b26b8d03edce900a9aea92e0dfa9e6211f46d4d4,b7fdc7edede8e5f52dc9ccd1495ac4e41bf315ccc2224080680b09b99feeac20,"[""sources/knowledge/bands/mordheim/skaven-clan-eshin/band.yaml"", ""sources/knowledge/bands/mordheim/skaven-clan-eshin/equipment-access.yaml"", ""sources/knowledge/bands/mordheim/skaven-clan-eshin/profiles.yaml"", ""sources/knowledge/bands/mordheim/skaven-clan-eshin/special-rules.yaml"", ""sources/knowledge/catalog/rules/special-rules.yaml""]"
rule/mordheim/skaven-clan-pestilens/band--clan-pestilens-special-skills-black-hunger/mechanic.black-hunger,editorial_effect,Black Hunger,bands/mordheim/skaven-clan-pestilens/special-rules.yaml,Clan Pestilens Special Skills / black hunger,https://mordheimer.net/docs/warbands/grade-1b-warbands/skaven-pestilens,YES,,YES,"{""id"": ""mechanic.black-hunger"", ""kind"": ""mechanic"", ""parameters"": {}}",linked,not_run,Semantic verification was not run.,,,,ready,,The four rules grant Black Hunger to their exact Hero lists; the editorial Movement differences stay outside the duel and share the same combat effect.,not_assessed,not_assessed,not_run,,,implemented_pending_verification,,,,,"At the beginning of his turn, the Hero may invoke Black Hunger. For that turn he gains +1 Attack and +D3"" to his total Movement, then suffers D3 Strength 3 hits with no armour save at the end of the turn.",band--clan-pestilens-special-skills-black-hunger,,mechanic/mechanic.black-hunger,none,,Review existing evidence; repair verification metadata or missing evidence without reimplementing the effect.,inventory,kb,,rule/mordheim/skaven-clan-pestilens/band--clan-pestilens-special-skills-black-hunger/mechanic.black-hunger,A,mechanic.black-hunger,binding operator 'mechanic:mechanic.black-hunger' pinned to its behaviour family by the operator table,e270c1bfc4b131e829635bace11648add7b8e68f852e6ba2f6d9a733ad486d5e,6204ee71560e098e49ce81c645c3a9d5fa2c4ce570558a139ac20d4541f8c3f4,"[""sources/knowledge/bands/mordheim/skaven-clan-pestilens/band.yaml"", ""sources/knowledge/bands/mordheim/skaven-clan-pestilens/equipment-access.yaml"", ""sources/knowledge/bands/mordheim/skaven-clan-pestilens/profiles.yaml"", ""sources/knowledge/bands/mordheim/skaven-clan-pestilens/special-rules.yaml"", ""sources/knowledge/catalog/rules/special-rules.yaml""]"
rule/mordheim/skaven-of-clan-mors-kaz/band--rulebook-inheritance/unimplemented.skaven-of-clan-mors-kaz.band.rulebook-inheritance,editorial_effect,Rulebook Inheritance,bands/mordheim/skaven-of-clan-mors-kaz/special-rules.yaml,Special Weapons / Skaven Special Skills,https://broheim.net/downloads/campaigns/karakazgal/Karak Azgal.pdf,LATER,"Deferred cross-reference: Skaven weapons as detailed in the rulebook, and Skaven Special Skills for heroes except the Art of Silent Death. Resolves after equivalence review against the active KB skaven bands.",NO,unbound,not_applicable,deferred,"Deferred cross-reference: Skaven weapons as detailed in the rulebook, and Skaven Special Skills for heroes except the Art of Silent Death. Resolves after equivalence review against the active KB skaven bands.",,,,deferred,,,not_applicable,not_applicable,not_applicable,,,deferred_scope_review,sources/2B/bands/mordheim/skaven-of-clan-mors-kaz/special-rules.yaml#band--rulebook-inheritance#unimplemented.skaven-of-clan-mors-kaz.band.rulebook-inheritance,construction,"[""T13.2"",""T13.6""]",,Skaven Clan Mors may use the Skaven weapons as detailed in the rulebook. Skaven Heroes may use any of the Skaven Special Skills in the rulebook except for the Art of Silent Death.,band--rulebook-inheritance,selection-grant,,none,,Review scope and prerequisites before admitting or implementing the effect.,inventory,kb,,rule/mordheim/skaven-of-clan-mors-kaz/band--rulebook-inheritance/unimplemented.skaven-of-clan-mors-kaz.band.rulebook-inheritance,A,,"unbound source prose names a A-family operator; assigned for review; scope LATER preserved: review every clause individually, including possible mixed or reference-only clauses; keywords cannot defer a whole row; assignment for review is not admission",4db0b711c68e886b641a7e145aa0ad9d4c5d66367e4a406e37771bfbaeb1d2f9,2c0732356082b967a855f0a8efb5bbc82cf80f5b3957ef1b536040290d18ed37,"[""sources/knowledge/bands/mordheim/skaven-of-clan-mors-kaz/band.yaml"", ""sources/knowledge/bands/mordheim/skaven-of-clan-mors-kaz/equipment-access.yaml"", ""sources/knowledge/bands/mordheim/skaven-of-clan-mors-kaz/profiles.yaml"", ""sources/knowledge/bands/mordheim/skaven-of-clan-mors-kaz/special-rules.yaml"", ""sources/knowledge/catalog/rules/special-rules.yaml""]"
rule/mordheim/skaven-of-clan-moulder-web/wolf-rats--poisoned-attack/mechanic.wolf-rat-bite,editorial_effect,Poisoned Attack,bands/mordheim/skaven-of-clan-moulder-web/special-rules.yaml,0-3 Wolf Rats / Special Rules / Poisoned Attack,https://mordheimer.net/docs/warbands/grade-2a-warbands/skaven-of-clan-moulder,YES,,YES,"{""id"": ""mechanic.wolf-rat-bite"", ""kind"": ""mechanic"", ""parameters"": {}}",linked,not_run,Semantic verification was not run.,,,,ready,,,not_assessed,not_assessed,not_run,,,implemented_pending_verification,sources/2A/bands/mordheim/skaven-of-clan-moulder-web/special-rules.yaml#wolf-rats--poisoned-attack#unimplemented.skaven-of-clan-moulder-web.wolf-rats.poisoned-attack,included,"[""T13.2"",""T13.3""]",,"The mouths of Wolf Rats fester with any number of poxes and corrosive agents, their attacks are considered to be Strength 4 but do not modify armour saves.",wolf-rats--poisoned-attack,weapon-profile,mechanic/mechanic.wolf-rat-bite,none,,Review existing evidence; repair verification metadata or missing evidence without reimplementing the effect.,inventory,kb,,rule/mordheim/skaven-of-clan-moulder-web/wolf-rats--poisoned-attack/mechanic.wolf-rat-bite,A,mechanic.wolf-rat-bite,binding operator 'mechanic:mechanic.wolf-rat-bite' pinned to its behaviour family by the operator table,5ef0ce99c187910f84f7ac80472d5f343b7fd841609fd1766cd79fbb7035f982,f4112d456727cfecdebe771d00cfc0df92e89dbb1d6dea77a2a2ce91079f8918,"[""sources/knowledge/bands/mordheim/skaven-of-clan-moulder-web/band.yaml"", ""sources/knowledge/bands/mordheim/skaven-of-clan-moulder-web/equipment-access.yaml"", ""sources/knowledge/bands/mordheim/skaven-of-clan-moulder-web/profiles.yaml"", ""sources/knowledge/bands/mordheim/skaven-of-clan-moulder-web/special-rules.yaml"", ""sources/knowledge/catalog/rules/special-rules.yaml""]"
rule/mordheim/skaven-of-clan-pestilens-mou/plague-rat--plague-infested/poison.black-lotus,editorial_effect,Plague Infested,bands/mordheim/skaven-of-clan-pestilens-mou/special-rules.yaml,0-5 Plague Rats / Special Rules,https://broheim.net/downloads/warbands/supplement/mousillon/Skaven%20of%20Clan%20Pestilens.pdf,YES,,YES,"{""id"": ""poison.black-lotus"", ""kind"": ""mechanic"", ""parameters"": {}}",linked,not_run,Semantic verification was not run.,,,,ready,,,not_assessed,not_assessed,not_run,,,implemented_pending_verification,sources/2B/bands/mordheim/skaven-of-clan-pestilens-mou/special-rules.yaml#plague-rat--plague-infested#unimplemented.skaven-of-clan-pestilens-mou.plague-rat.plague-infested,included,"[""T13.2"",""T13.3"",""T13.4""]",,The rats are infected with various diseases and plagues. All their attacks counts as if their teeth were coated with Black Lotus.,plague-rat--plague-infested,poison-and-immunity,mechanic/poison.black-lotus,none,,Review existing evidence; repair verification metadata or missing evidence without reimplementing the effect.,inventory,kb,,rule/mordheim/skaven-of-clan-pestilens-mou/plague-rat--plague-infested/poison.black-lotus,A,poison.black-lotus,binding operator 'mechanic:poison.black-lotus' classified into the A family by operator prefix 'poison.',20dbc52867fe741fdeca5c384dcaea8b2038f5cbf6991f1987996c4de02c16bb,909bd80238ddf9462bd29ac0a789c7bd8a5480ada05fac599835809397afe79d,"[""sources/knowledge/bands/mordheim/skaven-of-clan-pestilens-mou/band.yaml"", ""sources/knowledge/bands/mordheim/skaven-of-clan-pestilens-mou/equipment-access.yaml"", ""sources/knowledge/bands/mordheim/skaven-of-clan-pestilens-mou/profiles.yaml"", ""sources/knowledge/bands/mordheim/skaven-of-clan-pestilens-mou/special-rules.yaml"", ""sources/knowledge/catalog/rules/special-rules.yaml""]"
rule/mordheim/skaven-of-clan-skryre-kaz/band--rulebook-inheritance/unimplemented.skaven-of-clan-skryre-kaz.band.rulebook-inheritance,editorial_effect,Rulebook Inheritance,bands/mordheim/skaven-of-clan-skryre-kaz/special-rules.yaml,Special Weapons / Skaven Special Skills,https://broheim.net/downloads/campaigns/karakazgal/Karak Azgal.pdf,LATER,"Deferred cross-reference: Skaven weapons as detailed in the rulebook, and Skaven Special Skills for heroes except the Art of Silent Death. Resolves after equivalence review against the active KB skaven bands.",NO,unbound,not_applicable,deferred,"Deferred cross-reference: Skaven weapons as detailed in the rulebook, and Skaven Special Skills for heroes except the Art of Silent Death. Resolves after equivalence review against the active KB skaven bands.",,,,deferred,,,not_applicable,not_applicable,not_applicable,,,deferred_scope_review,sources/2B/bands/mordheim/skaven-of-clan-skryre-kaz/special-rules.yaml#band--rulebook-inheritance#unimplemented.skaven-of-clan-skryre-kaz.band.rulebook-inheritance,construction,"[""T13.2"",""T13.6""]",,Skaven Clan Skryre may use the Skaven weapons as detailed in the rulebook. Skaven Heroes may use any of the Skaven Special Skills in the rulebook except for the Art of Silent Death.,band--rulebook-inheritance,selection-grant,,none,,Review scope and prerequisites before admitting or implementing the effect.,inventory,kb,,rule/mordheim/skaven-of-clan-skryre-kaz/band--rulebook-inheritance/unimplemented.skaven-of-clan-skryre-kaz.band.rulebook-inheritance,A,,"unbound source prose names a A-family operator; assigned for review; scope LATER preserved: review every clause individually, including possible mixed or reference-only clauses; keywords cannot defer a whole row; assignment for review is not admission",8eb3958fa69726782c768e883002e54c8da469e186e20109b4498d81f4cf8260,6f6ed0679dccc164d517289d9d0c28f877c8fed184eee0576be944974956d0ab,"[""sources/knowledge/bands/mordheim/skaven-of-clan-skryre-kaz/band.yaml"", ""sources/knowledge/bands/mordheim/skaven-of-clan-skryre-kaz/equipment-access.yaml"", ""sources/knowledge/bands/mordheim/skaven-of-clan-skryre-kaz/profiles.yaml"", ""sources/knowledge/bands/mordheim/skaven-of-clan-skryre-kaz/special-rules.yaml"", ""sources/knowledge/catalog/rules/special-rules.yaml""]"
rule/mordheim/snotlings-web/bigsnotz--big-bully/unimplemented.snotlings-web.special.big-bully,editorial_effect,Big Bully,bands/mordheim/snotlings-web/special-rules.yaml,Snotling Special Skills / Big Bully,https://mordheimer.net/docs/warbands/grade-2a-warbands/snotlings,LATER,Deferred subsystem: skill grants are advancement-time mechanics outside the duel scope.,NO,unbound,not_applicable,deferred,Deferred subsystem: skill grants are advancement-time mechanics outside the duel scope.,,,,deferred,,,not_applicable,not_applicable,not_applicable,,,deferred_scope_review,sources/2A/bands/mordheim/snotlings-web/special-rules.yaml#bigsnotz--big-bully#unimplemented.snotlings-web.special.big-bully,construction,"[""T13.2""]",,"(BigSnotz only) The BigSnot is immensely big and strong, especially by Snotling standards. The BigSnot immediately learns ONE Strength Skill. A BigSnot may only take this skill once each. Cannot be combined with the skill ""Frustratingly Tiny"".",bigsnotz--big-bully,construction-selection,,none,,Review scope and prerequisites before admitting or implementing the effect.,inventory,kb,,rule/mordheim/snotlings-web/bigsnotz--big-bully/unimplemented.snotlings-web.special.big-bully,A,,"unbound source prose names a A-family operator; assigned for review; scope LATER preserved: review every clause individually, including possible mixed or reference-only clauses; keywords cannot defer a whole row; assignment for review is not admission",2f3617041d870cd728bbc06c8f6aabf2f931b5814996b6c5d69bade12f65e8ae,77d8e5ba1741a2b75c2dd5b9310eae6cadb26616ebcecb95911a0577c9203bf6,"[""sources/knowledge/bands/mordheim/snotlings-web/band.yaml"", ""sources/knowledge/bands/mordheim/snotlings-web/equipment-access.yaml"", ""sources/knowledge/bands/mordheim/snotlings-web/profiles.yaml"", ""sources/knowledge/bands/mordheim/snotlings-web/special-rules.yaml"", ""sources/knowledge/catalog/rules/special-rules.yaml""]"
rule/mordheim/snotlings-web/bullied-goblin--stampede/unimplemented.snotlings-web.special.stampede,editorial_effect,Stampede,bands/mordheim/snotlings-web/special-rules.yaml,Snotling Special Skills / Stampede,https://mordheimer.net/docs/warbands/grade-2a-warbands/snotlings,LATER,Deferred subsystem: ally attack forfeiting for Strength bonuses is outside the current engine scope.,NO,unbound,not_applicable,deferred,Deferred subsystem: ally attack forfeiting for Strength bonuses is outside the current engine scope.,,,,deferred,,,not_applicable,not_applicable,not_applicable,,,deferred_scope_review,sources/2A/bands/mordheim/snotlings-web/special-rules.yaml#bullied-goblin--stampede#unimplemented.snotlings-web.special.stampede,included,"[""T13.2"",""T13.3"",""T13.4"",""T13.6""]",,"When the hero with Stampede charges an opposing warrior, keep track of any other Snotlings that charged that same warrior this turn. You may have one of those charging Snotlings forfeit his attack in order to give the Stampeding Hero +1 Strength for each Base Attack forfeited (do not count additional hand attacks). This bonus lasts until the end of the turn, and may be used multiple times (i.e. you may have multiple Snotlings each forfeit their attack, each adding +1 S for each attack). However, each Snotling may only forfeit his attack once per turn (thus, if you have two Stampeding Heroes, you cannot have one Snotling runt forfeit his attack TWICE, giving the bonus to two different warriors). A Snotling that forfeits his attacks forfeits them ALL - he may not choose to give up ""half"" his attacks or any other fraction. A Hero's Strength may not be increased beyond Strength 10.",bullied-goblin--stampede,donated-charge-attacks,,none,,Review scope and prerequisites before admitting or implementing the effect.,inventory,kb,,rule/mordheim/snotlings-web/bullied-goblin--stampede/unimplemented.snotlings-web.special.stampede,A,,"unbound source prose names a A-family operator; assigned for review; scope LATER preserved: review every clause individually, including possible mixed or reference-only clauses; keywords cannot defer a whole row; assignment for review is not admission",efce435dbf24346e018acec7312dc29c39a76d86a5ce03a311a0d49da21b2d4d,36fe25d7639bc6a12e5b3b2308067e27b031b639e3dd0b8bfd6403ba81eba918,"[""sources/knowledge/bands/mordheim/snotlings-web/band.yaml"", ""sources/knowledge/bands/mordheim/snotlings-web/equipment-access.yaml"", ""sources/knowledge/bands/mordheim/snotlings-web/profiles.yaml"", ""sources/knowledge/bands/mordheim/snotlings-web/special-rules.yaml"", ""sources/knowledge/catalog/rules/special-rules.yaml""]"
rule/mordheim/snotlings-web/wheelo--combat/mechanic.wheelo-impact,editorial_effect,Combat,bands/mordheim/snotlings-web/special-rules.yaml,0-1 Snotling Wheelo / Special Rules / Combat,https://mordheimer.net/docs/warbands/grade-2a-warbands/snotlings,YES,,YES,"{""id"": ""mechanic.wheelo-impact"", ""kind"": ""mechanic"", ""parameters"": {}}",linked,not_run,Semantic verification was not run.,,,,ready,,,not_assessed,not_assessed,not_run,,,implemented_pending_verification,sources/2A/bands/mordheim/snotlings-web/special-rules.yaml#wheelo--combat#unimplemented.snotlings-web.wheelo.combat,included,"[""T13.2"",""T13.3"",""T13.4"",""T13.6""]",,"The statline above represents the stats of the Wheelo's Crew members, who pull out built-in weapons and hide behind wooden armour. If the Wheelo rolls into an opponent, it counts as a charge, and the crew will fight in each hand-to-hand combat phase as normal. If the Wheelo is charged by an opponent, they will likewise fight, although without the Impact Hit bonus. If the Wheelo accidentally rolls into a friendly model, that model suffers Impact Hits (see above), but the crew will not attack the model. If the Wheelo rolls into a Fear-causing opponent, it still counts as a charge (and the model still suffers Impact Hits), but the crew must pass a Leadership Test, otherwise they will not hit on anything but 6s.",wheelo--combat,combatant-composite,mechanic/mechanic.wheelo-impact,none,,Review existing evidence; repair verification metadata or missing evidence without reimplementing the effect.,inventory,kb,,rule/mordheim/snotlings-web/wheelo--combat/mechanic.wheelo-impact,A,mechanic.wheelo-impact,binding operator 'mechanic:mechanic.wheelo-impact' pinned to its behaviour family by the operator table,5c8df9041fea2266f4ba4207822bf106c9ab03d84cc590353936dc6bccd3fed8,0c39626da1a4bbed037c4e72e09c14c88882c3cef740e7d8bf67724511b49e40,"[""sources/knowledge/bands/mordheim/snotlings-web/band.yaml"", ""sources/knowledge/bands/mordheim/snotlings-web/equipment-access.yaml"", ""sources/knowledge/bands/mordheim/snotlings-web/profiles.yaml"", ""sources/knowledge/bands/mordheim/snotlings-web/special-rules.yaml"", ""sources/knowledge/catalog/rules/special-rules.yaml""]"
rule/mordheim/snotlings-web/wheelo--impact-hits/mechanic.wheelo-impact,editorial_effect,Impact Hits,bands/mordheim/snotlings-web/special-rules.yaml,0-1 Snotling Wheelo / Special Rules / Impact Hits,https://mordheimer.net/docs/warbands/grade-2a-warbands/snotlings,YES,,YES,"{""id"": ""mechanic.wheelo-impact"", ""kind"": ""mechanic"", ""parameters"": {}}",linked,not_run,Semantic verification was not run.,,,,ready,,,not_assessed,not_assessed,not_run,,,implemented_pending_verification,sources/2A/bands/mordheim/snotlings-web/special-rules.yaml#wheelo--impact-hits#unimplemented.snotlings-web.wheelo.impact-hits,included,"[""T13.2"",""T13.3"",""T13.4"",""T13.6""]",,"Whenever a Wheelo moves into a model, that model automatically suffers 1D3 Strength 4 hits, which are worked out before any blows are struck, in the same way as a crossbow pistol. These represent the Impact Hits of the Wheelo as it comes to a sudden stop against an unsolid object. These are only dealt in the first round of combat, and only if the Wheelo ""charged"" this turn. Models that charge a Wheelo during his or her turn do NOT suffer Impact Hits. If a Wheelo rolls into a friendly model, that model still suffers Impact Hits as normal. An Impact Hit does not reflect the strength of the Wheelo crew, and thus the attack will remain S4, even if the crew gains a Strength Upgrade.",wheelo--impact-hits,combatant-composite,mechanic/mechanic.wheelo-impact,none,,Review existing evidence; repair verification metadata or missing evidence without reimplementing the effect.,inventory,kb,,rule/mordheim/snotlings-web/wheelo--impact-hits/mechanic.wheelo-impact,A,mechanic.wheelo-impact,binding operator 'mechanic:mechanic.wheelo-impact' pinned to its behaviour family by the operator table,020e4aa372702c33490b7e9b83813601f89cb00296952ee91cda74ad6a4b4292,1dc3368d711a5eafa180bd65228df924d81a3613937000176ea8b33eeb428159,"[""sources/knowledge/bands/mordheim/snotlings-web/band.yaml"", ""sources/knowledge/bands/mordheim/snotlings-web/equipment-access.yaml"", ""sources/knowledge/bands/mordheim/snotlings-web/profiles.yaml"", ""sources/knowledge/bands/mordheim/snotlings-web/special-rules.yaml"", ""sources/knowledge/catalog/rules/special-rules.yaml""]"
rule/mordheim/snotlings-web/wheelo--movement/unimplemented.snotlings-web.wheelo.movement,editorial_effect,Movement,bands/mordheim/snotlings-web/special-rules.yaml,0-1 Snotling Wheelo / Special Rules / Movement,https://mordheimer.net/docs/warbands/grade-2a-warbands/snotlings,LATER,"Deferred subsystem: random 1D6/2D6 movement with pivot, straight-line restriction and terrain-collision stops are outside the current engine scope.",NO,unbound,not_applicable,deferred,"Deferred subsystem: random 1D6/2D6 movement with pivot, straight-line restriction and terrain-collision stops are outside the current engine scope.",,,,deferred,,,not_applicable,not_applicable,not_applicable,,,deferred_scope_review,sources/2A/bands/mordheim/snotlings-web/special-rules.yaml#wheelo--movement#unimplemented.snotlings-web.wheelo.movement,included,"[""T13.2"",""T13.3"",""T13.4"",""T13.6""]",,"A Wheelo's movement is entirely dependent upon the efforts of the Snotling crew to give it enough speed to move. Walking: a Wheelo has a move of 1D6 inches, rolled each turn that it walks; it may only ever move in a straight line forwards or backwards, but may pivot up to 90 degrees on the spot before moving. If the Wheelo collides into any form of terrain other than open terrain, or comes into base-to-base contact with a building's wall, the machine immediately stops (note: this enables climbing to take place - though it's still random climbing so if you get halfway up the wall only, you fall as normal). If the 1D6"" move brings the Wheelo into another model, it deals Impact Hits to it - if the model was an enemy, it counts as a charge. Running/Charging: instead of only moving 1D6"", a Wheelo may instead run or charge 2D6"". If this brings it into contact with an enemy, it counts as a charge; if the move falls short, the Wheelo's move is NOT halved, like normal failed charges. Every time a running/charging Wheelo moves over/through a different piece of terrain (open terrain such as streets etc. has no penalties, but moving over difficult terrain such as rubble, barricades, and into houses etc. would incur the damage rolls), the Wheelo takes an automatic Strength 5 hit, worked out immediately when the Wheelo contacts the piece of terrain.",wheelo--movement,combatant-composite,,none,,Review scope and prerequisites before admitting or implementing the effect.,inventory,kb,,rule/mordheim/snotlings-web/wheelo--movement/unimplemented.snotlings-web.wheelo.movement,A,,"unbound source prose names a A-family operator; assigned for review; scope LATER preserved: review every clause individually, including possible mixed or reference-only clauses; keywords cannot defer a whole row; assignment for review is not admission",d4473e20d0ce8a069f1520b0cc80cef7f0c93ecc9a505480ca6338a732dd6794,8480175191d387e44f0884e5c56f09c87a5a4ba57ecf8e422febce610f515c49,"[""sources/knowledge/bands/mordheim/snotlings-web/band.yaml"", ""sources/knowledge/bands/mordheim/snotlings-web/equipment-access.yaml"", ""sources/knowledge/bands/mordheim/snotlings-web/profiles.yaml"", ""sources/knowledge/bands/mordheim/snotlings-web/special-rules.yaml"", ""sources/knowledge/catalog/rules/special-rules.yaml""]"
rule/mordheim/snotlings-web/wheelo--special-skill-modifications/mechanic.wheelo-skill-modifications,editorial_effect,Special Skill Modifications,bands/mordheim/snotlings-web/special-rules.yaml,0-1 Snotling Wheelo / Special Rules / Special Skill Modifications,https://mordheimer.net/docs/warbands/grade-2a-warbands/snotlings,YES,,YES,"{""id"": ""mechanic.wheelo-skill-modifications"", ""kind"": ""mechanic"", ""parameters"": {}}",linked,not_run,Semantic verification was not run.,,,,ready,,,not_assessed,not_assessed,not_run,,,implemented_pending_verification,sources/2A/bands/mordheim/snotlings-web/special-rules.yaml#wheelo--special-skill-modifications#unimplemented.snotlings-web.wheelo.special-skill-modifications,included,"[""T13.2"",""T13.3"",""T13.4"",""T13.6""]",,"Weapons Training: as Wheelos do not carry weapons as such (any blades etc. on the Wheelo itself count as the instruments for the actual Impact Hits themselves). However, a Wheelo who gains ""Weapons Training"" may have one of the following weapons fitted to its body. This will boost the Impact Hits in the following way: Axe - Impact Hits deal -1 Armour save. Club - Impact Hits deal Concussion. Spear - if charged, the Wheelo still deals a single Impact Hit to the charger before attacks are made. Morning Star - the first round of Impact Hits dealt each game are at S5 instead of S4; all Impact Hits after are at normal Strength. Sprint: instead of rolling 2D6"" to run/charge, the Snotling player may choose to move the Wheelo 3D6"" instead. Mighty Blow: the crew gains +1 to wound in combat; has no effect on Impact Hits.",wheelo--special-skill-modifications,weapon-profile; combatant-composite; attack-pool-priority; movement-action,mechanic/mechanic.wheelo-skill-modifications,none,,Review existing evidence; repair verification metadata or missing evidence without reimplementing the effect.,inventory,kb,,rule/mordheim/snotlings-web/wheelo--special-skill-modifications/mechanic.wheelo-skill-modifications,A,mechanic.wheelo-skill-modifications,binding operator 'mechanic:mechanic.wheelo-skill-modifications' pinned to its behaviour family by the operator table,af94df42e0221e7c8e97af04e94eeb817a5a75aaa68090b2dc5fca7c422a365f,9545ac499a6b358c730af994d47f2d70a8c4ee4366b25a6da2c57ad7d9ff5734,"[""sources/knowledge/bands/mordheim/snotlings-web/band.yaml"", ""sources/knowledge/bands/mordheim/snotlings-web/equipment-access.yaml"", ""sources/knowledge/bands/mordheim/snotlings-web/profiles.yaml"", ""sources/knowledge/bands/mordheim/snotlings-web/special-rules.yaml"", ""sources/knowledge/catalog/rules/special-rules.yaml""]"
rule/mordheim/survivors-of-strigos-sylv/strigoi-vampire--curse-of-the-revenant/mechanic.curse-of-the-revenant,editorial_effect,Curse of the Revenant,bands/mordheim/survivors-of-strigos-sylv/special-rules.yaml,Special Skills / Strigoi Vampire Only / Curse of the Revenant,https://mordheimer.net/docs/warbands/grade-2a-warbands/survivors-of-strigos,YES,,YES,"{""id"": ""mechanic.curse-of-the-revenant"", ""kind"": ""mechanic"", ""parameters"": {}}",linked,not_run,Semantic verification was not run.,,,"The user fixed recovery at the start of the warrior's own turn. The printed 5+ roll, one recovered wound per turn, and Great Thirster prerequisite remain. The user explicitly confirmed that fire does not prevent this recovery, including wounds caused by fire. Do not reuse ordinary regeneration's fire prohibition or wound-time timing for this separate ability. Q013's semantic decision is resolved; F013 remains implementation work for its prerequisite, recovery clock and cap.",ready,"When in a player turn may Curse of the Revenant attempt its5+ lost-wound recovery, and does it use regeneration/fire restrictions or only this text?",,not_assessed,not_assessed,not_run,,,implemented_pending_verification,sources/2A/bands/mordheim/survivors-of-strigos-sylv/special-rules.yaml#strigoi-vampire--curse-of-the-revenant#skill.regeneration,included,"[""T13.2"",""T13.3"",""T13.4""]",T13-Q013,"So strong is the desire for some to continue living that they defy death. Once a Vampire has taken the Great Thirster special skill, he may choose the Curse of the Revenant. This skill allows the Vampire to regenerate lost wounds on a D6 roll of 5+. Only one wound may be recovered in this fashion per turn.",strigoi-vampire--curse-of-the-revenant,lost-wound-recovery,mechanic/mechanic.curse-of-the-revenant,resolved,docs/decisions/design-rulings.md: Curse of the Revenant recovery — Q013 — 2026-10-04,Review existing evidence; repair verification metadata or missing evidence without reimplementing the effect.,inventory,kb,,rule/mordheim/survivors-of-strigos-sylv/strigoi-vampire--curse-of-the-revenant/mechanic.curse-of-the-revenant,A,mechanic.curse-of-the-revenant,binding operator 'mechanic:mechanic.curse-of-the-revenant' pinned to its behaviour family by the operator table,216c3d9d5a59e0f4c82a00961ef8f39e78cdf71b74b830f2dba30b983b88319b,62454b3a39011ec23fee6fe5a12cd7298515936e9d5a764988ee218772815a2e,"[""sources/knowledge/bands/mordheim/survivors-of-strigos-sylv/band.yaml"", ""sources/knowledge/bands/mordheim/survivors-of-strigos-sylv/equipment-access.yaml"", ""sources/knowledge/bands/mordheim/survivors-of-strigos-sylv/profiles.yaml"", ""sources/knowledge/bands/mordheim/survivors-of-strigos-sylv/special-rules.yaml"", ""sources/knowledge/catalog/rules/special-rules.yaml""]"
rule/mordheim/survivors-of-strigos-sylv/strigoi-vampire--great-thirster/mechanic.great-thirster,editorial_effect,Great Thirster,bands/mordheim/survivors-of-strigos-sylv/special-rules.yaml,Special Skills / Strigoi Vampire Only / Great Thirster,https://mordheimer.net/docs/warbands/grade-2a-warbands/survivors-of-strigos,YES,,YES,"{""id"": ""mechanic.great-thirster"", ""kind"": ""mechanic"", ""parameters"": {}}",linked,not_run,Semantic verification was not run.,,,,ready,,,not_assessed,not_assessed,not_run,,,implemented_pending_verification,sources/2A/bands/mordheim/survivors-of-strigos-sylv/special-rules.yaml#strigoi-vampire--great-thirster#unimplemented.survivors-of-strigos-sylv.special.great-thirster,included,"[""T13.2"",""T13.4"",""T13.5""]",,"Such is the appetite of this beast that he must feed almost constantly. Once the taste of blood has touched his lips, there is little that can stop the Vampire from drinking again. Once the Vampire takes a model Out of Action, treat him as Frenzied. This effect remains until he is Knocked Down, Stunned, or taken Out of Action.",strigoi-vampire--great-thirster,contact-frenzy-trigger,mechanic/mechanic.great-thirster,none,,Review existing evidence; repair verification metadata or missing evidence without reimplementing the effect.,inventory,kb,,rule/mordheim/survivors-of-strigos-sylv/strigoi-vampire--great-thirster/mechanic.great-thirster,A,mechanic.great-thirster,binding operator 'mechanic:mechanic.great-thirster' pinned to its behaviour family by the operator table,cfbe620d8a2a391bc9b9489f551142fd7d18c7a0fd24624516a4541c154ec31f,2496b624ffec4114ded4ecefdd4f6cc8c1e8492b27b7aeae67f5619b3dd99e87,"[""sources/knowledge/bands/mordheim/survivors-of-strigos-sylv/band.yaml"", ""sources/knowledge/bands/mordheim/survivors-of-strigos-sylv/equipment-access.yaml"", ""sources/knowledge/bands/mordheim/survivors-of-strigos-sylv/profiles.yaml"", ""sources/knowledge/bands/mordheim/survivors-of-strigos-sylv/special-rules.yaml"", ""sources/knowledge/catalog/rules/special-rules.yaml""]"
rule/mordheim/tomb-guardians/band--drive-chariot/unimplemented.tomb-guardians.band.drive-chariot,editorial_effect,Drive Chariot,bands/mordheim/tomb-guardians/special-rules.yaml,Tomb Guardian additional skills / drive chariot (academic),https://mordheimer.net/docs/warbands/grade-1b-warbands/tomb-guardians,LATER,Deferred subsystem: psychology or mounts.,NO,unbound,not_applicable,deferred,Deferred subsystem: psychology or mounts.,,,,deferred,,,not_applicable,not_applicable,not_applicable,,,deferred_scope_review,,,,,"A warrior needs this Academic skill to drive a Skeleton Chariot effectively in combat; without it, the charioteer cannot charge. The Skeleton Chariot itself is special equipment and is intentionally not modelled in this file.",band--drive-chariot,,,none,,Review scope and prerequisites before admitting or implementing the effect.,inventory,kb,,rule/mordheim/tomb-guardians/band--drive-chariot/unimplemented.tomb-guardians.band.drive-chariot,A,,"unbound source prose names a A-family operator; assigned for review; scope LATER preserved: review every clause individually, including possible mixed or reference-only clauses; keywords cannot defer a whole row; assignment for review is not admission",d9ba83d654e7b8e00e07375fcf38caaaa9c584de7601e0a79f843ce636af4cdc,394b5403caf1c41590f96c106ad2d2451682478bd24f9637670c6d8d21602bb7,"[""sources/knowledge/bands/mordheim/tomb-guardians/band.yaml"", ""sources/knowledge/bands/mordheim/tomb-guardians/equipment-access.yaml"", ""sources/knowledge/bands/mordheim/tomb-guardians/profiles.yaml"", ""sources/knowledge/bands/mordheim/tomb-guardians/special-rules.yaml"", ""sources/knowledge/catalog/rules/special-rules.yaml""]"
rule/mordheim/tomb-guardians/tomb-scorpions--scorpion-sting/poison.black-lotus,editorial_effect,Scorpion's Sting,bands/mordheim/tomb-guardians/special-rules.yaml,Henchmen / Tomb Scorpions / Special Rules / Scorpions sting,https://mordheimer.net/docs/warbands/grade-1b-warbands/tomb-guardians,YES,,YES,"{""id"": ""poison.black-lotus"", ""kind"": ""mechanic"", ""parameters"": {}}",linked,not_run,Semantic verification was not run.,,,,ready,,The Tomb Scorpion's natural attack receives Black Lotus; a natural 6 to hit wounds automatically unless the target is immune to poison.,not_assessed,not_assessed,not_run,,,implemented_pending_verification,,,,,The Tomb Scorpion attacks with its poisonous sting. The source resolves this as an attack treated as if using Black Lotus; the underlying poison-item mechanics are intentionally not duplicated in this file.,tomb-scorpions--scorpion-sting,,mechanic/poison.black-lotus,none,,Review existing evidence; repair verification metadata or missing evidence without reimplementing the effect.,inventory,kb,,rule/mordheim/tomb-guardians/tomb-scorpions--scorpion-sting/poison.black-lotus,A,poison.black-lotus,binding operator 'mechanic:poison.black-lotus' classified into the A family by operator prefix 'poison.',e0aa21e82e09fd3a4d0407a9442573af662ea72f8332e172c536439fc49e07c6,f17f892c286e9734f5c4c3399367d7720e72b7643c38f0369d4c88de2b2d9045,"[""sources/knowledge/bands/mordheim/tomb-guardians/band.yaml"", ""sources/knowledge/bands/mordheim/tomb-guardians/equipment-access.yaml"", ""sources/knowledge/bands/mordheim/tomb-guardians/profiles.yaml"", ""sources/knowledge/bands/mordheim/tomb-guardians/special-rules.yaml"", ""sources/knowledge/catalog/rules/special-rules.yaml""]"
rule/mordheim/undead/dire-wolves--charge/trait.charge-attack-bonus,editorial_effect,Charge,bands/mordheim/undead/special-rules.yaml,henchmen / 0 – 5 Dire wolves / Special Rules / Charge,https://mordheimer.net/docs/warbands/grade-1a-warbands/undead,YES,,YES,"{""id"": ""trait.charge-attack-bonus"", ""kind"": ""trait"", ""parameters"": {""value"": true}}",linked,not_run,Semantic verification was not run.,,,,ready,,"Dire Wolves / Charge grants two attacks instead of the printed one on the turn the wolf charges. Being charged does not qualify. The source conditions this on charging, not on a global round number. The profile uses natural attacks with no additional off-hand attack; no dice or optional decision is required.",not_assessed,not_assessed,not_run,,,implemented_pending_verification,,,,,A Dire Wolf has 2 Attacks instead of 1 during a turn in which it charges.,dire-wolves--charge,,,none,,Review existing evidence; repair verification metadata or missing evidence without reimplementing the effect.,inventory,kb,,rule/mordheim/undead/dire-wolves--charge/trait.charge-attack-bonus,A,trait.charge-attack-bonus,binding operator 'trait:trait.charge-attack-bonus' classified into the A family by operator vocabulary,7907e6f2d324e90c79a1e7d1f595d49a08b77f4773811b843c86631b2b2be247,681cee84eda53f740c2b56b0420bab5b66a1cf1b7503af2037e155c75d134847,"[""sources/knowledge/bands/mordheim/undead/band.yaml"", ""sources/knowledge/bands/mordheim/undead/equipment-access.yaml"", ""sources/knowledge/bands/mordheim/undead/profiles.yaml"", ""sources/knowledge/bands/mordheim/undead/special-rules.yaml"", ""sources/knowledge/catalog/rules/special-rules.yaml""]"
rule/mordheim/underworld-alliance-mim/warpstone-troll--vomit-attack/weapon.vomit-attack,editorial_effect,Vomit Attack,bands/mordheim/underworld-alliance-mim/special-rules.yaml,1 Warpstone Troll / Special Rules / Vomit Attack,https://broheim.net/downloads/warbands/supplement/mutinyinmarienburg/Underworld Alliance.pdf,YES,,YES,"{""id"": ""weapon.vomit-attack"", ""kind"": ""mechanic"", ""parameters"": {}}",linked,not_run,Semantic verification was not run.,,,,ready,,"Underworld Alliance, p. 5: the Warpstone Troll may choose one automatic Strength 5 melee hit instead of its normal attacks, ignoring armour. Selecting the canonical rule grants the optional attack separately from equipped hands; the modular round decision accepts or rejects it each round. The existing automatic-hit mechanic forbids parrying. Weapon/material/poison contributions and other normal attacks do not join the replacement; applicable independent special saves and the ordinary injury pipeline remain. This specification certifies the canonical modular route only; optional choice is explicitly refused by unported optimized backends.",not_assessed,not_assessed,not_run,,,implemented_pending_verification,sources/2B/bands/mordheim/underworld-alliance-mim/special-rules.yaml#warpstone-troll--vomit-attack#weapon.vomit-attack,included,"[""T13.2"",""T13.3"",""T13.4"",""T13.5"",""T13.6""]",,"Instead of his normal attacks, a Troll can regurgitate its highly corrosive digestive juices on an unfortunate hand-to-hand combat opponent. This is a single attack that automatically hits with a Strength of 5 and ignores armour saves.",warpstone-troll--vomit-attack,stateful-control-and-reaction,mechanic/weapon.vomit-attack,none,,Review existing evidence; repair verification metadata or missing evidence without reimplementing the effect.,inventory,kb,,rule/mordheim/underworld-alliance-mim/warpstone-troll--vomit-attack/weapon.vomit-attack,A,weapon.vomit-attack,binding operator 'mechanic:weapon.vomit-attack' classified into the A family by operator prefix 'weapon.',85099f260d22717fa855887bb010e122cb55c15729b3901f074f0323c3c293d2,17fabf1c94af971e400158c8b02a586b88ff5b953c0f806029fc3606aee4bb7d,"[""sources/knowledge/bands/mordheim/underworld-alliance-mim/band.yaml"", ""sources/knowledge/bands/mordheim/underworld-alliance-mim/equipment-access.yaml"", ""sources/knowledge/bands/mordheim/underworld-alliance-mim/profiles.yaml"", ""sources/knowledge/bands/mordheim/underworld-alliance-mim/special-rules.yaml"", ""sources/knowledge/catalog/rules/special-rules.yaml""]"
rule/trollheim/chaos-streets-bretonnian-knights/band--virtue-of-valour/skill.virtue-of-valour,editorial_effect,Virtue of Valour,bands/trollheim/chaos-streets-bretonnian-knights/special-rules.yaml,Bretonnian Knight Special Skills / Virtue of Valour,,YES,,YES,"{""id"": ""skill.virtue-of-valour"", ""kind"": ""mechanic"", ""parameters"": {}}",linked,not_run,Semantic verification was not run.,,,,ready,,Bretonnian Knight Virtues / Virtue of Valour permits one reroll of failed melee hit rolls only against strictly higher Strength characteristics. Weapon bonuses are not characteristics. Native Bretonnian Heroes with special access may select the virtue; foreign acquisition is separate.,not_assessed,not_assessed,not_run,,,implemented_pending_verification,,,,,"When fighting a model with a higher Strength characteristic, this Knight may re-roll failed To Hit rolls in close combat.",band--virtue-of-valour,,mechanic/skill.virtue-of-valour,none,,Review existing evidence; repair verification metadata or missing evidence without reimplementing the effect.,inventory,kb,,rule/trollheim/chaos-streets-bretonnian-knights/band--virtue-of-valour/skill.virtue-of-valour,A,skill.virtue-of-valour,binding operator 'mechanic:skill.virtue-of-valour' has no family token in its own name; its clause text names a A-family operator,525697b4efe99e981557e927d55fee0f1e58aefa82c7794683383fad5aadb452,30692ed660b3883ba755d6b7ed361117f105ef48efd6dee711f5c8b016c65c01,"[""sources/knowledge/bands/trollheim/chaos-streets-bretonnian-knights/band.yaml"", ""sources/knowledge/bands/trollheim/chaos-streets-bretonnian-knights/equipment-access.yaml"", ""sources/knowledge/bands/trollheim/chaos-streets-bretonnian-knights/profiles.yaml"", ""sources/knowledge/bands/trollheim/chaos-streets-bretonnian-knights/special-rules.yaml"", ""sources/knowledge/catalog/rules/special-rules.yaml""]"
rule/trollheim/chaos-streets-deathbringers/band--deathbringer-special-skills-art-of-unarmed-combat/skill.art-of-silent-death,editorial_effect,Art of Unarmed Combat,bands/trollheim/chaos-streets-deathbringers/special-rules.yaml,Deathbringer Special Skills / Art of Unarmed Combat,,YES,,YES,"{""id"": ""skill.art-of-silent-death"", ""kind"": ""mechanic"", ""parameters"": {}}",linked,not_run,Semantic verification was not run.,,,,ready,,"The three variants grant the same mechanism, but their exact lists of eligible Heroes are checked separately and that each selection projects the binding onto the fighter.",not_assessed,not_assessed,not_run,,,implemented_pending_verification,,,,,"The Hero may fight with bare claws without penalty and counts as using two close-combat weapons, gaining +1 Attack. In close combat, it scores a critical hit on a 'to wound' roll of 5-6 instead of only 6. When combined with Eshin Fighting Claws, this grants +2 Attacks instead of +1.",band--deathbringer-special-skills-art-of-unarmed-combat,,mechanic/skill.art-of-silent-death,none,,Review existing evidence; repair verification metadata or missing evidence without reimplementing the effect.,inventory,kb,,rule/trollheim/chaos-streets-deathbringers/band--deathbringer-special-skills-art-of-unarmed-combat/skill.art-of-silent-death,A,skill.art-of-silent-death,binding operator 'mechanic:skill.art-of-silent-death' classified into the A family by operator vocabulary,3bdf68fde1e0e357c6779cb9b42b98ac841c71eaedfb5b24693c25d55342ad4f,4fe0228194927daf14b8a852087f9eb4bbfb810c9213201b1f18e0d336f89388,"[""sources/knowledge/bands/trollheim/chaos-streets-deathbringers/band.yaml"", ""sources/knowledge/bands/trollheim/chaos-streets-deathbringers/equipment-access.yaml"", ""sources/knowledge/bands/trollheim/chaos-streets-deathbringers/profiles.yaml"", ""sources/knowledge/bands/trollheim/chaos-streets-deathbringers/special-rules.yaml"", ""sources/knowledge/catalog/rules/special-rules.yaml""]"
rule/trollheim/chaos-streets-deathbringers/knives--dagger-master/trait.dagger-master,editorial_effect,Dagger Master,bands/trollheim/chaos-streets-deathbringers/special-rules.yaml,Henchmen / Knives / Dagger Master,,YES,,YES,"{""id"": ""trait.dagger-master"", ""kind"": ""trait"", ""parameters"": {""value"": true}}",linked,not_run,Semantic verification was not run.,,,,ready,,"Chaos in the Streets p.164 / Knives / Dagger Master. Re-rolls failed hits with daggers on the charge turn; it does not require it to be the first round. It does not benefit other weapons or turns without a charge. With WS3 versus WS3, hitting on 4+ goes from 1/2 to 3/4. An initial hit is not re-rolled.",not_assessed,not_assessed,not_run,,,implemented_pending_verification,,,,,"During a turn in which a Knife charges, it may re-roll failed To Hit rolls made with daggers.",knives--dagger-master,,,none,,Review existing evidence; repair verification metadata or missing evidence without reimplementing the effect.,inventory,kb,,rule/trollheim/chaos-streets-deathbringers/knives--dagger-master/trait.dagger-master,A,trait.dagger-master,binding operator 'trait:trait.dagger-master' has no family token in its own name; its clause text names a A-family operator,3c67572dff17a8bd6201408902c78a50a7a792ec5bfa1b26391f5986a1339061,f42adeba4a5eb79cb9b3d3acd4b3a96d8b569b4272887fe2387a10b845427d36,"[""sources/knowledge/bands/trollheim/chaos-streets-deathbringers/band.yaml"", ""sources/knowledge/bands/trollheim/chaos-streets-deathbringers/equipment-access.yaml"", ""sources/knowledge/bands/trollheim/chaos-streets-deathbringers/profiles.yaml"", ""sources/knowledge/bands/trollheim/chaos-streets-deathbringers/special-rules.yaml"", ""sources/knowledge/catalog/rules/special-rules.yaml""]"
rule/trollheim/chaos-streets-dwarf-treasure-hunters/band--slayer-special-skills-berserker/skill.berserker,editorial_effect,Berserker,bands/trollheim/chaos-streets-dwarf-treasure-hunters/special-rules.yaml,Troll Slayer Special Skills / Berserker,,YES,,YES,"{""id"": ""skill.berserker"", ""kind"": ""mechanic"", ""parameters"": {}}",linked,not_run,Semantic verification was not run.,,,,ready,,"This publication grants the Slayer +1 To Hit during a charge, not +1 WS. At equal WS4, the threshold is 3+ charging and 4+ otherwise. The grant is restricted to the named Slayer profile.",not_assessed,not_assessed,not_run,,,implemented_pending_verification,,,,,The Slayer gains +1 To Hit during the turn in which he charges.,band--slayer-special-skills-berserker,,mechanic/skill.berserker,none,,Review existing evidence; repair verification metadata or missing evidence without reimplementing the effect.,inventory,kb,,rule/trollheim/chaos-streets-dwarf-treasure-hunters/band--slayer-special-skills-berserker/skill.berserker,A,skill.berserker,binding operator 'mechanic:skill.berserker' classified into the A family by operator vocabulary,db682d3fb726836539111d9dec82fd7f2438df16077c86002395c97ea037512a,f66f3af0bd3c32b72a10d74916300ec9fb8beeb2aa933540e3136fe8853e50b5,"[""sources/knowledge/bands/trollheim/chaos-streets-dwarf-treasure-hunters/band.yaml"", ""sources/knowledge/bands/trollheim/chaos-streets-dwarf-treasure-hunters/equipment-access.yaml"", ""sources/knowledge/bands/trollheim/chaos-streets-dwarf-treasure-hunters/profiles.yaml"", ""sources/knowledge/bands/trollheim/chaos-streets-dwarf-treasure-hunters/special-rules.yaml"", ""sources/knowledge/catalog/rules/special-rules.yaml""]"
rule/trollheim/chaos-streets-dwarf-treasure-hunters/band--slayer-special-skills-ferocious-charge/skill.ferocious-charge,editorial_effect,Ferocious Charge,bands/trollheim/chaos-streets-dwarf-treasure-hunters/special-rules.yaml,Troll Slayer Special Skills / Ferocious Charge,,YES,,YES,"{""id"": ""skill.ferocious-charge"", ""kind"": ""mechanic"", ""parameters"": {}}",linked,not_run,Semantic verification was not run.,,,,ready,,"Each editorial rule is a selectable Slayer skill. It grants the canonical mechanism only to the explicitly named Slayer profile, including sources whose surrounding skill category is available to other heroes.",not_assessed,not_assessed,not_run,,,implemented_pending_verification,,,,,"The Slayer may double his Attacks on the turn he charges, but suffers -1 To Hit during that turn.",band--slayer-special-skills-ferocious-charge,,mechanic/skill.ferocious-charge,none,,Review existing evidence; repair verification metadata or missing evidence without reimplementing the effect.,inventory,kb,,rule/trollheim/chaos-streets-dwarf-treasure-hunters/band--slayer-special-skills-ferocious-charge/skill.ferocious-charge,A,skill.ferocious-charge,binding operator 'mechanic:skill.ferocious-charge' classified into the A family by operator vocabulary,f3fe06cb02cea89ddb2393df8a1f0ea80bb24668457a2faaea47796e0edee7fb,569ba926762bf6bdd517580879781036afbbdcc43223f364a5402577ae7f5029,"[""sources/knowledge/bands/trollheim/chaos-streets-dwarf-treasure-hunters/band.yaml"", ""sources/knowledge/bands/trollheim/chaos-streets-dwarf-treasure-hunters/equipment-access.yaml"", ""sources/knowledge/bands/trollheim/chaos-streets-dwarf-treasure-hunters/profiles.yaml"", ""sources/knowledge/bands/trollheim/chaos-streets-dwarf-treasure-hunters/special-rules.yaml"", ""sources/knowledge/catalog/rules/special-rules.yaml""]"
rule/trollheim/chaos-streets-greenskins/band--animosity/unimplemented.chaos-streets-greenskins.band.animosity,editorial_effect,Animosity,bands/trollheim/chaos-streets-greenskins/special-rules.yaml,Special Rules / Animosity,,LATER,Deferred subsystem: psychology or mounts.,NO,unbound,not_applicable,deferred,Deferred subsystem: psychology or mounts.,,,,deferred,,,not_applicable,not_applicable,not_applicable,,,deferred_scope_review,,,,,"At the start of each Orc player's turn, roll D6 for every Orc or Goblin Henchman not already engaged in close combat. On 2-6 the warrior acts normally. On 1, roll another D6: 1 = the warrior immediately attacks the nearest eligible friendly Orc/Goblin Henchman or Hired Sword. If one is within charge range, it charges immediately and fights one round of close combat; afterwards the models separate by 1"". If no eligible target can be charged and the warrior has a missile weapon, it shoots the nearest eligible friendly target instead. If neither is possible, or the nearest Orc is a Hero, use the 2-5 result instead. The warrior does nothing else that turn except defend itself. 2-5 = the warrior spends the whole turn insulting the nearest companion and does nothing else except defend itself. 6 = the warrior immediately moves as quickly as possible toward the nearest visible enemy, charging if possible. If no enemy is visible it immediately makes a normal move. This is additional to its normal Movement-phase move, and if the extra move brings an enemy into charge range the warrior must charge during its normal Movement phase.",band--animosity,,,none,,Review scope and prerequisites before admitting or implementing the effect.,inventory,kb,,rule/trollheim/chaos-streets-greenskins/band--animosity/unimplemented.chaos-streets-greenskins.band.animosity,A,,"unbound source prose names a A-family operator; assigned for review; scope LATER preserved: review every clause individually, including possible mixed or reference-only clauses; keywords cannot defer a whole row; assignment for review is not admission",216a2391aaa540edcf11004942d9219f0649b65a09020db0d6ed3b7c6535c94a,032bed273adf12ba5e3dd0994ae33f6d2a5bb8951ecfc8623f3670b7dfc846d3,"[""sources/knowledge/bands/trollheim/chaos-streets-greenskins/band.yaml"", ""sources/knowledge/bands/trollheim/chaos-streets-greenskins/equipment-access.yaml"", ""sources/knowledge/bands/trollheim/chaos-streets-greenskins/profiles.yaml"", ""sources/knowledge/bands/trollheim/chaos-streets-greenskins/special-rules.yaml"", ""sources/knowledge/catalog/rules/special-rules.yaml""]"
rule/trollheim/chaos-streets-greenskins/band--orc-special-skills-eadbasher/skill.head-crusher,editorial_effect,'Eadbasher,bands/trollheim/chaos-streets-greenskins/special-rules.yaml,Greenskin Special Skills / 'Eadbasher,,YES,,YES,"{""id"": ""skill.head-crusher"", ""kind"": ""mechanic"", ""parameters"": {}}",linked,not_run,Semantic verification was not run.,,,,ready,,"The three 'Eadbasher variants grant the same selectable Head Crusher mechanism to their Orc hero profiles. Henchmen, Goblins, Squigs and Trolls cannot select it.",not_assessed,not_assessed,not_run,,,implemented_pending_verification,,,,,"Orcs have massive physical strength and some of them even learn to aim their blows at the heads of their opponents, with obvious results. Any knocked down results which the Orc causes in hand-to-hand count as stunned results instead.",band--orc-special-skills-eadbasher,,mechanic/skill.head-crusher,none,,Review existing evidence; repair verification metadata or missing evidence without reimplementing the effect.,inventory,kb,,rule/trollheim/chaos-streets-greenskins/band--orc-special-skills-eadbasher/skill.head-crusher,A,skill.head-crusher,binding operator 'mechanic:skill.head-crusher' classified into the A family by operator vocabulary,ca24ed81d42eb0095fdc5e4b0ba1c85e27ef0d0ffb6c36e1de3c3043fcc4207d,0e9b7f80a64b19f8d7705b1cee39368c03e8783052d6641135ac921ce93c5f6d,"[""sources/knowledge/bands/trollheim/chaos-streets-greenskins/band.yaml"", ""sources/knowledge/bands/trollheim/chaos-streets-greenskins/equipment-access.yaml"", ""sources/knowledge/bands/trollheim/chaos-streets-greenskins/profiles.yaml"", ""sources/knowledge/bands/trollheim/chaos-streets-greenskins/special-rules.yaml"", ""sources/knowledge/catalog/rules/special-rules.yaml""]"
rule/trollheim/chaos-streets-greenskins/troll--troll-vomit/weapon.vomit-attack,editorial_effect,Vomit,bands/trollheim/chaos-streets-greenskins/special-rules.yaml,Henchmen / 0-1 Troll / Vomit,,YES,,YES,"{""id"": ""weapon.vomit-attack"", ""kind"": ""mechanic"", ""parameters"": {}}",linked,not_run,Semantic verification was not run.,,,,ready,,Every cited profile entry grants the optional Vomit attack exclusively to the Troll profile. The profile's legal weapon construction exposes the canonical Vomit mechanism; all other profiles in each band must reject the same selection.,not_assessed,not_assessed,not_run,,,implemented_pending_verification,,,,,"Instead of attacking normally, the Troll may make one close-combat attack that hits automatically at Strength 5 and ignores armour saves.",troll--troll-vomit,,mechanic/weapon.vomit-attack,none,,Review existing evidence; repair verification metadata or missing evidence without reimplementing the effect.,inventory,kb,,rule/trollheim/chaos-streets-greenskins/troll--troll-vomit/weapon.vomit-attack,A,weapon.vomit-attack,binding operator 'mechanic:weapon.vomit-attack' classified into the A family by operator prefix 'weapon.',d7bb15b5667d97738dc93f78fa55c0b6f8774790eab2290648a665532336639c,69feb5abc74ce80a4254afb097a5791980a5f1b9733dfac928d20cbc00cd2f8e,"[""sources/knowledge/bands/trollheim/chaos-streets-greenskins/band.yaml"", ""sources/knowledge/bands/trollheim/chaos-streets-greenskins/equipment-access.yaml"", ""sources/knowledge/bands/trollheim/chaos-streets-greenskins/profiles.yaml"", ""sources/knowledge/bands/trollheim/chaos-streets-greenskins/special-rules.yaml"", ""sources/knowledge/catalog/rules/special-rules.yaml""]"
rule/trollheim/chaos-streets-pit-fighters/band--pit-fighter-skill-body-slam/mechanic.body-slam,editorial_effect,Body Slam,bands/trollheim/chaos-streets-pit-fighters/special-rules.yaml,Pit Fighter Special Skills / Body Slam,,YES,,YES,"{""id"": ""mechanic.body-slam"", ""kind"": ""mechanic"", ""parameters"": {}}",linked,not_run,Semantic verification was not run.,,,,ready,,"Body Slam allows choosing, during a charge, a single attack at +1 Strength and +1 To Hit that scores a critical on 5+. It does not use the weapon's bonuses or other skills. Declining keeps the ordinary pool. Both editions grant it exactly to Pit King, Pit Veterans and Dwarf Troll Slayer.",not_assessed,not_assessed,not_run,,,implemented_pending_verification,,,,,"Instead of making normal charge attacks, the Hero may make a single Body Slam attack at +1 Strength and +1 To Hit, with no weapon or skill modifiers. The attack scores a critical hit on 5+.",band--pit-fighter-skill-body-slam,,mechanic/mechanic.body-slam,none,,Review existing evidence; repair verification metadata or missing evidence without reimplementing the effect.,inventory,kb,,rule/trollheim/chaos-streets-pit-fighters/band--pit-fighter-skill-body-slam/mechanic.body-slam,A,mechanic.body-slam,binding operator 'mechanic:mechanic.body-slam' pinned to its behaviour family by the operator table,1a733e00e185be28472f1fb28afa4d1b5a33da0dcdb0daad293ffb9d6ddde582,ba1e754250ef984f0a0e625c425c529eee33b318309a6179161c47959bbddfbc,"[""sources/knowledge/bands/trollheim/chaos-streets-pit-fighters/band.yaml"", ""sources/knowledge/bands/trollheim/chaos-streets-pit-fighters/equipment-access.yaml"", ""sources/knowledge/bands/trollheim/chaos-streets-pit-fighters/profiles.yaml"", ""sources/knowledge/bands/trollheim/chaos-streets-pit-fighters/special-rules.yaml"", ""sources/knowledge/catalog/rules/special-rules.yaml""]"
rule/trollheim/chaos-streets-pit-fighters/band--pit-fighter-skill-bulging-biceps/skill.mighty-biceps,editorial_effect,Bulging Biceps,bands/trollheim/chaos-streets-pit-fighters/special-rules.yaml,Pit Fighter Special Skills / Bulging Biceps,,YES,,YES,"{""id"": ""skill.mighty-biceps"", ""kind"": ""mechanic"", ""parameters"": {}}",linked,not_run,Semantic verification was not run.,,,,ready,,Pit Fighter Skills / Bulging Biceps keeps the Heavy weapon Strength bonus in every round. Flail grants +2 and Morning Star +1. It neither adds Strength to a sword nor removes Strike Last from a double-handed weapon; this is not Strongman. Only the three Hero profiles have special skill access.,not_assessed,not_assessed,not_run,,,implemented_pending_verification,,,,,The Hero ignores the penalty from the Heavy weapon special rule; the weapon's Strength bonus applies in every round of close combat.,band--pit-fighter-skill-bulging-biceps,,mechanic/skill.mighty-biceps,none,,Review existing evidence; repair verification metadata or missing evidence without reimplementing the effect.,inventory,kb,,rule/trollheim/chaos-streets-pit-fighters/band--pit-fighter-skill-bulging-biceps/skill.mighty-biceps,A,skill.mighty-biceps,binding operator 'mechanic:skill.mighty-biceps' classified into the A family by operator vocabulary,f32d4e769edb94976b10655cd30d3e030880c7087482cb6c4e5d3576257be075,1a71001bf7c7ac0244b43b3c1127a5a96c6d6518f789ebd99a1dffb02c7e910e,"[""sources/knowledge/bands/trollheim/chaos-streets-pit-fighters/band.yaml"", ""sources/knowledge/bands/trollheim/chaos-streets-pit-fighters/equipment-access.yaml"", ""sources/knowledge/bands/trollheim/chaos-streets-pit-fighters/profiles.yaml"", ""sources/knowledge/bands/trollheim/chaos-streets-pit-fighters/special-rules.yaml"", ""sources/knowledge/catalog/rules/special-rules.yaml""]"
rule/trollheim/chaos-streets-pit-fighters/band--troll-slayer-special-skills-berserker/skill.berserker,editorial_effect,Berserker,bands/trollheim/chaos-streets-pit-fighters/special-rules.yaml,Troll Slayer Special Skills / Berserker,,YES,,YES,"{""id"": ""skill.berserker"", ""kind"": ""mechanic"", ""parameters"": {}}",linked,not_run,Semantic verification was not run.,,,,ready,,"This publication grants the Slayer +1 To Hit during a charge, not +1 WS. At equal WS4, the threshold is 3+ charging and 4+ otherwise. The grant is restricted to the named Slayer profile.",not_assessed,not_assessed,not_run,,,implemented_pending_verification,,,,,The Slayer gains +1 To Hit during the turn he charges.,band--troll-slayer-special-skills-berserker,,mechanic/skill.berserker,none,,Review existing evidence; repair verification metadata or missing evidence without reimplementing the effect.,inventory,kb,,rule/trollheim/chaos-streets-pit-fighters/band--troll-slayer-special-skills-berserker/skill.berserker,A,skill.berserker,binding operator 'mechanic:skill.berserker' classified into the A family by operator vocabulary,3c0ff67eb46cc6785bb6d397e661ad4a06599a7fb96bcc8094750431f136ef5f,3698be5e274cf51507e01d6fa80578235571316133e9adab06e1dfac076293c3,"[""sources/knowledge/bands/trollheim/chaos-streets-pit-fighters/band.yaml"", ""sources/knowledge/bands/trollheim/chaos-streets-pit-fighters/equipment-access.yaml"", ""sources/knowledge/bands/trollheim/chaos-streets-pit-fighters/profiles.yaml"", ""sources/knowledge/bands/trollheim/chaos-streets-pit-fighters/special-rules.yaml"", ""sources/knowledge/catalog/rules/special-rules.yaml""]"
rule/trollheim/chaos-streets-pit-fighters/band--troll-slayer-special-skills-ferocious-charge/skill.ferocious-charge,editorial_effect,Ferocious Charge,bands/trollheim/chaos-streets-pit-fighters/special-rules.yaml,Troll Slayer Special Skills / Ferocious Charge,,YES,,YES,"{""id"": ""skill.ferocious-charge"", ""kind"": ""mechanic"", ""parameters"": {}}",linked,not_run,Semantic verification was not run.,,,,ready,,"Each editorial rule is a selectable Slayer skill. It grants the canonical mechanism only to the explicitly named Slayer profile, including sources whose surrounding skill category is available to other heroes.",not_assessed,not_assessed,not_run,,,implemented_pending_verification,,,,,"The Slayer may double his Attacks during the turn he charges, but suffers -1 To Hit during that turn.",band--troll-slayer-special-skills-ferocious-charge,,mechanic/skill.ferocious-charge,none,,Review existing evidence; repair verification metadata or missing evidence without reimplementing the effect.,inventory,kb,,rule/trollheim/chaos-streets-pit-fighters/band--troll-slayer-special-skills-ferocious-charge/skill.ferocious-charge,A,skill.ferocious-charge,binding operator 'mechanic:skill.ferocious-charge' classified into the A family by operator vocabulary,782753a02796968d08274b1bf3b0c817ad72f84b1175a67fe83aefe505d6379b,562d27a2d0452605c16daad5a5dbca064fa7ab8824e3243c1d7844db9409b1af,"[""sources/knowledge/bands/trollheim/chaos-streets-pit-fighters/band.yaml"", ""sources/knowledge/bands/trollheim/chaos-streets-pit-fighters/equipment-access.yaml"", ""sources/knowledge/bands/trollheim/chaos-streets-pit-fighters/profiles.yaml"", ""sources/knowledge/bands/trollheim/chaos-streets-pit-fighters/special-rules.yaml"", ""sources/knowledge/catalog/rules/special-rules.yaml""]"
rule/trollheim/chaos-streets-undead-bloodlines/band--blood-dragon-power-infallible/skill.infallible,editorial_effect,Infallible,bands/trollheim/chaos-streets-undead-bloodlines/special-rules.yaml,Blood Dragon Special Skills / Infallible,,YES,,YES,"{""id"": ""skill.infallible"", ""kind"": ""mechanic"", ""parameters"": {}}",linked,not_run,Semantic verification was not run.,,,,ready,,Infallible is a selectable Blood Dragon power available only to the Blood Dragon Vampire profile. Selection compiles the canonical charge-only failed-hit reroll; no other Vampire bloodline receives it.,not_assessed,not_assessed,not_run,,,implemented_pending_verification,,,,,The Vampire may re-roll failed To Hit rolls during the turn in which it charges.,band--blood-dragon-power-infallible,,mechanic/skill.infallible,none,,Review existing evidence; repair verification metadata or missing evidence without reimplementing the effect.,inventory,kb,,rule/trollheim/chaos-streets-undead-bloodlines/band--blood-dragon-power-infallible/skill.infallible,A,skill.infallible,binding operator 'mechanic:skill.infallible' has no family token in its own name; its clause text names a A-family operator,1604a523ac891bf3536bdb7cda6387d6824d9d7de26f46dfff1ccafa436b6a23,42fac049170b9e35ef5b90f9c67274e18980d10a4d7ec2b0b7f38db8c1ff0fe0,"[""sources/knowledge/bands/trollheim/chaos-streets-undead-bloodlines/band.yaml"", ""sources/knowledge/bands/trollheim/chaos-streets-undead-bloodlines/equipment-access.yaml"", ""sources/knowledge/bands/trollheim/chaos-streets-undead-bloodlines/profiles.yaml"", ""sources/knowledge/bands/trollheim/chaos-streets-undead-bloodlines/special-rules.yaml"", ""sources/knowledge/catalog/rules/special-rules.yaml""]"
rule/trollheim/chaos-streets-undead-bloodlines/band--blood-dragon-power-red-fury/skill.red-fury,editorial_effect,Red Fury,bands/trollheim/chaos-streets-undead-bloodlines/special-rules.yaml,Blood Dragon Special Skills / Red Fury,,YES,,YES,"{""id"": ""skill.red-fury"", ""kind"": ""mechanic"", ""parameters"": {}}",linked,not_run,Semantic verification was not run.,,,,ready,,"Red Fury grants the Blood Dragon Vampire one additional Attack, giving three rather than two.",not_assessed,not_assessed,not_run,,,implemented_pending_verification,,,,,The Vampire gains +1 Attack. This does not count toward its normal characteristic maximum.,band--blood-dragon-power-red-fury,,mechanic/skill.red-fury,none,,Review existing evidence; repair verification metadata or missing evidence without reimplementing the effect.,inventory,kb,,rule/trollheim/chaos-streets-undead-bloodlines/band--blood-dragon-power-red-fury/skill.red-fury,A,skill.red-fury,binding operator 'mechanic:skill.red-fury' classified into the A family by operator vocabulary,9354b3f2bd3ffea14dda7439aa5f2f803817ced251f83e31bc4d8d9dd11124f4,3a1611e63eb7e7547289c2510caefead40cf8e2167184b62b0b2dc8a3eaf55b0,"[""sources/knowledge/bands/trollheim/chaos-streets-undead-bloodlines/band.yaml"", ""sources/knowledge/bands/trollheim/chaos-streets-undead-bloodlines/equipment-access.yaml"", ""sources/knowledge/bands/trollheim/chaos-streets-undead-bloodlines/profiles.yaml"", ""sources/knowledge/bands/trollheim/chaos-streets-undead-bloodlines/special-rules.yaml"", ""sources/knowledge/catalog/rules/special-rules.yaml""]"
rule/trollheim/chaos-streets-undead-bloodlines/band--blood-dragon-power-strength-of-steel/skill.strength-of-steel,editorial_effect,Strength of Steel,bands/trollheim/chaos-streets-undead-bloodlines/special-rules.yaml,Blood Dragon Special Skills / Strength of Steel,,YES,,YES,"{""id"": ""skill.strength-of-steel"", ""kind"": ""mechanic"", ""parameters"": {}}",linked,not_run,Semantic verification was not run.,,,,ready,,"Strength of Steel is selectable only by the Blood Dragon Vampire. It adds one point to the effective Strength used for wounding and armour modification during a charge, without changing the permanent characteristic.",not_assessed,not_assessed,not_run,,,implemented_pending_verification,,,,,The Vampire gains +1 Strength during the turn in which it charges. This does not count toward its normal characteristic maximum.,band--blood-dragon-power-strength-of-steel,,mechanic/skill.strength-of-steel,none,,Review existing evidence; repair verification metadata or missing evidence without reimplementing the effect.,inventory,kb,,rule/trollheim/chaos-streets-undead-bloodlines/band--blood-dragon-power-strength-of-steel/skill.strength-of-steel,A,skill.strength-of-steel,binding operator 'mechanic:skill.strength-of-steel' classified into the A family by operator vocabulary,8950c2f5f858cc7034569870845b9c3f23296c3e55d02491a00d13b919af0d57,b5b8eaaef80c4030b737a5bdd222dfd5c3ccc5c267893ed40edd911c47ae76f4,"[""sources/knowledge/bands/trollheim/chaos-streets-undead-bloodlines/band.yaml"", ""sources/knowledge/bands/trollheim/chaos-streets-undead-bloodlines/equipment-access.yaml"", ""sources/knowledge/bands/trollheim/chaos-streets-undead-bloodlines/profiles.yaml"", ""sources/knowledge/bands/trollheim/chaos-streets-undead-bloodlines/special-rules.yaml"", ""sources/knowledge/catalog/rules/special-rules.yaml""]"
rule/trollheim/chaos-streets-undead-bloodlines/band--lahmia-power-lost-innocence/skill.always-strikes-first,editorial_effect,Lost Innocence,bands/trollheim/chaos-streets-undead-bloodlines/special-rules.yaml,Lahmia Special Skills / Lost Innocence,,YES,,YES,"{""id"": ""skill.always-strikes-first"", ""kind"": ""mechanic"", ""parameters"": {}}",linked,not_run,Semantic verification was not run.,,,,ready,,Chaos in the Streets p.183 / Lost Innocence explicitly preserves strike first when standing up and against spears. Only this bloodline's Vampire can select the rule. No ordinary Initiative advantage defeats strike first.,not_assessed,not_assessed,not_run,,,implemented_pending_verification,,,,,"The Lahmia Vampire always strikes first in close combat, including when standing up or when fighting an enemy armed with a spear or similar weapon.",band--lahmia-power-lost-innocence,,mechanic/skill.always-strikes-first,none,,Review existing evidence; repair verification metadata or missing evidence without reimplementing the effect.,inventory,kb,,rule/trollheim/chaos-streets-undead-bloodlines/band--lahmia-power-lost-innocence/skill.always-strikes-first,A,skill.always-strikes-first,binding operator 'mechanic:skill.always-strikes-first' classified into the A family by operator vocabulary,5548f033163aa44cf341ffe28c73732005894fa56ef83fdff78c4f12f95996ea,f515df8a01e76a83698715525969fb6a4ed1bf1fd0672c8c17e85f475fc2c0ce,"[""sources/knowledge/bands/trollheim/chaos-streets-undead-bloodlines/band.yaml"", ""sources/knowledge/bands/trollheim/chaos-streets-undead-bloodlines/equipment-access.yaml"", ""sources/knowledge/bands/trollheim/chaos-streets-undead-bloodlines/profiles.yaml"", ""sources/knowledge/bands/trollheim/chaos-streets-undead-bloodlines/special-rules.yaml"", ""sources/knowledge/catalog/rules/special-rules.yaml""]"
rule/trollheim/chaos-streets-undead-bloodlines/dire-wolf--charge/trait.charge-attack-bonus,editorial_effect,Charge,bands/trollheim/chaos-streets-undead-bloodlines/special-rules.yaml,0-5 Dire Wolves / Charge,,YES,,YES,"{""id"": ""trait.charge-attack-bonus"", ""kind"": ""trait"", ""parameters"": {""value"": true}}",linked,not_run,Semantic verification was not run.,,,,ready,,"Dire Wolves / Charge grants two attacks instead of the printed one on the turn the wolf charges. Being charged does not qualify. The source conditions this on charging, not on a global round number. The profile uses natural attacks with no additional off-hand attack; no dice or optional decision is required.",not_assessed,not_assessed,not_run,,,implemented_pending_verification,,,,,A Dire Wolf has 2 Attacks instead of 1 during the turn in which it charges.,dire-wolf--charge,,,none,,Review existing evidence; repair verification metadata or missing evidence without reimplementing the effect.,inventory,kb,,rule/trollheim/chaos-streets-undead-bloodlines/dire-wolf--charge/trait.charge-attack-bonus,A,trait.charge-attack-bonus,binding operator 'trait:trait.charge-attack-bonus' classified into the A family by operator vocabulary,93117e7f5ff53a6f32cb61c54c93f9800e0a05579c7043728e930be0a0831608,f3ca2f7a38c66d61c7f8b54bda7cfd3f971a67b652baa39692e0b7c9ea7f5f6b,"[""sources/knowledge/bands/trollheim/chaos-streets-undead-bloodlines/band.yaml"", ""sources/knowledge/bands/trollheim/chaos-streets-undead-bloodlines/equipment-access.yaml"", ""sources/knowledge/bands/trollheim/chaos-streets-undead-bloodlines/profiles.yaml"", ""sources/knowledge/bands/trollheim/chaos-streets-undead-bloodlines/special-rules.yaml"", ""sources/knowledge/catalog/rules/special-rules.yaml""]"
rule/trollheim/khemri-cursed-of-karak-zorn/band--troll-slayer-special-skills-berserker/skill.berserker,editorial_effect,Berserker,bands/trollheim/khemri-cursed-of-karak-zorn/special-rules.yaml,Troll Slayer Special Skills / Berserker,,YES,,YES,"{""id"": ""skill.berserker"", ""kind"": ""mechanic"", ""parameters"": {}}",linked,not_run,Semantic verification was not run.,,,,ready,,"This publication grants the Slayer +1 To Hit during a charge, not +1 WS. At equal WS4, the threshold is 3+ charging and 4+ otherwise. The grant is restricted to the named Slayer profile.",not_assessed,not_assessed,not_run,,,implemented_pending_verification,,,,,The Troll Slayer gains +1 To Hit during the turn he charges.,band--troll-slayer-special-skills-berserker,,mechanic/skill.berserker,none,,Review existing evidence; repair verification metadata or missing evidence without reimplementing the effect.,inventory,kb,,rule/trollheim/khemri-cursed-of-karak-zorn/band--troll-slayer-special-skills-berserker/skill.berserker,A,skill.berserker,binding operator 'mechanic:skill.berserker' classified into the A family by operator vocabulary,b54956251ecfbe03852a6336c9536132c592490ae593bea9e5ead7dadaf9656c,10ad7fba55015ccbd038c408be2ea860ede0e6cf8a3db6a9c03620e55c6808c8,"[""sources/knowledge/bands/trollheim/khemri-cursed-of-karak-zorn/band.yaml"", ""sources/knowledge/bands/trollheim/khemri-cursed-of-karak-zorn/equipment-access.yaml"", ""sources/knowledge/bands/trollheim/khemri-cursed-of-karak-zorn/profiles.yaml"", ""sources/knowledge/bands/trollheim/khemri-cursed-of-karak-zorn/special-rules.yaml"", ""sources/knowledge/catalog/rules/special-rules.yaml""]"
rule/trollheim/khemri-cursed-of-karak-zorn/band--troll-slayer-special-skills-ferocious-charge/skill.ferocious-charge,editorial_effect,Ferocious Charge,bands/trollheim/khemri-cursed-of-karak-zorn/special-rules.yaml,Troll Slayer Special Skills / Ferocious Charge,,YES,,YES,"{""id"": ""skill.ferocious-charge"", ""kind"": ""mechanic"", ""parameters"": {}}",linked,not_run,Semantic verification was not run.,,,,ready,,"Each editorial rule is a selectable Slayer skill. It grants the canonical mechanism only to the explicitly named Slayer profile, including sources whose surrounding skill category is available to other heroes.",not_assessed,not_assessed,not_run,,,implemented_pending_verification,,,,,"The Troll Slayer may double his Attacks during the turn he charges, but suffers -1 To Hit during that turn.",band--troll-slayer-special-skills-ferocious-charge,,mechanic/skill.ferocious-charge,none,,Review existing evidence; repair verification metadata or missing evidence without reimplementing the effect.,inventory,kb,,rule/trollheim/khemri-cursed-of-karak-zorn/band--troll-slayer-special-skills-ferocious-charge/skill.ferocious-charge,A,skill.ferocious-charge,binding operator 'mechanic:skill.ferocious-charge' classified into the A family by operator vocabulary,cdcbea5cf882ec923b1dd12d051b6405c8a901fca8e79def2d5a5232056c2c62,6ce180bc23af14215013d12306d280a39ff89c22d3408d6afca63682d79102e7,"[""sources/knowledge/bands/trollheim/khemri-cursed-of-karak-zorn/band.yaml"", ""sources/knowledge/bands/trollheim/khemri-cursed-of-karak-zorn/equipment-access.yaml"", ""sources/knowledge/bands/trollheim/khemri-cursed-of-karak-zorn/profiles.yaml"", ""sources/knowledge/bands/trollheim/khemri-cursed-of-karak-zorn/special-rules.yaml"", ""sources/knowledge/catalog/rules/special-rules.yaml""]"
rule/trollheim/khemri-cursed-of-karak-zorn/band--troll-slayer-special-skills-monster-slayer/skill.monster-slayer-effective-strength-armour,editorial_effect,Monster Slayer,bands/trollheim/khemri-cursed-of-karak-zorn/special-rules.yaml,Troll Slayer Special Skills / Monster Slayer,,YES,,YES,"{""id"": ""skill.monster-slayer-effective-strength-armour"", ""kind"": ""mechanic"", ""parameters"": {}}",linked,not_run,Semantic verification was not run.,,,,ready,,"If Monster Slayer improves the wound to 4+, the save uses the effective Strength that would produce that 4+. Against R6, a Slayer S3 wounds on 4+ and computes the modifier as S6. If the real Strength is already better, it is not reduced.",not_assessed,not_assessed,not_run,,,implemented_pending_verification,,,,,"The Troll Slayer wounds any opponent on 4+ regardless of Toughness, unless his modified Strength would normally wound on a lower result. If this rule effectively increases the Strength needed to obtain a 4+ wound roll, use that effective Strength when calculating the armour-save modifier.",band--troll-slayer-special-skills-monster-slayer,,mechanic/skill.monster-slayer-effective-strength-armour,none,,Review existing evidence; repair verification metadata or missing evidence without reimplementing the effect.,inventory,kb,,rule/trollheim/khemri-cursed-of-karak-zorn/band--troll-slayer-special-skills-monster-slayer/skill.monster-slayer-effective-strength-armour,A,skill.monster-slayer-effective-strength-armour,binding operator 'mechanic:skill.monster-slayer-effective-strength-armour' classified into the A family by operator vocabulary,a35d4dc35ca6e90cf7e3693138f63704afd6c896143ce55e7a9e81ee79009c8f,0c90e502a74699622ed0d86d3438f1aade6a307ac42a609fc2306dd568a2f457,"[""sources/knowledge/bands/trollheim/khemri-cursed-of-karak-zorn/band.yaml"", ""sources/knowledge/bands/trollheim/khemri-cursed-of-karak-zorn/equipment-access.yaml"", ""sources/knowledge/bands/trollheim/khemri-cursed-of-karak-zorn/profiles.yaml"", ""sources/knowledge/bands/trollheim/khemri-cursed-of-karak-zorn/special-rules.yaml"", ""sources/knowledge/catalog/rules/special-rules.yaml""]"
rule/trollheim/khemri-hobgoblin-raiders/band--hobgoblin-special-skills-unpredictable/mechanic.unpredictable-attack,editorial_effect,Unpredictable,bands/trollheim/khemri-hobgoblin-raiders/special-rules.yaml,Hobgoblin Special Skills / Unpredictable,,YES,,YES,"{""id"": ""mechanic.unpredictable-attack"", ""kind"": ""mechanic"", ""parameters"": {}}",linked,not_run,Semantic verification was not run.,,,,ready,,"Khemri p.79 / Hobgoblin Special Skills / Unpredictable is available exactly to Khann, Hobgoblin Shaman, Scouts and Sneaky. Once chosen, an attack avoids the parry; without choosing it, the same attack consumes the parry.",not_assessed,not_assessed,not_run,,,implemented_pending_verification,,,,,The Hero may declare one of its attacks Unpredictable; that attack cannot be parried by the opponent.,band--hobgoblin-special-skills-unpredictable,,mechanic/mechanic.unpredictable-attack,none,,Review existing evidence; repair verification metadata or missing evidence without reimplementing the effect.,inventory,kb,,rule/trollheim/khemri-hobgoblin-raiders/band--hobgoblin-special-skills-unpredictable/mechanic.unpredictable-attack,A,mechanic.unpredictable-attack,binding operator 'mechanic:mechanic.unpredictable-attack' pinned to its behaviour family by the operator table,a12deb7ab20ed554671086c4b4c8758883dfc2de62639853b92a0415bc758a47,3a8c69423ab927e2de673f98b091a979a7030a68226062f09e69a47a9a77c51c,"[""sources/knowledge/bands/trollheim/khemri-hobgoblin-raiders/band.yaml"", ""sources/knowledge/bands/trollheim/khemri-hobgoblin-raiders/equipment-access.yaml"", ""sources/knowledge/bands/trollheim/khemri-hobgoblin-raiders/profiles.yaml"", ""sources/knowledge/bands/trollheim/khemri-hobgoblin-raiders/special-rules.yaml"", ""sources/knowledge/catalog/rules/special-rules.yaml""]"
rule/trollheim/khemri-hobgoblin-raiders/band--traitors/unimplemented.khemri-hobgoblin-raiders.band.traitors,editorial_effect,Traitors,bands/trollheim/khemri-hobgoblin-raiders/special-rules.yaml,Hobgoblin Raiders Special Rules / Traitors,,LATER,Deferred subsystem: psychology or mounts.,NO,unbound,not_applicable,deferred,Deferred subsystem: psychology or mounts.,,,,deferred,,,not_applicable,not_applicable,not_applicable,,,deferred_scope_review,,,,,"Each turn, roll D6 for every Hobgoblin Henchman that is not engaged in close combat. Only a roll of 1 fails the betrayal test. If the test fails, roll another D6 and apply the following result: 1 = Traitor: the opponent immediately takes control of the model; in a multiplayer game it joins the opposing warband with the highest rating. The model must continue to take betrayal tests normally on subsequent turns. 2-5 = I Prefer Not to Die!: the model may not charge or shoot that turn, but may perform other actions. 6 = Blood for Morko!!!: the model no longer takes betrayal tests for the rest of the battle.",band--traitors,,,none,,Review scope and prerequisites before admitting or implementing the effect.,inventory,kb,,rule/trollheim/khemri-hobgoblin-raiders/band--traitors/unimplemented.khemri-hobgoblin-raiders.band.traitors,A,,"unbound source prose names a A-family operator; assigned for review; scope LATER preserved: review every clause individually, including possible mixed or reference-only clauses; keywords cannot defer a whole row; assignment for review is not admission",50d327c7b58d3141cca95984a0350ad91cb2f9e31ee2221b4774e55d46cc5246,f6b8c743f53bfbdd364a3911dd2a4c56b5216bbd13a73162513c7e7ad02ef993,"[""sources/knowledge/bands/trollheim/khemri-hobgoblin-raiders/band.yaml"", ""sources/knowledge/bands/trollheim/khemri-hobgoblin-raiders/equipment-access.yaml"", ""sources/knowledge/bands/trollheim/khemri-hobgoblin-raiders/profiles.yaml"", ""sources/knowledge/bands/trollheim/khemri-hobgoblin-raiders/special-rules.yaml"", ""sources/knowledge/catalog/rules/special-rules.yaml""]"
rule/trollheim/khemri-hobgoblin-raiders/sneaky--unpredictable/mechanic.unpredictable-attack,editorial_effect,Unpredictable,bands/trollheim/khemri-hobgoblin-raiders/special-rules.yaml,Heroes / 0-1 Sneaky / Unpredictable,,YES,,YES,"{""id"": ""mechanic.unpredictable-attack"", ""kind"": ""mechanic"", ""parameters"": {}}",linked,not_run,Semantic verification was not run.,,,,ready,,Khemri p.80 / Sneaky / Unpredictable grants the mechanism to the Sneaky profile automatically. The test runs a real attack of the profile and contrasts another band profile without the rule.,not_assessed,not_assessed,not_run,,,implemented_pending_verification,,,,,The Sneaky may declare one of its attacks Unpredictable; that attack cannot be parried by the opponent.,sneaky--unpredictable,,mechanic/mechanic.unpredictable-attack,none,,Review existing evidence; repair verification metadata or missing evidence without reimplementing the effect.,inventory,kb,,rule/trollheim/khemri-hobgoblin-raiders/sneaky--unpredictable/mechanic.unpredictable-attack,A,mechanic.unpredictable-attack,binding operator 'mechanic:mechanic.unpredictable-attack' pinned to its behaviour family by the operator table,4a9dd307baa0f04ec31988d0c158b7645ff52a31c0a5f0283f3b2b12475b4e17,930f6f89d8484ee50ef2baad61912d6a8a4a23d14bd2c6b2bb9754726862d4fd,"[""sources/knowledge/bands/trollheim/khemri-hobgoblin-raiders/band.yaml"", ""sources/knowledge/bands/trollheim/khemri-hobgoblin-raiders/equipment-access.yaml"", ""sources/knowledge/bands/trollheim/khemri-hobgoblin-raiders/profiles.yaml"", ""sources/knowledge/bands/trollheim/khemri-hobgoblin-raiders/special-rules.yaml"", ""sources/knowledge/catalog/rules/special-rules.yaml""]"
rule/trollheim/khemri-lahmian-brotherhood/band--lahmian-special-skills-lost-innocence/skill.always-strikes-first,editorial_effect,Lost Innocence,bands/trollheim/khemri-lahmian-brotherhood/special-rules.yaml,Lahmian Vampire Special Skills / Lost Innocence,,YES,,YES,"{""id"": ""skill.always-strikes-first"", ""kind"": ""mechanic"", ""parameters"": {}}",linked,not_run,Semantic verification was not run.,,,,ready,,Khemri p.90 / Lost Innocence gives the Vampire strike first; equal abilities compare Initiative then a D6 tie. Only this bloodline's Vampire can select the rule. No ordinary Initiative advantage defeats strike first.,not_assessed,not_assessed,not_run,,,implemented_pending_verification,,,,,"The Vampire always strikes first in close combat. If another model has a similar ability, resolve the order by Initiative; if Initiative is tied, roll D6 to decide.",band--lahmian-special-skills-lost-innocence,,mechanic/skill.always-strikes-first,none,,Review existing evidence; repair verification metadata or missing evidence without reimplementing the effect.,inventory,kb,,rule/trollheim/khemri-lahmian-brotherhood/band--lahmian-special-skills-lost-innocence/skill.always-strikes-first,A,skill.always-strikes-first,binding operator 'mechanic:skill.always-strikes-first' classified into the A family by operator vocabulary,f0ffc10b37f6c08e49d33d58bdb3f10b405dda55abd46701d59b3cf9f6c0e2e5,71b3f483e158ab0627732b3ce43f2887e005482c1bb337485a85bed48d02224b,"[""sources/knowledge/bands/trollheim/khemri-lahmian-brotherhood/band.yaml"", ""sources/knowledge/bands/trollheim/khemri-lahmian-brotherhood/equipment-access.yaml"", ""sources/knowledge/bands/trollheim/khemri-lahmian-brotherhood/profiles.yaml"", ""sources/knowledge/bands/trollheim/khemri-lahmian-brotherhood/special-rules.yaml"", ""sources/knowledge/catalog/rules/special-rules.yaml""]"
rule/trollheim/khemri-lahmian-brotherhood/spirits--spiritual-weapons/trait.spiritual-weapons,editorial_effect,Spiritual Weapons,bands/trollheim/khemri-lahmian-brotherhood/special-rules.yaml,Henchmen / 0-5 Spirits / Spiritual Weapons,,YES,,YES,"{""id"": ""trait.spiritual-weapons"", ""kind"": ""trait"", ""parameters"": {""value"": true}}",linked,not_run,Semantic verification was not run.,,,,ready,,All of the Spirit's weapons use a natural 5+ critical threshold. The rule does not turn an insufficient to-wound result into a wound.,not_assessed,not_assessed,not_run,,,implemented_pending_verification,,,,,All weapons carried by Spirits count as spiritual and score critical hits on a natural 5+.,spirits--spiritual-weapons,,,none,,Review existing evidence; repair verification metadata or missing evidence without reimplementing the effect.,inventory,kb,,rule/trollheim/khemri-lahmian-brotherhood/spirits--spiritual-weapons/trait.spiritual-weapons,A,trait.spiritual-weapons,binding operator 'trait:trait.spiritual-weapons' pinned to its behaviour family by the operator table,e6dc450a20cc46ee9b90f2b56d0147cc1d941fa343960437930c7bda1f0bde80,55f95ba37cd469a99ff60adc470a2bc2b1f44af39c04bc2e6f5ad97b3d0bbaa1,"[""sources/knowledge/bands/trollheim/khemri-lahmian-brotherhood/band.yaml"", ""sources/knowledge/bands/trollheim/khemri-lahmian-brotherhood/equipment-access.yaml"", ""sources/knowledge/bands/trollheim/khemri-lahmian-brotherhood/profiles.yaml"", ""sources/knowledge/bands/trollheim/khemri-lahmian-brotherhood/special-rules.yaml"", ""sources/knowledge/catalog/rules/special-rules.yaml""]"
rule/trollheim/khemri-necromancers/band--necromantic-modification-anvil-head/compiler.anvil-head,editorial_effect,Anvil Head,bands/trollheim/khemri-necromancers/special-rules.yaml,Necromantic Modification Table / Anvil Head,,YES,,YES,"{""id"": ""mechanic.anvil-head"", ""kind"": ""mechanic"", ""parameters"": {}}",linked,not_run,Semantic verification was not run.,,,,ready,,"When charging, Anvil Head offers replacing all attacks with one. If that attack hits, the total number of to-wound rolls is D3. Declining the option keeps the normal set and outside a charge it is not asked; the D3 expansion only ever applies to a charging Necromantic Abomination in the first round, never to later rounds or when the fighter was charged.",not_assessed,not_assessed,not_run,,,implemented_pending_verification,,,,,"11 on 2D6; costs 45 gc. If the Necromantic Abomination charged, it may replace all of its attacks with one attack. If that attack hits, it inflicts 1D3 Wounds; roll To Wound separately for each Wound.",band--necromantic-modification-anvil-head,,mechanic/mechanic.anvil-head,none,,Review existing evidence; repair verification metadata or missing evidence without reimplementing the effect.,inventory,kb,,rule/trollheim/khemri-necromancers/band--necromantic-modification-anvil-head/compiler.anvil-head,A,mechanic.anvil-head,binding operator 'mechanic:mechanic.anvil-head' pinned to its behaviour family by the operator table,1dfe07fcae531ca1185641bfa72e6562aaa954828eaaf00a924d175ac66540aa,bb6739a180c897875ddb59bfbf426e6ee8940d56f00c12dbbab0816294a8c86e,"[""sources/knowledge/bands/trollheim/khemri-necromancers/band.yaml"", ""sources/knowledge/bands/trollheim/khemri-necromancers/equipment-access.yaml"", ""sources/knowledge/bands/trollheim/khemri-necromancers/profiles.yaml"", ""sources/knowledge/bands/trollheim/khemri-necromancers/special-rules.yaml"", ""sources/knowledge/catalog/rules/special-rules.yaml""]"
rule/trollheim/khemri-necromancers/band--necromantic-modification-ogre-flesh/skill.monstrous,editorial_effect,Ogre Flesh,bands/trollheim/khemri-necromancers/special-rules.yaml,Necromantic Modification Table / Ogre Flesh,,YES,,YES,"{""id"": ""skill.monstrous"", ""kind"": ""mechanic"", ""parameters"": {}}",linked,not_run,Semantic verification was not run.,,,,ready,,"Ogre Flesh grants the Necromantic Abomination one additional Wound, taking its initial duel state from three to four. The acquisition roll and gold cost belong to campaign management, not this duel test.",not_assessed,not_assessed,not_run,,,implemented_pending_verification,,,,,2 on 2D6; costs 25 gc. The Necromantic Abomination gains +1 Wound.,band--necromantic-modification-ogre-flesh,,mechanic/skill.monstrous,none,,Review existing evidence; repair verification metadata or missing evidence without reimplementing the effect.,inventory,kb,,rule/trollheim/khemri-necromancers/band--necromantic-modification-ogre-flesh/skill.monstrous,A,skill.monstrous,binding operator 'mechanic:skill.monstrous' classified into the A family by operator vocabulary,1d62abb96f73cad8dd61a4b9461db7ffb6c5a673795076286e57f68f7aed6748,d09626e00c77bdfbc832f979cd264923024efc540c94ea13c0d7cfa95c008ddf,"[""sources/knowledge/bands/trollheim/khemri-necromancers/band.yaml"", ""sources/knowledge/bands/trollheim/khemri-necromancers/equipment-access.yaml"", ""sources/knowledge/bands/trollheim/khemri-necromancers/profiles.yaml"", ""sources/knowledge/bands/trollheim/khemri-necromancers/special-rules.yaml"", ""sources/knowledge/catalog/rules/special-rules.yaml""]"
rule/trollheim/khemri-tomb-guardians/tomb-scorpions--scorpion-sting/poison.black-lotus,editorial_effect,Scorpion's Sting,bands/trollheim/khemri-tomb-guardians/special-rules.yaml,Henchmen / 0-3 Tomb Scorpions / Scorpion's Sting,,YES,,YES,"{""id"": ""poison.black-lotus"", ""kind"": ""mechanic"", ""parameters"": {}}",linked,not_run,Semantic verification was not run.,,,,ready,,The Khemri version grants the natural attack exactly the same Black Lotus mechanism.,not_assessed,not_assessed,not_run,,,implemented_pending_verification,,,,,A Tomb Scorpion attacks with the poisonous sting in its tail. The source resolves this as though the attack used Black Lotus; the underlying poison-item mechanics are intentionally not duplicated in this file.,tomb-scorpions--scorpion-sting,,mechanic/poison.black-lotus,none,,Review existing evidence; repair verification metadata or missing evidence without reimplementing the effect.,inventory,kb,,rule/trollheim/khemri-tomb-guardians/tomb-scorpions--scorpion-sting/poison.black-lotus,A,poison.black-lotus,binding operator 'mechanic:poison.black-lotus' classified into the A family by operator prefix 'poison.',2a456ce00ea8c701342ef19fa42d40942f346dac74261cc30b159e739959b425,3b75f5c660612fc0484e93bde25b46484d5637b0b59df5aa553e2eb9dff3a1e9,"[""sources/knowledge/bands/trollheim/khemri-tomb-guardians/band.yaml"", ""sources/knowledge/bands/trollheim/khemri-tomb-guardians/equipment-access.yaml"", ""sources/knowledge/bands/trollheim/khemri-tomb-guardians/profiles.yaml"", ""sources/knowledge/bands/trollheim/khemri-tomb-guardians/special-rules.yaml"", ""sources/knowledge/catalog/rules/special-rules.yaml""]"
rule/trollheim/lustria-amazons/band--amazon-special-skills-lizard-hunter/mechanic.strike-first-vs-skinks-always,editorial_effect,Lizard Hunter,bands/trollheim/lustria-amazons/special-rules.yaml,Amazon Special Skills / Lizard Hunter,,YES,,YES,"{""id"": ""mechanic.strike-first-vs-skinks-always"", ""kind"": ""mechanic"", ""parameters"": {}}",linked,not_run,Semantic verification was not run.,,,,ready,,Lustria p.72 / Lizard Hunter: the hero acts before a skink even with a two-handed weapon and even when the skink charges. It does not extend to saurus or humans.,not_assessed,not_assessed,not_run,,,implemented_pending_verification,,,,,"The Hero always strikes first in close combat when fighting any type of Skink, regardless of the weapon used or which model charged.",band--amazon-special-skills-lizard-hunter,,mechanic/mechanic.strike-first-vs-skinks-always,none,,Review existing evidence; repair verification metadata or missing evidence without reimplementing the effect.,inventory,kb,,rule/trollheim/lustria-amazons/band--amazon-special-skills-lizard-hunter/mechanic.strike-first-vs-skinks-always,A,mechanic.strike-first-vs-skinks-always,binding operator 'mechanic:mechanic.strike-first-vs-skinks-always' pinned to its behaviour family by the operator table,af1e16daf304cbb06ff92a645213779a310ecb85253edbd9971b9599d0eae7ec,2c4a75fdb22e38c0c696978eb13f913f9c2bce5340e08fc9c032366c4bd992b5,"[""sources/knowledge/bands/trollheim/lustria-amazons/band.yaml"", ""sources/knowledge/bands/trollheim/lustria-amazons/equipment-access.yaml"", ""sources/knowledge/bands/trollheim/lustria-amazons/profiles.yaml"", ""sources/knowledge/bands/trollheim/lustria-amazons/special-rules.yaml"", ""sources/knowledge/catalog/rules/special-rules.yaml""]"
rule/trollheim/lustria-clan-pestilens/band--clan-pestilens-special-skills-black-hunger/mechanic.black-hunger,editorial_effect,Black Hunger,bands/trollheim/lustria-clan-pestilens/special-rules.yaml,Clan Pestilens Special Skills / Black Hunger,,YES,,YES,"{""id"": ""mechanic.black-hunger"", ""kind"": ""mechanic"", ""parameters"": {}}",linked,not_run,Semantic verification was not run.,,,,ready,,The four rules grant Black Hunger to their exact Hero lists; the editorial Movement differences stay outside the duel and share the same combat effect.,not_assessed,not_assessed,not_run,,,implemented_pending_verification,,,,,"At the beginning of his turn, the Hero may invoke Black Hunger. For that turn he gains +1 Attack and adds the result of 1D6 x 0.4"" + 1"" to his Movement. At the end of the turn he suffers 1D3 Strength 3 hits with no armour save.",band--clan-pestilens-special-skills-black-hunger,,mechanic/mechanic.black-hunger,none,,Review existing evidence; repair verification metadata or missing evidence without reimplementing the effect.,inventory,kb,,rule/trollheim/lustria-clan-pestilens/band--clan-pestilens-special-skills-black-hunger/mechanic.black-hunger,A,mechanic.black-hunger,binding operator 'mechanic:mechanic.black-hunger' pinned to its behaviour family by the operator table,5d82f03f80af24ceb6821da4104f00a75c979d0204810f9e5473236e1bddd64c,e2a76b58ddfcbcfdf35b43b4b319cc9b686778ce654693d978b6add2ce80ce4f,"[""sources/knowledge/bands/trollheim/lustria-clan-pestilens/band.yaml"", ""sources/knowledge/bands/trollheim/lustria-clan-pestilens/equipment-access.yaml"", ""sources/knowledge/bands/trollheim/lustria-clan-pestilens/profiles.yaml"", ""sources/knowledge/bands/trollheim/lustria-clan-pestilens/special-rules.yaml"", ""sources/knowledge/catalog/rules/special-rules.yaml""]"
rule/trollheim/lustria-high-elves/band--high-elf-special-skills-infallible-strike/skill.sure-strike,editorial_effect,Infallible Strike,bands/trollheim/lustria-high-elves/special-rules.yaml,High Elf Special Skills / Infallible Strike,,YES,,YES,"{""id"": ""skill.sure-strike"", ""kind"": ""mechanic"", ""parameters"": {}}",linked,not_run,Semantic verification was not run.,,,,ready,,"Infallible Strike is a selectable High Elf skill for Loremasters, Sword Guardians and Explorers. Selecting it compiles the canonical permission to reroll one failed To Wound roll.",not_assessed,not_assessed,not_run,,,implemented_pending_verification,,,,,The Hero may re-roll any failed To Wound roll.,band--high-elf-special-skills-infallible-strike,,mechanic/skill.sure-strike,none,,Review existing evidence; repair verification metadata or missing evidence without reimplementing the effect.,inventory,kb,,rule/trollheim/lustria-high-elves/band--high-elf-special-skills-infallible-strike/skill.sure-strike,A,skill.sure-strike,binding operator 'mechanic:skill.sure-strike' classified into the A family by operator vocabulary,c765a8e576ffd4a9c816dbe04ccb6a5d1fe2b4959b131ffc3be6af7de66a2b22,17d64d6a6c27ff4f4f077f0a2d40df06c0245f72ed062c85acc8449e73798c93,"[""sources/knowledge/bands/trollheim/lustria-high-elves/band.yaml"", ""sources/knowledge/bands/trollheim/lustria-high-elves/equipment-access.yaml"", ""sources/knowledge/bands/trollheim/lustria-high-elves/profiles.yaml"", ""sources/knowledge/bands/trollheim/lustria-high-elves/special-rules.yaml"", ""sources/knowledge/catalog/rules/special-rules.yaml""]"
rule/trollheim/lustria-lizardmen/band--sacred-mark-huge-jaws/trait.huge-jaws,editorial_effect,Huge Jaws,bands/trollheim/lustria-lizardmen/special-rules.yaml,Sacred Marks / Huge Jaws,,YES,,YES,"{""id"": ""trait.huge-jaws"", ""kind"": ""trait"", ""parameters"": {""value"": true}}",linked,not_run,Semantic verification was not run.,,,,ready,,"Huge Jaws is available only to Saurus Totem Warriors and adds one to the Strength of their bite attack, not to their weapons.",not_assessed,not_assessed,not_run,,,implemented_pending_verification,,,,,Costs 40 gc. Saurus Heroes only. The Hero's Bite Attack gains +1 Strength.,band--sacred-mark-huge-jaws,,,none,,Review existing evidence; repair verification metadata or missing evidence without reimplementing the effect.,inventory,kb,,rule/trollheim/lustria-lizardmen/band--sacred-mark-huge-jaws/trait.huge-jaws,A,trait.huge-jaws,binding operator 'trait:trait.huge-jaws' has no family token in its own name; its clause text names a A-family operator,5809017b3cfe43170632e4722d448e676d7913406447db648c5f117916109955,52908ce55db9381559bce776bbfff347a5efd2b9457d602ab8f713f628100a29,"[""sources/knowledge/bands/trollheim/lustria-lizardmen/band.yaml"", ""sources/knowledge/bands/trollheim/lustria-lizardmen/equipment-access.yaml"", ""sources/knowledge/bands/trollheim/lustria-lizardmen/profiles.yaml"", ""sources/knowledge/bands/trollheim/lustria-lizardmen/special-rules.yaml"", ""sources/knowledge/catalog/rules/special-rules.yaml""]"
rule/trollheim/lustria-norse/band--norse-special-skills-crushing-blow/skill.crushing-blow,editorial_effect,Crushing Blow,bands/trollheim/lustria-norse/special-rules.yaml,Norse Special Skills / Crushing Blow,,YES,,YES,"{""id"": ""skill.crushing-blow"", ""kind"": ""mechanic"", ""parameters"": {}}",linked,not_run,Semantic verification was not run.,,,,ready,,"The three Norse publications grant the same selectable skill to their four hero profiles. Henchmen and wolves cannot select it. The historical spelling difference between beserkers and berserkers is a profile ID, not a semantic difference.",not_assessed,not_assessed,not_run,,,implemented_pending_verification,,,,,Enemy models may not parry attacks made by the Hero.,band--norse-special-skills-crushing-blow,,mechanic/skill.crushing-blow,none,,Review existing evidence; repair verification metadata or missing evidence without reimplementing the effect.,inventory,kb,,rule/trollheim/lustria-norse/band--norse-special-skills-crushing-blow/skill.crushing-blow,A,skill.crushing-blow,binding operator 'mechanic:skill.crushing-blow' classified into the A family by operator vocabulary,0274ff65920a10c62545185a62f02b0ca6c1938a06b870670a2729faa5423cb1,26336f16149852c089fb842c9b4e78f4c67ba3c4603742c78275053ddc07641d,"[""sources/knowledge/bands/trollheim/lustria-norse/band.yaml"", ""sources/knowledge/bands/trollheim/lustria-norse/equipment-access.yaml"", ""sources/knowledge/bands/trollheim/lustria-norse/profiles.yaml"", ""sources/knowledge/bands/trollheim/lustria-norse/special-rules.yaml"", ""sources/knowledge/catalog/rules/special-rules.yaml""]"
rule/trollheim/lustria-norse/band--norse-special-skills-northern-weapons/skill.weapons-of-the-north,editorial_effect,Northern Weapons,bands/trollheim/lustria-norse/special-rules.yaml,Norse Special Skills / Northern Weapons,,YES,,YES,"{""id"": ""skill.weapons-of-the-north"", ""kind"": ""mechanic"", ""parameters"": {}}",linked,not_run,Semantic verification was not run.,,,,ready,,Northern Weapons is selectable by the four Norse hero profiles. Its wording says Axe or two-handed axe; the runtime binding maps those choices to the canonical axe and double-handed-weapon mechanisms.,not_assessed,not_assessed,not_run,,,implemented_pending_verification,,,,,"When the Hero attacks with an Axe or a two-handed axe, the Hero may re-roll each failed To Hit roll once.",band--norse-special-skills-northern-weapons,,mechanic/skill.weapons-of-the-north,none,,Review existing evidence; repair verification metadata or missing evidence without reimplementing the effect.,inventory,kb,,rule/trollheim/lustria-norse/band--norse-special-skills-northern-weapons/skill.weapons-of-the-north,A,skill.weapons-of-the-north,binding operator 'mechanic:skill.weapons-of-the-north' has no family token in its own name; its clause text names a A-family operator,721d48d6da8da3f8c03f9d4ab2182b639170529bb2c65f509c29a890a44f5dd4,cb309b9d36b1d5bddd96fb4cd56c7cdc02a2a53c81ad90286bda7a0e518a3e4a,"[""sources/knowledge/bands/trollheim/lustria-norse/band.yaml"", ""sources/knowledge/bands/trollheim/lustria-norse/equipment-access.yaml"", ""sources/knowledge/bands/trollheim/lustria-norse/profiles.yaml"", ""sources/knowledge/bands/trollheim/lustria-norse/special-rules.yaml"", ""sources/knowledge/catalog/rules/special-rules.yaml""]"
rule/trollheim/lustria-savage-goblins/band--animosity/unimplemented.lustria-savage-goblins.band.animosity,editorial_effect,Animosity,bands/trollheim/lustria-savage-goblins/special-rules.yaml,Savage Goblin Special Rules / Animosity,,LATER,Deferred subsystem: psychology or mounts.,NO,unbound,not_applicable,deferred,Deferred subsystem: psychology or mounts.,,,,deferred,,,not_applicable,not_applicable,not_applicable,,,deferred_scope_review,,,,,"At the start of the warband's turn, roll D6 for each eligible Goblin Henchman that is not engaged in close combat. On a 1, roll another D6: 1 = ""I Heard That!"": if possible the Goblin immediately charges the nearest Goblin Henchman or Hired Sword in charge range and fights one round; after that round separate the models by 1"". If no such charge is possible but the Goblin can shoot, it shoots the nearest eligible friendly target. If neither is possible, or the nearest Goblin is a Hero, treat the result as 2-5. 2-5 = ""What Did You Call Me?"": the Goblin does nothing else that turn except defend itself if attacked. 6 = ""I'll Show You!"": the Goblin immediately moves as quickly as possible toward the nearest visible enemy and charges if possible; if no enemy is visible, it immediately makes a normal move. This is additional to its normal Movement-phase move.",band--animosity,,,none,,Review scope and prerequisites before admitting or implementing the effect.,inventory,kb,,rule/trollheim/lustria-savage-goblins/band--animosity/unimplemented.lustria-savage-goblins.band.animosity,A,,"unbound source prose names a A-family operator; assigned for review; scope LATER preserved: review every clause individually, including possible mixed or reference-only clauses; keywords cannot defer a whole row; assignment for review is not admission",5ee1547f16dcdef7ce024cde041974cc721e5887881ef21fc08f8d95364ddef0,7ef65a7ebeed7c2435620f6e87c5ad18e01004424cedb7817155c64c7c3f8896,"[""sources/knowledge/bands/trollheim/lustria-savage-goblins/band.yaml"", ""sources/knowledge/bands/trollheim/lustria-savage-goblins/equipment-access.yaml"", ""sources/knowledge/bands/trollheim/lustria-savage-goblins/profiles.yaml"", ""sources/knowledge/bands/trollheim/lustria-savage-goblins/special-rules.yaml"", ""sources/knowledge/catalog/rules/special-rules.yaml""]"
rule/trollheim/lustria-savage-goblins/band--savage-goblin-special-skills-spider-infested/mechanic.spider-infested,editorial_effect,Spider Infested,bands/trollheim/lustria-savage-goblins/special-rules.yaml,Savage Goblin Special Skills / Spider Infested,,YES,,YES,"{""id"": ""mechanic.spider-infested"", ""kind"": ""mechanic"", ""parameters"": {}}",linked,not_run,Semantic verification was not run.,,,,ready,,"Each failed to-hit roll against the hero, and each attack it parries, accumulates -1 Initiative on the attacker while the duel continues. The penalty can reach Initiative 0. Unparried hits do not generate it.",not_assessed,not_assessed,not_run,,,implemented_pending_verification,,,,,"Whenever an enemy fails a To Hit roll against the Hero, or the Hero successfully parries an attack, that enemy suffers a cumulative -1 Initiative penalty until it is no longer engaged with the Hero or the Hero is taken Out of Action. The penalty can reduce Initiative to 0.",band--savage-goblin-special-skills-spider-infested,,mechanic/mechanic.spider-infested,none,,Review existing evidence; repair verification metadata or missing evidence without reimplementing the effect.,inventory,kb,,rule/trollheim/lustria-savage-goblins/band--savage-goblin-special-skills-spider-infested/mechanic.spider-infested,A,mechanic.spider-infested,binding operator 'mechanic:mechanic.spider-infested' pinned to its behaviour family by the operator table,36c83b244aaceb4077667f2304129358d574ec21306c20ac87d16be032e1e48a,f585ad3fa2c08b5dd91bbeaa8cd8edd4293501d3d278dbdf9ad69a1c6ec1e5aa,"[""sources/knowledge/bands/trollheim/lustria-savage-goblins/band.yaml"", ""sources/knowledge/bands/trollheim/lustria-savage-goblins/equipment-access.yaml"", ""sources/knowledge/bands/trollheim/lustria-savage-goblins/profiles.yaml"", ""sources/knowledge/bands/trollheim/lustria-savage-goblins/special-rules.yaml"", ""sources/knowledge/catalog/rules/special-rules.yaml""]"
rule/trollheim/lustria-savage-goblins/band--savage-goblin-special-skills-unpredictable/mechanic.unpredictable-attack,editorial_effect,Unpredictable,bands/trollheim/lustria-savage-goblins/special-rules.yaml,Savage Goblin Special Skills / Unpredictable,,YES,,YES,"{""id"": ""mechanic.unpredictable-attack"", ""kind"": ""mechanic"", ""parameters"": {}}",linked,not_run,Semantic verification was not run.,,,,ready,,"Lustria p.105 / Savage Goblin Special Skills / Unpredictable is available exactly to Witch Doctor, Big Boss, Red Teeth and Trackers. The phase consumes the parry without the skill and skips it when selected.",not_assessed,not_assessed,not_run,,,implemented_pending_verification,,,,,The Hero may declare one of its attacks Unpredictable; that attack cannot be parried.,band--savage-goblin-special-skills-unpredictable,,mechanic/mechanic.unpredictable-attack,none,,Review existing evidence; repair verification metadata or missing evidence without reimplementing the effect.,inventory,kb,,rule/trollheim/lustria-savage-goblins/band--savage-goblin-special-skills-unpredictable/mechanic.unpredictable-attack,A,mechanic.unpredictable-attack,binding operator 'mechanic:mechanic.unpredictable-attack' pinned to its behaviour family by the operator table,337cd31afd22abdc61b3601bcab7c3cc7cea52fef35d937a04e068c6e036067c,fed3fed5676c6d3052d71400165e453c608a74f78503eecc896edf7d7eafff4e,"[""sources/knowledge/bands/trollheim/lustria-savage-goblins/band.yaml"", ""sources/knowledge/bands/trollheim/lustria-savage-goblins/equipment-access.yaml"", ""sources/knowledge/bands/trollheim/lustria-savage-goblins/profiles.yaml"", ""sources/knowledge/bands/trollheim/lustria-savage-goblins/special-rules.yaml"", ""sources/knowledge/catalog/rules/special-rules.yaml""]"
rule/trollheim/lustria-savage-goblins/zomblintua--blunt-attacks/weapon.mace,editorial_effect,Blunt Attacks,bands/trollheim/lustria-savage-goblins/special-rules.yaml,Henchmen / 0-1 Zomblintua / Weapons and Armour,,YES,,YES,"{""id"": ""weapon.mace"", ""kind"": ""mechanic"", ""parameters"": {}}",linked,not_run,Semantic verification was not run.,,,,ready,,"Lustria p.104, Zomblintua / Blunt Attacks. All its attacks count as blunt; Concussion changes Injury 2 to Stunned. It keeps the profile's S4 and A2; it does not modify the wounds received.",not_assessed,not_assessed,not_run,,,implemented_pending_verification,,,,,All of Zomblintua's attacks count as if they were made with a blunt weapon.,zomblintua--blunt-attacks,,mechanic/weapon.mace,none,,Review existing evidence; repair verification metadata or missing evidence without reimplementing the effect.,inventory,kb,,rule/trollheim/lustria-savage-goblins/zomblintua--blunt-attacks/weapon.mace,A,weapon.mace,binding operator 'mechanic:weapon.mace' classified into the A family by operator prefix 'weapon.',300a83b006a2af986433089bcdda42405b3c0903174405d2d0d5a576521a0992,8a82cf6b1c7f684fde7a28f1074946b1c6dc0583fb4d7ce0e403e25b9a9d4ca3,"[""sources/knowledge/bands/trollheim/lustria-savage-goblins/band.yaml"", ""sources/knowledge/bands/trollheim/lustria-savage-goblins/equipment-access.yaml"", ""sources/knowledge/bands/trollheim/lustria-savage-goblins/profiles.yaml"", ""sources/knowledge/bands/trollheim/lustria-savage-goblins/special-rules.yaml"", ""sources/knowledge/catalog/rules/special-rules.yaml""]"
rule/trollheim/trollheim-cult-of-the-possessed/band--mutations-acid-blood/trait.acid-blood,editorial_effect,Acid Blood,bands/trollheim/trollheim-cult-of-the-possessed/special-rules.yaml,Mutations / Acid Blood,,YES,,YES,"{""id"": ""trait.acid-blood"", ""kind"": ""trait"", ""parameters"": {""value"": true}}",linked,not_run,Semantic verification was not run.,,,,ready,,"Mutations / acid-blood: the grant to Mutant and Possessed is tested, absence when not selected and local resolution with strict dice. Each wound lost causes an automatic S3 hit, without criticals, even if the bearer goes out of action.",not_assessed,not_assessed,not_run,,,implemented_pending_verification,,,,,"Whenever the model loses a Wound in close combat, every model in base contact suffers one Strength 3 hit. These hits never cause critical hits. Cost: 30 gc.",band--mutations-acid-blood,,,none,,Review existing evidence; repair verification metadata or missing evidence without reimplementing the effect.,inventory,kb,,rule/trollheim/trollheim-cult-of-the-possessed/band--mutations-acid-blood/trait.acid-blood,A,trait.acid-blood,binding operator 'trait:trait.acid-blood' has no family token in its own name; its clause text names a A-family operator,9e2919052e01b672188db58a30462d18f532d38809f1b5eef0295d95aa343b3a,27ad6db1709641bd80a8a71ef8dedd8a4eb2ef78b2c81963cb1450b2d78a01da,"[""sources/knowledge/bands/trollheim/trollheim-cult-of-the-possessed/band.yaml"", ""sources/knowledge/bands/trollheim/trollheim-cult-of-the-possessed/equipment-access.yaml"", ""sources/knowledge/bands/trollheim/trollheim-cult-of-the-possessed/profiles.yaml"", ""sources/knowledge/bands/trollheim/trollheim-cult-of-the-possessed/special-rules.yaml"", ""sources/knowledge/catalog/rules/special-rules.yaml""]"
rule/trollheim/trollheim-cult-of-the-possessed/band--mutations-scorpion-tail/trait.scorpion-tail,editorial_effect,Scorpion Tail,bands/trollheim/trollheim-cult-of-the-possessed/special-rules.yaml,Mutations / Scorpion Tail,,YES,,YES,"{""id"": ""trait.scorpion-tail"", ""kind"": ""trait"", ""parameters"": {""value"": true}}",linked,not_run,Semantic verification was not run.,,,,ready,,"Mutations / scorpion-tail: the grant to Mutant and Possessed is tested, absence when not selected and local resolution with strict dice. One extra S5 attack, reduced to S2 against poison-immune fighters, without using the main weapon's Strength.",not_assessed,not_assessed,not_run,,,implemented_pending_verification,,,,,"The model gains one additional Strength 5 attack in each close-combat phase. Against a model immune to poison, this attack is Strength 2 instead. Cost: 40 gc.",band--mutations-scorpion-tail,,,none,,Review existing evidence; repair verification metadata or missing evidence without reimplementing the effect.,inventory,kb,,rule/trollheim/trollheim-cult-of-the-possessed/band--mutations-scorpion-tail/trait.scorpion-tail,A,trait.scorpion-tail,binding operator 'trait:trait.scorpion-tail' classified into the A family by operator vocabulary,6152c52c77d3ace0816b33cd4f14daf212419a0a33e5ec578c611cf7896f838c,7c050fbbc6fb35e0c5585326850784be0a428877ad65e28d7a2aaf11a23481aa,"[""sources/knowledge/bands/trollheim/trollheim-cult-of-the-possessed/band.yaml"", ""sources/knowledge/bands/trollheim/trollheim-cult-of-the-possessed/equipment-access.yaml"", ""sources/knowledge/bands/trollheim/trollheim-cult-of-the-possessed/profiles.yaml"", ""sources/knowledge/bands/trollheim/trollheim-cult-of-the-possessed/special-rules.yaml"", ""sources/knowledge/catalog/rules/special-rules.yaml""]"
rule/trollheim/trollheim-cult-of-the-possessed/band--mutations-spines/trait.spines,editorial_effect,Spines,bands/trollheim/trollheim-cult-of-the-possessed/special-rules.yaml,Mutations / Spines,,YES,,YES,"{""id"": ""trait.spines"", ""kind"": ""trait"", ""parameters"": {""value"": true}}",linked,not_run,Semantic verification was not run.,,,,ready,,"Mutations / Spines: automatic S1 hit at the start of the phase, without criticals. The same handler used by the round start is invoked; it asks for no to-hit roll or parry.",not_assessed,not_assessed,not_run,,,implemented_pending_verification,,,,,"At the start of each close-combat phase, every model in base contact with the bearer suffers one automatic Strength 1 hit. These hits never cause critical hits. Cost: 35 gc.",band--mutations-spines,,,none,,Review existing evidence; repair verification metadata or missing evidence without reimplementing the effect.,inventory,kb,,rule/trollheim/trollheim-cult-of-the-possessed/band--mutations-spines/trait.spines,A,trait.spines,binding operator 'trait:trait.spines' classified into the A family by operator vocabulary,e2b71ca1f5a0d0e2aad797626f10e6cfca8f0d479e029f134a85a2a308527139,c0ebe34285b06355f9727c27d45d03895d7903e5bc5339fa4e839d22f13e479e,"[""sources/knowledge/bands/trollheim/trollheim-cult-of-the-possessed/band.yaml"", ""sources/knowledge/bands/trollheim/trollheim-cult-of-the-possessed/equipment-access.yaml"", ""sources/knowledge/bands/trollheim/trollheim-cult-of-the-possessed/profiles.yaml"", ""sources/knowledge/bands/trollheim/trollheim-cult-of-the-possessed/special-rules.yaml"", ""sources/knowledge/catalog/rules/special-rules.yaml""]"
rule/trollheim/trollheim-mercenaries/swordsmen--expert-swordsmen/skill.expert-swordsman,editorial_effect,Expert Swordsmen,bands/trollheim/trollheim-mercenaries/special-rules.yaml,Henchmen / 0-5 Swordsmen / Expert Swordsmen,,YES,,YES,"{""id"": ""skill.expert-swordsman"", ""kind"": ""mechanic"", ""parameters"": {}}",linked,not_run,Semantic verification was not run.,,,,ready,,"swordsmen receives Expert Swordsman automatically. With a normal sword it rerolls failed charge hits once, but not with a double-handed weapon or without charging. Against equal WS the 4+ hit probability becomes 3/4 with the reroll. A failed reroll is final.",not_assessed,not_assessed,not_run,,,implemented_pending_verification,,,,,"When charging, Swordsmen may re-roll failed To Hit rolls while armed with normal swords. This does not apply when using great swords or any other weapon.",swordsmen--expert-swordsmen,,mechanic/skill.expert-swordsman,none,,Review existing evidence; repair verification metadata or missing evidence without reimplementing the effect.,inventory,kb,,rule/trollheim/trollheim-mercenaries/swordsmen--expert-swordsmen/skill.expert-swordsman,A,skill.expert-swordsman,binding operator 'mechanic:skill.expert-swordsman' has no family token in its own name; its clause text names a A-family operator,c5a2b2759d178a342cf0d3c78aa69a5b25d3b5b7ffb0bcfa6da89e0a151da762,3d0fa0ddeffd76ba888472abd94da88d152ce1fb5d14cf4a93f6a481668f904f,"[""sources/knowledge/bands/trollheim/trollheim-mercenaries/band.yaml"", ""sources/knowledge/bands/trollheim/trollheim-mercenaries/equipment-access.yaml"", ""sources/knowledge/bands/trollheim/trollheim-mercenaries/profiles.yaml"", ""sources/knowledge/bands/trollheim/trollheim-mercenaries/special-rules.yaml"", ""sources/knowledge/catalog/rules/special-rules.yaml""]"
rule/trollheim/trollheim-skaven-clan-eshin/band--skaven-special-skills-art-of-silent-death/skill.art-of-silent-death,editorial_effect,Art of Silent Death,bands/trollheim/trollheim-skaven-clan-eshin/special-rules.yaml,Skaven Special Skills / Art of Silent Death,,YES,,YES,"{""id"": ""skill.art-of-silent-death"", ""kind"": ""mechanic"", ""parameters"": {}}",linked,not_run,Semantic verification was not run.,,,,ready,,"The three variants grant the same mechanism, but their exact lists of eligible Heroes are checked separately and that each selection projects the binding onto the fighter.",not_assessed,not_assessed,not_run,,,implemented_pending_verification,,,,,"In close combat the Skaven may fight with bare claws without penalty and counts as using two close-combat weapons, gaining +1 Attack. The Hero causes a critical hit on a 'to wound' roll of 5-6 instead of only 6. When combined with Eshin Fighting Claws, the skill grants +2 Attacks instead of +1.",band--skaven-special-skills-art-of-silent-death,,mechanic/skill.art-of-silent-death,none,,Review existing evidence; repair verification metadata or missing evidence without reimplementing the effect.,inventory,kb,,rule/trollheim/trollheim-skaven-clan-eshin/band--skaven-special-skills-art-of-silent-death/skill.art-of-silent-death,A,skill.art-of-silent-death,binding operator 'mechanic:skill.art-of-silent-death' classified into the A family by operator vocabulary,ac1d60159c9aafd309e212298ccaf1a54e073e25fb35aee425c59713e1db2b5d,c07759a54424ec02e121978d11b423cfd524919be8439432da28b49f5aa6f8d4,"[""sources/knowledge/bands/trollheim/trollheim-skaven-clan-eshin/band.yaml"", ""sources/knowledge/bands/trollheim/trollheim-skaven-clan-eshin/equipment-access.yaml"", ""sources/knowledge/bands/trollheim/trollheim-skaven-clan-eshin/profiles.yaml"", ""sources/knowledge/bands/trollheim/trollheim-skaven-clan-eshin/special-rules.yaml"", ""sources/knowledge/catalog/rules/special-rules.yaml""]"
rule/trollheim/trollheim-skaven-clan-eshin/band--skaven-special-skills-black-hunger/mechanic.black-hunger,editorial_effect,Black Hunger,bands/trollheim/trollheim-skaven-clan-eshin/special-rules.yaml,Skaven Special Skills / Black Hunger,,YES,,YES,"{""id"": ""mechanic.black-hunger"", ""kind"": ""mechanic"", ""parameters"": {}}",linked,not_run,Semantic verification was not run.,,,,ready,,The four rules grant Black Hunger to their exact Hero lists; the editorial Movement differences stay outside the duel and share the same combat effect.,not_assessed,not_assessed,not_run,,,implemented_pending_verification,,,,,"At the start of his turn, the Skaven Hero may invoke Black Hunger. For that turn he gains +1 Attack and adds the result of 1D6 x 0.4"" + 1"" to his Movement. At the end of the turn he suffers 1D3 Strength 3 hits with no armour save.",band--skaven-special-skills-black-hunger,,mechanic/mechanic.black-hunger,none,,Review existing evidence; repair verification metadata or missing evidence without reimplementing the effect.,inventory,kb,,rule/trollheim/trollheim-skaven-clan-eshin/band--skaven-special-skills-black-hunger/mechanic.black-hunger,A,mechanic.black-hunger,binding operator 'mechanic:mechanic.black-hunger' pinned to its behaviour family by the operator table,cf535ec9dbd1136d0490fa6eb58b9e76e267d48d7a96fe172e9049750cdf75c7,e5f73ab93946be246bd632125e4b33543e067db90949e596ce36c4b504f68a2c,"[""sources/knowledge/bands/trollheim/trollheim-skaven-clan-eshin/band.yaml"", ""sources/knowledge/bands/trollheim/trollheim-skaven-clan-eshin/equipment-access.yaml"", ""sources/knowledge/bands/trollheim/trollheim-skaven-clan-eshin/profiles.yaml"", ""sources/knowledge/bands/trollheim/trollheim-skaven-clan-eshin/special-rules.yaml"", ""sources/knowledge/catalog/rules/special-rules.yaml""]"
rule/trollheim/trollheim-undead/dire-wolves--charge/trait.charge-attack-bonus,editorial_effect,Charge,bands/trollheim/trollheim-undead/special-rules.yaml,Henchmen / 0-5 Dire Wolves / Charge,,YES,,YES,"{""id"": ""trait.charge-attack-bonus"", ""kind"": ""trait"", ""parameters"": {""value"": true}}",linked,not_run,Semantic verification was not run.,,,,ready,,"Dire Wolves / Charge grants two attacks instead of the printed one on the turn the wolf charges. Being charged does not qualify. The source conditions this on charging, not on a global round number. The profile uses natural attacks with no additional off-hand attack; no dice or optional decision is required.",not_assessed,not_assessed,not_run,,,implemented_pending_verification,,,,,A Dire Wolf has 2 Attacks instead of 1 during a turn in which it charges.,dire-wolves--charge,,,none,,Review existing evidence; repair verification metadata or missing evidence without reimplementing the effect.,inventory,kb,,rule/trollheim/trollheim-undead/dire-wolves--charge/trait.charge-attack-bonus,A,trait.charge-attack-bonus,binding operator 'trait:trait.charge-attack-bonus' classified into the A family by operator vocabulary,7907e6f2d324e90c79a1e7d1f595d49a08b77f4773811b843c86631b2b2be247,ac597c1741e5a3ab3170f6830638356cc32957506dfbcda1c245d8913e6bf7bd,"[""sources/knowledge/bands/trollheim/trollheim-undead/band.yaml"", ""sources/knowledge/bands/trollheim/trollheim-undead/equipment-access.yaml"", ""sources/knowledge/bands/trollheim/trollheim-undead/profiles.yaml"", ""sources/knowledge/bands/trollheim/trollheim-undead/special-rules.yaml"", ""sources/knowledge/catalog/rules/special-rules.yaml""]"
rule/catalog/general/skill.expert-swordsman/skill.expert-swordsman,editorial_effect,Expert Swordsman,catalog/skills/general.yaml,Heroes / 0 – 2 Companions / Special Rules / Expert Swordsman,https://mordheimer.net/docs/warbands/grade-1c-warbands/cursed-cavalcade,YES,,YES,"{""id"": ""skill.expert-swordsman"", ""kind"": ""mechanic"", ""parameters"": {}}",linked,not_run,Semantic verification was not run.,,,,ready,,,not_assessed,not_assessed,not_run,,,implemented_pending_verification,,,,,"Swordsmen are so skilled with their weapons that they may re-roll any failed hits when charging. Note that this only applies when they are armed with normal swords, and not with doublehanded swords or any other weapons.",skill.expert-swordsman,,mechanic/skill.expert-swordsman,none,,Review existing evidence; repair verification metadata or missing evidence without reimplementing the effect.,inventory,kb,,rule/catalog/general/skill.expert-swordsman/unclassified,A,skill.expert-swordsman,binding operator 'mechanic:skill.expert-swordsman' names a weapon/attack object -> A,a07f71c94e381b00f604097990b70caf8fc226524ab63722713e2ca786d36f01,6a0dab9d3ccc0995387aeb3c4a29827c5743a9e22feb998d75c28aad8ae08477,"[""sources/knowledge/catalog/skills/general.yaml""]"
rule/catalog/general/skill.mighty-blow/skill.mighty-blow,editorial_effect,Mighty Blow,catalog/skills/general.yaml,,,YES,,YES,"{""id"": ""skill.mighty-blow"", ""kind"": ""mechanic"", ""parameters"": {}}",linked,not_run,Semantic verification was not run.,,,,ready,,,not_assessed,not_assessed,not_run,,,implemented_pending_verification,,,,,"+1 Strength in close combat, excluding pistols.",skill.mighty-blow,,mechanic/skill.mighty-blow,none,,Review existing evidence; repair verification metadata or missing evidence without reimplementing the effect.,inventory,kb,,rule/catalog/general/skill.mighty-blow/unclassified,A,skill.mighty-blow,binding operator 'mechanic:skill.mighty-blow' classified into the A family by operator vocabulary,0871436d6401c8bd4fe4ee5c3b9ae2ff24ca5567350f7d2752e88ae4224a1682,40f3d6dc95f82327cd893ab0fd48ea43e24885036c01cf1f9121c8e2e297b002,"[""sources/knowledge/catalog/skills/general.yaml""]"
rule/catalog/general/skill.strike-to-injure/skill.strike-to-injure,editorial_effect,Strike to Injure,catalog/skills/general.yaml,,,YES,,YES,"{""id"": ""skill.strike-to-injure"", ""kind"": ""mechanic"", ""parameters"": {}}",linked,not_run,Semantic verification was not run.,,,,ready,,,not_assessed,not_assessed,not_run,,,implemented_pending_verification,,,,,+1 to Injury rolls caused in close combat.,skill.strike-to-injure,,mechanic/skill.strike-to-injure,none,,Review existing evidence; repair verification metadata or missing evidence without reimplementing the effect.,inventory,kb,,rule/catalog/general/skill.strike-to-injure/unclassified,A,skill.strike-to-injure,binding operator 'mechanic:skill.strike-to-injure' pinned to its behaviour family by the operator table,fb2f2b8183a1e3773c2320f012e0329c6adc2e78de4967a2732c4f8bc52f0245,0145525e8483554cead584cbdd112ee803b0a15032b79938dd31e9b9e469ac25,"[""sources/knowledge/catalog/skills/general.yaml""]"
rule/catalog/general/skill.strongman/skill.strongman,editorial_effect,Strongman,catalog/skills/general.yaml,Henchmen / 0 – 3 Blackguards / Special Rules / Strongman,https://mordheimer.net/docs/warbands/grade-1c-warbands/merchant-caravans,YES,,YES,"{""id"": ""skill.strongman"", ""kind"": ""mechanic"", ""parameters"": {}}",linked,not_run,Semantic verification was not run.,,,,ready,,,not_assessed,not_assessed,not_run,,,implemented_pending_verification,,,,,Blackguards are capable of great feats of strength. They may use a double-handed weapon without the usual penalty of always striking last. Work out the order of battle as you would with other weapons.,skill.strongman,,mechanic/skill.strongman,none,,Review existing evidence; repair verification metadata or missing evidence without reimplementing the effect.,inventory,kb,,rule/catalog/general/skill.strongman/unclassified,A,skill.strongman,binding operator 'mechanic:skill.strongman' classified into the A family by operator vocabulary,3cefd26a394ca2dc94c77b51bef6bb97873f049f3208a6601097309aa2a1b347,4f04abca31356fbcbd9a040d04d8182a4fe2762568e37d51d5339c2d4b6bcdaa,"[""sources/knowledge/catalog/skills/general.yaml""]"
rule/catalog/general/skill.unstoppable-charge/skill.unstoppable-charge,editorial_effect,Unstoppable Charge,catalog/skills/general.yaml,,,YES,,YES,"{""id"": ""skill.unstoppable-charge"", ""kind"": ""mechanic"", ""parameters"": {}}",linked,not_run,Semantic verification was not run.,,,,ready,,,not_assessed,not_assessed,not_run,,,implemented_pending_verification,,,,,+1 WS when charging.,skill.unstoppable-charge,,mechanic/skill.unstoppable-charge,none,,Review existing evidence; repair verification metadata or missing evidence without reimplementing the effect.,inventory,kb,,rule/catalog/general/skill.unstoppable-charge/unclassified,A,skill.unstoppable-charge,binding operator 'mechanic:skill.unstoppable-charge' classified into the A family by operator vocabulary,440601f4bd62578d30047ce05cb7c14f9c486254fddeed1fa3649d566310f2cd,51769068a9efd8f4ca49ff72b389a4dc02792b1641fd968f658a9c5964b288ec,"[""sources/knowledge/catalog/skills/general.yaml""]"
rule/catalog/general/skill.web-of-steel/skill.web-of-steel,editorial_effect,Web of Steel,catalog/skills/general.yaml,,,YES,,YES,"{""id"": ""skill.web-of-steel"", ""kind"": ""mechanic"", ""parameters"": {}}",linked,not_run,Semantic verification was not run.,,,,ready,,,not_assessed,not_assessed,not_run,,,implemented_pending_verification,,,,,+1 on close-combat Critical Hit tables.,skill.web-of-steel,,mechanic/skill.web-of-steel,none,,Review existing evidence; repair verification metadata or missing evidence without reimplementing the effect.,inventory,kb,,rule/catalog/general/skill.web-of-steel/unclassified,A,skill.web-of-steel,binding operator 'mechanic:skill.web-of-steel' has no family token in its own name; its clause text names a A-family operator,d9d8df4f1087e0553bb3054502d364ce7b8c00a9b998fae949d38d7ce92423dd,83b7806e07d5c87d66bbec8e8d2dd6c4f3144c2b9c5e066333652e2cdfa2b033,"[""sources/knowledge/catalog/skills/general.yaml""]"
rule/catalog/warband/skill.always-strikes-first/skill.always-strikes-first,editorial_effect,Always Strikes First,catalog/skills/warband.yaml,,,YES,,YES,"{""id"": ""skill.always-strikes-first"", ""kind"": ""mechanic"", ""parameters"": {}}",linked,not_run,Semantic verification was not run.,,,,ready,,,not_assessed,not_assessed,not_run,,,implemented_pending_verification,,,,,Strikes first in close combat.,skill.always-strikes-first,,mechanic/skill.always-strikes-first,none,,Review existing evidence; repair verification metadata or missing evidence without reimplementing the effect.,inventory,kb,,rule/catalog/warband/skill.always-strikes-first/unclassified,A,skill.always-strikes-first,binding operator 'mechanic:skill.always-strikes-first' classified into the A family by operator vocabulary,b65b0f9ea80995f2c53098e716da2cee5add63fc15a3d928db18da001f4f0d2c,08c473c4a6d6e46dfb9379d80dd44f9f988cb566c2944944109076f6b7783415,"[""sources/knowledge/catalog/skills/warband.yaml""]"
rule/catalog/warband/skill.axe-expert/skill.axe-expert,editorial_effect,Axe Expert,catalog/skills/warband.yaml,,,YES,,YES,"{""id"": ""skill.axe-expert"", ""kind"": ""mechanic"", ""parameters"": {}}",linked,not_run,Semantic verification was not run.,,,,ready,,,not_assessed,not_assessed,not_run,,,implemented_pending_verification,,,,,Re-rolls missed axe attacks when charging.,skill.axe-expert,,mechanic/skill.axe-expert,none,,Review existing evidence; repair verification metadata or missing evidence without reimplementing the effect.,inventory,kb,,rule/catalog/warband/skill.axe-expert/unclassified,A,skill.axe-expert,binding operator 'mechanic:skill.axe-expert' has no family token in its own name; its clause text names a A-family operator,4b8d3f08ebcab32b4cb610dad2e44a6c4ed2148361f7cbb75a85342edde1752c,6b82ad3c1e1650daf21421b577c8c208a6857509208f407ca8449dd8f8c1113d,"[""sources/knowledge/catalog/skills/warband.yaml""]"
rule/catalog/warband/skill.berserker/skill.berserker,editorial_effect,Berserker,catalog/skills/warband.yaml,Slayer Special Skills / Berserker,https://mordheimer.net/docs/warbands/grade-1b-warbands/dwarf-rangers,YES,,YES,"{""id"": ""skill.berserker"", ""kind"": ""mechanic"", ""parameters"": {}}",linked,not_run,Semantic verification was not run.,,,,ready,,,not_assessed,not_assessed,not_run,,,implemented_pending_verification,,,,,The Slayer may add +1 to his close combat to hit rolls during the turn which he charges (may not be used with Ferocious Charge).,skill.berserker,,mechanic/skill.berserker,none,,Review existing evidence; repair verification metadata or missing evidence without reimplementing the effect.,inventory,kb,,rule/catalog/warband/skill.berserker/unclassified,A,skill.berserker,binding operator 'mechanic:skill.berserker' classified into the A family by operator vocabulary,8ce97907974540207f1b0247d8fdb7c96c4a042b014f87e36aa8a7a96eb70e1f,f515f692f42fa1d9c521acd29582e500981ee9f29807d8bece6a8db2e017bf43,"[""sources/knowledge/catalog/skills/warband.yaml""]"
rule/catalog/warband/skill.crushing-blow/skill.crushing-blow,editorial_effect,Crushing Blow,catalog/skills/warband.yaml,Norse special skills / crushing blow,https://mordheimer.net/docs/warbands/grade-1b-warbands/norse,YES,,YES,"{""id"": ""skill.crushing-blow"", ""kind"": ""mechanic"", ""parameters"": {}}",linked,not_run,Semantic verification was not run.,,,,ready,,,not_assessed,not_assessed,not_run,,,implemented_pending_verification,,,,,Attacks cannot be parried.,skill.crushing-blow,,mechanic/skill.crushing-blow,none,,Review existing evidence; repair verification metadata or missing evidence without reimplementing the effect.,inventory,kb,,rule/catalog/warband/skill.crushing-blow/unclassified,A,skill.crushing-blow,binding operator 'mechanic:skill.crushing-blow' classified into the A family by operator vocabulary,7f603e5b5de4a8b79220c59c4b2d660d7cfa8f517ddd6d7ea25a2e33cc09c044,c110fb1c418954035e21937b4a6302693094b3b50671fe33b9498742616560ec,"[""sources/knowledge/catalog/skills/warband.yaml""]"
rule/catalog/warband/skill.expert-fighter/skill.expert-fighter,editorial_effect,Expert Fighter,catalog/skills/warband.yaml,,,YES,,YES,"{""id"": ""skill.expert-fighter"", ""kind"": ""mechanic"", ""parameters"": {}}",linked,not_run,Semantic verification was not run.,,,,ready,,,not_assessed,not_assessed,not_run,,,implemented_pending_verification,,,,,+1 to wound rolls.,skill.expert-fighter,,mechanic/skill.expert-fighter,none,,Review existing evidence; repair verification metadata or missing evidence without reimplementing the effect.,inventory,kb,,rule/catalog/warband/skill.expert-fighter/unclassified,A,skill.expert-fighter,binding operator 'mechanic:skill.expert-fighter' has no family token in its own name; its clause text names a A-family operator,85c3ae67478a464979a62d5f50d7c9aa6b6dc8df985afe93bc41e3642f09e4c5,34901b01cae0cc2f86b0ef636d3bb0174261ab164f8b8acffad2f697c8e56cd1,"[""sources/knowledge/catalog/skills/warband.yaml""]"
rule/catalog/warband/skill.ferocious-charge/skill.ferocious-charge,editorial_effect,Ferocious Charge,catalog/skills/warband.yaml,Slayer Special Skills / Ferocious Charge,https://mordheimer.net/docs/warbands/grade-1b-warbands/dwarf-rangers,YES,,YES,"{""id"": ""skill.ferocious-charge"", ""kind"": ""mechanic"", ""parameters"": {}}",linked,not_run,Semantic verification was not run.,,,,ready,,,not_assessed,not_assessed,not_run,,,implemented_pending_verification,,,,,The Slayer may double his attacks on the turn in which he charges. He will suffer a –1 to hit penalty on that turn.,skill.ferocious-charge,,mechanic/skill.ferocious-charge,none,,Review existing evidence; repair verification metadata or missing evidence without reimplementing the effect.,inventory,kb,,rule/catalog/warband/skill.ferocious-charge/unclassified,A,skill.ferocious-charge,binding operator 'mechanic:skill.ferocious-charge' classified into the A family by operator vocabulary,16352956c92133d29e16e5339b9440e169be348bcc668876f1b50af54be17e3f,54dc664b5a6226ffd5e9bd19f7dcafba41e10a404b8858ae7a8bfade0977e645,"[""sources/knowledge/catalog/skills/warband.yaml""]"
rule/catalog/warband/skill.head-crusher/skill.head-crusher,editorial_effect,Head Crusher,catalog/skills/warband.yaml,,,YES,,YES,"{""id"": ""skill.head-crusher"", ""kind"": ""mechanic"", ""parameters"": {}}",linked,not_run,Semantic verification was not run.,,,,ready,,,not_assessed,not_assessed,not_run,,,implemented_pending_verification,,,,,Knocked Down results caused by the warrior become Stunned.,skill.head-crusher,,mechanic/skill.head-crusher,none,,Review existing evidence; repair verification metadata or missing evidence without reimplementing the effect.,inventory,kb,,rule/catalog/warband/skill.head-crusher/unclassified,A,skill.head-crusher,binding operator 'mechanic:skill.head-crusher' classified into the A family by operator vocabulary,e67d9a78e27677e27c7aa434ed4605898c3de614e3ae3e224bc0d48f8d37d6b2,d0662424b69439ba49852154db0e8d08eca7271291dd5b15d2e463756f81610e,"[""sources/knowledge/catalog/skills/warband.yaml""]"
rule/catalog/warband/skill.infallible/skill.infallible,editorial_effect,Infallible,catalog/skills/warband.yaml,,,YES,,YES,"{""id"": ""skill.infallible"", ""kind"": ""mechanic"", ""parameters"": {}}",linked,not_run,Semantic verification was not run.,,,,ready,,,not_assessed,not_assessed,not_run,,,implemented_pending_verification,,,,,The Vampire may re-roll failed To Hit rolls during the turn in which it charges.,skill.infallible,,mechanic/skill.infallible,none,,Review existing evidence; repair verification metadata or missing evidence without reimplementing the effect.,inventory,kb,,rule/catalog/warband/skill.infallible/unclassified,A,skill.infallible,binding operator 'mechanic:skill.infallible' has no family token in its own name; its clause text names a A-family operator,1604a523ac891bf3536bdb7cda6387d6824d9d7de26f46dfff1ccafa436b6a23,8203b18147607ca6bea42e8351762ae237bbdd3530a2d6d0f1799fa03c26e8eb,"[""sources/knowledge/catalog/skills/warband.yaml""]"
rule/catalog/warband/skill.mighty-biceps/skill.mighty-biceps,editorial_effect,Mighty Biceps,catalog/skills/warband.yaml,,,YES,,YES,"{""id"": ""skill.mighty-biceps"", ""kind"": ""mechanic"", ""parameters"": {}}",linked,not_run,Semantic verification was not run.,,,,ready,,,not_assessed,not_assessed,not_run,,,implemented_pending_verification,,,,,Retains the Strength bonus of heavy weapons.,skill.mighty-biceps,,mechanic/skill.mighty-biceps,none,,Review existing evidence; repair verification metadata or missing evidence without reimplementing the effect.,inventory,kb,,rule/catalog/warband/skill.mighty-biceps/unclassified,A,skill.mighty-biceps,binding operator 'mechanic:skill.mighty-biceps' classified into the A family by operator vocabulary,a93719b1558354d7ec46598a27a584b3ef2eaf961c9f986ffd0345f94424bdd9,a3df424706e86771d2a840613e52cf44332d67f2ff32f951bfb85374573f8f84,"[""sources/knowledge/catalog/skills/warband.yaml""]"
rule/catalog/warband/skill.monstrous/skill.monstrous,editorial_effect,Monstrous,catalog/skills/warband.yaml,,,YES,,YES,"{""id"": ""skill.monstrous"", ""kind"": ""mechanic"", ""parameters"": {}}",linked,not_run,Semantic verification was not run.,,,,ready,,,not_assessed,not_assessed,not_run,,,implemented_pending_verification,,,,,+1 Wound.,skill.monstrous,,mechanic/skill.monstrous,none,,Review existing evidence; repair verification metadata or missing evidence without reimplementing the effect.,inventory,kb,,rule/catalog/warband/skill.monstrous/unclassified,A,skill.monstrous,binding operator 'mechanic:skill.monstrous' classified into the A family by operator vocabulary,e558bf5bac37c2f35f4f90000494a4745ba72e7ce9bca1254686a1a094e72148,07c4e611b68817bc7f82c3a15bdfae1cc5c9f3d517f94b016e6e874530946482,"[""sources/knowledge/catalog/skills/warband.yaml""]"
rule/catalog/warband/skill.red-fury/skill.red-fury,editorial_effect,Red Fury,catalog/skills/warband.yaml,,,YES,,YES,"{""id"": ""skill.red-fury"", ""kind"": ""mechanic"", ""parameters"": {}}",linked,not_run,Semantic verification was not run.,,,,ready,,,not_assessed,not_assessed,not_run,,,implemented_pending_verification,,,,,The Vampire gains +1 Attack. This does not count toward its normal characteristic maximum.,skill.red-fury,,mechanic/skill.red-fury,none,,Review existing evidence; repair verification metadata or missing evidence without reimplementing the effect.,inventory,kb,,rule/catalog/warband/skill.red-fury/unclassified,A,skill.red-fury,binding operator 'mechanic:skill.red-fury' classified into the A family by operator vocabulary,9354b3f2bd3ffea14dda7439aa5f2f803817ced251f83e31bc4d8d9dd11124f4,ad4de13d3f89e0ac116f1f8e09307ed1eb776d39ad938c8547fbfd21b86ea455,"[""sources/knowledge/catalog/skills/warband.yaml""]"
rule/catalog/warband/skill.righteous-fury/skill.righteous-fury,editorial_effect,Righteous Fury,catalog/skills/warband.yaml,Special Skills / Righteous Fury,https://mordheimer.net/docs/warbands/grade-1a-warbands/sisters-of-sigmar,YES,,YES,"{""id"": ""skill.righteous-fury"", ""kind"": ""mechanic"", ""parameters"": {}}",linked,not_run,Semantic verification was not run.,,,,ready,,,not_assessed,not_assessed,not_run,,,implemented_pending_verification,,,,,"The bearer hates all Skaven, Undead, Possessed, Beastmen, Dark Elves and other warbands classed as evil. Non-Chaos human warbands whose members are merely killers or looters are not included.",skill.righteous-fury,,mechanic/skill.righteous-fury,none,,Review existing evidence; repair verification metadata or missing evidence without reimplementing the effect.,inventory,kb,,rule/catalog/warband/skill.righteous-fury/skill.righteous-fury,A,skill.righteous-fury,binding operator 'mechanic:skill.righteous-fury' classified into the A family by operator vocabulary,9a718baed42abf61e9d27a0305469a21896db72a6a45591553049cb2e493ffde,a88be7619c852275d3cc772d50fed8916f7711d373973a34176a363469e08fc5,"[""sources/knowledge/catalog/skills/warband.yaml""]"
rule/catalog/warband/skill.shield-strike/skill.shield-strike,editorial_effect,Shield Strike,catalog/skills/warband.yaml,,,YES,,YES,"{""id"": ""skill.shield-strike"", ""kind"": ""mechanic"", ""parameters"": {}}",linked,not_run,Semantic verification was not run.,,,,ready,,,not_assessed,not_assessed,not_run,,,implemented_pending_verification,,,,,Gains an additional attack at the user's Strength; armour is modified normally according to that Strength.,skill.shield-strike,,mechanic/skill.shield-strike,none,,Review existing evidence; repair verification metadata or missing evidence without reimplementing the effect.,inventory,kb,,rule/catalog/warband/skill.shield-strike/unclassified,A,skill.shield-strike,binding operator 'mechanic:skill.shield-strike' pinned to its behaviour family by the operator table,99f2bb085de7cdb77573a02f85ab0f0c9a148213ca877f68b1170cb0354b6849,552ccf25776a4088e2fdf20e2b188da281d1524fb2776532aa7d19195c1f1934,"[""sources/knowledge/catalog/skills/warband.yaml""]"
rule/catalog/warband/skill.strength-of-steel/skill.strength-of-steel,editorial_effect,Strength of Steel,catalog/skills/warband.yaml,,,YES,,YES,"{""id"": ""skill.strength-of-steel"", ""kind"": ""mechanic"", ""parameters"": {}}",linked,not_run,Semantic verification was not run.,,,,ready,,,not_assessed,not_assessed,not_run,,,implemented_pending_verification,,,,,The Vampire gains +1 Strength during the turn in which it charges. This does not count toward its normal characteristic maximum.,skill.strength-of-steel,,mechanic/skill.strength-of-steel,none,,Review existing evidence; repair verification metadata or missing evidence without reimplementing the effect.,inventory,kb,,rule/catalog/warband/skill.strength-of-steel/unclassified,A,skill.strength-of-steel,binding operator 'mechanic:skill.strength-of-steel' classified into the A family by operator vocabulary,8950c2f5f858cc7034569870845b9c3f23296c3e55d02491a00d13b919af0d57,6bf3a9e5960486bfc463645989e7cd15e242124a5bfc132c9722b9dd8515413f,"[""sources/knowledge/catalog/skills/warband.yaml""]"
rule/catalog/warband/skill.sure-strike/skill.sure-strike,editorial_effect,Sure Strike,catalog/skills/warband.yaml,,,YES,,YES,"{""id"": ""skill.sure-strike"", ""kind"": ""mechanic"", ""parameters"": {}}",linked,not_run,Semantic verification was not run.,,,,ready,,,not_assessed,not_assessed,not_run,,,implemented_pending_verification,,,,,Re-rolls failed wound rolls.,skill.sure-strike,,mechanic/skill.sure-strike,none,,Review existing evidence; repair verification metadata or missing evidence without reimplementing the effect.,inventory,kb,,rule/catalog/warband/skill.sure-strike/unclassified,A,skill.sure-strike,binding operator 'mechanic:skill.sure-strike' classified into the A family by operator vocabulary,653f9f4a8e96307ab74affbe3042b350c878f76778eb0e3537184348f0a76dc9,324d9e1c883f0b90ad1f0c3e1f691321b079f118334d0752b081216d63e544c4,"[""sources/knowledge/catalog/skills/warband.yaml""]"
rule/catalog/warband/skill.sweep/skill.sweep,editorial_effect,Sweep,catalog/skills/warband.yaml,,,YES,,YES,"{""id"": ""skill.sweep"", ""kind"": ""mechanic"", ""parameters"": {}}",linked,not_run,Semantic verification was not run.,,,,ready,,,not_assessed,not_assessed,not_run,,,implemented_pending_verification,,,,,"With a double-handed weapon, replaces all attacks with one automatic hit if the opponent fails an Initiative test.",skill.sweep,,mechanic/skill.sweep,none,,Review existing evidence; repair verification metadata or missing evidence without reimplementing the effect.,inventory,kb,,rule/catalog/warband/skill.sweep/unclassified,A,skill.sweep,binding operator 'mechanic:skill.sweep' classified into the A family by operator vocabulary,6fb1c53a956dd1e93b07c2034ce022e4c76b7e794cfdeaa29809c11e3121a3ff,e613a3c3285f2d0f3af56aaac75eb50b5718b9cbe118fbc853ad34060447275f,"[""sources/knowledge/catalog/skills/warband.yaml""]"
rule/catalog/warband/skill.unarmed-fighting/skill.unarmed-fighting,editorial_effect,Unarmed Fighting,catalog/skills/warband.yaml,,,YES,,YES,"{""id"": ""skill.unarmed-fighting"", ""kind"": ""mechanic"", ""parameters"": {}}",linked,not_run,Semantic verification was not run.,,,,ready,,,not_assessed,not_assessed,not_run,,,implemented_pending_verification,,,,,Fights unarmed without penalties and gains +1 Attack while unarmed.,skill.unarmed-fighting,,mechanic/skill.unarmed-fighting,none,,Review existing evidence; repair verification metadata or missing evidence without reimplementing the effect.,inventory,kb,,rule/catalog/warband/skill.unarmed-fighting/unclassified,A,skill.unarmed-fighting,binding operator 'mechanic:skill.unarmed-fighting' classified into the A family by operator vocabulary,0a42d5c95fab89c03ef13ea268abde4525890e4536e02cd2f7b5d300390f4e47,2f6b8494d2786e7e4cb0853a5b54927abcad9a33eb1732c574340844beaf5732,"[""sources/knowledge/catalog/skills/warband.yaml""]"
rule/catalog/warband/skill.virtue-of-valour/skill.virtue-of-valour,editorial_effect,Virtue of Valour,catalog/skills/warband.yaml,Bretonnian Knight Virtues,https://mordheimer.net/docs/warbands/grade-1b-warbands/bretonnian,YES,,YES,"{""id"": ""skill.virtue-of-valour"", ""kind"": ""mechanic"", ""parameters"": {}}",linked,not_run,Semantic verification was not run.,,,,ready,,,not_assessed,not_assessed,not_run,,,implemented_pending_verification,,,,,"When fighting a model with a higher Strength characteristic, the warrior may re-roll failed hand-to-hand hit rolls.",skill.virtue-of-valour,,mechanic/skill.virtue-of-valour,none,,Review existing evidence; repair verification metadata or missing evidence without reimplementing the effect.,inventory,kb,,rule/catalog/warband/skill.virtue-of-valour/unclassified,A,skill.virtue-of-valour,binding operator 'mechanic:skill.virtue-of-valour' has no family token in its own name; its clause text names a A-family operator,88784d613c5ee6347dc9851e74962b0b795d64e27276899542d55fa82b03b58e,75286e35eee278aad9d3603d3233a2d402c22843041a3253b51a6b648138a220,"[""sources/knowledge/catalog/skills/warband.yaml""]"
rule/catalog/warband/skill.weapons-of-the-north/skill.weapons-of-the-north,editorial_effect,Weapons of the North,catalog/skills/warband.yaml,,,YES,,YES,"{""id"": ""skill.weapons-of-the-north"", ""kind"": ""mechanic"", ""parameters"": {}}",linked,not_run,Semantic verification was not run.,,,,ready,,,not_assessed,not_assessed,not_run,,,implemented_pending_verification,,,,,Re-rolls failed hit rolls with an axe or double-handed weapon.,skill.weapons-of-the-north,,mechanic/skill.weapons-of-the-north,none,,Review existing evidence; repair verification metadata or missing evidence without reimplementing the effect.,inventory,kb,,rule/catalog/warband/skill.weapons-of-the-north/unclassified,A,skill.weapons-of-the-north,binding operator 'mechanic:skill.weapons-of-the-north' has no family token in its own name; its clause text names a A-family operator,a4a78ebe96a996944bf4c004bbe32e0f540fe16f35ed5549bb76129eba29cf32,5860ea13cbeffd73d74499a99aa80202a72accbe47d4560f95b8d7b982921d91,"[""sources/knowledge/catalog/skills/warband.yaml""]"
item/arcane_candelabrum,item_effect,Arcane Candelabrum,catalog/items/combat-equipment.yaml,Specialists / Sister of Sigmar / Candle Tree,https://broheim.net/downloads/hiredswords/mutinyinmarienburg/Specialists.pdf,YES,,YES,"{""id"": ""weapon.arcane-candelabrum"", ""kind"": ""mechanic"", ""parameters"": {}}",missing,not_run,There is no semantic obligation for this included effect.,,,,ready,Brazier execution metadata grants fire/5+ ignition but the currently traced written Brazier text prints only +1 Strength/two-handed. Recover authoritative fire clause before granting ignition; preserve explicit one-handed override.,,not_assessed,not_assessed,not_run,,,implemented_pending_verification,sources/2B/catalog/items/hireling-gear.yaml#arcane_candelabrum#arcane_candelabrum,mixed,"[""T13.2"",""T13.3"",""T13.4"",""T13.5"",""T13.6""]",T13-Q125,"An Arcane Candelabrum from a holy temple. Counts as a holy relic, brazier iron and lantern that is used one-handed.",arcane_candelabrum,stateful-control-and-reaction,,needs_review,,Review existing evidence; repair verification metadata or missing evidence without reimplementing the effect.,inventory,kb,,item/arcane_candelabrum,A,weapon.arcane-candelabrum,binding operator 'mechanic:weapon.arcane-candelabrum' classified into the A family by operator prefix 'weapon.',49c96330e4946cb32e9c29795121922c98f3924f69953b5d5a3d089602d8caee,a332879473bbad0bb529787609da97961f832ae87b0b4dae230c29897b08d8f1,"[""sources/knowledge/catalog/items/combat-equipment.yaml""]"
item/chainsaw_sword,item_effect,Chainsaw Sword,catalog/items/combat-equipment.yaml,Special Equipment / Chainsaw Sword,https://mordheimer.net/docs/warbands/grade-2a-warbands/masters-of-horror,YES,,YES,"{""id"": ""weapon.chainsaw-sword"", ""kind"": ""mechanic"", ""parameters"": {}}",missing,not_run,There is no semantic obligation for this included effect.,,,,ready,,,not_assessed,not_assessed,not_run,,,implemented_pending_verification,sources/2A/catalog/items/masters-of-horror-equipment.yaml#chainsaw_sword#chainsaw_sword,included,"[""T13.2"",""T13.3"",""T13.5"",""T13.6""]",,"A mechanical nightmare borne of insanity, this ear-splitting device tears through armour with ease. Range: Close Combat. Strength: As user. Special Rules: Fear, Shredder. Fear: Incredibly loud and belching forth a sickly green smoke, this weapon causes even seasoned soldiers to quiver. A model bearing a Chainsaw Sword causes Fear. Shredder: The Chainsaw sword rips and chews through armour as if it were cloth. All blows from a Chainsaw Sword are at -2 Armour Save.",chainsaw_sword,local-hit-wound-injury,,none,,Review existing evidence; repair verification metadata or missing evidence without reimplementing the effect.,inventory,kb,,item/chainsaw_sword,A,weapon.chainsaw-sword,binding operator 'mechanic:weapon.chainsaw-sword' classified into the A family by operator prefix 'weapon.',a480fa92c3e66720dc12a4caaf4fe2ed4d38eccefd24a260fec78bf9e69214c4,8f24f5f3f04f5036861b987c4ad07db47c1b049085b012908879131f4c9fef76,"[""sources/knowledge/catalog/items/combat-equipment.yaml""]"
item/crimson_shade,item_effect,Crimson Shade,catalog/items/combat-equipment.yaml,Hero Equipment List,https://mordheimer.net/docs/warbands/grade-1c-warbands/lustrian-reavers,YES,,YES,"{""id"": ""preparation.crimson-shade"", ""kind"": ""mechanic"", ""parameters"": {}}",missing,not_run,There is no semantic obligation for this included effect.,,,,ready,,,not_assessed,not_assessed,not_run,,,implemented_pending_verification,,,,,"Effect : A model using Crimson Shade has his Initiative increased by +D3 points, and Movement and Strength by +1 (this effect lasts for one game). Crimson Shade has no effect on Undead such as Vampires and Zombies, or the Possessed.",crimson_shade,,,none,,Review existing evidence; repair verification metadata or missing evidence without reimplementing the effect.,inventory,kb,,item/crimson_shade,A,preparation.crimson-shade,binding operator 'mechanic:preparation.crimson-shade' pinned to its behaviour family by the operator table,ab4f3f94f0dd2b5ef1c408cc33733a62d3f209b98ca4bf106eba670490ba2853,0cec0ca32e6903e97cc77fe6d0d2d71933e7944ccf969646b0b359b6f57e536d,"[""sources/knowledge/catalog/items/combat-equipment.yaml""]"
item/dark_venom,item_effect,Dark Venom,catalog/items/combat-equipment.yaml,Dark Elf Equipment List,https://mordheimer.net/docs/warbands/grade-1b-warbands/dark-elves,YES,,YES,"{""id"": ""poison.black-venom"", ""kind"": ""mechanic"", ""parameters"": {}}",missing,not_run,There is no semantic obligation for this included effect.,,,,ready,,,not_assessed,not_assessed,not_run,,,implemented_pending_verification,,,,,"Any hit caused by a weapon coated with Dark Venom counts as having +1 Strength, so, for example, if a warrior with Strength 3 wielding a poisoned sword hits an opponent, he will cause a Strength 4 hit instead. Armour saving throws are modified to take into account the increased Strength of the attack.",dark_venom,,,none,,Review existing evidence; repair verification metadata or missing evidence without reimplementing the effect.,inventory,kb,,item/dark_venom,A,poison.black-venom,binding operator 'mechanic:poison.black-venom' classified into the A family by operator prefix 'poison.',d0d5dd167edbf363d13464cc1954637476a95a6d4290cbb97097841c75bdf42e,ce1506739f29c1b0d3f19b4f9f243d4394d766c237e4e1c198396b344970667e,"[""sources/knowledge/catalog/items/combat-equipment.yaml""]"
item/hobgoblin_poisoned_daggers,item_effect,Hobgoblin Poisoned Daggers,catalog/items/combat-equipment.yaml,Hobgoblins equipment lists,https://mordheimer.net/docs/warbands/grade-1c-warbands/sons-of-hashut,YES,,YES,"{""id"": ""weapon.poisoned-daggers"", ""kind"": ""mechanic"", ""parameters"": {}}",missing,not_run,There is no semantic obligation for this included effect.,,,,ready,,,not_assessed,not_assessed,not_run,,,implemented_pending_verification,,,,,"Range: Close Combat Strength: As user Pair : Poisoned Daggers are traditionally used in pairs, one in each hand. A warrior armed with Poisoned Daggers gets an additional attack (for the offhand weapon attack).",hobgoblin_poisoned_daggers,,,none,,Review existing evidence; repair verification metadata or missing evidence without reimplementing the effect.,inventory,kb,,item/hobgoblin_poisoned_daggers,A,weapon.poisoned-daggers,binding operator 'mechanic:weapon.poisoned-daggers' classified into the A family by operator prefix 'weapon.',4e8b77d5f90ab89bfab522ad23d452a050cca435608b639f45fd7dce881ea755,3bd041a497eced715d1f89ca0e4e953006673c2b1bbdae3bd3a19fc9afc0f45c,"[""sources/knowledge/catalog/items/combat-equipment.yaml""]"
item/kanabo,item_effect,Kanabo,catalog/items/combat-equipment.yaml,Nippon Special Equipment / Kanabo,https://mordheimer.net/docs/warbands/grade-2a-warbands/nipponese-expedition,YES,,YES,"{""id"": ""weapon.kanabo"", ""kind"": ""mechanic"", ""parameters"": {}}",missing,not_run,There is no semantic obligation for this included effect.,,,,ready,,,not_assessed,not_assessed,not_run,,,implemented_pending_verification,sources/2A/catalog/items/nipponese-equipment.yaml#kanabo#kanabo,mixed,"[""T13.2"",""T13.3"",""T13.4"",""T13.6""]",,"Forged from the heartwood of ancient oaks and reinforced with iron, the Kanabo is a fearsome weapon wielded by Nipponese warriors, its brutal strikes crushing bone and rending armor with relentless force. Range: Close Combat. Strength: As user +1. Two-Handed: A model armed with a double-handed weapon may not use a shield, buckler or additional weapon in close combat. If the model is equipped with a shield he will still get a +1 bonus to his armour save against shooting. Concussion: Hammers and other bludgeoning weapons are excellent to use for striking your enemy senseless. When using a hammer, club or mace, a roll of 2-4 is treated as stunned when rolling to see the extent of a model's injuries.",kanabo,parry-and-equipment,,none,,Review existing evidence; repair verification metadata or missing evidence without reimplementing the effect.,inventory,kb,,item/kanabo,A,weapon.kanabo,binding operator 'mechanic:weapon.kanabo' classified into the A family by operator prefix 'weapon.',242a415be4e40be175eeb523e89b253e18fa92a21caeb8aa6778a58ff1319cc7,f96ba82d2077d6e32047ff4fe3a31fa1d2f9ffc2c5415ecdca96d1c9b62f032a,"[""sources/knowledge/catalog/items/combat-equipment.yaml""]"
item/poison_daggers,item_effect,Poison Daggers,catalog/items/combat-equipment.yaml,Fanatic Equipment List,https://mordheimer.net/docs/warbands/grade-1c-warbands/night-goblins,YES,,YES,"{""id"": ""weapon.poisoned-daggers"", ""kind"": ""mechanic"", ""parameters"": {}}",missing,not_run,There is no semantic obligation for this included effect.,,,,ready,,,not_assessed,not_assessed,not_run,,,implemented_pending_verification,,,,,"Range: Close Combat Strength: As user Paired : Poisoned Daggers are traditionally used in pairs, one in each hand. A warrior armed with Poisoned Daggers gets an additional attack.",poison_daggers,,,none,,Review existing evidence; repair verification metadata or missing evidence without reimplementing the effect.,inventory,kb,,item/poison_daggers,A,weapon.poisoned-daggers,binding operator 'mechanic:weapon.poisoned-daggers' classified into the A family by operator prefix 'weapon.',5df1be1f5574e9f83baec2abfdb62e0cb0ca4a6a5ab15144415f5c12241eb14c,58333b00e5acddb957faf67679ff9bfa009400890d7511a9336aba20b5572513,"[""sources/knowledge/catalog/items/combat-equipment.yaml""]"
item/pry_bar,item_effect,Pry Bar,catalog/items/combat-equipment.yaml,Special Equipment / Pry Bar,https://mordheimer.net/docs/warbands/grade-2a-warbands/grave-robbers,YES,,YES,"{""id"": ""weapon.pry-bar"", ""kind"": ""mechanic"", ""parameters"": {}}",missing,not_run,There is no semantic obligation for this included effect.,,,,ready,,,not_assessed,not_assessed,not_run,,,implemented_pending_verification,sources/2A/catalog/items/grave-robbers-equipment.yaml#pry_bar#pry_bar,included,"[""T13.2"",""T13.3"",""T13.4"",""T13.6""]",,"Whilst acting as a club in every sense, the pry bar allows the Graver to parry attacks. Range: Close Combat. Strength: As User. Special Rules: Parry. Parry: Whilst acting as a club in every sense, the pry bar allows the Graver to parry attacks.",pry_bar,parry-and-equipment,,none,,Review existing evidence; repair verification metadata or missing evidence without reimplementing the effect.,inventory,kb,,item/pry_bar,A,weapon.pry-bar,binding operator 'mechanic:weapon.pry-bar' classified into the A family by operator prefix 'weapon.',926494dd45bc5d4d6ed24b5086275ba70dcf1da8a95651e0eabb73b2fb1d6a79,447f4d7e7ebfd60c8551b4998eefc5329c815a158bed2b2c1f319ae9296b5d49,"[""sources/knowledge/catalog/items/combat-equipment.yaml""]"
item/wizards_staff,item_effect,Wizard's Staff,catalog/items/combat-equipment.yaml,Special Equipment / Wizard's Staff,https://mordheimer.net/docs/warbands/grade-2a-warbands/sorcerous-society,YES,,YES,"{""id"": ""weapon.wizards-staff"", ""kind"": ""mechanic"", ""parameters"": {}}",missing,not_run,There is no semantic obligation for this included effect.,,,,ready,,,not_assessed,not_assessed,not_run,,,implemented_pending_verification,sources/2A/catalog/items/sorcerous-society-equipment.yaml#wizards_staff#wizards_staff,mixed,"[""T13.2"",""T13.3"",""T13.4"",""T13.6""]",,"Many Wizards find the use of a staff both practical for their long journeys and to defend them when the use of their magical arts will draw suspicion. Range: Close Combat. Strength: As User. Special Rules: Parry, 2 Handed, Concussion. Parry: A warrior armed with a Wizard's Staff may attempt to Parry a blow, just as a sword. 2 Handed: A model using a Wizard's Staff may not use a shield, buckler or additional weapon in close combat. If the model has a shield, it receives a +1 bonus to his armour save versus shooting attacks. Concussion: When using a Wizard's Staff, a roll of 2-4 is treated as stunned when rolling on the injury table.",wizards_staff,parry-and-equipment,,none,,Review existing evidence; repair verification metadata or missing evidence without reimplementing the effect.,inventory,kb,,item/wizards_staff,A,weapon.wizards-staff,binding operator 'mechanic:weapon.wizards-staff' classified into the A family by operator prefix 'weapon.',0dfbc120ac68bc050cf1d1413136fda79ff360676df1435204b8afbde2bd19eb,ccbe1c23b7e93e6b09b358b9443c9d0efdfc8e94c968059b1804f03f89d3149a,"[""sources/knowledge/catalog/items/combat-equipment.yaml""]"
item/dark_elf_blade_weapon_upgrade,item_effect,Dark Elf Blade Weapon Upgrade,catalog/items/materials-and-upgrades.yaml,Dark Elf Equipment List,https://mordheimer.net/docs/warbands/grade-1b-warbands/dark-elves,YES,,YES,"{""id"": ""material.dark-elf-blade"", ""kind"": ""mechanic"", ""parameters"": {}}",missing,not_run,There is no semantic obligation for this included effect.,,,,ready,,,not_assessed,not_assessed,not_run,,,implemented_pending_verification,,,,,,dark_elf_blade_weapon_upgrade,,,none,,Review existing evidence; repair verification metadata or missing evidence without reimplementing the effect.,inventory,kb,,item/dark_elf_blade_weapon_upgrade,A,material.dark-elf-blade,binding operator 'mechanic:material.dark-elf-blade' classified into the A family by operator prefix 'material.',e3b0c44298fc1c149afbf4c8996fb92427ae41e4649b934ca495991b7852b855,664d47811e093023afa53b8cb3abb7ab7831d28a5617bd395b34e7f43f4e12a8,"[""sources/knowledge/catalog/items/materials-and-upgrades.yaml""]"
item/darksteel_blade,item_effect,Darksteel Blade,catalog/items/materials-and-upgrades.yaml,Special Equipment / Darksteel Blade,https://mordheimer.net/docs/warbands/grade-2a-warbands/druchii,YES,,YES,"{""id"": ""material.dark-elf-blade"", ""kind"": ""mechanic"", ""parameters"": {}}",missing,not_run,There is no semantic obligation for this included effect.,,,,ready,,,not_assessed,not_assessed,not_run,,,implemented_pending_verification,sources/2A/catalog/items/druchii-equipment.yaml#darksteel_blade#darksteel_blade,included,"[""T13.2"",""T13.3"",""T13.6""]",,"Darksteel weapons are forged in the city of Hag Graef, the Dark Crag. They are fashioned from black steel, a rare form of steel found deep within the mountains around the city and are forged using an ancient technique known only to the Dark Elves. Weapons with Darksteel blades have wicked protrusions and serrated edges, which inflict serious damage on an opponent. Any Druchii hero can use a close-combat weapon with a Darksteel blade. Getting it, however, is not that easy. Range: Close combat. Strength: As user. Special Rules: Critical damage, Wicked edge. Critical Damage: Darksteel weapons inflict serious damage on their opponents. When rolling on the critical hit chart, a Darksteel weapon will add +1 to the result. Wicked Edge: Darksteel weapons are set with sharp protrusions and serrated edges which inflict serious damage on an opponent. A roll of 2-4 on the injury table is a stunned result.",darksteel_blade,local-hit-wound-injury,,none,,Review existing evidence; repair verification metadata or missing evidence without reimplementing the effect.,inventory,kb,,item/darksteel_blade,A,material.dark-elf-blade,binding operator 'mechanic:material.dark-elf-blade' classified into the A family by operator prefix 'material.',7a6d7e1f61294602b3da44e92780361cc510a05fba6c93859bd2b54e450d560b,a42ccc3ef843b6646520babc2560c744e14da17f7c9f761f1883fda313173e58,"[""sources/knowledge/catalog/items/materials-and-upgrades.yaml""]"
item/gromril_weapon,item_effect,Gromril Weapon,catalog/items/materials-and-upgrades.yaml,Dwarf Warrior Equipment List,https://mordheimer.net/docs/warbands/grade-1b-warbands/dwarf-rangers,YES,,YES,"{""id"": ""material.gromril"", ""kind"": ""mechanic"", ""parameters"": {}}",missing,not_run,There is no semantic obligation for this included effect.,,,,ready,,,not_assessed,not_assessed,not_run,,,implemented_pending_verification,,,,,"Gromril : A gromril weapon has an extra -1 save modifier, and costs four times the price of a normal weapon of its kind. You may choose which type of hand-to-hand weapon is offered to you as explained in the Trading section. ❓",gromril_weapon,,,none,,Review existing evidence; repair verification metadata or missing evidence without reimplementing the effect.,inventory,kb,,item/gromril_weapon,A,material.gromril,binding operator 'mechanic:material.gromril' classified into the A family by operator prefix 'material.',71038c1b080a959f6692284ada8dba218edbb1ee6b35b29eb1c794c050d979ff,9e02d6926ffea66cfea4af17447a525aa16cbae83b0b9c7693e54c6d6ee460e0,"[""sources/knowledge/catalog/items/materials-and-upgrades.yaml""]"
item/ithilmar_weapon,item_effect,Ithilmar Weapon,catalog/items/materials-and-upgrades.yaml,Shadow Warrior equipment lists,https://mordheimer.net/docs/warbands/grade-1b-warbands/shadow-warriors,YES,,YES,"{""id"": ""material.ithilmar"", ""kind"": ""mechanic"", ""parameters"": {}}",missing,not_run,There is no semantic obligation for this included effect.,,,,ready,,,not_assessed,not_assessed,not_run,,,implemented_pending_verification,,,,,"Ithilmar : An ithilmar weapon gives its user +1 Initiative in hand-to-hand combat, and costs three times the price of a normal weapon of its kind. You may choose which hand-to-hand weapon is offered to you as explained in the Trading section. ❓",ithilmar_weapon,,,none,,Review existing evidence; repair verification metadata or missing evidence without reimplementing the effect.,inventory,kb,,item/ithilmar_weapon,A,material.ithilmar,binding operator 'mechanic:material.ithilmar' classified into the A family by operator prefix 'material.',3a2b34229a7c4f59cfc6aea5e358e71b054a736a5457c1b8c660c002568d6ffc,1b761cbf3713b0ce19297711ead4a7cc3349a760bce343c8c8a8cc32019e4104,"[""sources/knowledge/catalog/items/materials-and-upgrades.yaml""]"
item/obsidian_weapon,item_effect,Obsidian Weapon,catalog/items/materials-and-upgrades.yaml,Chaos Dwarf equipment lists,https://mordheimer.net/docs/warbands/grade-1c-warbands/sons-of-hashut,YES,,YES,"{""id"": ""material.obsidian"", ""kind"": ""mechanic"", ""parameters"": {}}",missing,not_run,There is no semantic obligation for this included effect.,,,,ready,,,not_assessed,not_assessed,not_run,,,implemented_pending_verification,,,,,"Range: Close Combat Strength: As user +1 Blemished : Although not strictly tainted by Chaos, all artefacts of Obsidian are considered tinged with evil, by the same darkness associated with their artisans. Obsidian weapons may never be used by Dwarfs, Elves, Sisters of Sigmar, Witch Hunters or Priests. Both the Sons of Hashut warband and Border Town Burning contain the Obsidian Weapon. The Sons of Hashut editor recommends your campaign use EITHER the obsidian rules contained, or from Border Town Burning; do not use both, unless you rename one of them for clarity",obsidian_weapon,,,none,,Review existing evidence; repair verification metadata or missing evidence without reimplementing the effect.,inventory,kb,,item/obsidian_weapon,A,material.obsidian,binding operator 'mechanic:material.obsidian' classified into the A family by operator prefix 'material.',17bdc62d9eb2d120062aab8aeaabbeba8dccc88658a274ec038463f510207cd0,fe320e3d47f2f647695cd87a12ec6741cd7c0120be430d91576c649ec35d8173,"[""sources/knowledge/catalog/items/materials-and-upgrades.yaml""]"
item/ankus,item_effect,Ankus,catalog/items/trollheim.yaml,Native Warbands / Beloved Equipment List,,YES,,YES,"{""id"": ""weapon.ankus"", ""kind"": ""mechanic"", ""parameters"": {}}",missing,not_run,There is no semantic obligation for this included effect.,,,,ready,,,not_assessed,not_assessed,not_run,,,implemented_pending_verification,,,,,,ankus,,,none,,Review existing evidence; repair verification metadata or missing evidence without reimplementing the effect.,inventory,kb,,item/ankus,A,weapon.ankus,binding operator 'mechanic:weapon.ankus' classified into the A family by operator prefix 'weapon.',e3b0c44298fc1c149afbf4c8996fb92427ae41e4649b934ca495991b7852b855,f6f9e12905197bc63b15ce82dcc4f947bac976b77ce706f5905513e49d4d9328,"[""sources/knowledge/catalog/items/trollheim.yaml""]"
item/bagh_nakh,item_effect,Bagh Nakh,catalog/items/trollheim.yaml,Thief Equipment List,,YES,,YES,"{""id"": ""weapon.bagh-nakh"", ""kind"": ""mechanic"", ""parameters"": {}}",missing,not_run,There is no semantic obligation for this included effect.,,,,ready,,,not_assessed,not_assessed,not_run,,,implemented_pending_verification,,,,,,bagh_nakh,,,none,,Review existing evidence; repair verification metadata or missing evidence without reimplementing the effect.,inventory,kb,,item/bagh_nakh,A,weapon.bagh-nakh,binding operator 'mechanic:weapon.bagh-nakh' classified into the A family by operator prefix 'weapon.',e3b0c44298fc1c149afbf4c8996fb92427ae41e4649b934ca495991b7852b855,a7601800063d846222f5e929304049c5975abc7e9a6823b28b4879c89299fbc4,"[""sources/knowledge/catalog/items/trollheim.yaml""]"
item/black_lotus,item_effect,Black Lotus,catalog/items/trollheim.yaml,Deathbringer Assassin Equipment List,,YES,,YES,"{""id"": ""poison.black-lotus"", ""kind"": ""mechanic"", ""parameters"": {}}",missing,not_run,There is no semantic obligation for this included effect.,,,,ready,,,not_assessed,not_assessed,not_run,,,implemented_pending_verification,,,,,"A weapon coated with the sap of the Black Lotus will wound its target automatically if you roll a 6 to hit. Note that you can still roll a dice for every wound inflicted in this way. If you roll a 6, you will inflict a critical hit with that roll. If you do not roll a 6, you will cause a normal wound. Take armour saves as normal.",black_lotus,,,none,,Review existing evidence; repair verification metadata or missing evidence without reimplementing the effect.,inventory,kb,,item/black_lotus,A,poison.black-lotus,binding operator 'mechanic:poison.black-lotus' classified into the A family by operator prefix 'poison.',0dded1c2ca35aa484c98826d7f48c13a7cd6094262b97d37da407113035c7394,c783b383297bc863a0668a2eac310767314118fb4e552127c37d88afe0bd4f34,"[""sources/knowledge/catalog/items/trollheim.yaml""]"
item/blood_root,item_effect,Blood Root,catalog/items/trollheim.yaml,Pygmy Equipment List,,YES,,YES,"{""id"": ""poison.bloodroot"", ""kind"": ""mechanic"", ""parameters"": {}}",missing,not_run,There is no semantic obligation for this included effect.,,,,ready,,,not_assessed,not_assessed,not_run,,,implemented_pending_verification,,,,,,blood_root,,,none,,Review existing evidence; repair verification metadata or missing evidence without reimplementing the effect.,inventory,kb,,item/blood_root,A,poison.bloodroot,binding operator 'mechanic:poison.bloodroot' classified into the A family by operator prefix 'poison.',e3b0c44298fc1c149afbf4c8996fb92427ae41e4649b934ca495991b7852b855,cc6d62949a84931fbf41ac7d3046cec01601e772e421639a7eef7fc28a2c71da,"[""sources/knowledge/catalog/items/trollheim.yaml""]"
item/chained_squig,item_effect,Chained Squig,catalog/items/trollheim.yaml,Orc Equipment List,,YES,,YES,"{""id"": ""weapon.chained-squig"", ""kind"": ""mechanic"", ""parameters"": {}}",missing,not_run,There is no semantic obligation for this included effect.,,,,ready,,,not_assessed,not_assessed,not_run,,,implemented_pending_verification,,,,,,chained_squig,,,none,,Review existing evidence; repair verification metadata or missing evidence without reimplementing the effect.,inventory,kb,,item/chained_squig,A,weapon.chained-squig,binding operator 'mechanic:weapon.chained-squig' classified into the A family by operator prefix 'weapon.',e3b0c44298fc1c149afbf4c8996fb92427ae41e4649b934ca495991b7852b855,d755ae15164a19b2ff53c5819a32921fc24274e1867ed8ac58cf88b10ca82ab2,"[""sources/knowledge/catalog/items/trollheim.yaml""]"
item/choppa,item_effect,Choppa,catalog/items/trollheim.yaml,Orc Equipment List,,YES,,YES,"{""id"": ""weapon.choppa"", ""kind"": ""mechanic"", ""parameters"": {}}",missing,not_run,There is no semantic obligation for this included effect.,,,,ready,,,not_assessed,not_assessed,not_run,,,implemented_pending_verification,,,,,,choppa,,,none,,Review existing evidence; repair verification metadata or missing evidence without reimplementing the effect.,inventory,kb,,item/choppa,A,weapon.choppa,binding operator 'mechanic:weapon.choppa' classified into the A family by operator prefix 'weapon.',e3b0c44298fc1c149afbf4c8996fb92427ae41e4649b934ca495991b7852b855,1bd3609c0fb3c16d120448bb1a8570374f1d7ede33e62f96f48cba5c360811b0,"[""sources/knowledge/catalog/items/trollheim.yaml""]"
item/dark_steel_weapon,item_effect,Dark Steel Weapon,catalog/items/trollheim.yaml,Dark Elf Equipment List,,YES,,YES,"{""id"": ""material.dark-steel"", ""kind"": ""mechanic"", ""parameters"": {}}",missing,not_run,There is no semantic obligation for this included effect.,,,,ready,,,not_assessed,not_assessed,not_run,,,implemented_pending_verification,,,,,,dark_steel_weapon,,,none,,Review existing evidence; repair verification metadata or missing evidence without reimplementing the effect.,inventory,kb,,item/dark_steel_weapon,A,material.dark-steel,binding operator 'mechanic:material.dark-steel' classified into the A family by operator prefix 'material.',e3b0c44298fc1c149afbf4c8996fb92427ae41e4649b934ca495991b7852b855,0e2f0c1be8a30bbcf43da64cc614682b4763dd95eb65b96c2fbc2f18f1abe544,"[""sources/knowledge/catalog/items/trollheim.yaml""]"
item/death_knife,item_effect,Death Knife,catalog/items/trollheim.yaml,Deathbringer Assassin Equipment List,,YES,,YES,"{""id"": ""weapon.death-knife"", ""kind"": ""mechanic"", ""parameters"": {}}",missing,not_run,There is no semantic obligation for this included effect.,,,,ready,,,not_assessed,not_assessed,not_run,,,implemented_pending_verification,,,,,,death_knife,,,none,,Review existing evidence; repair verification metadata or missing evidence without reimplementing the effect.,inventory,kb,,item/death_knife,A,weapon.death-knife,binding operator 'mechanic:weapon.death-knife' classified into the A family by operator prefix 'weapon.',e3b0c44298fc1c149afbf4c8996fb92427ae41e4649b934ca495991b7852b855,edfae667cae17f2a5cfe07e6db1b08c521b168f4cbbdad31a6e0cf429c581675,"[""sources/knowledge/catalog/items/trollheim.yaml""]"
item/devil_toxin,item_effect,Devil Toxin,catalog/items/trollheim.yaml,Pygmy Equipment List,,YES,,YES,"{""id"": ""poison.devil-s-toxin"", ""kind"": ""mechanic"", ""parameters"": {}}",missing,not_run,There is no semantic obligation for this included effect.,,,,ready,,,not_assessed,not_assessed,not_run,,,implemented_pending_verification,,,,,,devil_toxin,,,none,,Review existing evidence; repair verification metadata or missing evidence without reimplementing the effect.,inventory,kb,,item/devil_toxin,A,poison.devil-s-toxin,binding operator 'mechanic:poison.devil-s-toxin' classified into the A family by operator prefix 'poison.',e3b0c44298fc1c149afbf4c8996fb92427ae41e4649b934ca495991b7852b855,52b92847f4fa2fb6e3d8e5cc236b975d6de7fa272c2f65ff0249fb1e66f670be,"[""sources/knowledge/catalog/items/trollheim.yaml""]"
item/draich,item_effect,Draich,catalog/items/trollheim.yaml,Dark Elf Equipment List,,YES,,YES,"{""id"": ""weapon.draich"", ""kind"": ""mechanic"", ""parameters"": {}}",missing,not_run,There is no semantic obligation for this included effect.,,,,ready,,,not_assessed,not_assessed,not_run,,,implemented_pending_verification,,,,,,draich,,,none,,Review existing evidence; repair verification metadata or missing evidence without reimplementing the effect.,inventory,kb,,item/draich,A,weapon.draich,binding operator 'mechanic:weapon.draich' classified into the A family by operator prefix 'weapon.',e3b0c44298fc1c149afbf4c8996fb92427ae41e4649b934ca495991b7852b855,bb47462893dbcb27fba47057a437339cba135a05404125ec66ed1cf8a7bd9c9a,"[""sources/knowledge/catalog/items/trollheim.yaml""]"
item/elven_greatsword,item_effect,Elven Greatsword,catalog/items/trollheim.yaml,High Elf Equipment List,,YES,,YES,"{""id"": ""weapon.elven-greatsword"", ""kind"": ""mechanic"", ""parameters"": {}}",missing,not_run,There is no semantic obligation for this included effect.,,,,ready,,,not_assessed,not_assessed,not_run,,,implemented_pending_verification,,,,,,elven_greatsword,,,none,,Review existing evidence; repair verification metadata or missing evidence without reimplementing the effect.,inventory,kb,,item/elven_greatsword,A,weapon.elven-greatsword,binding operator 'mechanic:weapon.elven-greatsword' classified into the A family by operator prefix 'weapon.',e3b0c44298fc1c149afbf4c8996fb92427ae41e4649b934ca495991b7852b855,dd5943a67e47a983ba3382621db62d962ee34f47eb7df9479b6db01b9a64e8a9,"[""sources/knowledge/catalog/items/trollheim.yaml""]"
item/great_scimitar,item_effect,Great Scimitar,catalog/items/trollheim.yaml,Native Warbands / Beloved Equipment List,,YES,,YES,"{""id"": ""weapon.great-scimitar"", ""kind"": ""mechanic"", ""parameters"": {}}",missing,not_run,There is no semantic obligation for this included effect.,,,,ready,,,not_assessed,not_assessed,not_run,,,implemented_pending_verification,,,,,,great_scimitar,,,none,,Review existing evidence; repair verification metadata or missing evidence without reimplementing the effect.,inventory,kb,,item/great_scimitar,A,weapon.great-scimitar,binding operator 'mechanic:weapon.great-scimitar' classified into the A family by operator prefix 'weapon.',e3b0c44298fc1c149afbf4c8996fb92427ae41e4649b934ca495991b7852b855,45716d8efbe6294ebe063d886fb3698142d2c987e5835a4d03ebf3d95b94843b,"[""sources/knowledge/catalog/items/trollheim.yaml""]"
item/hammer_or_mace,item_effect,Hammer or Mace,catalog/items/trollheim.yaml,Pirate Equipment List,,YES,,YES,"{""id"": ""weapon.mace"", ""kind"": ""mechanic"", ""parameters"": {}}",missing,not_run,There is no semantic obligation for this included effect.,,,,ready,,,not_assessed,not_assessed,not_run,,,implemented_pending_verification,,,,,,hammer_or_mace,,,none,,Review existing evidence; repair verification metadata or missing evidence without reimplementing the effect.,inventory,kb,,item/hammer_or_mace,A,weapon.mace,binding operator 'mechanic:weapon.mace' classified into the A family by operator prefix 'weapon.',e3b0c44298fc1c149afbf4c8996fb92427ae41e4649b934ca495991b7852b855,53d3ef9a7dc2c9fe206eedf106a24aa3c925b42dfb41f115b082e45759ed04c7,"[""sources/knowledge/catalog/items/trollheim.yaml""]"
item/kusara_kama,item_effect,Kusara Kama,catalog/items/trollheim.yaml,Deathbringer Assassin Equipment List,,YES,,YES,"{""id"": ""weapon.kusara-kama"", ""kind"": ""mechanic"", ""parameters"": {}}",missing,not_run,There is no semantic obligation for this included effect.,,,,ready,,,not_assessed,not_assessed,not_run,,,implemented_pending_verification,,,,,,kusara_kama,,,none,,Review existing evidence; repair verification metadata or missing evidence without reimplementing the effect.,inventory,kb,,item/kusara_kama,A,weapon.kusara-kama,binding operator 'mechanic:weapon.kusara-kama' classified into the A family by operator prefix 'weapon.',e3b0c44298fc1c149afbf4c8996fb92427ae41e4649b934ca495991b7852b855,521d57a0f65946656a8cea8ce95b6dcb28cc2a8e2d485f3b3fe919753abf7cd3,"[""sources/knowledge/catalog/items/trollheim.yaml""]"
item/long_boathook,item_effect,Long Boathook,catalog/items/trollheim.yaml,Pirate Equipment List,,YES,,YES,"{""id"": ""weapon.long-boat-hook"", ""kind"": ""mechanic"", ""parameters"": {}}",missing,not_run,There is no semantic obligation for this included effect.,,,,ready,,,not_assessed,not_assessed,not_run,,,implemented_pending_verification,,,,,,long_boathook,,,none,,Review existing evidence; repair verification metadata or missing evidence without reimplementing the effect.,inventory,kb,,item/long_boathook,A,weapon.long-boat-hook,binding operator 'mechanic:weapon.long-boat-hook' classified into the A family by operator prefix 'weapon.',e3b0c44298fc1c149afbf4c8996fb92427ae41e4649b934ca495991b7852b855,97ec832a5a13d92895db3f80572692a0d6ae2d0076541b7835679e85f7281a11,"[""sources/knowledge/catalog/items/trollheim.yaml""]"
item/manbane,item_effect,Manbane,catalog/items/trollheim.yaml,Pygmy Equipment List,,YES,,YES,"{""id"": ""poison.manbane"", ""kind"": ""mechanic"", ""parameters"": {}}",missing,not_run,There is no semantic obligation for this included effect.,,,,ready,,,not_assessed,not_assessed,not_run,,,implemented_pending_verification,,,,,,manbane,,,none,,Review existing evidence; repair verification metadata or missing evidence without reimplementing the effect.,inventory,kb,,item/manbane,A,poison.manbane,binding operator 'mechanic:poison.manbane' classified into the A family by operator prefix 'poison.',e3b0c44298fc1c149afbf4c8996fb92427ae41e4649b934ca495991b7852b855,359ce81591f952b19b6af825e56b260a79bbb392fdca54d7d14ec2a916e4472e,"[""sources/knowledge/catalog/items/trollheim.yaml""]"
item/nightshade,item_effect,Nightshade,catalog/items/trollheim.yaml,Pygmy Equipment List,,YES,,YES,"{""id"": ""poison.nightshade"", ""kind"": ""mechanic"", ""parameters"": {}}",missing,not_run,There is no semantic obligation for this included effect.,,,,ready,,,not_assessed,not_assessed,not_run,,,implemented_pending_verification,,,,,,nightshade,,,none,,Review existing evidence; repair verification metadata or missing evidence without reimplementing the effect.,inventory,kb,,item/nightshade,A,poison.nightshade,binding operator 'mechanic:poison.nightshade' classified into the A family by operator prefix 'poison.',e3b0c44298fc1c149afbf4c8996fb92427ae41e4649b934ca495991b7852b855,87c721ed3eb1eaf88f28417ee54e2398a722da0e4ea06583a3515c162bfe8d43,"[""sources/knowledge/catalog/items/trollheim.yaml""]"
item/pistol_brace,item_effect,Pistol Brace,catalog/items/trollheim.yaml,Arcane Society Equipment List,,YES,,YES,"{""id"": ""weapon.pistol"", ""kind"": ""mechanic"", ""parameters"": {}}",missing,not_run,There is no semantic obligation for this included effect.,,,,ready,,,not_assessed,not_assessed,not_run,,,implemented_pending_verification,,,,,,pistol_brace,,,none,,Review existing evidence; repair verification metadata or missing evidence without reimplementing the effect.,inventory,kb,,item/pistol_brace,A,weapon.pistol,binding operator 'mechanic:weapon.pistol' classified into the A family by operator prefix 'weapon.',e3b0c44298fc1c149afbf4c8996fb92427ae41e4649b934ca495991b7852b855,1bcc594b631ce6744e2aa7e97adb94436b8c350c12166e152ac4f1fd5e771a0f,"[""sources/knowledge/catalog/items/trollheim.yaml""]"
item/reptile_venom,item_effect,Reptile Venom,catalog/items/trollheim.yaml,Lizardmen Poison List,,YES,,YES,"{""id"": ""poison.reptile-venom"", ""kind"": ""mechanic"", ""parameters"": {}}",missing,not_run,There is no semantic obligation for this included effect.,,,,ready,,,not_assessed,not_assessed,not_run,,,implemented_pending_verification,,,,,"Lustria setting, Town Cryer #11 ( 1b ) Skink henchmen may buy low-strength Reptile Venom for their missile weapons at a cost of 5 pts per weapon. This poison is a common item. This adds +1 to the Strength of the weapon but does not grant the -1 save modifier. The poison only lasts for one battle and remember that all the henchmen in a group must be armed in the same manner.",reptile_venom,,,none,,Review existing evidence; repair verification metadata or missing evidence without reimplementing the effect.,inventory,kb,,item/reptile_venom,A,poison.reptile-venom,binding operator 'mechanic:poison.reptile-venom' classified into the A family by operator prefix 'poison.',5537e6dc885f4848bfac99f91f1451a2d180f109dd91244210a6fd09982c9cc8,a050ac82a00e9dd8d827aacdab2fd5afb677f30d474b749be9416b6192057a63,"[""sources/knowledge/catalog/items/trollheim.yaml""]"
item/scythe,item_effect,Scythe,catalog/items/trollheim.yaml,Necromancer Equipment List,,YES,,YES,"{""id"": ""weapon.scythe"", ""kind"": ""mechanic"", ""parameters"": {}}",missing,not_run,There is no semantic obligation for this included effect.,,,,ready,,,not_assessed,not_assessed,not_run,,,implemented_pending_verification,,,,,,scythe,,,none,,Review existing evidence; repair verification metadata or missing evidence without reimplementing the effect.,inventory,kb,,item/scythe,A,weapon.scythe,binding operator 'mechanic:weapon.scythe' classified into the A family by operator prefix 'weapon.',e3b0c44298fc1c149afbf4c8996fb92427ae41e4649b934ca495991b7852b855,d73e1abe56a61fcd502458bd58e9b12bc9c35a82a36d494891eecadcb11fc375,"[""sources/knowledge/catalog/items/trollheim.yaml""]"
item/spider_spit,item_effect,Spider Spit,catalog/items/trollheim.yaml,Pygmy Equipment List,,YES,,YES,"{""id"": ""poison.spider-spittle"", ""kind"": ""mechanic"", ""parameters"": {}}",missing,not_run,There is no semantic obligation for this included effect.,,,,ready,,,not_assessed,not_assessed,not_run,,,implemented_pending_verification,,,,,,spider_spit,,,none,,Review existing evidence; repair verification metadata or missing evidence without reimplementing the effect.,inventory,kb,,item/spider_spit,A,poison.spider-spittle,binding operator 'mechanic:poison.spider-spittle' classified into the A family by operator prefix 'poison.',e3b0c44298fc1c149afbf4c8996fb92427ae41e4649b934ca495991b7852b855,85142ffe49d744fe75f60500e5c52505e94a696a03e7d3bb2c19772721977ed6,"[""sources/knowledge/catalog/items/trollheim.yaml""]"
item/stone_axe,item_effect,Stone Axe,catalog/items/trollheim.yaml,Amazon Heroine Equipment List,,YES,,YES,"{""id"": ""weapon.stone-axe"", ""kind"": ""mechanic"", ""parameters"": {}}",missing,not_run,There is no semantic obligation for this included effect.,,,,ready,,,not_assessed,not_assessed,not_run,,,implemented_pending_verification,,,,,,stone_axe,,,none,,Review existing evidence; repair verification metadata or missing evidence without reimplementing the effect.,inventory,kb,,item/stone_axe,A,weapon.stone-axe,binding operator 'mechanic:weapon.stone-axe' classified into the A family by operator prefix 'weapon.',e3b0c44298fc1c149afbf4c8996fb92427ae41e4649b934ca495991b7852b855,17bf95d3d777fd025cd3a53995ba48365ffdcb0baafff4ac1fce45fcbbe32bd5,"[""sources/knowledge/catalog/items/trollheim.yaml""]"
item/two_handed_club,item_effect,Two Handed Club,catalog/items/trollheim.yaml,Bruiser Equipment List,,YES,,YES,"{""id"": ""weapon.double-handed-weapon"", ""kind"": ""mechanic"", ""parameters"": {}}",missing,not_run,There is no semantic obligation for this included effect.,,,,ready,,,not_assessed,not_assessed,not_run,,,implemented_pending_verification,,,,,,two_handed_club,,,none,,Review existing evidence; repair verification metadata or missing evidence without reimplementing the effect.,inventory,kb,,item/two_handed_club,A,weapon.double-handed-weapon,binding operator 'mechanic:weapon.double-handed-weapon' classified into the A family by operator prefix 'weapon.',e3b0c44298fc1c149afbf4c8996fb92427ae41e4649b934ca495991b7852b855,63b64b5b2a3b30ba16a41eb3c89d1e78e65950e2316c49e0fe27936fdab48264,"[""sources/knowledge/catalog/items/trollheim.yaml""]"
item/witch_sword,item_effect,Witch Sword,catalog/items/trollheim.yaml,Deathbringer Assassin Equipment List,,YES,,YES,"{""id"": ""weapon.witch-sword"", ""kind"": ""mechanic"", ""parameters"": {}}",missing,not_run,There is no semantic obligation for this included effect.,,,,ready,,,not_assessed,not_assessed,not_run,,,implemented_pending_verification,,,,,,witch_sword,,,none,,Review existing evidence; repair verification metadata or missing evidence without reimplementing the effect.,inventory,kb,,item/witch_sword,A,weapon.witch-sword,binding operator 'mechanic:weapon.witch-sword' classified into the A family by operator prefix 'weapon.',e3b0c44298fc1c149afbf4c8996fb92427ae41e4649b934ca495991b7852b855,84b8a6826507a4f106bc2c8a1d17520efd1c818b72c722e09d448674584a23c3,"[""sources/knowledge/catalog/items/trollheim.yaml""]"
item/wolfsbane,item_effect,Wolfsbane,catalog/items/trollheim.yaml,Pygmy Equipment List,,YES,,YES,"{""id"": ""poison.wolfsbane"", ""kind"": ""mechanic"", ""parameters"": {}}",missing,not_run,There is no semantic obligation for this included effect.,,,,ready,,,not_assessed,not_assessed,not_run,,,implemented_pending_verification,,,,,,wolfsbane,,,none,,Review existing evidence; repair verification metadata or missing evidence without reimplementing the effect.,inventory,kb,,item/wolfsbane,A,poison.wolfsbane,binding operator 'mechanic:poison.wolfsbane' classified into the A family by operator prefix 'poison.',e3b0c44298fc1c149afbf4c8996fb92427ae41e4649b934ca495991b7852b855,2df29a1446ec12841db01133013ed11cc2d2ee12e47c9c9be49ce1630ebed967,"[""sources/knowledge/catalog/items/trollheim.yaml""]"
item/axe,item_effect,Axe,catalog/items/weapons-close-combat.yaml,Scout Equipment List,https://mordheimer.net/docs/warbands/grade-1a-warbands/averlander,YES,,YES,"{""id"": ""weapon.axe"", ""kind"": ""mechanic"", ""parameters"": {}}",missing,not_run,There is no semantic obligation for this included effect.,,,,ready,,,not_assessed,not_assessed,not_run,,,implemented_pending_verification,,,,,"Range: Close Combat Strength: As user Cutting Edge : An axe has an extra save modifier of -1, so a model with Strength 4 using an axe has a -2 save modifier when he hits an opponent in hand-to-hand combat.",axe,,,none,,Review existing evidence; repair verification metadata or missing evidence without reimplementing the effect.,inventory,kb,,item/axe,A,weapon.axe,binding operator 'mechanic:weapon.axe' classified into the A family by operator prefix 'weapon.',8d6cda6c57f7fda7509a6b53ce74e1689fe6e8dfeed7257b6db442b87865ebee,ecb6b8c361e914087f5d7736ade7ed2c65e0b525db846ae75749fd72972cc04e,"[""sources/knowledge/catalog/items/weapons-close-combat.yaml""]"
item/ball_chain,item_effect,Ball Chain,catalog/items/weapons-close-combat.yaml,Fanatic Equipment List,https://mordheimer.net/docs/warbands/grade-1c-warbands/night-goblins,YES,,YES,"{""id"": ""weapon.ball-and-chain"", ""kind"": ""mechanic"", ""parameters"": {}}",missing,not_run,There is no semantic obligation for this included effect.,,,,ready,,,not_assessed,not_assessed,not_run,,,implemented_pending_verification,,,,,,ball_chain,,,none,,Review existing evidence; repair verification metadata or missing evidence without reimplementing the effect.,inventory,kb,,item/ball_chain,A,weapon.ball-and-chain,binding operator 'mechanic:weapon.ball-and-chain' classified into the A family by operator prefix 'weapon.',e3b0c44298fc1c149afbf4c8996fb92427ae41e4649b934ca495991b7852b855,e15656a65aa9fd7654c7d02f60760e09aca226be84a8f8b47a56b169984d0237,"[""sources/knowledge/catalog/items/weapons-close-combat.yaml""]"
item/barbed_whip,item_effect,Barbed Whip,catalog/items/weapons-close-combat.yaml,Hero equipment list,https://mordheimer.net/docs/warbands/grade-1c-warbands/marauders-of-chaos,YES,,YES,"{""id"": ""weapon.beastlash"", ""kind"": ""mechanic"", ""parameters"": {}}",missing,not_run,There is no semantic obligation for this included effect.,,,,ready,,,not_assessed,not_assessed,not_run,,,implemented_pending_verification,,,,,"Range: Close Combat Strength: As user Whipcrack : When the wielder charges they gain +1A for that turn. This bonus attack is added after any other modifications. When the wielder is charged they gain +1A that they may only use against the charger. This additional attack will 'strike first'. If the wielder is simultaneously charged by two or more opponents they will still only receive a total of +1A. If the wielder is using two whips at the same time then they get +1A for the additional hand weapon, but only the first whip gets the whipcrack +1A. ✏️",barbed_whip,,,none,,Review existing evidence; repair verification metadata or missing evidence without reimplementing the effect.,inventory,kb,,item/barbed_whip,A,weapon.beastlash,binding operator 'mechanic:weapon.beastlash' classified into the A family by operator prefix 'weapon.',b55edb53f7cf882105560bd23e552c251847073905a57616d48c9ae9f9180720,86fff7f8437773f626aad2d785f594b8ccd710b3d95dbbd2f3bd41e8a56ee8ee,"[""sources/knowledge/catalog/items/weapons-close-combat.yaml""]"
item/battle_axe,item_effect,Battle Axe,catalog/items/weapons-close-combat.yaml,Beastmen Equipment List,https://mordheimer.net/docs/warbands/grade-1a-warbands/beastmen-raiders,YES,,YES,"{""id"": ""weapon.axe"", ""kind"": ""mechanic"", ""parameters"": {}}",missing,not_run,There is no semantic obligation for this included effect.,,,,ready,,,not_assessed,not_assessed,not_run,,,implemented_pending_verification,,,,,,battle_axe,,,none,,Review existing evidence; repair verification metadata or missing evidence without reimplementing the effect.,inventory,kb,,item/battle_axe,A,weapon.axe,binding operator 'mechanic:weapon.axe' classified into the A family by operator prefix 'weapon.',e3b0c44298fc1c149afbf4c8996fb92427ae41e4649b934ca495991b7852b855,a039c1a65fa4be27135950b7b1cc824384f92ef275e687589b6c0addd29cded3,"[""sources/knowledge/catalog/items/weapons-close-combat.yaml""]"
item/beastlash,item_effect,Beastlash,catalog/items/weapons-close-combat.yaml,Dark Elf Equipment List,https://mordheimer.net/docs/warbands/grade-1b-warbands/dark-elves,YES,,YES,"{""id"": ""weapon.beastlash"", ""kind"": ""mechanic"", ""parameters"": {}}",missing,not_run,There is no semantic obligation for this included effect.,,,,ready,,,not_assessed,not_assessed,not_run,,,implemented_pending_verification,,,,,"Range: Close Combat Strength: As user -1 Beastbane : The Beastmaster wielding a Beastlash causes Fear in animals, any animal charged or wishing to charge a Beastmaster with one of these weapons must first take a Fear test as mentioned in the psychology section of the Mordheim rules.",beastlash,,,none,,Review existing evidence; repair verification metadata or missing evidence without reimplementing the effect.,inventory,kb,,item/beastlash,A,weapon.beastlash,binding operator 'mechanic:weapon.beastlash' classified into the A family by operator prefix 'weapon.',f735d4975a8a644c1dd22f88a581f04e7f62618e180422b74737ee4a38a52094,f8c5d9deaa44a8b213d828a995a562f306430a3002ab76c8d2ef0f7db33f162d,"[""sources/knowledge/catalog/items/weapons-close-combat.yaml""]"
item/belaying_pin,item_effect,Belaying Pin,catalog/items/weapons-close-combat.yaml,Pirate Equipment List,https://mordheimer.net/docs/warbands/grade-1b-warbands/pirates,YES,,YES,"{""id"": ""weapon.mace"", ""kind"": ""mechanic"", ""parameters"": {}}",missing,not_run,There is no semantic obligation for this included effect.,,,,ready,,,not_assessed,not_assessed,not_run,,,implemented_pending_verification,,,,,"Range: 6"" Strength: As user -1 Awkward Thrown Weapon : Models using Belaying Pins do not suffer any penalties for range, but still suffer a -1 to hit penalty if they use them after moving that turn.",belaying_pin,,,none,,Review existing evidence; repair verification metadata or missing evidence without reimplementing the effect.,inventory,kb,,item/belaying_pin,A,weapon.mace,binding operator 'mechanic:weapon.mace' classified into the A family by operator prefix 'weapon.',8962644e19146cf5392813a092ba3bd54f752bc1d6f70b980fde0bcaf7ac297f,729b7c65e5004651f91528aecd34aa65dbbc79059f425675530034f89bcad313,"[""sources/knowledge/catalog/items/weapons-close-combat.yaml""]"
item/boar_spear_aristocrat_only,item_effect,Boar Spear Aristocrat Only,catalog/items/weapons-close-combat.yaml,Heroes Equipment List,https://mordheimer.net/docs/warbands/grade-1c-warbands/cursed-cavalcade,YES,,YES,"{""id"": ""weapon.boar-spear"", ""kind"": ""mechanic"", ""parameters"": {}}",missing,not_run,There is no semantic obligation for this included effect.,,,,ready,,,not_assessed,not_assessed,not_run,,,implemented_pending_verification,,,,,,boar_spear_aristocrat_only,,,none,,Review existing evidence; repair verification metadata or missing evidence without reimplementing the effect.,inventory,kb,,item/boar_spear_aristocrat_only,A,weapon.boar-spear,binding operator 'mechanic:weapon.boar-spear' classified into the A family by operator prefix 'weapon.',e3b0c44298fc1c149afbf4c8996fb92427ae41e4649b934ca495991b7852b855,3bc0cbbaddf6d8256415e5ec3133f8de2c5b84714c44df276f281b30fa58ba14,"[""sources/knowledge/catalog/items/weapons-close-combat.yaml""]"
item/boat_hook,item_effect,Boat Hook,catalog/items/weapons-close-combat.yaml,Pirate Equipment List,https://mordheimer.net/docs/warbands/grade-1b-warbands/pirates,YES,,YES,"{""id"": ""weapon.long-boat-hook"", ""kind"": ""mechanic"", ""parameters"": {}}",missing,not_run,There is no semantic obligation for this included effect.,,,,ready,,,not_assessed,not_assessed,not_run,,,implemented_pending_verification,,,,,"Range: Close Combat Strength: As user -1 Strike First : Boat Hooks are used in Close Combat. They allow the user to Strike First in the first round of any close combat, no matter which model charged, but require both hands to use.",boat_hook,,,none,,Review existing evidence; repair verification metadata or missing evidence without reimplementing the effect.,inventory,kb,,item/boat_hook,A,weapon.long-boat-hook,binding operator 'mechanic:weapon.long-boat-hook' classified into the A family by operator prefix 'weapon.',ec17babe4220f8ec812aa27ca481f71a9099bb379a2f32dfc21bef8d71de8c57,ebf7caeed07b3758eb0a5788e4f222fc9e41106ae7e6e4f8eeaf65304aa6558a,"[""sources/knowledge/catalog/items/weapons-close-combat.yaml""]"
item/broadsword,item_effect,Broadsword,catalog/items/weapons-close-combat.yaml,Knights Equipment List,https://mordheimer.net/docs/warbands/grade-1c-warbands/bretonnian-chapel-guard,YES,,YES,"{""id"": ""weapon.broadsword"", ""kind"": ""mechanic"", ""parameters"": {}}",missing,not_run,There is no semantic obligation for this included effect.,,,,ready,,,not_assessed,not_assessed,not_run,,,implemented_pending_verification,,,,,Range: Close Combat Strength: As user +1 Difficult to use : A model with a Broadsword may not use a second weapon or buckler in his other hand because it requires all his skill to wield it. He may carry a shield or a kite shield as normal though.,broadsword,,,none,,Review existing evidence; repair verification metadata or missing evidence without reimplementing the effect.,inventory,kb,,item/broadsword,A,weapon.broadsword,binding operator 'mechanic:weapon.broadsword' classified into the A family by operator prefix 'weapon.',5db3cb90a940bdafd5351a08ec78c7c8acbdf327d2c0723a063fa5e6ba125bbc,13e5e7b318c821cc964e3ca30ac693a4a17d3d7123ccf4a21a330808d1a62fc1,"[""sources/knowledge/catalog/items/weapons-close-combat.yaml""]"
item/cat_o_nine_tails,item_effect,Cat O Nine Tails,catalog/items/weapons-close-combat.yaml,Pirate Equipment List,https://mordheimer.net/docs/warbands/grade-1b-warbands/pirates,YES,,YES,"{""id"": ""weapon.pirate-scourge"", ""kind"": ""mechanic"", ""parameters"": {}}",missing,not_run,There is no semantic obligation for this included effect.,,,,ready,,,not_assessed,not_assessed,not_run,,,implemented_pending_verification,,,,,"Range: Close Combat Strength: As user Cannot be parried : Like the Steel Whips of the Sisterhood, Cats cannot be parried by swords or bucklers.",cat_o_nine_tails,,,none,,Review existing evidence; repair verification metadata or missing evidence without reimplementing the effect.,inventory,kb,,item/cat_o_nine_tails,A,weapon.pirate-scourge,binding operator 'mechanic:weapon.pirate-scourge' classified into the A family by operator prefix 'weapon.',f56f159bc334431a0adff47ef61f60661e904bd75705cc7303914aa19016faac,feea53120c919d306bbb54351300464d19739a82c41173bd3b78179a157a0a41,"[""sources/knowledge/catalog/items/weapons-close-combat.yaml""]"
item/cathayan_longsword,item_effect,Cathayan Longsword,catalog/items/weapons-close-combat.yaml,Soldier Equipment List,https://mordheimer.net/docs/warbands/grade-1c-warbands/battle-monks-of-cathay,YES,,YES,"{""id"": ""weapon.cathayan-longsword"", ""kind"": ""mechanic"", ""parameters"": {}}",missing,not_run,There is no semantic obligation for this included effect.,,,,ready,,,not_assessed,not_assessed,not_run,,,implemented_pending_verification,,,,,"Range: Close Combat Strength: As user Parry : Swords offer an excellent balance of defence and offence. A model armed with a sword may parry blows. When his opponent rolls to hit, the model armed with a sword may roll a D6. If the score is greater than the highest to hit score of his opponent, the model has parried the blow, and that attack is discarded. A model may not parry attacks made with double or more its own Strength – they are simply too powerful to be stopped.",cathayan_longsword,,,none,,Review existing evidence; repair verification metadata or missing evidence without reimplementing the effect.,inventory,kb,,item/cathayan_longsword,A,weapon.cathayan-longsword,binding operator 'mechanic:weapon.cathayan-longsword' classified into the A family by operator prefix 'weapon.',fdce643bb4d24cd591e1cec0cf3b241fd20bde6c33017597c76fc80399c3065a,959b9f886d617174e424f200036234496f3c997133376221b8a3188698f658b3,"[""sources/knowledge/catalog/items/weapons-close-combat.yaml""]"
item/censer,item_effect,Censer,catalog/items/weapons-close-combat.yaml,Heroes equipment lists,https://mordheimer.net/docs/warbands/grade-1b-warbands/skaven-pestilens,YES,,YES,"{""id"": ""weapon.censer"", ""kind"": ""mechanic"", ""parameters"": {}}",missing,not_run,There is no semantic obligation for this included effect.,,,,ready,,,not_assessed,not_assessed,not_run,,,implemented_pending_verification,,,,,Range: Close Combat Strength: As user +2 Heavy : The +2 Strength bonus applies only to the first turn of hand to hand combat.,censer,,,none,,Review existing evidence; repair verification metadata or missing evidence without reimplementing the effect.,inventory,kb,,item/censer,A,weapon.censer,binding operator 'mechanic:weapon.censer' classified into the A family by operator prefix 'weapon.',fe32746db0089a43ab210f46535650e23dbe351bccdf58e9d60be2b83b3e33dd,fe96b1114f302d9e0043c07183579b14425b23187f7971c3d3ca574b137b1aee,"[""sources/knowledge/catalog/items/weapons-close-combat.yaml""]"
item/ceremonial_scythe,item_effect,Ceremonial Scythe,catalog/items/weapons-close-combat.yaml,Priests for Every Occasion / Priest of Morr / Ceremonial Scythe,,YES,,YES,"{""id"": ""weapon.ceremonial-scythe"", ""kind"": ""mechanic"", ""parameters"": {}}",missing,not_run,There is no semantic obligation for this included effect.,,,,ready,,,not_assessed,not_assessed,not_run,,,implemented_pending_verification,,,,,"Range: Close combat. Strength: As user +1. Difficult to use, Two-handed: cannot use a second weapon, shield or buckler while wielding it.",ceremonial_scythe,,,none,,Review existing evidence; repair verification metadata or missing evidence without reimplementing the effect.,inventory,kb,,item/ceremonial_scythe,A,weapon.ceremonial-scythe,binding operator 'mechanic:weapon.ceremonial-scythe' classified into the A family by operator prefix 'weapon.',625b1c4741b2fa4574c2bc58cac4321f97edb620bb3d12d378645c1c990870a8,39f69ac505647087e21da9fea2cdeb13cd81b7815aae0c63ed38d3593ffa5bb1,"[""sources/knowledge/catalog/items/weapons-close-combat.yaml""]"
item/chain_sticks,item_effect,Chain Sticks,catalog/items/weapons-close-combat.yaml,Monk Equipment List,https://mordheimer.net/docs/warbands/grade-1c-warbands/battle-monks-of-cathay,YES,,YES,"{""id"": ""weapon.chain-sticks"", ""kind"": ""mechanic"", ""parameters"": {}}",missing,not_run,There is no semantic obligation for this included effect.,,,,ready,,,not_assessed,not_assessed,not_run,,,implemented_pending_verification,,,,,Range: Close Combat Strength: As user Flurry : A set of chain sticks allows its wielder to unleash a furious bludgeoning. A warrior armed with chain sticks gets +2 Attacks. This bonus only applies in the first turn of each hand-to-hard combat. Using chain sticks otherwise counts as having two hand weapons.,chain_sticks,,,none,,Review existing evidence; repair verification metadata or missing evidence without reimplementing the effect.,inventory,kb,,item/chain_sticks,A,weapon.chain-sticks,binding operator 'mechanic:weapon.chain-sticks' classified into the A family by operator prefix 'weapon.',e1bbdc00c6262cf2e1ea6437810cd52897b638dc7563981476aa4c5432e2887a,a6ff6bb83a678bb8f51b15dfc1f12afe310a567504204262cdd77d4b1d19479b,"[""sources/knowledge/catalog/items/weapons-close-combat.yaml""]"
item/choppa_counts_as_a_morning_star,item_effect,Choppa Counts as a Morning Star,catalog/items/weapons-close-combat.yaml,Orc equipment lists / Black Orc List,https://mordheimer.net/docs/warbands/grade-1b-warbands/black-orcs,YES,,YES,"{""id"": ""weapon.choppa"", ""kind"": ""mechanic"", ""parameters"": {}}",missing,not_run,There is no semantic obligation for this included effect.,,,,ready,,,not_assessed,not_assessed,not_run,,,implemented_pending_verification,,,,,,choppa_counts_as_a_morning_star,,,none,,Review existing evidence; repair verification metadata or missing evidence without reimplementing the effect.,inventory,kb,,item/choppa_counts_as_a_morning_star,A,weapon.choppa,binding operator 'mechanic:weapon.choppa' classified into the A family by operator prefix 'weapon.',e3b0c44298fc1c149afbf4c8996fb92427ae41e4649b934ca495991b7852b855,fb6f0af096c530546f392fb5cbd6f549a5b3d0afa8996c031b8f2aa9969b20a3,"[""sources/knowledge/catalog/items/weapons-close-combat.yaml""]"
item/claw_of_the_old_ones,item_effect,Claw of the Old Ones,catalog/items/weapons-close-combat.yaml,Heroines Equipment List,https://mordheimer.net/docs/warbands/grade-1b-warbands/amazons,YES,,YES,"{""id"": ""weapon.claw-of-the-old-ones"", ""kind"": ""mechanic"", ""parameters"": {}}",missing,not_run,There is no semantic obligation for this included effect.,,,,ready,,,not_assessed,not_assessed,not_run,,,implemented_pending_verification,,,,,Range: Close Combat Strength: As user +1 No save : The blade of the Claw can literally cut through anything. A warrior wounded by a Claw receives no armour save whatsoever.,claw_of_the_old_ones,,,none,,Review existing evidence; repair verification metadata or missing evidence without reimplementing the effect.,inventory,kb,,item/claw_of_the_old_ones,A,weapon.claw-of-the-old-ones,binding operator 'mechanic:weapon.claw-of-the-old-ones' classified into the A family by operator prefix 'weapon.',439ccc573f74e6b1aa127d55173c26b8eeae1ca2aca52d9a038cdce7efadd4b8,39e10dc9fdd61cb6ff56beb1a7ee823b61327e6c72aae7ad2628c88c2d8b0d87,"[""sources/knowledge/catalog/items/weapons-close-combat.yaml""]"
item/cleaver,item_effect,Cleaver,catalog/items/weapons-close-combat.yaml,Mootlander Equipment List / Master Chef List,https://mordheimer.net/docs/warbands/grade-1b-warbands/mootlanders,YES,,YES,"{""id"": ""weapon.axe"", ""kind"": ""mechanic"", ""parameters"": {}}",missing,not_run,There is no semantic obligation for this included effect.,,,,ready,,,not_assessed,not_assessed,not_run,,,implemented_pending_verification,,,,,Range: Close Combat Strength: As user -1 Save : Target gets -1 to armour save,cleaver,,,none,,Review existing evidence; repair verification metadata or missing evidence without reimplementing the effect.,inventory,kb,,item/cleaver,A,weapon.axe,binding operator 'mechanic:weapon.axe' classified into the A family by operator prefix 'weapon.',3e3dc4ff288db5773db45ffe14c6048f4496706ad5626e7164c23eb3a626c89a,9f04d61e682f6652bd3996f60a6896ae8a51f84461f7bbaa302664dcd4fb7fd3,"[""sources/knowledge/catalog/items/weapons-close-combat.yaml""]"
item/cleaver_counts_as_axe,item_effect,Cleaver Counts as Axe,catalog/items/weapons-close-combat.yaml,Ogre Equipment List,https://mordheimer.net/docs/warbands/grade-1c-warbands/maneaters,YES,,YES,"{""id"": ""weapon.axe"", ""kind"": ""mechanic"", ""parameters"": {}}",missing,not_run,There is no semantic obligation for this included effect.,,,,ready,,,not_assessed,not_assessed,not_run,,,implemented_pending_verification,,,,,,cleaver_counts_as_axe,,,none,,Review existing evidence; repair verification metadata or missing evidence without reimplementing the effect.,inventory,kb,,item/cleaver_counts_as_axe,A,weapon.axe,binding operator 'mechanic:weapon.axe' classified into the A family by operator prefix 'weapon.',e3b0c44298fc1c149afbf4c8996fb92427ae41e4649b934ca495991b7852b855,4c817bd7835095537203a316cf3ed27dcb3e8b58af5659700b158b166a0da206,"[""sources/knowledge/catalog/items/weapons-close-combat.yaml""]"
item/club,item_effect,Club,catalog/items/weapons-close-combat.yaml,Heroines Equipment List,https://mordheimer.net/docs/warbands/grade-1b-warbands/amazons-lustria,YES,,YES,"{""id"": ""weapon.mace"", ""kind"": ""mechanic"", ""parameters"": {}}",missing,not_run,There is no semantic obligation for this included effect.,,,,ready,,,not_assessed,not_assessed,not_run,,,implemented_pending_verification,,,,,"Range: Close Combat Strength: As user Concussion : Hammers and other bludgeoning weapons are excellent to use for striking your enemy senseless. When using a hammer, club or mace, a roll of 2-4 is treated as stunned when rolling to see the extent of a model's injuries.",club,,,none,,Review existing evidence; repair verification metadata or missing evidence without reimplementing the effect.,inventory,kb,,item/club,A,weapon.mace,binding operator 'mechanic:weapon.mace' classified into the A family by operator prefix 'weapon.',f11fe6efbea2b3169895fd7359e1999900309b394590f9eea19e398b62fbd043,820a1a6d70acfc00af9b24b8ab63d34149f55eafce4329a839e7873023f9f23e,"[""sources/knowledge/catalog/items/weapons-close-combat.yaml""]"
item/cutlass_sword,item_effect,Cutlass Sword,catalog/items/weapons-close-combat.yaml,Pirate Equipment List,https://mordheimer.net/docs/warbands/grade-1b-warbands/pirates,YES,,YES,"{""id"": ""weapon.cutlass"", ""kind"": ""mechanic"", ""parameters"": {}}",missing,not_run,There is no semantic obligation for this included effect.,,,,ready,,,not_assessed,not_assessed,not_run,,,implemented_pending_verification,,,,,,cutlass_sword,,,none,,Review existing evidence; repair verification metadata or missing evidence without reimplementing the effect.,inventory,kb,,item/cutlass_sword,A,weapon.cutlass,binding operator 'mechanic:weapon.cutlass' classified into the A family by operator prefix 'weapon.',e3b0c44298fc1c149afbf4c8996fb92427ae41e4649b934ca495991b7852b855,4efbd1766361dbc6fe784aed0686b70b6c7fde84cab8e4883c8742aa52282ede,"[""sources/knowledge/catalog/items/weapons-close-combat.yaml""]"
item/dagger,item_effect,Dagger,catalog/items/weapons-close-combat.yaml,Heroines Equipment List,https://mordheimer.net/docs/warbands/grade-1b-warbands/amazons-lustria,YES,,YES,"{""id"": ""weapon.dagger"", ""kind"": ""mechanic"", ""parameters"": {}}",missing,not_run,There is no semantic obligation for this included effect.,,,,ready,,,not_assessed,not_assessed,not_run,,,implemented_pending_verification,,,,,"Range: Close Combat Strength: As user +1 Enemy armour save : Daggers are not the best weapons to use for penetrating an enemy model's armour. An enemy wounded by a dagger gains a +1 bonus to his armour save, and a 6+ armour save if he has none normally.",dagger,,,none,,Review existing evidence; repair verification metadata or missing evidence without reimplementing the effect.,inventory,kb,,item/dagger,A,weapon.dagger,binding operator 'mechanic:weapon.dagger' classified into the A family by operator prefix 'weapon.',e45684230b35ad8a6f561d66fad574a233305ece204f0981adc2f01c95faf82a,5f7e921b7578e3602fc063544ebf300343f92754690fc40a5c918318335ecf0d,"[""sources/knowledge/catalog/items/weapons-close-combat.yaml""]"
item/dagger_jambiya,item_effect,Dagger Jambiya,catalog/items/weapons-close-combat.yaml,Warrior equipment list,https://mordheimer.net/docs/warbands/grade-1b-warbands/arabian-tomb-raiders,YES,,YES,"{""id"": ""weapon.dagger"", ""kind"": ""mechanic"", ""parameters"": {}}",missing,not_run,There is no semantic obligation for this included effect.,,,,ready,,,not_assessed,not_assessed,not_run,,,implemented_pending_verification,,,,,,dagger_jambiya,,,none,,Review existing evidence; repair verification metadata or missing evidence without reimplementing the effect.,inventory,kb,,item/dagger_jambiya,A,weapon.dagger,binding operator 'mechanic:weapon.dagger' classified into the A family by operator prefix 'weapon.',e3b0c44298fc1c149afbf4c8996fb92427ae41e4649b934ca495991b7852b855,a8c385b25809eaf4bcedacbb3469b4587dcc5c97abfb65f9441ee037e890103c,"[""sources/knowledge/catalog/items/weapons-close-combat.yaml""]"
item/disease_dagger,item_effect,Disease Dagger,catalog/items/weapons-close-combat.yaml,Heroes equipment lists,https://mordheimer.net/docs/warbands/grade-1b-warbands/skaven-pestilens,YES,,YES,"{""id"": ""weapon.disease-dagger"", ""kind"": ""mechanic"", ""parameters"": {}}",missing,not_run,There is no semantic obligation for this included effect.,,,,ready,,,not_assessed,not_assessed,not_run,,,implemented_pending_verification,,,,,"Range: Close Combat Strength: As user +1 Enemy Armour Save : Daggers are not the best weapons to use for penetrating an enemy model's armour. An enemy wounded by a dagger gains a +1 bonus to his armour save, and a 6+ armour save if he has none normally.",disease_dagger,,,none,,Review existing evidence; repair verification metadata or missing evidence without reimplementing the effect.,inventory,kb,,item/disease_dagger,A,weapon.disease-dagger,binding operator 'mechanic:weapon.disease-dagger' classified into the A family by operator prefix 'weapon.',7af3b481d61bf1508fb838a4a9b430bbc19aea3911a0bdd528458b0076255af3,d049bf0622a3f12f91e34c933b18cb5e643385a74b741d61987fa20d3ead49cb,"[""sources/knowledge/catalog/items/weapons-close-combat.yaml""]"
item/dragon_sword,item_effect,Dragon Sword,catalog/items/weapons-close-combat.yaml,Soldier Equipment List,https://mordheimer.net/docs/warbands/grade-1c-warbands/battle-monks-of-cathay,YES,,YES,"{""id"": ""weapon.dragon-sword"", ""kind"": ""mechanic"", ""parameters"": {}}",missing,not_run,There is no semantic obligation for this included effect.,,,,ready,,,not_assessed,not_assessed,not_run,,,implemented_pending_verification,,,,,"Range: Close Combat Strength: As user +1 Two-handed : A model armed with a Dragon Sword may not use a shield, buckler or additional weapon in close combat. It gets an additional +1 armour save bonus against ranged attacks if it carries a shield. In some older material, the Dragon Sword was referred to as ""Katana"".",dragon_sword,,,none,,Review existing evidence; repair verification metadata or missing evidence without reimplementing the effect.,inventory,kb,,item/dragon_sword,A,weapon.dragon-sword,binding operator 'mechanic:weapon.dragon-sword' classified into the A family by operator prefix 'weapon.',82990d8fa0b0285e456a9ec1aafcf920e699d9e8a54f26e765d1bf7abaeecdb4,bd593ab37aa3966060a360007bc28008be9d60e1b1f3de1581558e7d5de98448,"[""sources/knowledge/catalog/items/weapons-close-combat.yaml""]"
item/dwarf_axe,item_effect,Dwarf Axe,catalog/items/weapons-close-combat.yaml,Dwarf Warrior Equipment List,https://mordheimer.net/docs/warbands/grade-1b-warbands/dwarf-rangers,YES,,YES,"{""id"": ""weapon.dwarf-axe"", ""kind"": ""mechanic"", ""parameters"": {}}",missing,not_run,There is no semantic obligation for this included effect.,,,,ready,,,not_assessed,not_assessed,not_run,,,implemented_pending_verification,,,,,"Range: Close Combat Strength: As user Cutting Edge : Dwarf axes have an extra save modifier of -1, so a model with Strength 4 using a Dwarf axe has a -2 save modifier when he hits an opponent with the axe in close combat.",dwarf_axe,,,none,,Review existing evidence; repair verification metadata or missing evidence without reimplementing the effect.,inventory,kb,,item/dwarf_axe,A,weapon.dwarf-axe,binding operator 'mechanic:weapon.dwarf-axe' classified into the A family by operator prefix 'weapon.',1ac715d28777b8b775381201c6ae11143862cad669093d0769ae9de1b4d7bf19,7bacb7ac75199a32d39056223599b8f28df424b71e7bd72b92e43fbcb1d1d663,"[""sources/knowledge/catalog/items/weapons-close-combat.yaml""]"
item/fighting_claws,item_effect,Fighting Claws,catalog/items/weapons-close-combat.yaml,Heroes equipment lists,https://mordheimer.net/docs/warbands/grade-1a-warbands/skaven-eshin,YES,,YES,"{""id"": ""weapon.fighting-claws"", ""kind"": ""mechanic"", ""parameters"": {}}",missing,not_run,There is no semantic obligation for this included effect.,,,,ready,,,not_assessed,not_assessed,not_run,,,implemented_pending_verification,,,,,"Range: Close Combat Strength: As user Pair : Fighting Claws are traditionally used in pairs, one in each hand. A warrior armed with Fighting Claws gets an additional attack.",fighting_claws,,,none,,Review existing evidence; repair verification metadata or missing evidence without reimplementing the effect.,inventory,kb,,item/fighting_claws,A,weapon.fighting-claws,binding operator 'mechanic:weapon.fighting-claws' classified into the A family by operator prefix 'weapon.',7a32cf578710db0451f5b3afb4d1dccc07b5ff650632427728a0e37fbd325687,f40924640e04c558bf35c16877660b2db8e64cc387b48a91c8279b5dcd8bf8e5,"[""sources/knowledge/catalog/items/weapons-close-combat.yaml""]"
item/flail,item_effect,Flail,catalog/items/weapons-close-combat.yaml,Warrior equipment list,https://mordheimer.net/docs/warbands/grade-1b-warbands/arabian-tomb-raiders,YES,,YES,"{""id"": ""weapon.flail"", ""kind"": ""mechanic"", ""parameters"": {}}",missing,not_run,There is no semantic obligation for this included effect.,,,,ready,,,not_assessed,not_assessed,not_run,,,implemented_pending_verification,,,,,Range: Close Combat Strength: As user +2 Heavy : A flail is extremely tiring to use and thus the +2 Strength bonus applies only in the first turn of each hand-to-hand combat.,flail,,,none,,Review existing evidence; repair verification metadata or missing evidence without reimplementing the effect.,inventory,kb,,item/flail,A,weapon.flail,binding operator 'mechanic:weapon.flail' classified into the A family by operator prefix 'weapon.',6d4efd923b83b760a7c471346db38ee7785451c45f0cf956a31c4c2d66b8fa16,3eff26ed0badd53c03110d458a09262833e327c872971a302da81c7868c3a500,"[""sources/knowledge/catalog/items/weapons-close-combat.yaml""]"
item/great_axe,item_effect,Great Axe,catalog/items/weapons-close-combat.yaml,Hero equipment list,https://mordheimer.net/docs/warbands/grade-1c-warbands/marauders-of-chaos,YES,,YES,"{""id"": ""weapon.double-handed-weapon"", ""kind"": ""mechanic"", ""parameters"": {}}",missing,not_run,There is no semantic obligation for this included effect.,,,,ready,,,not_assessed,not_assessed,not_run,,,implemented_pending_verification,,,,,"Range: Close Combat Strength: As user +2 Two-handed : As a great axe requires two hands to use, a model using a great axe may not use a shield, buckler or additional weapon in close combat. If the model has a shield he still gets a +1 bonus to his armour save against shooting.",great_axe,,,none,,Review existing evidence; repair verification metadata or missing evidence without reimplementing the effect.,inventory,kb,,item/great_axe,A,weapon.double-handed-weapon,binding operator 'mechanic:weapon.double-handed-weapon' classified into the A family by operator prefix 'weapon.',60870bb78434b3db92902faebf917526262c670eaf2f4dd670a857597cedee20,8ed99e79bfe9a263f39a1658df082b8a2e9dd35acc9d51224f526bd95cf3122d,"[""sources/knowledge/catalog/items/weapons-close-combat.yaml""]"
item/great_weapon,item_effect,Great Weapon,catalog/items/weapons-close-combat.yaml,Heroines Equipment List,https://mordheimer.net/docs/warbands/grade-1b-warbands/amazons-lustria,YES,,YES,"{""id"": ""weapon.double-handed-weapon"", ""kind"": ""mechanic"", ""parameters"": {}}",missing,not_run,There is no semantic obligation for this included effect.,,,,ready,,,not_assessed,not_assessed,not_run,,,implemented_pending_verification,,,,,,great_weapon,,,none,,Review existing evidence; repair verification metadata or missing evidence without reimplementing the effect.,inventory,kb,,item/great_weapon,A,weapon.double-handed-weapon,binding operator 'mechanic:weapon.double-handed-weapon' classified into the A family by operator prefix 'weapon.',e3b0c44298fc1c149afbf4c8996fb92427ae41e4649b934ca495991b7852b855,0a629fa8a990eaf4ebb7b885382a480ec675b4e393635ea4aa8c7e024a7f2b10,"[""sources/knowledge/catalog/items/weapons-close-combat.yaml""]"
item/halberd,item_effect,Halberd,catalog/items/weapons-close-combat.yaml,Mountainguard Equipment List,https://mordheimer.net/docs/warbands/grade-1a-warbands/averlander,YES,,YES,"{""id"": ""weapon.halberd"", ""kind"": ""mechanic"", ""parameters"": {}}",missing,not_run,There is no semantic obligation for this included effect.,,,,ready,,,not_assessed,not_assessed,not_run,,,implemented_pending_verification,,,,,"Range: Close Combat Strength: As user +1 Two-handed : A model armed with a halberd may not use a shield, buckler or additional weapon in close combat. If the model has a shield he still gets a +1 bonus to his armour save against shooting.",halberd,,,none,,Review existing evidence; repair verification metadata or missing evidence without reimplementing the effect.,inventory,kb,,item/halberd,A,weapon.halberd,binding operator 'mechanic:weapon.halberd' classified into the A family by operator prefix 'weapon.',a2559d8bbc6aad83a5ed2957724f8a00168d80c9728802dd4230bcb86c53233e,87b024927f781491eb406c3f5c286828eb539ded8e91c2c1b9b9a0bd3f9dd415,"[""sources/knowledge/catalog/items/weapons-close-combat.yaml""]"
item/hammer,item_effect,Hammer,catalog/items/weapons-close-combat.yaml,Scout Equipment List,https://mordheimer.net/docs/warbands/grade-1a-warbands/averlander,YES,,YES,"{""id"": ""weapon.mace"", ""kind"": ""mechanic"", ""parameters"": {}}",missing,not_run,There is no semantic obligation for this included effect.,,,,ready,,,not_assessed,not_assessed,not_run,,,implemented_pending_verification,,,,,"Range: Close Combat Strength: As user Concussion : Hammers and other bludgeoning weapons are excellent to use for striking your enemy senseless. When using a hammer, club or mace, a roll of 2-4 is treated as stunned when rolling to see the extent of a model's injuries.",hammer,,,none,,Review existing evidence; repair verification metadata or missing evidence without reimplementing the effect.,inventory,kb,,item/hammer,A,weapon.mace,binding operator 'mechanic:weapon.mace' classified into the A family by operator prefix 'weapon.',f11fe6efbea2b3169895fd7359e1999900309b394590f9eea19e398b62fbd043,c310ca0c9d79d97f35c034d73027dce774594f742144ee10629fed8b5fc58236,"[""sources/knowledge/catalog/items/weapons-close-combat.yaml""]"
item/hellblade,item_effect,Hellblade,catalog/items/weapons-close-combat.yaml,Khorne Raiders special equipment / Hellblade,https://broheim.net/downloads/warbands/supplement/sartosa/Khorne%20Raiders.pdf,YES,,YES,"{""id"": ""weapon.hellblade"", ""kind"": ""mechanic"", ""parameters"": {}}",missing,not_run,There is no semantic obligation for this included effect.,,,,ready,,,not_assessed,not_assessed,not_run,,,implemented_pending_verification,sources/2B/catalog/items/sar-sartosa-gear.yaml#hellblade#hellblade,mixed,"[""T13.2"",""T13.3"",""T13.6""]",,"A rare blade charged with the power of Khorne himself. On land it is rare to see them out of the hands of a Bloodletter, but on the high seas the stability of Demons ebbs and flows with the tide; Khorne instead sends his signature weapons in the hands of worthy pirates, so they may paint the seas red. Range: Close Combat; Strength: as user +1; special rules: soulseeking, two-handed, deadly, magical. Soulseeking: all attacks made with a Hellblade are at +1 to hit — this does not work on Undead or Demon models. Two-handed: a model armed with a Hellblade may not use a shield, buckler or additional weapon in close combat (a shield still gives +1 armour save against shooting). Deadly: a Hellblade causes critical hits on rolls of 5 or 6 — this rule does not apply if the warrior requires 5s or higher to wound. Magical: all attacks count as magical; a Hellblade cannot be made of Gromril, Ithilmar or similar mortal metals. 35 gc, Rare 8, Khorne warbands only (Captain only in the Pirate equipment list).",hellblade,local-hit-wound-injury,,none,,Review existing evidence; repair verification metadata or missing evidence without reimplementing the effect.,inventory,kb,,item/hellblade,A,weapon.hellblade,binding operator 'mechanic:weapon.hellblade' classified into the A family by operator prefix 'weapon.',a85d41a65f140fce2db74a9d9e6bb3a5601b12b62c034f7a27efb78462d925c0,91503b1175e048c6bd9931215c2550612e38f4f6193baf73a91f6cf3b6022549,"[""sources/knowledge/catalog/items/weapons-close-combat.yaml""]"
item/iron_fist,item_effect,Iron Fist,catalog/items/weapons-close-combat.yaml,Ogre Equipment List,https://mordheimer.net/docs/warbands/grade-1c-warbands/maneaters,YES,,YES,"{""id"": ""weapon.spiked-gauntlet"", ""kind"": ""mechanic"", ""parameters"": {}}",missing,not_run,There is no semantic obligation for this included effect.,,,,ready,,,not_assessed,not_assessed,not_run,,,implemented_pending_verification,,,,,Range: Close Combat Strength: As user Parry : A model with an iron fist may parry enemy blows.,iron_fist,,,none,,Review existing evidence; repair verification metadata or missing evidence without reimplementing the effect.,inventory,kb,,item/iron_fist,A,weapon.spiked-gauntlet,binding operator 'mechanic:weapon.spiked-gauntlet' classified into the A family by operator prefix 'weapon.',20de5edd74ab302a3ce14ab59c824364d96b285c6e61e5f78f277dfd4c521100,515e3bbad982dc1edea40fc1c576b1c38c69b7f2563918e9e9ca89059b239ce5,"[""sources/knowledge/catalog/items/weapons-close-combat.yaml""]"
item/katana,item_effect,Katana,catalog/items/weapons-close-combat.yaml,Pirates of the Cathayan Sea special equipment / Katana,https://broheim.net/downloads/warbands/supplement/sartosa/Pirates%20of%20the%20Cathayan%20Sea.pdf,YES,,YES,"{""id"": ""weapon.katana"", ""kind"": ""mechanic"", ""parameters"": {}}",missing,not_run,There is no semantic obligation for this included effect.,,,,ready,,,not_assessed,not_assessed,not_run,,,implemented_pending_verification,sources/2B/catalog/items/sar-sartosa-gear.yaml#katana#katana,mixed,"[""T13.2"",""T13.3"",""T13.4"",""T13.6""]",,"Katanas are great-swords that are usually used by Cathayan Soldiers and Ronins. Range: Close Combat; Strength: as user +1; special rules: two-handed, parry. Two-handed: a model armed with a katana may not use a shield, buckler or additional weapon in close combat; however it gets an additional +1 armour save bonus against ranged attacks if it carries a shield. Parry: katanas, despite their great size, can be used for parrying like a sword — when his opponent rolls to hit, the model armed with a katana may roll a D6; if the score is greater than the highest to hit score of his opponent the blow is parried and discarded; a model may not parry attacks made with double or more its own Strength. 20 gold crowns, Rare 10 (Heroes only).",katana,parry-and-equipment,,none,,Review existing evidence; repair verification metadata or missing evidence without reimplementing the effect.,inventory,kb,,item/katana,A,weapon.katana,binding operator 'mechanic:weapon.katana' classified into the A family by operator prefix 'weapon.',514ba311c73c4c350c0794d38287f1b973bd211b4456db22ad9efa492725dd16,2df32e791278292057e02aa160019a7d83e04d7559e0744e9ee6771c3c41fc09,"[""sources/knowledge/catalog/items/weapons-close-combat.yaml""]"
item/katar,item_effect,Katar,catalog/items/weapons-close-combat.yaml,Slave equipment list,https://mordheimer.net/docs/warbands/grade-1b-warbands/arabian-tomb-raiders,YES,,YES,"{""id"": ""weapon.katar"", ""kind"": ""mechanic"", ""parameters"": {}}",missing,not_run,There is no semantic obligation for this included effect.,,,,ready,,,not_assessed,not_assessed,not_run,,,implemented_pending_verification,,,,,Range: Close Combat Strength: As user -1 enemy armour save : Target gets -1 to armour save,katar,,,none,,Review existing evidence; repair verification metadata or missing evidence without reimplementing the effect.,inventory,kb,,item/katar,A,weapon.katar,binding operator 'mechanic:weapon.katar' classified into the A family by operator prefix 'weapon.',c8476c9efe312eb5cedf6873b2b3a01c5e9b352f5e11f74a073758876815279e,b403174ed2bd1b56da32cee0480e3e29afc0e1e1915024b1269ee3a131fc1418,"[""sources/knowledge/catalog/items/weapons-close-combat.yaml""]"
item/kitchen_knife,item_effect,Kitchen Knife,catalog/items/weapons-close-combat.yaml,Mootlander Equipment List / Master Chef List,https://mordheimer.net/docs/warbands/grade-1b-warbands/mootlanders,YES,,YES,"{""id"": ""weapon.dagger"", ""kind"": ""mechanic"", ""parameters"": {}}",missing,not_run,There is no semantic obligation for this included effect.,,,,ready,,,not_assessed,not_assessed,not_run,,,implemented_pending_verification,,,,,"Range: Close Combat Strength: As user +1 Enemy armour save : Kitchen knives are not the best weapons to use for penetrating an enemy model's armour. An enemy wounded by a kitchen knife gains a +1 bonus to his armour save, and a 6+ armour save if he has none normally. ✏️",kitchen_knife,,,none,,Review existing evidence; repair verification metadata or missing evidence without reimplementing the effect.,inventory,kb,,item/kitchen_knife,A,weapon.dagger,binding operator 'mechanic:weapon.dagger' classified into the A family by operator prefix 'weapon.',b32d761db3e2ea9bdfbee1717c1e694fdaca6b1f1c291e8ca7e07308cd4f11c8,ad19df5b5c64f7368267a58da7108f270162bc398c99b82cc1dc0185abe8d512,"[""sources/knowledge/catalog/items/weapons-close-combat.yaml""]"
item/knuckledusters,item_effect,Knuckledusters,catalog/items/weapons-close-combat.yaml,Low Kings special equipment / Knuckledusters,https://broheim.net/downloads/warbands/supplement/mutinyinmarienburg/Low%20Kings.pdf,YES,,YES,"{""id"": ""weapon.knuckledusters"", ""kind"": ""mechanic"", ""parameters"": {}}",missing,not_run,There is no semantic obligation for this included effect.,,,,ready,,,not_assessed,not_assessed,not_run,,,implemented_pending_verification,sources/2B/catalog/items/mim-special-equipment-b.yaml#knuckledusters#knuckledusters,included,"[""T13.2"",""T13.3"",""T13.4"",""T13.6""]",,"Thugs and robbers infest mighty cities of the Empire. Marienburg has more than its share of hoodlums who would not hesitate to strike their enemies with a low blow! Easily secreted, knuckledusters used in pairs. Range: Close Combat; Strength: as user; special rules: pair, concealable. Pair: knuckledusters are used in pairs, one in each hand; a warrior armed with knuckledusters gets an additional attack. Concealable: small enough to stow away in any pocket; they do not count towards the two close combat weapons a model may carry and may be used in any scenario which prohibits use of weapons, such as 'Last Orders!' or 'Pit of Blood'. 5 gold crowns, Rare 6.",knuckledusters,attack-pool-and-priority,,none,,Review existing evidence; repair verification metadata or missing evidence without reimplementing the effect.,inventory,kb,,item/knuckledusters,A,weapon.knuckledusters,binding operator 'mechanic:weapon.knuckledusters' classified into the A family by operator prefix 'weapon.',882d94a2d084f95fadddf65b769dd551320cf99f1df929aa6fece11b83f83d15,3916130e1edcef6918cc490104089acef1e5ed9b647012be91cb416090de0f11,"[""sources/knowledge/catalog/items/weapons-close-combat.yaml""]"
item/ladle,item_effect,Ladle,catalog/items/weapons-close-combat.yaml,Mootlander Equipment List / Master Chef List,https://mordheimer.net/docs/warbands/grade-1b-warbands/mootlanders,YES,,YES,"{""id"": ""weapon.mace"", ""kind"": ""mechanic"", ""parameters"": {}}",missing,not_run,There is no semantic obligation for this included effect.,,,,ready,,,not_assessed,not_assessed,not_run,,,implemented_pending_verification,,,,,"Range: Close Combat Strength: As user No save except shields : A Master Chef knows exactly where to aim his ladle, helmets and breast plates are of little use against a ladle whacked across the hands. The only saving throws allowed are from shields or skills.",ladle,,,none,,Review existing evidence; repair verification metadata or missing evidence without reimplementing the effect.,inventory,kb,,item/ladle,A,weapon.mace,binding operator 'mechanic:weapon.mace' classified into the A family by operator prefix 'weapon.',36dac7d2d079f19cf43e806d803028f08c26d6bc9d9c4389e2e7f94f6d8989a4,8b3dc761eabc3d4d03b9ac939562b6a5ea8ff09c12207b20c8755efd56da6f53,"[""sources/knowledge/catalog/items/weapons-close-combat.yaml""]"
item/lance,item_effect,Lance,catalog/items/weapons-close-combat.yaml,Knights Equipment List,https://mordheimer.net/docs/warbands/grade-1b-warbands/bretonnian,YES,,YES,"{""id"": ""weapon.lance"", ""kind"": ""mechanic"", ""parameters"": {}}",missing,not_run,There is no semantic obligation for this included effect.,,,,ready,,,not_assessed,not_assessed,not_run,,,implemented_pending_verification,,,,,"Range: Close Combat Strength: As user +2 when charging on horseback Cavalry weapon : A warrior must own a warhorse to use a lance, as it can only be used whilst he is on horseback.",lance,,,none,,Review existing evidence; repair verification metadata or missing evidence without reimplementing the effect.,inventory,kb,,item/lance,A,weapon.lance,binding operator 'mechanic:weapon.lance' classified into the A family by operator prefix 'weapon.',521ac6aac0f2c53a536d167dedfdc997f1baeb24249f8671f2a30e770b58fc12,315cdc795387e19f24f8b643f0453879149d794ee8e84be0cc6d9b6a68aabaa1,"[""sources/knowledge/catalog/items/weapons-close-combat.yaml""]"
item/lance_not_questing_knight,item_effect,Lance Not Questing Knight,catalog/items/weapons-close-combat.yaml,Knights Equipment List,https://mordheimer.net/docs/warbands/grade-1c-warbands/bretonnian-chapel-guard,YES,,YES,"{""id"": ""weapon.lance"", ""kind"": ""mechanic"", ""parameters"": {}}",missing,not_run,There is no semantic obligation for this included effect.,,,,ready,,,not_assessed,not_assessed,not_run,,,implemented_pending_verification,,,,,,lance_not_questing_knight,,,none,,Review existing evidence; repair verification metadata or missing evidence without reimplementing the effect.,inventory,kb,,item/lance_not_questing_knight,A,weapon.lance,binding operator 'mechanic:weapon.lance' classified into the A family by operator prefix 'weapon.',e3b0c44298fc1c149afbf4c8996fb92427ae41e4649b934ca495991b7852b855,aa93998b54f647763fa6abfb1b1c1910352cdeb8646ce64b2f13fb27385bc124,"[""sources/knowledge/catalog/items/weapons-close-combat.yaml""]"
item/long_daggers,item_effect,Long Daggers,catalog/items/weapons-close-combat.yaml,Special equipment / Long daggers,https://broheim.net/downloads/warbands/supplement/sealedcity/Silent%20Brotherhood.pdf,YES,,YES,"{""id"": ""weapon.long-daggers"", ""kind"": ""mechanic"", ""parameters"": {}}",missing,not_run,There is no semantic obligation for this included effect.,,,,ready,,,not_assessed,not_assessed,not_run,,,implemented_pending_verification,sources/2B/catalog/items/sc-sealed-city-gear.yaml#long_daggers#long_daggers,included,"[""T13.2"",""T13.3"",""T13.4"",""T13.6""]",,"These daggers are stuck somewhere between dagger and sword, combining concealment with flexibility. They are even sturdy enough to parry enemy blows with a cross block. Range: Close Combat; Strength: as user; special rules: pair, parry. Pair: long daggers are traditionally used in pairs, one in each hand; a warrior armed with long daggers gets an additional attack for using two weapons. Parry: a warrior armed with long daggers may parry blows in the same way as a model armed with a sword. 10 gc, Rare 6, Silent Brotherhood only.",long_daggers,parry-and-equipment,,none,,Review existing evidence; repair verification metadata or missing evidence without reimplementing the effect.,inventory,kb,,item/long_daggers,A,weapon.long-daggers,binding operator 'mechanic:weapon.long-daggers' classified into the A family by operator prefix 'weapon.',e0f8f35acc7e779aecfcfda5b6a53476f4654b46918d53c4744781e5cbf07aa5,0703d8d810881da36a4adbb67d4d4d86c8b6a00e02ade2846578bc3c511c7e77,"[""sources/knowledge/catalog/items/weapons-close-combat.yaml""]"
item/mace,item_effect,Mace,catalog/items/weapons-close-combat.yaml,Warrior equipment list,https://mordheimer.net/docs/warbands/grade-1b-warbands/arabian-tomb-raiders,YES,,YES,"{""id"": ""weapon.mace"", ""kind"": ""mechanic"", ""parameters"": {}}",missing,not_run,There is no semantic obligation for this included effect.,,,,ready,,,not_assessed,not_assessed,not_run,,,implemented_pending_verification,,,,,"Range: Close Combat Strength: As user Concussion : Hammers and other bludgeoning weapons are excellent to use for striking your enemy senseless. When using a hammer, club or mace, a roll of 2-4 is treated as stunned when rolling to see the extent of a model's injuries.",mace,,,none,,Review existing evidence; repair verification metadata or missing evidence without reimplementing the effect.,inventory,kb,,item/mace,A,weapon.mace,binding operator 'mechanic:weapon.mace' classified into the A family by operator prefix 'weapon.',f11fe6efbea2b3169895fd7359e1999900309b394590f9eea19e398b62fbd043,1410a78e39d9d929c023964fa3f12721fc329e957342528b8c6c31dae07a3af7,"[""sources/knowledge/catalog/items/weapons-close-combat.yaml""]"
item/mace_hammer,item_effect,Mace Hammer,catalog/items/weapons-close-combat.yaml,Gunnery School equipment lists,https://mordheimer.net/docs/warbands/grade-1b-warbands/gunnery-school-of-nuln,YES,,YES,"{""id"": ""weapon.mace"", ""kind"": ""mechanic"", ""parameters"": {}}",missing,not_run,There is no semantic obligation for this included effect.,,,,ready,,,not_assessed,not_assessed,not_run,,,implemented_pending_verification,,,,,,mace_hammer,,,none,,Review existing evidence; repair verification metadata or missing evidence without reimplementing the effect.,inventory,kb,,item/mace_hammer,A,weapon.mace,binding operator 'mechanic:weapon.mace' classified into the A family by operator prefix 'weapon.',e3b0c44298fc1c149afbf4c8996fb92427ae41e4649b934ca495991b7852b855,4a3fa8d1759c20f0358fd7d7238d1ed74b83e94456fae9ac77b4608e5547f722,"[""sources/knowledge/catalog/items/weapons-close-combat.yaml""]"
item/main_gauche,item_effect,Main Gauche,catalog/items/weapons-close-combat.yaml,Duelist equipment list,https://mordheimer.net/docs/warbands/grade-1b-warbands/hochland-bandits,YES,,YES,"{""id"": ""weapon.sword-breaker"", ""kind"": ""mechanic"", ""parameters"": {}}",missing,not_run,There is no semantic obligation for this included effect.,,,,ready,,,not_assessed,not_assessed,not_run,,,implemented_pending_verification,,,,,Range: Close Combat Strength: As user Parry : Can parry enemy blows,main_gauche,,,none,,Review existing evidence; repair verification metadata or missing evidence without reimplementing the effect.,inventory,kb,,item/main_gauche,A,weapon.sword-breaker,binding operator 'mechanic:weapon.sword-breaker' classified into the A family by operator prefix 'weapon.',24496b88284479f7289467e3ca6a3e2486ba9933282f3d2451fc73e5ebe68e4d,ea833b3019e8e60de1b7fcdc97405521c9fd426d9aec4c8492d490ed0713d5a1,"[""sources/knowledge/catalog/items/weapons-close-combat.yaml""]"
item/man_catcher,item_effect,Man Catcher,catalog/items/weapons-close-combat.yaml,Chaos Dwarf Equipment List,https://mordheimer.net/docs/warbands/grade-1c-warbands/black-dwarfs,YES,,YES,"{""id"": ""weapon.man-catcher"", ""kind"": ""mechanic"", ""parameters"": {}}",missing,not_run,There is no semantic obligation for this included effect.,,,,ready,,,not_assessed,not_assessed,not_run,,,implemented_pending_verification,,,,,"Range: Close Combat Strength: As user Capture : A model taken out of action by a Mancatcher becomes captured. Do not roll for Serious Injuries. The catch is locked up in the Engine of Chaos instead. If the warband does not include an Engine of Chaos, roll for Serious Injuries as normal. Large models, such as Ogres, Trolls and Minotaurs, cannot be captured this way, and neither can animals.",man_catcher,,,none,,Review existing evidence; repair verification metadata or missing evidence without reimplementing the effect.,inventory,kb,,item/man_catcher,A,weapon.man-catcher,binding operator 'mechanic:weapon.man-catcher' classified into the A family by operator prefix 'weapon.',1654ab612c6625b4b249124c867a0864ba23bb946a1baaf69f9183af6460ca97,74564aef19c901dca8c2cfb03b689c430483d4f942a2d603917dfebb409361ae,"[""sources/knowledge/catalog/items/weapons-close-combat.yaml""]"
item/misericordia,item_effect,Misericordia,catalog/items/weapons-close-combat.yaml,Heroes Equipment List,https://mordheimer.net/docs/warbands/grade-1c-warbands/cursed-cavalcade,YES,,YES,"{""id"": ""weapon.misericordia"", ""kind"": ""mechanic"", ""parameters"": {}}",missing,not_run,There is no semantic obligation for this included effect.,,,,ready,,,not_assessed,not_assessed,not_run,,,implemented_pending_verification,,,,,"Range: Close combat Strength: As user : Coup de Grace Coup de Grace: As the warriors of the Cursed Cavalcade are experts at hitting the vital spots of their opponents, and the Misericordia can find the smallest chink in even the best suit of armor. Often the wielders choose a spot that causes indescribable pain but does not kill the target outright so he can be dragged before the Throne of Worms. When attacking knocked down opponents, Misericordia bypasses all armor saves.",misericordia,,,none,,Review existing evidence; repair verification metadata or missing evidence without reimplementing the effect.,inventory,kb,,item/misericordia,A,weapon.misericordia,binding operator 'mechanic:weapon.misericordia' classified into the A family by operator prefix 'weapon.',ff68b02379dd2a245c1943a89c125e57c3d1368bcdc97d5788916c709db8d14c,2382fc344db79a5b1b6867e8de2e08db4dca6da4a419af44621e040599209085,"[""sources/knowledge/catalog/items/weapons-close-combat.yaml""]"
item/morning_star,item_effect,Morning Star,catalog/items/weapons-close-combat.yaml,Mountainguard Equipment List,https://mordheimer.net/docs/warbands/grade-1a-warbands/averlander,YES,,YES,"{""id"": ""weapon.morning-star"", ""kind"": ""mechanic"", ""parameters"": {}}",missing,not_run,There is no semantic obligation for this included effect.,,,,ready,,,not_assessed,not_assessed,not_run,,,implemented_pending_verification,,,,,"Range: Close Combat Strength: As user +1 Heavy : The morning star is extremely tiring to use, so its +1 Strength bonus applies only in the first turn of each hand-to-hand combat.",morning_star,,,none,,Review existing evidence; repair verification metadata or missing evidence without reimplementing the effect.,inventory,kb,,item/morning_star,A,weapon.morning-star,binding operator 'mechanic:weapon.morning-star' classified into the A family by operator prefix 'weapon.',52002e119428b19f246582bd908d3d8a6415b891dcaa8c4d2b73855307f9100d,cfe88d757f2823e2c0d1696284dda9e415e97a90e02f0e4ddd93a456ee80a51f,"[""sources/knowledge/catalog/items/weapons-close-combat.yaml""]"
item/ogre_club,item_effect,Ogre Club,catalog/items/weapons-close-combat.yaml,Ogre Equipment List,https://mordheimer.net/docs/warbands/grade-1c-warbands/maneaters,YES,,YES,"{""id"": ""weapon.mace"", ""kind"": ""mechanic"", ""parameters"": {}}",missing,not_run,There is no semantic obligation for this included effect.,,,,ready,,,not_assessed,not_assessed,not_run,,,implemented_pending_verification,,,,,"Range: Close Combat Strength: As user Concussion : Ogre clubs are excellent to use for striking enemies senseless. When using an Ogre club, a roll of 2-4 is treated as stunned when rolling for Injuries.",ogre_club,,,none,,Review existing evidence; repair verification metadata or missing evidence without reimplementing the effect.,inventory,kb,,item/ogre_club,A,weapon.mace,binding operator 'mechanic:weapon.mace' classified into the A family by operator prefix 'weapon.',36f63e3cf900c391fcbb23feed248880840b625c38cb832384403fad98c4e006,07bb3ba827b0f7c09ba3656ea562d95430dd0a4f99bc01e54050a9f7a1f55b77,"[""sources/knowledge/catalog/items/weapons-close-combat.yaml""]"
item/pike,item_effect,Pike,catalog/items/weapons-close-combat.yaml,Henchman Equipment List,https://mordheimer.net/docs/warbands/grade-1c-warbands/merchant-caravans,YES,,YES,"{""id"": ""weapon.pike"", ""kind"": ""mechanic"", ""parameters"": {}}",missing,not_run,There is no semantic obligation for this included effect.,,,,ready,,,not_assessed,not_assessed,not_run,,,implemented_pending_verification,,,,,"Range: Close Combat Strength: As user Strike First : A warrior with a pike strikes first in the first turn of a hand-to-hand combat. For that turn, he gains +1 Initiative representing the pike's long shaft that allows him to attack even before the enemy reaches him.",pike,,,none,,Review existing evidence; repair verification metadata or missing evidence without reimplementing the effect.,inventory,kb,,item/pike,A,weapon.pike,binding operator 'mechanic:weapon.pike' classified into the A family by operator prefix 'weapon.',b279d20ab487e8f8b90fa546d4f15b792194afd58025a673136246923253f031,8ecb3fa1177de58cdbe4dc6169303f3da1c1e9376aacc5b82f78a69b229030a2,"[""sources/knowledge/catalog/items/weapons-close-combat.yaml""]"
item/quarter_staff,item_effect,Quarter Staff,catalog/items/weapons-close-combat.yaml,Monk Equipment List,https://mordheimer.net/docs/warbands/grade-1c-warbands/battle-monks-of-cathay,YES,,YES,"{""id"": ""weapon.quarter-staff"", ""kind"": ""mechanic"", ""parameters"": {}}",missing,not_run,There is no semantic obligation for this included effect.,,,,ready,,,not_assessed,not_assessed,not_run,,,implemented_pending_verification,,,,,Range: Close Combat Strength: As user Balanced : A quarter staff is especially light and easy to wield. A model armed with a fighting staff gets +1 Initiative in close combat.,quarter_staff,,,none,,Review existing evidence; repair verification metadata or missing evidence without reimplementing the effect.,inventory,kb,,item/quarter_staff,A,weapon.quarter-staff,binding operator 'mechanic:weapon.quarter-staff' classified into the A family by operator prefix 'weapon.',e0e7861e90833423055c0fd3781f698f6f386391521dbe10f32c1a77bfdee074,b6cd08081f38a9090322e18c877723752d58093d1b67d7a8d491213eb0205d12,"[""sources/knowledge/catalog/items/weapons-close-combat.yaml""]"
item/rapier,item_effect,Rapier,catalog/items/weapons-close-combat.yaml,Duelist equipment list,https://mordheimer.net/docs/warbands/grade-1b-warbands/hochland-bandits,YES,,YES,"{""id"": ""weapon.rapier"", ""kind"": ""mechanic"", ""parameters"": {}}",missing,not_run,There is no semantic obligation for this included effect.,,,,ready,,,not_assessed,not_assessed,not_run,,,implemented_pending_verification,,,,,"Range: Close Combat Strength: As user Parry : Like all swords, you may use a rapier to parry in hand to hand combat. When your opponent scores a hit you must roll a D6. If you can score greater than the highest 'to hit' roll you have parried the blow and the attack is discarded.",rapier,,,none,,Review existing evidence; repair verification metadata or missing evidence without reimplementing the effect.,inventory,kb,,item/rapier,A,weapon.rapier,binding operator 'mechanic:weapon.rapier' classified into the A family by operator prefix 'weapon.',2c4f483ef83f397c42cee303d4fe3d208590bc972614852e1ec432190f729fc4,f0d91f609de083cee325cee8663b06d076c48a5c9a8d496844873e6f89bd0424,"[""sources/knowledge/catalog/items/weapons-close-combat.yaml""]"
item/serpent_staff,item_effect,Serpent Staff,catalog/items/weapons-close-combat.yaml,Liche Priest Equipment List,https://mordheimer.net/docs/warbands/grade-1b-warbands/tomb-guardians,YES,,YES,"{""id"": ""weapon.serpent-staff"", ""kind"": ""mechanic"", ""parameters"": {}}",missing,not_run,There is no semantic obligation for this included effect.,,,,ready,,,not_assessed,not_assessed,not_run,,,implemented_pending_verification,,,,,"Range: Close Combat Strength: As user Parry : The staff is used with two hands and may be used to Parry . However, the Liche Priest may forgo all his normal attacks and parries in a round to use the power contained within the staff. A single word of command brings the serpent to life to attack their enemy. The staff always attacks first in close combat and makes a single attack with WS4 and S4.",serpent_staff,,,none,,Review existing evidence; repair verification metadata or missing evidence without reimplementing the effect.,inventory,kb,,item/serpent_staff,A,weapon.serpent-staff,binding operator 'mechanic:weapon.serpent-staff' classified into the A family by operator prefix 'weapon.',2a9bb744c72d8ea73fbd0057a8e1f0210f2461c8fdfbd59eac5317c56bc2d403,7a0ec68ba2950e2de1a352035debf5c41614c3f6d8f941c75b45cb234afe2cb1,"[""sources/knowledge/catalog/items/weapons-close-combat.yaml""]"
item/shock_rod,item_effect,Shock Rod,catalog/items/weapons-close-combat.yaml,Special equipment / Shock rod,https://broheim.net/downloads/warbands/supplement/sealedcity/Clan%20Pristekk.pdf,YES,,YES,"{""id"": ""weapon.shock-rod"", ""kind"": ""mechanic"", ""parameters"": {}}",missing,not_run,There is no semantic obligation for this included effect.,,,,ready,,,not_assessed,not_assessed,not_run,,,implemented_pending_verification,sources/2B/catalog/items/sc-sealed-city-gear.yaml#shock_rod#shock_rod,included,"[""T13.2"",""T13.3"",""T13.6""]",,"Another tool of the trade to contain mutated and captured things, with its unnerving electric crackling. Range: Close Combat; Strength: as user; special rules: first strike, shock, two-handed. Shock: the rod's top crackles with electricity able to overload the victim's nerve system, sending them unconscious or flinching in the dirt; when using a shock rod, a roll of 1-4 is treated as stunned when rolling to see the extent of a model's injuries. 15 gc (description) vs 10 gc (Clan Pristekk equipment list) — preserving the source discrepancy. Rare 6, Clan Pristekk only.",shock_rod,local-hit-wound-injury,,none,,Review existing evidence; repair verification metadata or missing evidence without reimplementing the effect.,inventory,kb,,item/shock_rod,A,weapon.shock-rod,binding operator 'mechanic:weapon.shock-rod' classified into the A family by operator prefix 'weapon.',ed682e2f683faca06f011483aab100c276ba91052f8317f6d7b60b20bb779fa5,e73f29a7c4a547860921f8613361110720042d198bc2a7ab63bf7b5ee71ce877,"[""sources/knowledge/catalog/items/weapons-close-combat.yaml""]"
item/shortsword,item_effect,Shortsword,catalog/items/weapons-close-combat.yaml,Pilgrims’ equipment list,https://mordheimer.net/docs/warbands/grade-1c-warbands/bretonnian-chapel-guard,YES,,YES,"{""id"": ""weapon.sword"", ""kind"": ""mechanic"", ""parameters"": {}}",missing,not_run,There is no semantic obligation for this included effect.,,,,ready,,,not_assessed,not_assessed,not_run,,,implemented_pending_verification,,,,,"Range: Close Combat Strength: As user Parry : Shortswords offer an excellent balance of defence and offence. A model armed with a sword may parry blows. When his opponent rolls to hit, the model armed with a sword may roll a D6. If the score is greater than the highest to hit score of his opponent, the model has parried the blow, and that attack is discarded. A model may not parry attacks made with double or more its own Strength – they are simply too powerful to be stopped.",shortsword,,,none,,Review existing evidence; repair verification metadata or missing evidence without reimplementing the effect.,inventory,kb,,item/shortsword,A,weapon.sword,binding operator 'mechanic:weapon.sword' classified into the A family by operator prefix 'weapon.',c8f70fa9c8e2fe849bbfab72848e8797e2c8db1fd2d6c166b1e798faab2d00d2,545267e924af53393de9765937c522dadc9e843fd0395b9e656ded36ed75dbbc,"[""sources/knowledge/catalog/items/weapons-close-combat.yaml""]"
item/sigmarite_hammer,item_effect,Sigmarite Hammer,catalog/items/weapons-close-combat.yaml,Sisters of Sigmar equipment lists,https://mordheimer.net/docs/warbands/grade-1a-warbands/sisters-of-sigmar,YES,,YES,"{""id"": ""weapon.sigmarite-hammer"", ""kind"": ""mechanic"", ""parameters"": {}}",missing,not_run,There is no semantic obligation for this included effect.,,,,ready,,,not_assessed,not_assessed,not_run,,,implemented_pending_verification,,,,,Range: Close Combat Strength: As user +1 Concussion : Warhammers are excellent at striking people senseless. When using a warhammer in close combat a roll of 2-4 is treated as stunned when rolling on the Injury chart.,sigmarite_hammer,,,none,,Review existing evidence; repair verification metadata or missing evidence without reimplementing the effect.,inventory,kb,,item/sigmarite_hammer,A,weapon.sigmarite-hammer,binding operator 'mechanic:weapon.sigmarite-hammer' classified into the A family by operator prefix 'weapon.',75da4ab004ec1ac04f516373d96c6a32102d457ccc78affca6f4f15cdf07ce57,837ebf307d10c9c18620249c5286ff1227021a6a2a370b7cbf26d1296d741940,"[""sources/knowledge/catalog/items/weapons-close-combat.yaml""]"
item/skull_busta,item_effect,Skull Busta,catalog/items/weapons-close-combat.yaml,Special Equipment / Skull Busta,https://broheim.net/downloads/campaigns/karakazgal/Karak Azgal.pdf,YES,,YES,"{""id"": ""weapon.skull-busta"", ""kind"": ""mechanic"", ""parameters"": {}}",missing,not_run,There is no semantic obligation for this included effect.,,,,ready,,,not_assessed,not_assessed,not_run,,,implemented_pending_verification,sources/2B/catalog/items/savage-orc-and-skryre-gear.yaml#skull_busta#skull_busta,included,"[""T13.2"",""T13.3"",""T13.6""]",,"Huge hammers that can cause horrific wounds. On the first turn of any combat, the wielder gains +1 Strength and causes concussion as a normal hammer. In subsequent rounds of combat, a Skull Busta counts as a normal hammer. Skull Bustas are so huge that they may not be used while mounted, they may not be used by goblins and cannot be used in conjunction with any other weapons (but shields are allowed). Feelin' wobbly: when using a Skull Busta a roll of 2-4 is treated as stunned when rolling to see the extent of the model's injuries. Basha: warriors wearing a helmet only save vs stunning on a roll of a 6 when hit by a Skull Busta. 15 gc, Rare 6.",skull_busta,local-hit-wound-injury,,none,,Review existing evidence; repair verification metadata or missing evidence without reimplementing the effect.,inventory,kb,,item/skull_busta,A,weapon.skull-busta,binding operator 'mechanic:weapon.skull-busta' classified into the A family by operator prefix 'weapon.',3741097406ad9bf80fbd62dbbd2de5d65545bb597827347507558bd1b08d1a7b,a9a3f663b6a953fb1ee98c69fa1eb56b91e6a6870cb6edcb61cf5722a701ce03,"[""sources/knowledge/catalog/items/weapons-close-combat.yaml""]"
item/spear,item_effect,Spear,catalog/items/weapons-close-combat.yaml,Heroines Equipment List,https://mordheimer.net/docs/warbands/grade-1b-warbands/amazons-lustria,YES,,YES,"{""id"": ""weapon.spear"", ""kind"": ""mechanic"", ""parameters"": {}}",missing,not_run,There is no semantic obligation for this included effect.,,,,ready,,,not_assessed,not_assessed,not_run,,,implemented_pending_verification,,,,,Range: Close Combat Strength: As user Strike first : A warrior with a spear 'strikes first' in the first turn of hand-to-hand combat. ✏️,spear,,,none,,Review existing evidence; repair verification metadata or missing evidence without reimplementing the effect.,inventory,kb,,item/spear,A,weapon.spear,binding operator 'mechanic:weapon.spear' classified into the A family by operator prefix 'weapon.',d8ddcce30d2d652b11da13d6d9b76560847622e064ab34cab6b0d78c11221f9c,56c9298dcc8638d0cce2999ad04874a09ed512ae5d8fd48491e105cc9959b0ad,"[""sources/knowledge/catalog/items/weapons-close-combat.yaml""]"
item/spear_stave,item_effect,Spear-Stave,catalog/items/weapons-close-combat.yaml,Sea Ghosts equipment list / Spear-stave (counts as Halberd),https://broheim.net/downloads/warbands/supplement/mutinyinmarienburg/Sea%20Ghosts.pdf,YES,,YES,"{""id"": ""weapon.halberd"", ""kind"": ""mechanic"", ""parameters"": {}}",missing,not_run,There is no semantic obligation for this included effect.,,,,ready,,,not_assessed,not_assessed,not_run,,,implemented_pending_verification,sources/2B/catalog/items/mim-special-equipment-c.yaml#spear_stave#spear_stave,construction,"[""T13.2"",""T13.3"",""T13.4"",""T13.6""]",,Elven spear-stave of the Sea Ghosts: counts as a Halberd. 10 gc.,spear_stave,parry-and-equipment,,none,,Review existing evidence; repair verification metadata or missing evidence without reimplementing the effect.,inventory,kb,,item/spear_stave,A,weapon.halberd,binding operator 'mechanic:weapon.halberd' classified into the A family by operator prefix 'weapon.',49cbb2943cc430bb05e33d2c192181dce74ccd70c3006abbedda39529a33d020,5ac2a34046acf92e55ac245b3111c03594d3bc9e263a0fce7239a266c8e4555e,"[""sources/knowledge/catalog/items/weapons-close-combat.yaml""]"
item/spiked_gauntlet,item_effect,Spiked Gauntlet,catalog/items/weapons-close-combat.yaml,Pit fighter equipment lists / Ogre & Slayer equipment list,https://mordheimer.net/docs/warbands/grade-1b-warbands/pit-fighters,YES,,YES,"{""id"": ""weapon.spiked-gauntlet"", ""kind"": ""mechanic"", ""parameters"": {}}",missing,not_run,There is no semantic obligation for this included effect.,,,,ready,,,not_assessed,not_assessed,not_run,,,implemented_pending_verification,,,,,Range: Close Combat Strength: As user Parry : Can parry enemy blows,spiked_gauntlet,,,none,,Review existing evidence; repair verification metadata or missing evidence without reimplementing the effect.,inventory,kb,,item/spiked_gauntlet,A,weapon.spiked-gauntlet,binding operator 'mechanic:weapon.spiked-gauntlet' classified into the A family by operator prefix 'weapon.',24496b88284479f7289467e3ca6a3e2486ba9933282f3d2451fc73e5ebe68e4d,d8dd4cfc4e55595508ad8a48567346c86fadcb011286ef8b45511fce5353ba8d,"[""sources/knowledge/catalog/items/weapons-close-combat.yaml""]"
item/spirit_knife,item_effect,Spirit Knife,catalog/items/weapons-close-combat.yaml,Call of the Night Haint special equipment / Spirit Knife,https://broheim.net/downloads/warbands/supplement/mutinyinmarienburg/Call%20Of%20The%20Night%20Haint.pdf,YES,,YES,"{""id"": ""weapon.spirit-knife"", ""kind"": ""mechanic"", ""parameters"": {}}",missing,not_run,There is no semantic obligation for this included effect.,,,,ready,"Spectral Touch pilot must decide additional wound relationship parry,armour/ward/regen,critical,wound reactions and already OOA target before coding; automatic hit cannot fabricate 6.",,not_assessed,not_assessed,not_run,,,implemented_pending_verification,sources/2B/catalog/items/mim-special-equipment-c.yaml#spirit_knife#spirit_knife,included,"[""T13.2"",""T13.3"",""T13.6""]",T13-Q146,"Bones of hanged men, shards of tomb stones, splinters of coffin lids — the Spirit knife is made of many different materials with one thing in common: death. Range: Close Combat; Strength: as user; special rules: +1 enemy armour save, spectral touch. Spectral Touch: if the hit roll for an attack made by a Spirit Knife is 6, the blade's frightful touch stills the victim's beating heart, immediately inflicting 1 additional wound; roll to wound for the hit as normal. 20 gold crowns (description) vs 25 gc (equipment list) — preserving the source discrepancy. Rare 8.",spirit_knife,local-hit-wound-injury,,needs_review,,Review existing evidence; repair verification metadata or missing evidence without reimplementing the effect.,inventory,kb,,item/spirit_knife,A,weapon.spirit-knife,binding operator 'mechanic:weapon.spirit-knife' classified into the A family by operator prefix 'weapon.',f61ffcc27804b738623080226a29783b7a00a7453e1c79ae39ba2e89637a8e30,25092e0f4bc69cf39a079aff28814f30e92a0ea58634451269bfaee02adc60dd,"[""sources/knowledge/catalog/items/weapons-close-combat.yaml""]"
item/squig_prodder,item_effect,Squig Prodder,catalog/items/weapons-close-combat.yaml,Hero Equipment List,https://mordheimer.net/docs/warbands/grade-1c-warbands/night-goblins-web,YES,,YES,"{""id"": ""weapon.squig-prodder"", ""kind"": ""mechanic"", ""parameters"": {}}",missing,not_run,There is no semantic obligation for this included effect.,,,,ready,,,not_assessed,not_assessed,not_run,,,implemented_pending_verification,,,,,"To represent this, a Goblin with a Squig prodder can keep all Cave Squigs within 12"" from going wild, instead of the normal 6"" (see the Minderz special rule under the Cave Squig entry). In addition, a Squig prodder is treated exactly like a spear in hand-to-hand combat.",squig_prodder,,,none,,Review existing evidence; repair verification metadata or missing evidence without reimplementing the effect.,inventory,kb,,item/squig_prodder,A,weapon.squig-prodder,binding operator 'mechanic:weapon.squig-prodder' classified into the A family by operator prefix 'weapon.',d0adc8c6c5ff29ffbab8a04445a022e7f37c85c8cf8d3b8bca10d16d1f6200d3,68902ca89538216bee3b7429189f3d4a7b81965dfffb0aae254f40cb7e27790e,"[""sources/knowledge/catalog/items/weapons-close-combat.yaml""]"
item/staff,item_effect,Staff,catalog/items/weapons-close-combat.yaml,Liche Priest Equipment List,https://mordheimer.net/docs/warbands/grade-1b-warbands/tomb-guardians,YES,,YES,"{""id"": ""weapon.quarter-staff"", ""kind"": ""mechanic"", ""parameters"": {}}",missing,not_run,There is no semantic obligation for this included effect.,,,,ready,,,not_assessed,not_assessed,not_run,,,implemented_pending_verification,,,,,,staff,,,none,,Review existing evidence; repair verification metadata or missing evidence without reimplementing the effect.,inventory,kb,,item/staff,A,weapon.quarter-staff,binding operator 'mechanic:weapon.quarter-staff' classified into the A family by operator prefix 'weapon.',e3b0c44298fc1c149afbf4c8996fb92427ae41e4649b934ca495991b7852b855,5486a0023a792837335178b7906756b812a91b1cb3279e2c260976e40150de92,"[""sources/knowledge/catalog/items/weapons-close-combat.yaml""]"
item/staff_club_mace,item_effect,Staff Club Mace,catalog/items/weapons-close-combat.yaml,Outlaws equipment lists,https://mordheimer.net/docs/warbands/grade-1b-warbands/outlaws-of-stirwood-forest,YES,,YES,"{""id"": ""weapon.mace"", ""kind"": ""mechanic"", ""parameters"": {}}",missing,not_run,There is no semantic obligation for this included effect.,,,,ready,,,not_assessed,not_assessed,not_run,,,implemented_pending_verification,,,,,,staff_club_mace,,,none,,Review existing evidence; repair verification metadata or missing evidence without reimplementing the effect.,inventory,kb,,item/staff_club_mace,A,weapon.mace,binding operator 'mechanic:weapon.mace' classified into the A family by operator prefix 'weapon.',e3b0c44298fc1c149afbf4c8996fb92427ae41e4649b934ca495991b7852b855,e10877a91dae53a82e0f95bb7e02ec27b759601b8ca9b7a2620ed488279cfdf9,"[""sources/knowledge/catalog/items/weapons-close-combat.yaml""]"
item/starblade,item_effect,Starblade,catalog/items/weapons-close-combat.yaml,Heroines Equipment List,https://mordheimer.net/docs/warbands/grade-1b-warbands/amazons-lustria,YES,,YES,"{""id"": ""weapon.starblade"", ""kind"": ""mechanic"", ""parameters"": {}}",missing,not_run,There is no semantic obligation for this included effect.,,,,ready,,,not_assessed,not_assessed,not_run,,,implemented_pending_verification,,,,,Range: Close Combat Strength: As user +1 Enemy armour save : Enemy gets +1 to armour save,starblade,,,none,,Review existing evidence; repair verification metadata or missing evidence without reimplementing the effect.,inventory,kb,,item/starblade,A,weapon.starblade,binding operator 'mechanic:weapon.starblade' classified into the A family by operator prefix 'weapon.',bd31b631e73cf32a5f39b2a397312f6d6b2ed35bbf4f3d508851c4e9828f3cb7,1e1bd51c0c6049087e22dfa895df7601bf3dda3c1a89e83decb80328ce41810a,"[""sources/knowledge/catalog/items/weapons-close-combat.yaml""]"
item/starsword,item_effect,Starsword,catalog/items/weapons-close-combat.yaml,Heroines Equipment List,https://mordheimer.net/docs/warbands/grade-1b-warbands/amazons-lustria,YES,,YES,"{""id"": ""weapon.starsword"", ""kind"": ""mechanic"", ""parameters"": {}}",missing,not_run,There is no semantic obligation for this included effect.,,,,ready,,,not_assessed,not_assessed,not_run,,,implemented_pending_verification,,,,,Range: Close Combat Strength: As user +1 Parry : Can parry enemy blows,starsword,,,none,,Review existing evidence; repair verification metadata or missing evidence without reimplementing the effect.,inventory,kb,,item/starsword,A,weapon.starsword,binding operator 'mechanic:weapon.starsword' classified into the A family by operator prefix 'weapon.',f11b4ee5b55f153525f1cd3495b97751c5249dc071e3a9762bfdbba7ab280519,337c605551c440406d1678ecc0a226bc52ee54357b2c75dbaf6615eae6a1981e,"[""sources/knowledge/catalog/items/weapons-close-combat.yaml""]"
item/steel_whip,item_effect,Steel Whip,catalog/items/weapons-close-combat.yaml,Chaos Dwarf Equipment List,https://mordheimer.net/docs/warbands/grade-1c-warbands/black-dwarfs,YES,,YES,"{""id"": ""weapon.steel-whip"", ""kind"": ""mechanic"", ""parameters"": {}}",missing,not_run,There is no semantic obligation for this included effect.,,,,ready,,,not_assessed,not_assessed,not_run,,,implemented_pending_verification,,,,,Range: Close Combat Strength: As user Cannot be parried : The steel whip is a flexible weapon and the Priestesses use it with great expertise. Attempts to parry its strikes are futile. A model attacked by a steel whip may not make parries with swords or bucklers.,steel_whip,,,none,,Review existing evidence; repair verification metadata or missing evidence without reimplementing the effect.,inventory,kb,,item/steel_whip,A,weapon.steel-whip,binding operator 'mechanic:weapon.steel-whip' classified into the A family by operator prefix 'weapon.',b6daf22ee27f5f1b77b0f14e084a7c4da089a9307e20da502e22c0e2f4fbf6cb,2d081f163232927af39583c3b64c50be158d340855389718ab5dbc5d45086fc2,"[""sources/knowledge/catalog/items/weapons-close-combat.yaml""]"
item/stone_axe_counts_as_a_club,item_effect,Stone Axe Counts as a Club,catalog/items/weapons-close-combat.yaml,Saurus equipment list,https://mordheimer.net/docs/warbands/grade-1b-warbands/lizardmen,YES,,YES,"{""id"": ""weapon.stone-axe"", ""kind"": ""mechanic"", ""parameters"": {}}",missing,not_run,There is no semantic obligation for this included effect.,,,,ready,,,not_assessed,not_assessed,not_run,,,implemented_pending_verification,,,,,,stone_axe_counts_as_a_club,,,none,,Review existing evidence; repair verification metadata or missing evidence without reimplementing the effect.,inventory,kb,,item/stone_axe_counts_as_a_club,A,weapon.stone-axe,binding operator 'mechanic:weapon.stone-axe' classified into the A family by operator prefix 'weapon.',e3b0c44298fc1c149afbf4c8996fb92427ae41e4649b934ca495991b7852b855,00d0368610aab421f9230c7392d8e65124389e40dea5e86b1e84b329efc4ff78,"[""sources/knowledge/catalog/items/weapons-close-combat.yaml""]"
item/sun_gauntlet,item_effect,Sun Gauntlet,catalog/items/weapons-close-combat.yaml,Heroines Equipment List,https://mordheimer.net/docs/warbands/grade-1b-warbands/amazons,YES,,YES,"{""id"": ""weapon.sun-gauntlet"", ""kind"": ""mechanic"", ""parameters"": {}}",missing,not_run,There is no semantic obligation for this included effect.,,,,ready,,,not_assessed,not_assessed,not_run,,,implemented_pending_verification,,,,,"Range: 12"" Strength: 4 Accurate : The Sun Gauntlet does not suffer the usual -1 modifier to hit for long range.",sun_gauntlet,,,none,,Review existing evidence; repair verification metadata or missing evidence without reimplementing the effect.,inventory,kb,,item/sun_gauntlet,A,weapon.sun-gauntlet,binding operator 'mechanic:weapon.sun-gauntlet' classified into the A family by operator prefix 'weapon.',eaffcb0c7193dcbd542892cc32f5d335532b7fce3908da9828bc020e7e993e03,a6b875e15b2a5131e02802c229b1cef98043f5823ef5728db1657586377353a6,"[""sources/knowledge/catalog/items/weapons-close-combat.yaml""]"
item/sunstaff,item_effect,Sunstaff,catalog/items/weapons-close-combat.yaml,Heroines Equipment List,https://mordheimer.net/docs/warbands/grade-1b-warbands/amazons,YES,,YES,"{""id"": ""weapon.brazier-iron"", ""kind"": ""mechanic"", ""parameters"": {}}",missing,not_run,There is no semantic obligation for this included effect.,,,,ready,,,not_assessed,not_assessed,not_run,,,implemented_pending_verification,,,,,"Range: 24"" Strength: 4 Accurate : The Sunstaff does not suffer the usual -1 modifier to hit for long range.",sunstaff,,,none,,Review existing evidence; repair verification metadata or missing evidence without reimplementing the effect.,inventory,kb,,item/sunstaff,A,weapon.brazier-iron,binding operator 'mechanic:weapon.brazier-iron' classified into the A family by operator prefix 'weapon.',e24c2281b0c0d1a48135b332047bfaa0a0cba74b74c856cf1b7e9a6d958e6497,ab732725b091ea34721c59ac0bbeaa3c95abf0d0aa96f8af77121350668e792b,"[""sources/knowledge/catalog/items/weapons-close-combat.yaml""]"
item/sunstaff_lustria,item_effect,Sunstaff Lustria,catalog/items/weapons-close-combat.yaml,Heroines Equipment List,https://mordheimer.net/docs/warbands/grade-1b-warbands/amazons-lustria,YES,,YES,"{""id"": ""weapon.brazier-iron"", ""kind"": ""mechanic"", ""parameters"": {}}",missing,not_run,There is no semantic obligation for this included effect.,,,,ready,,,not_assessed,not_assessed,not_run,,,implemented_pending_verification,,,,,,sunstaff_lustria,,,none,,Review existing evidence; repair verification metadata or missing evidence without reimplementing the effect.,inventory,kb,,item/sunstaff_lustria,A,weapon.brazier-iron,binding operator 'mechanic:weapon.brazier-iron' classified into the A family by operator prefix 'weapon.',e3b0c44298fc1c149afbf4c8996fb92427ae41e4649b934ca495991b7852b855,31e7a3cc6233a3ef7e5804ec5a693bd581ec3e6a714f1b93b1a178dbea4c04cd,"[""sources/knowledge/catalog/items/weapons-close-combat.yaml""]"
item/sword,item_effect,Sword,catalog/items/weapons-close-combat.yaml,Heroines Equipment List,https://mordheimer.net/docs/warbands/grade-1b-warbands/amazons-lustria,YES,,YES,"{""id"": ""weapon.sword"", ""kind"": ""mechanic"", ""parameters"": {}}",missing,not_run,There is no semantic obligation for this included effect.,,,,ready,,,not_assessed,not_assessed,not_run,,,implemented_pending_verification,,,,,"Range: Close Combat Strength: As user Parry : Swords offer an excellent balance of defence and offence. A model armed with a sword may parry blows. When his opponent rolls to hit, the model armed with a sword may roll a D6. If the score is greater than the highest to hit score of his opponent, the model has parried the blow, and that attack is discarded. A model may not parry attacks made with double or more its own Strength – they are simply too powerful to be stopped.",sword,,,none,,Review existing evidence; repair verification metadata or missing evidence without reimplementing the effect.,inventory,kb,,item/sword,A,weapon.sword,binding operator 'mechanic:weapon.sword' classified into the A family by operator prefix 'weapon.',fdce643bb4d24cd591e1cec0cf3b241fd20bde6c33017597c76fc80399c3065a,d83e97ec5aa9608d903d4056114d8b01d477066fcf092c1a2e03f59dae01486d,"[""sources/knowledge/catalog/items/weapons-close-combat.yaml""]"
item/sword_gnoblar,item_effect,Sword Gnoblar,catalog/items/weapons-close-combat.yaml,Ogre Equipment List,https://mordheimer.net/docs/warbands/grade-1c-warbands/maneaters,YES,,YES,"{""id"": ""weapon.sword"", ""kind"": ""mechanic"", ""parameters"": {}}",missing,not_run,There is no semantic obligation for this included effect.,,,,ready,,,not_assessed,not_assessed,not_run,,,implemented_pending_verification,,,,,"30 gold crowns Availability: Rare 10 (Ogres only) An Ogre with a Sword-Gnoblar gains one extra Strength 2 attack in Close Combat, at the weapon skill of the owning model. This attack is made at the same time as the owning Hero’s attacks and must be directed at a model the Ogre has directed attacks toward. The opponent’s attention is on the Ogre!",sword_gnoblar,,,none,,Review existing evidence; repair verification metadata or missing evidence without reimplementing the effect.,inventory,kb,,item/sword_gnoblar,A,weapon.sword,binding operator 'mechanic:weapon.sword' classified into the A family by operator prefix 'weapon.',d29572251069821fea09ce777be3ea40c1bce0298e00e7a56058bcb4a1a0a6ef,19f61704c05f338ab2d17abb97fd07a39e718753c187886e304451e1c6a26580,"[""sources/knowledge/catalog/items/weapons-close-combat.yaml""]"
item/sword_heroes_only,item_effect,Sword Heroes Only,catalog/items/weapons-close-combat.yaml,Skinks equipment list,https://mordheimer.net/docs/warbands/grade-1b-warbands/lizardmen,YES,,YES,"{""id"": ""weapon.sword"", ""kind"": ""mechanic"", ""parameters"": {}}",missing,not_run,There is no semantic obligation for this included effect.,,,,ready,,,not_assessed,not_assessed,not_run,,,implemented_pending_verification,,,,,,sword_heroes_only,,,none,,Review existing evidence; repair verification metadata or missing evidence without reimplementing the effect.,inventory,kb,,item/sword_heroes_only,A,weapon.sword,binding operator 'mechanic:weapon.sword' classified into the A family by operator prefix 'weapon.',e3b0c44298fc1c149afbf4c8996fb92427ae41e4649b934ca495991b7852b855,643dfe160c99892167f8888b8d49eb96620e395a9581aa19f064770b39f472df,"[""sources/knowledge/catalog/items/weapons-close-combat.yaml""]"
item/sword_scimitar,item_effect,Sword Scimitar,catalog/items/weapons-close-combat.yaml,Warrior equipment list,https://mordheimer.net/docs/warbands/grade-1b-warbands/arabian-tomb-raiders,YES,,YES,"{""id"": ""weapon.sword"", ""kind"": ""mechanic"", ""parameters"": {}}",missing,not_run,There is no semantic obligation for this included effect.,,,,ready,,,not_assessed,not_assessed,not_run,,,implemented_pending_verification,,,,,,sword_scimitar,,,none,,Review existing evidence; repair verification metadata or missing evidence without reimplementing the effect.,inventory,kb,,item/sword_scimitar,A,weapon.sword,binding operator 'mechanic:weapon.sword' classified into the A family by operator prefix 'weapon.',e3b0c44298fc1c149afbf4c8996fb92427ae41e4649b934ca495991b7852b855,6b8fd487c52fc1a380a634c4562592ecf7d4f6d2e116f3a980508bc03bd74bf9,"[""sources/knowledge/catalog/items/weapons-close-combat.yaml""]"
item/tenderiser,item_effect,Tenderiser,catalog/items/weapons-close-combat.yaml,Mootlander Equipment List / Master Chef List,https://mordheimer.net/docs/warbands/grade-1b-warbands/mootlanders,YES,,YES,"{""id"": ""weapon.mace"", ""kind"": ""mechanic"", ""parameters"": {}}",missing,not_run,There is no semantic obligation for this included effect.,,,,ready,,,not_assessed,not_assessed,not_run,,,implemented_pending_verification,,,,,Range: Close Combat Strength: As user Stuns on 2-4 : Stuns on 2-4,tenderiser,,,none,,Review existing evidence; repair verification metadata or missing evidence without reimplementing the effect.,inventory,kb,,item/tenderiser,A,weapon.mace,binding operator 'mechanic:weapon.mace' classified into the A family by operator prefix 'weapon.',c141da5a531de320c7dd3c4b9a219f968f0f1d5d809a478ccc62ae15ac6b44e2,63092c5749f26b4da5fbd5083e8a2eb7e75ee20d766224fa4004041cbe962b83,"[""sources/knowledge/catalog/items/weapons-close-combat.yaml""]"
item/two_handed_weapon,item_effect,Two Handed Weapon,catalog/items/weapons-close-combat.yaml,Hero Equipment List,https://mordheimer.net/docs/warbands/grade-1b-warbands/forest-goblins,YES,,YES,"{""id"": ""weapon.double-handed-weapon"", ""kind"": ""mechanic"", ""parameters"": {}}",missing,not_run,There is no semantic obligation for this included effect.,,,,ready,,,not_assessed,not_assessed,not_run,,,implemented_pending_verification,,,,,,two_handed_weapon,,,none,,Review existing evidence; repair verification metadata or missing evidence without reimplementing the effect.,inventory,kb,,item/two_handed_weapon,A,weapon.double-handed-weapon,binding operator 'mechanic:weapon.double-handed-weapon' classified into the A family by operator prefix 'weapon.',e3b0c44298fc1c149afbf4c8996fb92427ae41e4649b934ca495991b7852b855,de29548df262b9a096dcb43de5d924521f8039c58130e6724533cd2f988c5f10,"[""sources/knowledge/catalog/items/weapons-close-combat.yaml""]"
item/weeping_blades,item_effect,Weeping Blades,catalog/items/weapons-close-combat.yaml,Heroes equipment lists,https://mordheimer.net/docs/warbands/grade-1a-warbands/skaven-eshin,YES,,YES,"{""id"": ""weapon.weeping-blades"", ""kind"": ""mechanic"", ""parameters"": {}}",missing,not_run,There is no semantic obligation for this included effect.,,,,ready,,,not_assessed,not_assessed,not_run,,,implemented_pending_verification,,,,,"Range: Close Combat Strength: As user Pair : Weeping Blades are traditionally used in pairs, one in each hand. A warrior armed with Weeping Blades gets an additional attack.",weeping_blades,,,none,,Review existing evidence; repair verification metadata or missing evidence without reimplementing the effect.,inventory,kb,,item/weeping_blades,A,weapon.weeping-blades,binding operator 'mechanic:weapon.weeping-blades' classified into the A family by operator prefix 'weapon.',1a78aac76239f88031de94811be03dc922089e2ce5e3d74dd8eecc7e269efe61,c9c172848a2788eebfc37c79366604c28a201b6a2f6fc8bfbdde706b4ba6b816,"[""sources/knowledge/catalog/items/weapons-close-combat.yaml""]"
item/wrench,item_effect,Wrench,catalog/items/weapons-close-combat.yaml,Metal Mongers Hand-to-hand Combat Weapons / Wrench (counts as club),https://broheim.net/downloads/warbands/supplement/mutinyinmarienburg/Metal%20Mongers.pdf,YES,,YES,"{""id"": ""weapon.mace"", ""kind"": ""mechanic"", ""parameters"": {}}",missing,not_run,There is no semantic obligation for this included effect.,,,,ready,,,not_assessed,not_assessed,not_run,,,implemented_pending_verification,sources/2B/catalog/items/mim-special-equipment-a.yaml#wrench#wrench,construction,"[""T13.2"",""T13.3"",""T13.4"",""T13.6""]",,Heavy workshop wrench of the Metal Mongers' artificers. Counts as a club in close combat. 3 gc.,wrench,parry-and-equipment,,none,,Review existing evidence; repair verification metadata or missing evidence without reimplementing the effect.,inventory,kb,,item/wrench,A,weapon.mace,binding operator 'mechanic:weapon.mace' classified into the A family by operator prefix 'weapon.',984ea667544e2aa202d0dece935de7f70df6faaac65ac462bf7f597fecdc7f93,6f749dfa19fa9ba8853ddd6a0e1b74540de0b5e3e7ee0c31ce9d38a819b343b0,"[""sources/knowledge/catalog/items/weapons-close-combat.yaml""]"
item/duelling_pistol,item_effect,Duelling Pistol,catalog/items/weapons-ranged.yaml,Mountainguard Equipment List,https://mordheimer.net/docs/warbands/grade-1a-warbands/averlander,YES,,YES,"{""id"": ""weapon.duelling-pistol"", ""kind"": ""mechanic"", ""parameters"": {}}",missing,not_run,There is no semantic obligation for this included effect.,,,,ready,"Resolve complete canonical pistol H2H/reload/save contract,record text only prints Accuracy; no equivalence from pistol name alone.",,not_assessed,not_assessed,not_run,,,implemented_pending_verification,sources/2B/catalog/items/sar-sartosa-gear.yaml#dueling_pistol#dueling_pistol,mixed,"[""T13.2"",""T13.3"",""T13.4"",""T13.6""]",T13-Q151,"Range: 10"" Strength: 4 Accuracy : A duelling pistol is built for accuracy as a skilled duellist is able to hit a coin from twenty paces. All shots and close combat attacks ❓ from a duelling pistol have a +1 bonus to hit. ✏️",duelling_pistol,melee-pistol,,needs_review,,Review existing evidence; repair verification metadata or missing evidence without reimplementing the effect.,inventory,kb,,item/duelling_pistol,A,weapon.duelling-pistol,binding operator 'mechanic:weapon.duelling-pistol' classified into the A family by operator prefix 'weapon.',5d7e15719442621a3721e7b76160bf993714a5bf3ee9055f0a93658d0ebcb69d,5120897f35f6b1ba891bc1378c58482288c7c86eff16a20d41068591d7eed279,"[""sources/knowledge/catalog/items/weapons-ranged.yaml""]"
item/pistol,item_effect,Pistol,catalog/items/weapons-ranged.yaml,Marksman equipment list,https://mordheimer.net/docs/warbands/grade-1a-warbands/averlander,YES,,YES,"{""id"": ""weapon.pistol"", ""kind"": ""mechanic"", ""parameters"": {}}",missing,not_run,There is no semantic obligation for this included effect.,,,,ready,,,not_assessed,not_assessed,not_run,,,implemented_pending_verification,,,,,"Range: 6"" Strength: 4 Prepare shot : A pistol takes a whole turn to reload ❓ , so you may only fire every other turn. If you have a brace of pistols (ie, two) you may fire every turn.",pistol,,,none,,Review existing evidence; repair verification metadata or missing evidence without reimplementing the effect.,inventory,kb,,item/pistol,A,weapon.pistol,binding operator 'mechanic:weapon.pistol' classified into the A family by operator prefix 'weapon.',2bb4cec2685dcbda8c9b227213ac12e47e2c29e7dda615f6221232c0b331cb82,47312ae4a9f9e468307d513c3ae24412f5ed4b668f8a36ada7f6e3c91d92385d,"[""sources/knowledge/catalog/items/weapons-ranged.yaml""]"
mechanic/material.dark-elf-blade,mechanic:materials,Dark Elf Blade,catalog/mechanics/close-combat.yaml,materials,,YES,,YES,"{""id"": ""material.dark-elf-blade"", ""kind"": ""mechanic"", ""parameters"": {}}",linked,not_run,Semantic verification was not run.,,,,ready,,"The basic critical table is rolled independently. This composition chooses Master Strike (5), two wounds with armour ignored and +2 Injury. The boundary is an ordinary wound. See docs/modular-remediation.md, M01. | Wicked Edge changes the stun boundary rather than adding an Injury modifier. Other Injury modifiers and Hard to Kill retain their own thresholds. Source review M14. | Wicked Edge stuns on Injury 2-4 without a flat Injury bonus. Critical Damage instead adds one to the separate critical table. Source: Dark Elves / Dark Elf Blade; reviewed in M14.",not_assessed,not_assessed,not_run,,,implemented_pending_verification,,,,,Adds +1 to the critical hit table and treats Injury results of 2-4 as stunned; retains the underlying weapon's properties.,material.dark-elf-blade,,,none,,Review existing evidence; repair verification metadata or missing evidence without reimplementing the effect.,inventory,kb,,mechanic/material.dark-elf-blade,A,material.dark-elf-blade,binding operator 'mechanic:material.dark-elf-blade' classified into the A family by operator prefix 'material.',bf6f5471e5379cef18b1d4b9df6b9185212076148a3f7d00a5f5e5e17cdac542,33de3bc81890c67731196209958a7f64311c37e21cbaeafb323c57dbc3a037b4,"[""sources/knowledge/catalog/mechanics/close-combat.yaml""]"
mechanic/material.dark-steel,mechanic:materials,Dark Steel,catalog/mechanics/close-combat.yaml,materials,,YES,,YES,"{""id"": ""material.dark-steel"", ""kind"": ""mechanic"", ""parameters"": {}}",linked,not_run,Semantic verification was not run.,,,,ready,,"Two independent permissions to reroll a failed roll do not allow rerolling a reroll. On a 4+ threshold success is exactly 3/4, not 7/8. | Black Lotus wounds automatically on a natural 6 to hit; Dark Steel rerolls failed wound rolls on ordinary hits. The optional Lotus critical attempt cannot fail the wound and is not rerolled. | Re-roll failed rolls once. With a base 4+ target, success is 3/4. A first-roll success consumes no second roll.",not_assessed,not_assessed,not_run,,,implemented_pending_verification,,,,,Re-rolls failed wound rolls.,material.dark-steel,,,none,,Review existing evidence; repair verification metadata or missing evidence without reimplementing the effect.,inventory,kb,,mechanic/material.dark-steel,A,material.dark-steel,binding operator 'mechanic:material.dark-steel' classified into the A family by operator prefix 'material.',653f9f4a8e96307ab74affbe3042b350c878f76778eb0e3537184348f0a76dc9,f15c0f8d9c4a0161a8079fe98fb41dbf9ccb81f258978352aae036cfd26a376f,"[""sources/knowledge/catalog/mechanics/close-combat.yaml""]"
mechanic/material.gromril,mechanic:materials,Gromril,catalog/mechanics/close-combat.yaml,materials,,YES,,YES,"{""id"": ""material.gromril"", ""kind"": ""mechanic"", ""parameters"": {}}",linked,not_run,Semantic verification was not run.,,,,ready,,"gromril armour saves on 4+; gromril composes the armour target to 4 plus Strength-based modifier, penetration and target bonus. The save is ineligible when the target exceeds 6. | heavy armour saves on 5+; gromril composes the armour target to 5 plus Strength-based modifier, penetration and target bonus. The save is ineligible when the target exceeds 6. | ithilmar armour saves on 5+; gromril composes the armour target to 5 plus Strength-based modifier, penetration and target bonus. The save is ineligible when the target exceeds 6. | light armour saves on 6+; gromril composes the armour target to 6 plus Strength-based modifier, penetration and target bonus. The save is ineligible when the target exceeds 6. | no armour saves on 7+; gromril composes the armour target to 7 plus Strength-based modifier, penetration and target bonus. The save is ineligible when the target exceeds 6. | Unarmed Fighting removes the fist's armour-save bonus; Gromril material then applies its own -1 penetration against the heavy armour target. | Gromril material adds -1 armour-save modifier; composed with dagger the armour target is 4+ against gromril armour. | Gromril material adds -1 armour-save modifier; composed with yambiya the armour target is 4+ against gromril armour. | The axe and Gromril material each worsen the opponent's armour save by one. A 4+ save becomes 6+ before any Strength penalty. | One additional armour-save penalty worsens a 4+ save to 5+ at Strength 3. It does not increase attacking Strength.",not_assessed,not_assessed,not_run,,,implemented_pending_verification,,,,,Adds a further -1 armour-save modifier.,material.gromril,,,none,,Review existing evidence; repair verification metadata or missing evidence without reimplementing the effect.,inventory,kb,,mechanic/material.gromril,A,material.gromril,binding operator 'mechanic:material.gromril' classified into the A family by operator prefix 'material.',cc861a1f2472834d11da9d4173525cd4dc7e7fda967675897577c0d112193c0d,060440d0da17542593c0355b6507196c2498a01c83e69013a620205ae5399a25,"[""sources/knowledge/catalog/mechanics/close-combat.yaml""]"
mechanic/material.ithilmar,mechanic:materials,Ithilmar,catalog/mechanics/close-combat.yaml,materials,,YES,,YES,"{""id"": ""material.ithilmar"", ""kind"": ""mechanic"", ""parameters"": {}}",linked,not_run,Semantic verification was not run.,,,,ready,,Ithilmar grants +1 Initiative while the weapon is equipped; it does not grant striking first nor modify Strength. The off hand is also the fighter's equipment.,not_assessed,not_assessed,not_run,,,implemented_pending_verification,,,,,+1 Initiative while the weapon is equipped.,material.ithilmar,,,none,,Review existing evidence; repair verification metadata or missing evidence without reimplementing the effect.,inventory,kb,,mechanic/material.ithilmar,A,material.ithilmar,binding operator 'mechanic:material.ithilmar' classified into the A family by operator prefix 'material.',5929e1b66ee98d089c6485f9a6be6ef2ff9616b13e801f66a7cfae5359fd4a88,ca29a9651bdec6706ae554add280534edbbf2bc1549ddeaa191a8db6a9e017e0,"[""sources/knowledge/catalog/mechanics/close-combat.yaml""]"
mechanic/material.normal,mechanic:materials,Normal,catalog/mechanics/close-combat.yaml,materials,,YES,,YES,"{""id"": ""material.normal"", ""kind"": ""mechanic"", ""parameters"": {}}",linked,not_run,Semantic verification was not run.,,,,ready,,"Normal represents the absence of a material improvement. It keeps the Strength, Initiative, saves and effects of the chosen weapon.",not_assessed,not_assessed,not_run,,,implemented_pending_verification,,,,,No material modifier.,material.normal,,,none,,Review existing evidence; repair verification metadata or missing evidence without reimplementing the effect.,inventory,kb,,mechanic/material.normal,A,material.normal,binding operator 'mechanic:material.normal' classified into the A family by operator prefix 'material.',a45c8698dc16b9234945dd9d0845e85a0645c3617cfede7f851f5449dabadb72,30eb6e14bfaac0d9672726f1b2fac659bb904406bd7699afa3bf13aae8cb2da9,"[""sources/knowledge/catalog/mechanics/close-combat.yaml""]"
mechanic/material.obsidian,mechanic:materials,Obsidian,catalog/mechanics/close-combat.yaml,materials,,YES,,YES,"{""id"": ""material.obsidian"", ""kind"": ""mechanic"", ""parameters"": {}}",linked,not_run,Semantic verification was not run.,,,,ready,,The written +1 Strength applies when wounding and calculating armour penetration. A Strength 3 wielder becomes Strength 4 and wounds Toughness 3 on 3+.,not_assessed,not_assessed,not_run,,,implemented_pending_verification,,,,,+1 Strength for attacks made with the weapon.,material.obsidian,,,none,,Review existing evidence; repair verification metadata or missing evidence without reimplementing the effect.,inventory,kb,,mechanic/material.obsidian,A,material.obsidian,binding operator 'mechanic:material.obsidian' classified into the A family by operator prefix 'material.',e31cf607632b0a66450c1d88caf870acabfaaac837b32453c5fccd51e9aec355,e2d874bf0cee3d2139d9aa8e355c6900aa117ddd0e320ac625683b5723e8d40c,"[""sources/knowledge/catalog/mechanics/close-combat.yaml""]"
mechanic/poison.black-lotus,mechanic:poisons,Black Lotus,catalog/mechanics/close-combat.yaml,poisons,,YES,,YES,"{""id"": ""poison.black-lotus"", ""kind"": ""mechanic"", ""parameters"": {}}",linked,not_run,Semantic verification was not run.,,,,ready,,"Black Lotus wounds automatically on a natural 6 to hit; Dark Steel rerolls failed wound rolls on ordinary hits. The optional Lotus critical attempt cannot fail the wound and is not rerolled. | Black Lotus wounds automatically on a natural 6 to hit; Sure Strike rerolls failed wound rolls on ordinary hits. The optional Lotus critical attempt cannot fail the wound and is not rerolled. | Battle-long immunity cancels the selected poison only. Ordinary wound resolution and damage remain, and no poison reaction or reroll may request a die. | A natural hit six guarantees a wound and optionally rolls for a critical. A non-six attempt retains the wound; it is not a failed wound eligible for a reroll. General critical eligibility and the basic critical table still apply; declining skips the attempt.",not_assessed,not_assessed,not_run,,,implemented_pending_verification,,,,,"A natural 6 to hit guarantees a wound; an optional wound die can score a critical on 6, otherwise the wound remains normal. Normal critical eligibility and saves apply.",poison.black-lotus,,,none,,Review existing evidence; repair verification metadata or missing evidence without reimplementing the effect.,inventory,kb,,mechanic/poison.black-lotus,A,poison.black-lotus,binding operator 'mechanic:poison.black-lotus' classified into the A family by operator prefix 'poison.',941f37da2e7029c66644a26963e3077748c642dedbb81eaec76b014838d6d02c,9dc6d07156002c406b33a67a5b376203488467675ea754dbb3ca3ecb6be6e1b4,"[""sources/knowledge/catalog/mechanics/close-combat.yaml""]"
mechanic/poison.black-venom,mechanic:poisons,Black Venom,catalog/mechanics/close-combat.yaml,poisons,,YES,,YES,"{""id"": ""poison.black-venom"", ""kind"": ""mechanic"", ""parameters"": {}}",linked,not_run,Semantic verification was not run.,,,,ready,,"Apply the independently specified Strength contributions before wounding. Resilient reduces only wounding Strength, not armour Strength; charging/first-round bonuses expire as stated. | The written +1 Strength applies when wounding and calculating armour penetration. A Strength 3 wielder becomes Strength 4 and wounds Toughness 3 on 3+. | Battle-long immunity cancels the selected poison only. Ordinary wound resolution and damage remain, and no poison reaction or reroll may request a die.",not_assessed,not_assessed,not_run,,,implemented_pending_verification,,,,,+1 S when wounding and calculating armour penetration.,poison.black-venom,,,none,,Review existing evidence; repair verification metadata or missing evidence without reimplementing the effect.,inventory,kb,,mechanic/poison.black-venom,A,poison.black-venom,binding operator 'mechanic:poison.black-venom' classified into the A family by operator prefix 'poison.',2e16416e6e5d1cef9ba302c514469e017f6b32a2dfff227be4f1342a95b9ff3a,51518596a3f4a8f21277c28377cc46d4dee3ad82f139bf4fa44242691c787e88,"[""sources/knowledge/catalog/mechanics/close-combat.yaml""]"
mechanic/poison.bloodroot,mechanic:poisons,Bloodroot,catalog/mechanics/close-combat.yaml,poisons,,YES,,YES,"{""id"": ""poison.bloodroot"", ""kind"": ""mechanic"", ""parameters"": {}}",linked,not_run,Semantic verification was not run.,,,,ready,,"Bloodroot doubles an unsaved wound to 2; the ordinary Injury states resolve only when the doubled damage drives the defender to zero Wounds. | Bloodroot doubles the wound to 2; enchanted skins's ward (6+) intercepts the unsaved wound, and when it fails the doubled damage drives the defender to zero Wounds and one Injury roll. | Bloodroot doubles the wound to 2; elven agility's ward (6+) intercepts the unsaved wound, and when it fails the doubled damage drives the defender to zero Wounds and one Injury roll. | Bloodroot doubles the wound to 2; regeneration's regeneration (4+) intercepts the unsaved wound, and when it fails the doubled damage drives the defender to zero Wounds and one Injury roll. | Bloodroot doubles the wound to 2; regeneration 5 plus's regeneration (5+) intercepts the unsaved wound, and when it fails the doubled damage drives the defender to zero Wounds and one Injury roll. | Bloodroot doubles the wound to 2; step aside's ward (5+) intercepts the unsaved wound, and when it fails the doubled damage drives the defender to zero Wounds and one Injury roll. | Bloodroot doubles wounds caused by ordinary attacks; a chosen bear hug is its own automatic wound (fixed damage 1), so the poison only doubles damage when the hug is declined and the original attacks resolve. | Battle-long immunity cancels the selected poison only. Ordinary wound resolution and damage remain, and no poison reaction or reroll may request a die. | An unsaved ordinary wound causes two wounds. At one remaining Wound, roll twice for injury and apply the worse result. Armour prevents the wound before doubling.",not_assessed,not_assessed,not_run,,,implemented_pending_verification,,,,,Doubles wounds caused.,poison.bloodroot,,,none,,Review existing evidence; repair verification metadata or missing evidence without reimplementing the effect.,inventory,kb,,mechanic/poison.bloodroot,A,poison.bloodroot,binding operator 'mechanic:poison.bloodroot' classified into the A family by operator prefix 'poison.',962c7daa207fb655a79ef6714c119cf542eeb9caede99a6540f746e9ec766a2b,21ca03c42f7d06b07c064ff4182b01c36bb9a2b48898b3b6a2f9cfb460714ca4,"[""sources/knowledge/catalog/mechanics/close-combat.yaml""]"
mechanic/poison.devil-s-toxin,mechanic:poisons,Devil's Toxin,catalog/mechanics/close-combat.yaml,poisons,,YES,,YES,"{""id"": ""poison.devil-s-toxin"", ""kind"": ""mechanic"", ""parameters"": {}}",linked,not_run,Semantic verification was not run.,,,,ready,,"Devil's Toxin rerolls failed wound rolls, and the reroll cannot cause a critical hit; an unrerolled natural 6 still crits. | Devil's Toxin (main hand) rerolls failed wound rolls without crits; Wolfsbane (off hand) crits on 5-6. The phase allows at most one critical, consumed by the first. | Battle-long immunity cancels the selected poison only. Ordinary wound resolution and damage remain, and no poison reaction or reroll may request a die. | Reroll failed wounds once, but that reroll cannot cause a critical. Original natural sixes still cause criticals unless six was required.",not_assessed,not_assessed,not_run,,,implemented_pending_verification,,,,,Re-rolls failed wound rolls; the re-roll cannot cause a critical hit.,poison.devil-s-toxin,,,none,,Review existing evidence; repair verification metadata or missing evidence without reimplementing the effect.,inventory,kb,,mechanic/poison.devil-s-toxin,A,poison.devil-s-toxin,binding operator 'mechanic:poison.devil-s-toxin' classified into the A family by operator prefix 'poison.',b43d19a478acbdf66a4d19e61b41ff9a528de259fb48116c2c33f2129225e962,9c2081fce41afc3ebf920b86ad4215b4d39f23cf9da55397880952dbebb66c2c,"[""sources/knowledge/catalog/mechanics/close-combat.yaml""]"
mechanic/poison.manbane,mechanic:poisons,Manbane,catalog/mechanics/close-combat.yaml,poisons,,YES,,YES,"{""id"": ""poison.manbane"", ""kind"": ""mechanic"", ""parameters"": {}}",linked,not_run,Semantic verification was not run.,,,,ready,,"Battle-long immunity cancels the selected poison only. Ordinary wound resolution and damage remain, and no poison reaction or reroll may request a die. | Add one to wound rolls; a natural one still fails. No Strength or armour modifier is granted.",not_assessed,not_assessed,not_run,,,implemented_pending_verification,,,,,+1 to wound rolls; a natural 1 always fails.,poison.manbane,,,none,,Review existing evidence; repair verification metadata or missing evidence without reimplementing the effect.,inventory,kb,,mechanic/poison.manbane,A,poison.manbane,binding operator 'mechanic:poison.manbane' classified into the A family by operator prefix 'poison.',d9498f35264f39af285926886bfed7136a97fdb0f66ec0e51b355983fd04cc0c,8f17e9efc2d4c340e93d3420b0bbbb70593140126974f553e9481675f342a1d1,"[""sources/knowledge/catalog/mechanics/close-combat.yaml""]"
mechanic/poison.nightshade,mechanic:poisons,Nightshade,catalog/mechanics/close-combat.yaml,poisons,,YES,,YES,"{""id"": ""poison.nightshade"", ""kind"": ""mechanic"", ""parameters"": {}}",linked,not_run,Semantic verification was not run.,,,,ready,,"Battle-long immunity cancels the selected poison only. Ordinary wound resolution and damage remain, and no poison reaction or reroll may request a die. | Each unsaved wound with Nightshade reduces the defender's Initiative by one; poison immunity prevents the reduction.",not_assessed,not_assessed,not_run,,,implemented_pending_verification,,,,,"Each unsaved wound reduces the opponent’s Initiative by 1, to a minimum of 1.",poison.nightshade,,,none,,Review existing evidence; repair verification metadata or missing evidence without reimplementing the effect.,inventory,kb,,mechanic/poison.nightshade,A,poison.nightshade,binding operator 'mechanic:poison.nightshade' classified into the A family by operator prefix 'poison.',a3167f48923a370b92918071951fd2e7ffa8d382731f5088732caffa4ddf4db1,0f1194dc9accceb24823dd6be2431dad8f5259a8679a0a548d4a499401d4f65e,"[""sources/knowledge/catalog/mechanics/close-combat.yaml""]"
mechanic/poison.reptile-venom,mechanic:poisons,Reptile Venom,catalog/mechanics/close-combat.yaml,poisons,,YES,,YES,"{""id"": ""poison.reptile-venom"", ""kind"": ""mechanic"", ""parameters"": {}}",linked,not_run,Semantic verification was not run.,,,,ready,,"Battle-long immunity cancels the selected poison only. Ordinary wound resolution and damage remain, and no poison reaction or reroll may request a die. | The poison increases only Strength used to wound by one. It does not increase Strength used for armour penetration.",not_assessed,not_assessed,not_run,,,implemented_pending_verification,,,,,"+1 S when wounding, without increasing armour penetration.",poison.reptile-venom,,,none,,Review existing evidence; repair verification metadata or missing evidence without reimplementing the effect.,inventory,kb,,mechanic/poison.reptile-venom,A,poison.reptile-venom,binding operator 'mechanic:poison.reptile-venom' classified into the A family by operator prefix 'poison.',0e02abc5d0f575eb1adb8f7edd3f13d594d3f945152ecb971504a0021220a8a1,979d9d0ff72c27e6c9ffe6a5df678d94d9e80f1b9466a479d378be4e79876485,"[""sources/knowledge/catalog/mechanics/close-combat.yaml""]"
mechanic/poison.spider-spittle,mechanic:poisons,Spider Spittle,catalog/mechanics/close-combat.yaml,poisons,,YES,,YES,"{""id"": ""poison.spider-spittle"", ""kind"": ""mechanic"", ""parameters"": {}}",linked,not_run,Semantic verification was not run.,,,,ready,,"Battle-long immunity cancels the selected poison only. Ordinary wound resolution and damage remain, and no poison reaction or reroll may request a die. | An undefended hit immediately triggers a Toughness test before wounding or saves. A failed test paralyses; immunity prevents the test. Paralysis grants automatic hits, not automatic elimination.",not_assessed,not_assessed,not_run,,,implemented_pending_verification,,,,,"An undefended hit immediately causes a Toughness test; failure paralyses the target, preventing attacks and granting automatic hits until it passes a test in its own Recovery phase.",poison.spider-spittle,,,none,,Review existing evidence; repair verification metadata or missing evidence without reimplementing the effect.,inventory,kb,,mechanic/poison.spider-spittle,A,poison.spider-spittle,binding operator 'mechanic:poison.spider-spittle' classified into the A family by operator prefix 'poison.',b5ef18634b77155958acb204bbb9611f62af6cf4be1fad258c7dee08a9bb6000,d4a55412bbd63833e517f9f6efc93be37a29667418295e0db955992fdda5140e,"[""sources/knowledge/catalog/mechanics/close-combat.yaml""]"
mechanic/poison.wolfsbane,mechanic:poisons,Wolfsbane,catalog/mechanics/close-combat.yaml,poisons,,YES,,YES,"{""id"": ""poison.wolfsbane"", ""kind"": ""mechanic"", ""parameters"": {}}",linked,not_run,Semantic verification was not run.,,,,ready,,"Wolfsbane causes critical hits on a wound roll of 5-6; the same roll is merely a wound without the poison. | Devil's Toxin (main hand) rerolls failed wound rolls without crits; Wolfsbane (off hand) crits on 5-6. The phase allows at most one critical, consumed by the first. | Battle-long immunity cancels the selected poison only. Ordinary wound resolution and damage remain, and no poison reaction or reroll may request a die. | Criticals occur on natural wound rolls of five or six, except when only six can wound.",not_assessed,not_assessed,not_run,,,implemented_pending_verification,,,,,Causes critical hits on 5-6 unless a natural 6 is required to wound.,poison.wolfsbane,,,none,,Review existing evidence; repair verification metadata or missing evidence without reimplementing the effect.,inventory,kb,,mechanic/poison.wolfsbane,A,poison.wolfsbane,binding operator 'mechanic:poison.wolfsbane' classified into the A family by operator prefix 'poison.',d3cae29c55b13e63ecd732a753f1f01b6af2b738968ede8e53d944948882d726,41fbd8a4f3cda0f82b20a34e45a4bc3924873c66d1ed188e52c917a69fae6e24,"[""sources/knowledge/catalog/mechanics/close-combat.yaml""]"
mechanic/preparation.crimson-shade,mechanic:preparations,Crimson Shade,catalog/mechanics/close-combat.yaml,preparations,,YES,,YES,"{""id"": ""preparation.crimson-shade"", ""kind"": ""mechanic"", ""parameters"": {}}",linked,not_run,Semantic verification was not run.,,,,ready,,Crimson Shade grants +1 Strength for the whole combat and adds a single D3 roll to Initiative when initialising the fighter.,not_assessed,not_assessed,not_run,,,implemented_pending_verification,,,,,+1 S and +1D3 I for the entire battle.,preparation.crimson-shade,,,none,,Review existing evidence; repair verification metadata or missing evidence without reimplementing the effect.,inventory,kb,,mechanic/preparation.crimson-shade,A,preparation.crimson-shade,binding operator 'mechanic:preparation.crimson-shade' pinned to its behaviour family by the operator table,063430e391150c33b53c849b9234bb615a585a1faa35e8e8f373131f30d0150f,50fc18a903845c19cd46fc5562b95112968e9241c43fc40487bc91f88b9fe8fb,"[""sources/knowledge/catalog/mechanics/close-combat.yaml""]"
mechanic/dance.storm-of-blades,mechanic:skills,Storm of Blades,catalog/mechanics/close-combat.yaml,skills,,YES,,YES,"{""id"": ""dance.storm-of-blades"", ""kind"": ""mechanic"", ""parameters"": {}}",linked,not_run,Semantic verification was not run.,,,,ready,,,not_assessed,not_assessed,not_run,,,implemented_pending_verification,,,,,"The Wardancer rains blow after blow upon their opponent, moving with such speed that the eye cannot follow each distinct cut and thrust. While performing this Dance, a warrior is granted +1 Attack.",dance.storm-of-blades,,,none,,Review existing evidence; repair verification metadata or missing evidence without reimplementing the effect.,inventory,kb,,mechanic/dance.storm-of-blades,A,dance.storm-of-blades,binding operator 'mechanic:dance.storm-of-blades' classified into the A family by operator prefix 'dance.',7312cacefac83e3deb43f3f46f87dcf9f0fcf13cb7e290f16bbc80ae3d0b28e9,e37bc473c85bb705a0538db814a37ce2d0a7d4578df9e5cfe32b7798b0ba807b,"[""sources/knowledge/catalog/mechanics/close-combat.yaml""]"
mechanic/dance.the-shadows-coil,mechanic:skills,The Shadows Coil,catalog/mechanics/close-combat.yaml,skills,,YES,,YES,"{""id"": ""dance.the-shadows-coil"", ""kind"": ""mechanic"", ""parameters"": {}}",linked,not_run,Semantic verification was not run.,,,,ready,,,not_assessed,not_assessed,not_run,,,implemented_pending_verification,,,,,"With agile grace the Wardancer evades the clumsy attacks of their enemies, becoming almost impossible to strike. While performing this Dance, the Wardancer has a special 4+ save throw which cannot be modified by Strength, magic spells or magic weapons.",dance.the-shadows-coil,,,none,,Review existing evidence; repair verification metadata or missing evidence without reimplementing the effect.,inventory,kb,,mechanic/dance.the-shadows-coil,A,dance.the-shadows-coil,binding operator 'mechanic:dance.the-shadows-coil' classified into the A family by operator prefix 'dance.',21d308cef7ed935eee47fa3528342b778f54d0dfbb12d820bf0f89ff6ce85b4a,5fe38ebfae986aa1967d1085310263f71d4f705261072b50d88cccbb81557279,"[""sources/knowledge/catalog/mechanics/close-combat.yaml""]"
mechanic/dance.whirling-death,mechanic:skills,Whirling Death,catalog/mechanics/close-combat.yaml,skills,,YES,,YES,"{""id"": ""dance.whirling-death"", ""kind"": ""mechanic"", ""parameters"": {}}",linked,not_run,Semantic verification was not run.,,,,ready,,,not_assessed,not_assessed,not_run,,,implemented_pending_verification,,,,,"Each strike of the Wardancer's blade is made with uncanny precision, capable of severing a head or piercing a heart with one deceptively elegant stroke. While performing this Dance, the warrior gains +1 to any Injury rolls.",dance.whirling-death,,,none,,Review existing evidence; repair verification metadata or missing evidence without reimplementing the effect.,inventory,kb,,mechanic/dance.whirling-death,A,dance.whirling-death,binding operator 'mechanic:dance.whirling-death' classified into the A family by operator prefix 'dance.',5cbaeb379595a9a805c068227502cbe078d2d5d8d4990c62d838379567baabc8,e1e4c9e574ccccc5e1e6bec2550009033c190cdb041c724fe97a933c480faa64,"[""sources/knowledge/catalog/mechanics/close-combat.yaml""]"
mechanic/dance.woven-mist,mechanic:skills,Woven Mist,catalog/mechanics/close-combat.yaml,skills,,YES,,YES,"{""id"": ""dance.woven-mist"", ""kind"": ""mechanic"", ""parameters"": {}}",linked,not_run,Semantic verification was not run.,,,,ready,,,not_assessed,not_assessed,not_run,,,implemented_pending_verification,,,,,"The sinuous movements of this Dance distract and confuse the enemy, allowing the Wardancer to strike before their foe can react. When performing this Dance, the warrior reduces his total attacks by one but always Strikes first in combat. If their opponent also Strikes first, resolve attacks in Initiative order.",dance.woven-mist,,,none,,Review existing evidence; repair verification metadata or missing evidence without reimplementing the effect.,inventory,kb,,mechanic/dance.woven-mist,A,dance.woven-mist,binding operator 'mechanic:dance.woven-mist' classified into the A family by operator prefix 'dance.',0415f6f66be2ef23207f6f4b99c2313e0635cc2122ab112875bc9acd71368fd6,9c84c946bf1b064d82592b53e9996a2fbcca47cf2df57ca81aec45d9c2651232,"[""sources/knowledge/catalog/mechanics/close-combat.yaml""]"
mechanic/mechanic.anvil-head,mechanic:skills,Anvil Head,catalog/mechanics/close-combat.yaml,skills,,YES,,YES,"{""id"": ""mechanic.anvil-head"", ""kind"": ""mechanic"", ""parameters"": {}}",linked,not_run,Semantic verification was not run.,,,,ready,,"When charging, Anvil Head offers replacing all attacks with one. If that attack hits, the total number of to-wound rolls is D3. Declining the option keeps the normal set and outside a charge it is not asked; the D3 expansion only ever applies to a charging Necromantic Abomination in the first round, never to later rounds or when the fighter was charged.",not_assessed,not_assessed,not_run,,,implemented_pending_verification,,,,,"11 on 2D6; costs 45 gc. If the Necromantic Abomination charged, it may replace all of its attacks with one attack. If that attack hits, it inflicts 1D3 Wounds; roll To Wound separately for each Wound.",mechanic.anvil-head,,,none,,Review existing evidence; repair verification metadata or missing evidence without reimplementing the effect.,inventory,kb,,mechanic/mechanic.anvil-head,A,mechanic.anvil-head,binding operator 'mechanic:mechanic.anvil-head' pinned to its behaviour family by the operator table,1dfe07fcae531ca1185641bfa72e6562aaa954828eaaf00a924d175ac66540aa,27fd4a7a4db88e91f2089dbc3d92bc3ca1134ee152ca95f4cff55a46672a71c8,"[""sources/knowledge/catalog/mechanics/close-combat.yaml""]"
mechanic/mechanic.black-hunger,mechanic:skills,Black Hunger,catalog/mechanics/close-combat.yaml,skills,,YES,,YES,"{""id"": ""mechanic.black-hunger"", ""kind"": ""mechanic"", ""parameters"": {}}",linked,not_run,Semantic verification was not run.,,,,ready,,"Black Hunger adds an attack while active and, at the end, causes D3 automatic Strength 3 hits that ignore armour.",not_assessed,not_assessed,not_run,,,implemented_pending_verification,,,,,"At the beginning of his turn, the Hero may invoke Black Hunger. For that turn he gains +1 Attack and adds the result of 1D6 x 0.4"" + 1"" to his Movement. At the end of the turn he suffers 1D3 Strength 3 hits with no armour save.",mechanic.black-hunger,,,none,,Review existing evidence; repair verification metadata or missing evidence without reimplementing the effect.,inventory,kb,,mechanic/mechanic.black-hunger,A,mechanic.black-hunger,binding operator 'mechanic:mechanic.black-hunger' pinned to its behaviour family by the operator table,5d82f03f80af24ceb6821da4104f00a75c979d0204810f9e5473236e1bddd64c,32b798084835eff4db21d15ca2470d91c68d008a454387b20650284ee8b0e5f3,"[""sources/knowledge/catalog/mechanics/close-combat.yaml""]"
mechanic/mechanic.body-slam,mechanic:skills,Body Slam,catalog/mechanics/close-combat.yaml,skills,,YES,,YES,"{""id"": ""mechanic.body-slam"", ""kind"": ""mechanic"", ""parameters"": {}}",linked,not_run,Semantic verification was not run.,,,,ready,,"Body Slam allows choosing, during a charge, a single attack at +1 Strength and +1 To Hit that scores a critical on 5+. It does not use the weapon's bonuses or other skills. Declining keeps the ordinary pool. Both editions grant it exactly to Pit King, Pit Veterans and Dwarf Troll Slayer.",not_assessed,not_assessed,not_run,,,implemented_pending_verification,,,,,"Replaces charge attacks with one +1 Strength, +1 To Hit attack that critically wounds on 5+ and ignores weapon and skill modifiers.",mechanic.body-slam,,,none,,Review existing evidence; repair verification metadata or missing evidence without reimplementing the effect.,inventory,kb,,mechanic/mechanic.body-slam,A,mechanic.body-slam,binding operator 'mechanic:mechanic.body-slam' pinned to its behaviour family by the operator table,904b20be24e27ced40bccf5bd32e37063fbbe21a4f5527f8de6bdb400bbf4a07,a92e8bf3fce28805766e14904d6432ddb342429464a218072d3eec4e35d83bde,"[""sources/knowledge/catalog/mechanics/close-combat.yaml""]"
mechanic/mechanic.bull-charge,mechanic:skills,Bull Charge,catalog/mechanics/close-combat.yaml,skills,,YES,,YES,"{""id"": ""mechanic.bull-charge"", ""kind"": ""mechanic"", ""parameters"": {}}",linked,not_run,Semantic verification was not run.,,,,ready,,"Bull Charge and Bull Rush allow choosing, during a charge, to replace all attacks with a single attempt at +1 To Hit. If it hits, it knocks down without a to-wound roll. Declining the choice keeps the normal pool. Outside a charge no decision is asked nor is the number of attacks replaced. Bulls receives the rule automatically; the skills have their own recipients.",not_assessed,not_assessed,not_run,,,implemented_pending_verification,,,,,"Ogres learn to use their vast bulk in a charge, trampling the enemy to the ground. When charging, an Ogre with this skill may attempt a single attack with a +1 'to hit' modifier rather than making his normal attacks. If successful the enemy model is automatically knocked down.",mechanic.bull-charge,,,none,,Review existing evidence; repair verification metadata or missing evidence without reimplementing the effect.,inventory,kb,,mechanic/mechanic.bull-charge,A,mechanic.bull-charge,binding operator 'mechanic:mechanic.bull-charge' pinned to its behaviour family by the operator table,a2f4d5432be527fef319c7d8262bb4e65789edfb9fa27cb4527516038f241ea2,7163e1400d908a6807a375f0cfe3ab095bcb6dde8ff21eb260a63d2270293c3e,"[""sources/knowledge/catalog/mechanics/close-combat.yaml""]"
mechanic/mechanic.curse-of-the-revenant,mechanic:skills,Curse of the Revenant,catalog/mechanics/close-combat.yaml,skills,,YES,,YES,"{""id"": ""mechanic.curse-of-the-revenant"", ""kind"": ""mechanic"", ""parameters"": {}}",linked,not_run,Semantic verification was not run.,,,,ready,,,not_assessed,not_assessed,not_run,,,implemented_pending_verification,,,,,"At own-turn start recover at most one lost wound on 5+, unaffected by fire. Requires Great Thirster.",mechanic.curse-of-the-revenant,,,none,,Review existing evidence; repair verification metadata or missing evidence without reimplementing the effect.,inventory,kb,,mechanic/mechanic.curse-of-the-revenant,A,mechanic.curse-of-the-revenant,binding operator 'mechanic:mechanic.curse-of-the-revenant' pinned to its behaviour family by the operator table,eceed32bacfbcce4edbfba0f5b8cb2bf7bc002d38e6f01ec4ff5d8586d15cf1c,e0a3cc6ebdacc0610e06d7be43e276770857d2feb2021fa092c18db10d76472a,"[""sources/knowledge/catalog/mechanics/close-combat.yaml""]"
mechanic/mechanic.dueling-pride,mechanic:skills,Dueling Pride,catalog/mechanics/close-combat.yaml,skills,,YES,,YES,"{""id"": ""mechanic.dueling-pride"", ""kind"": ""mechanic"", ""parameters"": {}}",linked,not_run,Semantic verification was not run.,,,,ready,,,not_assessed,not_assessed,not_run,,,implemented_pending_verification,,,,,Fierezza Heroes re-roll failed melee hits in the first combat round against enemy Heroes.,mechanic.dueling-pride,,,none,,Review existing evidence; repair verification metadata or missing evidence without reimplementing the effect.,inventory,kb,,mechanic/mechanic.dueling-pride,A,mechanic.dueling-pride,binding operator 'mechanic:mechanic.dueling-pride' pinned to its behaviour family by the operator table,d8372e68e184842f33a01357bf3a1808b5061df2cba50447dd7b4bdf10d4018b,e27e3bcd3c93b3e120295f9dd78af3d80fd546faf9f51166f9eb39065e0fde9f,"[""sources/knowledge/catalog/mechanics/close-combat.yaml""]"
mechanic/mechanic.energy-focus,mechanic:skills,Energy Focus,catalog/mechanics/close-combat.yaml,skills,,YES,,YES,"{""id"": ""mechanic.energy-focus"", ""kind"": ""mechanic"", ""parameters"": {}}",linked,not_run,Semantic verification was not run.,,,"Energy Focus allows selecting any number of attacks, including zero or all of the profile's attacks.",ready,"Does Energy Focus keep the choice of how many attacks to sacrifice, or must the canonical convention of sacrificing all but one be applied?",Battle Monks Special Skills / Energy Focus allows choosing any amount between zero and the profile's Attacks. Each sacrificed attack reduces A by one and grants +1 Strength while the monk fights unarmed. The historical convention of always keeping one attack was a simplification and is not part of the RAW.,not_assessed,not_assessed,not_run,,,implemented_pending_verification,,,,,"If fighting unarmed, the Hero may choose to reduce his Attacks by –1 and thus gain +1 Strength in close combat. The monk may sacrifice any number of attacks this way.",mechanic.energy-focus,,,resolved,,Review existing evidence; repair verification metadata or missing evidence without reimplementing the effect.,inventory,kb,,mechanic/mechanic.energy-focus,A,mechanic.energy-focus,binding operator 'mechanic:mechanic.energy-focus' pinned to its behaviour family by the operator table,821a2268165f050bcd0d0778192ba7ef1fea24e888a47c4023570a4204873e2f,b6101f3fd53731e84b765292f7b3d836574eb94e0468a0061fbe51e54a980bbd,"[""sources/knowledge/catalog/mechanics/close-combat.yaml""]"
mechanic/mechanic.great-thirster,mechanic:skills,Great Thirster,catalog/mechanics/close-combat.yaml,skills,,YES,,YES,"{""id"": ""mechanic.great-thirster"", ""kind"": ""mechanic"", ""parameters"": {}}",linked,not_run,Semantic verification was not run.,,,,ready,,,not_assessed,not_assessed,not_run,,,implemented_pending_verification,,,,,"Gains Frenzy after taking an enemy out of action; lost when knocked down, stunned or out of action.",mechanic.great-thirster,,,none,,Review existing evidence; repair verification metadata or missing evidence without reimplementing the effect.,inventory,kb,,mechanic/mechanic.great-thirster,A,mechanic.great-thirster,binding operator 'mechanic:mechanic.great-thirster' pinned to its behaviour family by the operator table,1d2516e47f901ef7b7402abeb8f2746b7fe57feb89228c333016a29bb0f1a828,d8261c5a5418f303ade6768657fbc4165f3c1bbad0987082216d94a30d133aac,"[""sources/knowledge/catalog/mechanics/close-combat.yaml""]"
mechanic/mechanic.killing-blow,mechanic:skills,Killing Blow,catalog/mechanics/close-combat.yaml,skills,https://broheim.net/downloads/warbands/supplement/mousillon/Blood%20Dragons.pdf,YES,,YES,"{""id"": ""mechanic.killing-blow"", ""kind"": ""mechanic"", ""parameters"": {}}",linked,not_run,Semantic verification was not run.,,,,ready,,,not_assessed,not_assessed,not_run,,,implemented_pending_verification,,,,,A natural hit six wounds automatically and cannot be parried; armour and special saves remain allowed.,mechanic.killing-blow,,,none,,Review existing evidence; repair verification metadata or missing evidence without reimplementing the effect.,inventory,kb,,mechanic/mechanic.killing-blow,A,mechanic.killing-blow,binding operator 'mechanic:mechanic.killing-blow' pinned to its behaviour family by the operator table,ee2a24b71b8b126a267465b0606281e74b601abae9859708c6e50d9328e0a402,6d8bdd1ea29122c16ebffd96c37f94998fc9cfb9990c8b48462a6696dfcac136,"[""sources/knowledge/catalog/mechanics/close-combat.yaml""]"
mechanic/mechanic.mesmerising-dance,mechanic:skills,Mesmerising Dance,catalog/mechanics/close-combat.yaml,skills,,YES,,YES,"{""id"": ""mechanic.mesmerising-dance"", ""kind"": ""mechanic"", ""parameters"": {}}",linked,not_run,Semantic verification was not run.,,,,ready,,,not_assessed,not_assessed,not_run,,,implemented_pending_verification,,,,,Some Amazon women develop their fighting motions into a graceful dance that can transfix their foes. Any model fighting in base contact with the Amazon must take a Leadership test at the start of each turn. If they fail they cannot attack that turn but may defend themselves. The dance however is useless against Lizardmen and undead who are immune to their charms.,mechanic.mesmerising-dance,,,none,,Review existing evidence; repair verification metadata or missing evidence without reimplementing the effect.,inventory,kb,,mechanic/mechanic.mesmerising-dance,A,mechanic.mesmerising-dance,binding operator 'mechanic:mechanic.mesmerising-dance' pinned to its behaviour family by the operator table,a5ba3b9697cc9bab9d6350a133e5a254bbb75e58141ede490ea6aa76c0cc2613,eb2bbcd1907bbd5dfa1d7cb5f14e874d8f85df5050cc2fca554364fa48193fc1,"[""sources/knowledge/catalog/mechanics/close-combat.yaml""]"
mechanic/mechanic.netter,mechanic:skills,Netter,catalog/mechanics/close-combat.yaml,skills,,YES,,YES,"{""id"": ""mechanic.netter"", ""kind"": ""mechanic"", ""parameters"": {}}",linked,not_run,Semantic verification was not run.,,,,ready,,Netter rolls to hit with BS before combat and knocks down the target only if the hit lands and it fails its Strength check to escape.,not_assessed,not_assessed,not_run,,,implemented_pending_verification,,,,,"The goblin is adept at using a net to disable his enemies. They learn their skill hunting wild cave squigs in the depths of the mountains. The technique he has mastered is 'chuck and charge'. The goblin may declare that he is making a net charge. He throws the net at a target in the same way as described in the Mordheim rulebook. If he hits and the target fails to escape the net then target counts as knocked down and the goblin completes his charge. If he misses or the target escapes then the goblin makes a failed charge. If the failed charge would take him into base contact then stop him 1"" away. A warrior who is caught in a net will be automatically hit in combat. The goblin must still roll to wound just as with a knocked down enemy. In the warrior's next recovery phase, unless he is stunned or out of action he will cut himself out of the net but cannot do anything else and will go last in combat just as if he had stood up from being knocked down.",mechanic.netter,,,none,,Review existing evidence; repair verification metadata or missing evidence without reimplementing the effect.,inventory,kb,,mechanic/mechanic.netter,A,mechanic.netter,binding operator 'mechanic:mechanic.netter' pinned to its behaviour family by the operator table,faf934f43561bfc21db87ebe04f67c32d32d0cec2abb2429dda2856860ccb1dd,d73033d774e1fb0d796414590ae5e6299da9d171bedab2c64d85f813449941d5,"[""sources/knowledge/catalog/mechanics/close-combat.yaml""]"
mechanic/mechanic.ravening-onslaught,mechanic:skills,Ravening Onslaught,catalog/mechanics/close-combat.yaml,skills,,YES,,YES,"{""id"": ""mechanic.ravening-onslaught"", ""kind"": ""mechanic"", ""parameters"": {}}",linked,not_run,Semantic verification was not run.,,,,ready,,,not_assessed,not_assessed,not_run,,,implemented_pending_verification,,,,,Each natural hit roll of six grants another attack; further natural sixes generate further attacks.,mechanic.ravening-onslaught,,,none,,Review existing evidence; repair verification metadata or missing evidence without reimplementing the effect.,inventory,kb,,mechanic/mechanic.ravening-onslaught,A,mechanic.ravening-onslaught,binding operator 'mechanic:mechanic.ravening-onslaught' pinned to its behaviour family by the operator table,90491a772ee9f4ed5c5302e484e681ba9331078b4efcde53ed9dff5b78a6c79f,b02af1cbafd9fadc565fcecc8003450a7f036b563dc9cfaad9a2a7e2623d91ac,"[""sources/knowledge/catalog/mechanics/close-combat.yaml""]"
mechanic/mechanic.retain-flail-morning-star-strength-bonus,mechanic:skills,Retain Flail and Morning Star Strength Bonus,catalog/mechanics/close-combat.yaml,skills,,YES,,YES,"{""id"": ""mechanic.retain-flail-morning-star-strength-bonus"", ""kind"": ""mechanic"", ""parameters"": {}}",linked,not_run,Semantic verification was not run.,,,,ready,,Knightly Skills / Bulging Muscles: keeps the flail's +2 S and the morning star's +1 S after the first round. It does not increase swords nor add more Strength to the initial bonus; wounds and Strength-based penetration use the same value.,not_assessed,not_assessed,not_run,,,implemented_pending_verification,,,,,Retains the first-round Strength bonus of Flails and Morning Stars in later rounds.,mechanic.retain-flail-morning-star-strength-bonus,,,none,,Review existing evidence; repair verification metadata or missing evidence without reimplementing the effect.,inventory,kb,,mechanic/mechanic.retain-flail-morning-star-strength-bonus,A,mechanic.retain-flail-morning-star-strength-bonus,binding operator 'mechanic:mechanic.retain-flail-morning-star-strength-bonus' pinned to its behaviour family by the operator table,05098fd9c456a26f05ac1b5e22181bb9bcb32e1cd061b7a0ef81745128ad0c18,8b896af6efc9d7669efa041656d879b09a5a0670c5b4586a4b3ce84789654565,"[""sources/knowledge/catalog/mechanics/close-combat.yaml""]"
mechanic/mechanic.righteous-charge,mechanic:skills,Righteous Charge,catalog/mechanics/close-combat.yaml,skills,,YES,,YES,"{""id"": ""mechanic.righteous-charge"", ""kind"": ""mechanic"", ""parameters"": {}}",linked,not_run,Semantic verification was not run.,,,,ready,,,not_assessed,not_assessed,not_run,,,implemented_pending_verification,,,,,"When the mounted Knight charges, if he has at least 1 other model within 2 inches, all friendly charging mounted warriors (including the Questing Knight) within 4 inches gain +1 to Hit, cause fear and are immune to all Psychology for the first round of combat.",mechanic.righteous-charge,,,none,,Review existing evidence; repair verification metadata or missing evidence without reimplementing the effect.,inventory,kb,,mechanic/mechanic.righteous-charge,A,mechanic.righteous-charge,binding operator 'mechanic:mechanic.righteous-charge' pinned to its behaviour family by the operator table,63d19907a011cd0eec07332b4f823f45a82350e19a64c446a256285a00449e85,1e319079d0768fb58e7d5870ad9e1c5b8b8071da230ecf6c1942324ad99b4d9d,"[""sources/knowledge/catalog/mechanics/close-combat.yaml""]"
mechanic/mechanic.sabretusk-charge,mechanic:skills,Sabretusk Charge,catalog/mechanics/close-combat.yaml,skills,,YES,,YES,"{""id"": ""mechanic.sabretusk-charge"", ""kind"": ""mechanic"", ""parameters"": {}}",linked,not_run,Semantic verification was not run.,,,,ready,,,not_assessed,not_assessed,not_run,,,implemented_pending_verification,,,,,Sabretusks fight with two attacks instead of one during the turn they charge.,mechanic.sabretusk-charge,,,none,,Review existing evidence; repair verification metadata or missing evidence without reimplementing the effect.,inventory,kb,,mechanic/mechanic.sabretusk-charge,A,mechanic.sabretusk-charge,binding operator 'mechanic:mechanic.sabretusk-charge' pinned to its behaviour family by the operator table,0de6dd55dd891eca83642302548e2974467b0702c87e66fe6d1de81e33869bc3,79ad42d9ec1ac5558e77f4493850eaf894d28bfdb842983c9ff183c76064487d,"[""sources/knowledge/catalog/mechanics/close-combat.yaml""]"
mechanic/mechanic.savage-fury,mechanic:skills,Savage Fury,catalog/mechanics/close-combat.yaml,skills,,YES,,YES,"{""id"": ""mechanic.savage-fury"", ""kind"": ""mechanic"", ""parameters"": {}}",linked,not_run,Semantic verification was not run.,,,,ready,,,not_assessed,not_assessed,not_run,,,implemented_pending_verification,,,,,The Amazon has learned to channel her anger and aggression making her a veritable animal while attacking her foes. Any Amazon model with this skill receives + 1 A when charging and is immune to charm effects and fear.,mechanic.savage-fury,,,none,,Review existing evidence; repair verification metadata or missing evidence without reimplementing the effect.,inventory,kb,,mechanic/mechanic.savage-fury,A,mechanic.savage-fury,binding operator 'mechanic:mechanic.savage-fury' pinned to its behaviour family by the operator table,198353847e711fd379380e5ba21ad342d3f2830afac06e534e412842591b7deb,b4584fbae3fb96421c85c56343f5f9248424c4e2c2cfe78022ce9b2d3f6474ad,"[""sources/knowledge/catalog/mechanics/close-combat.yaml""]"
mechanic/mechanic.spawn-special-attacks,mechanic:skills,Spawn Special Attacks,catalog/mechanics/close-combat.yaml,skills,,YES,,YES,"{""id"": ""mechanic.spawn-special-attacks"", ""kind"": ""mechanic"", ""parameters"": {}}",linked,not_run,Semantic verification was not run.,,,,ready,,"Special Attacks replaces, at the start of each phase, the ordinary number of attacks with D6+1 and rolls again in the next phase.",not_assessed,not_assessed,not_run,,,implemented_pending_verification,,,,,Rolls D6+1 Attacks again at the start of every close-combat phase.,mechanic.spawn-special-attacks,,,none,,Review existing evidence; repair verification metadata or missing evidence without reimplementing the effect.,inventory,kb,,mechanic/mechanic.spawn-special-attacks,A,mechanic.spawn-special-attacks,binding operator 'mechanic:mechanic.spawn-special-attacks' pinned to its behaviour family by the operator table,e8ed83479e096d408d5dbe9e8d8ff81bdae620bbbab8a753f6e3591e5499e831,bf8cd29df710bc68ac3340aec4cc548626dd774d83d74eb8077c6dd194825dc8,"[""sources/knowledge/catalog/mechanics/close-combat.yaml""]"
mechanic/mechanic.spider-infested,mechanic:skills,Spider Infested,catalog/mechanics/close-combat.yaml,skills,,YES,,YES,"{""id"": ""mechanic.spider-infested"", ""kind"": ""mechanic"", ""parameters"": {}}",linked,not_run,Semantic verification was not run.,,,,ready,,"Each failed to-hit roll against the hero, and each attack it parries, accumulates -1 Initiative on the attacker while the duel continues. The penalty can reach Initiative 0. Unparried hits do not generate it.",not_assessed,not_assessed,not_run,,,implemented_pending_verification,,,,,"Whenever an enemy fails a To Hit roll against the Hero, or the Hero successfully parries an attack, that enemy suffers a cumulative -1 Initiative penalty until it is no longer engaged with the Hero or the Hero is taken Out of Action. The penalty can reduce Initiative to 0.",mechanic.spider-infested,,,none,,Review existing evidence; repair verification metadata or missing evidence without reimplementing the effect.,inventory,kb,,mechanic/mechanic.spider-infested,A,mechanic.spider-infested,binding operator 'mechanic:mechanic.spider-infested' pinned to its behaviour family by the operator table,36c83b244aaceb4077667f2304129358d574ec21306c20ac87d16be032e1e48a,5dd527ee9fb6b46387f4c4bf5f7fed10aecce633291c80dc461b994bf8484845,"[""sources/knowledge/catalog/mechanics/close-combat.yaml""]"
mechanic/mechanic.strike-first-vs-skinks-always,mechanic:skills,Lizard Hunter,catalog/mechanics/close-combat.yaml,skills,,YES,,YES,"{""id"": ""mechanic.strike-first-vs-skinks-always"", ""kind"": ""mechanic"", ""parameters"": {}}",linked,not_run,Semantic verification was not run.,,,,ready,,Lustria p.72 / Lizard Hunter: the hero acts before a skink even with a two-handed weapon and even when the skink charges. It does not extend to saurus or humans.,not_assessed,not_assessed,not_run,,,implemented_pending_verification,,,,,"The Hero always strikes first in close combat when fighting any type of Skink, regardless of the weapon used or which model charged.",mechanic.strike-first-vs-skinks-always,,,none,,Review existing evidence; repair verification metadata or missing evidence without reimplementing the effect.,inventory,kb,,mechanic/mechanic.strike-first-vs-skinks-always,A,mechanic.strike-first-vs-skinks-always,binding operator 'mechanic:mechanic.strike-first-vs-skinks-always' pinned to its behaviour family by the operator table,af1e16daf304cbb06ff92a645213779a310ecb85253edbd9971b9599d0eae7ec,a170c14195a51ff7e79abe1881cf39af9bf6d7607de01cfc661fbf325516b743,"[""sources/knowledge/catalog/mechanics/close-combat.yaml""]"
mechanic/mechanic.strike-first-vs-skinks-first-round,mechanic:skills,Skink Hunter (First Round),catalog/mechanics/close-combat.yaml,skills,,YES,,YES,"{""id"": ""mechanic.strike-first-vs-skinks-first-round"", ""kind"": ""mechanic"", ""parameters"": {}}",linked,not_run,Semantic verification was not run.,,,,ready,,"Amazon Special Skills / Skink Hunter: priority against skinks only in the first round; not against other enemies. What is observed is who acts, not an internal priority number.",not_assessed,not_assessed,not_run,,,implemented_pending_verification,,,,,Always strikes first in the first combat round against Skink profiles.,mechanic.strike-first-vs-skinks-first-round,,,none,,Review existing evidence; repair verification metadata or missing evidence without reimplementing the effect.,inventory,kb,,mechanic/mechanic.strike-first-vs-skinks-first-round,A,mechanic.strike-first-vs-skinks-first-round,binding operator 'mechanic:mechanic.strike-first-vs-skinks-first-round' pinned to its behaviour family by the operator table,850e7e0142b0ed256a08d85e21493e2a570db2517b38101085a1be7ddff4e47c,63e5003ded7dc000aa3bd242991860377f093940bcd9a96163c179f3f07237a1,"[""sources/knowledge/catalog/mechanics/close-combat.yaml""]"
mechanic/mechanic.titanic-strength,mechanic:skills,Titanic Strength,catalog/mechanics/close-combat.yaml,skills,,YES,,YES,"{""id"": ""mechanic.titanic-strength"", ""kind"": ""mechanic"", ""parameters"": {}}",linked,not_run,Semantic verification was not run.,,,,ready,,,not_assessed,not_assessed,not_run,,,implemented_pending_verification,,,,,"The hero is titanic in size and muscle mass. Whenever this Brood member hits an enemy warrior, but fails to wound, the hit model must pass a Strength test to avoid getting knocked down.",mechanic.titanic-strength,,,none,,Review existing evidence; repair verification metadata or missing evidence without reimplementing the effect.,inventory,kb,,mechanic/mechanic.titanic-strength,A,mechanic.titanic-strength,binding operator 'mechanic:mechanic.titanic-strength' pinned to its behaviour family by the operator table,b5e77aea9ca3258e62df0f372627767bec8e681c57acbe49b97252e258d409bf,872a283cbba333e494e9de66455dc01dd82924992464689920b3d92a90023aff,"[""sources/knowledge/catalog/mechanics/close-combat.yaml""]"
mechanic/mechanic.unpredictable-attack,mechanic:skills,Unpredictable,catalog/mechanics/close-combat.yaml,skills,,YES,,YES,"{""id"": ""mechanic.unpredictable-attack"", ""kind"": ""mechanic"", ""parameters"": {}}",linked,not_run,Semantic verification was not run.,,,,ready,,"The canonical convention allows a single attack per phase to be unparriable. With two attacks, the first of the pool receives the declaration and the second keeps the ordinary resolution. The parry capability is not consumed by skipping the unpredictable attack; it is consumed when attempting to parry the next one. With a single attack it applies to that attack.",not_assessed,not_assessed,not_run,,,implemented_pending_verification,,,,,The Hero may declare one of its attacks Unpredictable; that attack cannot be parried by the opponent.,mechanic.unpredictable-attack,,,none,,Review existing evidence; repair verification metadata or missing evidence without reimplementing the effect.,inventory,kb,,mechanic/mechanic.unpredictable-attack,A,mechanic.unpredictable-attack,binding operator 'mechanic:mechanic.unpredictable-attack' pinned to its behaviour family by the operator table,a12deb7ab20ed554671086c4b4c8758883dfc2de62639853b92a0415bc758a47,d72b1ae6fa384c8c9ab31664ab6b0afaaa1404afb151911438f50568c7400d9d,"[""sources/knowledge/catalog/mechanics/close-combat.yaml""]"
mechanic/mechanic.wheelo-impact,mechanic:skills,Impact Hits,catalog/mechanics/close-combat.yaml,skills,,YES,,YES,"{""id"": ""mechanic.wheelo-impact"", ""kind"": ""mechanic"", ""parameters"": {}}",linked,not_run,Semantic verification was not run.,,,,ready,,,not_assessed,not_assessed,not_run,,,implemented_pending_verification,,,,,"Whenever a Wheelo moves into a model, that model automatically suffers 1D3 Strength 4 hits, which are worked out before any blows are struck, in the same way as a crossbow pistol. These represent the Impact Hits of the Wheelo as it comes to a sudden stop against an unsolid object. These are only dealt in the first round of combat, and only if the Wheelo ""charged"" this turn. Models that charge a Wheelo during his or her turn do NOT suffer Impact Hits. If a Wheelo rolls into a friendly model, that model still suffers Impact Hits as normal. An Impact Hit does not reflect the strength of the Wheelo crew, and thus the attack will remain S4, even if the crew gains a Strength Upgrade.",mechanic.wheelo-impact,,,none,,Review existing evidence; repair verification metadata or missing evidence without reimplementing the effect.,inventory,kb,,mechanic/mechanic.wheelo-impact,A,mechanic.wheelo-impact,binding operator 'mechanic:mechanic.wheelo-impact' pinned to its behaviour family by the operator table,020e4aa372702c33490b7e9b83813601f89cb00296952ee91cda74ad6a4b4292,f71fdf2aed7de11b6b7edfe776e107ba296dc828b878ebdf4dba4061901bf8a4,"[""sources/knowledge/catalog/mechanics/close-combat.yaml""]"
mechanic/mechanic.wheelo-skill-modifications,mechanic:skills,Special Skill Modifications,catalog/mechanics/close-combat.yaml,skills,,YES,,YES,"{""id"": ""mechanic.wheelo-skill-modifications"", ""kind"": ""mechanic"", ""parameters"": {}}",linked,not_run,Semantic verification was not run.,,,,ready,,,not_assessed,not_assessed,not_run,,,implemented_pending_verification,,,,,"Weapons Training: as Wheelos do not carry weapons as such (any blades etc. on the Wheelo itself count as the instruments for the actual Impact Hits themselves). However, a Wheelo who gains ""Weapons Training"" may have one of the following weapons fitted to its body. This will boost the Impact Hits in the following way: Axe - Impact Hits deal -1 Armour save. Club - Impact Hits deal Concussion. Spear - if charged, the Wheelo still deals a single Impact Hit to the charger before attacks are made. Morning Star - the first round of Impact Hits dealt each game are at S5 instead of S4; all Impact Hits after are at normal Strength. Sprint: instead of rolling 2D6"" to run/charge, the Snotling player may choose to move the Wheelo 3D6"" instead. Mighty Blow: the crew gains +1 to wound in combat; has no effect on Impact Hits.",mechanic.wheelo-skill-modifications,,,none,,Review existing evidence; repair verification metadata or missing evidence without reimplementing the effect.,inventory,kb,,mechanic/mechanic.wheelo-skill-modifications,A,mechanic.wheelo-skill-modifications,binding operator 'mechanic:mechanic.wheelo-skill-modifications' pinned to its behaviour family by the operator table,af94df42e0221e7c8e97af04e94eeb817a5a75aaa68090b2dc5fca7c422a365f,a25767ec5da58be4275b599ad05187226eb925f8a64a2db9df83571f7c4f8061,"[""sources/knowledge/catalog/mechanics/close-combat.yaml""]"
mechanic/mechanic.wolf-rat-bite,mechanic:skills,Wolf Rat Bite,catalog/mechanics/close-combat.yaml,skills,,YES,,YES,"{""id"": ""mechanic.wolf-rat-bite"", ""kind"": ""mechanic"", ""parameters"": {}}",linked,not_run,Semantic verification was not run.,,,,ready,,,not_assessed,not_assessed,not_run,,,implemented_pending_verification,,,,,Attacks use Strength 4 without modifying enemy armour saves.,mechanic.wolf-rat-bite,,,none,,Review existing evidence; repair verification metadata or missing evidence without reimplementing the effect.,inventory,kb,,mechanic/mechanic.wolf-rat-bite,A,mechanic.wolf-rat-bite,binding operator 'mechanic:mechanic.wolf-rat-bite' pinned to its behaviour family by the operator table,23654c60920733c620622fd68686c87f05e734e9c2bbca719417230972eaf127,a6c5a87da6d09bab860a7c4b7fafccc5ca3fbafa74e47bc6f9c44a7f93df5999,"[""sources/knowledge/catalog/mechanics/close-combat.yaml""]"
mechanic/mechanic.wraith-touch,mechanic:skills,Wraith Touch,catalog/mechanics/close-combat.yaml,skills,,YES,,YES,"{""id"": ""mechanic.wraith-touch"", ""kind"": ""mechanic"", ""parameters"": {}}",linked,not_run,Semantic verification was not run.,,,,ready,,,not_assessed,not_assessed,not_run,,,implemented_pending_verification,,,,,"The hero may make a Wraith Touch attack instead of their normal attacks in close combat. The hero making a Wraith Touch makes a single unarmed attack, if it hits, it wounds automatically, all rules that apply to unarmed attacks apply to the Wraith Touch. If a Liche uses this skill and wounds, then he may regain one lost wound. This may not take the hero beyond his starting total. Necromancers do not regain wounds with this skill. This skill has no effect on the Possessed or Undead.",mechanic.wraith-touch,,,none,,Review existing evidence; repair verification metadata or missing evidence without reimplementing the effect.,inventory,kb,,mechanic/mechanic.wraith-touch,A,mechanic.wraith-touch,binding operator 'mechanic:mechanic.wraith-touch' pinned to its behaviour family by the operator table,8633e5118c1fe31a116fedfc4d3dda4e07070e0ffb8ced8b015b7515ebcb7b3f,058f9558217d78261a276576483e1b668ac1b44f7e9bca62bf3575747392ece6,"[""sources/knowledge/catalog/mechanics/close-combat.yaml""]"
mechanic/skill.always-strikes-first,mechanic:skills,Always Strikes First,catalog/mechanics/close-combat.yaml,skills,,YES,,YES,"{""id"": ""skill.always-strikes-first"", ""kind"": ""mechanic"", ""parameters"": {}}",linked,not_run,Semantic verification was not run.,,,,ready,,"Always Strikes First raises priority above the ordinary Initiative order. | Both grant strike-first; only one priority tier applies, and an opponent with the same tier falls to the tie die. | Always Strikes First outranks Strongman's ordinary order. | Always Strikes First's +1 cancels the double-handed weapon's -1, tying the order. | Strike-first acts before ordinary attacks regardless of the ordinary attacker's higher Initiative.",not_assessed,not_assessed,not_run,,,implemented_pending_verification,,,,,Strikes first in close combat.,skill.always-strikes-first,,,none,,Review existing evidence; repair verification metadata or missing evidence without reimplementing the effect.,inventory,kb,,mechanic/skill.always-strikes-first,A,skill.always-strikes-first,binding operator 'mechanic:skill.always-strikes-first' classified into the A family by operator vocabulary,b65b0f9ea80995f2c53098e716da2cee5add63fc15a3d928db18da001f4f0d2c,7e49a172d570348429705a99828c4ce189c8e9488f71dc1ecd8f1b462f38d232,"[""sources/knowledge/catalog/mechanics/close-combat.yaml""]"
mechanic/skill.art-of-silent-death,mechanic:skills,Art of Silent Death,catalog/mechanics/close-combat.yaml,skills,,YES,,YES,"{""id"": ""skill.art-of-silent-death"", ""kind"": ""mechanic"", ""parameters"": {}}",linked,not_run,Semantic verification was not run.,,,,ready,,"Art of Silent Death removes the fist limitation, adds an attack with Fist or Fighting Claws and turns natural 5-6 to-wound rolls into criticals.",not_assessed,not_assessed,not_run,,,implemented_pending_verification,,,,,"The Hero may fight with bare claws without penalty and counts as using two close-combat weapons, gaining +1 Attack. In close combat, it scores a critical hit on a 'to wound' roll of 5-6 instead of only 6. When combined with Eshin Fighting Claws, this grants +2 Attacks instead of +1.",skill.art-of-silent-death,,,none,,Review existing evidence; repair verification metadata or missing evidence without reimplementing the effect.,inventory,kb,,mechanic/skill.art-of-silent-death,A,skill.art-of-silent-death,binding operator 'mechanic:skill.art-of-silent-death' classified into the A family by operator vocabulary,3bdf68fde1e0e357c6779cb9b42b98ac841c71eaedfb5b24693c25d55342ad4f,970dbf1364fcb48081c4ee077f99048238383440f25124cc7dc1ca5dcd7c86b5,"[""sources/knowledge/catalog/mechanics/close-combat.yaml""]"
mechanic/skill.axe-expert,mechanic:skills,Axe Expert,catalog/mechanics/close-combat.yaml,skills,,YES,,YES,"{""id"": ""skill.axe-expert"", ""kind"": ""mechanic"", ""parameters"": {}}",linked,not_run,Semantic verification was not run.,,,,ready,,"Blessed Sight rerolls missed hits unconditionally; Axe Expert's conditional charge reroll overlaps harmlessly while charging. | Axe Expert rerolls missed axe attacks while charging; Crack Shot only covers pistols, which this axe fighter does not carry. | Axe Expert rerolls missed axe attacks while charging; Expert Swordsman only covers swords, which this axe fighter does not carry. | Both reroll missed axe attacks; the composed fighter shares one reroll die per missed hit. | Axe Expert rerolls a failed To Hit roll made with an axe only during the first round in which the fighter charged. It does not apply with another weapon, without charging, or in a later combat round.",not_assessed,not_assessed,not_run,,,implemented_pending_verification,,,,,Re-rolls missed axe attacks when charging.,skill.axe-expert,,,none,,Review existing evidence; repair verification metadata or missing evidence without reimplementing the effect.,inventory,kb,,mechanic/skill.axe-expert,A,skill.axe-expert,binding operator 'mechanic:skill.axe-expert' has no family token in its own name; its clause text names a A-family operator,4b8d3f08ebcab32b4cb610dad2e44a6c4ed2148361f7cbb75a85342edde1752c,467206add8409051f227600b3d7995e4d969d4c15463651384879ea8f1ff2b29,"[""sources/knowledge/catalog/mechanics/close-combat.yaml""]"
mechanic/skill.berserker,mechanic:skills,Berserker,catalog/mechanics/close-combat.yaml,skills,,YES,,YES,"{""id"": ""skill.berserker"", ""kind"": ""mechanic"", ""parameters"": {}}",linked,not_run,Semantic verification was not run.,,,,ready,,"The charging bonus is +1 to hit, not +1 Weapon Skill. It changes an ordinary 4+ to 3+ only while charging.",not_assessed,not_assessed,not_run,,,implemented_pending_verification,,,,,The Slayer may add +1 to his close combat to hit rolls during the turn which he charges (may not be used with Ferocious Charge).,skill.berserker,,,none,,Review existing evidence; repair verification metadata or missing evidence without reimplementing the effect.,inventory,kb,,mechanic/skill.berserker,A,skill.berserker,binding operator 'mechanic:skill.berserker' classified into the A family by operator vocabulary,8ce97907974540207f1b0247d8fdb7c96c4a042b014f87e36aa8a7a96eb70e1f,e2b7392228118f602689ed0795b18331b033801e9f2ac9cad0278df90702550a,"[""sources/knowledge/catalog/mechanics/close-combat.yaml""]"
mechanic/skill.blessed-sight,mechanic:skills,Blessed Sight,catalog/mechanics/close-combat.yaml,skills,,YES,,YES,"{""id"": ""skill.blessed-sight"", ""kind"": ""mechanic"", ""parameters"": {}}",linked,not_run,Semantic verification was not run.,,,,ready,,"Blessed Sight rerolls missed hits unconditionally; Axe Expert's conditional charge reroll overlaps harmlessly while charging. | Blessed Sight rerolls missed hits unconditionally; Crack Shot adds nothing to an axe fighter. | Blessed Sight rerolls missed hits unconditionally; Expert Swordsman's charging reroll overlaps harmlessly with a sword. | Blessed Sight rerolls missed hits unconditionally; Weapons of the North covers only axes and double-handed weapons. | Blessed Sight permits one reroll after a failed close-combat To Hit roll or characteristic test. A successful first roll consumes no second die, while a failed reroll is final. Campaign and shooting uses are outside this duel verifier.",not_assessed,not_assessed,not_run,,,implemented_pending_verification,,,,,"The Augur may re-roll failed characteristic tests and failed rolls to hit in close combat or shooting; the second result must be accepted. If she was not taken Out of Action, she rolls two dice for her contribution during Exploration and may choose either die as the result.",skill.blessed-sight,,,none,,Review existing evidence; repair verification metadata or missing evidence without reimplementing the effect.,inventory,kb,,mechanic/skill.blessed-sight,A,skill.blessed-sight,binding operator 'mechanic:skill.blessed-sight' has no family token in its own name; its clause text names a A-family operator,fbee42cc3d70215465a29295a1027d30182eebaa675c0aa0d33ada887ff7129b,71860ec3b3b2ea3bc93c5b939f4a4464596a9b73041708ddaadcf83123c72139,"[""sources/knowledge/catalog/mechanics/close-combat.yaml""]"
mechanic/skill.crack-shot,mechanic:skills,Crack Shot,catalog/mechanics/close-combat.yaml,skills,,YES,,YES,"{""id"": ""skill.crack-shot"", ""kind"": ""mechanic"", ""parameters"": {}}",linked,not_run,Semantic verification was not run.,,,,ready,,"Axe Expert rerolls missed axe attacks while charging; Crack Shot only covers pistols, which this axe fighter does not carry. | Blessed Sight rerolls missed hits unconditionally; Crack Shot adds nothing to an axe fighter. | Expert Swordsman rerolls missed sword attacks while charging; Crack Shot covers only pistols. | Weapons of the North rerolls missed axe attacks; Crack Shot covers only pistols. | Crack Shot rerolls each failed close-combat To Hit roll made with a pistol or duelling pistol during the first combat round. A successful first roll consumes no reroll. It does not affect other weapons or later rounds.",not_assessed,not_assessed,not_run,,,implemented_pending_verification,,,,,"Experts with pistols in close quarters; they have an uncanny ability to turn what should have missed its target into a success. When using pistols in close combat, they may re-roll any missed to-hit rolls with the pistol in the first round of combat.",skill.crack-shot,,,none,,Review existing evidence; repair verification metadata or missing evidence without reimplementing the effect.,inventory,kb,,mechanic/skill.crack-shot,A,skill.crack-shot,binding operator 'mechanic:skill.crack-shot' has no family token in its own name; its clause text names a A-family operator,2bd6ad61408cf003995ad184d70956b511a2b0d1bb530a09643f274273d6efff,1031ed844e91471b78af5034f1ed83793b0d54363016e2a2d123e8ee88cd51b2,"[""sources/knowledge/catalog/mechanics/close-combat.yaml""]"
mechanic/skill.crude-belch-halfling,mechanic:skills,Crude Belch (Halflings),catalog/mechanics/close-combat.yaml,skills,,YES,,YES,"{""id"": ""skill.crude-belch-halfling"", ""kind"": ""mechanic"", ""parameters"": {}}",linked,not_run,Semantic verification was not run.,,,,ready,,,not_assessed,not_assessed,not_run,,,implemented_pending_verification,,,,,"In the first melee round, enemies in base contact test Leadership and miss their first attack on failure, even their only attack.",skill.crude-belch-halfling,,,none,,Review existing evidence; repair verification metadata or missing evidence without reimplementing the effect.,inventory,kb,,mechanic/skill.crude-belch-halfling,A,skill.crude-belch-halfling,binding operator 'mechanic:skill.crude-belch-halfling' pinned to its behaviour family by the operator table,ab68be28f0ac927b57347b3e795c5634d9f93d7e32b402a7cfdda3771dd8d8a5,3921dd3f64c1fb4a9ec50af7e07cc843372035636729d9cb5efd4c2885c1d9dd,"[""sources/knowledge/catalog/mechanics/close-combat.yaml""]"
mechanic/skill.crushing-blow,mechanic:skills,Crushing Blow,catalog/mechanics/close-combat.yaml,skills,,YES,,YES,"{""id"": ""skill.crushing-blow"", ""kind"": ""mechanic"", ""parameters"": {}}",linked,not_run,Semantic verification was not run.,,,,ready,,"Crushing Blow makes the attacker's hits unparriable, so even a sword-wielding defender attempts no parry; a natural 6 also cannot be parried. | Every close-combat attack made by a fighter with Crushing Blow is ineligible for a parry. This removes the parry attempt itself, irrespective of the defender's sword or buckler and without consuming a die.",not_assessed,not_assessed,not_run,,,implemented_pending_verification,,,,,Attacks cannot be parried.,skill.crushing-blow,,,none,,Review existing evidence; repair verification metadata or missing evidence without reimplementing the effect.,inventory,kb,,mechanic/skill.crushing-blow,A,skill.crushing-blow,binding operator 'mechanic:skill.crushing-blow' classified into the A family by operator vocabulary,7f603e5b5de4a8b79220c59c4b2d660d7cfa8f517ddd6d7ea25a2e33cc09c044,d4ff490f655614fd5eaea775107e003ea498bc505878aff16468eaf704fb0f68,"[""sources/knowledge/catalog/mechanics/close-combat.yaml""]"
mechanic/skill.duellist,mechanic:skills,Duellist,catalog/mechanics/close-combat.yaml,skills,,YES,,YES,"{""id"": ""skill.duellist"", ""kind"": ""mechanic"", ""parameters"": {}}",linked,not_run,Semantic verification was not run.,,,,ready,,"Mordheimer / Lustrian Reavers / Saurus Slayer / Duellist. Against a single opponent, it re-rolls failed hits in the first round both when charging and when receiving a charge. The simulator only represents 1v1 duels; no evidence is attributed to combat with multiple enemies. WS4 versus WS4 requires 4+, with probability 3/4 when re-rolling and 1/2 without re-roll.",not_assessed,not_assessed,not_run,,,implemented_pending_verification,,,,,"If the Saurus Slayer is engaged with only a single opponent in melee, he may re-roll missed hits in the first round whether he charged or was charged.",skill.duellist,,,none,,Review existing evidence; repair verification metadata or missing evidence without reimplementing the effect.,inventory,kb,,mechanic/skill.duellist,A,skill.duellist,binding operator 'mechanic:skill.duellist' classified into the A family by operator vocabulary,b4c81170e03a1d33a0ef9f81ad3eedd8bf4606b141e6a95674ea6e6bcf25fe0d,f96d80014d381cf96c779ef7d75f7f7d1e763bdd256eb46bd06745937031e42f,"[""sources/knowledge/catalog/mechanics/close-combat.yaml""]"
mechanic/skill.expert-fighter,mechanic:skills,Expert Fighter,catalog/mechanics/close-combat.yaml,skills,,YES,,YES,"{""id"": ""skill.expert-fighter"", ""kind"": ""mechanic"", ""parameters"": {}}",linked,not_run,Semantic verification was not run.,,,,ready,,+1 to wound lowers the ordinary 4+ target to 3+; a natural 1 remains a failure.,not_assessed,not_assessed,not_run,,,implemented_pending_verification,,,,,+1 to wound rolls.,skill.expert-fighter,,,none,,Review existing evidence; repair verification metadata or missing evidence without reimplementing the effect.,inventory,kb,,mechanic/skill.expert-fighter,A,skill.expert-fighter,binding operator 'mechanic:skill.expert-fighter' has no family token in its own name; its clause text names a A-family operator,85c3ae67478a464979a62d5f50d7c9aa6b6dc8df985afe93bc41e3642f09e4c5,28b1b64c827404c5f31a0ac81015a232839ab3776d7f68bf1c11bb7703ffddcb,"[""sources/knowledge/catalog/mechanics/close-combat.yaml""]"
mechanic/skill.expert-swordsman,mechanic:skills,Expert Swordsman,catalog/mechanics/close-combat.yaml,skills,https://mordheimer.net/docs/campaigns/skills,YES,,YES,"{""id"": ""skill.expert-swordsman"", ""kind"": ""mechanic"", ""parameters"": {}}",linked,not_run,Semantic verification was not run.,,,,ready,,"Axe Expert rerolls missed axe attacks while charging; Expert Swordsman only covers swords, which this axe fighter does not carry. | Blessed Sight rerolls missed hits unconditionally; Expert Swordsman's charging reroll overlaps harmlessly with a sword. | Expert Swordsman rerolls missed sword attacks while charging; Crack Shot covers only pistols. | Weapons of the North rerolls missed axe attacks unconditionally; Expert Swordsman covers only swords while charging. | Two independent permissions to reroll a failed roll do not allow rerolling a reroll. On a 4+ threshold success is exactly 3/4, not 7/8. | Normal swords and weeping blades reroll missed charge attacks. Other weapons and later rounds do not qualify; a reroll cannot itself be rerolled.",not_assessed,not_assessed,not_run,,,implemented_pending_verification,,,,,"Swordsmen are so skilled with their weapons that they may re-roll any failed hits when charging. Note that this only applies when they are armed with normal swords, and not with doublehanded swords or any other weapons.",skill.expert-swordsman,,,none,,Review existing evidence; repair verification metadata or missing evidence without reimplementing the effect.,inventory,kb,,mechanic/skill.expert-swordsman,A,skill.expert-swordsman,binding operator 'mechanic:skill.expert-swordsman' names a weapon/attack object -> A,a07f71c94e381b00f604097990b70caf8fc226524ab63722713e2ca786d36f01,ed5b19d413610bbc47dd64ab954ae725dfdae3c6e3e50f51bba43b335384178d,"[""sources/knowledge/catalog/mechanics/close-combat.yaml""]"
mechanic/skill.extra-attack,mechanic:skills,Extra Attack,catalog/mechanics/close-combat.yaml,skills,,YES,,YES,"{""id"": ""skill.extra-attack"", ""kind"": ""mechanic"", ""parameters"": {}}",linked,not_run,Semantic verification was not run.,,,,ready,,"Two one-handed weapons grant one extra Attack after other modifiers; Extra Attack adds one more, composing to 3. | Extra Attack and Ferocious Charge compose multiplicatively while charging. | Extra Attack and Red Fury each add one Attack. | Unarmed Fighting's +1 Attack with the fist composes with Extra Attack's profile bonus. | Vomit replaces all attacks; Extra Attack's bonus is consumed by the replacement. | The rule adds one Attack to the profile, not a multiplier.",not_assessed,not_assessed,not_run,,,implemented_pending_verification,,,,,Adds one Attack to the profile.,skill.extra-attack,,,none,,Review existing evidence; repair verification metadata or missing evidence without reimplementing the effect.,inventory,kb,,mechanic/skill.extra-attack,A,skill.extra-attack,binding operator 'mechanic:skill.extra-attack' classified into the A family by operator vocabulary,21bea28a6340ca0abfcd0209e97134488e3769844d0201ec31c3568e97de0ba0,4e29637cc1e3251e523a4bef962009460f3e2d0262a6066889b9bbb256f23451,"[""sources/knowledge/catalog/mechanics/close-combat.yaml""]"
mechanic/skill.ferocious-charge,mechanic:skills,Ferocious Charge,catalog/mechanics/close-combat.yaml,skills,,YES,,YES,"{""id"": ""skill.ferocious-charge"", ""kind"": ""mechanic"", ""parameters"": {}}",linked,not_run,Semantic verification was not run.,,,,ready,,Ferocious Charge doubles Attacks while charging and the two-weapon bonus is added after that doubling. | Extra Attack and Ferocious Charge compose multiplicatively while charging. | Red Fury's +1 Attack is doubled by Ferocious Charge while charging. | Unarmed Fighting's +1 Attack with the fist is doubled by Ferocious Charge. | Vomit replaces all attacks even during a Ferocious Charge. | Ferocious Charge doubles the fighter's Attacks characteristic only during the first round in which that fighter charged. During exactly the same window every ordinary To Hit roll suffers a -1 modifier. Neither half remains active in a later round or when the fighter did not charge.,not_assessed,not_assessed,not_run,,,implemented_pending_verification,,,,,The Slayer may double his attacks on the turn in which he charges. He will suffer a –1 to hit penalty on that turn.,skill.ferocious-charge,,,none,,Review existing evidence; repair verification metadata or missing evidence without reimplementing the effect.,inventory,kb,,mechanic/skill.ferocious-charge,A,skill.ferocious-charge,binding operator 'mechanic:skill.ferocious-charge' classified into the A family by operator vocabulary,16352956c92133d29e16e5339b9440e169be348bcc668876f1b50af54be17e3f,722162bd3c3bcc111e3d71eb1ef1fae9fbb531f9f81992916742cc3a5813ff1e,"[""sources/knowledge/catalog/mechanics/close-combat.yaml""]"
mechanic/skill.head-crusher,mechanic:skills,Head Crusher,catalog/mechanics/close-combat.yaml,skills,,YES,,YES,"{""id"": ""skill.head-crusher"", ""kind"": ""mechanic"", ""parameters"": {}}",linked,not_run,Semantic verification was not run.,,,,ready,,"Head Crusher promotes the attacker's Knocked Down results to Stunned after the Injury table. | Head Crusher promotes the Knocked Down face to Stunned; the cooking pot helmet then reacts on 5+. | Head Crusher promotes the Knocked Down face to Stunned; the helmet then converts it on 4+. | Under Hard to Kill face 1-2 is Knocked Down; Head Crusher then promotes it to Stunned. Face 6 stays Out. | Head Crusher promotes Knocked Down to Stunned; Ignore Pain then converts it back to Knocked Down. Face 5-6 stays Out. | Head Crusher promotes the Knocked Down face to Stunned, so Jump Up no longer applies. | With Mace and Head Crusher both on the attacker, face 1 is promoted to Stunned (Concussion only covers 2-4). | With Stone Axe and Head Crusher both on the attacker, face 1 is promoted to Stunned. | Head Crusher promotes the attacker's Knocked Down result to Stunned before the defender's Thick Skull reaction. | The independently transcribed injury outcomes for natural D6 faces 1 through 6 are STUNNED, STUNNED, STUNNED, STUNNED, OUT, OUT. The input die is controlled; injury conversion is tested without a duel.",not_assessed,not_assessed,not_run,,,implemented_pending_verification,,,,,Knocked Down results caused by the warrior become Stunned.,skill.head-crusher,,,none,,Review existing evidence; repair verification metadata or missing evidence without reimplementing the effect.,inventory,kb,,mechanic/skill.head-crusher,A,skill.head-crusher,binding operator 'mechanic:skill.head-crusher' classified into the A family by operator vocabulary,e67d9a78e27677e27c7aa434ed4605898c3de614e3ae3e224bc0d48f8d37d6b2,327667052edbec9e2c7676537e6bd69df88838d55a34cac7ab5040700ac90b83,"[""sources/knowledge/catalog/mechanics/close-combat.yaml""]"
mechanic/skill.infallible,mechanic:skills,Infallible,catalog/mechanics/close-combat.yaml,skills,,YES,,YES,"{""id"": ""skill.infallible"", ""kind"": ""mechanic"", ""parameters"": {}}",linked,not_run,Semantic verification was not run.,,,,ready,,"Re-roll failed hit rolls only when charging is true. A base 4+ succeeds with probability 3/4 when active, otherwise 1/2.",not_assessed,not_assessed,not_run,,,implemented_pending_verification,,,,,The Vampire may re-roll failed To Hit rolls during the turn in which it charges.,skill.infallible,,,none,,Review existing evidence; repair verification metadata or missing evidence without reimplementing the effect.,inventory,kb,,mechanic/skill.infallible,A,skill.infallible,binding operator 'mechanic:skill.infallible' has no family token in its own name; its clause text names a A-family operator,1604a523ac891bf3536bdb7cda6387d6824d9d7de26f46dfff1ccafa436b6a23,7e3930338652ae53037b4cf75ba7fbb68e61ae61f6b806202aaaaa8e5801cfb5,"[""sources/knowledge/catalog/mechanics/close-combat.yaml""]"
mechanic/skill.mighty-biceps,mechanic:skills,Mighty Biceps,catalog/mechanics/close-combat.yaml,skills,,YES,,YES,"{""id"": ""skill.mighty-biceps"", ""kind"": ""mechanic"", ""parameters"": {}}",linked,not_run,Semantic verification was not run.,,,,ready,,Pit Fighter Skills / Bulging Biceps keeps the Heavy weapon Strength bonus in every round. Flail grants +2 and Morning Star +1. It neither adds Strength to a sword nor removes Strike Last from a double-handed weapon; this is not Strongman. Only the three Hero profiles have special skill access.,not_assessed,not_assessed,not_run,,,implemented_pending_verification,,,,,Retains the Strength bonus of heavy weapons.,skill.mighty-biceps,,,none,,Review existing evidence; repair verification metadata or missing evidence without reimplementing the effect.,inventory,kb,,mechanic/skill.mighty-biceps,A,skill.mighty-biceps,binding operator 'mechanic:skill.mighty-biceps' classified into the A family by operator vocabulary,a93719b1558354d7ec46598a27a584b3ef2eaf961c9f986ffd0345f94424bdd9,7a1559c754ecdc34e0d6e2dc756459fecad625856d09310d95ca2bfdb073c5e0,"[""sources/knowledge/catalog/mechanics/close-combat.yaml""]"
mechanic/skill.mighty-blow,mechanic:skills,Mighty Blow,catalog/mechanics/close-combat.yaml,skills,https://mordheimer.net/docs/campaigns/skills,YES,,YES,"{""id"": ""skill.mighty-blow"", ""kind"": ""mechanic"", ""parameters"": {}}",linked,not_run,Semantic verification was not run.,,,,ready,,"Two independent +1 Strength bonuses add to +2; swapping the declaration order does not change the result. | Apply the independently specified Strength contributions before wounding. Resilient reduces only wounding Strength, not armour Strength; charging/first-round bonuses expire as stated. | The written +1 Strength close-combat bonus applies to ordinary weapons, not to pistols. Expected values below are authored from this statement, not from execution parameters.",not_assessed,not_assessed,not_run,,,implemented_pending_verification,,,,,"+1 Strength in close combat, excluding pistols.",skill.mighty-blow,,,none,,Review existing evidence; repair verification metadata or missing evidence without reimplementing the effect.,inventory,kb,,mechanic/skill.mighty-blow,A,skill.mighty-blow,binding operator 'mechanic:skill.mighty-blow' classified into the A family by operator vocabulary,0871436d6401c8bd4fe4ee5c3b9ae2ff24ca5567350f7d2752e88ae4224a1682,59043670463c019ab842ede448027354bd791086ccf7bb4e57898fff396e7630,"[""sources/knowledge/catalog/mechanics/close-combat.yaml""]"
mechanic/skill.monster-slayer-effective-strength-armour,mechanic:skills,Monster Slayer (Effective Strength Armour Modifier),catalog/mechanics/close-combat.yaml,skills,,YES,,YES,"{""id"": ""skill.monster-slayer-effective-strength-armour"", ""kind"": ""mechanic"", ""parameters"": {}}",linked,not_run,Semantic verification was not run.,,,,ready,,"If Monster Slayer improves the wound to 4+, the save uses the effective Strength that would produce that 4+. Against R6, a Slayer S3 wounds on 4+ and computes the modifier as S6. If the real Strength is already better, it is not reduced.",not_assessed,not_assessed,not_run,,,implemented_pending_verification,,,,,Uses the effective Strength needed to wound on 4+ when calculating the armour-save modifier.,skill.monster-slayer-effective-strength-armour,,,none,,Review existing evidence; repair verification metadata or missing evidence without reimplementing the effect.,inventory,kb,,mechanic/skill.monster-slayer-effective-strength-armour,A,skill.monster-slayer-effective-strength-armour,binding operator 'mechanic:skill.monster-slayer-effective-strength-armour' classified into the A family by operator vocabulary,96465c75293b3c0ac75a2a59f93798f32b0cc184d8e4d06d0cc51c71cd15ce40,d21b347f70712da2ac7333e6acecf114b4d4e430cbda5d0b32391e763e71467c,"[""sources/knowledge/catalog/mechanics/close-combat.yaml""]"
mechanic/skill.monstrous,mechanic:skills,Monstrous,catalog/mechanics/close-combat.yaml,skills,,YES,,YES,"{""id"": ""skill.monstrous"", ""kind"": ""mechanic"", ""parameters"": {}}",linked,not_run,Semantic verification was not run.,,,,ready,,"Monstrous adds +1 Wound, so the fighter survives one unsaved wound; the Injury states only resolve once every Wound is lost. | Add one Wound to the fighter's initial wounds for the duel.",not_assessed,not_assessed,not_run,,,implemented_pending_verification,,,,,+1 Wound.,skill.monstrous,,,none,,Review existing evidence; repair verification metadata or missing evidence without reimplementing the effect.,inventory,kb,,mechanic/skill.monstrous,A,skill.monstrous,binding operator 'mechanic:skill.monstrous' classified into the A family by operator vocabulary,e558bf5bac37c2f35f4f90000494a4745ba72e7ce9bca1254686a1a094e72148,ba502595056371b921d9e11c6ef26606ea3bf5e4175bbc8a8c8b4c8f4ad6d6ec,"[""sources/knowledge/catalog/mechanics/close-combat.yaml""]"
mechanic/skill.red-fury,mechanic:skills,Red Fury,catalog/mechanics/close-combat.yaml,skills,,YES,,YES,"{""id"": ""skill.red-fury"", ""kind"": ""mechanic"", ""parameters"": {}}",linked,not_run,Semantic verification was not run.,,,,ready,,"Red Fury adds one Attack; the two-weapon bonus adds one more. | Extra Attack and Red Fury each add one Attack. | Red Fury's +1 Attack is doubled by Ferocious Charge while charging. | Unarmed Fighting's +1 Attack with the fist composes with Red Fury's profile bonus. | Vomit replaces all attacks; Red Fury's bonus is consumed by the replacement. | The rule adds one Attack to the profile, not a multiplier.",not_assessed,not_assessed,not_run,,,implemented_pending_verification,,,,,The Vampire gains +1 Attack. This does not count toward its normal characteristic maximum.,skill.red-fury,,,none,,Review existing evidence; repair verification metadata or missing evidence without reimplementing the effect.,inventory,kb,,mechanic/skill.red-fury,A,skill.red-fury,binding operator 'mechanic:skill.red-fury' classified into the A family by operator vocabulary,9354b3f2bd3ffea14dda7439aa5f2f803817ced251f83e31bc4d8d9dd11124f4,4aaf59eed310ac1a8f7b94dee9080d52ac27c33f1df8f01994a371ceff53f983,"[""sources/knowledge/catalog/mechanics/close-combat.yaml""]"
mechanic/skill.righteous-fury,mechanic:skills,Righteous Fury,catalog/mechanics/close-combat.yaml,skills,,YES,,YES,"{""id"": ""skill.righteous-fury"", ""kind"": ""mechanic"", ""parameters"": {}}",linked,not_run,Semantic verification was not run.,,,,ready,,,not_assessed,not_assessed,not_run,,,implemented_pending_verification,,,,,"The bearer hates all Skaven, Undead, Possessed, Beastmen, Dark Elves and other warbands classed as evil. Non-Chaos human warbands whose members are merely killers or looters are not included.",skill.righteous-fury,,,none,,Review existing evidence; repair verification metadata or missing evidence without reimplementing the effect.,inventory,kb,,mechanic/skill.righteous-fury,A,skill.righteous-fury,binding operator 'mechanic:skill.righteous-fury' classified into the A family by operator vocabulary,9a718baed42abf61e9d27a0305469a21896db72a6a45591553049cb2e493ffde,38e503fd6bd99fa01b8f3ad60fc2aeb03127f6c7a22a765136b411fd9b3d2471,"[""sources/knowledge/catalog/mechanics/close-combat.yaml""]"
mechanic/skill.shield-strike,mechanic:skills,Shield Strike,catalog/mechanics/close-combat.yaml,skills,,YES,,YES,"{""id"": ""skill.shield-strike"", ""kind"": ""mechanic"", ""parameters"": {}}",linked,not_run,Semantic verification was not run.,,,Shield Strike modifies armour normally according to the Strength of the hit.,ready,Does Shield Strike apply a special penalty or the normal Strength-based modification?,The extra attack uses the warrior's Strength and contributes no armour bonus or penalty of its own. The existing grant requires a standard shield.,not_assessed,not_assessed,not_run,,,implemented_pending_verification,,,,,Gains an additional attack at the user's Strength; armour is modified normally according to that Strength.,skill.shield-strike,,,resolved,,Review existing evidence; repair verification metadata or missing evidence without reimplementing the effect.,inventory,kb,,mechanic/skill.shield-strike,A,skill.shield-strike,binding operator 'mechanic:skill.shield-strike' pinned to its behaviour family by the operator table,99f2bb085de7cdb77573a02f85ab0f0c9a148213ca877f68b1170cb0354b6849,e44af93a563691a20647efd456755da7db9bd03a03459d8c6036b505825d8b6b,"[""sources/knowledge/catalog/mechanics/close-combat.yaml""]"
mechanic/skill.shifty,mechanic:skills,Shifty,catalog/mechanics/close-combat.yaml,skills,https://mordheimer.net/docs/warbands/grade-2a-warbands/halflings,YES,,YES,"{""id"": ""skill.shifty"", ""kind"": ""mechanic"", ""parameters"": {}}",linked,not_run,Semantic verification was not run.,,,"Human accepted Shifty S1-S4, 2026-10-02; docs/decisions/design-rulings.md#shifty-s1s4.",ready,,"Halflings PDF p. 4, Halfling Special Skills / Shifty, adds one first-striking attack when charged. The printed skill table supports Elder, Cook, Thief and Youths. Only an explicit selection grants the mechanic; the compiled Attack characteristic is unchanged. Accepted S1-S4 govern count, melee nomination, ties and replacement composition. These canonical legal mace builds run actual modular rounds, with a labelled free-selection opponent used only as a control. Strict request tapes distinguish the early bonus from the later ordinary pool in both participant positions. Later rounds and own charges do not repeat the bonus. Configured promoted Scouts/Warriors now use promotion.hero (L05); pistol-only refusal and optimized ports remain explicit pending boundaries, not tabletop prohibitions.",not_assessed,not_assessed,not_run,,,implemented_pending_verification,,,,,The halfling gains a bonus attack when charged that strikes first.,skill.shifty,,,resolved,,Review existing evidence; repair verification metadata or missing evidence without reimplementing the effect.,inventory,kb,,mechanic/skill.shifty,A,skill.shifty,binding operator 'mechanic:skill.shifty' has no family token in its own name; its clause text names a A-family operator,b08fe4067039c7ea8641409e03da097162e28116504a95e18b1c94686cc721bd,79e1789c63d6d4bee1370cbddab5a8c4cf3890ae2be4af7836dd2694ba9fd0a1,"[""sources/knowledge/catalog/mechanics/close-combat.yaml""]"
mechanic/skill.strength-of-steel,mechanic:skills,Strength of Steel,catalog/mechanics/close-combat.yaml,skills,,YES,,YES,"{""id"": ""skill.strength-of-steel"", ""kind"": ""mechanic"", ""parameters"": {}}",linked,not_run,Semantic verification was not run.,,,,ready,,"Apply the independently specified Strength contributions before wounding. Resilient reduces only wounding Strength, not armour Strength; charging/first-round bonuses expire as stated. | Charging grants +1 Strength. Outside the charge the ordinary Strength is unchanged.",not_assessed,not_assessed,not_run,,,implemented_pending_verification,,,,,The Vampire gains +1 Strength during the turn in which it charges. This does not count toward its normal characteristic maximum.,skill.strength-of-steel,,,none,,Review existing evidence; repair verification metadata or missing evidence without reimplementing the effect.,inventory,kb,,mechanic/skill.strength-of-steel,A,skill.strength-of-steel,binding operator 'mechanic:skill.strength-of-steel' classified into the A family by operator vocabulary,8950c2f5f858cc7034569870845b9c3f23296c3e55d02491a00d13b919af0d57,c3e4e22e4b431258839b1172cad140b16eb7270919998c7a7eae676948f8c58f,"[""sources/knowledge/catalog/mechanics/close-combat.yaml""]"
mechanic/skill.strike-to-injure,mechanic:skills,Strike to Injure,catalog/mechanics/close-combat.yaml,skills,https://mordheimer.net/docs/campaigns/skills,YES,,YES,"{""id"": ""skill.strike-to-injure"", ""kind"": ""mechanic"", ""parameters"": {}}",linked,not_run,Semantic verification was not run.,,,,ready,,"The basic critical table is rolled independently. This composition chooses Master Strike (5), two wounds with armour ignored and +2 Injury. The boundary is an ordinary wound. See docs/modular-remediation.md, M01. | Strike to Injure adds +1 to Injury rolls caused in close combat. | Wicked Edge changes the stun boundary rather than adding an Injury modifier. Other Injury modifiers and Hard to Kill retain their own thresholds. Source review M14. | Strike to Injure's +1 turns total 2 into 3, which Hard to Kill makes Stunned. | Knife Fighting and Strike to Injure both add +1 to dagger injuries. | Strike to Injure's +1 pushes face 1 to total 2, which Mace Concussion turns into Stunned. | Strike to Injure's +1 pushes face 1 to total 2, which Stone Axe Concussion turns into Stunned. | The independently transcribed injury outcomes for natural D6 faces 1 through 6 are KNOCKED_DOWN, STUNNED, STUNNED, OUT, OUT, OUT. The input die is controlled; injury conversion is tested without a duel.",not_assessed,not_assessed,not_run,,,implemented_pending_verification,,,,,+1 to Injury rolls caused in close combat.,skill.strike-to-injure,,,none,,Review existing evidence; repair verification metadata or missing evidence without reimplementing the effect.,inventory,kb,,mechanic/skill.strike-to-injure,A,skill.strike-to-injure,binding operator 'mechanic:skill.strike-to-injure' pinned to its behaviour family by the operator table,fb2f2b8183a1e3773c2320f012e0329c6adc2e78de4967a2732c4f8bc52f0245,dcfb78ff4c3723b944b9b41c5db160244a1b1076a3c05b30361ec5790c162ff0,"[""sources/knowledge/catalog/mechanics/close-combat.yaml""]"
mechanic/skill.strongman,mechanic:skills,Strongman,catalog/mechanics/close-combat.yaml,skills,https://mordheimer.net/docs/campaigns/skills,YES,,YES,"{""id"": ""skill.strongman"", ""kind"": ""mechanic"", ""parameters"": {}}",linked,not_run,Semantic verification was not run.,,,,ready,,"Standing up makes even a Strongman with a double-handed weapon strike last. | Strongman cancels the double-handed strike-last penalty, restoring ordinary order; standing up still strikes last. | Always Strikes First outranks Strongman's ordinary order. | Lightning Reflexes strikes first when charged even with a double-handed weapon. | Strongman removes the double-handed strike-last penalty; standing up still strikes last. | Strongman removes the two-handed weapon's strike-last penalty. Ordinary Initiative, charging, and recovery restrictions still apply.",not_assessed,not_assessed,not_run,,,implemented_pending_verification,,,,,Blackguards are capable of great feats of strength. They may use a double-handed weapon without the usual penalty of always striking last. Work out the order of battle as you would with other weapons.,skill.strongman,,,none,,Review existing evidence; repair verification metadata or missing evidence without reimplementing the effect.,inventory,kb,,mechanic/skill.strongman,A,skill.strongman,binding operator 'mechanic:skill.strongman' classified into the A family by operator vocabulary,3cefd26a394ca2dc94c77b51bef6bb97873f049f3208a6601097309aa2a1b347,4535e57619fcc4e13cd8aa300f9162ba61a0f7eb896f2ca9b70e00edbec814ba,"[""sources/knowledge/catalog/mechanics/close-combat.yaml""]"
mechanic/skill.sure-strike,mechanic:skills,Sure Strike,catalog/mechanics/close-combat.yaml,skills,,YES,,YES,"{""id"": ""skill.sure-strike"", ""kind"": ""mechanic"", ""parameters"": {}}",linked,not_run,Semantic verification was not run.,,,,ready,,"Two independent permissions to reroll a failed roll do not allow rerolling a reroll. On a 4+ threshold success is exactly 3/4, not 7/8. | Black Lotus wounds automatically on a natural 6 to hit; Sure Strike rerolls failed wound rolls on ordinary hits. The optional Lotus critical attempt cannot fail the wound and is not rerolled. | Re-roll failed rolls once. With a base 4+ target, success is 3/4. A first-roll success consumes no second roll.",not_assessed,not_assessed,not_run,,,implemented_pending_verification,,,,,Re-rolls failed wound rolls.,skill.sure-strike,,,none,,Review existing evidence; repair verification metadata or missing evidence without reimplementing the effect.,inventory,kb,,mechanic/skill.sure-strike,A,skill.sure-strike,binding operator 'mechanic:skill.sure-strike' classified into the A family by operator vocabulary,653f9f4a8e96307ab74affbe3042b350c878f76778eb0e3537184348f0a76dc9,4bb7b734da31728803207c5faae3114a31c96aab98e7eafdb46eee0c75ff0242,"[""sources/knowledge/catalog/mechanics/close-combat.yaml""]"
mechanic/skill.sweep,mechanic:skills,Sweep,catalog/mechanics/close-combat.yaml,skills,,YES,,YES,"{""id"": ""skill.sweep"", ""kind"": ""mechanic"", ""parameters"": {}}",linked,not_run,Semantic verification was not run.,,,,ready,,Sweep with a two-handed weapon replaces the attack set with one and produces an automatic hit only when the opponent fails Initiative.,not_assessed,not_assessed,not_run,,,implemented_pending_verification,,,,,"With a double-handed weapon, replaces all attacks with one automatic hit if the opponent fails an Initiative test.",skill.sweep,,,none,,Review existing evidence; repair verification metadata or missing evidence without reimplementing the effect.,inventory,kb,,mechanic/skill.sweep,A,skill.sweep,binding operator 'mechanic:skill.sweep' classified into the A family by operator vocabulary,6fb1c53a956dd1e93b07c2034ce022e4c76b7e794cfdeaa29809c11e3121a3ff,11ec6a1e59c77d5b9d6b73307411fc40061580dfa731638b547634900e3f4d71,"[""sources/knowledge/catalog/mechanics/close-combat.yaml""]"
mechanic/skill.unarmed-critical-strikes,mechanic:skills,Unarmed Critical Strikes,catalog/mechanics/close-combat.yaml,skills,,YES,,YES,"{""id"": ""skill.unarmed-critical-strikes"", ""kind"": ""mechanic"", ""parameters"": {}}",linked,not_run,Semantic verification was not run.,,,,ready,,A natural 5-6 To Wound causes a critical only with Fist and only while criticals remain available. The general veto when 6 is needed to wound still applies.,not_assessed,not_assessed,not_run,,,implemented_pending_verification,,,,,Unarmed attacks score critical hits on To Wound rolls of 5-6.,skill.unarmed-critical-strikes,,,none,,Review existing evidence; repair verification metadata or missing evidence without reimplementing the effect.,inventory,kb,,mechanic/skill.unarmed-critical-strikes,A,skill.unarmed-critical-strikes,binding operator 'mechanic:skill.unarmed-critical-strikes' classified into the A family by operator vocabulary,f49ed89f80b6b45ef570f05891946f12923e9fc18b75d8bb0e3c070a8d5aa849,cc2875e01e81dd079f8a6010582d18f76f34b340153becca7d35abc3f97019ca,"[""sources/knowledge/catalog/mechanics/close-combat.yaml""]"
mechanic/skill.unarmed-fighting,mechanic:skills,Unarmed Fighting,catalog/mechanics/close-combat.yaml,skills,,YES,,YES,"{""id"": ""skill.unarmed-fighting"", ""kind"": ""mechanic"", ""parameters"": {}}",linked,not_run,Semantic verification was not run.,,,,ready,,"gromril armour saves on 4+; unarmed fighting composes the armour target to 4 plus Strength-based modifier, penetration and target bonus. The save is ineligible when the target exceeds 6. | heavy armour saves on 5+; unarmed fighting composes the armour target to 5 plus Strength-based modifier, penetration and target bonus. The save is ineligible when the target exceeds 6. | ithilmar armour saves on 5+; unarmed fighting composes the armour target to 5 plus Strength-based modifier, penetration and target bonus. The save is ineligible when the target exceeds 6. | light armour saves on 6+; unarmed fighting composes the armour target to 6 plus Strength-based modifier, penetration and target bonus. The save is ineligible when the target exceeds 6. | no armour saves on 7+; unarmed fighting composes the armour target to 7 plus Strength-based modifier, penetration and target bonus. The save is ineligible when the target exceeds 6. | Unarmed Fighting removes the fist's armour-save bonus; Gromril material then applies its own -1 penetration against the heavy armour target. | Unarmed Fighting removes only the fist's unarmed penalties; wielding axe the fighter attacks with the weapon's own modifier, composing the heavy armour target to 6+. | Unarmed Fighting removes only the fist's unarmed penalties; wielding dagger the fighter attacks with the weapon's own modifier, composing the heavy armour target to 4+. | Unarmed Fighting removes only the fist's unarmed penalties; wielding katar the fighter attacks with the weapon's own modifier, composing the heavy armour target to 6+. | Unarmed Fighting removes only the fist's unarmed penalties; wielding yambiya the fighter attacks with the weapon's own modifier, composing the heavy armour target to 4+. | Unarmed Fighting only adds an Attack while fighting unarmed; with two swords the two-weapon bonus is the only addition. | Unarmed Fighting's +1 Attack with the fist composes with Extra Attack's profile bonus. | Unarmed Fighting's +1 Attack with the fist is doubled by Ferocious Charge. | Unarmed Fighting's +1 Attack with the fist composes with Red Fury's profile bonus. | Vomit replaces all attacks (fixed Strength 5) even for an Unarmed Fighting warrior. | Fists use full Strength, retain the fighter's Attacks and add one, and grant no armour bonus when trained. The printed bonus applies only while unarmed.",not_assessed,not_assessed,not_run,,,implemented_pending_verification,,,,,Fights unarmed without penalties and gains +1 Attack while unarmed.,skill.unarmed-fighting,,,none,,Review existing evidence; repair verification metadata or missing evidence without reimplementing the effect.,inventory,kb,,mechanic/skill.unarmed-fighting,A,skill.unarmed-fighting,binding operator 'mechanic:skill.unarmed-fighting' classified into the A family by operator vocabulary,0a42d5c95fab89c03ef13ea268abde4525890e4536e02cd2f7b5d300390f4e47,ad246732d83643ee04b4b4acf35a6e40d70063d92f7f921cded12572d577795a,"[""sources/knowledge/catalog/mechanics/close-combat.yaml""]"
mechanic/skill.unstoppable-charge,mechanic:skills,Unstoppable Charge,catalog/mechanics/close-combat.yaml,skills,https://mordheimer.net/docs/campaigns/skills,YES,,YES,"{""id"": ""skill.unstoppable-charge"", ""kind"": ""mechanic"", ""parameters"": {}}",linked,not_run,Semantic verification was not run.,,,,ready,,"A charge grants +1 Weapon Skill, changing WS3 versus WS3 from a 4+ hit to 3+. Without charging WS is unchanged.",not_assessed,not_assessed,not_run,,,implemented_pending_verification,,,,,+1 WS when charging.,skill.unstoppable-charge,,,none,,Review existing evidence; repair verification metadata or missing evidence without reimplementing the effect.,inventory,kb,,mechanic/skill.unstoppable-charge,A,skill.unstoppable-charge,binding operator 'mechanic:skill.unstoppable-charge' classified into the A family by operator vocabulary,440601f4bd62578d30047ce05cb7c14f9c486254fddeed1fa3649d566310f2cd,144b65395f4b4d51e7bfa77605a3d0884059686508acd5c7ef2b63949ce8dbd5,"[""sources/knowledge/catalog/mechanics/close-combat.yaml""]"
mechanic/skill.virtue-of-valour,mechanic:skills,Virtue of Valour,catalog/mechanics/close-combat.yaml,skills,,YES,,YES,"{""id"": ""skill.virtue-of-valour"", ""kind"": ""mechanic"", ""parameters"": {}}",linked,not_run,Semantic verification was not run.,,,,ready,,Bretonnian Knight Virtues / Virtue of Valour permits one reroll of failed melee hit rolls only against strictly higher Strength characteristics. Weapon bonuses are not characteristics. Native Bretonnian Heroes with special access may select the virtue; foreign acquisition is separate.,not_assessed,not_assessed,not_run,,,implemented_pending_verification,,,,,"When fighting a model with a higher Strength characteristic, the warrior may re-roll failed hand-to-hand hit rolls.",skill.virtue-of-valour,,,none,,Review existing evidence; repair verification metadata or missing evidence without reimplementing the effect.,inventory,kb,,mechanic/skill.virtue-of-valour,A,skill.virtue-of-valour,binding operator 'mechanic:skill.virtue-of-valour' has no family token in its own name; its clause text names a A-family operator,88784d613c5ee6347dc9851e74962b0b795d64e27276899542d55fa82b03b58e,9bca4b531c1e5db3bb2608b5b93e5a7fe584bf202e46ba3857efa87af26ce741,"[""sources/knowledge/catalog/mechanics/close-combat.yaml""]"
mechanic/skill.weapons-of-the-north,mechanic:skills,Weapons of the North,catalog/mechanics/close-combat.yaml,skills,,YES,,YES,"{""id"": ""skill.weapons-of-the-north"", ""kind"": ""mechanic"", ""parameters"": {}}",linked,not_run,Semantic verification was not run.,,,,ready,,"Both reroll missed axe attacks; the composed fighter shares one reroll die per missed hit. | Blessed Sight rerolls missed hits unconditionally; Weapons of the North covers only axes and double-handed weapons. | Weapons of the North rerolls missed axe attacks; Crack Shot covers only pistols. | Weapons of the North rerolls missed axe attacks unconditionally; Expert Swordsman covers only swords while charging. | Weapons of the North rerolls each failed To Hit roll with an axe, dwarf axe or the catalogue's double-handed weapon. The generic two_handed implementation property is insufficient; flails and halberds are not axes and receive no reroll. The effect is not limited to charging or the first round.",not_assessed,not_assessed,not_run,,,implemented_pending_verification,,,,,Re-rolls failed hit rolls with an axe or double-handed weapon.,skill.weapons-of-the-north,,,none,,Review existing evidence; repair verification metadata or missing evidence without reimplementing the effect.,inventory,kb,,mechanic/skill.weapons-of-the-north,A,skill.weapons-of-the-north,binding operator 'mechanic:skill.weapons-of-the-north' has no family token in its own name; its clause text names a A-family operator,a4a78ebe96a996944bf4c004bbe32e0f540fe16f35ed5549bb76129eba29cf32,2b72cb2f95369e74c8c6214fb9e5b01e1004485e613136f311858a382123ab7f,"[""sources/knowledge/catalog/mechanics/close-combat.yaml""]"
mechanic/skill.web-of-steel,mechanic:skills,Web of Steel,catalog/mechanics/close-combat.yaml,skills,https://mordheimer.net/docs/campaigns/skills,YES,,YES,"{""id"": ""skill.web-of-steel"", ""kind"": ""mechanic"", ""parameters"": {}}",linked,not_run,Semantic verification was not run.,,,,ready,,"Web of Steel adds one to the basic critical result. A table roll 4 becomes Master Strike (5), causing two wounds with +2 Injury; without the skill it has no Injury bonus. The historical flat +3 Injury interpretation is superseded by the source review M01.",not_assessed,not_assessed,not_run,,,implemented_pending_verification,,,,,+1 on close-combat Critical Hit tables.,skill.web-of-steel,,,none,,Review existing evidence; repair verification metadata or missing evidence without reimplementing the effect.,inventory,kb,,mechanic/skill.web-of-steel,A,skill.web-of-steel,binding operator 'mechanic:skill.web-of-steel' has no family token in its own name; its clause text names a A-family operator,d9d8df4f1087e0553bb3054502d364ce7b8c00a9b998fae949d38d7ce92423dd,afcf4aa8b1e207f95bb174d8bf5112bc82b8ec88b50d768569de3ea4a0b75c0c,"[""sources/knowledge/catalog/mechanics/close-combat.yaml""]"
mechanic/skill.wound-valour,mechanic:skills,Virtue of Valour (Bitter Moors),catalog/mechanics/close-combat.yaml,skills,,YES,,YES,"{""id"": ""skill.wound-valour"", ""kind"": ""mechanic"", ""parameters"": {}}",linked,not_run,Semantic verification was not run.,,,,ready,,,not_assessed,not_assessed,not_run,,,implemented_pending_verification,,,,,Re-rolls failed wound rolls against opponents with a strictly higher natural Strength.,skill.wound-valour,,,none,,Review existing evidence; repair verification metadata or missing evidence without reimplementing the effect.,inventory,kb,,mechanic/skill.wound-valour,A,skill.wound-valour,binding operator 'mechanic:skill.wound-valour' pinned to its behaviour family by the operator table,a3cb33fc17d920e46f6fd18a721c2a8339839687d7ff6f65f189008e8a98b0b9,e3c111aef9f9d67e6c604b33651349a190510cc27b117d963d682accb009f7e4,"[""sources/knowledge/catalog/mechanics/close-combat.yaml""]"
mechanic/weapon.ankus,mechanic:weapons,Ankus,catalog/mechanics/close-combat.yaml,weapons,https://mordheimer.net/docs/weapons-armour/close-combat,YES,,YES,"{""id"": ""weapon.ankus"", ""kind"": ""mechanic"", ""parameters"": {}}",linked,not_run,Semantic verification was not run.,,,,ready,,"Spear, Pike and Ankus occupy the strike-first layer in the first round; the Spear's strike-first applies only in the first turn of combat, after which it follows ordinary order. Pike uses two hands without modifying Strength; Ankus additionally keeps Concussion. A charging enemy shares the first-strike tier: compare Initiative, not a special spear tier.",not_assessed,not_assessed,not_run,,,implemented_pending_verification,,,,,Strikes first and has Concussion on Injury rolls of 2-4.,weapon.ankus,,,none,,Review existing evidence; repair verification metadata or missing evidence without reimplementing the effect.,inventory,kb,,mechanic/weapon.ankus,A,weapon.ankus,binding operator 'mechanic:weapon.ankus' classified into the A family by operator prefix 'weapon.',6e0243e8237b2f841b1f72311ff67af10dad442446250d77461ff0a1ffda86d3,0d047320f544dcf128f0c9b5012a02ab7f76cd4356c4a74a6a21f3e3e68f3314,"[""sources/knowledge/catalog/mechanics/close-combat.yaml""]"
mechanic/weapon.arcane-candelabrum,mechanic:weapons,Arcane Candelabrum,catalog/mechanics/close-combat.yaml,weapons,https://broheim.net/downloads/hiredswords/mutinyinmarienburg/Specialists.pdf,YES,,YES,"{""id"": ""weapon.arcane-candelabrum"", ""kind"": ""mechanic"", ""parameters"": {}}",linked,not_run,Semantic verification was not run.,,,,ready,,,not_assessed,not_assessed,not_run,,,implemented_pending_verification,,,,,"An Arcane Candelabrum from a holy temple. Counts as a holy relic, brazier iron and lantern that is used one-handed.",weapon.arcane-candelabrum,,,none,,Review existing evidence; repair verification metadata or missing evidence without reimplementing the effect.,inventory,kb,,mechanic/weapon.arcane-candelabrum,A,weapon.arcane-candelabrum,binding operator 'mechanic:weapon.arcane-candelabrum' classified into the A family by operator prefix 'weapon.',49c96330e4946cb32e9c29795121922c98f3924f69953b5d5a3d089602d8caee,fdc600c0883b5219e4c7c3cf61e282beb4eb5fc124a50762bf6126c067ac35bf,"[""sources/knowledge/catalog/mechanics/close-combat.yaml""]"
mechanic/weapon.axe,mechanic:weapons,Axe,catalog/mechanics/close-combat.yaml,weapons,https://mordheimer.net/docs/weapons-armour/close-combat,YES,,YES,"{""id"": ""weapon.axe"", ""kind"": ""mechanic"", ""parameters"": {}}",linked,not_run,Semantic verification was not run.,,,,ready,,"gromril armour saves on 4+; axe composes the armour target to 4 plus Strength-based modifier, penetration and target bonus. The save is ineligible when the target exceeds 6. | heavy armour saves on 5+; axe composes the armour target to 5 plus Strength-based modifier, penetration and target bonus. The save is ineligible when the target exceeds 6. | ithilmar armour saves on 5+; axe composes the armour target to 5 plus Strength-based modifier, penetration and target bonus. The save is ineligible when the target exceeds 6. | light armour saves on 6+; axe composes the armour target to 6 plus Strength-based modifier, penetration and target bonus. The save is ineligible when the target exceeds 6. | no armour saves on 7+; axe composes the armour target to 7 plus Strength-based modifier, penetration and target bonus. The save is ineligible when the target exceeds 6. | Unarmed Fighting removes only the fist's unarmed penalties; wielding axe the fighter attacks with the weapon's own modifier, composing the heavy armour target to 6+. | With axe main and dagger off hand, each attack applies its own armour modifier: the main attack targets 6+ and the off-hand attack targets 4+ against heavy armour. | With axe main and yambiya off hand, each attack applies its own armour modifier: the main attack targets 6+ and the off-hand attack targets 4+ against heavy armour. | The axe and Gromril material each worsen the opponent's armour save by one. A 4+ save becomes 6+ before any Strength penalty. | One additional armour-save penalty worsens a 4+ save to 5+ at Strength 3. It does not increase attacking Strength.",not_assessed,not_assessed,not_run,,,implemented_pending_verification,,,,,Uses normal Strength and applies an additional -1 armour-save modifier.,weapon.axe,,,none,,Review existing evidence; repair verification metadata or missing evidence without reimplementing the effect.,inventory,kb,,mechanic/weapon.axe,A,weapon.axe,binding operator 'mechanic:weapon.axe' classified into the A family by operator prefix 'weapon.',7e223337034375692f04a9f734a4e163399757787901fb1cc8d07e3f01e8fb30,d650fb0f50456beb6e1ed9580b66da0e7602bdef0bae3731477d46231e3b3e40,"[""sources/knowledge/catalog/mechanics/close-combat.yaml""]"
mechanic/weapon.bagh-nakh,mechanic:weapons,Bagh Nakh,catalog/mechanics/close-combat.yaml,weapons,https://mordheimer.net/docs/weapons-armour/close-combat,YES,,YES,"{""id"": ""weapon.bagh-nakh"", ""kind"": ""mechanic"", ""parameters"": {}}",linked,not_run,Semantic verification was not run.,,,,ready,,"The three weapons add one penetration point. Scythe uses two hands, Scimitar allows parrying and Bagh Nakh is paired and adds one to Strength.",not_assessed,not_assessed,not_run,,,implemented_pending_verification,,,,,"Paired weapon: +1 Attack, +1 Strength and an additional -1 armour-save modifier.",weapon.bagh-nakh,,,none,,Review existing evidence; repair verification metadata or missing evidence without reimplementing the effect.,inventory,kb,,mechanic/weapon.bagh-nakh,A,weapon.bagh-nakh,binding operator 'mechanic:weapon.bagh-nakh' classified into the A family by operator prefix 'weapon.',e5cf56fef562f6927132d69a405ceae8490cb821b0361cab4fa825fb136e0b8c,e80008d82872fca3195638e5914cb8d54ee8799bb804746da53d0b79b8ca9062,"[""sources/knowledge/catalog/mechanics/close-combat.yaml""]"
mechanic/weapon.ball-and-chain,mechanic:weapons,Ball and Chain,catalog/mechanics/close-combat.yaml,weapons,https://mordheimer.net/docs/weapons-armour/close-combat,YES,,YES,"{""id"": ""weapon.ball-and-chain"", ""kind"": ""mechanic"", ""parameters"": {}}",linked,not_run,Semantic verification was not run.,,,,ready,,Beastlash uses Strength -1. Death Knife adds +1 Injury and ignores armour at Strength -1. Disease Dagger improves the enemy save. Censer gains Strength +2 only in the first round. Ball and Chain keeps Strength +2 and ignores armour.,not_assessed,not_assessed,not_run,,,implemented_pending_verification,,,,,"Range: Close Combat Strength: As user +2 Special Rules Incredible Force: Because the Ball and Chain is so heavy, normal armour does very little to protect against it. No armour saves are allowed against wounds caused by a Ball and Chain. Successful wounds inflict D3 damage. Enemies suffer -1 to hit the wielder in close combat.",weapon.ball-and-chain,,,none,,Review existing evidence; repair verification metadata or missing evidence without reimplementing the effect.,inventory,kb,,mechanic/weapon.ball-and-chain,A,weapon.ball-and-chain,binding operator 'mechanic:weapon.ball-and-chain' classified into the A family by operator prefix 'weapon.',faf6240d48a215e9c52356923a2bf7ff02d3934d2681e74a6d966eb58c4202c2,7c2d6c697e8ac7e819d2c60d78222b76f289c8140a22886ada17592f9b9727f3,"[""sources/knowledge/catalog/mechanics/close-combat.yaml""]"
mechanic/weapon.beastlash,mechanic:weapons,Beastlash,catalog/mechanics/close-combat.yaml,weapons,https://mordheimer.net/docs/weapons-armour/close-combat,YES,,YES,"{""id"": ""weapon.beastlash"", ""kind"": ""mechanic"", ""parameters"": {}}",linked,not_run,Semantic verification was not run.,,,,ready,,Beastlash uses Strength -1. Death Knife adds +1 Injury and ignores armour at Strength -1. Disease Dagger improves the enemy save. Censer gains Strength +2 only in the first round. Ball and Chain keeps Strength +2 and ignores armour.,not_assessed,not_assessed,not_run,,,implemented_pending_verification,,,,,"Range: Close Combat Strength: As user -1 Special Rules Beastbane: The Beastmaster wielding a Beastlash causes Fear in animals, any animal charged or wishing to charge a Beastmaster with one of these weapons must first take a Fear test as mentioned in the psychology section of the Mordheim rules. Cannot be parried. Whipcrack grants one bonus attack when charging or charged; only that bonus strikes first when charged, and two whips do not double it.",weapon.beastlash,,,none,,Review existing evidence; repair verification metadata or missing evidence without reimplementing the effect.,inventory,kb,,mechanic/weapon.beastlash,A,weapon.beastlash,binding operator 'mechanic:weapon.beastlash' classified into the A family by operator prefix 'weapon.',9907b67e775de13c9d6e77475605a31c6c426d5e6c7fb7fb846f5b1084dd49e9,531cb69def1615c6e9d5181409f61ad1f6b59ee3ce26380d06823e8330473f82,"[""sources/knowledge/catalog/mechanics/close-combat.yaml""]"
mechanic/weapon.bo,mechanic:weapons,Bo,catalog/mechanics/close-combat.yaml,weapons,https://mordheimer.net/docs/weapons-armour/close-combat,YES,,YES,"{""id"": ""weapon.bo"", ""kind"": ""mechanic"", ""parameters"": {}}",linked,not_run,Semantic verification was not run.,,,,ready,,"Bo occupies both hands, adds one attack and allows parrying. Stiletto adds one attack but all its attacks resolve at Strength -1.",not_assessed,not_assessed,not_run,,,implemented_pending_verification,,,,,Two-handed weapon granting +1 Attack and one parry.,weapon.bo,,,none,,Review existing evidence; repair verification metadata or missing evidence without reimplementing the effect.,inventory,kb,,mechanic/weapon.bo,A,weapon.bo,binding operator 'mechanic:weapon.bo' classified into the A family by operator prefix 'weapon.',96b5bc1031c652405eb7e964b0972f920deeec51695a60715f0d75768e6b624c,d50d9f3b24ca043e7aa8644fcf0560e3957240207c585d4b753ccb24f053e278,"[""sources/knowledge/catalog/mechanics/close-combat.yaml""]"
mechanic/weapon.boar-spear,mechanic:weapons,Boar Spear,catalog/mechanics/close-combat.yaml,weapons,https://mordheimer.net/docs/weapons-armour/close-combat,YES,,YES,"{""id"": ""weapon.boar-spear"", ""kind"": ""mechanic"", ""parameters"": {}}",linked,not_run,Semantic verification was not run.,,,,ready,,"Boar Spear has strike-first, adds one to Strength when charging mounted and removes one attack, down to a minimum of one, from the enemy charging against its bearer.",not_assessed,not_assessed,not_run,,,implemented_pending_verification,,,,,"Strikes first and only combines with a shield or buckler; a mounted charge grants +1 Strength, while a charging enemy loses one base Attack (minimum 1).",weapon.boar-spear,,,none,,Review existing evidence; repair verification metadata or missing evidence without reimplementing the effect.,inventory,kb,,mechanic/weapon.boar-spear,A,weapon.boar-spear,binding operator 'mechanic:weapon.boar-spear' classified into the A family by operator prefix 'weapon.',95c1c8e50042562352604ea523a5fd2f4300a8758592a9ffb0b83202b1705569,894a8500da4b41ef9d60fc54f9fd7e4cc60ffadc9f3effbf05c0294da5a54630,"[""sources/knowledge/catalog/mechanics/close-combat.yaml""]"
mechanic/weapon.brass-knuckles,mechanic:weapons,Brass Knuckles,catalog/mechanics/close-combat.yaml,weapons,https://mordheimer.net/docs/weapons-armour/close-combat,YES,,YES,"{""id"": ""weapon.brass-knuckles"", ""kind"": ""mechanic"", ""parameters"": {}}",linked,not_run,Semantic verification was not run.,,,,ready,,"The Brazier's 5+ fire and Strength +1, the paired set of Brass Knuckles, the heavy unparriable package of the War Maul, and the repeated attack/parry of the Double-bladed Sword are verified separately.",not_assessed,not_assessed,not_run,,,implemented_pending_verification,,,,,Range: Close Combat Strength: As user +1 Special Rules Pair: Brass knuckles are used in pairs and the warrior fighting with them gains an extra Attack. He may not use any other weapons or items in his hands while doing this however. Cumbersome imposes -2 Initiative in close combat.,weapon.brass-knuckles,,,none,,Review existing evidence; repair verification metadata or missing evidence without reimplementing the effect.,inventory,kb,,mechanic/weapon.brass-knuckles,A,weapon.brass-knuckles,binding operator 'mechanic:weapon.brass-knuckles' classified into the A family by operator prefix 'weapon.',f7535993b3b1ea3a0db9b55a43e36a0baef68be1d7f73bedf39776cfa60ca7c2,c3a1b03b286081607fe370b7e23a06bf3e61e834aa2e8e0d17f23202c24f7ba1,"[""sources/knowledge/catalog/mechanics/close-combat.yaml""]"
mechanic/weapon.brazier-iron,mechanic:weapons,Brazier Iron,catalog/mechanics/close-combat.yaml,weapons,https://mordheimer.net/docs/weapons-armour/close-combat,YES,,YES,"{""id"": ""weapon.brazier-iron"", ""kind"": ""mechanic"", ""parameters"": {}}",linked,not_run,Semantic verification was not run.,,,,ready,,"The Brazier's 5+ fire and Strength +1, the paired set of Brass Knuckles, the heavy unparriable package of the War Maul, and the repeated attack/parry of the Double-bladed Sword are verified separately.",not_assessed,not_assessed,not_run,,,implemented_pending_verification,,,,,Range: Close Combat Strength: As user +1 Special Rules Two handed: A warrior armed with a brazier staff requires two hands to wield it effectively and so may not use a shield with it or another hand weapon or buckler in close combat.,weapon.brazier-iron,,,none,,Review existing evidence; repair verification metadata or missing evidence without reimplementing the effect.,inventory,kb,,mechanic/weapon.brazier-iron,A,weapon.brazier-iron,binding operator 'mechanic:weapon.brazier-iron' classified into the A family by operator prefix 'weapon.',be7eed72f6269086eb4852868d2a4a4860b52dc506cc6d357796d2e03ee72f8a,cf0b79e91e5bc6f3b5611f42217bf567808183f1beea7a9fba1ee760ab2df525,"[""sources/knowledge/catalog/mechanics/close-combat.yaml""]"
mechanic/weapon.broadsword,mechanic:weapons,Broadsword,catalog/mechanics/close-combat.yaml,weapons,https://mordheimer.net/docs/weapons-armour/close-combat,YES,,YES,"{""id"": ""weapon.broadsword"", ""kind"": ""mechanic"", ""parameters"": {}}",linked,not_run,Semantic verification was not run.,,,,ready,,Close Combat / Broadsword: user Strength +1. Difficult to Use forbids a second weapon and buckler but allows a shield and kite shield. It is not by itself a weapon that strikes last.,not_assessed,not_assessed,not_run,,,implemented_pending_verification,,,,,Range: Close Combat Strength: As user +1 Special Rules Difficult to use: A model with a Broadsword may not use a second weapon or buckler in his other hand because it requires all his skill to wield it. He may carry a shield or a kite shield as normal though.,weapon.broadsword,,,none,,Review existing evidence; repair verification metadata or missing evidence without reimplementing the effect.,inventory,kb,,mechanic/weapon.broadsword,A,weapon.broadsword,binding operator 'mechanic:weapon.broadsword' classified into the A family by operator prefix 'weapon.',762ea216091b75716fe77f229cdae87018eac67ae54b2bd29a1aa5e15ed4660b,1e8442a80d35dd8e1fe5b77da12efcaa16ade3e1590dbbd51a915768a939bb8c,"[""sources/knowledge/catalog/mechanics/close-combat.yaml""]"
mechanic/weapon.cathayan-longsword,mechanic:weapons,Cathayan Longsword,catalog/mechanics/close-combat.yaml,weapons,https://mordheimer.net/docs/weapons-armour/close-combat,YES,,YES,"{""id"": ""weapon.cathayan-longsword"", ""kind"": ""mechanic"", ""parameters"": {}}",linked,not_run,Semantic verification was not run.,,,,ready,,Close Combat / Cathayan Longsword / Mastercrafted: +1 WS and +1 I for the bearer; not +1 Strength. WS3 becomes WS4 and beats enemy WS3 (3+). The off-hand WS bonus is not added to the main-hand attack.,not_assessed,not_assessed,not_run,,,implemented_pending_verification,,,,,Range: Close Combat Strength: As user Special Rules Mastercrafted: Attacks made with a Cathayan longsword give the bearer +1 Initiative and +1 Weapon Skill.,weapon.cathayan-longsword,,,none,,Review existing evidence; repair verification metadata or missing evidence without reimplementing the effect.,inventory,kb,,mechanic/weapon.cathayan-longsword,A,weapon.cathayan-longsword,binding operator 'mechanic:weapon.cathayan-longsword' classified into the A family by operator prefix 'weapon.',1767a78700c3ea75e07c27a192abda9cfe967d939152ec08675197cd8a7c2068,d07a7cf2ca81c654f72f986012d9fb84b121a9981e6752737e84868f108940cf,"[""sources/knowledge/catalog/mechanics/close-combat.yaml""]"
mechanic/weapon.censer,mechanic:weapons,Censer,catalog/mechanics/close-combat.yaml,weapons,https://mordheimer.net/docs/weapons-armour/close-combat,YES,,YES,"{""id"": ""weapon.censer"", ""kind"": ""mechanic"", ""parameters"": {}}",linked,not_run,Semantic verification was not run.,,,,ready,,Beastlash uses Strength -1. Death Knife adds +1 Injury and ignores armour at Strength -1. Disease Dagger improves the enemy save. Censer gains Strength +2 only in the first round. Ball and Chain keeps Strength +2 and ignores armour.,not_assessed,not_assessed,not_run,,,implemented_pending_verification,,,,,"Range: Close Combat Strength: As user +2 Special Rules Heavy: The +2 Strength bonus applies only to the first turn of hand to hand combat. Two-handed A censer requires two hands to be used and the wielder cannot use a shield, buckler or additional weapon in close combat.",weapon.censer,,,none,,Review existing evidence; repair verification metadata or missing evidence without reimplementing the effect.,inventory,kb,,mechanic/weapon.censer,A,weapon.censer,binding operator 'mechanic:weapon.censer' classified into the A family by operator prefix 'weapon.',763346c8b94606c06ad7610ac1f7434685833d932050675147a7028999e901c9,3118b66f4530eea9d3d2288f4b48dd8b452489bec65c4cbb1b592538a84b4195,"[""sources/knowledge/catalog/mechanics/close-combat.yaml""]"
mechanic/weapon.ceremonial-scythe,mechanic:weapons,Ceremonial Scythe,catalog/mechanics/close-combat.yaml,weapons,https://www.scribd.com/document/241727651/Miracle-workers-in-Mordheim,YES,,YES,"{""id"": ""weapon.ceremonial-scythe"", ""kind"": ""mechanic"", ""parameters"": {}}",linked,not_run,Semantic verification was not run.,,,,ready,,,not_assessed,not_assessed,not_run,,,implemented_pending_verification,,,,,"Strength: As user +1. Difficult to use and Two-handed; cannot use another weapon, shield or buckler.",weapon.ceremonial-scythe,,,none,,Review existing evidence; repair verification metadata or missing evidence without reimplementing the effect.,inventory,kb,,mechanic/weapon.ceremonial-scythe,A,weapon.ceremonial-scythe,binding operator 'mechanic:weapon.ceremonial-scythe' classified into the A family by operator prefix 'weapon.',b029dff0860f425d8e979360bd1eb70998be7a7aab6eb0a9e856055a6858cfd7,58de10a2a3c9f00272478ea16486a632aeb4beaf607e3c6822649583f07e0291,"[""sources/knowledge/catalog/mechanics/close-combat.yaml""]"
mechanic/weapon.chain-sticks,mechanic:weapons,Chain Sticks,catalog/mechanics/close-combat.yaml,weapons,https://mordheimer.net/docs/weapons-armour/close-combat,YES,,YES,"{""id"": ""weapon.chain-sticks"", ""kind"": ""mechanic"", ""parameters"": {}}",linked,not_run,Semantic verification was not run.,,,,ready,,"Chain Sticks, Flurry. Adds two attacks to the profile during the first round regardless of who charges. It does not replace the base number.",not_assessed,not_assessed,not_run,,,implemented_pending_verification,,,,,Range: Close Combat Strength: As user Special Rules Flurry: A set of chain sticks allows its wielder to unleash a furious bludgeoning. A warrior armed with chain sticks gets +2 Attacks. This bonus only applies in the first turn of each hand-to-hand combat.,weapon.chain-sticks,,,none,,Review existing evidence; repair verification metadata or missing evidence without reimplementing the effect.,inventory,kb,,mechanic/weapon.chain-sticks,A,weapon.chain-sticks,binding operator 'mechanic:weapon.chain-sticks' classified into the A family by operator prefix 'weapon.',7048b967c5c03e4f1c9f8d7312686a0510258dacb701953c98b8269688ace6e5,8e05df8a6c0f4eabb352a879b7d6c0b711a4056450f6611f0bff0b51f04f5dfe,"[""sources/knowledge/catalog/mechanics/close-combat.yaml""]"
mechanic/weapon.chained-squig,mechanic:weapons,Chained Squig,catalog/mechanics/close-combat.yaml,weapons,https://mordheimer.net/docs/weapons-armour/close-combat,YES,,YES,"{""id"": ""weapon.chained-squig"", ""kind"": ""mechanic"", ""parameters"": {}}",linked,not_run,Semantic verification was not run.,,,,ready,,"Chained Squig fixes Strength 3, strikes first, cannot be parried and entangles on a hit. Squig Prodder strikes first. Kusara-kama removes one attack after a 5+ hit. Long Boat Hook has Strength -1 and priority only in the first round.",not_assessed,not_assessed,not_run,,,implemented_pending_verification,,,,,"Strength 3, strikes first, cannot be parried and entangles an opponent it hits.",weapon.chained-squig,,,none,,Review existing evidence; repair verification metadata or missing evidence without reimplementing the effect.,inventory,kb,,mechanic/weapon.chained-squig,A,weapon.chained-squig,binding operator 'mechanic:weapon.chained-squig' classified into the A family by operator prefix 'weapon.',f960a6517b10e373db56f694eee3e4b14a0f665fdec07730e460eb659eee65ef,8521c17caa5c4240f37afadf164fa40196296194dc18b9ca0f817d32bbdb077a,"[""sources/knowledge/catalog/mechanics/close-combat.yaml""]"
mechanic/weapon.chainsaw-sword,mechanic:weapons,Chainsaw Sword,catalog/mechanics/close-combat.yaml,weapons,https://mordheimer.net/docs/warbands/grade-2a-warbands/masters-of-horror,YES,,YES,"{""id"": ""weapon.chainsaw-sword"", ""kind"": ""mechanic"", ""parameters"": {}}",linked,not_run,Semantic verification was not run.,,,,ready,,,not_assessed,not_assessed,not_run,,,implemented_pending_verification,,,,,"A mechanical nightmare borne of insanity, this ear-splitting device tears through armour with ease. Range: Close Combat. Strength: As user. Special Rules: Fear, Shredder. Fear: Incredibly loud and belching forth a sickly green smoke, this weapon causes even seasoned soldiers to quiver. A model bearing a Chainsaw Sword causes Fear. Shredder: The Chainsaw sword rips and chews through armour as if it were cloth. All blows from a Chainsaw Sword are at -2 Armour Save.",weapon.chainsaw-sword,,,none,,Review existing evidence; repair verification metadata or missing evidence without reimplementing the effect.,inventory,kb,,mechanic/weapon.chainsaw-sword,A,weapon.chainsaw-sword,binding operator 'mechanic:weapon.chainsaw-sword' classified into the A family by operator prefix 'weapon.',a480fa92c3e66720dc12a4caaf4fe2ed4d38eccefd24a260fec78bf9e69214c4,173003f603a757d656598c17310047cc7819d9d64c124ba6d5ab50344500a761,"[""sources/knowledge/catalog/mechanics/close-combat.yaml""]"
mechanic/weapon.choppa,mechanic:weapons,Choppa,catalog/mechanics/close-combat.yaml,weapons,https://mordheimer.net/docs/weapons-armour/close-combat,YES,,YES,"{""id"": ""weapon.choppa"", ""kind"": ""mechanic"", ""parameters"": {}}",linked,not_run,Semantic verification was not run.,,,,ready,,"Sigmarite Hammer has Strength +1, Concussion and +1 To Wound against Undead/Possessed. Choppa and Witch Sword gain Strength +1 only in the first round; Choppa adds penetration and Witch Sword a parry.",not_assessed,not_assessed,not_run,,,implemented_pending_verification,,,,,+1 Strength in the first round and an additional -1 armour-save modifier; may be used with a shield.,weapon.choppa,,,none,,Review existing evidence; repair verification metadata or missing evidence without reimplementing the effect.,inventory,kb,,mechanic/weapon.choppa,A,weapon.choppa,binding operator 'mechanic:weapon.choppa' classified into the A family by operator prefix 'weapon.',3ad087c211e11c318943a8d9b2a7cee66ea47014a3f88e12bb6bf64d36fdb5ee,c95e241116d7c7edc6f3c3e78b0a5ac466baf0a72a47089c2b27eaefa3dc3274,"[""sources/knowledge/catalog/mechanics/close-combat.yaml""]"
mechanic/weapon.claw-of-the-old-ones,mechanic:weapons,Claw of the Old Ones,catalog/mechanics/close-combat.yaml,weapons,https://mordheimer.net/docs/weapons-armour/close-combat,YES,,YES,"{""id"": ""weapon.claw-of-the-old-ones"", ""kind"": ""mechanic"", ""parameters"": {}}",linked,not_run,Semantic verification was not run.,,,,ready,,"Claw adds one to Strength, ignores armour and allows parrying. Draich combines two hands, Strength +2, strikes last, parry, Concussion and +1 extra to Injury when it produces a critical. Draich adds to the separate critical table: 4 becomes Master Strike, rather than a flat additional Injury point (M01).",not_assessed,not_assessed,not_run,,,implemented_pending_verification,,,,,Range: Close Combat Strength: As user +1 Special Rules No save: The blade of the Claw can literally cut through anything. A warrior wounded by a Claw receives no armour save whatsoever. Parry Swords offer an excellent balance of defence and offence. A model armed with a sword may parry blows.,weapon.claw-of-the-old-ones,,,none,,Review existing evidence; repair verification metadata or missing evidence without reimplementing the effect.,inventory,kb,,mechanic/weapon.claw-of-the-old-ones,A,weapon.claw-of-the-old-ones,binding operator 'mechanic:weapon.claw-of-the-old-ones' classified into the A family by operator prefix 'weapon.',348e0eb6bea28a306de47798ec2d8dd9ec353dd87f713bedfaf4b5ca3b3867dc,5901c7a5bf16766fd6f7fd14c59d8dcf061efcc7e12db75691ee4c153d45cae1,"[""sources/knowledge/catalog/mechanics/close-combat.yaml""]"
mechanic/weapon.cutlass,mechanic:weapons,Cutlass,catalog/mechanics/close-combat.yaml,weapons,https://mordheimer.net/docs/weapons-armour/close-combat,YES,,YES,"{""id"": ""weapon.cutlass"", ""kind"": ""mechanic"", ""parameters"": {}}",linked,not_run,Semantic verification was not run.,,,,ready,,A successful parry with Cutlass cancels the hit and immediately triggers a normal riposte. A failed parry creates no riposte.,not_assessed,not_assessed,not_run,,,implemented_pending_verification,,,,,May parry; a successful parry can trigger its counterattack mechanic.,weapon.cutlass,,,none,,Review existing evidence; repair verification metadata or missing evidence without reimplementing the effect.,inventory,kb,,mechanic/weapon.cutlass,A,weapon.cutlass,binding operator 'mechanic:weapon.cutlass' classified into the A family by operator prefix 'weapon.',aa49a9e1b9e3c1c508c553c0e6494fec27b569c9a9b3af7c16b8bd11a320bddb,c0b1c2d3617cabad8cea10e5b436b00bbc9f786fed6b764d0e993812070086c0,"[""sources/knowledge/catalog/mechanics/close-combat.yaml""]"
mechanic/weapon.dagger,mechanic:weapons,Dagger,catalog/mechanics/close-combat.yaml,weapons,https://mordheimer.net/docs/weapons-armour/close-combat,YES,,YES,"{""id"": ""weapon.dagger"", ""kind"": ""mechanic"", ""parameters"": {}}",linked,not_run,Semantic verification was not run.,,,,ready,,"gromril armour saves on 4+; dagger composes the armour target to 4 plus Strength-based modifier, penetration and target bonus. The save is ineligible when the target exceeds 6. | heavy armour saves on 5+; dagger composes the armour target to 5 plus Strength-based modifier, penetration and target bonus. The save is ineligible when the target exceeds 6. | ithilmar armour saves on 5+; dagger composes the armour target to 5 plus Strength-based modifier, penetration and target bonus. The save is ineligible when the target exceeds 6. | light armour saves on 6+; dagger composes the armour target to 6 plus Strength-based modifier, penetration and target bonus. The save is ineligible when the target exceeds 6. | no armour saves on 7+; dagger composes the armour target to 7 plus Strength-based modifier, penetration and target bonus. The save is ineligible when the target exceeds 6. | Gromril material adds -1 armour-save modifier; composed with dagger the armour target is 4+ against gromril armour. | Unarmed Fighting removes only the fist's unarmed penalties; wielding dagger the fighter attacks with the weapon's own modifier, composing the heavy armour target to 4+. | With axe main and dagger off hand, each attack applies its own armour modifier: the main attack targets 6+ and the off-hand attack targets 4+ against heavy armour. | With dagger main and katar off hand, each attack applies its own armour modifier: the main attack targets 4+ and the off-hand attack targets 6+ against heavy armour. | With dagger main and yambiya off hand, each attack applies its own armour modifier: the main attack targets 4+ and the off-hand attack targets 4+ against heavy armour. | The target receives +1 to its armour save, including a 6+ save if normally unarmoured. Attacking Strength is unchanged.",not_assessed,not_assessed,not_run,,,implemented_pending_verification,,,,,Uses normal Strength but grants the target +1 armour save.,weapon.dagger,,,none,,Review existing evidence; repair verification metadata or missing evidence without reimplementing the effect.,inventory,kb,,mechanic/weapon.dagger,A,weapon.dagger,binding operator 'mechanic:weapon.dagger' classified into the A family by operator prefix 'weapon.',89f20d878b673315e12d670e94462bc41a1447282a2d67e6e93ad7e21dd433bb,7aa087ec871699b3a5c05a8187713870e4cbead937bfc2502ad421953b3c88eb,"[""sources/knowledge/catalog/mechanics/close-combat.yaml""]"
mechanic/weapon.death-knife,mechanic:weapons,Death Knife,catalog/mechanics/close-combat.yaml,weapons,https://mordheimer.net/docs/weapons-armour/close-combat,YES,,YES,"{""id"": ""weapon.death-knife"", ""kind"": ""mechanic"", ""parameters"": {}}",linked,not_run,Semantic verification was not run.,,,,ready,,Beastlash uses Strength -1. Death Knife adds +1 Injury and ignores armour at Strength -1. Disease Dagger improves the enemy save. Censer gains Strength +2 only in the first round. Ball and Chain keeps Strength +2 and ignores armour.,not_assessed,not_assessed,not_run,,,implemented_pending_verification,,,,,"Attacks at -1 Strength, ignore armour saves and gain +1 on Injury rolls.",weapon.death-knife,,,none,,Review existing evidence; repair verification metadata or missing evidence without reimplementing the effect.,inventory,kb,,mechanic/weapon.death-knife,A,weapon.death-knife,binding operator 'mechanic:weapon.death-knife' classified into the A family by operator prefix 'weapon.',94a72378d319b0da5fa540f1288f5749c60d61dccc306d96e1c34a5b36af4ac7,567a8e4076b54b39e4a3faec3e9d983650d8048f92afcf1ff915a4c377e738d8,"[""sources/knowledge/catalog/mechanics/close-combat.yaml""]"
mechanic/weapon.disease-dagger,mechanic:weapons,Disease Dagger,catalog/mechanics/close-combat.yaml,weapons,https://mordheimer.net/docs/weapons-armour/close-combat,YES,,YES,"{""id"": ""weapon.disease-dagger"", ""kind"": ""mechanic"", ""parameters"": {}}",linked,not_run,Semantic verification was not run.,,,,ready,,Beastlash uses Strength -1. Death Knife adds +1 Injury and ignores armour at Strength -1. Disease Dagger improves the enemy save. Censer gains Strength +2 only in the first round. Ball and Chain keeps Strength +2 and ignores armour.,not_assessed,not_assessed,not_run,,,implemented_pending_verification,,,,,"Range: Close Combat Strength: As user Special Rules +1 Enemy Armour Save: Daggers are not the best weapons to use for penetrating an enemy model's armour. An enemy wounded by a dagger gains a +1 bonus to his armour save, and a 6+ armour save if he has none normally. Infecting requires a Toughness test on a natural hit 6; failure causes an additional automatic wound. Undead and Possessed are immune.",weapon.disease-dagger,,,none,,Review existing evidence; repair verification metadata or missing evidence without reimplementing the effect.,inventory,kb,,mechanic/weapon.disease-dagger,A,weapon.disease-dagger,binding operator 'mechanic:weapon.disease-dagger' classified into the A family by operator prefix 'weapon.',22a80883df96766ec56fa80ada59aba10dd6d39536cd3b35e38bb8c1982465da,e10d2e1e1c59d3d61f34774e79e615aa6d4638e622873ec17bc1f7df1886d1fe,"[""sources/knowledge/catalog/mechanics/close-combat.yaml""]"
mechanic/weapon.double-bladed-sword,mechanic:weapons,Double-Bladed Sword,catalog/mechanics/close-combat.yaml,weapons,https://mordheimer.net/docs/weapons-armour/close-combat,YES,,YES,"{""id"": ""weapon.double-bladed-sword"", ""kind"": ""mechanic"", ""parameters"": {}}",linked,not_run,Semantic verification was not run.,,,,ready,,"The Brazier's 5+ fire and Strength +1, the paired set of Brass Knuckles, the heavy unparriable package of the War Maul, and the repeated attack/parry of the Double-bladed Sword are verified separately.",not_assessed,not_assessed,not_run,,,implemented_pending_verification,,,,,Two-handed weapon granting +1 Attack and two parry attempts.,weapon.double-bladed-sword,,,none,,Review existing evidence; repair verification metadata or missing evidence without reimplementing the effect.,inventory,kb,,mechanic/weapon.double-bladed-sword,A,weapon.double-bladed-sword,binding operator 'mechanic:weapon.double-bladed-sword' classified into the A family by operator prefix 'weapon.',38ab6b653a14975a25bd81769153fc3c9f345948d178683239fc0be63513a940,8e2bca9cc38456b5ef68dfd319a4c2d81bb3e6dbc423a1ce6e4dda5f5d6c6648,"[""sources/knowledge/catalog/mechanics/close-combat.yaml""]"
mechanic/weapon.double-handed-weapon,mechanic:weapons,Double-Handed Weapon,catalog/mechanics/close-combat.yaml,weapons,https://mordheimer.net/docs/weapons-armour/close-combat,YES,,YES,"{""id"": ""weapon.double-handed-weapon"", ""kind"": ""mechanic"", ""parameters"": {}}",linked,not_run,Semantic verification was not run.,,,,ready,,"Double-handed weapons strike last even when charging; Strongman is a separate exception. | Always Strikes First's +1 cancels the double-handed weapon's -1, tying the order. | Lightning Reflexes' strike-first overrides the double-handed weapon's penalty when charged. | Strongman removes the double-handed strike-last penalty; standing up still strikes last. | +2 Strength; occupies both hands; strikes last regardless of Initiative unless Strongman removes that penalty.",not_assessed,not_assessed,not_run,,,implemented_pending_verification,,,,,"Two-handed, +2 Strength and strikes last unless Strongman applies.",weapon.double-handed-weapon,,,none,,Review existing evidence; repair verification metadata or missing evidence without reimplementing the effect.,inventory,kb,,mechanic/weapon.double-handed-weapon,A,weapon.double-handed-weapon,binding operator 'mechanic:weapon.double-handed-weapon' classified into the A family by operator prefix 'weapon.',4a82e6e60f13a7991b50a1a7f68bda842a805aa07fe983302bb0055b7398054c,bfc50ccb41e97f78a7c35a80769096278b17e501e7082db376c1aec05f0e09f1,"[""sources/knowledge/catalog/mechanics/close-combat.yaml""]"
mechanic/weapon.dragon-sword,mechanic:weapons,Dragon Sword,catalog/mechanics/close-combat.yaml,weapons,https://mordheimer.net/docs/weapons-armour/close-combat,YES,,YES,"{""id"": ""weapon.dragon-sword"", ""kind"": ""mechanic"", ""parameters"": {}}",linked,not_run,Semantic verification was not run.,,,,ready,,"Close Combat / Dragon Sword: user Strength +1; it occupies both hands and allows no shield, buckler or second weapon in melee. The protection against shooting stays outside the duel.",not_assessed,not_assessed,not_run,,,implemented_pending_verification,,,,,"Range: Close Combat Strength: As user +1 Special Rules Two-handed: A model armed with a Dragon Sword may not use a shield, buckler or additional weapon in close combat. It gets an additional +1 armour save bonus against ranged attacks if it carries a shield.",weapon.dragon-sword,,,none,,Review existing evidence; repair verification metadata or missing evidence without reimplementing the effect.,inventory,kb,,mechanic/weapon.dragon-sword,A,weapon.dragon-sword,binding operator 'mechanic:weapon.dragon-sword' classified into the A family by operator prefix 'weapon.',f3e5cdf62fd1cac7e250cc95c5aa4c100aebf9946c8e16421b5ce6627faaded1,dc03d877cfa869523fa504b61003fcb655edf73c1976316656a7c3e8ecb7a068,"[""sources/knowledge/catalog/mechanics/close-combat.yaml""]"
mechanic/weapon.draich,mechanic:weapons,Draich,catalog/mechanics/close-combat.yaml,weapons,https://mordheimer.net/docs/weapons-armour/close-combat,YES,,YES,"{""id"": ""weapon.draich"", ""kind"": ""mechanic"", ""parameters"": {}}",linked,not_run,Semantic verification was not run.,,,,ready,,"Claw adds one to Strength, ignores armour and allows parrying. Draich combines two hands, Strength +2, strikes last, parry, Concussion and +1 extra to Injury when it produces a critical. Draich adds to the separate critical table: 4 becomes Master Strike, rather than a flat additional Injury point (M01).",not_assessed,not_assessed,not_run,,,implemented_pending_verification,,,,,"Two-handed, +2 Strength, strikes last, may parry, has Concussion and adds +1 on Critical Hit tables.",weapon.draich,,,none,,Review existing evidence; repair verification metadata or missing evidence without reimplementing the effect.,inventory,kb,,mechanic/weapon.draich,A,weapon.draich,binding operator 'mechanic:weapon.draich' classified into the A family by operator prefix 'weapon.',314344790ef405fc1848ed8c9548a10d784d28ce2086386ba877fc9ee7fc7342,bfd671e0af54b38574e90e09519e802c2db13fceb06ad08bd574a7934d6378c2,"[""sources/knowledge/catalog/mechanics/close-combat.yaml""]"
mechanic/weapon.duelling-pistol,mechanic:weapons,Duelling Pistol,catalog/mechanics/close-combat.yaml,weapons,https://mordheimer.net/docs/weapons-armour/close-combat,YES,,YES,"{""id"": ""weapon.duelling-pistol"", ""kind"": ""mechanic"", ""parameters"": {}}",linked,not_run,Semantic verification was not run.,,,,ready,,Pistols fire at Strength 4 with one additional penetration point (total armour modifier -2). Their shot is limited to the first combat turn; Duelling Pistols add +1 to hit.,not_assessed,not_assessed,not_run,,,implemented_pending_verification,,,,,"As a pistol in close combat, with +1 to hit in the first round.",weapon.duelling-pistol,,,none,,Review existing evidence; repair verification metadata or missing evidence without reimplementing the effect.,inventory,kb,,mechanic/weapon.duelling-pistol,A,weapon.duelling-pistol,binding operator 'mechanic:weapon.duelling-pistol' classified into the A family by operator prefix 'weapon.',5ba7c37a25882df2806738ca178c8728e8268534e2a94b5b7c934eff3ea55f70,3a8256fb704a27f8983bf66e9b3a111cc13f1383cb66879f6df4932be1f32bce,"[""sources/knowledge/catalog/mechanics/close-combat.yaml""]"
mechanic/weapon.dwarf-axe,mechanic:weapons,Dwarf Axe,catalog/mechanics/close-combat.yaml,weapons,https://mordheimer.net/docs/weapons-armour/close-combat,YES,,YES,"{""id"": ""weapon.dwarf-axe"", ""kind"": ""mechanic"", ""parameters"": {}}",linked,not_run,Semantic verification was not run.,,,,ready,,The three weapons allow an ordinary parry. Dwarf Axe adds penetration 1; Trident strikes first only when its bearer has received a charge; Spiked Gauntlet adds no other modifiers.,not_assessed,not_assessed,not_run,,,implemented_pending_verification,,,,,"Range: Close Combat Strength: As user Special Rules Cutting Edge: Dwarf axes have an extra save modifier of -1, so a model with Strength 4 using a Dwarf axe has a -2 save modifier when he hits an opponent with the axe in close combat.",weapon.dwarf-axe,,,none,,Review existing evidence; repair verification metadata or missing evidence without reimplementing the effect.,inventory,kb,,mechanic/weapon.dwarf-axe,A,weapon.dwarf-axe,binding operator 'mechanic:weapon.dwarf-axe' classified into the A family by operator prefix 'weapon.',f7d1cca752e015faa8fb729c0c2e6d8b6d6efec9b8550fab988dae384721571d,90938a4694082fbfddfee0adc61097938a96eea07879adafd1d8b16c1acacc97,"[""sources/knowledge/catalog/mechanics/close-combat.yaml""]"
mechanic/weapon.elven-greatsword,mechanic:weapons,Elven Greatsword,catalog/mechanics/close-combat.yaml,weapons,https://mordheimer.net/docs/weapons-armour/close-combat,YES,,YES,"{""id"": ""weapon.elven-greatsword"", ""kind"": ""mechanic"", ""parameters"": {}}",linked,not_run,Semantic verification was not run.,,,,ready,,"Both weapons use two hands, add two to Strength and strike last. The Elven Greatsword allows parrying; the Great Scimitar contributes one extra penetration point.",not_assessed,not_assessed,not_run,,,implemented_pending_verification,,,,,"Two-handed, +2 Strength, strikes last and may parry.",weapon.elven-greatsword,,,none,,Review existing evidence; repair verification metadata or missing evidence without reimplementing the effect.,inventory,kb,,mechanic/weapon.elven-greatsword,A,weapon.elven-greatsword,binding operator 'mechanic:weapon.elven-greatsword' classified into the A family by operator prefix 'weapon.',df32026c9f904995e00aaf7ffb4257d0069397fc46a2861443f92e8af062c5ed,f31cabbc3de0302620eb0cf74fe1aa6686c6afa8fbc728c813aa75fb3bb47af2,"[""sources/knowledge/catalog/mechanics/close-combat.yaml""]"
mechanic/weapon.fighting-claws,mechanic:weapons,Fighting Claws,catalog/mechanics/close-combat.yaml,weapons,https://mordheimer.net/docs/weapons-armour/close-combat,YES,,YES,"{""id"": ""weapon.fighting-claws"", ""kind"": ""mechanic"", ""parameters"": {}}",linked,not_run,Semantic verification was not run.,,,,ready,,Both paired weapons grant one extra attack and one parry. Weeping Blades carries Black Lotus; Fighting Claws does not modify wounds in the duel.,not_assessed,not_assessed,not_run,,,implemented_pending_verification,,,,,"Range: Close Combat Strength: As user Special Rules Pair: Fighting Claws are traditionally used in pairs, one in each hand. A warrior armed with Fighting Claws gets an additional attack. Climb A Skaven equipped with Fighting Claws can add +1 to his Initiative when making Climbing tests.",weapon.fighting-claws,,,none,,Review existing evidence; repair verification metadata or missing evidence without reimplementing the effect.,inventory,kb,,mechanic/weapon.fighting-claws,A,weapon.fighting-claws,binding operator 'mechanic:weapon.fighting-claws' classified into the A family by operator prefix 'weapon.',2c9ed596f2bad07aa0eb500292472de854d23ac0d6f49ad580f18704068fe17b,36a1719c0e37275171de2b31d88e9a73a090c0d9abf704d813501fcec5a672d0,"[""sources/knowledge/catalog/mechanics/close-combat.yaml""]"
mechanic/weapon.fist,mechanic:weapons,Fist,catalog/mechanics/close-combat.yaml,weapons,https://mordheimer.net/docs/weapons-armour/close-combat,YES,,YES,"{""id"": ""weapon.fist"", ""kind"": ""mechanic"", ""parameters"": {}}",linked,not_run,Semantic verification was not run.,,,,ready,,"Natural Attacks uses the profile's Strength and number of attacks without penalty or off hand. Fist limits to one attack, applies Strength -1 and improves the target's save by one, creating 6+ if it had no armour.",not_assessed,not_assessed,not_run,,,implemented_pending_verification,,,,,Unarmed: Strength as user -1; at most 1 Attack; the target gains +1 armour save or a 6+ save if it had none.,weapon.fist,,,none,,Review existing evidence; repair verification metadata or missing evidence without reimplementing the effect.,inventory,kb,,mechanic/weapon.fist,A,weapon.fist,binding operator 'mechanic:weapon.fist' classified into the A family by operator prefix 'weapon.',add3d1ca5bacf36306525cd8729a5d7b2a24b2d3168f3bbbcf9a3dc794846f91,f8372811fde98f26e637e1c826b7848b813f9af53e2088c2568cfcef698bfc77,"[""sources/knowledge/catalog/mechanics/close-combat.yaml""]"
mechanic/weapon.flail,mechanic:weapons,Flail,catalog/mechanics/close-combat.yaml,weapons,https://mordheimer.net/docs/weapons-armour/close-combat,YES,,YES,"{""id"": ""weapon.flail"", ""kind"": ""mechanic"", ""parameters"": {}}",linked,not_run,Semantic verification was not run.,,,,ready,,"Apply the independently specified Strength contributions before wounding. Resilient reduces only wounding Strength, not armour Strength; charging/first-round bonuses expire as stated. | Two-handed: no simultaneous off-hand equipment. +2 Strength in the first combat round only.",not_assessed,not_assessed,not_run,,,implemented_pending_verification,,,,,Two-handed; +2 Strength in the first round only.,weapon.flail,,,none,,Review existing evidence; repair verification metadata or missing evidence without reimplementing the effect.,inventory,kb,,mechanic/weapon.flail,A,weapon.flail,binding operator 'mechanic:weapon.flail' classified into the A family by operator prefix 'weapon.',3bd8d63a5a2cddbc89f439c8917902a9000a583033e6974fb09de3cea5b9ef87,bb6662258015a2a687b335e1b5d8c3a042af4b3dc70a4658d938a57d56f8e377,"[""sources/knowledge/catalog/mechanics/close-combat.yaml""]"
mechanic/weapon.great-scimitar,mechanic:weapons,Great Scimitar,catalog/mechanics/close-combat.yaml,weapons,https://mordheimer.net/docs/weapons-armour/close-combat,YES,,YES,"{""id"": ""weapon.great-scimitar"", ""kind"": ""mechanic"", ""parameters"": {}}",linked,not_run,Semantic verification was not run.,,,,ready,,"Both weapons use two hands, add two to Strength and strike last. The Elven Greatsword allows parrying; the Great Scimitar contributes one extra penetration point.",not_assessed,not_assessed,not_run,,,implemented_pending_verification,,,,,"Two-handed, +2 Strength, strikes last and applies an additional -1 armour-save modifier.",weapon.great-scimitar,,,none,,Review existing evidence; repair verification metadata or missing evidence without reimplementing the effect.,inventory,kb,,mechanic/weapon.great-scimitar,A,weapon.great-scimitar,binding operator 'mechanic:weapon.great-scimitar' classified into the A family by operator prefix 'weapon.',226d7c2d3ce3a630d79177917c60efdbf0415842ba690a415b949cbc5fdc5e96,7573bb06d7e0d14dcd01c30ce76c6cc7d758b8be2c26bb67152cf53c4dae4c13,"[""sources/knowledge/catalog/mechanics/close-combat.yaml""]"
mechanic/weapon.halberd,mechanic:weapons,Halberd,catalog/mechanics/close-combat.yaml,weapons,https://mordheimer.net/docs/weapons-armour/close-combat,YES,,YES,"{""id"": ""weapon.halberd"", ""kind"": ""mechanic"", ""parameters"": {}}",linked,not_run,Semantic verification was not run.,,,,ready,,"Apply the independently specified Strength contributions before wounding. Resilient reduces only wounding Strength, not armour Strength; charging/first-round bonuses expire as stated. | Two-handed: no simultaneous off-hand equipment. +1 Strength on every attack.",not_assessed,not_assessed,not_run,,,implemented_pending_verification,,,,,Two-handed weapon granting +1 Strength.,weapon.halberd,,,none,,Review existing evidence; repair verification metadata or missing evidence without reimplementing the effect.,inventory,kb,,mechanic/weapon.halberd,A,weapon.halberd,binding operator 'mechanic:weapon.halberd' classified into the A family by operator prefix 'weapon.',39fb9072bc528eb5fe0e205978419a1e134d6027b2a915adc45912d05fd37038,502b4bc9c7bcf221974d164e43f89ccf86bb23603b7f35fb6a343fe63d5f13d8,"[""sources/knowledge/catalog/mechanics/close-combat.yaml""]"
mechanic/weapon.hellblade,mechanic:weapons,Hellblade,catalog/mechanics/close-combat.yaml,weapons,https://mordheimer.net/docs/warbands/grade-1b-warbands/khorne-raiders,YES,,YES,"{""id"": ""weapon.hellblade"", ""kind"": ""mechanic"", ""parameters"": {}}",linked,not_run,Semantic verification was not run.,,,,ready,,,not_assessed,not_assessed,not_run,,,implemented_pending_verification,,,,,"Cost 35 gc, Availability Rare 8. A rare blade charged with the power of Khorne himself. Range: Close Combat; Strength: As user +1; Special Rules: Soulseeking, Two-handed, Deadly, Magical. Soulseeking: all attacks made with a Hellblade are at +1 To Hit; this does not work on Undead or Demon models. Two-handed: a model armed with a Hellblade may not use a shield, buckler or additional weapon in close combat; if the model has a shield he still gets a +1 bonus to his armour save against shooting. Deadly: a Hellblade causes critical hits on rolls of 5 or 6; this rule does not apply if the warrior requires 5s or higher to wound. Magical: all attacks from a Hellblade count as Magical; a Hellblade cannot be made of Gromril, Ithilmar or similar mortal metals.",weapon.hellblade,,,none,,Review existing evidence; repair verification metadata or missing evidence without reimplementing the effect.,inventory,kb,,mechanic/weapon.hellblade,A,weapon.hellblade,binding operator 'mechanic:weapon.hellblade' classified into the A family by operator prefix 'weapon.',2946e8b393931d11bf6ef41ab1085cc70b9a111aeb154c463f287419e1885ff0,7277c1dc7d9df83f93d1af176a9b0aa4e3a7844caec2ef5e2346e98d6f944f19,"[""sources/knowledge/catalog/mechanics/close-combat.yaml""]"
mechanic/weapon.kanabo,mechanic:weapons,Kanabo,catalog/mechanics/close-combat.yaml,weapons,https://mordheimer.net/docs/warbands/grade-2a-warbands/nipponese-expedition,YES,,YES,"{""id"": ""weapon.kanabo"", ""kind"": ""mechanic"", ""parameters"": {}}",linked,not_run,Semantic verification was not run.,,,,ready,,,not_assessed,not_assessed,not_run,,,implemented_pending_verification,,,,,"Adds +1 Strength, uses two hands and has Concussion.",weapon.kanabo,,,none,,Review existing evidence; repair verification metadata or missing evidence without reimplementing the effect.,inventory,kb,,mechanic/weapon.kanabo,A,weapon.kanabo,binding operator 'mechanic:weapon.kanabo' classified into the A family by operator prefix 'weapon.',23c5f52cd910e5d1eb1899e497a2a15e4592f843c3dbb78ea2390f9427957aed,919c9566942d66356085a914d05f5275655446c8cd828231c2090b5cf9716882,"[""sources/knowledge/catalog/mechanics/close-combat.yaml""]"
mechanic/weapon.katana,mechanic:weapons,Katana,catalog/mechanics/close-combat.yaml,weapons,https://broheim.net/downloads/warbands/supplement/sartosa/Pirates%20of%20the%20Cathayan%20Sea.pdf,YES,,YES,"{""id"": ""weapon.katana"", ""kind"": ""mechanic"", ""parameters"": {}}",linked,not_run,Semantic verification was not run.,,,,ready,,,not_assessed,not_assessed,not_run,,,implemented_pending_verification,,,,,"Adds +1 Strength, uses two hands and may parry.",weapon.katana,,,none,,Review existing evidence; repair verification metadata or missing evidence without reimplementing the effect.,inventory,kb,,mechanic/weapon.katana,A,weapon.katana,binding operator 'mechanic:weapon.katana' classified into the A family by operator prefix 'weapon.',5bd336072203f57977451f96b9aebaedccb73983f40fc77457b01cb673f11700,f4dd7d1a1ddcdf64619a3a855ac33963b50dbee726f890c310bb3acfc2fad590,"[""sources/knowledge/catalog/mechanics/close-combat.yaml""]"
mechanic/weapon.katar,mechanic:weapons,Katar,catalog/mechanics/close-combat.yaml,weapons,https://mordheimer.net/docs/weapons-armour/close-combat,YES,,YES,"{""id"": ""weapon.katar"", ""kind"": ""mechanic"", ""parameters"": {}}",linked,not_run,Semantic verification was not run.,,,,ready,,"gromril armour saves on 4+; katar composes the armour target to 4 plus Strength-based modifier, penetration and target bonus. The save is ineligible when the target exceeds 6. | heavy armour saves on 5+; katar composes the armour target to 5 plus Strength-based modifier, penetration and target bonus. The save is ineligible when the target exceeds 6. | ithilmar armour saves on 5+; katar composes the armour target to 5 plus Strength-based modifier, penetration and target bonus. The save is ineligible when the target exceeds 6. | light armour saves on 6+; katar composes the armour target to 6 plus Strength-based modifier, penetration and target bonus. The save is ineligible when the target exceeds 6. | no armour saves on 7+; katar composes the armour target to 7 plus Strength-based modifier, penetration and target bonus. The save is ineligible when the target exceeds 6. | Unarmed Fighting removes only the fist's unarmed penalties; wielding katar the fighter attacks with the weapon's own modifier, composing the heavy armour target to 6+. | With dagger main and katar off hand, each attack applies its own armour modifier: the main attack targets 4+ and the off-hand attack targets 6+ against heavy armour. | With katar main and yambiya off hand, each attack applies its own armour modifier: the main attack targets 6+ and the off-hand attack targets 4+ against heavy armour. | One additional armour-save penalty worsens a 4+ save to 5+ at Strength 3. It does not increase attacking Strength.",not_assessed,not_assessed,not_run,,,implemented_pending_verification,,,,,Range: Close Combat Strength: As user Special Rules -1 enemy armour save: Target gets -1 to armour save,weapon.katar,,,none,,Review existing evidence; repair verification metadata or missing evidence without reimplementing the effect.,inventory,kb,,mechanic/weapon.katar,A,weapon.katar,binding operator 'mechanic:weapon.katar' classified into the A family by operator prefix 'weapon.',f6f8ae38deb29c463d71fe698bde458741e1c18ef518f777fa034dd1eef717e5,d4a966022423accd86b1e7209eb44095d235306f0c55035c5f3f4d946e38541d,"[""sources/knowledge/catalog/mechanics/close-combat.yaml""]"
mechanic/weapon.knuckledusters,mechanic:weapons,Knuckledusters,catalog/mechanics/close-combat.yaml,weapons,https://broheim.net/downloads/warbands/supplement/mutinyinmarienburg/Low%20Kings.pdf,YES,,YES,"{""id"": ""weapon.knuckledusters"", ""kind"": ""mechanic"", ""parameters"": {}}",linked,not_run,Semantic verification was not run.,,,,ready,,,not_assessed,not_assessed,not_run,,,implemented_pending_verification,,,,,Uses normal Strength; the pair grants one additional Attack.,weapon.knuckledusters,,,none,,Review existing evidence; repair verification metadata or missing evidence without reimplementing the effect.,inventory,kb,,mechanic/weapon.knuckledusters,A,weapon.knuckledusters,binding operator 'mechanic:weapon.knuckledusters' classified into the A family by operator prefix 'weapon.',425f09148399c1b612571f53f08ae0f5f4541e8b7a4c1429f2baf6533cd63953,f202746f19b25895f2ffc7d6a94dcf96612c671d9b8a17432f6b52ec561cb215,"[""sources/knowledge/catalog/mechanics/close-combat.yaml""]"
mechanic/weapon.kusara-kama,mechanic:weapons,Kusara Kama,catalog/mechanics/close-combat.yaml,weapons,https://mordheimer.net/docs/weapons-armour/close-combat,YES,,YES,"{""id"": ""weapon.kusara-kama"", ""kind"": ""mechanic"", ""parameters"": {}}",linked,not_run,Semantic verification was not run.,,,,ready,,"Chained Squig fixes Strength 3, strikes first, cannot be parried and entangles on a hit. Squig Prodder strikes first. Kusara-kama removes one attack after a 5+ hit. Long Boat Hook has Strength -1 and priority only in the first round.",not_assessed,not_assessed,not_run,,,implemented_pending_verification,,,,,"Two-handed with an extra -1 armour modifier. A hit of 5+ hampers the chosen enemy weapon and removes one attack, to a minimum of one, until the start of the wielder's next close-combat phase.",weapon.kusara-kama,,,none,,Review existing evidence; repair verification metadata or missing evidence without reimplementing the effect.,inventory,kb,,mechanic/weapon.kusara-kama,A,weapon.kusara-kama,binding operator 'mechanic:weapon.kusara-kama' classified into the A family by operator prefix 'weapon.',c111a002617fc9511779a7c906eff2f2cb09e76e6a931b33645dc70507debbe1,5a3e04e255636f20e8eb2c677e7b8adeca280a0249f7772c2eb3fb1f8dc3267b,"[""sources/knowledge/catalog/mechanics/close-combat.yaml""]"
mechanic/weapon.long-boat-hook,mechanic:weapons,Long Boat Hook,catalog/mechanics/close-combat.yaml,weapons,https://mordheimer.net/docs/weapons-armour/close-combat,YES,,YES,"{""id"": ""weapon.long-boat-hook"", ""kind"": ""mechanic"", ""parameters"": {}}",linked,not_run,Semantic verification was not run.,,,,ready,,"Chained Squig fixes Strength 3, strikes first, cannot be parried and entangles on a hit. Squig Prodder strikes first. Kusara-kama removes one attack after a 5+ hit. Long Boat Hook has Strength -1 and priority only in the first round.",not_assessed,not_assessed,not_run,,,implemented_pending_verification,,,,,"Range: Close Combat Strength: As user -1 Special Rules Strike First: Boat Hooks are used in Close Combat. They allow the user to Strike First in the first round of any close combat, no matter which model charged, but require both hands to use.",weapon.long-boat-hook,,,none,,Review existing evidence; repair verification metadata or missing evidence without reimplementing the effect.,inventory,kb,,mechanic/weapon.long-boat-hook,A,weapon.long-boat-hook,binding operator 'mechanic:weapon.long-boat-hook' classified into the A family by operator prefix 'weapon.',06ace65ba7d2e6c18ddd805bbcc4ec3ee59410d1a9901422578cae88870baf15,7f6839fe481fe5802d5aebcefc65202650fe8f35f8eea3e322172bf2f959c69a,"[""sources/knowledge/catalog/mechanics/close-combat.yaml""]"
mechanic/weapon.long-daggers,mechanic:weapons,Long Daggers,catalog/mechanics/close-combat.yaml,weapons,https://broheim.net/downloads/warbands/supplement/sealedcity/Silent%20Brotherhood.pdf,YES,,YES,"{""id"": ""weapon.long-daggers"", ""kind"": ""mechanic"", ""parameters"": {}}",linked,not_run,Semantic verification was not run.,,,,ready,,,not_assessed,not_assessed,not_run,,,implemented_pending_verification,,,,,Uses normal Strength; the pair grants one additional Attack and can parry as a sword.,weapon.long-daggers,,,none,,Review existing evidence; repair verification metadata or missing evidence without reimplementing the effect.,inventory,kb,,mechanic/weapon.long-daggers,A,weapon.long-daggers,binding operator 'mechanic:weapon.long-daggers' classified into the A family by operator prefix 'weapon.',1d0f1f6c3777d406b43d1b6dcccc3c300f5e4b085ef9d45d7403244f9931e72c,6b8d9d7bef02dab7ae4610d6c30138469c8a6eb6d5277ac80bc51684d0e0fce5,"[""sources/knowledge/catalog/mechanics/close-combat.yaml""]"
mechanic/weapon.mace,mechanic:weapons,Mace,catalog/mechanics/close-combat.yaml,weapons,https://mordheimer.net/docs/weapons-armour/close-combat,YES,,YES,"{""id"": ""weapon.mace"", ""kind"": ""mechanic"", ""parameters"": {}}",linked,not_run,Semantic verification was not run.,,,,ready,,"Track why Knocked Down was produced: No Pain conversions must not be cancelled by Jump Up after the table or Concussion has selected Stunned. | The basic critical table is rolled independently. This composition chooses Master Strike (5), two wounds with armour ignored and +2 Injury. The boundary is an ordinary wound. See docs/modular-remediation.md, M01. | Mace Concussion turns Injury faces 2-4 into Stunned after the table. | Mace Concussion turns face 2 into Stunned; the cooking pot helmet may then convert it on 5+. | Mace Concussion turns face 2 into Stunned; the helmet may then convert it on 4+. | Wicked Edge changes the stun boundary rather than adding an Injury modifier. Other Injury modifiers and Hard to Kill retain their own thresholds. Source review M14. | With Mace and Head Crusher both on the attacker, face 1 is promoted to Stunned (Concussion only covers 2-4). | Knife Fighting adds +1 to the dagger's injuries; the off-hand Mace keeps its own Concussion table. | Strike to Injure's +1 pushes face 1 to total 2, which Mace Concussion turns into Stunned. | Mace and Stone Axe both use the club table: every attack carrying either weapon turns Injury faces 2-4 into Stunned. | Apply the printed injury table, then Concussion/No Pain/Jump Up with their explicit exceptions. Every original D6 face has an independent expected final state. | Mace Concussion turns face 2 into Stunned; Thick Skull may then convert that result on 3+. | Concussion changes injury face 2 from Knocked Down to Stunned; faces 3-4 remain Stunned, and 5-6 Out.",not_assessed,not_assessed,not_run,,,implemented_pending_verification,,,,,Uses normal Strength and has Concussion on Injury rolls of 2-4.,weapon.mace,,,none,,Review existing evidence; repair verification metadata or missing evidence without reimplementing the effect.,inventory,kb,,mechanic/weapon.mace,A,weapon.mace,binding operator 'mechanic:weapon.mace' classified into the A family by operator prefix 'weapon.',9341ef69afdca1ab7e660d647f8e8a518d4fc03646b8a09c72c89f37a147cf8e,a62704241eca6a467656ed21b0856c31c94584e0642525fb36f23b44324e4a77,"[""sources/knowledge/catalog/mechanics/close-combat.yaml""]"
mechanic/weapon.misericordia,mechanic:weapons,Misericordia,catalog/mechanics/close-combat.yaml,weapons,https://mordheimer.net/docs/weapons-armour/close-combat,YES,,YES,"{""id"": ""weapon.misericordia"", ""kind"": ""mechanic"", ""parameters"": {}}",linked,not_run,Semantic verification was not run.,,,,ready,,"Misericordia, Enemy armour save. User Strength and enemy save improved by one; without armour it gets 6+. Derived distributions counting faces of the D6.",not_assessed,not_assessed,not_run,,,implemented_pending_verification,,,,,"Range: Close Combat Strength: As user Special Rules +1 Enemy armour save: Daggers are not the best weapons to use for penetrating an enemy model's armour. An enemy wounded by a dagger gains a +1 bonus to his armour save, and a 6+ armour save if he has none normally.",weapon.misericordia,,,none,,Review existing evidence; repair verification metadata or missing evidence without reimplementing the effect.,inventory,kb,,mechanic/weapon.misericordia,A,weapon.misericordia,binding operator 'mechanic:weapon.misericordia' classified into the A family by operator prefix 'weapon.',9ca2f75d56cb5724d228f41a7df3e1b16f590ce606dffb12dc274a47b048e6e1,ad55d3eb07cadcf9ec298a2b2ebddad781d0c9a46d34c16486a7aa3eeb195081,"[""sources/knowledge/catalog/mechanics/close-combat.yaml""]"
mechanic/weapon.morning-star,mechanic:weapons,Morning Star,catalog/mechanics/close-combat.yaml,weapons,https://mordheimer.net/docs/weapons-armour/close-combat,YES,,YES,"{""id"": ""weapon.morning-star"", ""kind"": ""mechanic"", ""parameters"": {}}",linked,not_run,Semantic verification was not run.,,,,ready,,Morning Star adds one to Strength only during the first round and accepts no other weapon in the off hand.,not_assessed,not_assessed,not_run,,,implemented_pending_verification,,,,,+1 Strength in the first round; cannot be combined with another weapon.,weapon.morning-star,,,none,,Review existing evidence; repair verification metadata or missing evidence without reimplementing the effect.,inventory,kb,,mechanic/weapon.morning-star,A,weapon.morning-star,binding operator 'mechanic:weapon.morning-star' classified into the A family by operator prefix 'weapon.',dcfe96b55a3f305aae0c355f071f8abf88142119d9eb809d742197f75b761a25,9c11bb556450d326aed5ca7c4abf7fd14eaec29acbda2f11e185493f31767c57,"[""sources/knowledge/catalog/mechanics/close-combat.yaml""]"
mechanic/weapon.natural-attacks,mechanic:weapons,Natural Attacks,catalog/mechanics/close-combat.yaml,weapons,https://mordheimer.net/docs/weapons-armour/close-combat,YES,,YES,"{""id"": ""weapon.natural-attacks"", ""kind"": ""mechanic"", ""parameters"": {}}",linked,not_run,Semantic verification was not run.,,,,ready,,"Natural Attacks uses the profile's Strength and number of attacks without penalty or off hand. Fist limits to one attack, applies Strength -1 and improves the target's save by one, creating 6+ if it had no armour.",not_assessed,not_assessed,not_run,,,implemented_pending_verification,,,,,Innate attacks using the model's profile; no off-hand weapon is available.,weapon.natural-attacks,,,none,,Review existing evidence; repair verification metadata or missing evidence without reimplementing the effect.,inventory,kb,,mechanic/weapon.natural-attacks,A,weapon.natural-attacks,binding operator 'mechanic:weapon.natural-attacks' classified into the A family by operator prefix 'weapon.',d58f5fd4d48299a0df5d10be6949b310d1cf799b6f22b9010b8a4172cead3d49,60e0f5d6295e843cbaaeabe1910f8de648653a9310ca5f8e9f3aa03b3950fe04,"[""sources/knowledge/catalog/mechanics/close-combat.yaml""]"
mechanic/weapon.pike,mechanic:weapons,Pike,catalog/mechanics/close-combat.yaml,weapons,https://mordheimer.net/docs/weapons-armour/close-combat,YES,,YES,"{""id"": ""weapon.pike"", ""kind"": ""mechanic"", ""parameters"": {}}",linked,not_run,Semantic verification was not run.,,,,ready,,"Spear, Pike and Ankus occupy the strike-first layer in the first round; the Spear's strike-first applies only in the first turn of combat, after which it follows ordinary order. Pike uses two hands without modifying Strength; Ankus additionally keeps Concussion. A charging enemy shares the first-strike tier: compare Initiative, not a special spear tier.",not_assessed,not_assessed,not_run,,,implemented_pending_verification,,,,,Two-handed weapon that strikes first; uses the wielder's Strength.,weapon.pike,,,none,,Review existing evidence; repair verification metadata or missing evidence without reimplementing the effect.,inventory,kb,,mechanic/weapon.pike,A,weapon.pike,binding operator 'mechanic:weapon.pike' classified into the A family by operator prefix 'weapon.',6ca6cfef2ffa757e475849f8e97fbfdc1843ce4809bd478448fafae6207619a4,de2ad695009fa2294bb1324382589a892b5ebe6ca6b77af642976b2346794571,"[""sources/knowledge/catalog/mechanics/close-combat.yaml""]"
mechanic/weapon.pirate-scourge,mechanic:weapons,Pirate Scourge,catalog/mechanics/close-combat.yaml,weapons,https://mordheimer.net/docs/weapons-armour/close-combat,YES,,YES,"{""id"": ""weapon.pirate-scourge"", ""kind"": ""mechanic"", ""parameters"": {}}",linked,not_run,Semantic verification was not run.,,,,ready,,"Both attacks ignore parries completely. They modify neither Strength, damage nor the to-wound roll.",not_assessed,not_assessed,not_run,,,implemented_pending_verification,,,,,"Range: Close Combat Strength: As user Special Rules Cannot be parried: Like the Steel Whips of the Sisterhood, Cats cannot be parried by swords or bucklers. Weak grants +1 enemy armour save, including 6+ if unarmoured. Whipcrack grants one bonus attack when charging or charged; only that bonus strikes first when charged.",weapon.pirate-scourge,,,none,,Review existing evidence; repair verification metadata or missing evidence without reimplementing the effect.,inventory,kb,,mechanic/weapon.pirate-scourge,A,weapon.pirate-scourge,binding operator 'mechanic:weapon.pirate-scourge' classified into the A family by operator prefix 'weapon.',655c9f11b5a3ed04642de0be7ac5d4a8a01de78ad74baef742904417cc90767f,33f12a2ed406c4af94c0ce0d3c2e14765455c8bd26475ed7e784335e516955a1,"[""sources/knowledge/catalog/mechanics/close-combat.yaml""]"
mechanic/weapon.pistol,mechanic:weapons,Pistol,catalog/mechanics/close-combat.yaml,weapons,https://mordheimer.net/docs/weapons-armour/close-combat,YES,,YES,"{""id"": ""weapon.pistol"", ""kind"": ""mechanic"", ""parameters"": {}}",linked,not_run,Semantic verification was not run.,,,,ready,,Pistols fire at Strength 4 with one additional penetration point (total armour modifier -2). Their shot is limited to the first combat turn; Duelling Pistols add +1 to hit.,not_assessed,not_assessed,not_run,,,implemented_pending_verification,,,,,Close-combat use only: one Strength 4 shot in the first round with an additional -2 armour-save modifier.,weapon.pistol,,,none,,Review existing evidence; repair verification metadata or missing evidence without reimplementing the effect.,inventory,kb,,mechanic/weapon.pistol,A,weapon.pistol,binding operator 'mechanic:weapon.pistol' classified into the A family by operator prefix 'weapon.',942ec3c7965c2c9d0982cce303a3ce558f11d656b699e3ac56ac4bc0f6bd63c4,2fd4646f0f6a808058317d6e4ec4baf398a6f854a10f2367e903a4ffbed9775e,"[""sources/knowledge/catalog/mechanics/close-combat.yaml""]"
mechanic/weapon.poisoned-daggers,mechanic:weapons,Poisoned Daggers,catalog/mechanics/close-combat.yaml,weapons,https://mordheimer.net/docs/weapons-armour/close-combat,YES,,YES,"{""id"": ""weapon.poisoned-daggers"", ""kind"": ""mechanic"", ""parameters"": {}}",linked,not_run,Semantic verification was not run.,,,,ready,,Poisoned Daggers are used as a paired set and apply the Black Lotus mechanism. Poison immunity removes the automatic wound but not the extra attack.,not_assessed,not_assessed,not_run,,,implemented_pending_verification,,,,,"Range: Close Combat Strength: As user Special Rules Paired: Poisoned Daggers are traditionally used in pairs, one in each hand. A warrior armed with Poisoned Daggers gets an additional attack. Poisoned These blades are coated in Death Cap Mushroom juice.",weapon.poisoned-daggers,,,none,,Review existing evidence; repair verification metadata or missing evidence without reimplementing the effect.,inventory,kb,,mechanic/weapon.poisoned-daggers,A,weapon.poisoned-daggers,binding operator 'mechanic:weapon.poisoned-daggers' classified into the A family by operator prefix 'weapon.',985efa03455adf45ab015423bb1b8ae397dc3dde4f7518a7626b9f5e4cec18a0,1448dfdb6982ea7d12012c0330164637dff3ccb0b3842dd814884857a55dd86f,"[""sources/knowledge/catalog/mechanics/close-combat.yaml""]"
mechanic/weapon.pry-bar,mechanic:weapons,Pry Bar,catalog/mechanics/close-combat.yaml,weapons,https://mordheimer.net/docs/warbands/grade-2a-warbands/grave-robbers,YES,,YES,"{""id"": ""weapon.pry-bar"", ""kind"": ""mechanic"", ""parameters"": {}}",linked,not_run,Semantic verification was not run.,,,,ready,,,not_assessed,not_assessed,not_run,,,implemented_pending_verification,,,,,"Uses normal Strength, Concussion and Parry.",weapon.pry-bar,,,none,,Review existing evidence; repair verification metadata or missing evidence without reimplementing the effect.,inventory,kb,,mechanic/weapon.pry-bar,A,weapon.pry-bar,binding operator 'mechanic:weapon.pry-bar' classified into the A family by operator prefix 'weapon.',dc22f1e597a196b7ca042537e05809ea2771352ac008dbe2ba17ea15386b95a7,22bcac0b3bdded017df57b90ff594c813d211b2cdf87e83c404ff7ec8cefb098,"[""sources/knowledge/catalog/mechanics/close-combat.yaml""]"
mechanic/weapon.quarter-staff,mechanic:weapons,Quarter Staff,catalog/mechanics/close-combat.yaml,weapons,https://mordheimer.net/docs/weapons-armour/close-combat,YES,,YES,"{""id"": ""weapon.quarter-staff"", ""kind"": ""mechanic"", ""parameters"": {}}",linked,not_run,Semantic verification was not run.,,,,ready,,"Quarter Staff, Balanced. +1 Initiative in combat modifies the tie-break within the priority layer; it does not grant striking first nor increase Strength.",not_assessed,not_assessed,not_run,,,implemented_pending_verification,,,,,Range: Close Combat Strength: As user Special Rules Balanced: A quarter staff is especially light and easy to wield. A model armed with a fighting staff gets +1 Initiative in close combat.,weapon.quarter-staff,,,none,,Review existing evidence; repair verification metadata or missing evidence without reimplementing the effect.,inventory,kb,,mechanic/weapon.quarter-staff,A,weapon.quarter-staff,binding operator 'mechanic:weapon.quarter-staff' classified into the A family by operator prefix 'weapon.',81d535d9f8b49fd8a4b18deb3f2f2e02d3e105cf622162fe84579b9ffa4a6199,2b38c357f15f6fdfa5b09d2a5a8013b919854e430771a0294ea5b1a4bb74188d,"[""sources/knowledge/catalog/mechanics/close-combat.yaml""]"
mechanic/weapon.rapier,mechanic:weapons,Rapier,catalog/mechanics/close-combat.yaml,weapons,https://mordheimer.net/docs/weapons-armour/close-combat,YES,,YES,"{""id"": ""weapon.rapier"", ""kind"": ""mechanic"", ""parameters"": {}}",linked,not_run,Semantic verification was not run.,,,,ready,,"Rapier uses user Strength, parries and grants the enemy +1 armour. After each failed wound Barrage may continue with a cumulative -1 hit penalty, capped at 6 to hit.",not_assessed,not_assessed,not_run,,,implemented_pending_verification,,,,,"May parry; uses the wielder's Strength and grants +1 enemy armour save. Barrage allows further attacks after a hit fails to wound, each at -1 to hit, capped at needing 6.",weapon.rapier,,,none,,Review existing evidence; repair verification metadata or missing evidence without reimplementing the effect.,inventory,kb,,mechanic/weapon.rapier,A,weapon.rapier,binding operator 'mechanic:weapon.rapier' classified into the A family by operator prefix 'weapon.',e1649a8cb04237d9c14e71ce4dd2cd001940c06e20c4365aaa1c0770b3a3a247,16afcb83c30a21e8183be2f3a1fcc1e3a09f404654c8ead57d22439db648d67c,"[""sources/knowledge/catalog/mechanics/close-combat.yaml""]"
mechanic/weapon.scimitar,mechanic:weapons,Scimitar,catalog/mechanics/close-combat.yaml,weapons,https://mordheimer.net/docs/weapons-armour/close-combat,YES,,YES,"{""id"": ""weapon.scimitar"", ""kind"": ""mechanic"", ""parameters"": {}}",linked,not_run,Semantic verification was not run.,,,,ready,,"The three weapons add one penetration point. Scythe uses two hands, Scimitar allows parrying and Bagh Nakh is paired and adds one to Strength.",not_assessed,not_assessed,not_run,,,implemented_pending_verification,,,,,May parry and applies an additional -1 armour-save modifier.,weapon.scimitar,,,none,,Review existing evidence; repair verification metadata or missing evidence without reimplementing the effect.,inventory,kb,,mechanic/weapon.scimitar,A,weapon.scimitar,binding operator 'mechanic:weapon.scimitar' classified into the A family by operator prefix 'weapon.',2891c9cb0f84efe0f4d807a456a1ea3366229f998b87d3c3894b9fda43524503,f9eb1206074b806e32c085a7e40fed4d2235c383acd5f37f385e31f7b948420c,"[""sources/knowledge/catalog/mechanics/close-combat.yaml""]"
mechanic/weapon.scythe,mechanic:weapons,Scythe,catalog/mechanics/close-combat.yaml,weapons,https://mordheimer.net/docs/weapons-armour/close-combat,YES,,YES,"{""id"": ""weapon.scythe"", ""kind"": ""mechanic"", ""parameters"": {}}",linked,not_run,Semantic verification was not run.,,,,ready,,"The three weapons add one penetration point. Scythe uses two hands, Scimitar allows parrying and Bagh Nakh is paired and adds one to Strength.",not_assessed,not_assessed,not_run,,,implemented_pending_verification,,,,,Two-handed weapon with an additional -1 armour-save modifier.,weapon.scythe,,,none,,Review existing evidence; repair verification metadata or missing evidence without reimplementing the effect.,inventory,kb,,mechanic/weapon.scythe,A,weapon.scythe,binding operator 'mechanic:weapon.scythe' classified into the A family by operator prefix 'weapon.',9936c63bf4ee0c48e9ddc82af902b76dd87f7fa067eca461d652d552a0e7f173,cf710e9a3db700cb5422aaec4482a7f21dc29c9df1b83b3f0106369748a5cc93,"[""sources/knowledge/catalog/mechanics/close-combat.yaml""]"
mechanic/weapon.serpent-staff,mechanic:weapons,Serpent Staff,catalog/mechanics/close-combat.yaml,weapons,https://mordheimer.net/docs/weapons-armour/close-combat,YES,,YES,"{""id"": ""weapon.serpent-staff"", ""kind"": ""mechanic"", ""parameters"": {}}",linked,not_run,Semantic verification was not run.,,,,ready,,"Ordinary mode uses user Strength, two hands and parry. The complete source also offers one WS4/S4 strike-first attack replacing normal attacks and parries; the old incorporated text was truncated. See M27 and the round regression test.",not_assessed,not_assessed,not_run,,,implemented_pending_verification,,,,,"Range: Close Combat Strength: As user Special Rules Parry: The staff is used with two hands and may be used to Parry. However, the Liche Priest may forgo all his normal attacks and parries in a round to use the power contained within the staff. The animated staff makes one WS4 S4 attack that strikes first, replacing all normal attacks and parries for that round.",weapon.serpent-staff,,,none,,Review existing evidence; repair verification metadata or missing evidence without reimplementing the effect.,inventory,kb,,mechanic/weapon.serpent-staff,A,weapon.serpent-staff,binding operator 'mechanic:weapon.serpent-staff' classified into the A family by operator prefix 'weapon.',166ae5b1a6227395f19a3732c1061e3afaabe6ca18b6122bb1f4b72565f0a4be,1821528de6a08ea3786b4d15df7f56cec605fc12a21841fa9a0b55fb4b7eb394,"[""sources/knowledge/catalog/mechanics/close-combat.yaml""]"
mechanic/weapon.serpent-whip,mechanic:weapons,Serpent Whip,catalog/mechanics/close-combat.yaml,weapons,https://mordheimer.net/docs/weapons-armour/close-combat,YES,,YES,"{""id"": ""weapon.serpent-whip"", ""kind"": ""mechanic"", ""parameters"": {}}",linked,not_run,Semantic verification was not run.,,,,ready,,"The Serpent Whip cannot be parried, carries Black Lotus and adds exactly one strike-first attack in the first round when either combatant has charged.",not_assessed,not_assessed,not_run,,,implemented_pending_verification,,,,,Whip attack that cannot be parried and uses Black Lotus; grants one strike-first attack when charging or charged.,weapon.serpent-whip,,,none,,Review existing evidence; repair verification metadata or missing evidence without reimplementing the effect.,inventory,kb,,mechanic/weapon.serpent-whip,A,weapon.serpent-whip,binding operator 'mechanic:weapon.serpent-whip' classified into the A family by operator prefix 'weapon.',28579e754aa9e03f257493c3d955e75bb63c8464798d4e93babf8b8a9b2db29c,73c70af608686fd1431d0db4a6eb92b6baad9aacdf526928e3a2c6eabca5c66d,"[""sources/knowledge/catalog/mechanics/close-combat.yaml""]"
mechanic/weapon.shock-rod,mechanic:weapons,Shock Rod,catalog/mechanics/close-combat.yaml,weapons,https://broheim.net/downloads/warbands/supplement/sealedcity/Clan%20Pristekk.pdf,YES,,YES,"{""id"": ""weapon.shock-rod"", ""kind"": ""mechanic"", ""parameters"": {}}",linked,not_run,Semantic verification was not run.,,,,ready,,,not_assessed,not_assessed,not_run,,,implemented_pending_verification,,,,,"Uses normal Strength, strikes first and uses two hands; Injury results 1-4 are stunned.",weapon.shock-rod,,,none,,Review existing evidence; repair verification metadata or missing evidence without reimplementing the effect.,inventory,kb,,mechanic/weapon.shock-rod,A,weapon.shock-rod,binding operator 'mechanic:weapon.shock-rod' classified into the A family by operator prefix 'weapon.',1718f9097b8c5ee80a4e5c2b5e516c96a4219ef2f44db2752bfb06b1d83f247d,d83224696095029cb7718d93172aee779b8c17562011c61e2877903467647a41,"[""sources/knowledge/catalog/mechanics/close-combat.yaml""]"
mechanic/weapon.sigmarite-hammer,mechanic:weapons,Sigmarite Hammer,catalog/mechanics/close-combat.yaml,weapons,https://mordheimer.net/docs/weapons-armour/close-combat,YES,,YES,"{""id"": ""weapon.sigmarite-hammer"", ""kind"": ""mechanic"", ""parameters"": {}}",linked,not_run,Semantic verification was not run.,,,,ready,,"Sigmarite Hammer has Strength +1, Concussion and +1 To Wound against Undead/Possessed. Choppa and Witch Sword gain Strength +1 only in the first round; Choppa adds penetration and Witch Sword a parry.",not_assessed,not_assessed,not_run,,,implemented_pending_verification,,,,,"+1 Strength, Concussion, and +1 to wound Undead or Possessed opponents.",weapon.sigmarite-hammer,,,none,,Review existing evidence; repair verification metadata or missing evidence without reimplementing the effect.,inventory,kb,,mechanic/weapon.sigmarite-hammer,A,weapon.sigmarite-hammer,binding operator 'mechanic:weapon.sigmarite-hammer' classified into the A family by operator prefix 'weapon.',a083817efc49685135fb72f762d762b79edef07f45f9e1aef309bbcb34d7552e,1e0ba1fc0a685b6445429d79df7f866e1f55f7496f8812f97446b1976534a51f,"[""sources/knowledge/catalog/mechanics/close-combat.yaml""]"
mechanic/weapon.skull-busta,mechanic:weapons,Skull Busta,catalog/mechanics/close-combat.yaml,weapons,https://broheim.net/downloads/campaigns/karakazgal/Karak%20Azgal.pdf,YES,,YES,"{""id"": ""weapon.skull-busta"", ""kind"": ""mechanic"", ""parameters"": {}}",linked,not_run,Semantic verification was not run.,,,,ready,,,not_assessed,not_assessed,not_run,,,implemented_pending_verification,,,,,"Adds +1 Strength in the first combat turn, has Concussion and limits ordinary helmet stun saves to 6+; shields are allowed, other weapons and mounted use are forbidden.",weapon.skull-busta,,,none,,Review existing evidence; repair verification metadata or missing evidence without reimplementing the effect.,inventory,kb,,mechanic/weapon.skull-busta,A,weapon.skull-busta,binding operator 'mechanic:weapon.skull-busta' classified into the A family by operator prefix 'weapon.',81d4f315ddc30d0b4bfaac0d8a69b91df92a8659c0966bb80f0a6691399d85bc,d069391f95b2f25bdcd527d81d6500af785de465db1962171144244d56ff5d2a,"[""sources/knowledge/catalog/mechanics/close-combat.yaml""]"
mechanic/weapon.spear,mechanic:weapons,Spear,catalog/mechanics/close-combat.yaml,weapons,https://mordheimer.net/docs/weapons-armour/close-combat,YES,,YES,"{""id"": ""weapon.spear"", ""kind"": ""mechanic"", ""parameters"": {}}",linked,not_run,Semantic verification was not run.,,,,ready,,"Spear, Pike and Ankus occupy the strike-first layer in the first round; the Spear's strike-first applies only in the first turn of combat, after which it follows ordinary order. Pike uses two hands without modifying Strength; Ankus additionally keeps Concussion. A charging enemy shares the first-strike tier: compare Initiative, not a special spear tier.",not_assessed,not_assessed,not_run,,,implemented_pending_verification,,,,,"Strikes first in the first round of close combat, even if charged; may only be combined with a shield or buckler.",weapon.spear,,,none,,Review existing evidence; repair verification metadata or missing evidence without reimplementing the effect.,inventory,kb,,mechanic/weapon.spear,A,weapon.spear,binding operator 'mechanic:weapon.spear' classified into the A family by operator prefix 'weapon.',7c6359f776a20d0e4e4c75aac7dbe57997825835a1332d1a810a245c01a28006,5cf601b61aa7fd1e898f0e849dff8dff4fa0d68282128da4b2e71f67549039c2,"[""sources/knowledge/catalog/mechanics/close-combat.yaml""]"
mechanic/weapon.spiked-gauntlet,mechanic:weapons,Spiked Gauntlet,catalog/mechanics/close-combat.yaml,weapons,https://mordheimer.net/docs/weapons-armour/close-combat,YES,,YES,"{""id"": ""weapon.spiked-gauntlet"", ""kind"": ""mechanic"", ""parameters"": {}}",linked,not_run,Semantic verification was not run.,,,,ready,,The three weapons allow an ordinary parry. Dwarf Axe adds penetration 1; Trident strikes first only when its bearer has received a charge; Spiked Gauntlet adds no other modifiers.,not_assessed,not_assessed,not_run,,,implemented_pending_verification,,,,,Range: Close Combat Strength: As user Special Rules Parry: Can parry enemy blows,weapon.spiked-gauntlet,,,none,,Review existing evidence; repair verification metadata or missing evidence without reimplementing the effect.,inventory,kb,,mechanic/weapon.spiked-gauntlet,A,weapon.spiked-gauntlet,binding operator 'mechanic:weapon.spiked-gauntlet' classified into the A family by operator prefix 'weapon.',b5bd1c68dfb18b52988f32c5db7707ad13f03b0fba984e5d0221404a7c363b5d,866746c76974ceb359a9dc37257d192adf123fed855b1f6a9acab687fd92a195,"[""sources/knowledge/catalog/mechanics/close-combat.yaml""]"
mechanic/weapon.spirit-knife,mechanic:weapons,Spirit Knife,catalog/mechanics/close-combat.yaml,weapons,https://broheim.net/downloads/warbands/supplement/mutinyinmarienburg/Call%20Of%20The%20Night%20Haint.pdf,YES,,YES,"{""id"": ""weapon.spirit-knife"", ""kind"": ""mechanic"", ""parameters"": {}}",linked,not_run,Semantic verification was not run.,,,,ready,,,not_assessed,not_assessed,not_run,,,implemented_pending_verification,,,,,"Uses normal Strength and grants +1 enemy armour save; a natural hit six inflicts one immediate additional wound, then the ordinary wound roll.",weapon.spirit-knife,,,none,,Review existing evidence; repair verification metadata or missing evidence without reimplementing the effect.,inventory,kb,,mechanic/weapon.spirit-knife,A,weapon.spirit-knife,binding operator 'mechanic:weapon.spirit-knife' classified into the A family by operator prefix 'weapon.',528ab6316eeef56f1008034f562efb0764ffea0d56ba45fed81ea17211743650,161a1891076be94aa281840ffa43f20817a31a381d3bf6583e159ef0941429b8,"[""sources/knowledge/catalog/mechanics/close-combat.yaml""]"
mechanic/weapon.squig-prodder,mechanic:weapons,Squig Prodder,catalog/mechanics/close-combat.yaml,weapons,https://mordheimer.net/docs/weapons-armour/close-combat,YES,,YES,"{""id"": ""weapon.squig-prodder"", ""kind"": ""mechanic"", ""parameters"": {}}",linked,not_run,Semantic verification was not run.,,,,ready,,"Chained Squig fixes Strength 3, strikes first, cannot be parried and entangles on a hit. Squig Prodder strikes first. Kusara-kama removes one attack after a 5+ hit. Long Boat Hook has Strength -1 and priority only in the first round.",not_assessed,not_assessed,not_run,,,implemented_pending_verification,,,,,Strikes first and may be combined with a shield or spiked gauntlet.,weapon.squig-prodder,,,none,,Review existing evidence; repair verification metadata or missing evidence without reimplementing the effect.,inventory,kb,,mechanic/weapon.squig-prodder,A,weapon.squig-prodder,binding operator 'mechanic:weapon.squig-prodder' classified into the A family by operator prefix 'weapon.',7fb17e8408d3c83b120a7e4af1196ba3a98e7bac1e4e24b794196f7d30275665,137c8985859f36761c55810074b8d3c8c234fbad26d7c93616bb91cc160080bc,"[""sources/knowledge/catalog/mechanics/close-combat.yaml""]"
mechanic/weapon.starblade,mechanic:weapons,Starblade,catalog/mechanics/close-combat.yaml,weapons,https://mordheimer.net/docs/weapons-armour/close-combat,YES,,YES,"{""id"": ""weapon.starblade"", ""kind"": ""mechanic"", ""parameters"": {}}",linked,not_run,Semantic verification was not run.,,,,ready,,Starblade grants a single fixed parry at 4+ and improves the enemy's armour save by one.,not_assessed,not_assessed,not_run,,,implemented_pending_verification,,,,,Range: Close Combat Strength: As user Special Rules +1 Enemy armour save: Enemy gets +1 to armour save Potential Parry A Starblade can parry the first successful hit of any combat on a 4+.,weapon.starblade,,,none,,Review existing evidence; repair verification metadata or missing evidence without reimplementing the effect.,inventory,kb,,mechanic/weapon.starblade,A,weapon.starblade,binding operator 'mechanic:weapon.starblade' classified into the A family by operator prefix 'weapon.',f51976874e9c67ad28e9d40715de6ea6280adabaf617a444ce2d16d839241d85,2379148a534ba1eb3dba884cc17f9929823f9dac6e9898cb445cc853dd3ce43c,"[""sources/knowledge/catalog/mechanics/close-combat.yaml""]"
mechanic/weapon.starsword,mechanic:weapons,Starsword,catalog/mechanics/close-combat.yaml,weapons,https://mordheimer.net/docs/weapons-armour/close-combat,YES,,YES,"{""id"": ""weapon.starsword"", ""kind"": ""mechanic"", ""parameters"": {}}",linked,not_run,Semantic verification was not run.,,,,ready,,"Starsword, Parry and Ignores Armour. Strength +1, ordinary parry and absence of armour save; special saves are not cancelled.",not_assessed,not_assessed,not_run,,,implemented_pending_verification,,,,,Range: Close Combat Strength: As user +1 Special Rules Parry: Can parry enemy blows Ignores Armour A Starsword ignores all armour saves except for ward and Dodge saves.,weapon.starsword,,,none,,Review existing evidence; repair verification metadata or missing evidence without reimplementing the effect.,inventory,kb,,mechanic/weapon.starsword,A,weapon.starsword,binding operator 'mechanic:weapon.starsword' classified into the A family by operator prefix 'weapon.',ab9dfd54cbabbfb76d755cd4cc9717124bc3b5ae903f55c58417817e00e28494,132845c9408266c49089b09f0fb513fc091d97d20d7f0283db42b8e230d3eded,"[""sources/knowledge/catalog/mechanics/close-combat.yaml""]"
mechanic/weapon.steel-whip,mechanic:weapons,Steel Whip,catalog/mechanics/close-combat.yaml,weapons,https://mordheimer.net/docs/weapons-armour/close-combat,YES,,YES,"{""id"": ""weapon.steel-whip"", ""kind"": ""mechanic"", ""parameters"": {}}",linked,not_run,Semantic verification was not run.,,,,ready,,"Both attacks ignore parries completely. They modify neither Strength, damage nor the to-wound roll.",not_assessed,not_assessed,not_run,,,implemented_pending_verification,,,,,"Range: Close Combat Strength: As user Special Rules Cannot be parried: The steel whip is a flexible weapon and the Priestesses use it with great expertise. Attempts to parry its strikes are futile. A model attacked by a steel whip may not make parries with swords or bucklers. Whipcrack grants one bonus attack when charging or charged; only that bonus strikes first when charged, and two whips do not double it.",weapon.steel-whip,,,none,,Review existing evidence; repair verification metadata or missing evidence without reimplementing the effect.,inventory,kb,,mechanic/weapon.steel-whip,A,weapon.steel-whip,binding operator 'mechanic:weapon.steel-whip' classified into the A family by operator prefix 'weapon.',c4878776cf42abfb7005c5aa5e2a73aa2c2550b8e0975d0ba70a3d41719c95fc,c94a1dfb93a9bd096bf3e9a2286fb21dee29c1d35445083829185e9b062e765f,"[""sources/knowledge/catalog/mechanics/close-combat.yaml""]"
mechanic/weapon.stiletto,mechanic:weapons,Stiletto,catalog/mechanics/close-combat.yaml,weapons,https://mordheimer.net/docs/weapons-armour/close-combat,YES,,YES,"{""id"": ""weapon.stiletto"", ""kind"": ""mechanic"", ""parameters"": {}}",linked,not_run,Semantic verification was not run.,,,,ready,,"Bo occupies both hands, adds one attack and allows parrying. Stiletto adds one attack but all its attacks resolve at Strength -1.",not_assessed,not_assessed,not_run,,,implemented_pending_verification,,,,,Grants +1 Attack but resolves its attacks at -1 Strength.,weapon.stiletto,,,none,,Review existing evidence; repair verification metadata or missing evidence without reimplementing the effect.,inventory,kb,,mechanic/weapon.stiletto,A,weapon.stiletto,binding operator 'mechanic:weapon.stiletto' classified into the A family by operator prefix 'weapon.',8094436f3d728019ce6926045b9312e838dabba669379ce17cbae8d5d005099c,5477c45510dd4438ec5f65a0bda40818b3b4b7d2a9c2e0487f9aa2e5a1e2ce68,"[""sources/knowledge/catalog/mechanics/close-combat.yaml""]"
mechanic/weapon.stone-axe,mechanic:weapons,Stone Axe,catalog/mechanics/close-combat.yaml,weapons,https://mordheimer.net/docs/weapons-armour/close-combat,YES,,YES,"{""id"": ""weapon.stone-axe"", ""kind"": ""mechanic"", ""parameters"": {}}",linked,not_run,Semantic verification was not run.,,,,ready,,"The basic critical table is rolled independently. This composition chooses Master Strike (5), two wounds with armour ignored and +2 Injury. The boundary is an ordinary wound. See docs/modular-remediation.md, M01. | Stone Axe uses the club table: Concussion turns Injury faces 2-4 into Stunned. | Stone Axe Concussion turns face 2 into Stunned; the cooking pot helmet may then convert it on 5+. | Stone Axe Concussion turns face 2 into Stunned; the helmet may then convert it on 4+. | Wicked Edge changes the stun boundary rather than adding an Injury modifier. Other Injury modifiers and Hard to Kill retain their own thresholds. Source review M14. | Hard to Kill makes face 2 Knocked Down; Stone Axe Concussion then turns it into Stunned. Face 6 stays Out. | With Stone Axe and Head Crusher both on the attacker, face 1 is promoted to Stunned. | Stone Axe Concussion turns face 2 into Stunned; Ignore Pain then converts it to Knocked Down. | Stone Axe Concussion turns face 2 into Stunned, which Jump Up cannot ignore; the ordinary Knocked Down face still jumps up. | Knife Fighting adds +1 to the dagger's injuries; the off-hand Stone Axe keeps its own Concussion table. | Strike to Injure's +1 pushes face 1 to total 2, which Stone Axe Concussion turns into Stunned. | Mace and Stone Axe both use the club table: every attack carrying either weapon turns Injury faces 2-4 into Stunned. | Stone Axe uses the same Concussion table as a club; face 2 becomes Stunned before Thick Skull reacts. | Concussion changes injury face 2 from Knocked Down to Stunned; faces 3-4 remain Stunned, and 5-6 Out.",not_assessed,not_assessed,not_run,,,implemented_pending_verification,,,,,Uses club rules: normal Strength and Concussion on Injury rolls of 2-4.,weapon.stone-axe,,,none,,Review existing evidence; repair verification metadata or missing evidence without reimplementing the effect.,inventory,kb,,mechanic/weapon.stone-axe,A,weapon.stone-axe,binding operator 'mechanic:weapon.stone-axe' classified into the A family by operator prefix 'weapon.',f8fefd8db0c622dc9eda93fc847e085ba73ec726a7d3d42fa06208e21d47f174,a25a574113b9078f8a87203c840015b5986bf2df97dde068384c69ff4467078c,"[""sources/knowledge/catalog/mechanics/close-combat.yaml""]"
mechanic/weapon.sun-gauntlet,mechanic:weapons,Sun Gauntlet,catalog/mechanics/close-combat.yaml,weapons,https://mordheimer.net/docs/weapons-armour/close-combat,YES,,YES,"{""id"": ""weapon.sun-gauntlet"", ""kind"": ""mechanic"", ""parameters"": {}}",linked,not_run,Semantic verification was not run.,,,,ready,,Sun Gauntlet only occupies the off hand and resolves that attack at fixed Strength 4 ignoring the armour save.,not_assessed,not_assessed,not_run,,,implemented_pending_verification,,,,,Off-hand-only Strength 4 attack that ignores armour saves.,weapon.sun-gauntlet,,,none,,Review existing evidence; repair verification metadata or missing evidence without reimplementing the effect.,inventory,kb,,mechanic/weapon.sun-gauntlet,A,weapon.sun-gauntlet,binding operator 'mechanic:weapon.sun-gauntlet' classified into the A family by operator prefix 'weapon.',1a809d316648e63d8ee0d1ca9810d554c62d14445bb74e77a07cd069d63d20f7,2c7070c055ce41504a553cc6958ef7541a39df033d4d1f53761011962ca1a68e,"[""sources/knowledge/catalog/mechanics/close-combat.yaml""]"
mechanic/weapon.sword,mechanic:weapons,Sword,catalog/mechanics/close-combat.yaml,weapons,https://mordheimer.net/docs/weapons-armour/close-combat,YES,,YES,"{""id"": ""weapon.sword"", ""kind"": ""mechanic"", ""parameters"": {}}",linked,not_run,Semantic verification was not run.,,,,ready,,"A sword parries one eligible hit by beating the attacker's hit roll; composed parry skills share the single attempt. | Crushing Blow makes the attacker's hits unparriable, so even a sword-wielding defender attempts no parry; a natural 6 also cannot be parried. | Shield Mastery lets a shield parry one eligible hit; the parry must beat the hit roll. | The sword grants one eligible parry, governed by the independently tested core parry operator.",not_assessed,not_assessed,not_run,,,implemented_pending_verification,,,,,May parry one eligible close-combat hit.,weapon.sword,,,none,,Review existing evidence; repair verification metadata or missing evidence without reimplementing the effect.,inventory,kb,,mechanic/weapon.sword,A,weapon.sword,binding operator 'mechanic:weapon.sword' classified into the A family by operator prefix 'weapon.',8c2bc77b9fffebbf4b6d80f710cbac381b26aea0066473762ea7415d98220e64,cf80656664a9657df2745e61bb032bb0b11c94bac89445ea99d77bfbfb717758,"[""sources/knowledge/catalog/mechanics/close-combat.yaml""]"
mechanic/weapon.sword-breaker,mechanic:weapons,Sword Breaker,catalog/mechanics/close-combat.yaml,weapons,https://mordheimer.net/docs/weapons-armour/close-combat,YES,,YES,"{""id"": ""weapon.sword-breaker"", ""kind"": ""mechanic"", ""parameters"": {}}",linked,not_run,Semantic verification was not run.,,,,ready,,Sword Breaker grants an ordinary parry; it must beat the to-hit roll and cannot parry a natural 6.,not_assessed,not_assessed,not_run,,,implemented_pending_verification,,,,,"Range: Close Combat Strength: As user Special Rules Parry: The sword breaker allows the wielder to parry the attacks of his opponents in close combat. Beat the highest hit roll. After a successful parry, Trap Blade breaks the attacking weapon on 4+; use another weapon or fight unarmed.",weapon.sword-breaker,,,none,,Review existing evidence; repair verification metadata or missing evidence without reimplementing the effect.,inventory,kb,,mechanic/weapon.sword-breaker,A,weapon.sword-breaker,binding operator 'mechanic:weapon.sword-breaker' classified into the A family by operator prefix 'weapon.',dfe4d6420be269f0791aced28c3a94dd2035443714a6ffdafe35547a884f576a,e13798d336ab59909e9b477bb7110ae0581fff3f88b1dfa2ad443f9330363994,"[""sources/knowledge/catalog/mechanics/close-combat.yaml""]"
mechanic/weapon.trident,mechanic:weapons,Trident,catalog/mechanics/close-combat.yaml,weapons,https://mordheimer.net/docs/weapons-armour/close-combat,YES,,YES,"{""id"": ""weapon.trident"", ""kind"": ""mechanic"", ""parameters"": {}}",linked,not_run,Semantic verification was not run.,,,,ready,,The three weapons allow an ordinary parry. Dwarf Axe adds penetration 1; Trident strikes first only when its bearer has received a charge; Spiked Gauntlet adds no other modifiers.,not_assessed,not_assessed,not_run,,,implemented_pending_verification,,,,,Range: Close Combat Strength: As user Special Rules Parry: Can parry enemy blows Strike first Strikes first when charged,weapon.trident,,,none,,Review existing evidence; repair verification metadata or missing evidence without reimplementing the effect.,inventory,kb,,mechanic/weapon.trident,A,weapon.trident,binding operator 'mechanic:weapon.trident' classified into the A family by operator prefix 'weapon.',6d23cd86438c68bdbf969817bf049b7cf1a63b16f9ada914cee7a6d933382bde,7d2440b309a33f94728c310b400f85c1c36376fb510764f71fdfd1e0a5d7aa21,"[""sources/knowledge/catalog/mechanics/close-combat.yaml""]"
mechanic/weapon.unholy-sword,mechanic:weapons,Unholy Sword,catalog/mechanics/close-combat.yaml,weapons,https://mordheimer.net/docs/weapons-armour/close-combat,YES,,YES,"{""id"": ""weapon.unholy-sword"", ""kind"": ""mechanic"", ""parameters"": {}}",linked,not_run,Semantic verification was not run.,,,,ready,,The three weapons allow one parry. One-handed Unholy Sword and Yari alter neither Strength nor priority; the two-handed Yari occupies both hands and strikes first.,not_assessed,not_assessed,not_run,,,implemented_pending_verification,,,,,Uses the wielder's Strength and may parry.,weapon.unholy-sword,,,none,,Review existing evidence; repair verification metadata or missing evidence without reimplementing the effect.,inventory,kb,,mechanic/weapon.unholy-sword,A,weapon.unholy-sword,binding operator 'mechanic:weapon.unholy-sword' classified into the A family by operator prefix 'weapon.',8e7d303575c785357ac2479c553c4f808c07a7b5d837ecc72454bcf68fd69c46,c488e59f1a8dccd0caacc23c97e4d495ef81c1912dcb1e1bd5940b2435031fd0,"[""sources/knowledge/catalog/mechanics/close-combat.yaml""]"
mechanic/weapon.vomit-attack,mechanic:weapons,Vomit Attack,catalog/mechanics/close-combat.yaml,weapons,https://mordheimer.net/docs/weapons-armour/close-combat,YES,,YES,"{""id"": ""weapon.vomit-attack"", ""kind"": ""mechanic"", ""parameters"": {}}",linked,not_run,Semantic verification was not run.,,,,ready,,"Vomit Attack is one automatic Strength 5 hit that ignores armour saves, so gromril armour grants no save and requests no armour die; an unsaved wound still applies normally. | Vomit Attack is one automatic Strength 5 hit that ignores armour saves, so heavy armour grants no save and requests no armour die; an unsaved wound still applies normally. | Vomit Attack is one automatic Strength 5 hit that ignores armour saves, so ithilmar armour grants no save and requests no armour die; an unsaved wound still applies normally. | Vomit Attack is one automatic Strength 5 hit that ignores armour saves, so light armour grants no save and requests no armour die; an unsaved wound still applies normally. | Vomit Attack is one automatic Strength 5 hit that ignores armour saves, so no armour grants no save and requests no armour die; an unsaved wound still applies normally. | Vomit Attack replaces every normal attack with exactly one, overriding the two-weapon bonus. | Vomit replaces all attacks; Extra Attack's bonus is consumed by the replacement. | Vomit replaces all attacks even during a Ferocious Charge. | Vomit replaces all attacks; Red Fury's bonus is consumed by the replacement. | Vomit replaces all attacks (fixed Strength 5) even for an Unarmed Fighting warrior. | Both Bear Hug and Vomit Attack consume hit success: a trained bear needs two weapon attacks to offer the hug, while Vomit's automatic hit guarantees its single hit. They never co-occur on one fighter, so each resolves independently. | The five cited Troll rules agree that Vomit replaces every normal attack with exactly one automatic Strength 5 hit that cannot be parried and allows no armour save. Automatic means no To Hit die is requested; an unsaved wound still follows the ordinary damage and Injury pipeline.",not_assessed,not_assessed,not_run,,,implemented_pending_verification,,,,,One automatic Strength 5 hit that ignores armour saves; replaces the model's normal attacks.,weapon.vomit-attack,,,none,,Review existing evidence; repair verification metadata or missing evidence without reimplementing the effect.,inventory,kb,,mechanic/weapon.vomit-attack,A,weapon.vomit-attack,binding operator 'mechanic:weapon.vomit-attack' classified into the A family by operator prefix 'weapon.',052d36226225a40c9d6dfb724bdec569c88867fb892d51d20505edd91b748b73,9e7be455123cd9f496af5365f7c323618bd6b054535de5751853e634ec99eb7d,"[""sources/knowledge/catalog/mechanics/close-combat.yaml""]"
mechanic/weapon.war-maul,mechanic:weapons,War Maul,catalog/mechanics/close-combat.yaml,weapons,https://mordheimer.net/docs/weapons-armour/close-combat,YES,,YES,"{""id"": ""weapon.war-maul"", ""kind"": ""mechanic"", ""parameters"": {}}",linked,not_run,Semantic verification was not run.,,,,ready,,"The Brazier's 5+ fire and Strength +1, the paired set of Brass Knuckles, the heavy unparriable package of the War Maul, and the repeated attack/parry of the Double-bladed Sword are verified separately.",not_assessed,not_assessed,not_run,,,implemented_pending_verification,,,,,"Two-handed, +2 Strength, -1 Initiative, strikes last, cannot be parried and adds -1 to armour saves.",weapon.war-maul,,,none,,Review existing evidence; repair verification metadata or missing evidence without reimplementing the effect.,inventory,kb,,mechanic/weapon.war-maul,A,weapon.war-maul,binding operator 'mechanic:weapon.war-maul' classified into the A family by operator prefix 'weapon.',177602d139a916dc2760d6cbdb96493f1b2e7773676cfcb40bc4f6b3ed10f2cb,3ed638c8ba42da2ef1236a4832b9510164453a372cb0773f39e032d59b51ef50,"[""sources/knowledge/catalog/mechanics/close-combat.yaml""]"
mechanic/weapon.weeping-blades,mechanic:weapons,Weeping Blades,catalog/mechanics/close-combat.yaml,weapons,https://mordheimer.net/docs/weapons-armour/close-combat,YES,,YES,"{""id"": ""weapon.weeping-blades"", ""kind"": ""mechanic"", ""parameters"": {}}",linked,not_run,Semantic verification was not run.,,,,ready,,Both paired weapons grant one extra attack and one parry. Weeping Blades carries Black Lotus; Fighting Claws does not modify wounds in the duel.,not_assessed,not_assessed,not_run,,,implemented_pending_verification,,,,,"Range: Close Combat Strength: As user Special Rules Pair: Weeping Blades are traditionally used in pairs, one in each hand. A warrior armed with Weeping Blades gets an additional attack. Venomous The venom of Weeping Blades will enter the blood of the victim and ravage his organs and muscles.",weapon.weeping-blades,,,none,,Review existing evidence; repair verification metadata or missing evidence without reimplementing the effect.,inventory,kb,,mechanic/weapon.weeping-blades,A,weapon.weeping-blades,binding operator 'mechanic:weapon.weeping-blades' classified into the A family by operator prefix 'weapon.',3463f11dcc955c3a326d58978dfff1dfb21245740893c31c7f41328041986ed3,5b956610a8649b2f331055578025cc4f65bf8431c8915d79948c3f38a88dd55c,"[""sources/knowledge/catalog/mechanics/close-combat.yaml""]"
mechanic/weapon.witch-sword,mechanic:weapons,Witch Sword,catalog/mechanics/close-combat.yaml,weapons,https://mordheimer.net/docs/weapons-armour/close-combat,YES,,YES,"{""id"": ""weapon.witch-sword"", ""kind"": ""mechanic"", ""parameters"": {}}",linked,not_run,Semantic verification was not run.,,,,ready,,"Sigmarite Hammer has Strength +1, Concussion and +1 To Wound against Undead/Possessed. Choppa and Witch Sword gain Strength +1 only in the first round; Choppa adds penetration and Witch Sword a parry.",not_assessed,not_assessed,not_run,,,implemented_pending_verification,,,,,+1 Strength in the first round and may parry.,weapon.witch-sword,,,none,,Review existing evidence; repair verification metadata or missing evidence without reimplementing the effect.,inventory,kb,,mechanic/weapon.witch-sword,A,weapon.witch-sword,binding operator 'mechanic:weapon.witch-sword' classified into the A family by operator prefix 'weapon.',a0774acadfe0649c68583d2c96d45db8920888cb039e13ea41d5ee30ba9ad1ef,f3c2160ae71c0aa6cef039e32f3c6437a64fa28facccca07f26751e7d83116a3,"[""sources/knowledge/catalog/mechanics/close-combat.yaml""]"
mechanic/weapon.wizards-staff,mechanic:weapons,Wizard's Staff,catalog/mechanics/close-combat.yaml,weapons,https://mordheimer.net/docs/warbands/grade-2a-warbands/sorcerous-society,YES,,YES,"{""id"": ""weapon.wizards-staff"", ""kind"": ""mechanic"", ""parameters"": {}}",linked,not_run,Semantic verification was not run.,,,,ready,,,not_assessed,not_assessed,not_run,,,implemented_pending_verification,,,,,"Uses normal Strength, two hands, Concussion and Parry.",weapon.wizards-staff,,,none,,Review existing evidence; repair verification metadata or missing evidence without reimplementing the effect.,inventory,kb,,mechanic/weapon.wizards-staff,A,weapon.wizards-staff,binding operator 'mechanic:weapon.wizards-staff' classified into the A family by operator prefix 'weapon.',a1a35abcb4d051b31da259cb32b0f5099c1f77a2cafa888421fff0062f28d85b,59f219f7b89a5f30c9a7656b952517cf288a94a27cf4a1d059dc548a250d8d12,"[""sources/knowledge/catalog/mechanics/close-combat.yaml""]"
mechanic/weapon.yambiya,mechanic:weapons,Yambiya,catalog/mechanics/close-combat.yaml,weapons,https://mordheimer.net/docs/weapons-armour/close-combat,YES,,YES,"{""id"": ""weapon.yambiya"", ""kind"": ""mechanic"", ""parameters"": {}}",linked,not_run,Semantic verification was not run.,,,,ready,,"gromril armour saves on 4+; yambiya composes the armour target to 4 plus Strength-based modifier, penetration and target bonus. The save is ineligible when the target exceeds 6. | heavy armour saves on 5+; yambiya composes the armour target to 5 plus Strength-based modifier, penetration and target bonus. The save is ineligible when the target exceeds 6. | ithilmar armour saves on 5+; yambiya composes the armour target to 5 plus Strength-based modifier, penetration and target bonus. The save is ineligible when the target exceeds 6. | light armour saves on 6+; yambiya composes the armour target to 6 plus Strength-based modifier, penetration and target bonus. The save is ineligible when the target exceeds 6. | no armour saves on 7+; yambiya composes the armour target to 7 plus Strength-based modifier, penetration and target bonus. The save is ineligible when the target exceeds 6. | Gromril material adds -1 armour-save modifier; composed with yambiya the armour target is 4+ against gromril armour. | Unarmed Fighting removes only the fist's unarmed penalties; wielding yambiya the fighter attacks with the weapon's own modifier, composing the heavy armour target to 4+. | With axe main and yambiya off hand, each attack applies its own armour modifier: the main attack targets 6+ and the off-hand attack targets 4+ against heavy armour. | With dagger main and yambiya off hand, each attack applies its own armour modifier: the main attack targets 4+ and the off-hand attack targets 4+ against heavy armour. | With katar main and yambiya off hand, each attack applies its own armour modifier: the main attack targets 6+ and the off-hand attack targets 4+ against heavy armour. | The target receives +1 to its armour save, including a 6+ save if normally unarmoured. Attacking Strength is unchanged.",not_assessed,not_assessed,not_run,,,implemented_pending_verification,,,,,Dagger-like weapon: grants the target +1 armour save and works with Knife Fighting.,weapon.yambiya,,,none,,Review existing evidence; repair verification metadata or missing evidence without reimplementing the effect.,inventory,kb,,mechanic/weapon.yambiya,A,weapon.yambiya,binding operator 'mechanic:weapon.yambiya' classified into the A family by operator prefix 'weapon.',9966f31aeef9b2e6540cc2e7d20d00ee5391d9ca7b687c69523e602f609e47dd,332de876dfc374a9d387314408250d59f343ab09784c2e11c2511ba4f7345639,"[""sources/knowledge/catalog/mechanics/close-combat.yaml""]"
mechanic/weapon.yari-one-handed,mechanic:weapons,Yari (One-Handed),catalog/mechanics/close-combat.yaml,weapons,https://mordheimer.net/docs/weapons-armour/close-combat,YES,,YES,"{""id"": ""weapon.yari-one-handed"", ""kind"": ""mechanic"", ""parameters"": {}}",linked,not_run,Semantic verification was not run.,,,,ready,,The three weapons allow one parry. One-handed Unholy Sword and Yari alter neither Strength nor priority; the two-handed Yari occupies both hands and strikes first.,not_assessed,not_assessed,not_run,,,implemented_pending_verification,,,,,One-handed weapon that may parry.,weapon.yari-one-handed,,,none,,Review existing evidence; repair verification metadata or missing evidence without reimplementing the effect.,inventory,kb,,mechanic/weapon.yari-one-handed,A,weapon.yari-one-handed,binding operator 'mechanic:weapon.yari-one-handed' classified into the A family by operator prefix 'weapon.',51e82d40c167c378cd1a53766463a2a3776af8982e76a665e51c5509aedb8b11,7fef2ba3b16db7869d99eba5737e58e5d6ce8366d90ae96356a76c8f7188534a,"[""sources/knowledge/catalog/mechanics/close-combat.yaml""]"
mechanic/weapon.yari-two-handed,mechanic:weapons,Yari (Two-Handed),catalog/mechanics/close-combat.yaml,weapons,https://mordheimer.net/docs/weapons-armour/close-combat,YES,,YES,"{""id"": ""weapon.yari-two-handed"", ""kind"": ""mechanic"", ""parameters"": {}}",linked,not_run,Semantic verification was not run.,,,,ready,,The three weapons allow one parry. One-handed Unholy Sword and Yari alter neither Strength nor priority; the two-handed Yari occupies both hands and strikes first.,not_assessed,not_assessed,not_run,,,implemented_pending_verification,,,,,Two-handed weapon that strikes first and may parry.,weapon.yari-two-handed,,,none,,Review existing evidence; repair verification metadata or missing evidence without reimplementing the effect.,inventory,kb,,mechanic/weapon.yari-two-handed,A,weapon.yari-two-handed,binding operator 'mechanic:weapon.yari-two-handed' classified into the A family by operator prefix 'weapon.',89b3e3c8222d886cd68f663030c984006740d5c25cf6bea0ae9f4c66b4e5a85e,e7c825c72aac974bdea224e901a33f44f6209885dcab7ab502d74ad79dbb32b6,"[""sources/knowledge/catalog/mechanics/close-combat.yaml""]"
source/bands/mordheim/call-of-the-night-haint-mim/profiles.yaml/@/profiles/5/equipment_restrictions/0/unclassified,source_effect,Spirit Hosts (equipment_restrictions),bands/mordheim/call-of-the-night-haint-mim/profiles.yaml,0-2 Spirit Host,https://broheim.net/downloads/warbands/supplement/mutinyinmarienburg/Call Of The Night Haint.pdf,YES,"Printed kit/access, hand/armour restriction or intrinsic unarmed attack affects the constructed melee duelist; any movement/campaign clauses remain excluded.",UNKNOWN,unbound,not_assessed,not_run,Scope review only; implementation and semantic evidence are not inferred.,,,,ready,,,not_applicable,not_applicable,not_applicable,,,needs_target_reconciliation,,,,,Spirit Hosts fight with spectral claws and daggers.,@/profiles/5/equipment_restrictions/0,,,none,,Locate the current source/contract and reconcile its target before deciding whether new implementation is needed.,inventory,reviewed_source,construction,source/bands/mordheim/call-of-the-night-haint-mim/profiles.yaml/@/profiles/5/equipment_restrictions/0/unclassified,A,,unbound source prose names a A-family operator; assigned for review,efd8900bfc641c331e9c76784d0b764604002e0e3bb1789a03b618ca91f97491,88c90793315f4542b241b78e84e408fc6a0a89e08012a9537f5f3cfb582de61f,"[""sources/knowledge/bands/mordheim/call-of-the-night-haint-mim/band.yaml"", ""sources/knowledge/bands/mordheim/call-of-the-night-haint-mim/equipment-access.yaml"", ""sources/knowledge/bands/mordheim/call-of-the-night-haint-mim/profiles.yaml""]"
source/bands/mordheim/call-of-the-night-haint-mim/profiles.yaml/@/profiles/6/equipment_restrictions/0/unclassified,source_effect,Poltergeists (equipment_restrictions),bands/mordheim/call-of-the-night-haint-mim/profiles.yaml,Poltergeists,https://broheim.net/downloads/warbands/supplement/mutinyinmarienburg/Call Of The Night Haint.pdf,YES,"Printed kit/access, hand/armour restriction or intrinsic unarmed attack affects the constructed melee duelist; any movement/campaign clauses remain excluded.",UNKNOWN,unbound,not_assessed,not_run,Scope review only; implementation and semantic evidence are not inferred.,,,,ready,,,not_applicable,not_applicable,not_applicable,,,needs_target_reconciliation,,,,,Poltergeists fight unarmed without penalty.,@/profiles/6/equipment_restrictions/0,,,none,,Locate the current source/contract and reconcile its target before deciding whether new implementation is needed.,inventory,reviewed_source,construction,source/bands/mordheim/call-of-the-night-haint-mim/profiles.yaml/@/profiles/6/equipment_restrictions/0/unclassified,A,,unbound source prose names a A-family operator; assigned for review,1e0671a46d5b9b67d7a8d1d3adedbd417e30face0ef123220a5905e2cb0fa831,c9604df521bd4cf31baf03424b2d42c6a22f5fafa2af41202c0fce5b6053254d,"[""sources/knowledge/bands/mordheim/call-of-the-night-haint-mim/band.yaml"", ""sources/knowledge/bands/mordheim/call-of-the-night-haint-mim/equipment-access.yaml"", ""sources/knowledge/bands/mordheim/call-of-the-night-haint-mim/profiles.yaml""]"
source/bands/mordheim/crooked-moon-kep/equipment-access.yaml/@/equipment_lists/0/items/8/notes/unclassified,source_effect,night-goblin-equipment-list (notes),bands/mordheim/crooked-moon-kep/equipment-access.yaml,,,YES,Bearer/slot/combination restriction or explicit equipment equivalence affects construction of a legal duelist; pricing and shooting execution are excluded.,UNKNOWN,unbound,not_assessed,not_run,Scope review only; implementation and semantic evidence are not inferred.,,,,ready,,,not_applicable,not_applicable,not_applicable,,,needs_target_reconciliation,,,,,"Special equipment; see Poison Daggers (Fanatics only in this band's list layout, see source).",@/equipment_lists/0/items/8/notes,,,none,,Locate the current source/contract and reconcile its target before deciding whether new implementation is needed.,inventory,reviewed_source,construction,source/bands/mordheim/crooked-moon-kep/equipment-access.yaml/@/equipment_lists/0/items/8/notes/unclassified,A,,unbound source prose names a A-family operator; assigned for review; resolved clarification F074-crooked-moon-daggers applied (origin id + effect_sha256 match),010a174a2f34aaf5e3c4dddad2e891f7e3d56809b5ed69cdaf7c5eb03f156774,175bf2655ebc437d8a75078c72ad594b89df5ece3e8ead887d9a2226f600eb50,"[""sources/knowledge/bands/mordheim/crooked-moon-kep/band.yaml"", ""sources/knowledge/bands/mordheim/crooked-moon-kep/equipment-access.yaml"", ""sources/knowledge/bands/mordheim/crooked-moon-kep/profiles.yaml""]"
source/bands/mordheim/druchii-mic/equipment-access.yaml/@/equipment_lists/3/items/7/notes/unclassified,source_effect,witch-elves-equipment-list (notes),bands/mordheim/druchii-mic/equipment-access.yaml,,,YES,Bearer/slot/combination restriction or explicit equipment equivalence affects construction of a legal duelist; pricing and shooting execution are excluded.,UNKNOWN,unbound,not_assessed,not_run,Scope review only; implementation and semantic evidence are not inferred.,,,,ready,,,not_applicable,not_applicable,not_applicable,,,needs_target_reconciliation,,,,,Common for warbands with Witch Elves; Witch Elves only. See the Maibd Poison rule.,@/equipment_lists/3/items/7/notes,,,none,,Locate the current source/contract and reconcile its target before deciding whether new implementation is needed.,inventory,reviewed_source,construction,source/bands/mordheim/druchii-mic/equipment-access.yaml/@/equipment_lists/3/items/7/notes/unclassified,A,,unbound source prose names a A-family operator; assigned for review,d84a1c54d424e117d131679298a99e51d159d44e069a6a32dc78c4c5a221bff8,817a1d8bacff475ed30c8b80294b209d3502d52ab01c07145fb2f3e1cdd5dd38,"[""sources/knowledge/bands/mordheim/druchii-mic/band.yaml"", ""sources/knowledge/bands/mordheim/druchii-mic/equipment-access.yaml"", ""sources/knowledge/bands/mordheim/druchii-mic/profiles.yaml""]"
source/bands/mordheim/fen-guard-mim/profiles.yaml/@/profiles/4/equipment_restrictions/0/unclassified,source_effect,Treekin (equipment_restrictions),bands/mordheim/fen-guard-mim/profiles.yaml,0-2 Treekin,https://broheim.net/downloads/warbands/supplement/mutinyinmarienburg/Fen Guard.pdf,YES,"Printed kit/access, hand/armour restriction or intrinsic unarmed attack affects the constructed melee duelist; any movement/campaign clauses remain excluded.",UNKNOWN,unbound,not_assessed,not_run,Scope review only; implementation and semantic evidence are not inferred.,,,,ready,,,not_applicable,not_applicable,not_applicable,,,needs_target_reconciliation,,,,,Treekin cannot use weapons and fight unarmed without penalty.,@/profiles/4/equipment_restrictions/0,,,none,,Locate the current source/contract and reconcile its target before deciding whether new implementation is needed.,inventory,reviewed_source,construction,source/bands/mordheim/fen-guard-mim/profiles.yaml/@/profiles/4/equipment_restrictions/0/unclassified,A,,unbound source prose names a A-family operator; assigned for review,63a441b17a66de4596a4445fa32219ea90a3359c1059cc0524a8088d3bead6e0,81797460041769a81d20a971b3c40bb993da8f78c11d8b5aaa52b450a13afd2e,"[""sources/knowledge/bands/mordheim/fen-guard-mim/band.yaml"", ""sources/knowledge/bands/mordheim/fen-guard-mim/equipment-access.yaml"", ""sources/knowledge/bands/mordheim/fen-guard-mim/profiles.yaml""]"
source/bands/mordheim/house-guard-sc/equipment-access.yaml/@/equipment_lists/2/items/1/notes/unclassified,source_effect,special-house-guard-equipment (notes),bands/mordheim/house-guard-sc/equipment-access.yaml,,,YES,"The note itself states a melee save, strike order, automatic hit, poison, attack property or retained weapon rule; price/Movement clauses remain excluded.",UNKNOWN,unbound,not_assessed,not_run,Scope review only; implementation and semantic evidence are not inferred.,,,,ready,,,not_applicable,not_applicable,not_applicable,,,needs_target_reconciliation,,,,,Rare 8; two-handed; strike first,@/equipment_lists/2/items/1/notes,,,none,,Locate the current source/contract and reconcile its target before deciding whether new implementation is needed.,inventory,reviewed_source,combat,source/bands/mordheim/house-guard-sc/equipment-access.yaml/@/equipment_lists/2/items/1/notes/unclassified,A,,unbound source prose names a A-family operator; assigned for review,69b9a6fa264bde43e330f8d88852f566c1798367da329f04bd182b3bbfc43cba,079cf3f5b7bb43da24fc228ee59f2f8db031aded3530959d6a0817ec9bbcda99,"[""sources/knowledge/bands/mordheim/house-guard-sc/band.yaml"", ""sources/knowledge/bands/mordheim/house-guard-sc/equipment-access.yaml"", ""sources/knowledge/bands/mordheim/house-guard-sc/profiles.yaml""]"
source/bands/mordheim/marauders-of-chaos/profiles.yaml/@/profiles/4/equipment_restrictions/0/unclassified,source_effect,Warhounds of Chaos (equipment_restrictions),bands/mordheim/marauders-of-chaos/profiles.yaml,0 – 5 Warhounds of Chaos,https://mordheimer.net/docs/warbands/grade-1c-warbands/marauders-of-chaos,YES,"Printed kit/access, hand/armour restriction or intrinsic unarmed attack affects the constructed melee duelist; any movement/campaign clauses remain excluded.",UNKNOWN,unbound,not_assessed,not_run,Scope review only; implementation and semantic evidence are not inferred.,,,,ready,,,not_applicable,not_applicable,not_applicable,,,needs_target_reconciliation,,,,,Warhounds do not use weapons or armour and fight without the normal unarmed penalties.,@/profiles/4/equipment_restrictions/0,,,none,,Locate the current source/contract and reconcile its target before deciding whether new implementation is needed.,inventory,reviewed_source,construction,source/bands/mordheim/marauders-of-chaos/profiles.yaml/@/profiles/4/equipment_restrictions/0/unclassified,A,,unbound source prose names a A-family operator; assigned for review,9be547b3b710437c5c045aa4aa39ebe8ad7ff1606794121b05d1c8096a08b523,bccfc53ab9ca39d1ed3fa532a179078024b5ad93d2405f53108f63dc67ff8df0,"[""sources/knowledge/bands/mordheim/marauders-of-chaos/band.yaml"", ""sources/knowledge/bands/mordheim/marauders-of-chaos/equipment-access.yaml"", ""sources/knowledge/bands/mordheim/marauders-of-chaos/profiles.yaml""]"
source/bands/mordheim/marauders-of-chaos/profiles.yaml/@/profiles/5/equipment_restrictions/0/unclassified,source_effect,Condemned (equipment_restrictions),bands/mordheim/marauders-of-chaos/profiles.yaml,0 – 1 Condemned,https://mordheimer.net/docs/warbands/grade-1c-warbands/marauders-of-chaos,YES,"Printed kit/access, hand/armour restriction or intrinsic unarmed attack affects the constructed melee duelist; any movement/campaign clauses remain excluded.",UNKNOWN,unbound,not_assessed,not_run,Scope review only; implementation and semantic evidence are not inferred.,,,,ready,,,not_applicable,not_applicable,not_applicable,,,needs_target_reconciliation,,,,,"Uses no equipment while any of WS, S, T or A remains variable, but fights unarmed without penalties.",@/profiles/5/equipment_restrictions/0,,,none,,Locate the current source/contract and reconcile its target before deciding whether new implementation is needed.,inventory,reviewed_source,construction,source/bands/mordheim/marauders-of-chaos/profiles.yaml/@/profiles/5/equipment_restrictions/0/unclassified,A,,unbound source prose names a A-family operator; assigned for review,245693aa63e384d704932940d8e40eaeba0f833a3cd03785c97b9aff554d5e5c,9bc10b03b56546ebd7de054e71b8da98684460b3ef6760539489d78dd4dd79e3,"[""sources/knowledge/bands/mordheim/marauders-of-chaos/band.yaml"", ""sources/knowledge/bands/mordheim/marauders-of-chaos/equipment-access.yaml"", ""sources/knowledge/bands/mordheim/marauders-of-chaos/profiles.yaml""]"
source/bands/mordheim/masters-of-horror-sylv/profiles.yaml/@/profiles/2/equipment_restrictions/0/unclassified,source_effect,Wolfman (equipment_restrictions),bands/mordheim/masters-of-horror-sylv/profiles.yaml,0-1 Wolfman,https://mordheimer.net/docs/warbands/grade-2a-warbands/masters-of-horror,YES,"Printed kit/access, hand/armour restriction or intrinsic unarmed attack affects the constructed melee duelist; any movement/campaign clauses remain excluded.",UNKNOWN,unbound,not_assessed,not_run,Scope review only; implementation and semantic evidence are not inferred.,,,,ready,,,not_applicable,not_applicable,not_applicable,,,needs_target_reconciliation,,,,,"A werewolf cannot bear equipment. They attack with tooth and claw, and suffer no penalties for doing so.",@/profiles/2/equipment_restrictions/0,,,none,,Locate the current source/contract and reconcile its target before deciding whether new implementation is needed.,inventory,reviewed_source,construction,source/bands/mordheim/masters-of-horror-sylv/profiles.yaml/@/profiles/2/equipment_restrictions/0/unclassified,A,,unbound source prose names a A-family operator; assigned for review,c2de5d66744ada3159cb13c8b0c83f9cc77df7756bcf4d0a58e42ba4d8c3e9f6,3d4c35cfa2b5b59b5b17f3337d609cd60c63217291d8640d3f07feb1dccc90b4,"[""sources/knowledge/bands/mordheim/masters-of-horror-sylv/band.yaml"", ""sources/knowledge/bands/mordheim/masters-of-horror-sylv/equipment-access.yaml"", ""sources/knowledge/bands/mordheim/masters-of-horror-sylv/profiles.yaml""]"
source/bands/mordheim/mazzalupo-web/equipment-access.yaml/@/equipment_lists/2/items/13/notes/unclassified,source_effect,herder-churl-equipment-list (notes),bands/mordheim/mazzalupo-web/equipment-access.yaml,,,YES,Bearer/slot/combination restriction or explicit equipment equivalence affects construction of a legal duelist; pricing and shooting execution are excluded.,UNKNOWN,unbound,not_assessed,not_run,Scope review only; implementation and semantic evidence are not inferred.,,,,ready,,,not_applicable,not_applicable,not_applicable,,,needs_target_reconciliation,,,,,Sheepherders only; see Special Equipment (Strength test to acquire at warband creation exempt).,@/equipment_lists/2/items/13/notes,,,none,,Locate the current source/contract and reconcile its target before deciding whether new implementation is needed.,inventory,reviewed_source,construction,source/bands/mordheim/mazzalupo-web/equipment-access.yaml/@/equipment_lists/2/items/13/notes/unclassified,A,,unbound source prose names a A-family operator; assigned for review,9ba0925414fe51309b652a422488b5a7d39338a5cd917db98ac48939473f8e96,6e4a0dc55883942423e0d43eba7c3de0debd4d3245ce0b29dcbf9151f9a9facf,"[""sources/knowledge/bands/mordheim/mazzalupo-web/band.yaml"", ""sources/knowledge/bands/mordheim/mazzalupo-web/equipment-access.yaml"", ""sources/knowledge/bands/mordheim/mazzalupo-web/profiles.yaml""]"
source/bands/mordheim/militiant-mootlanders-mim/equipment-access.yaml/@/equipment_lists/0/items/21/notes/unclassified,source_effect,heroes-equipment-list (notes),bands/mordheim/militiant-mootlanders-mim/equipment-access.yaml,,,YES,"The note itself states a melee save, strike order, automatic hit, poison, attack property or retained weapon rule; price/Movement clauses remain excluded.",UNKNOWN,unbound,not_assessed,not_run,Scope review only; implementation and semantic evidence are not inferred.,,,,ready,,,not_applicable,not_applicable,not_applicable,,,needs_target_reconciliation,,,,,"Heroes equipment list price. Rare 15; first round of every close combat; one missed attack hits automatically. The special-equipment entry prints 250 gc for the same item (source erratum; list price operative, see discrepancy-verdicts.md).",@/equipment_lists/0/items/21/notes,,,none,,Locate the current source/contract and reconcile its target before deciding whether new implementation is needed.,inventory,reviewed_source,combat,source/bands/mordheim/militiant-mootlanders-mim/equipment-access.yaml/@/equipment_lists/0/items/21/notes/unclassified,A,,unbound source prose names a A-family operator; assigned for review,90eafaa0abb5fdcf1cf5768629ff0d3aa5d3773b890cd851486153767bbfa2d0,946903f3e3a9ce53e6c3b1beef5eb71ffdc093ddfb1c3cf9a2b0ddb335ee3fa0,"[""sources/knowledge/bands/mordheim/militiant-mootlanders-mim/band.yaml"", ""sources/knowledge/bands/mordheim/militiant-mootlanders-mim/equipment-access.yaml"", ""sources/knowledge/bands/mordheim/militiant-mootlanders-mim/profiles.yaml""]"
source/bands/mordheim/night-goblins-kaz/equipment-access.yaml/@/equipment_lists/1/items/0/notes/unclassified,source_effect,fanatic-equipment-list (notes),bands/mordheim/night-goblins-kaz/equipment-access.yaml,,,YES,"The note itself states a melee save, strike order, automatic hit, poison, attack property or retained weapon rule; price/Movement clauses remain excluded.",UNKNOWN,unbound,not_assessed,not_run,Scope review only; implementation and semantic evidence are not inferred.,,,,ready,,,not_applicable,not_applicable,not_applicable,,,needs_target_reconciliation,,,,,"Poison daggers, Common (Fanatics only); counts as Black Lotus, re-applied free after every game.",@/equipment_lists/1/items/0/notes,,,none,,Locate the current source/contract and reconcile its target before deciding whether new implementation is needed.,inventory,reviewed_source,combat,source/bands/mordheim/night-goblins-kaz/equipment-access.yaml/@/equipment_lists/1/items/0/notes/unclassified,A,,unbound source prose names a A-family operator; assigned for review,7af371c06aab07fd7912a123ab90bca9832272ee383e2fff09e78c87228b34bd,c8f3ed178d5de70f15e137425a45e5f47030f5b715b4643bcefb7b3a971b8c59,"[""sources/knowledge/bands/mordheim/night-goblins-kaz/band.yaml"", ""sources/knowledge/bands/mordheim/night-goblins-kaz/equipment-access.yaml"", ""sources/knowledge/bands/mordheim/night-goblins-kaz/profiles.yaml""]"
source/bands/mordheim/norse-explorers-btb/profiles.yaml/@/profiles/2/equipment_restrictions/0/unclassified,source_effect,Wulfen (equipment_restrictions),bands/mordheim/norse-explorers-btb/profiles.yaml,0 – 1 Wulfen,https://mordheimer.net/docs/warbands/grade-1b-warbands/norse,YES,"Printed kit/access, hand/armour restriction or intrinsic unarmed attack affects the constructed melee duelist; any movement/campaign clauses remain excluded.",UNKNOWN,unbound,not_assessed,not_run,Scope review only; implementation and semantic evidence are not inferred.,,,,ready,,,not_applicable,not_applicable,not_applicable,,,needs_target_reconciliation,,,,,May never use weapons or armour and suffers no penalty for fighting unarmed.,@/profiles/2/equipment_restrictions/0,,,none,,Locate the current source/contract and reconcile its target before deciding whether new implementation is needed.,inventory,reviewed_source,construction,source/bands/mordheim/norse-explorers-btb/profiles.yaml/@/profiles/2/equipment_restrictions/0/unclassified,A,,unbound source prose names a A-family operator; assigned for review,57b7c015620850e387c3f5ed1d34f3657135d55a6de365ad3023ae4a7228ea6b,1aed098468ce5daace6847a79648dc68f08d6007e4a52cbd0073b423968d2e15,"[""sources/knowledge/bands/mordheim/norse-explorers-btb/band.yaml"", ""sources/knowledge/bands/mordheim/norse-explorers-btb/equipment-access.yaml"", ""sources/knowledge/bands/mordheim/norse-explorers-btb/profiles.yaml""]"
source/bands/mordheim/norse-explorers-lustria/profiles.yaml/@/profiles/2/equipment_restrictions/0/unclassified,source_effect,Wulfen (equipment_restrictions),bands/mordheim/norse-explorers-lustria/profiles.yaml,0 – 1 Wulfen,https://mordheimer.net/docs/warbands/grade-1b-warbands/norse,YES,"Printed kit/access, hand/armour restriction or intrinsic unarmed attack affects the constructed melee duelist; any movement/campaign clauses remain excluded.",UNKNOWN,unbound,not_assessed,not_run,Scope review only; implementation and semantic evidence are not inferred.,,,,ready,,,not_applicable,not_applicable,not_applicable,,,needs_target_reconciliation,,,,,May never use weapons or armour and suffers no penalty for fighting unarmed.,@/profiles/2/equipment_restrictions/0,,,none,,Locate the current source/contract and reconcile its target before deciding whether new implementation is needed.,inventory,reviewed_source,construction,source/bands/mordheim/norse-explorers-lustria/profiles.yaml/@/profiles/2/equipment_restrictions/0/unclassified,A,,unbound source prose names a A-family operator; assigned for review,57b7c015620850e387c3f5ed1d34f3657135d55a6de365ad3023ae4a7228ea6b,7a7118be87e4a34d77c54e8c345f83d6945ad1f6816ee137b4ac4cc9d8a12e67,"[""sources/knowledge/bands/mordheim/norse-explorers-lustria/band.yaml"", ""sources/knowledge/bands/mordheim/norse-explorers-lustria/equipment-access.yaml"", ""sources/knowledge/bands/mordheim/norse-explorers-lustria/profiles.yaml""]"
source/bands/mordheim/pirates-of-the-cathayan-sea-sar/profiles.yaml/@/profiles/2/equipment_restrictions/0/unclassified,source_effect,Dragon Monk (equipment_restrictions),bands/mordheim/pirates-of-the-cathayan-sea-sar/profiles.yaml,Heroes / 0-1 Dragon Monk,https://broheim.net/downloads/warbands/supplement/sartosa/Pirates%20of%20the%20Cathayan%20Sea.pdf,YES,"Printed kit/access, hand/armour restriction or intrinsic unarmed attack affects the constructed melee duelist; any movement/campaign clauses remain excluded.",UNKNOWN,unbound,not_assessed,not_run,Scope review only; implementation and semantic evidence are not inferred.,,,,ready,,,not_applicable,not_applicable,not_applicable,,,needs_target_reconciliation,,,,,May never wear armour. Suffers no penalties for fighting unarmed and receives +1 Attack when doing so.,@/profiles/2/equipment_restrictions/0,,,none,,Locate the current source/contract and reconcile its target before deciding whether new implementation is needed.,inventory,reviewed_source,construction,source/bands/mordheim/pirates-of-the-cathayan-sea-sar/profiles.yaml/@/profiles/2/equipment_restrictions/0/unclassified,A,,unbound source prose names a A-family operator; assigned for review,6bc39639ce3e97ff9c2f3018affd91410f5cebb0dc54b6671187fb6c0181511b,3b38af9bfa3550659eadcef19ca370baffbb51a316b32ea4bd5dfc18744261ec,"[""sources/knowledge/bands/mordheim/pirates-of-the-cathayan-sea-sar/band.yaml"", ""sources/knowledge/bands/mordheim/pirates-of-the-cathayan-sea-sar/equipment-access.yaml"", ""sources/knowledge/bands/mordheim/pirates-of-the-cathayan-sea-sar/profiles.yaml""]"
source/bands/mordheim/pit-fighters/equipment-access.yaml/@/equipment_lists/2/items/10/notes/unclassified,source_effect,ogre-slayer-equipment-list (notes),bands/mordheim/pit-fighters/equipment-access.yaml,,,YES,Bearer/slot/combination restriction or explicit equipment equivalence affects construction of a legal duelist; pricing and shooting execution are excluded.,UNKNOWN,unbound,not_assessed,not_run,Scope review only; implementation and semantic evidence are not inferred.,,,,ready,,,not_applicable,not_applicable,not_applicable,,,needs_target_reconciliation,,,,,Ogre Pit Fighter only.,@/equipment_lists/2/items/10/notes,,,none,,Locate the current source/contract and reconcile its target before deciding whether new implementation is needed.,inventory,reviewed_source,construction,source/bands/mordheim/pit-fighters/equipment-access.yaml/@/equipment_lists/2/items/10/notes/unclassified,A,,unbound source prose names a A-family operator; assigned for review,ee6caf42a6009f5ff91de04b9cd3ba3c8bf18df0a242f25c1a6d497fe3617390,8d6c1928e27f35660dc2c95677e2a96972a515bea743c7984cdae2c36f22cf94,"[""sources/knowledge/bands/mordheim/pit-fighters/band.yaml"", ""sources/knowledge/bands/mordheim/pit-fighters/equipment-access.yaml"", ""sources/knowledge/bands/mordheim/pit-fighters/profiles.yaml""]"
source/bands/mordheim/pit-fighters/equipment-access.yaml/@/equipment_lists/2/items/9/notes/unclassified,source_effect,ogre-slayer-equipment-list (notes),bands/mordheim/pit-fighters/equipment-access.yaml,,,YES,Bearer/slot/combination restriction or explicit equipment equivalence affects construction of a legal duelist; pricing and shooting execution are excluded.,UNKNOWN,unbound,not_assessed,not_run,Scope review only; implementation and semantic evidence are not inferred.,,,,ready,,,not_applicable,not_applicable,not_applicable,,,needs_target_reconciliation,,,,,Ogre Pit Fighter only.,@/equipment_lists/2/items/9/notes,,,none,,Locate the current source/contract and reconcile its target before deciding whether new implementation is needed.,inventory,reviewed_source,construction,source/bands/mordheim/pit-fighters/equipment-access.yaml/@/equipment_lists/2/items/9/notes/unclassified,A,,unbound source prose names a A-family operator; assigned for review,ee6caf42a6009f5ff91de04b9cd3ba3c8bf18df0a242f25c1a6d497fe3617390,18b923fddef03f6fed14974035ab9d8a8ee83a7ec152d6109fa14f4d9ac7b031,"[""sources/knowledge/bands/mordheim/pit-fighters/band.yaml"", ""sources/knowledge/bands/mordheim/pit-fighters/equipment-access.yaml"", ""sources/knowledge/bands/mordheim/pit-fighters/profiles.yaml""]"
source/bands/mordheim/restless-dead/profiles.yaml/@/profiles/3/equipment_restrictions/0/unclassified,source_effect,Zombies (equipment_restrictions),bands/mordheim/restless-dead/profiles.yaml,Zombies,https://mordheimer.net/docs/warbands/grade-1c-warbands/restless-dead,YES,"Printed kit/access, hand/armour restriction or intrinsic unarmed attack affects the constructed melee duelist; any movement/campaign clauses remain excluded.",UNKNOWN,unbound,not_assessed,not_run,Scope review only; implementation and semantic evidence are not inferred.,,,,ready,,,not_applicable,not_applicable,not_applicable,,,needs_target_reconciliation,,,,,May not carry weapons or wear armour and suffers no penalty for fighting unarmed.,@/profiles/3/equipment_restrictions/0,,,none,,Locate the current source/contract and reconcile its target before deciding whether new implementation is needed.,inventory,reviewed_source,construction,source/bands/mordheim/restless-dead/profiles.yaml/@/profiles/3/equipment_restrictions/0/unclassified,A,,unbound source prose names a A-family operator; assigned for review,5bb2e78ffa87e6c79a490be8bdbd462e095f141fcd1e4dbc91a3ab201164f75f,4b624ee4e32275e0a3decc2a4fc8ef2eb1cf66538902467b4ad442e6a306163a,"[""sources/knowledge/bands/mordheim/restless-dead/band.yaml"", ""sources/knowledge/bands/mordheim/restless-dead/equipment-access.yaml"", ""sources/knowledge/bands/mordheim/restless-dead/profiles.yaml""]"
source/bands/mordheim/restless-dead/profiles.yaml/@/profiles/6/equipment_restrictions/0/unclassified,source_effect,Scarecrows (equipment_restrictions),bands/mordheim/restless-dead/profiles.yaml,0 - 2 Scarecrows,https://mordheimer.net/docs/warbands/grade-1c-warbands/restless-dead,YES,"Printed kit/access, hand/armour restriction or intrinsic unarmed attack affects the constructed melee duelist; any movement/campaign clauses remain excluded.",UNKNOWN,unbound,not_assessed,not_run,Scope review only; implementation and semantic evidence are not inferred.,,,,ready,,,not_applicable,not_applicable,not_applicable,,,needs_target_reconciliation,,,,,Carries no equipment and suffers no penalty for fighting unarmed.,@/profiles/6/equipment_restrictions/0,,,none,,Locate the current source/contract and reconcile its target before deciding whether new implementation is needed.,inventory,reviewed_source,construction,source/bands/mordheim/restless-dead/profiles.yaml/@/profiles/6/equipment_restrictions/0/unclassified,A,,unbound source prose names a A-family operator; assigned for review,759230c1f84e0d24d4ae97d2ea5ec2bd0e5e7499933d1fc3642b62460454fcec,bf9f3d1db9a53a7b9e1fd63aa69d77ff14a9e51075b35fa5bebdd72f618c9360,"[""sources/knowledge/bands/mordheim/restless-dead/band.yaml"", ""sources/knowledge/bands/mordheim/restless-dead/equipment-access.yaml"", ""sources/knowledge/bands/mordheim/restless-dead/profiles.yaml""]"
source/bands/mordheim/snotlings-web/profiles.yaml/@/profiles/7/equipment_restrictions/0/unclassified,source_effect,Snotling Wheelo (equipment_restrictions),bands/mordheim/snotlings-web/profiles.yaml,0-1 Snotling Wheelo,https://mordheimer.net/docs/warbands/grade-2a-warbands/snotlings,YES,"Printed kit/access, hand/armour restriction or intrinsic unarmed attack affects the constructed melee duelist; any movement/campaign clauses remain excluded.",UNKNOWN,unbound,not_assessed,not_run,Scope review only; implementation and semantic evidence are not inferred.,,,,ready,,,not_applicable,not_applicable,not_applicable,,,needs_target_reconciliation,,,,,"The Crew of the Wheelo are armed with a Dagger and 1 Pebble. Movement 0 (1D6"" walking / 2D6"" run or charge, rolled each turn). Uses a 40mm base.",@/profiles/7/equipment_restrictions/0,,,none,,Locate the current source/contract and reconcile its target before deciding whether new implementation is needed.,inventory,reviewed_source,construction,source/bands/mordheim/snotlings-web/profiles.yaml/@/profiles/7/equipment_restrictions/0/unclassified,A,,unbound source prose names a A-family operator; assigned for review,f6d1a8582ba7216d0c342f19f05b05a5b13982a5b5d937c6b349383c0899c2ce,a4ea2f07cbc0e4347f002724f8629a0924344de409cd8071451927ebb1c03c5f,"[""sources/knowledge/bands/mordheim/snotlings-web/band.yaml"", ""sources/knowledge/bands/mordheim/snotlings-web/equipment-access.yaml"", ""sources/knowledge/bands/mordheim/snotlings-web/profiles.yaml""]"
source/bands/mordheim/survivors-of-strigos-sylv/profiles.yaml/@/profiles/0/equipment_restrictions/0/unclassified,source_effect,Strigoi Vampire (equipment_restrictions),bands/mordheim/survivors-of-strigos-sylv/profiles.yaml,1 Strigoi Vampire,https://mordheimer.net/docs/warbands/grade-2a-warbands/survivors-of-strigos,YES,"Printed kit/access, hand/armour restriction or intrinsic unarmed attack affects the constructed melee duelist; any movement/campaign clauses remain excluded.",UNKNOWN,unbound,not_assessed,not_run,Scope review only; implementation and semantic evidence are not inferred.,,,,ready,,,not_applicable,not_applicable,not_applicable,,,needs_target_reconciliation,,,,,"A Strigoi Vampire may not wield any weapons, as it relies upon brute strength, tooth and claw. They do not suffer from any penalties for fighting unarmed.",@/profiles/0/equipment_restrictions/0,,,none,,Locate the current source/contract and reconcile its target before deciding whether new implementation is needed.,inventory,reviewed_source,construction,source/bands/mordheim/survivors-of-strigos-sylv/profiles.yaml/@/profiles/0/equipment_restrictions/0/unclassified,A,,unbound source prose names a A-family operator; assigned for review,6eaee8bbb5cda9d662291ab29def70a17688f15e27cd1cbbbc267d253f5a3a2d,5456d2bcb967a438c94c18d1dab8ed5e9ec6c59d6ca4fbd1d33fd3528a451d12,"[""sources/knowledge/bands/mordheim/survivors-of-strigos-sylv/band.yaml"", ""sources/knowledge/bands/mordheim/survivors-of-strigos-sylv/equipment-access.yaml"", ""sources/knowledge/bands/mordheim/survivors-of-strigos-sylv/profiles.yaml""]"
source/bands/mordheim/tomb-guardians/profiles.yaml/@/profiles/5/equipment_restrictions/0/unclassified,source_effect,Tomb Scorpions (equipment_restrictions),bands/mordheim/tomb-guardians/profiles.yaml,0 – 3 Tomb Scorpions,https://mordheimer.net/docs/warbands/grade-1b-warbands/tomb-guardians,YES,"Printed kit/access, hand/armour restriction or intrinsic unarmed attack affects the constructed melee duelist; any movement/campaign clauses remain excluded.",UNKNOWN,unbound,not_assessed,not_run,Scope review only; implementation and semantic evidence are not inferred.,,,,ready,,,not_applicable,not_applicable,not_applicable,,,needs_target_reconciliation,,,,,Tomb Scorpions do not use weapons or armour.,@/profiles/5/equipment_restrictions/0,,,none,,Locate the current source/contract and reconcile its target before deciding whether new implementation is needed.,inventory,reviewed_source,construction,source/bands/mordheim/tomb-guardians/profiles.yaml/@/profiles/5/equipment_restrictions/0/unclassified,A,,unbound source prose names a A-family operator; assigned for review,80fc2ac2a43b972f551e3bd3cbd471de1879ad3be4205efb5e9ca80d0c31dd0d,30e8cab447b02b008ee22d88d588015225a95c07afd0a49cecac57a457581e69,"[""sources/knowledge/bands/mordheim/tomb-guardians/band.yaml"", ""sources/knowledge/bands/mordheim/tomb-guardians/equipment-access.yaml"", ""sources/knowledge/bands/mordheim/tomb-guardians/profiles.yaml""]"
source/bands/mordheim/undead/profiles.yaml/@/profiles/3/equipment_restrictions/0/unclassified,source_effect,Ghouls (equipment_restrictions),bands/mordheim/undead/profiles.yaml,Ghouls,https://mordheimer.net/docs/warbands/grade-1a-warbands/undead,YES,"Printed kit/access, hand/armour restriction or intrinsic unarmed attack affects the constructed melee duelist; any movement/campaign clauses remain excluded.",UNKNOWN,unbound,not_assessed,not_run,Scope review only; implementation and semantic evidence are not inferred.,,,,ready,,,not_applicable,not_applicable,not_applicable,,,needs_target_reconciliation,,,,,"Ghouls never carry equipment. Their primitive bones, teeth and claws are treated as intrinsic attacks rather than purchased equipment.",@/profiles/3/equipment_restrictions/0,,,none,,Locate the current source/contract and reconcile its target before deciding whether new implementation is needed.,inventory,reviewed_source,construction,source/bands/mordheim/undead/profiles.yaml/@/profiles/3/equipment_restrictions/0/unclassified,A,,unbound source prose names a A-family operator; assigned for review,943f7e3d829a94676e2bd49dac0bc9baaa94d5384ed6604a77cc99a65fa12a60,570e279071199ed6b6d455b841e799883df6bedabe19741487614ee8d39d2fa7,"[""sources/knowledge/bands/mordheim/undead/band.yaml"", ""sources/knowledge/bands/mordheim/undead/equipment-access.yaml"", ""sources/knowledge/bands/mordheim/undead/profiles.yaml""]"
source/bands/trollheim/chaos-streets-undead-bloodlines/profiles.yaml/@/profiles/3/equipment_restrictions/2/unclassified,source_effect,Necrarch Vampire (equipment_restrictions),bands/trollheim/chaos-streets-undead-bloodlines/profiles.yaml,1 Necrarch Vampire,,YES,"Printed kit/access, hand/armour restriction or intrinsic unarmed attack affects the constructed melee duelist; any movement/campaign clauses remain excluded.",UNKNOWN,unbound,not_assessed,not_run,Scope review only; implementation and semantic evidence are not inferred.,,,,ready,,,not_applicable,not_applicable,not_applicable,,,needs_target_reconciliation,,,,,May never acquire Strength skills.,@/profiles/3/equipment_restrictions/2,,,none,,Locate the current source/contract and reconcile its target before deciding whether new implementation is needed.,inventory,reviewed_source,construction,source/bands/trollheim/chaos-streets-undead-bloodlines/profiles.yaml/@/profiles/3/equipment_restrictions/2/unclassified,A,,unbound source prose names a A-family operator; assigned for review,f5c73b6285a9714ac1b2e95cf31aa03629c1705dab1b763b8950ec740fac8be0,a55cf45f06ade77255ed2a171b750e7b118c45a94a58eb3834c7c69cc8c7e2b9,"[""sources/knowledge/bands/trollheim/chaos-streets-undead-bloodlines/band.yaml"", ""sources/knowledge/bands/trollheim/chaos-streets-undead-bloodlines/equipment-access.yaml"", ""sources/knowledge/bands/trollheim/chaos-streets-undead-bloodlines/profiles.yaml""]"
source/bands/trollheim/khemri-lahmian-brotherhood/equipment-access.yaml/@/equipment_lists/0/items/7/notes/unclassified,source_effect,foreign-undead-equipment-list (notes),bands/trollheim/khemri-lahmian-brotherhood/equipment-access.yaml,,,YES,Bearer/slot/combination restriction or explicit equipment equivalence affects construction of a legal duelist; pricing and shooting execution are excluded.,UNKNOWN,unbound,not_assessed,not_run,Scope review only; implementation and semantic evidence are not inferred.,,,,ready,,,not_applicable,not_applicable,not_applicable,,,needs_target_reconciliation,,,,,Lahmian Vampire and Blood Sister only. Rare 8. Internal weapon and poison mechanics are intentionally not modelled here.,@/equipment_lists/0/items/7/notes,,,none,,Locate the current source/contract and reconcile its target before deciding whether new implementation is needed.,inventory,reviewed_source,construction,source/bands/trollheim/khemri-lahmian-brotherhood/equipment-access.yaml/@/equipment_lists/0/items/7/notes/unclassified,A,,unbound source prose names a A-family operator; assigned for review,ebd6686d8d85c5fb1ff7bc11dfa442e731083a574b9aa2f3412beedcfb2ca04e,542816eb7afb4abf230345be30797ccda2e008d68087429553e8b1f5d50e7e22,"[""sources/knowledge/bands/trollheim/khemri-lahmian-brotherhood/band.yaml"", ""sources/knowledge/bands/trollheim/khemri-lahmian-brotherhood/equipment-access.yaml"", ""sources/knowledge/bands/trollheim/khemri-lahmian-brotherhood/profiles.yaml""]"
source/bands/trollheim/khemri-lahmian-brotherhood/equipment-access.yaml/@/equipment_lists/2/items/7/notes/unclassified,source_effect,native-undead-equipment-list (notes),bands/trollheim/khemri-lahmian-brotherhood/equipment-access.yaml,,,YES,Bearer/slot/combination restriction or explicit equipment equivalence affects construction of a legal duelist; pricing and shooting execution are excluded.,UNKNOWN,unbound,not_assessed,not_run,Scope review only; implementation and semantic evidence are not inferred.,,,,ready,,,not_applicable,not_applicable,not_applicable,,,needs_target_reconciliation,,,,,Lahmian Vampire and Blood Sister only. Rare 8. Internal weapon and poison mechanics are intentionally not modelled here.,@/equipment_lists/2/items/7/notes,,,none,,Locate the current source/contract and reconcile its target before deciding whether new implementation is needed.,inventory,reviewed_source,construction,source/bands/trollheim/khemri-lahmian-brotherhood/equipment-access.yaml/@/equipment_lists/2/items/7/notes/unclassified,A,,unbound source prose names a A-family operator; assigned for review,ebd6686d8d85c5fb1ff7bc11dfa442e731083a574b9aa2f3412beedcfb2ca04e,54b681fc19a5967799b37a983e6bfbf8c9ddf412d1365b1d59a8ef064dbb477c,"[""sources/knowledge/bands/trollheim/khemri-lahmian-brotherhood/band.yaml"", ""sources/knowledge/bands/trollheim/khemri-lahmian-brotherhood/equipment-access.yaml"", ""sources/knowledge/bands/trollheim/khemri-lahmian-brotherhood/profiles.yaml""]"
source/bands/trollheim/khemri-necromancers/profiles.yaml/@/profiles/4/equipment_restrictions/0/unclassified,source_effect,Nehekharan Vultures (equipment_restrictions),bands/trollheim/khemri-necromancers/profiles.yaml,0-5 Nehekharan Vultures,,YES,"Printed kit/access, hand/armour restriction or intrinsic unarmed attack affects the constructed melee duelist; any movement/campaign clauses remain excluded.",UNKNOWN,unbound,not_assessed,not_run,Scope review only; implementation and semantic evidence are not inferred.,,,,ready,,,not_applicable,not_applicable,not_applicable,,,needs_target_reconciliation,,,,,Nehekharan Vultures are animals and never use weapons or armour; their sharp beaks are natural attacks.,@/profiles/4/equipment_restrictions/0,,,none,,Locate the current source/contract and reconcile its target before deciding whether new implementation is needed.,inventory,reviewed_source,construction,source/bands/trollheim/khemri-necromancers/profiles.yaml/@/profiles/4/equipment_restrictions/0/unclassified,A,,unbound source prose names a A-family operator; assigned for review,e604d12130618de862b8d21fda787e381477db27e742ee1bcbe915df0ce26c70,c74ddedb5e0bd75f40f1ffb7355a9eaace07b384e6a7d9f8119da3dce8d67ae7,"[""sources/knowledge/bands/trollheim/khemri-necromancers/band.yaml"", ""sources/knowledge/bands/trollheim/khemri-necromancers/equipment-access.yaml"", ""sources/knowledge/bands/trollheim/khemri-necromancers/profiles.yaml""]"
source/bands/trollheim/khemri-tomb-guardians/profiles.yaml/@/profiles/6/equipment_restrictions/0/unclassified,source_effect,Tomb Scorpions (equipment_restrictions),bands/trollheim/khemri-tomb-guardians/profiles.yaml,0-3 Tomb Scorpions,,YES,"Printed kit/access, hand/armour restriction or intrinsic unarmed attack affects the constructed melee duelist; any movement/campaign clauses remain excluded.",UNKNOWN,unbound,not_assessed,not_run,Scope review only; implementation and semantic evidence are not inferred.,,,,ready,,,not_applicable,not_applicable,not_applicable,,,needs_target_reconciliation,,,,,Tomb Scorpions do not use weapons or armour.,@/profiles/6/equipment_restrictions/0,,,none,,Locate the current source/contract and reconcile its target before deciding whether new implementation is needed.,inventory,reviewed_source,construction,source/bands/trollheim/khemri-tomb-guardians/profiles.yaml/@/profiles/6/equipment_restrictions/0/unclassified,A,,unbound source prose names a A-family operator; assigned for review,80fc2ac2a43b972f551e3bd3cbd471de1879ad3be4205efb5e9ca80d0c31dd0d,d02c6daf1f96cd3106be03096340d32d6eb3b6a899fda08bdaa3c31e8ed09346,"[""sources/knowledge/bands/trollheim/khemri-tomb-guardians/band.yaml"", ""sources/knowledge/bands/trollheim/khemri-tomb-guardians/equipment-access.yaml"", ""sources/knowledge/bands/trollheim/khemri-tomb-guardians/profiles.yaml""]"
source/bands/trollheim/lustria-amazons/profiles.yaml/@/profiles/5/equipment_restrictions/0/unclassified,source_effect,Great Cats (equipment_restrictions),bands/trollheim/lustria-amazons/profiles.yaml,0-3 Great Cats,,YES,"Printed kit/access, hand/armour restriction or intrinsic unarmed attack affects the constructed melee duelist; any movement/campaign clauses remain excluded.",UNKNOWN,unbound,not_assessed,not_run,Scope review only; implementation and semantic evidence are not inferred.,,,,ready,,,not_applicable,not_applicable,not_applicable,,,needs_target_reconciliation,,,,,Great Cats are animals and never use weapons or armour; their claws and jaws are natural attacks.,@/profiles/5/equipment_restrictions/0,,,none,,Locate the current source/contract and reconcile its target before deciding whether new implementation is needed.,inventory,reviewed_source,construction,source/bands/trollheim/lustria-amazons/profiles.yaml/@/profiles/5/equipment_restrictions/0/unclassified,A,,unbound source prose names a A-family operator; assigned for review,3c4efe1fe85a291ab62edcd15110e47a3365b4eb92ee9fddfca4b748003f0989,27771f0db1f46b251dbda36d8f2a418110cab9fcc458365fe54a2dbd758dc18b,"[""sources/knowledge/bands/trollheim/lustria-amazons/band.yaml"", ""sources/knowledge/bands/trollheim/lustria-amazons/equipment-access.yaml"", ""sources/knowledge/bands/trollheim/lustria-amazons/profiles.yaml""]"
source/bands/trollheim/lustria-dark-elves/equipment-access.yaml/@/equipment_lists/0/items/14/notes/unclassified,source_effect,dark-elf-equipment-list (notes),bands/trollheim/lustria-dark-elves/equipment-access.yaml,,,YES,Bearer/slot/combination restriction or explicit equipment equivalence affects construction of a legal duelist; pricing and shooting execution are excluded.,UNKNOWN,unbound,not_assessed,not_run,Scope review only; implementation and semantic evidence are not inferred.,,,,ready,,,not_applicable,not_applicable,not_applicable,,,needs_target_reconciliation,,,,,Heroes only; internal poison mechanics are not modelled here. Source label: black venom.,@/equipment_lists/0/items/14/notes,,,none,,Locate the current source/contract and reconcile its target before deciding whether new implementation is needed.,inventory,reviewed_source,construction,source/bands/trollheim/lustria-dark-elves/equipment-access.yaml/@/equipment_lists/0/items/14/notes/unclassified,A,,unbound source prose names a A-family operator; assigned for review,91d5c90add7c0ce46efe282de8864143b77c0878fdb3b330c64f1168b1668ff3,0166e9a21351247b1fc80a1075e3d175d06ba1670f1823a930b8c9fe9eb7b10e,"[""sources/knowledge/bands/trollheim/lustria-dark-elves/band.yaml"", ""sources/knowledge/bands/trollheim/lustria-dark-elves/equipment-access.yaml"", ""sources/knowledge/bands/trollheim/lustria-dark-elves/profiles.yaml""]"
source/bands/trollheim/lustria-dark-elves/profiles.yaml/@/profiles/4/equipment_restrictions/2/unclassified,source_effect,Corsairs (equipment_restrictions),bands/trollheim/lustria-dark-elves/profiles.yaml,Corsairs,,YES,"Printed kit/access, hand/armour restriction or intrinsic unarmed attack affects the constructed melee duelist; any movement/campaign clauses remain excluded.",UNKNOWN,unbound,not_assessed,not_run,Scope review only; implementation and semantic evidence are not inferred.,,,,ready,,,not_applicable,not_applicable,not_applicable,,,needs_target_reconciliation,,,,,May not select Black Venom or Draich; those entries are Heroes only.,@/profiles/4/equipment_restrictions/2,,,none,,Locate the current source/contract and reconcile its target before deciding whether new implementation is needed.,inventory,reviewed_source,construction,source/bands/trollheim/lustria-dark-elves/profiles.yaml/@/profiles/4/equipment_restrictions/2/unclassified,A,,unbound source prose names a A-family operator; assigned for review,5587c0eff52f4c357778ff311a773af461b9da565f1c2ef60eb57b9eb8c53128,b514b62c5ffa66ae4bad78b0d10530aaf1cb0def25dd4f8df2d6296212389e8a,"[""sources/knowledge/bands/trollheim/lustria-dark-elves/band.yaml"", ""sources/knowledge/bands/trollheim/lustria-dark-elves/equipment-access.yaml"", ""sources/knowledge/bands/trollheim/lustria-dark-elves/profiles.yaml""]"
source/bands/trollheim/lustria-dark-elves/profiles.yaml/@/profiles/6/equipment_restrictions/0/unclassified,source_effect,Cold Ones (equipment_restrictions),bands/trollheim/lustria-dark-elves/profiles.yaml,0-2 Cold Ones,,YES,"Printed kit/access, hand/armour restriction or intrinsic unarmed attack affects the constructed melee duelist; any movement/campaign clauses remain excluded.",UNKNOWN,unbound,not_assessed,not_run,Scope review only; implementation and semantic evidence are not inferred.,,,,ready,,,not_applicable,not_applicable,not_applicable,,,needs_target_reconciliation,,,,,Cold Ones are animals and never use weapons or armour; their claws and jaws are natural attacks.,@/profiles/6/equipment_restrictions/0,,,none,,Locate the current source/contract and reconcile its target before deciding whether new implementation is needed.,inventory,reviewed_source,construction,source/bands/trollheim/lustria-dark-elves/profiles.yaml/@/profiles/6/equipment_restrictions/0/unclassified,A,,unbound source prose names a A-family operator; assigned for review,8857d128400fe11afc07953a87afd1da5ad4c2b67ca235c06ba9d72828d1d266,9d5c4fc132d4a8eb2966f12bd3ee11d6818badd26100075fa18a1af9bb266d47,"[""sources/knowledge/bands/trollheim/lustria-dark-elves/band.yaml"", ""sources/knowledge/bands/trollheim/lustria-dark-elves/equipment-access.yaml"", ""sources/knowledge/bands/trollheim/lustria-dark-elves/profiles.yaml""]"
source/bands/trollheim/lustria-high-elves/profiles.yaml/@/profiles/0/equipment_restrictions/1/unclassified,source_effect,Loremaster (equipment_restrictions),bands/trollheim/lustria-high-elves/profiles.yaml,1 Loremaster,,YES,"Printed kit/access, hand/armour restriction or intrinsic unarmed attack affects the constructed melee duelist; any movement/campaign clauses remain excluded.",UNKNOWN,unbound,not_assessed,not_run,Scope review only; implementation and semantic evidence are not inferred.,,,,ready,,,not_applicable,not_applicable,not_applicable,,,needs_target_reconciliation,,,,,May never use drugs or poisons.,@/profiles/0/equipment_restrictions/1,,,none,,Locate the current source/contract and reconcile its target before deciding whether new implementation is needed.,inventory,reviewed_source,construction,source/bands/trollheim/lustria-high-elves/profiles.yaml/@/profiles/0/equipment_restrictions/1/unclassified,A,,unbound source prose names a A-family operator; assigned for review,2f3f7c65dfd7b254cde31e88ba7b3fe23aa22787c7d9ee00fff0f95e974ba3e4,88caaa3b2da6485d4cbf241d0478ae272286b961de5eb03a839a17f12a6baad9,"[""sources/knowledge/bands/trollheim/lustria-high-elves/band.yaml"", ""sources/knowledge/bands/trollheim/lustria-high-elves/equipment-access.yaml"", ""sources/knowledge/bands/trollheim/lustria-high-elves/profiles.yaml""]"
source/bands/trollheim/lustria-high-elves/profiles.yaml/@/profiles/1/equipment_restrictions/1/unclassified,source_effect,Sword Guardians (equipment_restrictions),bands/trollheim/lustria-high-elves/profiles.yaml,0-2 Sword Guardians,,YES,"Printed kit/access, hand/armour restriction or intrinsic unarmed attack affects the constructed melee duelist; any movement/campaign clauses remain excluded.",UNKNOWN,unbound,not_assessed,not_run,Scope review only; implementation and semantic evidence are not inferred.,,,,ready,,,not_applicable,not_applicable,not_applicable,,,needs_target_reconciliation,,,,,May never use drugs or poisons.,@/profiles/1/equipment_restrictions/1,,,none,,Locate the current source/contract and reconcile its target before deciding whether new implementation is needed.,inventory,reviewed_source,construction,source/bands/trollheim/lustria-high-elves/profiles.yaml/@/profiles/1/equipment_restrictions/1/unclassified,A,,unbound source prose names a A-family operator; assigned for review,2f3f7c65dfd7b254cde31e88ba7b3fe23aa22787c7d9ee00fff0f95e974ba3e4,88ca160074609c8994254400c1dd0d681ecf6ceb5714fe94d05a98bf45ce1da3,"[""sources/knowledge/bands/trollheim/lustria-high-elves/band.yaml"", ""sources/knowledge/bands/trollheim/lustria-high-elves/equipment-access.yaml"", ""sources/knowledge/bands/trollheim/lustria-high-elves/profiles.yaml""]"
source/bands/trollheim/lustria-high-elves/profiles.yaml/@/profiles/2/equipment_restrictions/1/unclassified,source_effect,Explorers (equipment_restrictions),bands/trollheim/lustria-high-elves/profiles.yaml,0-2 Explorers,,YES,"Printed kit/access, hand/armour restriction or intrinsic unarmed attack affects the constructed melee duelist; any movement/campaign clauses remain excluded.",UNKNOWN,unbound,not_assessed,not_run,Scope review only; implementation and semantic evidence are not inferred.,,,,ready,,,not_applicable,not_applicable,not_applicable,,,needs_target_reconciliation,,,,,May never use drugs or poisons.,@/profiles/2/equipment_restrictions/1,,,none,,Locate the current source/contract and reconcile its target before deciding whether new implementation is needed.,inventory,reviewed_source,construction,source/bands/trollheim/lustria-high-elves/profiles.yaml/@/profiles/2/equipment_restrictions/1/unclassified,A,,unbound source prose names a A-family operator; assigned for review,2f3f7c65dfd7b254cde31e88ba7b3fe23aa22787c7d9ee00fff0f95e974ba3e4,d1bd6580beb6ef054f3600dc225c90a55beafdec1181bcdbf700a81f063dd924,"[""sources/knowledge/bands/trollheim/lustria-high-elves/band.yaml"", ""sources/knowledge/bands/trollheim/lustria-high-elves/equipment-access.yaml"", ""sources/knowledge/bands/trollheim/lustria-high-elves/profiles.yaml""]"
source/bands/trollheim/lustria-high-elves/profiles.yaml/@/profiles/3/equipment_restrictions/1/unclassified,source_effect,Sea Guard (equipment_restrictions),bands/trollheim/lustria-high-elves/profiles.yaml,Sea Guard,,YES,"Printed kit/access, hand/armour restriction or intrinsic unarmed attack affects the constructed melee duelist; any movement/campaign clauses remain excluded.",UNKNOWN,unbound,not_assessed,not_run,Scope review only; implementation and semantic evidence are not inferred.,,,,ready,,,not_applicable,not_applicable,not_applicable,,,needs_target_reconciliation,,,,,May never use drugs or poisons.,@/profiles/3/equipment_restrictions/1,,,none,,Locate the current source/contract and reconcile its target before deciding whether new implementation is needed.,inventory,reviewed_source,construction,source/bands/trollheim/lustria-high-elves/profiles.yaml/@/profiles/3/equipment_restrictions/1/unclassified,A,,unbound source prose names a A-family operator; assigned for review,2f3f7c65dfd7b254cde31e88ba7b3fe23aa22787c7d9ee00fff0f95e974ba3e4,fbb66e6365cf2aae42db9446d969c4483165e30ddeb5b164c991af54fda356f6,"[""sources/knowledge/bands/trollheim/lustria-high-elves/band.yaml"", ""sources/knowledge/bands/trollheim/lustria-high-elves/equipment-access.yaml"", ""sources/knowledge/bands/trollheim/lustria-high-elves/profiles.yaml""]"
source/bands/trollheim/lustria-high-elves/profiles.yaml/@/profiles/4/equipment_restrictions/1/unclassified,source_effect,Cadets (equipment_restrictions),bands/trollheim/lustria-high-elves/profiles.yaml,0-5 Cadets,,YES,"Printed kit/access, hand/armour restriction or intrinsic unarmed attack affects the constructed melee duelist; any movement/campaign clauses remain excluded.",UNKNOWN,unbound,not_assessed,not_run,Scope review only; implementation and semantic evidence are not inferred.,,,,ready,,,not_applicable,not_applicable,not_applicable,,,needs_target_reconciliation,,,,,May never use drugs or poisons.,@/profiles/4/equipment_restrictions/1,,,none,,Locate the current source/contract and reconcile its target before deciding whether new implementation is needed.,inventory,reviewed_source,construction,source/bands/trollheim/lustria-high-elves/profiles.yaml/@/profiles/4/equipment_restrictions/1/unclassified,A,,unbound source prose names a A-family operator; assigned for review,2f3f7c65dfd7b254cde31e88ba7b3fe23aa22787c7d9ee00fff0f95e974ba3e4,2388ad3dadbd8cb29ec880da84620cde161e1f45f67b75e54a4b2917373367a9,"[""sources/knowledge/bands/trollheim/lustria-high-elves/band.yaml"", ""sources/knowledge/bands/trollheim/lustria-high-elves/equipment-access.yaml"", ""sources/knowledge/bands/trollheim/lustria-high-elves/profiles.yaml""]"
source/bands/trollheim/lustria-norse/profiles.yaml/@/profiles/2/equipment_restrictions/0/unclassified,source_effect,Wulfen (equipment_restrictions),bands/trollheim/lustria-norse/profiles.yaml,0-1 Wulfen,,YES,"Printed kit/access, hand/armour restriction or intrinsic unarmed attack affects the constructed melee duelist; any movement/campaign clauses remain excluded.",UNKNOWN,unbound,not_assessed,not_run,Scope review only; implementation and semantic evidence are not inferred.,,,,ready,,,not_applicable,not_applicable,not_applicable,,,needs_target_reconciliation,,,,,Wulfen never use weapons or armour; their claws are natural attacks and they suffer no penalty for fighting without weapons.,@/profiles/2/equipment_restrictions/0,,,none,,Locate the current source/contract and reconcile its target before deciding whether new implementation is needed.,inventory,reviewed_source,construction,source/bands/trollheim/lustria-norse/profiles.yaml/@/profiles/2/equipment_restrictions/0/unclassified,A,,unbound source prose names a A-family operator; assigned for review,f5734cf4194f18281d09dba1aa10de73c7df0f2f2dfcd9c526f628cfc9aeedbb,c8d4fb1b410dbf278860cd5c4234a73238ed7c2fd6d91ccf9d1628a245883fbb,"[""sources/knowledge/bands/trollheim/lustria-norse/band.yaml"", ""sources/knowledge/bands/trollheim/lustria-norse/equipment-access.yaml"", ""sources/knowledge/bands/trollheim/lustria-norse/profiles.yaml""]"
source/bands/trollheim/lustria-norse/profiles.yaml/@/profiles/6/equipment_restrictions/0/unclassified,source_effect,Wolves (equipment_restrictions),bands/trollheim/lustria-norse/profiles.yaml,0-5 Wolves,,YES,"Printed kit/access, hand/armour restriction or intrinsic unarmed attack affects the constructed melee duelist; any movement/campaign clauses remain excluded.",UNKNOWN,unbound,not_assessed,not_run,Scope review only; implementation and semantic evidence are not inferred.,,,,ready,,,not_applicable,not_applicable,not_applicable,,,needs_target_reconciliation,,,,,Wolves never use weapons or armour; their attacks are natural.,@/profiles/6/equipment_restrictions/0,,,none,,Locate the current source/contract and reconcile its target before deciding whether new implementation is needed.,inventory,reviewed_source,construction,source/bands/trollheim/lustria-norse/profiles.yaml/@/profiles/6/equipment_restrictions/0/unclassified,A,,unbound source prose names a A-family operator; assigned for review,fe4088891a0cf852916bef98ad6b0ef3ecba575c5fb4f98356306720f9be3170,344bf4f7157d32cb59a7be11a57c3c941bcbc97587d430ec8303e4e731d301d8,"[""sources/knowledge/bands/trollheim/lustria-norse/band.yaml"", ""sources/knowledge/bands/trollheim/lustria-norse/equipment-access.yaml"", ""sources/knowledge/bands/trollheim/lustria-norse/profiles.yaml""]"
source/bands/trollheim/lustria-pygmies/equipment-access.yaml/@/equipment_lists/0/items/8/notes/unclassified,source_effect,pygmy-equipment-list (notes),bands/trollheim/lustria-pygmies/equipment-access.yaml,,,YES,Bearer/slot/combination restriction or explicit equipment equivalence affects construction of a legal duelist; pricing and shooting execution are excluded.,UNKNOWN,unbound,not_assessed,not_run,Scope review only; implementation and semantic evidence are not inferred.,,,,ready,,,not_applicable,not_applicable,not_applicable,,,needs_target_reconciliation,,,,,Pygmies only; the detailed entry on printed page 122 is Rare 8. Internal missile-weapon and poison mechanics are intentionally not modelled here.,@/equipment_lists/0/items/8/notes,,,none,,Locate the current source/contract and reconcile its target before deciding whether new implementation is needed.,inventory,reviewed_source,construction,source/bands/trollheim/lustria-pygmies/equipment-access.yaml/@/equipment_lists/0/items/8/notes/unclassified,A,,unbound source prose names a A-family operator; assigned for review,3059d8a0e5508da5ec65781bd29bea1459b45aed5fb7dcc0dd43c34396853363,214e03b07d802b480971c0ec59cc528c0443843fced33e0845f74c3d7ecbd9d8,"[""sources/knowledge/bands/trollheim/lustria-pygmies/band.yaml"", ""sources/knowledge/bands/trollheim/lustria-pygmies/equipment-access.yaml"", ""sources/knowledge/bands/trollheim/lustria-pygmies/profiles.yaml""]"
source/bands/trollheim/trollheim-skaven-clan-eshin/equipment-access.yaml/@/equipment_lists/0/items/5/notes/unclassified,source_effect,skaven-hero-equipment-list (notes),bands/trollheim/trollheim-skaven-clan-eshin/equipment-access.yaml,,,YES,Bearer/slot/combination restriction or explicit equipment equivalence affects construction of a legal duelist; pricing and shooting execution are excluded.,UNKNOWN,unbound,not_assessed,not_run,Scope review only; implementation and semantic evidence are not inferred.,,,,ready,,,not_applicable,not_applicable,not_applicable,,,needs_target_reconciliation,,,,,"Starting-list price. The detailed entry is 50 gc per pair, Rare 9, Skaven only. Internal weapon and poison mechanics are intentionally not modelled here.",@/equipment_lists/0/items/5/notes,,,none,,Locate the current source/contract and reconcile its target before deciding whether new implementation is needed.,inventory,reviewed_source,construction,source/bands/trollheim/trollheim-skaven-clan-eshin/equipment-access.yaml/@/equipment_lists/0/items/5/notes/unclassified,A,,unbound source prose names a A-family operator; assigned for review,118c3a9022be3bc0cf4b3c7923a1f3eeca36fe29808bb21c92210feea7d8db1c,2c210f5df15f7ff454239836d36f880d03e2d96fd092b6365c2b256c74a24236,"[""sources/knowledge/bands/trollheim/trollheim-skaven-clan-eshin/band.yaml"", ""sources/knowledge/bands/trollheim/trollheim-skaven-clan-eshin/equipment-access.yaml"", ""sources/knowledge/bands/trollheim/trollheim-skaven-clan-eshin/profiles.yaml""]"
source/bands/trollheim/trollheim-skaven-clan-eshin/equipment-access.yaml/@/equipment_lists/0/items/9/notes/unclassified,source_effect,skaven-hero-equipment-list (notes),bands/trollheim/trollheim-skaven-clan-eshin/equipment-access.yaml,,,YES,Bearer/slot/combination restriction or explicit equipment equivalence affects construction of a legal duelist; pricing and shooting execution are excluded.,UNKNOWN,unbound,not_assessed,not_run,Scope review only; implementation and semantic evidence are not inferred.,,,,ready,,,not_applicable,not_applicable,not_applicable,,,needs_target_reconciliation,,,,,"Warband-creation price from the Hero Equipment List on printed page 91. The detailed entry on printed page 92 gives 25 gc, Rare 7, Skaven only. Internal missile-weapon and poison mechanics are intentionally not modelled here.",@/equipment_lists/0/items/9/notes,,,none,,Locate the current source/contract and reconcile its target before deciding whether new implementation is needed.,inventory,reviewed_source,construction,source/bands/trollheim/trollheim-skaven-clan-eshin/equipment-access.yaml/@/equipment_lists/0/items/9/notes/unclassified,A,,unbound source prose names a A-family operator; assigned for review,95e260384734e91e38ff70963c8f022f343e4afd6ddd96b69f47dab8a600bf37,a662bd112c22bc94a70d94f6007301679d8a6bdb7be5ccab423f756a7f684714,"[""sources/knowledge/bands/trollheim/trollheim-skaven-clan-eshin/band.yaml"", ""sources/knowledge/bands/trollheim/trollheim-skaven-clan-eshin/equipment-access.yaml"", ""sources/knowledge/bands/trollheim/trollheim-skaven-clan-eshin/profiles.yaml""]"
source/bands/trollheim/trollheim-skaven-clan-eshin/profiles.yaml/@/profiles/5/equipment_restrictions/0/unclassified,source_effect,Giant Rats (equipment_restrictions),bands/trollheim/trollheim-skaven-clan-eshin/profiles.yaml,Giant Rats,,YES,"Printed kit/access, hand/armour restriction or intrinsic unarmed attack affects the constructed melee duelist; any movement/campaign clauses remain excluded.",UNKNOWN,unbound,not_assessed,not_run,Scope review only; implementation and semantic evidence are not inferred.,,,,ready,,,not_applicable,not_applicable,not_applicable,,,needs_target_reconciliation,,,,,Giant Rats never use weapons or armour; their attacks are natural.,@/profiles/5/equipment_restrictions/0,,,none,,Locate the current source/contract and reconcile its target before deciding whether new implementation is needed.,inventory,reviewed_source,construction,source/bands/trollheim/trollheim-skaven-clan-eshin/profiles.yaml/@/profiles/5/equipment_restrictions/0/unclassified,A,,unbound source prose names a A-family operator; assigned for review,3978db590d9f83ce37049793a59e42c4388169f1f4df74fbaf4f6136260b9685,ea7a204fe910302b0b7390683d6fc9c714ea41a602fd14ffa765f96f879505ae,"[""sources/knowledge/bands/trollheim/trollheim-skaven-clan-eshin/band.yaml"", ""sources/knowledge/bands/trollheim/trollheim-skaven-clan-eshin/equipment-access.yaml"", ""sources/knowledge/bands/trollheim/trollheim-skaven-clan-eshin/profiles.yaml""]"
source/bands/trollheim/trollheim-skaven-clan-eshin/profiles.yaml/@/profiles/6/equipment_restrictions/0/unclassified,source_effect,Rat Ogre (equipment_restrictions),bands/trollheim/trollheim-skaven-clan-eshin/profiles.yaml,0-1 Rat Ogre,,YES,"Printed kit/access, hand/armour restriction or intrinsic unarmed attack affects the constructed melee duelist; any movement/campaign clauses remain excluded.",UNKNOWN,unbound,not_assessed,not_run,Scope review only; implementation and semantic evidence are not inferred.,,,,ready,,,not_applicable,not_applicable,not_applicable,,,needs_target_reconciliation,,,,,"Rat Ogres never use weapons or armour; their fangs, claws and brute strength are natural attacks.",@/profiles/6/equipment_restrictions/0,,,none,,Locate the current source/contract and reconcile its target before deciding whether new implementation is needed.,inventory,reviewed_source,construction,source/bands/trollheim/trollheim-skaven-clan-eshin/profiles.yaml/@/profiles/6/equipment_restrictions/0/unclassified,A,,unbound source prose names a A-family operator; assigned for review,dbbd8f6ab84cf139355e1bca6b9d878576a2cedffe31081181de07c785b39630,4e8b5b4eb973a0a25c9baa5365a74de0d0edd768da357151acb0b0c963620476,"[""sources/knowledge/bands/trollheim/trollheim-skaven-clan-eshin/band.yaml"", ""sources/knowledge/bands/trollheim/trollheim-skaven-clan-eshin/equipment-access.yaml"", ""sources/knowledge/bands/trollheim/trollheim-skaven-clan-eshin/profiles.yaml""]"
source/bands/trollheim/trollheim-undead/profiles.yaml/@/profiles/5/equipment_restrictions/0/unclassified,source_effect,Dire Wolves (equipment_restrictions),bands/trollheim/trollheim-undead/profiles.yaml,0-5 Dire Wolves,,YES,"Printed kit/access, hand/armour restriction or intrinsic unarmed attack affects the constructed melee duelist; any movement/campaign clauses remain excluded.",UNKNOWN,unbound,not_assessed,not_run,Scope review only; implementation and semantic evidence are not inferred.,,,,ready,,,not_applicable,not_applicable,not_applicable,,,needs_target_reconciliation,,,,,Dire Wolves use no weapons or armour; their attacks are natural.,@/profiles/5/equipment_restrictions/0,,,none,,Locate the current source/contract and reconcile its target before deciding whether new implementation is needed.,inventory,reviewed_source,construction,source/bands/trollheim/trollheim-undead/profiles.yaml/@/profiles/5/equipment_restrictions/0/unclassified,A,,unbound source prose names a A-family operator; assigned for review,c5e7e433214db60dad1e3e3f1913bcf9f5a720b20d28c1a833b13b86e51b2ab0,fda002e18cce80ff0148fc457e9e8e87f1d21f1aafe5111fc63957fe230aa4d8,"[""sources/knowledge/bands/trollheim/trollheim-undead/band.yaml"", ""sources/knowledge/bands/trollheim/trollheim-undead/equipment-access.yaml"", ""sources/knowledge/bands/trollheim/trollheim-undead/profiles.yaml""]"
source/bands/trollheim/trollheim-witch-hunters/profiles.yaml/@/profiles/5/equipment_restrictions/0/unclassified,source_effect,War Hounds (equipment_restrictions),bands/trollheim/trollheim-witch-hunters/profiles.yaml,0-5 War Hounds,,YES,"Printed kit/access, hand/armour restriction or intrinsic unarmed attack affects the constructed melee duelist; any movement/campaign clauses remain excluded.",UNKNOWN,unbound,not_assessed,not_run,Scope review only; implementation and semantic evidence are not inferred.,,,,ready,,,not_applicable,not_applicable,not_applicable,,,needs_target_reconciliation,,,,,War Hounds never use or need weapons or armour; their jaws and brute force are natural attacks.,@/profiles/5/equipment_restrictions/0,,,none,,Locate the current source/contract and reconcile its target before deciding whether new implementation is needed.,inventory,reviewed_source,construction,source/bands/trollheim/trollheim-witch-hunters/profiles.yaml/@/profiles/5/equipment_restrictions/0/unclassified,A,,unbound source prose names a A-family operator; assigned for review,4f68645db9a1d52f9265d60769fce72acf0840f8e12c06d6be4078fbf9b7b15f,eb22bcca1461c2110fa97ee13003e5737e2f2ac2f4f118afede7115526b5e597,"[""sources/knowledge/bands/trollheim/trollheim-witch-hunters/band.yaml"", ""sources/knowledge/bands/trollheim/trollheim-witch-hunters/equipment-access.yaml"", ""sources/knowledge/bands/trollheim/trollheim-witch-hunters/profiles.yaml""]"
source/catalog/campaign/exploration-and-income.yaml/campaign.magical-artefact.attlas-plate-mail/unclassified,source_effect,campaign.magical-artefact.attlas-plate-mail,catalog/campaign/exploration-and-income.yaml,,,YES,"The obtained artefact has a persistent individual melee save, Wound, weapon/Injury or Frenzy/Strength effect; finding it is campaign-only.",UNKNOWN,unbound,not_assessed,not_run,Scope review only; implementation and semantic evidence are not inferred.,,,,ready,,,not_applicable,not_applicable,not_applicable,,,needs_target_reconciliation,,,,,"A suit of Gromril Armour with Rune of Spell Eating (immune to all spells), Rune of Passage (move through solid objects) and Rune of Fortitude (an extra wound, possibly above the race's maximum).",campaign.magical-artefact.attlas-plate-mail,,,none,,Locate the current source/contract and reconcile its target before deciding whether new implementation is needed.,inventory,reviewed_source,combat,source/catalog/campaign/exploration-and-income.yaml/campaign.magical-artefact.attlas-plate-mail/unclassified,A,,unbound source prose names a A-family operator; assigned for review,1db9e38da46046f779c033dcdeeea33360d18d3b32d6edf8faaa2ca883e8f83a,5459514f40757c6575816a5887eff2c81e0ce6697484eed2af5803c24393568c,"[""sources/knowledge/catalog/campaign/exploration-and-income.yaml""]"
source/catalog/campaign/magic.yaml/spell.commands.art-thou-ready-to-die-fighting/unclassified,source_effect,Art Thou Ready to Die Fighting?,catalog/campaign/magic.yaml,,,YES,"Individual Injury/to-hit/Leadership consequence may be supplied; casting, area/producer and Rout portions remain excluded.",UNKNOWN,unbound,not_assessed,not_run,Scope review only; implementation and semantic evidence are not inferred.,,,,ready,Universal Commandaudible 6 inch/standing recipient rule versus specific 12 inch/4 inch/LOS recipient clause: which overrides? Resolve magic-like difficulty attempts without treating non spell Commands as X4.,,not_applicable,not_applicable,not_applicable,,,needs_question_review,sources/2A/catalog/magic-2a.yaml#spell.commands.art-thou-ready-to-die-fighting#spell.commands.art-thou-ready-to-die-fighting,included,"[""T13.2"",""T13.3"",""T13.4"",""T13.5"",""T13.6""]",T13-Q158,"The Wandering knight appeals to the tenacity of his men to withstand the enemy's blows. Every Mazzalupo model within 4"", including the Wandering knight, can only be taken out of action on a roll of 6 until the next Mazzalupo turn.",spell.commands.art-thou-ready-to-die-fighting,nonmagical-command,,needs_review,,Reconcile the historical question with current source decisions before implementation; do not assume it requires a new user answer.,inventory,reviewed_source,supplied_context,source/catalog/campaign/magic.yaml/spell.commands.art-thou-ready-to-die-fighting/unclassified,A,,unbound source prose names a A-family operator; assigned for review,a2dca1e3f8164479c9af83497090e62b1616b0e69bada228e16b7b884756e909,51020ab201c110d193928d5fc217ef371ab900492dccacded19cf2a76ddcbd5d,"[""sources/knowledge/catalog/campaign/magic.yaml""]"
source/catalog/campaign/magic.yaml/spell.commands.follow-me-mine-pugnacious-ones/unclassified,source_effect,"Follow Me, Mine Pugnacious Ones!",catalog/campaign/magic.yaml,,,YES,"Individual Injury/to-hit/Leadership consequence may be supplied; casting, area/producer and Rout portions remain excluded.",UNKNOWN,unbound,not_assessed,not_run,Scope review only; implementation and semantic evidence are not inferred.,,,,ready,Universal Commandaudible 6 inch/standing recipient rule versus specific 12 inch/4 inch/LOS recipient clause: which overrides? Resolve magic-like difficulty attempts without treating non spell Commands as X4.,,not_applicable,not_applicable,not_applicable,,,needs_question_review,sources/2A/catalog/magic-2a.yaml#spell.commands.follow-me-mine-pugnacious-ones#spell.commands.follow-me-mine-pugnacious-ones,included,"[""T13.2"",""T13.3"",""T13.4"",""T13.5"",""T13.6""]",T13-Q158,"With heroic demeanour, the Wandering knight rallies his men and bolsters their fighting spirit. Members of the Mazzalupo warband within 4"" of the Wandering knight gain a +1 bonus to hit in hand-to-hand combat until the end of the turn.",spell.commands.follow-me-mine-pugnacious-ones,nonmagical-command,,needs_review,,Reconcile the historical question with current source decisions before implementation; do not assume it requires a new user answer.,inventory,reviewed_source,supplied_context,source/catalog/campaign/magic.yaml/spell.commands.follow-me-mine-pugnacious-ones/unclassified,A,,unbound source prose names a A-family operator; assigned for review,94a846d9834c19d46ca70cbebbb70118c02f42481ffc675f23983ae315682afd,8147c86afc3f4e4939c90dae467de00037eb1eae856585d791ed4a70db16c46d,"[""sources/knowledge/catalog/campaign/magic.yaml""]"
source/catalog/campaign/mutations.yaml/campaign.mutation.blackblood/unclassified,source_effect,Blackblood,catalog/campaign/mutations.yaml,Warbands / Cult of the Possessed / Mutations / Blackblood,https://mordheimer.net/docs/warbands/grade-1a-warbands/cult-of-the-possessed,YES,"Mutation alters the individual attacks, damage, Fear or defence of a duelist.",UNKNOWN,unbound,not_assessed,not_run,Scope review only; implementation and semantic evidence are not inferred.,,,,ready,,,not_applicable,not_applicable,not_applicable,,,needs_target_reconciliation,,,,,"If the model loses a wound in close combat, anyone in base contact with the model suffers a Strength 3 hit (no critical hits) from the spurting corrosive blood.",campaign.mutation.blackblood,,,none,,Locate the current source/contract and reconcile its target before deciding whether new implementation is needed.,inventory,reviewed_source,combat,source/catalog/campaign/mutations.yaml/campaign.mutation.blackblood/unclassified,A,,unbound source prose names a A-family operator; assigned for review,267ed64bfa223262b3e171afa9555ced9cedb94f9a0be8b6dfe8d5d8527266f9,a59d22177f6a7ee301e932239f85c952b8e2a9c17301bcba78ee525c0e176c83,"[""sources/knowledge/catalog/campaign/mutations.yaml""]"
source/catalog/campaign/mutations.yaml/campaign.mutation.great-claw/unclassified,source_effect,Great Claw,catalog/campaign/mutations.yaml,Warbands / Cult of the Possessed / Mutations / Great Claw,https://mordheimer.net/docs/warbands/grade-1a-warbands/cult-of-the-possessed,YES,"Mutation alters the individual attacks, damage, Fear or defence of a duelist.",UNKNOWN,unbound,not_assessed,not_run,Scope review only; implementation and semantic evidence are not inferred.,,,,ready,,,not_applicable,not_applicable,not_applicable,,,needs_target_reconciliation,,,,,"One of the mutant's arms ends in a great, crab-like claw. He may carry no weapons in this arm, but gains an extra attack in hand-to-hand combat with a +1 Strength bonus.",campaign.mutation.great-claw,,,none,,Locate the current source/contract and reconcile its target before deciding whether new implementation is needed.,inventory,reviewed_source,combat,source/catalog/campaign/mutations.yaml/campaign.mutation.great-claw/unclassified,A,,unbound source prose names a A-family operator; assigned for review,c93a5d8595ff76ef6e4c751cca3fd5814bc2c068caa7ec7950e7bc15804e1f66,f2c334846a38f597ff969ef14464d21f35ae73390ad6881fb1f334cb73f5de53,"[""sources/knowledge/catalog/campaign/mutations.yaml""]"
source/catalog/campaign/mutations.yaml/campaign.mutation.spines/unclassified,source_effect,Spines,catalog/campaign/mutations.yaml,Warbands / Cult of the Possessed / Mutations / Spines,https://mordheimer.net/docs/warbands/grade-1a-warbands/cult-of-the-possessed,YES,"Mutation alters the individual attacks, damage, Fear or defence of a duelist.",UNKNOWN,unbound,not_assessed,not_run,Scope review only; implementation and semantic evidence are not inferred.,,,,ready,,,not_applicable,not_applicable,not_applicable,,,needs_target_reconciliation,,,,,Any model in base contact with the mutant suffers an automatic Strength 1 hit at the beginning of each close combat phase. Spines never cause critical hits.,campaign.mutation.spines,,,none,,Locate the current source/contract and reconcile its target before deciding whether new implementation is needed.,inventory,reviewed_source,combat,source/catalog/campaign/mutations.yaml/campaign.mutation.spines/unclassified,A,,unbound source prose names a A-family operator; assigned for review,1a7d65699d254d6903b9f9c791984e7aa32bd13bdab6cf30483bd7bd29d0a43e,c12ec3fd1c8e3d6fc2d3c75700490640fb78f1b298a594831683c54b5a3c6ae9,"[""sources/knowledge/catalog/campaign/mutations.yaml""]"
source/catalog/campaign/mutations.yaml/campaign.mutation.tentacle/unclassified,source_effect,Tentacle,catalog/campaign/mutations.yaml,Warbands / Cult of the Possessed / Mutations / Tentacle,https://mordheimer.net/docs/warbands/grade-1a-warbands/cult-of-the-possessed,YES,"Mutation alters the individual attacks, damage, Fear or defence of a duelist.",UNKNOWN,unbound,not_assessed,not_run,Scope review only; implementation and semantic evidence are not inferred.,,,,ready,,,not_applicable,not_applicable,not_applicable,,,needs_target_reconciliation,,,,,"One of the mutant's arms ends in a tentacle. He may grapple his opponent in close combat to reduce his attacks by -1, down to a minimum of 1; the mutant decides which attack his opponent loses.",campaign.mutation.tentacle,,,none,,Locate the current source/contract and reconcile its target before deciding whether new implementation is needed.,inventory,reviewed_source,combat,source/catalog/campaign/mutations.yaml/campaign.mutation.tentacle/unclassified,A,,unbound source prose names a A-family operator; assigned for review,5bf594501813ef48e8d67fb4312b9abeb17d92eac4f0444ba91130bfb760d80c,ab86d20ea0d3d7733baef350500cc3aa599e5a35bc11c2727bb3f62ad3ce9f40,"[""sources/knowledge/catalog/campaign/mutations.yaml""]"
source/catalog/campaign/trading-post.yaml/@/items/57/restrictions/0/note/unclassified,source_effect,campaign.trading-post.fire-stick (note),catalog/campaign/trading-post.yaml,,,YES,"Named bearer/type restriction affects equipment eligibility; price, rarity, purchase and hiring procedures are excluded.",UNKNOWN,unbound,not_assessed,not_run,Scope review only; implementation and semantic evidence are not inferred.,,,,ready,,,not_applicable,not_applicable,not_applicable,,,needs_target_reconciliation,,,,,"Fire-Eater starting equipment only (innate breath attack, not purchasable).",@/items/57/restrictions/0/note,,,none,,Locate the current source/contract and reconcile its target before deciding whether new implementation is needed.,inventory,reviewed_source,construction,source/catalog/campaign/trading-post.yaml/@/items/57/restrictions/0/note/unclassified,A,,unbound source prose names a A-family operator; assigned for review,b67bc7dbb11aa02a1fb3b11f543661780f5b9a72928d8796a1ab615c048b7f46,0d3be91b5649b608938d27b9cf4ce8715b9392ba47b23a0ab465aa6c278df6ae,"[""sources/knowledge/catalog/campaign/trading-post.yaml""]"
source/catalog/hirelings/dramatis-personae/core.yaml/@/profiles/0/equipment/unique_equipment/0/rules/1/unclassified,source_effect,Ienh-Khain (rules),catalog/hirelings/dramatis-personae/core.yaml,,,YES,"Literal intrinsic-equipment rule reference; use the separately audited definition. Its scope is reused, not execution or verification evidence.",UNKNOWN,unbound,not_assessed,not_run,Scope review only; implementation and semantic evidence are not inferred.,,,,ready,,,not_applicable,not_applicable,not_applicable,,,needs_target_reconciliation,,,,,hireling.dramatis.aenur.item.ienh-khain.rule.strength,@/profiles/0/equipment/unique_equipment/0/rules/1,,,none,,Locate the current source/contract and reconcile its target before deciding whether new implementation is needed.,inventory,reviewed_source,source_reference,source/catalog/hirelings/dramatis-personae/core.yaml/@/profiles/0/equipment/unique_equipment/0/rules/1/unclassified,A,,unbound source prose names a A-family operator; assigned for review,4e352467a0389814e2033500b82dff3fb7ce8cd2945553055d1e3a9e9ac3d902,e4d48b8cb7fd76a7a44229f61e069c5a69707d09d982b4f2df5caa927cab8f2d,"[""sources/knowledge/catalog/hirelings/dramatis-personae/core.yaml""]"
source/catalog/hirelings/dramatis-personae/core.yaml/@/profiles/0/equipment/unique_equipment/0/rules/2/unclassified,source_effect,Ienh-Khain (rules),catalog/hirelings/dramatis-personae/core.yaml,,,YES,"Literal intrinsic-equipment rule reference; use the separately audited definition. Its scope is reused, not execution or verification evidence.",UNKNOWN,unbound,not_assessed,not_run,Scope review only; implementation and semantic evidence are not inferred.,,,,ready,,,not_applicable,not_applicable,not_applicable,,,needs_target_reconciliation,,,,,hireling.dramatis.aenur.item.ienh-khain.rule.critical,@/profiles/0/equipment/unique_equipment/0/rules/2,,,none,,Locate the current source/contract and reconcile its target before deciding whether new implementation is needed.,inventory,reviewed_source,source_reference,source/catalog/hirelings/dramatis-personae/core.yaml/@/profiles/0/equipment/unique_equipment/0/rules/2/unclassified,A,,unbound source prose names a A-family operator; assigned for review,0ce4a664a0486d1dde03ba2fd0d216425bdea18d3bb6b828d6704ded45491d58,5300c0037d926f4e77ef015a502adc27188f2b4d736409b331c58ed3f32a12b6,"[""sources/knowledge/catalog/hirelings/dramatis-personae/core.yaml""]"
source/catalog/hirelings/dramatis-personae/core.yaml/@/profiles/1/unresolved_references/0/unclassified,source_effect,"Bertha Bestraufrung, High Matriarch of the Sisterhood (unresolved_references)",catalog/hirelings/dramatis-personae/core.yaml,"Dramatis Personae / Bertha Bestraufrung, High Matriarch of the Sisterhood",https://mordheimer.net/docs/campaigns/dramatis-personae/grade-1a,UNCLASSIFIED,The source summary/name does not establish whether there is an individual melee consequence. Obtain its full printed definition; do not exclude it or invent an effect.,UNKNOWN,unbound,unclassified,unclassified,The source summary/name does not establish whether there is an individual melee consequence. Obtain its full printed definition; do not exclude it or invent an effect.,,,,needs_classification,,,not_applicable,not_applicable,not_applicable,,,needs_classification,,,,,"{""kind"": ""skill"", ""note"": ""Only a band-scoped rule exists in the supplied KB; no global canonical skill ID."", ""note_i18n"": {""es"": ""Solo existe una regla con alcance de banda en el KB suministrado; no hay un identificador de habilidad canónico global.""}, ""source_name"": ""Righteous Fury""}",@/profiles/1/unresolved_references/0,,,none,,Classify the printed effect against the current 1v1 duel scope.,inventory,reviewed_source,source_review,source/catalog/hirelings/dramatis-personae/core.yaml/@/profiles/1/unresolved_references/0/unclassified,A,,unbound source prose names a A-family operator; assigned for review; scope UNCLASSIFIED preserved: individual duel relevance must be established; assignment for review is not admission,ea651d18fb4649a85703314e9d0add6b75379f627a22a23b66a2b95605c82576,12bf8d5ee23ae419410ff564f60d435d8cd2addd308599edef584a0c4bd91931,"[""sources/knowledge/catalog/hirelings/dramatis-personae/core.yaml""]"
source/catalog/hirelings/dramatis-personae/core.yaml/hireling.dramatis.aenur.item.ienh-khain.rule.critical/unclassified,source_effect,Ienh-Khain: Critical,catalog/hirelings/dramatis-personae/core.yaml,Dramatis Personae / Aenur / Ienh-Khain,https://mordheimer.net/docs/campaigns/dramatis-personae/grade-1a,YES,"The candidate names a duelist attack, damage/save/Injury, psychology, characteristic or reroll consequence; missing thresholds/target clauses require source reconciliation, not scope exclusion.",UNKNOWN,unbound,not_assessed,not_run,Scope review only; implementation and semantic evidence are not inferred.,,,,ready,,,not_applicable,not_applicable,not_applicable,,,needs_target_reconciliation,,,,,Ienh-Khain causes a critical hit on a wound roll of 5-6.,hireling.dramatis.aenur.item.ienh-khain.rule.critical,,,none,,Locate the current source/contract and reconcile its target before deciding whether new implementation is needed.,inventory,reviewed_source,combat,source/catalog/hirelings/dramatis-personae/core.yaml/hireling.dramatis.aenur.item.ienh-khain.rule.critical/unclassified,A,,unbound source prose names a A-family operator; assigned for review,0122ed4015301cdb81816cf9ebda4cb82219aa0455161a1a693153888dc9f43d,20f1ec16fcb9bad06d10166a585f6735b14befb013c560a718dc0d3d2328f0db,"[""sources/knowledge/catalog/hirelings/dramatis-personae/core.yaml""]"
source/catalog/hirelings/dramatis-personae/core.yaml/hireling.dramatis.aenur.item.ienh-khain.rule.strength/unclassified,source_effect,Ienh-Khain: Strength,catalog/hirelings/dramatis-personae/core.yaml,Dramatis Personae / Aenur / Ienh-Khain,https://mordheimer.net/docs/campaigns/dramatis-personae/grade-1a,YES,"The candidate names a duelist attack, damage/save/Injury, psychology, characteristic or reroll consequence; missing thresholds/target clauses require source reconciliation, not scope exclusion.",UNKNOWN,unbound,not_assessed,not_run,Scope review only; implementation and semantic evidence are not inferred.,,,,ready,,,not_applicable,not_applicable,not_applicable,,,needs_target_reconciliation,,,,,Ienh-Khain adds +1 Strength.,hireling.dramatis.aenur.item.ienh-khain.rule.strength,,,none,,Locate the current source/contract and reconcile its target before deciding whether new implementation is needed.,inventory,reviewed_source,combat,source/catalog/hirelings/dramatis-personae/core.yaml/hireling.dramatis.aenur.item.ienh-khain.rule.strength/unclassified,A,,unbound source prose names a A-family operator; assigned for review,df8a4efde441c5e60764d6185ae5362279e05f8a1c3193ec714d98ab57fe81ce,73ebbcfdb7092b5a655d7d23ef9c715d397467e906b25d6f04c8d3664d84872f,"[""sources/knowledge/catalog/hirelings/dramatis-personae/core.yaml""]"
source/catalog/hirelings/dramatis-personae/grade-1a.yaml/@/profiles/2/unresolved_references/1/unclassified,source_effect,Ulli & Marquand (unresolved_references),catalog/hirelings/dramatis-personae/grade-1a.yaml,Dramatis Personae / Ulli & Marquand,https://mordheimer.net/docs/campaigns/dramatis-personae/grade-1a,YES,"Personal kit, selected weapon/form or qualified mount/component is relevant to constructing one duelist; no independent third fighter or movement subsystem is admitted.",UNKNOWN,unbound,not_assessed,not_run,Scope review only; implementation and semantic evidence are not inferred.,,,,ready,,,not_applicable,not_applicable,not_applicable,,,needs_target_reconciliation,,,,,"{""kind"": ""multi_profile_entity"", ""source_name"": ""Ulli profile M4 WS4 BS4 S4 T3 W2 I4 A2 Ld7; two-handed warhammer, Light Armour; Strongman, Unstoppable Charge, Combat Master""}",@/profiles/2/unresolved_references/1,,,none,,Locate the current source/contract and reconcile its target before deciding whether new implementation is needed.,inventory,reviewed_source,construction,source/catalog/hirelings/dramatis-personae/grade-1a.yaml/@/profiles/2/unresolved_references/1/unclassified,A,,unbound source prose names a A-family operator; assigned for review,bb0f4a90906e62ef02a1be4d6a72c888060171d1bc3d73dd500c6cb9a5a95f10,24628e4cace927778dc20e5b112b3030aaabb2c0412e07261954b5efdc278244,"[""sources/knowledge/catalog/hirelings/dramatis-personae/grade-1a.yaml""]"
source/catalog/hirelings/dramatis-personae/grade-1b.yaml/@/profiles/8/unresolved_references/1/unclassified,source_effect,"Penthesilea, Mark of the Serpent (unresolved_references)",catalog/hirelings/dramatis-personae/grade-1b.yaml,"Dramatis Personae / Penthesilea, Mark Of The Serpent",https://mordheimer.net/docs/campaigns/dramatis-personae/grade-1b,YES,The current definition mechanic.savage-fury expressly describes a melee/psychology effect. Reconcile the named grant/reference separately; scope does not certify the binding or recipient.,UNKNOWN,unbound,not_assessed,not_run,Scope review only; implementation and semantic evidence are not inferred.,,,,ready,,,not_applicable,not_applicable,not_applicable,,,needs_target_reconciliation,,,,,"{""kind"": ""skill"", ""source_name"": ""Savage Fury""}",@/profiles/8/unresolved_references/1,,,none,,Locate the current source/contract and reconcile its target before deciding whether new implementation is needed.,inventory,reviewed_source,construction,source/catalog/hirelings/dramatis-personae/grade-1b.yaml/@/profiles/8/unresolved_references/1/unclassified,A,,unbound source prose names a A-family operator; assigned for review,67771f2d7571115e2e05fc652bb354bdd56f625bc76c56d1ed9f8aa204d027a2,b412e8fbbfd7afed3f77f1d373ed2147b3a5a9e4650f9ef1d3ec093858c4808b,"[""sources/knowledge/catalog/hirelings/dramatis-personae/grade-1b.yaml""]"
source/catalog/hirelings/dramatis-personae/grade-1b.yaml/hireling.dramatis.drenok-johansen-wielder-of-the-great-axe.rule.berserker/unclassified,source_effect,Berserker,catalog/hirelings/dramatis-personae/grade-1b.yaml,,,YES,"The candidate names a duelist attack, damage/save/Injury, psychology, characteristic or reroll consequence; missing thresholds/target clauses require source reconciliation, not scope exclusion.",UNKNOWN,unbound,not_assessed,not_run,Scope review only; implementation and semantic evidence are not inferred.,,,,ready,,,not_applicable,not_applicable,not_applicable,,,needs_target_reconciliation,,,,,Uses source Berserker rule.,hireling.dramatis.drenok-johansen-wielder-of-the-great-axe.rule.berserker,,,none,,Locate the current source/contract and reconcile its target before deciding whether new implementation is needed.,inventory,reviewed_source,combat,source/catalog/hirelings/dramatis-personae/grade-1b.yaml/hireling.dramatis.drenok-johansen-wielder-of-the-great-axe.rule.berserker/unclassified,A,,unbound source prose names a A-family operator; assigned for review,9b5fac71babebf673894ab5da65a3bcc9d131e78862fa53506a8e8876729ebd3,83298dbeeb8874d939cfc4dcc4e0679e50e3423a81a57d20eeca58acc8ba4435,"[""sources/knowledge/catalog/hirelings/dramatis-personae/grade-1b.yaml""]"
source/catalog/hirelings/dramatis-personae/grade-1b.yaml/hireling.dramatis.maximilian-the-mad.rule.strongman/unclassified,source_effect,Strongman,catalog/hirelings/dramatis-personae/grade-1b.yaml,,,YES,"The candidate names a duelist attack, damage/save/Injury, psychology, characteristic or reroll consequence; missing thresholds/target clauses require source reconciliation, not scope exclusion.",UNKNOWN,unbound,not_assessed,not_run,Scope review only; implementation and semantic evidence are not inferred.,,,,ready,,,not_applicable,not_applicable,not_applicable,,,needs_target_reconciliation,,,,,Uses Strongman-equivalent rule.,hireling.dramatis.maximilian-the-mad.rule.strongman,,,none,,Locate the current source/contract and reconcile its target before deciding whether new implementation is needed.,inventory,reviewed_source,combat,source/catalog/hirelings/dramatis-personae/grade-1b.yaml/hireling.dramatis.maximilian-the-mad.rule.strongman/unclassified,A,,unbound source prose names a A-family operator; assigned for review,4b030a357cf58091d9833759eb46db78cc8db3ad0be4f3bfb551e68318ec5db1,2d0ab2e3e5437944d6d652f13e4e7746fa63c675c4e0dc3e2e1c4fe4f5e9fb8b,"[""sources/knowledge/catalog/hirelings/dramatis-personae/grade-1b.yaml""]"
source/catalog/hirelings/dramatis-personae/grade-1c.yaml/@/profiles/1/unresolved_references/0/unclassified,source_effect,Grand Master Ippan Shu (unresolved_references),catalog/hirelings/dramatis-personae/grade-1c.yaml,Dramatis Personae / Grand Master Ippan Shu,https://mordheimer.net/docs/campaigns/dramatis-personae/grade-1c,YES,The current definition skill.art-of-silent-death expressly describes a melee/psychology effect. Reconcile the named grant/reference separately; scope does not certify the binding or recipient.,UNKNOWN,unbound,not_assessed,not_run,Scope review only; implementation and semantic evidence are not inferred.,,,,ready,,,not_applicable,not_applicable,not_applicable,,,needs_target_reconciliation,,,,,"{""kind"": ""skill"", ""source_name"": ""Art of Silent Death""}",@/profiles/1/unresolved_references/0,,,none,,Locate the current source/contract and reconcile its target before deciding whether new implementation is needed.,inventory,reviewed_source,construction,source/catalog/hirelings/dramatis-personae/grade-1c.yaml/@/profiles/1/unresolved_references/0/unclassified,A,,unbound source prose names a A-family operator; assigned for review,eae7745e36b62010f583d5ba18503dbe31b3791999b04c1d1a61da37e6a5fbcb,0e0c541de7b95b932495b86f11918217f94fdff89325e644f189c137c367c59a,"[""sources/knowledge/catalog/hirelings/dramatis-personae/grade-1c.yaml""]"
source/catalog/hirelings/dramatis-personae/grade-1c.yaml/hireling.dramatis.grand-master-ippan-shu.rule.bare-handed/unclassified,source_effect,Bare-Handed,catalog/hirelings/dramatis-personae/grade-1c.yaml,,,YES,"The candidate names a duelist attack, damage/save/Injury, psychology, characteristic or reroll consequence; missing thresholds/target clauses require source reconciliation, not scope exclusion.",UNKNOWN,unbound,not_assessed,not_run,Scope review only; implementation and semantic evidence are not inferred.,,,,ready,,,not_applicable,not_applicable,not_applicable,,,needs_target_reconciliation,,,,,Uses source unarmed martial-arts rules.,hireling.dramatis.grand-master-ippan-shu.rule.bare-handed,,,none,,Locate the current source/contract and reconcile its target before deciding whether new implementation is needed.,inventory,reviewed_source,combat,source/catalog/hirelings/dramatis-personae/grade-1c.yaml/hireling.dramatis.grand-master-ippan-shu.rule.bare-handed/unclassified,A,,unbound source prose names a A-family operator; assigned for review,0d9b52b5981117757ae9eff21fe67530aff0c3fc50e49e72e7c57340dbd6654a,4f9ad2f540404efc6e7a90c337aaba6c85f123a66f2dd051b4e373fbcd3fa239,"[""sources/knowledge/catalog/hirelings/dramatis-personae/grade-1c.yaml""]"
source/catalog/hirelings/dramatis-personae/grade-1c.yaml/hireling.dramatis.grand-master-ippan-shu.rule.fire-breath/unclassified,source_effect,Fire Breath,catalog/hirelings/dramatis-personae/grade-1c.yaml,,,UNCLASSIFIED,The source summary/name does not establish whether there is an individual melee consequence. Obtain its full printed definition; do not exclude it or invent an effect.,UNKNOWN,unbound,unclassified,unclassified,The source summary/name does not establish whether there is an individual melee consequence. Obtain its full printed definition; do not exclude it or invent an effect.,,,,needs_classification,,,not_applicable,not_applicable,not_applicable,,,needs_classification,,,,,Uses source fire-breath attack.,hireling.dramatis.grand-master-ippan-shu.rule.fire-breath,,,none,,Classify the printed effect against the current 1v1 duel scope.,inventory,reviewed_source,source_review,source/catalog/hirelings/dramatis-personae/grade-1c.yaml/hireling.dramatis.grand-master-ippan-shu.rule.fire-breath/unclassified,A,,unbound source prose names a A-family operator; assigned for review; scope UNCLASSIFIED preserved: individual duel relevance must be established; assignment for review is not admission,6d0e5376cd9314d44501e84846b7e363b17666262306ef1d32e322f962bd5f72,c117e05e155b0476ed788cf90c2bb9b0da35fa2b368d550a21d1c4185209943f,"[""sources/knowledge/catalog/hirelings/dramatis-personae/grade-1c.yaml""]"
source/catalog/hirelings/dramatis-personae/grade-2a.yaml/hireling.dramatis.the-dark-jester-in-mordheim.rule.babbling-banter/unclassified,source_effect,Babbling Banter,catalog/hirelings/dramatis-personae/grade-2a.yaml,,,YES,"The candidate names a duelist attack, damage/save/Injury, psychology, characteristic or reroll consequence; missing thresholds/target clauses require source reconciliation, not scope exclusion.",UNKNOWN,unbound,not_assessed,not_run,Scope review only; implementation and semantic evidence are not inferred.,,,,ready,,,not_applicable,not_applicable,not_applicable,,,needs_target_reconciliation,,,,,Applies source to-hit modifiers.,hireling.dramatis.the-dark-jester-in-mordheim.rule.babbling-banter,,,none,,Locate the current source/contract and reconcile its target before deciding whether new implementation is needed.,inventory,reviewed_source,combat,source/catalog/hirelings/dramatis-personae/grade-2a.yaml/hireling.dramatis.the-dark-jester-in-mordheim.rule.babbling-banter/unclassified,A,,unbound source prose names a A-family operator; assigned for review,2d008e8ad935875e110873bb5c98d9a3b2351a54b380e867f270efb47b36ac07,d2ba6c4d12adc044d574f6b32f2cfbcadd2df548fd3e72565078f44070d95e2c,"[""sources/knowledge/catalog/hirelings/dramatis-personae/grade-2a.yaml""]"
source/catalog/hirelings/dramatis-personae/grade-2a.yaml/hireling.dramatis.the-dark-jester-in-mordheim.rule.trip/unclassified,source_effect,Trip,catalog/hirelings/dramatis-personae/grade-2a.yaml,,,YES,"The candidate names a duelist attack, damage/save/Injury, psychology, characteristic or reroll consequence; missing thresholds/target clauses require source reconciliation, not scope exclusion.",UNKNOWN,unbound,not_assessed,not_run,Scope review only; implementation and semantic evidence are not inferred.,,,,ready,,,not_applicable,not_applicable,not_applicable,,,needs_target_reconciliation,,,,,May replace a wound attempt with a source 2+ trip.,hireling.dramatis.the-dark-jester-in-mordheim.rule.trip,,,none,,Locate the current source/contract and reconcile its target before deciding whether new implementation is needed.,inventory,reviewed_source,combat,source/catalog/hirelings/dramatis-personae/grade-2a.yaml/hireling.dramatis.the-dark-jester-in-mordheim.rule.trip/unclassified,A,,unbound source prose names a A-family operator; assigned for review,9b8f2d035cda94fb4843e35863d054989fac6d9690552d5f88e13cd0cfc7807d,415aa6766f4d2e1da6bc34f4dad512b92f6ea23a7a3093daba0791e4433ff48f,"[""sources/knowledge/catalog/hirelings/dramatis-personae/grade-2a.yaml""]"
source/catalog/hirelings/dramatis-personae/grade-2a.yaml/hireling.dramatis.the-foole.rule.poison-ring/unclassified,source_effect,Poison Ring,catalog/hirelings/dramatis-personae/grade-2a.yaml,,,YES,"The candidate names a duelist attack, damage/save/Injury, psychology, characteristic or reroll consequence; missing thresholds/target clauses require source reconciliation, not scope exclusion.",UNKNOWN,unbound,not_assessed,not_run,Scope review only; implementation and semantic evidence are not inferred.,,,,ready,,,not_applicable,not_applicable,not_applicable,,,needs_target_reconciliation,,,,,Once per battle may use source Giggle Juice attack.,hireling.dramatis.the-foole.rule.poison-ring,,,none,,Locate the current source/contract and reconcile its target before deciding whether new implementation is needed.,inventory,reviewed_source,combat,source/catalog/hirelings/dramatis-personae/grade-2a.yaml/hireling.dramatis.the-foole.rule.poison-ring/unclassified,A,,unbound source prose names a A-family operator; assigned for review,2dee898d40cc3ab9ea4586b177ea6ee0e801d16b26830427171edc5ec5cb04fa,71fdb5065a37608e78f9a1eccd20980bfb04e8fc151b8f4f2e247f147c5cefd6,"[""sources/knowledge/catalog/hirelings/dramatis-personae/grade-2a.yaml""]"
source/catalog/hirelings/hired-swords/core.yaml/hireling.hired-sword.dwarf-troll-slayer.skill.berserker/unclassified,source_effect,Berserker,catalog/hirelings/hired-swords/core.yaml,Hired Swords / Dwarf Troll Slayer / Troll Slayer Skills / Berserker,https://mordheimer.net/docs/campaigns/hired-swords/grade-1a,YES,"The candidate names a duelist attack, damage/save/Injury, psychology, characteristic or reroll consequence; missing thresholds/target clauses require source reconciliation, not scope exclusion.",UNKNOWN,unbound,not_assessed,not_run,Scope review only; implementation and semantic evidence are not inferred.,,,,ready,,,not_applicable,not_applicable,not_applicable,,,needs_target_reconciliation,,,,,The Slayer gains +1 To Hit during the turn he charges.,hireling.hired-sword.dwarf-troll-slayer.skill.berserker,,,none,,Locate the current source/contract and reconcile its target before deciding whether new implementation is needed.,inventory,reviewed_source,combat,source/catalog/hirelings/hired-swords/core.yaml/hireling.hired-sword.dwarf-troll-slayer.skill.berserker/unclassified,A,,unbound source prose names a A-family operator; assigned for review,3c0ff67eb46cc6785bb6d397e661ad4a06599a7fb96bcc8094750431f136ef5f,993cbbda34ee27d4302afb59707c2cde679ecb26af78f510d7cfe09a6e0f2357,"[""sources/knowledge/catalog/hirelings/hired-swords/core.yaml""]"
source/catalog/hirelings/hired-swords/core.yaml/hireling.hired-sword.dwarf-troll-slayer.skill.ferocious-charge/unclassified,source_effect,Ferocious Charge,catalog/hirelings/hired-swords/core.yaml,Hired Swords / Dwarf Troll Slayer / Troll Slayer Skills / Ferocious Charge,https://mordheimer.net/docs/campaigns/hired-swords/grade-1a,YES,"The candidate names a duelist attack, damage/save/Injury, psychology, characteristic or reroll consequence; missing thresholds/target clauses require source reconciliation, not scope exclusion.",UNKNOWN,unbound,not_assessed,not_run,Scope review only; implementation and semantic evidence are not inferred.,,,,ready,,,not_applicable,not_applicable,not_applicable,,,needs_target_reconciliation,,,,,On a charge the Slayer may double his Attacks and suffers -1 To Hit that turn.,hireling.hired-sword.dwarf-troll-slayer.skill.ferocious-charge,,,none,,Locate the current source/contract and reconcile its target before deciding whether new implementation is needed.,inventory,reviewed_source,combat,source/catalog/hirelings/hired-swords/core.yaml/hireling.hired-sword.dwarf-troll-slayer.skill.ferocious-charge/unclassified,A,,unbound source prose names a A-family operator; assigned for review,96be316bea8dc500c183e782c31b3696fa64aa035140bd1ec7e930995cce741e,552fb24ee1f8d57626b5b7774878a1e27c4518fce66986ec7a6c4381b9938274,"[""sources/knowledge/catalog/hirelings/hired-swords/core.yaml""]"
source/catalog/hirelings/hired-swords/grade-1a.yaml/hireling.hired-sword.imperial-assassin.rule.poisoner/unclassified,source_effect,Poisoner,catalog/hirelings/hired-swords/grade-1a.yaml,,,YES,"The candidate names a duelist attack, damage/save/Injury, psychology, characteristic or reroll consequence; missing thresholds/target clauses require source reconciliation, not scope exclusion.",UNKNOWN,unbound,not_assessed,not_run,Scope review only; implementation and semantic evidence are not inferred.,,,,ready,,,not_applicable,not_applicable,not_applicable,,,needs_target_reconciliation,,,,,Uses poisons according to the source rule.,hireling.hired-sword.imperial-assassin.rule.poisoner,,,none,,Locate the current source/contract and reconcile its target before deciding whether new implementation is needed.,inventory,reviewed_source,combat,source/catalog/hirelings/hired-swords/grade-1a.yaml/hireling.hired-sword.imperial-assassin.rule.poisoner/unclassified,A,,unbound source prose names a A-family operator; assigned for review,5f593af53066f07f1920c9ad067960651d9b34bf3e679618acc6309e48d07c9d,5a2a8db0ed378cccdeade1eb62d6e4e6e94aafee8cdfda2093fabd2b1de08953,"[""sources/knowledge/catalog/hirelings/hired-swords/grade-1a.yaml""]"
source/catalog/hirelings/hired-swords/grade-1b.yaml/@/profiles/28/unresolved_references/0/unclassified,source_effect,Witch Hunter (unresolved_references),catalog/hirelings/hired-swords/grade-1b.yaml,Hired Swords / Witch Hunter,https://mordheimer.net/docs/campaigns/hired-swords/grade-1b,YES,"Personal kit, selected weapon/form or qualified mount/component is relevant to constructing one duelist; no independent third fighter or movement subsystem is admitted.",UNKNOWN,unbound,not_assessed,not_run,Scope review only; implementation and semantic evidence are not inferred.,,,,ready,,,not_applicable,not_applicable,not_applicable,,,needs_target_reconciliation,,,,,"{""kind"": ""equipment_choice"", ""source_name"": ""Duelling Pistol or Crossbow Pistol""}",@/profiles/28/unresolved_references/0,,,none,,Locate the current source/contract and reconcile its target before deciding whether new implementation is needed.,inventory,reviewed_source,construction,source/catalog/hirelings/hired-swords/grade-1b.yaml/@/profiles/28/unresolved_references/0/unclassified,A,,unbound source prose names a A-family operator; assigned for review,21b156766c42ad11cfa44fdcf38aeeb3bf0578faf7062a92e08083f398973df2,ad30e4b34b555bc82e5e9e39a9f566c3691996d05bba479a0773dc119efbe446,"[""sources/knowledge/catalog/hirelings/hired-swords/grade-1b.yaml""]"
source/catalog/hirelings/hired-swords/grade-1b.yaml/hireling.hired-sword.gaoler.rule.torturer-s-grapple/unclassified,source_effect,Torturer's Grapple,catalog/hirelings/hired-swords/grade-1b.yaml,,,YES,"The candidate names a duelist attack, damage/save/Injury, psychology, characteristic or reroll consequence; missing thresholds/target clauses require source reconciliation, not scope exclusion.",UNKNOWN,unbound,not_assessed,not_run,Scope review only; implementation and semantic evidence are not inferred.,,,,ready,,,not_applicable,not_applicable,not_applicable,,,needs_target_reconciliation,,,,,May replace normal attacks with the source-defined grapple.,hireling.hired-sword.gaoler.rule.torturer-s-grapple,,,none,,Locate the current source/contract and reconcile its target before deciding whether new implementation is needed.,inventory,reviewed_source,combat,source/catalog/hirelings/hired-swords/grade-1b.yaml/hireling.hired-sword.gaoler.rule.torturer-s-grapple/unclassified,A,,unbound source prose names a A-family operator; assigned for review,9b86cefe1ef33b4ffb23fdb5fe7fbd80d06411c66e03748af6a0a744aeaf356e,6b5bf29baa3856cf74bab31fdac57b7aaff0037fd2fc5bbf071c670fb0e0a886,"[""sources/knowledge/catalog/hirelings/hired-swords/grade-1b.yaml""]"
source/catalog/hirelings/hired-swords/grade-1b.yaml/hireling.hired-sword.kislev-ranger.rule.heart-strike/unclassified,source_effect,Heart Strike,catalog/hirelings/hired-swords/grade-1b.yaml,,,YES,"The candidate names a duelist attack, damage/save/Injury, psychology, characteristic or reroll consequence; missing thresholds/target clauses require source reconciliation, not scope exclusion.",UNKNOWN,unbound,not_assessed,not_run,Scope review only; implementation and semantic evidence are not inferred.,,,,ready,,,not_applicable,not_applicable,not_applicable,,,needs_target_reconciliation,,,,,Uses the source Heart Strike rule.,hireling.hired-sword.kislev-ranger.rule.heart-strike,,,none,,Locate the current source/contract and reconcile its target before deciding whether new implementation is needed.,inventory,reviewed_source,combat,source/catalog/hirelings/hired-swords/grade-1b.yaml/hireling.hired-sword.kislev-ranger.rule.heart-strike/unclassified,A,,unbound source prose names a A-family operator; assigned for review,875bfd346b698b0994500a41af2aac547efc1bf8092b4f99ee312adcd14b0b1c,cba0f8a85071c182d28d847eec09aaa32ac77b9326ea4ba1294bc851540a4997,"[""sources/knowledge/catalog/hirelings/hired-swords/grade-1b.yaml""]"
source/catalog/hirelings/hired-swords/grade-1b.yaml/hireling.hired-sword.snake-charmer.rule.venomous/unclassified,source_effect,Venomous,catalog/hirelings/hired-swords/grade-1b.yaml,,,YES,"The candidate names a duelist attack, damage/save/Injury, psychology, characteristic or reroll consequence; missing thresholds/target clauses require source reconciliation, not scope exclusion.",UNKNOWN,unbound,not_assessed,not_run,Scope review only; implementation and semantic evidence are not inferred.,,,,ready,,,not_applicable,not_applicable,not_applicable,,,needs_target_reconciliation,,,,,Snake attacks use the source venom rule.,hireling.hired-sword.snake-charmer.rule.venomous,,,none,,Locate the current source/contract and reconcile its target before deciding whether new implementation is needed.,inventory,reviewed_source,combat,source/catalog/hirelings/hired-swords/grade-1b.yaml/hireling.hired-sword.snake-charmer.rule.venomous/unclassified,A,,unbound source prose names a A-family operator; assigned for review,a087e9a12c7c257fccdecd106d885b138a3488793e2c046cc8212274be4d5a39,d5dcdb02c54147674bd149a718b02fc69eee7118dc2a4f1a7432db5f2494ad21,"[""sources/knowledge/catalog/hirelings/hired-swords/grade-1b.yaml""]"
source/catalog/hirelings/hired-swords/grade-1c.yaml/@/profiles/6/unresolved_references/0/unclassified,source_effect,Ninja (unresolved_references),catalog/hirelings/hired-swords/grade-1c.yaml,Hired Swords / Ninja,https://mordheimer.net/docs/campaigns/hired-swords/grade-1c,YES,The current definition skill.art-of-silent-death expressly describes a melee/psychology effect. Reconcile the named grant/reference separately; scope does not certify the binding or recipient.,UNKNOWN,unbound,not_assessed,not_run,Scope review only; implementation and semantic evidence are not inferred.,,,,ready,,,not_applicable,not_applicable,not_applicable,,,needs_target_reconciliation,,,,,"{""kind"": ""skill"", ""source_name"": ""Art of Silent Death""}",@/profiles/6/unresolved_references/0,,,none,,Locate the current source/contract and reconcile its target before deciding whether new implementation is needed.,inventory,reviewed_source,construction,source/catalog/hirelings/hired-swords/grade-1c.yaml/@/profiles/6/unresolved_references/0/unclassified,A,,unbound source prose names a A-family operator; assigned for review,eae7745e36b62010f583d5ba18503dbe31b3791999b04c1d1a61da37e6a5fbcb,65a6d9ddf8251a09314cd13206c30861a9d6b41f59dea61afb7db093cf744de5,"[""sources/knowledge/catalog/hirelings/hired-swords/grade-1c.yaml""]"
source/catalog/hirelings/hired-swords/grade-1c.yaml/hireling.hired-sword.chaos-centaur.rule.trample/unclassified,source_effect,Trample,catalog/hirelings/hired-swords/grade-1c.yaml,,,YES,"The candidate names a duelist attack, damage/save/Injury, psychology, characteristic or reroll consequence; missing thresholds/target clauses require source reconciliation, not scope exclusion.",UNKNOWN,unbound,not_assessed,not_run,Scope review only; implementation and semantic evidence are not inferred.,,,,ready,,,not_applicable,not_applicable,not_applicable,,,needs_target_reconciliation,,,,,Has source trample attack.,hireling.hired-sword.chaos-centaur.rule.trample,,,none,,Locate the current source/contract and reconcile its target before deciding whether new implementation is needed.,inventory,reviewed_source,combat,source/catalog/hirelings/hired-swords/grade-1c.yaml/hireling.hired-sword.chaos-centaur.rule.trample/unclassified,A,,unbound source prose names a A-family operator; assigned for review,dbef126137d613096af2d5ab0297f45728d7a9779b1f897522fe0c2c71435d83,b1c4d3d82e2798460bf9ff4074d8113ebe67adb76a038632e552601f619c9622,"[""sources/knowledge/catalog/hirelings/hired-swords/grade-1c.yaml""]"
source/catalog/hirelings/hired-swords/grade-2b.yaml/@/profiles/13/equipment/fixed_items/1/notes/unclassified,source_effect,hireling.hired-sword.priest-of-morr-miracle-workers (notes),catalog/hirelings/hired-swords/grade-2b.yaml,,,YES,"The candidate names a duelist attack, damage/save/Injury, psychology, characteristic or reroll consequence; missing thresholds/target clauses require source reconciliation, not scope exclusion.",UNKNOWN,unbound,not_assessed,not_run,Scope review only; implementation and semantic evidence are not inferred.,,,,ready,,,not_applicable,not_applicable,not_applicable,,,needs_target_reconciliation,,,,,"Source-qualified ceremonial scythe: Strength +1, Difficult to use and Two-handed.",@/profiles/13/equipment/fixed_items/1/notes,,,none,,Locate the current source/contract and reconcile its target before deciding whether new implementation is needed.,inventory,reviewed_source,combat,source/catalog/hirelings/hired-swords/grade-2b.yaml/@/profiles/13/equipment/fixed_items/1/notes/unclassified,A,,unbound source prose names a A-family operator; assigned for review,85b4bf2dbc3ee9ac3b6cbb6bac5d76ba849ee2e9278ac9021377b87c55ae2f72,814be77f252b570e70dca24ed3a80124d5c8bb595179c415b3b085d0b398392d,"[""sources/knowledge/catalog/hirelings/hired-swords/grade-2b.yaml""]"
source/catalog/hirelings/hired-swords/grade-2b.yaml/hireling.hired-sword.war-priestess-of-myrmidia.rule.marks-of-myrmidia/hireling.hired-sword.war-priestess-of-myrmidia.rule.marks-of-myrmidia.pending-duel,source_effect,Marks of Myrmidia,catalog/hirelings/hired-swords/grade-2b.yaml,,,LATER,Oracle remains pending for ownership-safe once-per-battle arbitrary-roll rerolls; Eagle Friend is a separately selectable implemented skill.,NO,unbound,not_applicable,deferred,Oracle remains pending for ownership-safe once-per-battle arbitrary-roll rerolls; Eagle Friend is a separately selectable implemented skill.,,,,deferred,Eagle Friendtextomitsnumbermeleeattacks; Hunting Bird single attack not automatic equivalence. Define each companion attack capacity and repeat mark stack.,,not_applicable,not_applicable,not_applicable,,,deferred_scope_review,sources/2B/catalog/hirelings/miracle-workers-priests.yaml#hireling.hired-sword.war-priestess-of-myrmidia#hireling.hired-sword.war-priestess-of-myrmidia.rule.marks-of-myrmidia,mixed,"[""T13.2"",""T13.3"",""T13.4"",""T13.5"",""T13.6""]",T13-Q176,"Oracle: the Priestess may re-roll any one dice roll she makes during a battle. Eagle Friend: the Priestess attracts an eagle companion; the mark can be gained multiple times. The eagle has a range of 24""; when shooting, roll to hit using the Priestess's Ballistic Skill; in close combat eagles strike first and use her Weapon Skill, each successful eagle attack inflicts a Strength 3 hit. If the Priestess is taken out of action the eagle flies away, returning after the battle; eagles cannot be attacked or slain, but if the Priestess is slain the eagles are lost like any other equipment.",hireling.hired-sword.war-priestess-of-myrmidia.rule.marks-of-myrmidia,companion-mounted-profile,,needs_review,,Review scope and prerequisites before admitting or implementing the effect.,inventory,kb,,source/catalog/hirelings/hired-swords/grade-2b.yaml/hireling.hired-sword.war-priestess-of-myrmidia.rule.marks-of-myrmidia/hireling.hired-sword.war-priestess-of-myrmidia.rule.marks-of-myrmidia.pending-duel,A,,"unbound source prose names a A-family operator; assigned for review; scope LATER preserved: review every clause individually, including possible mixed or reference-only clauses; keywords cannot defer a whole row; assignment for review is not admission",7601db4980a31611b34ceaaf2780f2e038c4fb1fdac5a7e1a53f3c79f1d456e9,403bd8d9ff3f9ca389bba384f2f44635a2c127b3680e1083b57193e11f247fd1,"[""sources/knowledge/catalog/hirelings/hired-swords/grade-2b.yaml""]"
source/catalog/rules/special-rules.yaml/shared-rule.berserk-charge/unclassified,source_effect,Berserk Charge,catalog/rules/special-rules.yaml,,,YES,At least one canonical band origin admits this shared effect; only its individual duel/construction clauses are included.,UNKNOWN,unbound,not_assessed,not_run,Scope review only; implementation and semantic evidence are not inferred.,,,,ready,,,not_applicable,not_applicable,not_applicable,,,needs_target_reconciliation,,,,,"The Norse are very skilled with weapons that many other races see as primitive and savage. When this hero is armed with an axe or double handed weapon, he may re-roll all failed to hit rolls when he charges.",shared-rule.berserk-charge,,,none,,Locate the current source/contract and reconcile its target before deciding whether new implementation is needed.,inventory,reviewed_source,combat,source/catalog/rules/special-rules.yaml/shared-rule.berserk-charge/unclassified,A,,unbound source prose names a A-family operator; assigned for review,e2380510c858dc6ff51a0fe1b9bf2adab4c825fa1c92422f6da456aea527c928,4388fdc1b3dab33a49f2305ba7dbb77ca5bf3e29890899b76254903e4fd2fcae,"[""sources/knowledge/catalog/rules/special-rules.yaml""]"
source/catalog/rules/special-rules.yaml/shared-rule.charge/unclassified,source_effect,Charge,catalog/rules/special-rules.yaml,,,YES,At least one canonical band origin admits this shared effect; only its individual duel/construction clauses are included.,UNKNOWN,unbound,not_assessed,not_run,Scope review only; implementation and semantic evidence are not inferred.,,,,ready,,,not_applicable,not_applicable,not_applicable,,,needs_target_reconciliation,,,,,A Dire Wolf has 2 Attacks instead of 1 during a turn in which it charges.,shared-rule.charge,,,none,,Locate the current source/contract and reconcile its target before deciding whether new implementation is needed.,inventory,reviewed_source,combat,source/catalog/rules/special-rules.yaml/shared-rule.charge/unclassified,A,,unbound source prose names a A-family operator; assigned for review,7907e6f2d324e90c79a1e7d1f595d49a08b77f4773811b843c86631b2b2be247,75b2415d209fc40760a6d6966c615f24d16845b7b19a9126395ff51ccb62f162,"[""sources/knowledge/catalog/rules/special-rules.yaml""]"
source/catalog/rules/special-rules.yaml/shared-rule.middenheim-physical-prowess/unclassified,source_effect,Middenheim — Physical Prowess,catalog/rules/special-rules.yaml,,,YES,At least one canonical band origin admits this shared effect; only its individual duel/construction clauses are included.,UNKNOWN,unbound,not_assessed,not_run,Scope review only; implementation and semantic evidence are not inferred.,,,,ready,,,not_applicable,not_applicable,not_applicable,,,needs_target_reconciliation,,,,,The Mercenary Captain and all Champions in a Middenheim warband start with Strength 4 instead of Strength 3.,shared-rule.middenheim-physical-prowess,,,none,,Locate the current source/contract and reconcile its target before deciding whether new implementation is needed.,inventory,reviewed_source,combat,source/catalog/rules/special-rules.yaml/shared-rule.middenheim-physical-prowess/unclassified,A,,unbound source prose names a A-family operator; assigned for review,febc055b6a8005e54b2fe259c757294266746442d005b768706d8b48cd865b31,52bbe8f9335551cd22519918ae0a367c8e95b2b9d0351ec707bc674afe2831dd,"[""sources/knowledge/catalog/rules/special-rules.yaml""]"
source/catalog/rules/special-rules.yaml/shared-rule.natural-weapons/unclassified,source_effect,Natural Weapons,catalog/rules/special-rules.yaml,,,YES,At least one canonical band origin admits this shared effect; only its individual duel/construction clauses are included.,UNKNOWN,unbound,not_assessed,not_run,Scope review only; implementation and semantic evidence are not inferred.,,,,ready,,,not_applicable,not_applicable,not_applicable,,,needs_target_reconciliation,,,,,"The Wulfen fights with teeth and claws, may never use weapons or armour, and suffers no penalty for fighting unarmed.",shared-rule.natural-weapons,,,none,,Locate the current source/contract and reconcile its target before deciding whether new implementation is needed.,inventory,reviewed_source,combat,source/catalog/rules/special-rules.yaml/shared-rule.natural-weapons/unclassified,A,,unbound source prose names a A-family operator; assigned for review,2c15ebe8962fe5d1bf208a8d486cbb5eb66cdf6d92a935355d21d5f418035fd5,1db82a56ff5cbd987c16565b798fe54a8db10c08e690788dc9838eac6d9184c7,"[""sources/knowledge/catalog/rules/special-rules.yaml""]"
source/catalog/rules/special-rules.yaml/shared-rule.skills/unclassified,source_effect,Skills,catalog/rules/special-rules.yaml,,,YES,At least one canonical band origin admits this shared effect; only its individual duel/construction clauses are included.,UNKNOWN,unbound,not_assessed,not_run,Scope review only; implementation and semantic evidence are not inferred.,,,,ready,,,not_applicable,not_applicable,not_applicable,,,needs_target_reconciliation,,,,,"If the Ogre Pit Fighter becomes a Hero through The Lad's Got Talent, it may choose Combat, Strength and Pit Fighter Special Skills.",shared-rule.skills,,,none,,Locate the current source/contract and reconcile its target before deciding whether new implementation is needed.,inventory,reviewed_source,combat,source/catalog/rules/special-rules.yaml/shared-rule.skills/unclassified,A,,unbound source prose names a A-family operator; assigned for review,fa9b93c750129093c13c906b3bdcec5182777c3719eed0ca91324fd5be42c559,39334ebce67bdd3168f07b6c8c480cb61fecc57068ea4c1048582b011d84cc0a,"[""sources/knowledge/catalog/rules/special-rules.yaml""]"
