id,source_file,effect_sha256,scope,category,reason,related_target,effect_text
source/bands/mordheim/adventurers-kaz/profiles.yaml/@/profiles/2/equipment_restrictions/0/unclassified,bands/mordheim/adventurers-kaz/profiles.yaml,dc51afff6d9fefc5d4bd5b410cccf838c2fc76be1daa7d8915b69fabb3d42dc1,YES,construction,"Printed kit/access, hand/armour restriction or intrinsic unarmed attack affects the constructed melee duelist; any movement/campaign clauses remain excluded.",,A Barbarian will never wear armour.
source/bands/mordheim/adventurers-kaz/profiles.yaml/@/profiles/5/equipment_restrictions/1/unclassified,bands/mordheim/adventurers-kaz/profiles.yaml,8c857bcdb37ca79679fc6510e403ac9dc0de4a0d92ef219836f18edee24bdb2a,YES,construction,"Printed kit/access, hand/armour restriction or intrinsic unarmed attack affects the constructed melee duelist; any movement/campaign clauses remain excluded.",,Uses the Cannon Fodder equipment list.
source/bands/mordheim/araby-smugglers-sar/equipment-access.yaml/@/equipment_lists/0/items/1/notes/unclassified,bands/mordheim/araby-smugglers-sar/equipment-access.yaml,2b037a2ec00aea05acc9e6c8eafa5a189dca06b0fbd1c27536e9f3a8b0e2eaf2,YES,construction,Bearer/slot/combination restriction or explicit equipment equivalence affects construction of a legal duelist; pricing and shooting execution are excluded.,,Hammer/Mace
source/bands/mordheim/araby-smugglers-sar/equipment-access.yaml/@/equipment_lists/0/items/4/notes/unclassified,bands/mordheim/araby-smugglers-sar/equipment-access.yaml,90583feeab9764ccd61a58404cd743db80ea9c60ffdf97290ebebecc4e808522,YES,construction,Bearer/slot/combination restriction or explicit equipment equivalence affects construction of a legal duelist; pricing and shooting execution are excluded.,,Heroes only
source/bands/mordheim/araby-smugglers-sar/equipment-access.yaml/@/equipment_lists/0/items/5/notes/unclassified,bands/mordheim/araby-smugglers-sar/equipment-access.yaml,932d5736707e881074724df5a4b7cde575aebaac933512f0355ada8ddc63252a,YES,construction,Bearer/slot/combination restriction or explicit equipment equivalence affects construction of a legal duelist; pricing and shooting execution are excluded.,,Scimitar/Sword
source/bands/mordheim/araby-smugglers-sar/equipment-access.yaml/@/equipment_lists/1/items/1/notes/unclassified,bands/mordheim/araby-smugglers-sar/equipment-access.yaml,2b037a2ec00aea05acc9e6c8eafa5a189dca06b0fbd1c27536e9f3a8b0e2eaf2,YES,construction,Bearer/slot/combination restriction or explicit equipment equivalence affects construction of a legal duelist; pricing and shooting execution are excluded.,,Hammer/Mace
source/bands/mordheim/araby-smugglers-sar/equipment-access.yaml/@/equipment_lists/1/items/3/notes/unclassified,bands/mordheim/araby-smugglers-sar/equipment-access.yaml,932d5736707e881074724df5a4b7cde575aebaac933512f0355ada8ddc63252a,YES,construction,Bearer/slot/combination restriction or explicit equipment equivalence affects construction of a legal duelist; pricing and shooting execution are excluded.,,Scimitar/Sword
source/bands/mordheim/araby-smugglers-sar/equipment-access.yaml/@/equipment_lists/2/items/1/notes/unclassified,bands/mordheim/araby-smugglers-sar/equipment-access.yaml,2b037a2ec00aea05acc9e6c8eafa5a189dca06b0fbd1c27536e9f3a8b0e2eaf2,YES,construction,Bearer/slot/combination restriction or explicit equipment equivalence affects construction of a legal duelist; pricing and shooting execution are excluded.,,Hammer/Mace
source/bands/mordheim/araby-smugglers-sar/equipment-access.yaml/@/equipment_lists/2/items/4/notes/unclassified,bands/mordheim/araby-smugglers-sar/equipment-access.yaml,bd62fdf72af34b53695aae0f1095d7895107e1e26c2a2e283cd4ec8b7ac7eaa0,YES,construction,Bearer/slot/combination restriction or explicit equipment equivalence affects construction of a legal duelist; pricing and shooting execution are excluded.,,Cutlass/Sword
source/bands/mordheim/averlanders/equipment-access.yaml/@/equipment_lists/0/items/10/notes/unclassified,bands/mordheim/averlanders/equipment-access.yaml,02314c22290b9a05b518cba32cdf33c9cbcd98c7f82e719c1e8d7c06e1f29176,YES,construction,Bearer/slot/combination restriction or explicit equipment equivalence affects construction of a legal duelist; pricing and shooting execution are excluded.,,35 gc (Bergjaeger only)
source/bands/mordheim/averlanders/equipment-access.yaml/@/equipment_lists/0/items/6/notes/unclassified,bands/mordheim/averlanders/equipment-access.yaml,54344b4c331b23990c06a19b54283db1de2c30a37d10910d2a7fc5c8607b6d8e,YES,construction,Bearer/slot/combination restriction or explicit equipment equivalence affects construction of a legal duelist; pricing and shooting execution are excluded.,,15 gc (Bergjaeger only)
source/bands/mordheim/black-orcs/equipment-access.yaml/@/equipment_lists/1/items/5/notes/unclassified,bands/mordheim/black-orcs/equipment-access.yaml,ec129bd1f53b73f0dc3d3439a844f94f02e2311a13217936589c416d92f726ae,YES,construction,Bearer/slot/combination restriction or explicit equipment equivalence affects construction of a legal duelist; pricing and shooting execution are excluded.,,Boyz and Nuttaz only.
source/bands/mordheim/black-orcs/equipment-access.yaml/@/equipment_lists/1/items/7/notes/unclassified,bands/mordheim/black-orcs/equipment-access.yaml,d9531a6f1a6a5536a58f26e07d5943e04513cab1e47fa25aeb7e4bb0cec7e707,YES,construction,Bearer/slot/combination restriction or explicit equipment equivalence affects construction of a legal duelist; pricing and shooting execution are excluded.,,Shootaz only.
source/bands/mordheim/bretonnian-brigands-mou/equipment-access.yaml/@/equipment_lists/0/items/10/notes/unclassified,bands/mordheim/bretonnian-brigands-mou/equipment-access.yaml,603a6d505e39d32294d09d9085e3880bac94df07355a21464056058279f0001a,YES,construction,Bearer/slot/combination restriction or explicit equipment equivalence affects construction of a legal duelist; pricing and shooting execution are excluded.,,Heroes Only Heroes only.
source/bands/mordheim/bretonnian-brigands-mou/equipment-access.yaml/@/equipment_lists/0/items/11/notes/unclassified,bands/mordheim/bretonnian-brigands-mou/equipment-access.yaml,a001d1e185ea798b01da424f003bb2f369e6d6d4e1f47ecb09c7cf069a8be055,YES,construction,Bearer/slot/combination restriction or explicit equipment equivalence affects construction of a legal duelist; pricing and shooting execution are excluded.,,Heroes Only; starting price only Heroes only.
source/bands/mordheim/bretonnian-brigands-mou/equipment-access.yaml/@/equipment_lists/0/items/12/notes/unclassified,bands/mordheim/bretonnian-brigands-mou/equipment-access.yaml,2acf73fd93420beda2c421ec72990bb7eee0c8170dfc0da38f1ec3c76b8e8163,YES,construction,Bearer/slot/combination restriction or explicit equipment equivalence affects construction of a legal duelist; pricing and shooting execution are excluded.,,Fallen Noble Extra Equipment (TC 7)
source/bands/mordheim/bretonnian-brigands-mou/equipment-access.yaml/@/equipment_lists/0/items/13/notes/unclassified,bands/mordheim/bretonnian-brigands-mou/equipment-access.yaml,43a170233a88ac37858cf61a085dba14606643ade24c135d17e25e54252dbe8a,YES,construction,Bearer/slot/combination restriction or explicit equipment equivalence affects construction of a legal duelist; pricing and shooting execution are excluded.,,Fallen Noble Extra Equipment
source/bands/mordheim/bretonnian-brigands-mou/equipment-access.yaml/@/equipment_lists/0/items/14/notes/unclassified,bands/mordheim/bretonnian-brigands-mou/equipment-access.yaml,43a170233a88ac37858cf61a085dba14606643ade24c135d17e25e54252dbe8a,YES,construction,Bearer/slot/combination restriction or explicit equipment equivalence affects construction of a legal duelist; pricing and shooting execution are excluded.,,Fallen Noble Extra Equipment
source/bands/mordheim/bretonnian-brigands-mou/equipment-access.yaml/@/equipment_lists/0/items/17/notes/unclassified,bands/mordheim/bretonnian-brigands-mou/equipment-access.yaml,603a6d505e39d32294d09d9085e3880bac94df07355a21464056058279f0001a,YES,construction,Bearer/slot/combination restriction or explicit equipment equivalence affects construction of a legal duelist; pricing and shooting execution are excluded.,,Heroes Only Heroes only.
source/bands/mordheim/bretonnian-brigands-mou/equipment-access.yaml/@/equipment_lists/0/items/18/notes/unclassified,bands/mordheim/bretonnian-brigands-mou/equipment-access.yaml,8733ca53a507541a9468d1b0bb52d4a0cf54c315d5f8d0d6dbeee060c3d6ecf1,YES,construction,Bearer/slot/combination restriction or explicit equipment equivalence affects construction of a legal duelist; pricing and shooting execution are excluded.,,Heroes Only; starting price only Heroes only; starting price only.
source/bands/mordheim/bretonnian-brigands-mou/equipment-access.yaml/@/equipment_lists/0/items/19/notes/unclassified,bands/mordheim/bretonnian-brigands-mou/equipment-access.yaml,8733ca53a507541a9468d1b0bb52d4a0cf54c315d5f8d0d6dbeee060c3d6ecf1,YES,construction,Bearer/slot/combination restriction or explicit equipment equivalence affects construction of a legal duelist; pricing and shooting execution are excluded.,,Heroes Only; starting price only Heroes only; starting price only.
source/bands/mordheim/bretonnian-buccaneers-sar/profiles.yaml/@/profiles/0/equipment_restrictions/0/unclassified,bands/mordheim/bretonnian-buccaneers-sar/profiles.yaml,f601314d8ab6d0e503f71cfeec6845c6340b625b87fc9851b7b3b8a536c263b8,YES,construction,"Printed kit/access, hand/armour restriction or intrinsic unarmed attack affects the constructed melee duelist; any movement/campaign clauses remain excluded.",,May not wear armour.
source/bands/mordheim/bretonnian-buccaneers-sar/profiles.yaml/@/profiles/1/equipment_restrictions/0/unclassified,bands/mordheim/bretonnian-buccaneers-sar/profiles.yaml,f601314d8ab6d0e503f71cfeec6845c6340b625b87fc9851b7b3b8a536c263b8,YES,construction,"Printed kit/access, hand/armour restriction or intrinsic unarmed attack affects the constructed melee duelist; any movement/campaign clauses remain excluded.",,May not wear armour.
source/bands/mordheim/bretonnian-buccaneers-sar/profiles.yaml/@/profiles/2/equipment_restrictions/0/unclassified,bands/mordheim/bretonnian-buccaneers-sar/profiles.yaml,f601314d8ab6d0e503f71cfeec6845c6340b625b87fc9851b7b3b8a536c263b8,YES,construction,"Printed kit/access, hand/armour restriction or intrinsic unarmed attack affects the constructed melee duelist; any movement/campaign clauses remain excluded.",,May not wear armour.
source/bands/mordheim/bretonnian-buccaneers-sar/profiles.yaml/@/profiles/3/equipment_restrictions/0/unclassified,bands/mordheim/bretonnian-buccaneers-sar/profiles.yaml,f601314d8ab6d0e503f71cfeec6845c6340b625b87fc9851b7b3b8a536c263b8,YES,construction,"Printed kit/access, hand/armour restriction or intrinsic unarmed attack affects the constructed melee duelist; any movement/campaign clauses remain excluded.",,May not wear armour.
source/bands/mordheim/bretonnian-buccaneers-sar/profiles.yaml/@/profiles/4/equipment_restrictions/0/unclassified,bands/mordheim/bretonnian-buccaneers-sar/profiles.yaml,f601314d8ab6d0e503f71cfeec6845c6340b625b87fc9851b7b3b8a536c263b8,YES,construction,"Printed kit/access, hand/armour restriction or intrinsic unarmed attack affects the constructed melee duelist; any movement/campaign clauses remain excluded.",,May not wear armour.
source/bands/mordheim/bretonnian-buccaneers-sar/profiles.yaml/@/profiles/5/equipment_restrictions/1/unclassified,bands/mordheim/bretonnian-buccaneers-sar/profiles.yaml,f601314d8ab6d0e503f71cfeec6845c6340b625b87fc9851b7b3b8a536c263b8,YES,construction,"Printed kit/access, hand/armour restriction or intrinsic unarmed attack affects the constructed melee duelist; any movement/campaign clauses remain excluded.",,May not wear armour.
source/bands/mordheim/bretonnian-chapel-guard/profiles.yaml/@/profiles/1/equipment_restrictions/0/unclassified,bands/mordheim/bretonnian-chapel-guard/profiles.yaml,1b5a8f00358ade28563a703e6a006cf2a30a39711e27b1ecb931d377d3cf4695,YES,construction,"Printed kit/access, hand/armour restriction or intrinsic unarmed attack affects the constructed melee duelist; any movement/campaign clauses remain excluded.",,"May only use non-missile, non-armour items from the Bowmen Equipment List."
source/bands/mordheim/bretonnian-chapel-guard/profiles.yaml/@/profiles/3/equipment_restrictions/0/unclassified,bands/mordheim/bretonnian-chapel-guard/profiles.yaml,eb9ed5a1d4880d85f73cf02203951b09424912af4a136d1e0d2ecba6a1bac747,YES,construction,"Printed kit/access, hand/armour restriction or intrinsic unarmed attack affects the constructed melee duelist; any movement/campaign clauses remain excluded.",,May use weapons and armour from the Pilgrims and Bowmen Equipment Lists.
source/bands/mordheim/bretonnian-chapel-guard/profiles.yaml/@/profiles/3/equipment_restrictions/1/unclassified,bands/mordheim/bretonnian-chapel-guard/profiles.yaml,dbea31c68e0d2f200cb843a75c537f96a5e0db7556ce4bfb2575a952b3bcbb0b,YES,construction,"Printed kit/access, hand/armour restriction or intrinsic unarmed attack affects the constructed melee duelist; any movement/campaign clauses remain excluded.",,"May not take the Holy Relic entry, which is Pilgrim only."
source/bands/mordheim/bretonnian-chapel-guard/profiles.yaml/@/profiles/3/equipment_restrictions/2/unclassified,bands/mordheim/bretonnian-chapel-guard/profiles.yaml,601c191cb9adabf98ce190579f4ecfef4b9c3c5c0667fb4f2f275188a476d8aa,YES,construction,"Printed kit/access, hand/armour restriction or intrinsic unarmed attack affects the constructed melee duelist; any movement/campaign clauses remain excluded.",,May not ride a horse unless the Questing Knight and every Knight Errant in the warband are riding warhorses.
source/bands/mordheim/bretonnian-knights-errant-mou/equipment-access.yaml/@/equipment_lists/0/items/7/notes/unclassified,bands/mordheim/bretonnian-knights-errant-mou/equipment-access.yaml,afeb58002a2bd874c6eae5cfd243a48608947e43a98e24fa539391b29d322751,YES,construction,Bearer/slot/combination restriction or explicit equipment equivalence affects construction of a legal duelist; pricing and shooting execution are excluded.,,"Upgrade from Light Armour to Heavy Armour, +30 gc."
source/bands/mordheim/bretonnian-knights/profiles.yaml/@/profiles/1/equipment_restrictions/0/unclassified,bands/mordheim/bretonnian-knights/profiles.yaml,f87097bba7a38b1b6e62d1c3bf5dc6f98f598a1f1806abdc459ecfc6ccdacd4c,YES,construction,"Printed kit/access, hand/armour restriction or intrinsic unarmed attack affects the constructed melee duelist; any movement/campaign clauses remain excluded.",,May not ride a Warhorse unless the Questing Knight also rides one.
source/bands/mordheim/bretonnian-knights/profiles.yaml/@/profiles/2/equipment_restrictions/0/unclassified,bands/mordheim/bretonnian-knights/profiles.yaml,44acfff859a2bd03ac4f2257129304de4d59238243780f37440d7acd3e541a21,YES,construction,"Printed kit/access, hand/armour restriction or intrinsic unarmed attack affects the constructed melee duelist; any movement/campaign clauses remain excluded.",,May not ride a Horse unless the Questing Knight and every Knight Errant in the warband are riding Warhorses.
source/bands/mordheim/brood-of-ghurash-the-sc/equipment-access.yaml/@/equipment_lists/0/items/0/notes/unclassified,bands/mordheim/brood-of-ghurash-the-sc/equipment-access.yaml,3c0df8c923f453806f32b1840fdfb74ee5459ea96162ae4716e2f225deecd9a8,YES,construction,Bearer/slot/combination restriction or explicit equipment equivalence affects construction of a legal duelist; pricing and shooting execution are excluded.,,1st free/2 gc; Henchmen only
source/bands/mordheim/carnival-of-chaos/profiles.yaml/@/profiles/3/equipment_restrictions/0/unclassified,bands/mordheim/carnival-of-chaos/profiles.yaml,7804f66b69d91fff3031cea2df9dee82b14e79b37a25fe2b950df9785f5c01aa,YES,construction,"Printed kit/access, hand/armour restriction or intrinsic unarmed attack affects the constructed melee duelist; any movement/campaign clauses remain excluded.",,Plague Bearers neither need nor use weapons and cannot wear armour.
source/bands/mordheim/carnival-of-chaos/profiles.yaml/@/profiles/4/equipment_restrictions/0/unclassified,bands/mordheim/carnival-of-chaos/profiles.yaml,9ffaf58247588edbcef36132ea78d18a4d9b66c1287f80a60dafa87cfe9df198,YES,construction,"Printed kit/access, hand/armour restriction or intrinsic unarmed attack affects the constructed melee duelist; any movement/campaign clauses remain excluded.",,Nurglings do not use weapons and do not wear armour.
source/bands/mordheim/carnival-of-chaos/profiles.yaml/@/profiles/6/equipment_restrictions/0/unclassified,bands/mordheim/carnival-of-chaos/profiles.yaml,1ccb075aeb7771ce4a60eed576e0eae86f4c726410948b4dcb3328314abfbbd8,YES,construction,"Printed kit/access, hand/armour restriction or intrinsic unarmed attack affects the constructed melee duelist; any movement/campaign clauses remain excluded.",,The Plague Cart and its Guardian cannot use weapons or wear armour.
source/bands/mordheim/clan-angrund-kep/equipment-access.yaml/@/equipment_lists/0/items/4/notes/unclassified,bands/mordheim/clan-angrund-kep/equipment-access.yaml,66286f4ffb984b8d766d7595d86bafaab67fd60ded5d2adac43c1026c8e33913,YES,construction,Bearer/slot/combination restriction or explicit equipment equivalence affects construction of a legal duelist; pricing and shooting execution are excluded.,,"Special weapon, see Special Weapons / Dwarf Axe. Rare (Dwarfs only)."
source/bands/mordheim/clan-angrund-kep/equipment-access.yaml/@/equipment_lists/0/items/9/notes/unclassified,bands/mordheim/clan-angrund-kep/equipment-access.yaml,3b45c080559b33df27a051ff67a8f1b032f2fd11232f2aa8475f012c6939b135,YES,construction,Bearer/slot/combination restriction or explicit equipment equivalence affects construction of a legal duelist; pricing and shooting execution are excluded.,,"3 times the cost. Any weapon a Dwarf may normally purchase may be bought as a Gromril weapon instead; the price shown is just used for creating the warband, later purchases use the price chart in the rules."
source/bands/mordheim/clockworkers-sc/profiles.yaml/@/profiles/5/equipment_restrictions/0/unclassified,bands/mordheim/clockworkers-sc/profiles.yaml,5f918d08e17dae52fff0bc9f0ae7df35ccdfb7539c2578782f4c6e1c8637dfe8,YES,construction,"Printed kit/access, hand/armour restriction or intrinsic unarmed attack affects the constructed melee duelist; any movement/campaign clauses remain excluded.",,Two equipment slots and one armour slot; in-built equipment may not be removed.
source/bands/mordheim/clockworkers-sc/profiles.yaml/@/profiles/6/equipment_restrictions/0/unclassified,bands/mordheim/clockworkers-sc/profiles.yaml,9374f1313b9c737a2bd016911acc6ecabc122348a0cf512ef977b8bfc53564d2,YES,construction,"Printed kit/access, hand/armour restriction or intrinsic unarmed attack affects the constructed melee duelist; any movement/campaign clauses remain excluded.",,Four equipment slots and one armour slot; in-built equipment may not be removed.
source/bands/mordheim/crooked-moon-kep/equipment-access.yaml/@/equipment_lists/0/items/8/notes/unclassified,bands/mordheim/crooked-moon-kep/equipment-access.yaml,010a174a2f34aaf5e3c4dddad2e891f7e3d56809b5ed69cdaf7c5eb03f156774,YES,construction,Bearer/slot/combination restriction or explicit equipment equivalence affects construction of a legal duelist; pricing and shooting execution are excluded.,,"Special equipment; see Poison Daggers (Fanatics only in this band's list layout, see source)."
source/bands/mordheim/crooked-moon-kep/profiles.yaml/@/profiles/3/equipment_restrictions/0/unclassified,bands/mordheim/crooked-moon-kep/profiles.yaml,0e7970e3243ebbdc6fe9bacc1b07352b12fda4523c959a5e7e3997785932ab29,YES,construction,"Printed kit/access, hand/armour restriction or intrinsic unarmed attack affects the constructed melee duelist; any movement/campaign clauses remain excluded.",,A Squig Hopper can't be equipped with any weapon but can pick armour from the Night Goblins list.
source/bands/mordheim/crooked-moon-kep/profiles.yaml/@/profiles/6/equipment_restrictions/0/unclassified,bands/mordheim/crooked-moon-kep/profiles.yaml,f2161a6eadc50e6c6d7a18940df6d45b4c8a5f4f9a6ec7c62b14e893b7c579ad,YES,construction,"Printed kit/access, hand/armour restriction or intrinsic unarmed attack affects the constructed melee duelist; any movement/campaign clauses remain excluded.",,Big gob and brutality! Cave Squigs never use weapons or armour.
source/bands/mordheim/crooked-moon-kep/profiles.yaml/@/profiles/7/equipment_restrictions/0/unclassified,bands/mordheim/crooked-moon-kep/profiles.yaml,540590f63da251a8c249b69965b1d9bfb5cce5ba0ae3c6cb586d000545b7b50c,YES,construction,"Printed kit/access, hand/armour restriction or intrinsic unarmed attack affects the constructed melee duelist; any movement/campaign clauses remain excluded.",,"Trolls do not require weapons to fight but often carry a big club. In any event, Trolls can never be given weapons or armour."
source/bands/mordheim/crooked-moon-kep/profiles.yaml/@/profiles/8/equipment_restrictions/0/unclassified,bands/mordheim/crooked-moon-kep/profiles.yaml,fe8df2cfd240dc337e8466c0afc0b00c03916be94226d6d8d23bca5efa301199,YES,construction,"Printed kit/access, hand/armour restriction or intrinsic unarmed attack affects the constructed melee duelist; any movement/campaign clauses remain excluded.",,"Snotlings may only ever use a pointy stick, which they will find for themselves at no cost. This counts as a dagger and gives the enemy a +1 to his armour save or a 6+ save if he had none."
source/bands/mordheim/cursed-cavalcade/profiles.yaml/@/profiles/3/equipment_restrictions/0/unclassified,bands/mordheim/cursed-cavalcade/profiles.yaml,2b8047b78982284aaa75dd525b3ed045a3a84565f8065303dda1334bfba2a164,YES,construction,"Printed kit/access, hand/armour restriction or intrinsic unarmed attack affects the constructed melee duelist; any movement/campaign clauses remain excluded.",,Must use one hand to play a flute or other instrument.
source/bands/mordheim/cursed-cavalcade/profiles.yaml/@/profiles/3/equipment_restrictions/1/unclassified,bands/mordheim/cursed-cavalcade/profiles.yaml,16134ee29cbf1f954765c0406cb3f8da79f4848e78befbb3cbf3106cb50dc602,YES,construction,"Printed kit/access, hand/armour restriction or intrinsic unarmed attack affects the constructed melee duelist; any movement/campaign clauses remain excluded.",,"May not use an off-hand weapon, a double-handed weapon, a brace of pistols of any kind, Bows, or Crossbows."
source/bands/mordheim/cursed-cavalcade/profiles.yaml/@/profiles/6/equipment_restrictions/0/unclassified,bands/mordheim/cursed-cavalcade/profiles.yaml,0f2a8d59a0210580890cf810820ef65c47a2c0f230f57ab27f5ec7eddc453303,YES,construction,"Printed kit/access, hand/armour restriction or intrinsic unarmed attack affects the constructed melee duelist; any movement/campaign clauses remain excluded.",,Great Bears never use weapons or armour and do not need them to fight effectively.
source/bands/mordheim/cursed-cavalcade/profiles.yaml/@/profiles/7/equipment_restrictions/0/unclassified,bands/mordheim/cursed-cavalcade/profiles.yaml,a5a1d1e8de54fd7ac03a9a70e0cf592e43a033beabb6f4c470f0786bdbee0861,YES,construction,"Printed kit/access, hand/armour restriction or intrinsic unarmed attack affects the constructed melee duelist; any movement/campaign clauses remain excluded.",,Wild Beasts never use weapons or armour and do not need them to fight effectively.
source/bands/mordheim/cursed-cavalcade/profiles.yaml/@/profiles/8/equipment_restrictions/0/unclassified,bands/mordheim/cursed-cavalcade/profiles.yaml,63b1cde31d0ae1bcb4327185dee0dbb13b0bc49d638ba12b170d4c9d64517863,YES,construction,"Printed kit/access, hand/armour restriction or intrinsic unarmed attack affects the constructed melee duelist; any movement/campaign clauses remain excluded.",,A Fighting Ape never uses weapons or armour and does not need them to fight effectively.
source/bands/mordheim/dark-elves/profiles.yaml/@/profiles/2/equipment_restrictions/0/unclassified,bands/mordheim/dark-elves/profiles.yaml,2a59805d074744e347655d46773babc2a0cb8061ebd672119a5a857377698e57,YES,construction,"Printed kit/access, hand/armour restriction or intrinsic unarmed attack affects the constructed melee duelist; any movement/campaign clauses remain excluded.",,"May use weapons and armour from the Dark Elf Equipment List, but may not use missile weapons of any sort."
source/bands/mordheim/dark-elves/profiles.yaml/@/profiles/3/equipment_restrictions/0/unclassified,bands/mordheim/dark-elves/profiles.yaml,aa654846a7fdc216446e6ddb8e512153a35ba7fe9ec1f6a1a738fa5872dd2988,YES,construction,"Printed kit/access, hand/armour restriction or intrinsic unarmed attack affects the constructed melee duelist; any movement/campaign clauses remain excluded.",,"May use weapons and armour from the Dark Elf Equipment List, but may not cast spells while wearing armour."
source/bands/mordheim/dark-elves/profiles.yaml/@/profiles/6/equipment_restrictions/0/unclassified,bands/mordheim/dark-elves/profiles.yaml,eaa4d6c4bdcd05a25111aba5645422ce74a939af0f76f1be9ee674089d443200,YES,construction,"Printed kit/access, hand/armour restriction or intrinsic unarmed attack affects the constructed melee duelist; any movement/campaign clauses remain excluded.",,Cold One Beasthounds are animals and use only their claws and jaws; they do not use weapons or armour.
source/bands/mordheim/dreamwalkers-cult-of-morr-fbg/profiles.yaml/@/profiles/1/equipment_restrictions/0/unclassified,bands/mordheim/dreamwalkers-cult-of-morr-fbg/profiles.yaml,bc7698f0a6d9fd82a48a438e4d32807b185946fedf067735e9637b3f8f16de80,YES,construction,"Printed kit/access, hand/armour restriction or intrinsic unarmed attack affects the constructed melee duelist; any movement/campaign clauses remain excluded.",,May only be armed with a Dagger and a Scythe; may never wear armour.
source/bands/mordheim/dreamwalkers-cult-of-morr-fbg/profiles.yaml/@/profiles/2/equipment_restrictions/0/unclassified,bands/mordheim/dreamwalkers-cult-of-morr-fbg/profiles.yaml,3885d2e89cafa1ee3651c976898fe03bd2b0b21e3657d9e283e2c81466c3f96c,YES,construction,"Printed kit/access, hand/armour restriction or intrinsic unarmed attack affects the constructed melee duelist; any movement/campaign clauses remain excluded.",,"If using optional mounted rules, may ride a Warhorse (Warhorse profile 8/3/0/3/3/1/3/1/5), increasing save to +4 while mounted."
source/bands/mordheim/druchii-mic/profiles.yaml/@/profiles/4/equipment_restrictions/0/unclassified,bands/mordheim/druchii-mic/profiles.yaml,bd4444236e416073673d8d3437c6462f71d07622c749065841241ed9c1a93007,YES,construction,"Printed kit/access, hand/armour restriction or intrinsic unarmed attack affects the constructed melee duelist; any movement/campaign clauses remain excluded.",,"In addition to their list, Corsairs may wear Sea Dragon Cloaks even though they are not Heroes."
source/bands/mordheim/druchii-mic/profiles.yaml/@/profiles/7/equipment_restrictions/0/unclassified,bands/mordheim/druchii-mic/profiles.yaml,bf07a4a15f95d1d5755cb91584d3b5e3817c49589efc5712f3b5fc95e49cabe3,YES,construction,"Printed kit/access, hand/armour restriction or intrinsic unarmed attack affects the constructed melee duelist; any movement/campaign clauses remain excluded.",,"Slavehounds are animals and do not need any weapons, save their claws and massive jaws."
source/bands/mordheim/dwarf-rangers/profiles.yaml/@/profiles/1/equipment_restrictions/0/unclassified,bands/mordheim/dwarf-rangers/profiles.yaml,9a6eff18872eefa2372fdc86088a643d6c34d303393c64eb73959adb5b403b67,YES,construction,"Printed kit/access, hand/armour restriction or intrinsic unarmed attack affects the constructed melee duelist; any movement/campaign clauses remain excluded.",,"May select weapons from the Dwarf Warrior Equipment List, but the profile entry does not allow armour."
source/bands/mordheim/dwarf-slayers-kaz/profiles.yaml/@/profiles/0/equipment_restrictions/0/unclassified,bands/mordheim/dwarf-slayers-kaz/profiles.yaml,bb755959774f318efee52e01efda2b2e8b36269af1ede4fe209bd04ddaf0f8ae,YES,construction,"Printed kit/access, hand/armour restriction or intrinsic unarmed attack affects the constructed melee duelist; any movement/campaign clauses remain excluded.",,May not use any missile weapons or armour.
source/bands/mordheim/dwarf-slayers-kaz/profiles.yaml/@/profiles/1/equipment_restrictions/0/unclassified,bands/mordheim/dwarf-slayers-kaz/profiles.yaml,bb755959774f318efee52e01efda2b2e8b36269af1ede4fe209bd04ddaf0f8ae,YES,construction,"Printed kit/access, hand/armour restriction or intrinsic unarmed attack affects the constructed melee duelist; any movement/campaign clauses remain excluded.",,May not use any missile weapons or armour.
source/bands/mordheim/dwarf-slayers-kaz/profiles.yaml/@/profiles/2/equipment_restrictions/0/unclassified,bands/mordheim/dwarf-slayers-kaz/profiles.yaml,57c7cf0e6f4e59fff09408a93b93f0ef0cbd016bc20599e41b3ecbc80745a498,YES,construction,"Printed kit/access, hand/armour restriction or intrinsic unarmed attack affects the constructed melee duelist; any movement/campaign clauses remain excluded.",,"Random race at recruitment — roll a D6; 1-4 he is a Dwarf, 5-6 he is a Human. If you do not wish to hire whichever race you roll then you must wait until after your next game before trying again. A Human Rememberer is instead equipped from the Mercenary equipment list in the Mordheim rulebook (M 4, WS 4, BS 2, S 3, T 3, W 1, I 4, A 1, Ld 7)."
source/bands/mordheim/dwarf-slayers-kaz/profiles.yaml/@/profiles/3/equipment_restrictions/0/unclassified,bands/mordheim/dwarf-slayers-kaz/profiles.yaml,bb755959774f318efee52e01efda2b2e8b36269af1ede4fe209bd04ddaf0f8ae,YES,construction,"Printed kit/access, hand/armour restriction or intrinsic unarmed attack affects the constructed melee duelist; any movement/campaign clauses remain excluded.",,May not use any missile weapons or armour.
source/bands/mordheim/estalian-corsairs-sar/equipment-access.yaml/@/equipment_lists/0/items/1/notes/unclassified,bands/mordheim/estalian-corsairs-sar/equipment-access.yaml,2b037a2ec00aea05acc9e6c8eafa5a189dca06b0fbd1c27536e9f3a8b0e2eaf2,YES,construction,Bearer/slot/combination restriction or explicit equipment equivalence affects construction of a legal duelist; pricing and shooting execution are excluded.,,Hammer/Mace
source/bands/mordheim/estalian-corsairs-sar/equipment-access.yaml/@/equipment_lists/0/items/16/notes/unclassified,bands/mordheim/estalian-corsairs-sar/equipment-access.yaml,82aaa060b32e373b9cbcfb41ccfb941f41367a0ef515911f2ee2e4b7caaa850f,YES,construction,Bearer/slot/combination restriction or explicit equipment equivalence affects construction of a legal duelist; pricing and shooting execution are excluded.,,Estalians only Estalians only.
source/bands/mordheim/estalian-corsairs-sar/equipment-access.yaml/@/equipment_lists/0/items/4/notes/unclassified,bands/mordheim/estalian-corsairs-sar/equipment-access.yaml,90583feeab9764ccd61a58404cd743db80ea9c60ffdf97290ebebecc4e808522,YES,construction,Bearer/slot/combination restriction or explicit equipment equivalence affects construction of a legal duelist; pricing and shooting execution are excluded.,,Heroes only
source/bands/mordheim/estalian-corsairs-sar/equipment-access.yaml/@/equipment_lists/0/items/7/notes/unclassified,bands/mordheim/estalian-corsairs-sar/equipment-access.yaml,82aaa060b32e373b9cbcfb41ccfb941f41367a0ef515911f2ee2e4b7caaa850f,YES,construction,Bearer/slot/combination restriction or explicit equipment equivalence affects construction of a legal duelist; pricing and shooting execution are excluded.,,Estalians only Estalians only.
source/bands/mordheim/estalian-corsairs-sar/equipment-access.yaml/@/equipment_lists/1/items/1/notes/unclassified,bands/mordheim/estalian-corsairs-sar/equipment-access.yaml,2b037a2ec00aea05acc9e6c8eafa5a189dca06b0fbd1c27536e9f3a8b0e2eaf2,YES,construction,Bearer/slot/combination restriction or explicit equipment equivalence affects construction of a legal duelist; pricing and shooting execution are excluded.,,Hammer/Mace
source/bands/mordheim/estalian-corsairs-sar/equipment-access.yaml/@/equipment_lists/2/items/1/notes/unclassified,bands/mordheim/estalian-corsairs-sar/equipment-access.yaml,2b037a2ec00aea05acc9e6c8eafa5a189dca06b0fbd1c27536e9f3a8b0e2eaf2,YES,construction,Bearer/slot/combination restriction or explicit equipment equivalence affects construction of a legal duelist; pricing and shooting execution are excluded.,,Hammer/Mace
source/bands/mordheim/forest-goblins-lus/equipment-access.yaml/@/equipment_lists/2/items/0/notes/unclassified,bands/mordheim/forest-goblins-lus/equipment-access.yaml,9f427682f7a7a08dca0b9d5129e4298facaf282cad466b5185cc4fbf5c77d8f8,YES,construction,Bearer/slot/combination restriction or explicit equipment equivalence affects construction of a legal duelist; pricing and shooting execution are excluded.,,Chieftain or Bosses only
source/bands/mordheim/forest-goblins-lus/equipment-access.yaml/@/equipment_lists/2/items/5/notes/unclassified,bands/mordheim/forest-goblins-lus/equipment-access.yaml,d4f9dedf1ede395d904bc134f24d815f4f4830e9bc8784d5f5fd9140044c0c79,YES,construction,Bearer/slot/combination restriction or explicit equipment equivalence affects construction of a legal duelist; pricing and shooting execution are excluded.,,Rare 5; optional mounts
source/bands/mordheim/forest-goblins-lus/profiles.yaml/@/profiles/6/equipment_restrictions/0/unclassified,bands/mordheim/forest-goblins-lus/profiles.yaml,ebfbe59626a68d0b007c95d1f6be349413cdf554d43bf5af089ec14bdf0763be,YES,construction,"Printed kit/access, hand/armour restriction or intrinsic unarmed attack affects the constructed melee duelist; any movement/campaign clauses remain excluded.",,A Gigantic Spider never uses weapons or armour.
source/bands/mordheim/ghost-pirates-sar/equipment-access.yaml/@/equipment_lists/0/items/1/notes/unclassified,bands/mordheim/ghost-pirates-sar/equipment-access.yaml,2b037a2ec00aea05acc9e6c8eafa5a189dca06b0fbd1c27536e9f3a8b0e2eaf2,YES,construction,Bearer/slot/combination restriction or explicit equipment equivalence affects construction of a legal duelist; pricing and shooting execution are excluded.,,Hammer/Mace
source/bands/mordheim/ghost-pirates-sar/equipment-access.yaml/@/equipment_lists/0/items/4/notes/unclassified,bands/mordheim/ghost-pirates-sar/equipment-access.yaml,90583feeab9764ccd61a58404cd743db80ea9c60ffdf97290ebebecc4e808522,YES,construction,Bearer/slot/combination restriction or explicit equipment equivalence affects construction of a legal duelist; pricing and shooting execution are excluded.,,Heroes only
source/bands/mordheim/ghost-pirates-sar/equipment-access.yaml/@/equipment_lists/0/items/8/notes/unclassified,bands/mordheim/ghost-pirates-sar/equipment-access.yaml,27a4e024325fe6c07795c013f611fb0c4c26d4f9b995edb41653f7ad9e748dc6,YES,construction,Bearer/slot/combination restriction or explicit equipment equivalence affects construction of a legal duelist; pricing and shooting execution are excluded.,,10 for a brace; Ghosts only
source/bands/mordheim/ghost-pirates-sar/equipment-access.yaml/@/equipment_lists/1/items/1/notes/unclassified,bands/mordheim/ghost-pirates-sar/equipment-access.yaml,2b037a2ec00aea05acc9e6c8eafa5a189dca06b0fbd1c27536e9f3a8b0e2eaf2,YES,construction,Bearer/slot/combination restriction or explicit equipment equivalence affects construction of a legal duelist; pricing and shooting execution are excluded.,,Hammer/Mace
source/bands/mordheim/ghost-pirates-sar/equipment-access.yaml/@/equipment_lists/2/items/1/notes/unclassified,bands/mordheim/ghost-pirates-sar/equipment-access.yaml,2b037a2ec00aea05acc9e6c8eafa5a189dca06b0fbd1c27536e9f3a8b0e2eaf2,YES,construction,Bearer/slot/combination restriction or explicit equipment equivalence affects construction of a legal duelist; pricing and shooting execution are excluded.,,Hammer/Mace
source/bands/mordheim/grave-robbers-sylv/equipment-access.yaml/@/equipment_lists/0/items/15/notes/unclassified,bands/mordheim/grave-robbers-sylv/equipment-access.yaml,f84ecb046ce665ad8bcc3751362422dd2b508dd39cdf95eec008c0f835887ce4,YES,construction,Bearer/slot/combination restriction or explicit equipment equivalence affects construction of a legal duelist; pricing and shooting execution are excluded.,,Heroes only; 15+D6 gc; Rare 9; see special equipment
source/bands/mordheim/grave-robbers-sylv/equipment-access.yaml/@/equipment_lists/0/items/16/notes/unclassified,bands/mordheim/grave-robbers-sylv/equipment-access.yaml,5115adcdf7ee180f52075bec050f178d760eb664cf16f73860205196d14be36f,YES,construction,Bearer/slot/combination restriction or explicit equipment equivalence affects construction of a legal duelist; pricing and shooting execution are excluded.,,Heroes only; 80+4D6 gc; Rare 11; see special equipment
source/bands/mordheim/grave-robbers-sylv/equipment-access.yaml/@/equipment_lists/0/items/17/notes/unclassified,bands/mordheim/grave-robbers-sylv/equipment-access.yaml,2e31cbf25afab0fb8a904e22d09811a170534b98480aa6a9b5956e8c54140ac3,YES,construction,Bearer/slot/combination restriction or explicit equipment equivalence affects construction of a legal duelist; pricing and shooting execution are excluded.,,Heroes only; see special equipment
source/bands/mordheim/grave-robbers-sylv/equipment-access.yaml/@/equipment_lists/0/items/4/notes/unclassified,bands/mordheim/grave-robbers-sylv/equipment-access.yaml,5f54abf90c2d58fead6a7cb5ce9c646814ab68fe8ca9891caaff02f6c0d46cc7,YES,construction,Bearer/slot/combination restriction or explicit equipment equivalence affects construction of a legal duelist; pricing and shooting execution are excluded.,,Counts as a Halberd
source/bands/mordheim/grave-robbers-sylv/equipment-access.yaml/@/equipment_lists/0/items/6/notes/unclassified,bands/mordheim/grave-robbers-sylv/equipment-access.yaml,2e31cbf25afab0fb8a904e22d09811a170534b98480aa6a9b5956e8c54140ac3,YES,construction,Bearer/slot/combination restriction or explicit equipment equivalence affects construction of a legal duelist; pricing and shooting execution are excluded.,,Heroes only; see special equipment
source/bands/mordheim/grave-robbers-sylv/equipment-access.yaml/@/equipment_lists/1/items/5/notes/unclassified,bands/mordheim/grave-robbers-sylv/equipment-access.yaml,5f54abf90c2d58fead6a7cb5ce9c646814ab68fe8ca9891caaff02f6c0d46cc7,YES,construction,Bearer/slot/combination restriction or explicit equipment equivalence affects construction of a legal duelist; pricing and shooting execution are excluded.,,Counts as a Halberd
source/bands/mordheim/halflings-mic/equipment-access.yaml/@/equipment_lists/0/items/0/notes/unclassified,bands/mordheim/halflings-mic/equipment-access.yaml,10de7b75385a2ce83b517c881e8a915fdbdf17989839d46eded73738f46478c0,YES,construction,Bearer/slot/combination restriction or explicit equipment equivalence affects construction of a legal duelist; pricing and shooting execution are excluded.,,Pairing Knife (Dagger); 1st free/2 gc; Halfling Cooks only
source/bands/mordheim/halflings-mic/equipment-access.yaml/@/equipment_lists/0/items/1/notes/unclassified,bands/mordheim/halflings-mic/equipment-access.yaml,d9cd7c119fe0d23b7c6f55645b08b610e4b83e3888c46b2e1affc49665e9d076,YES,construction,Bearer/slot/combination restriction or explicit equipment equivalence affects construction of a legal duelist; pricing and shooting execution are excluded.,,Tenderiser (Hammer); Halfling Cooks only
source/bands/mordheim/halflings-mic/equipment-access.yaml/@/equipment_lists/0/items/10/notes/unclassified,bands/mordheim/halflings-mic/equipment-access.yaml,c099d7b6d6b87160cea0daad34d365a54f279ed46c53da15a256fdcab83da0c2,YES,construction,Bearer/slot/combination restriction or explicit equipment equivalence affects construction of a legal duelist; pricing and shooting execution are excluded.,,Cooking Pot (Helmet); Halfling Cooks only
source/bands/mordheim/halflings-mic/equipment-access.yaml/@/equipment_lists/0/items/11/notes/unclassified,bands/mordheim/halflings-mic/equipment-access.yaml,9e146962948732854482508e0605d64da50c1a891ebc44c6133c0e6994fa95d7,YES,construction,Bearer/slot/combination restriction or explicit equipment equivalence affects construction of a legal duelist; pricing and shooting execution are excluded.,,Halfling Elder and Halfling Scouts only
source/bands/mordheim/halflings-mic/equipment-access.yaml/@/equipment_lists/0/items/2/notes/unclassified,bands/mordheim/halflings-mic/equipment-access.yaml,7cbd4f5bc85e57c569a6db383790233c746fab6990940f9c0ea768681b3e9bd7,YES,construction,Bearer/slot/combination restriction or explicit equipment equivalence affects construction of a legal duelist; pricing and shooting execution are excluded.,,Meat Cleaver (Axe); Halfling Cooks only
source/bands/mordheim/halflings-mic/equipment-access.yaml/@/equipment_lists/0/items/3/notes/unclassified,bands/mordheim/halflings-mic/equipment-access.yaml,bd3b63ff3f05c59605e9a2fcb13773a497438cf8bf96fcf07ab76474b4085741,YES,construction,Bearer/slot/combination restriction or explicit equipment equivalence affects construction of a legal duelist; pricing and shooting execution are excluded.,,Machete (Sword); Halfling Cooks only
source/bands/mordheim/halflings-mic/equipment-access.yaml/@/equipment_lists/0/items/4/notes/unclassified,bands/mordheim/halflings-mic/equipment-access.yaml,f980c7fc3c58d853a69df8273292f02138c48c971478ef6379e13ed348033426,YES,construction,Bearer/slot/combination restriction or explicit equipment equivalence affects construction of a legal duelist; pricing and shooting execution are excluded.,,Heroes & Halfling Warriors only
source/bands/mordheim/halflings-mic/equipment-access.yaml/@/equipment_lists/0/items/5/notes/unclassified,bands/mordheim/halflings-mic/equipment-access.yaml,f980c7fc3c58d853a69df8273292f02138c48c971478ef6379e13ed348033426,YES,construction,Bearer/slot/combination restriction or explicit equipment equivalence affects construction of a legal duelist; pricing and shooting execution are excluded.,,Heroes & Halfling Warriors only
source/bands/mordheim/halflings-mic/equipment-access.yaml/@/equipment_lists/0/items/7/notes/unclassified,bands/mordheim/halflings-mic/equipment-access.yaml,e982493b89fee1f410110ecbee0f34e964b50c769b219353904bc7286f25de7b,YES,construction,Bearer/slot/combination restriction or explicit equipment equivalence affects construction of a legal duelist; pricing and shooting execution are excluded.,,May not be used by Halfling Warriors
source/bands/mordheim/halflings-mic/profiles.yaml/@/profiles/6/equipment_restrictions/0/unclassified,bands/mordheim/halflings-mic/profiles.yaml,ddf1f03a8683a4dc6f03ae6302882e5baa72087b7537c4eee8dc5be4d5568ea2,YES,construction,"Printed kit/access, hand/armour restriction or intrinsic unarmed attack affects the constructed melee duelist; any movement/campaign clauses remain excluded.",,None! Apart from their vicious tempers Piggies don't use weapons and can fight without penalties.
source/bands/mordheim/high-elves-lus/profiles.yaml/@/profiles/0/equipment_restrictions/0/unclassified,bands/mordheim/high-elves-lus/profiles.yaml,ad5e7bd1c4cc0b1324ee45b8b71fd23553edd3967d9d8f1113186a7f6f621c89,YES,construction,"Printed kit/access, hand/armour restriction or intrinsic unarmed attack affects the constructed melee duelist; any movement/campaign clauses remain excluded.",,"Bound by the traditions of the Tower of Hoeth, he may only use a sword, dagger, or Mage Staff in battle."
source/bands/mordheim/high-elves-lus/profiles.yaml/@/profiles/1/equipment_restrictions/0/unclassified,bands/mordheim/high-elves-lus/profiles.yaml,acfce98a94f23ead61eb20fb9577ac9f34b331eed221bfb421f0b917c5e6fc63,YES,construction,"Printed kit/access, hand/armour restriction or intrinsic unarmed attack affects the constructed melee duelist; any movement/campaign clauses remain excluded.",,Honorable warriors; they may never use missile weapons of any sort.
source/bands/mordheim/horned-hunters/profiles.yaml/@/profiles/1/equipment_restrictions/0/unclassified,bands/mordheim/horned-hunters/profiles.yaml,3c4a6232a1f1cbc0ec55fae26d61a6b2a1a6d7d1b9b10f62e3ec96c82e48e613,YES,construction,"Printed kit/access, hand/armour restriction or intrinsic unarmed attack affects the constructed melee duelist; any movement/campaign clauses remain excluded.",,May select weapons from the Horned Hunter Equipment List.
source/bands/mordheim/horned-hunters/profiles.yaml/@/profiles/1/equipment_restrictions/1/unclassified,bands/mordheim/horned-hunters/profiles.yaml,a34ec32f77c22ff965c5cbfbde852dc401dbd3eed1b7bb7840ec14db60b93955,YES,construction,"Printed kit/access, hand/armour restriction or intrinsic unarmed attack affects the constructed melee duelist; any movement/campaign clauses remain excluded.",,May never wear heavy armour (Strictures).
source/bands/mordheim/horned-hunters/profiles.yaml/@/profiles/3/equipment_restrictions/0/unclassified,bands/mordheim/horned-hunters/profiles.yaml,1a0293911e037855e2d21548fb6201e6586c862a3b258cde8fcd7a0e17946508,YES,construction,"Printed kit/access, hand/armour restriction or intrinsic unarmed attack affects the constructed melee duelist; any movement/campaign clauses remain excluded.",,May select weapons from the Henchmen Equipment List; the profile entry does not allow armour.
source/bands/mordheim/horned-hunters/profiles.yaml/@/profiles/5/equipment_restrictions/0/unclassified,bands/mordheim/horned-hunters/profiles.yaml,d5f0382664e35c2c8e160808880a30c8fe2e3f0f556d95a5512f9750bf1d5c90,YES,construction,"Printed kit/access, hand/armour restriction or intrinsic unarmed attack affects the constructed melee duelist; any movement/campaign clauses remain excluded.",,Warhounds never use or need weapons or armour.
source/bands/mordheim/khorne-raiders-sar/equipment-access.yaml/@/equipment_lists/0/items/1/notes/unclassified,bands/mordheim/khorne-raiders-sar/equipment-access.yaml,2b037a2ec00aea05acc9e6c8eafa5a189dca06b0fbd1c27536e9f3a8b0e2eaf2,YES,construction,Bearer/slot/combination restriction or explicit equipment equivalence affects construction of a legal duelist; pricing and shooting execution are excluded.,,Hammer/Mace
source/bands/mordheim/khorne-raiders-sar/equipment-access.yaml/@/equipment_lists/0/items/16/notes/unclassified,bands/mordheim/khorne-raiders-sar/equipment-access.yaml,f713f11745c491aefe76fdf0a531a0ae29a7a114e65d4c69a782482a586a9ef0,YES,construction,Bearer/slot/combination restriction or explicit equipment equivalence affects construction of a legal duelist; pricing and shooting execution are excluded.,,Miscellaneous Equipment; Heroes Only
source/bands/mordheim/khorne-raiders-sar/equipment-access.yaml/@/equipment_lists/0/items/3/notes/unclassified,bands/mordheim/khorne-raiders-sar/equipment-access.yaml,90583feeab9764ccd61a58404cd743db80ea9c60ffdf97290ebebecc4e808522,YES,construction,Bearer/slot/combination restriction or explicit equipment equivalence affects construction of a legal duelist; pricing and shooting execution are excluded.,,Heroes only
source/bands/mordheim/khorne-raiders-sar/equipment-access.yaml/@/equipment_lists/0/items/4/notes/unclassified,bands/mordheim/khorne-raiders-sar/equipment-access.yaml,90583feeab9764ccd61a58404cd743db80ea9c60ffdf97290ebebecc4e808522,YES,construction,Bearer/slot/combination restriction or explicit equipment equivalence affects construction of a legal duelist; pricing and shooting execution are excluded.,,Heroes only
source/bands/mordheim/khorne-raiders-sar/equipment-access.yaml/@/equipment_lists/0/items/7/notes/unclassified,bands/mordheim/khorne-raiders-sar/equipment-access.yaml,9e993fa7ae54957f95ed10f8caf5bf9afd6d345c0704402fd76806120350c705,YES,construction,Bearer/slot/combination restriction or explicit equipment equivalence affects construction of a legal duelist; pricing and shooting execution are excluded.,,Captain only
source/bands/mordheim/khorne-raiders-sar/equipment-access.yaml/@/equipment_lists/1/items/6/notes/unclassified,bands/mordheim/khorne-raiders-sar/equipment-access.yaml,2aa11bf6b9fb8fe3e662ab3c69cc834dc8f33a7fa7ae90605c7f47064428035a,YES,construction,Bearer/slot/combination restriction or explicit equipment equivalence affects construction of a legal duelist; pricing and shooting execution are excluded.,,Armour (Quartermasters & Flayerkin Only)
source/bands/mordheim/khorne-raiders-sar/equipment-access.yaml/@/equipment_lists/1/items/7/notes/unclassified,bands/mordheim/khorne-raiders-sar/equipment-access.yaml,2aa11bf6b9fb8fe3e662ab3c69cc834dc8f33a7fa7ae90605c7f47064428035a,YES,construction,Bearer/slot/combination restriction or explicit equipment equivalence affects construction of a legal duelist; pricing and shooting execution are excluded.,,Armour (Quartermasters & Flayerkin Only)
source/bands/mordheim/khorne-raiders-sar/equipment-access.yaml/@/equipment_lists/1/items/8/notes/unclassified,bands/mordheim/khorne-raiders-sar/equipment-access.yaml,2aa11bf6b9fb8fe3e662ab3c69cc834dc8f33a7fa7ae90605c7f47064428035a,YES,construction,Bearer/slot/combination restriction or explicit equipment equivalence affects construction of a legal duelist; pricing and shooting execution are excluded.,,Armour (Quartermasters & Flayerkin Only)
source/bands/mordheim/lizardmen-lus/profiles.yaml/@/profiles/1/equipment_restrictions/0/unclassified,bands/mordheim/lizardmen-lus/profiles.yaml,07313be9130878ba4f14b6cbacc66f7b0160bf83cacc8e9540a59d8a7d31bee3,YES,construction,"Printed kit/access, hand/armour restriction or intrinsic unarmed attack affects the constructed melee duelist; any movement/campaign clauses remain excluded.",,Saurus can never receive Academic skills and can never use missile weapons.
source/bands/mordheim/lizardmen/profiles.yaml/@/profiles/1/equipment_restrictions/0/unclassified,bands/mordheim/lizardmen/profiles.yaml,2aba49501b070dacb1bc80c943adc8dcd13cf18ff882c287b330c375234b8594,YES,construction,"Printed kit/access, hand/armour restriction or intrinsic unarmed attack affects the constructed melee duelist; any movement/campaign clauses remain excluded.",,Saurus can never use missile weapons.
source/bands/mordheim/lizardmen/profiles.yaml/@/profiles/4/equipment_restrictions/0/unclassified,bands/mordheim/lizardmen/profiles.yaml,2aba49501b070dacb1bc80c943adc8dcd13cf18ff882c287b330c375234b8594,YES,construction,"Printed kit/access, hand/armour restriction or intrinsic unarmed attack affects the constructed melee duelist; any movement/campaign clauses remain excluded.",,Saurus can never use missile weapons.
source/bands/mordheim/lizardmen/profiles.yaml/@/profiles/5/equipment_restrictions/0/unclassified,bands/mordheim/lizardmen/profiles.yaml,c8e951ed7acba242d8f98ccf5e29c3ca6d33a3d97db243803f4e6e84b4edd860,YES,construction,"Printed kit/access, hand/armour restriction or intrinsic unarmed attack affects the constructed melee duelist; any movement/campaign clauses remain excluded.",,The Kroxigor is equipped with a halberd rather than selecting equipment from a warband equipment list.
source/bands/mordheim/lords-of-the-marsh-mim/profiles.yaml/@/profiles/1/equipment_restrictions/0/unclassified,bands/mordheim/lords-of-the-marsh-mim/profiles.yaml,445c62ee67f698ccbdb42a13f2327fe11d95e649844edd0045c59479d32fb138,YES,construction,"Printed kit/access, hand/armour restriction or intrinsic unarmed attack affects the constructed melee duelist; any movement/campaign clauses remain excluded.",,Daemon-Fimm cannot be equipped with weapons; they may wear armour from the Heroes list.
source/bands/mordheim/lost-the-mou/profiles.yaml/@/profiles/4/equipment_restrictions/0/unclassified,bands/mordheim/lost-the-mou/profiles.yaml,f601314d8ab6d0e503f71cfeec6845c6340b625b87fc9851b7b3b8a536c263b8,YES,construction,"Printed kit/access, hand/armour restriction or intrinsic unarmed attack affects the constructed melee duelist; any movement/campaign clauses remain excluded.",,May not wear armour.
source/bands/mordheim/low-kings-mim/equipment-access.yaml/@/equipment_lists/0/items/1/notes/unclassified,bands/mordheim/low-kings-mim/equipment-access.yaml,a6d1b68f7a913a2eda099742e50ba04f9c00e5e8880e61f88daaa967753ced76,YES,construction,Bearer/slot/combination restriction or explicit equipment equivalence affects construction of a legal duelist; pricing and shooting execution are excluded.,,Club/Mace
source/bands/mordheim/low-kings-mim/equipment-access.yaml/@/equipment_lists/0/items/20/notes/unclassified,bands/mordheim/low-kings-mim/equipment-access.yaml,361df2b1d9042f64f2dff464c4b9c60db56c03d3a6a9b89cd307242ba2d8c5d6,YES,construction,Bearer/slot/combination restriction or explicit equipment equivalence affects construction of a legal duelist; pricing and shooting execution are excluded.,,Fence only
source/bands/mordheim/low-kings-mim/equipment-access.yaml/@/equipment_lists/0/items/21/notes/unclassified,bands/mordheim/low-kings-mim/equipment-access.yaml,b772acaea5bdabe1ed2763dc387010d49e3794e72cc7d4a4b92acd8f1f3a6ab5,YES,construction,Bearer/slot/combination restriction or explicit equipment equivalence affects construction of a legal duelist; pricing and shooting execution are excluded.,,Fence only; 30 gc; Rare 10
source/bands/mordheim/low-kings-mim/equipment-access.yaml/@/equipment_lists/0/items/7/notes/unclassified,bands/mordheim/low-kings-mim/equipment-access.yaml,a9ac8889a758ba7afeb0f1677b11a2756d707bb3f06a23b6d98be7eed0c61658,YES,construction,Bearer/slot/combination restriction or explicit equipment equivalence affects construction of a legal duelist; pricing and shooting execution are excluded.,,Enforcer only; Rare 7
source/bands/mordheim/lustrian-reavers/profiles.yaml/@/profiles/3/equipment_restrictions/0/unclassified,bands/mordheim/lustrian-reavers/profiles.yaml,b17f222b74eb3e7590acb9b8bd35534da17c1accf4de8a31ba1dccb26b4d100f,YES,construction,"Printed kit/access, hand/armour restriction or intrinsic unarmed attack affects the constructed melee duelist; any movement/campaign clauses remain excluded.",,This model is an Animal and does not select weapons or armour from the warband equipment lists.
source/bands/mordheim/lustrian-reavers/profiles.yaml/@/profiles/4/equipment_restrictions/0/unclassified,bands/mordheim/lustrian-reavers/profiles.yaml,b17f222b74eb3e7590acb9b8bd35534da17c1accf4de8a31ba1dccb26b4d100f,YES,construction,"Printed kit/access, hand/armour restriction or intrinsic unarmed attack affects the constructed melee duelist; any movement/campaign clauses remain excluded.",,This model is an Animal and does not select weapons or armour from the warband equipment lists.
source/bands/mordheim/maneaters/profiles.yaml/@/profiles/0/equipment_restrictions/0/unclassified,bands/mordheim/maneaters/profiles.yaml,7418b3aee0dcdb71d99c418d85095d50d025b5465c9765e876ff76cb725a7c2c,YES,construction,"Printed kit/access, hand/armour restriction or intrinsic unarmed attack affects the constructed melee duelist; any movement/campaign clauses remain excluded.",,Ogres do not receive free daggers and never fight with daggers in close combat.
source/bands/mordheim/maneaters/profiles.yaml/@/profiles/1/equipment_restrictions/0/unclassified,bands/mordheim/maneaters/profiles.yaml,7418b3aee0dcdb71d99c418d85095d50d025b5465c9765e876ff76cb725a7c2c,YES,construction,"Printed kit/access, hand/armour restriction or intrinsic unarmed attack affects the constructed melee duelist; any movement/campaign clauses remain excluded.",,Ogres do not receive free daggers and never fight with daggers in close combat.
source/bands/mordheim/maneaters/profiles.yaml/@/profiles/2/equipment_restrictions/0/unclassified,bands/mordheim/maneaters/profiles.yaml,7418b3aee0dcdb71d99c418d85095d50d025b5465c9765e876ff76cb725a7c2c,YES,construction,"Printed kit/access, hand/armour restriction or intrinsic unarmed attack affects the constructed melee duelist; any movement/campaign clauses remain excluded.",,Ogres do not receive free daggers and never fight with daggers in close combat.
source/bands/mordheim/maneaters/profiles.yaml/@/profiles/3/equipment_restrictions/0/unclassified,bands/mordheim/maneaters/profiles.yaml,7418b3aee0dcdb71d99c418d85095d50d025b5465c9765e876ff76cb725a7c2c,YES,construction,"Printed kit/access, hand/armour restriction or intrinsic unarmed attack affects the constructed melee duelist; any movement/campaign clauses remain excluded.",,Ogres do not receive free daggers and never fight with daggers in close combat.
source/bands/mordheim/maneaters/profiles.yaml/@/profiles/4/equipment_restrictions/0/unclassified,bands/mordheim/maneaters/profiles.yaml,7418b3aee0dcdb71d99c418d85095d50d025b5465c9765e876ff76cb725a7c2c,YES,construction,"Printed kit/access, hand/armour restriction or intrinsic unarmed attack affects the constructed melee duelist; any movement/campaign clauses remain excluded.",,Ogres do not receive free daggers and never fight with daggers in close combat.
source/bands/mordheim/maneaters/profiles.yaml/@/profiles/5/equipment_restrictions/0/unclassified,bands/mordheim/maneaters/profiles.yaml,5cda4177f65cefcb691bc6060b413991154b83915de68a0ff4ba654255f755ed,YES,construction,"Printed kit/access, hand/armour restriction or intrinsic unarmed attack affects the constructed melee duelist; any movement/campaign clauses remain excluded.",,Sabretusks fight with their tusks and primal ferocity and do not select weapons or armour.
source/bands/mordheim/marauders-of-chaos/profiles.yaml/@/profiles/1/equipment_restrictions/0/unclassified,bands/mordheim/marauders-of-chaos/profiles.yaml,543ffe6a22e5e5140a3611b382b13e770f5ea8261f4d31b87a5ec66df4bcd37e,YES,construction,"Printed kit/access, hand/armour restriction or intrinsic unarmed attack affects the constructed melee duelist; any movement/campaign clauses remain excluded.",,May select weapons from the Hero Equipment List; the profile entry does not allow armour.
source/bands/mordheim/marauders-of-chaos/profiles.yaml/@/profiles/4/equipment_restrictions/0/unclassified,bands/mordheim/marauders-of-chaos/profiles.yaml,9be547b3b710437c5c045aa4aa39ebe8ad7ff1606794121b05d1c8096a08b523,YES,construction,"Printed kit/access, hand/armour restriction or intrinsic unarmed attack affects the constructed melee duelist; any movement/campaign clauses remain excluded.",,Warhounds do not use weapons or armour and fight without the normal unarmed penalties.
source/bands/mordheim/marauders-of-chaos/profiles.yaml/@/profiles/5/equipment_restrictions/0/unclassified,bands/mordheim/marauders-of-chaos/profiles.yaml,245693aa63e384d704932940d8e40eaeba0f833a3cd03785c97b9aff554d5e5c,YES,construction,"Printed kit/access, hand/armour restriction or intrinsic unarmed attack affects the constructed melee duelist; any movement/campaign clauses remain excluded.",,"Uses no equipment while any of WS, S, T or A remains variable, but fights unarmed without penalties."
source/bands/mordheim/marauders-of-chaos/profiles.yaml/@/profiles/5/equipment_restrictions/1/unclassified,bands/mordheim/marauders-of-chaos/profiles.yaml,327c6a9ab9c8d6182b8b2f457292a30a295e13857d3b132e82873909ad51917b,YES,construction,"Printed kit/access, hand/armour restriction or intrinsic unarmed attack affects the constructed melee duelist; any movement/campaign clauses remain excluded.",,"Once all variable characteristics have been permanently fixed, may use weapons, armour and miscellaneous equipment as normal."
source/bands/mordheim/marauders-of-chaos/profiles.yaml/@/profiles/6/equipment_restrictions/0/unclassified,bands/mordheim/marauders-of-chaos/profiles.yaml,8185d0873226c02684e6959eb3ef47b9cba1915bb6d7a3ac3debb9152e84875e,YES,construction,"Printed kit/access, hand/armour restriction or intrinsic unarmed attack affects the constructed melee duelist; any movement/campaign clauses remain excluded.",,"A Spawn of Chaos uses only its claws, tentacles and other extremities and cannot use normal equipment."
source/bands/mordheim/mazzalupo-web/profiles.yaml/@/profiles/2/equipment_restrictions/0/unclassified,bands/mordheim/mazzalupo-web/profiles.yaml,6652110ea9007e03e02f249e0cace57900097ac46cf073c139d096a757783e8e,YES,construction,"Printed kit/access, hand/armour restriction or intrinsic unarmed attack affects the constructed melee duelist; any movement/campaign clauses remain excluded.",,Fallen nobles may not ride a horse unless the Captain of the warband is riding a horse.
source/bands/mordheim/mazzalupo-web/profiles.yaml/@/profiles/6/equipment_restrictions/0/unclassified,bands/mordheim/mazzalupo-web/profiles.yaml,0c7a50dd1856cc8f1156b24eb65d5ff560b1affc1395f82b0efded909f02d37c,YES,construction,"Printed kit/access, hand/armour restriction or intrinsic unarmed attack affects the constructed melee duelist; any movement/campaign clauses remain excluded.",,Weapons/Armour: none.
source/bands/mordheim/mercenaries/equipment-access.yaml/@/equipment_lists/0/items/18/notes/unclassified,bands/mordheim/mercenaries/equipment-access.yaml,df9ee5ea1f7e9aca0d3c50f37d4174a63e81fc2d115e5e0b2c9e34f8c64293a0,YES,construction,Bearer/slot/combination restriction or explicit equipment equivalence affects construction of a legal duelist; pricing and shooting execution are excluded.,,Middenheim Heroes only.
source/bands/mordheim/merchant-caravans/equipment-access.yaml/@/equipment_lists/0/items/11/notes/unclassified,bands/mordheim/merchant-caravans/equipment-access.yaml,37edf87451b2c81000684463f2ff34b49674b7225907f4c560862b6f135b47f5,YES,construction,Bearer/slot/combination restriction or explicit equipment equivalence affects construction of a legal duelist; pricing and shooting execution are excluded.,,Knights Vanguard only.
source/bands/mordheim/merchant-caravans/equipment-access.yaml/@/equipment_lists/1/items/4/notes/unclassified,bands/mordheim/merchant-caravans/equipment-access.yaml,3f066e21d8fb7b6e65492e98731af6e1678bb23e2cea617e24566d52ed479657,YES,construction,Bearer/slot/combination restriction or explicit equipment equivalence affects construction of a legal duelist; pricing and shooting execution are excluded.,,Sell-swords only.
source/bands/mordheim/merchant-caravans/equipment-access.yaml/@/equipment_lists/1/items/5/notes/unclassified,bands/mordheim/merchant-caravans/equipment-access.yaml,3f066e21d8fb7b6e65492e98731af6e1678bb23e2cea617e24566d52ed479657,YES,construction,Bearer/slot/combination restriction or explicit equipment equivalence affects construction of a legal duelist; pricing and shooting execution are excluded.,,Sell-swords only.
source/bands/mordheim/militiant-mootlanders-mim/equipment-access.yaml/@/equipment_lists/0/items/1/notes/unclassified,bands/mordheim/militiant-mootlanders-mim/equipment-access.yaml,a6d1b68f7a913a2eda099742e50ba04f9c00e5e8880e61f88daaa967753ced76,YES,construction,Bearer/slot/combination restriction or explicit equipment equivalence affects construction of a legal duelist; pricing and shooting execution are excluded.,,Club/Mace
source/bands/mordheim/militiant-mootlanders-mim/equipment-access.yaml/@/equipment_lists/0/items/10/notes/unclassified,bands/mordheim/militiant-mootlanders-mim/equipment-access.yaml,913e29d679856949b3d2e21aa0d79b6ca41200203246053581c5c3ac63c78a29,YES,construction,Bearer/slot/combination restriction or explicit equipment equivalence affects construction of a legal duelist; pricing and shooting execution are excluded.,,Kitchenware (counts as throwing stars)
source/bands/mordheim/militiant-mootlanders-mim/equipment-access.yaml/@/equipment_lists/0/items/16/notes/unclassified,bands/mordheim/militiant-mootlanders-mim/equipment-access.yaml,4f068640f986578a282e4a5ba1fd86cf86b4c7bf2d71987790e9fa795cac1c6c,YES,construction,Bearer/slot/combination restriction or explicit equipment equivalence affects construction of a legal duelist; pricing and shooting execution are excluded.,,Cooking pot/Helmet
source/bands/mordheim/militiant-mootlanders-mim/equipment-access.yaml/@/equipment_lists/0/items/2/notes/unclassified,bands/mordheim/militiant-mootlanders-mim/equipment-access.yaml,b46eefab6e328c42d58a379002122175bca2795d5e28d092218f38e96fb988bc,YES,construction,Bearer/slot/combination restriction or explicit equipment equivalence affects construction of a legal duelist; pricing and shooting execution are excluded.,,Cleaver (counts as axe)
source/bands/mordheim/militiant-mootlanders-mim/equipment-access.yaml/@/equipment_lists/0/items/5/notes/unclassified,bands/mordheim/militiant-mootlanders-mim/equipment-access.yaml,eb5a607152f1fcb719530dcdfae72a6cba4da01befaa44bf56a9fc0d784d8050,YES,construction,Bearer/slot/combination restriction or explicit equipment equivalence affects construction of a legal duelist; pricing and shooting execution are excluded.,,Pitchfork (counts as Trident)
source/bands/mordheim/militiant-mootlanders-mim/equipment-access.yaml/@/equipment_lists/1/items/1/notes/unclassified,bands/mordheim/militiant-mootlanders-mim/equipment-access.yaml,a6d1b68f7a913a2eda099742e50ba04f9c00e5e8880e61f88daaa967753ced76,YES,construction,Bearer/slot/combination restriction or explicit equipment equivalence affects construction of a legal duelist; pricing and shooting execution are excluded.,,Club/Mace
source/bands/mordheim/militiant-mootlanders-mim/equipment-access.yaml/@/equipment_lists/1/items/2/notes/unclassified,bands/mordheim/militiant-mootlanders-mim/equipment-access.yaml,b46eefab6e328c42d58a379002122175bca2795d5e28d092218f38e96fb988bc,YES,construction,Bearer/slot/combination restriction or explicit equipment equivalence affects construction of a legal duelist; pricing and shooting execution are excluded.,,Cleaver (counts as axe)
source/bands/mordheim/militiant-mootlanders-mim/equipment-access.yaml/@/equipment_lists/1/items/9/notes/unclassified,bands/mordheim/militiant-mootlanders-mim/equipment-access.yaml,4f068640f986578a282e4a5ba1fd86cf86b4c7bf2d71987790e9fa795cac1c6c,YES,construction,Bearer/slot/combination restriction or explicit equipment equivalence affects construction of a legal duelist; pricing and shooting execution are excluded.,,Cooking pot/Helmet
source/bands/mordheim/mootlanders/profiles.yaml/@/profiles/0/equipment_restrictions/0/unclassified,bands/mordheim/mootlanders/profiles.yaml,a648cb2fb23acfc20448c5a09d21fcb4e9f05ca515bd8cef72f7df9b4d3a5275,YES,construction,"Printed kit/access, hand/armour restriction or intrinsic unarmed attack affects the constructed melee duelist; any movement/campaign clauses remain excluded.",,May buy equipment from the Halfling Equipment List and may additionally buy a pistol for 15 gc.
source/bands/mordheim/necrarchs-mou/profiles.yaml/@/profiles/0/equipment_restrictions/0/unclassified,bands/mordheim/necrarchs-mou/profiles.yaml,18c758bc2f90cbc1270962dd05635fc16df92a30b30a5ab899c856f3f8487c19,YES,construction,"Printed kit/access, hand/armour restriction or intrinsic unarmed attack affects the constructed melee duelist; any movement/campaign clauses remain excluded.",,He will never wear armour.
source/bands/mordheim/necrarchs-mou/profiles.yaml/@/profiles/1/equipment_restrictions/0/unclassified,bands/mordheim/necrarchs-mou/profiles.yaml,2c64dfd25ecb75cca81f45c753256906df942c30bdb61c8af4d981648e763abd,YES,construction,"Printed kit/access, hand/armour restriction or intrinsic unarmed attack affects the constructed melee duelist; any movement/campaign clauses remain excluded.",,"Abominations may not carry any weapons. They are a mix of fangs, talons or blades, which carry no penalty in combat."
source/bands/mordheim/necrarchs-mou/profiles.yaml/@/profiles/3/equipment_restrictions/0/unclassified,bands/mordheim/necrarchs-mou/profiles.yaml,1873db93f9a2c222bc3169ccbea8fda9f1e29abc6240cf8f76b4c2fe12b593c7,YES,construction,"Printed kit/access, hand/armour restriction or intrinsic unarmed attack affects the constructed melee duelist; any movement/campaign clauses remain excluded.",,"Banshees never carry any equipment, as they cannot hold them."
source/bands/mordheim/necrarchs-mou/profiles.yaml/@/profiles/4/equipment_restrictions/0/unclassified,bands/mordheim/necrarchs-mou/profiles.yaml,ea485aceedab85c7ac2519edf795ea4ecfbb22169f68a64fa9716c4092944145,YES,construction,"Printed kit/access, hand/armour restriction or intrinsic unarmed attack affects the constructed melee duelist; any movement/campaign clauses remain excluded.",,"Handling multiple weapons is a feat too advanced for a skeleton, which may only ever use one at a time."
source/bands/mordheim/necrarchs-the-soul-stealers-lotd1/profiles.yaml/@/profiles/0/equipment_restrictions/0/unclassified,bands/mordheim/necrarchs-the-soul-stealers-lotd1/profiles.yaml,ca32e338643b9daa83219fdeb5cf9887d1e852e327a666392549681594739989,YES,construction,"Printed kit/access, hand/armour restriction or intrinsic unarmed attack affects the constructed melee duelist; any movement/campaign clauses remain excluded.",,A Necrarch Vampire may be armed from the Necrarch Hero Equipment list.
source/bands/mordheim/necrarchs-the-soul-stealers-lotd1/profiles.yaml/@/profiles/1/equipment_restrictions/0/unclassified,bands/mordheim/necrarchs-the-soul-stealers-lotd1/profiles.yaml,bafb502557477281e7edddd6173734e1905407370ccbb8db64571a63b4fa7ce5,YES,construction,"Printed kit/access, hand/armour restriction or intrinsic unarmed attack affects the constructed melee duelist; any movement/campaign clauses remain excluded.",,A Thrall may be equipped from the Necrarch Hero Equipment List.
source/bands/mordheim/necrarchs-the-soul-stealers-lotd1/profiles.yaml/@/profiles/2/equipment_restrictions/0/unclassified,bands/mordheim/necrarchs-the-soul-stealers-lotd1/profiles.yaml,16d6acf80e57832df2661f6c0cc5fac0d1bff2e48f405fb71f8dd146f2459ebd,YES,construction,"Printed kit/access, hand/armour restriction or intrinsic unarmed attack affects the constructed melee duelist; any movement/campaign clauses remain excluded.",,Acolytes may equip themselves with weapons and armour from the Henchmen equipment list.
source/bands/mordheim/necrarchs-the-soul-stealers-lotd1/profiles.yaml/@/profiles/3/equipment_restrictions/0/unclassified,bands/mordheim/necrarchs-the-soul-stealers-lotd1/profiles.yaml,1e4d401ab1b042ad0b90ca0aac4f6f9a0cd6576d297ad4e774b99346d1247050,YES,construction,"Printed kit/access, hand/armour restriction or intrinsic unarmed attack affects the constructed melee duelist; any movement/campaign clauses remain excluded.",,Skeletal warriors may be equipped with weapons and armour chosen from the Henchmen Equipment list.
source/bands/mordheim/necrarchs-the-soul-stealers-lotd1/profiles.yaml/@/profiles/4/equipment_restrictions/0/unclassified,bands/mordheim/necrarchs-the-soul-stealers-lotd1/profiles.yaml,f33a3db50009b0a8e04a236768c925045376ed2ddcc59c94956611255aac087a,YES,construction,"Printed kit/access, hand/armour restriction or intrinsic unarmed attack affects the constructed melee duelist; any movement/campaign clauses remain excluded.",,"Zombies never carry any equipment, and do not suffer any penalties for this."
source/bands/mordheim/necrarchs-the-soul-stealers-lotd1/profiles.yaml/@/profiles/5/equipment_restrictions/0/unclassified,bands/mordheim/necrarchs-the-soul-stealers-lotd1/profiles.yaml,dbee3b58f0ba8b008e408abae077776049b207bb940170e9f6833897bb2e0105,YES,construction,"Printed kit/access, hand/armour restriction or intrinsic unarmed attack affects the constructed melee duelist; any movement/campaign clauses remain excluded.",,"Abominations do not employ weapons, and suffer no penalties for doing so."
source/bands/mordheim/necrarchs-the-soul-stealers-lotd1/profiles.yaml/@/profiles/6/equipment_restrictions/0/unclassified,bands/mordheim/necrarchs-the-soul-stealers-lotd1/profiles.yaml,2d1e8c7c7c2aa06a4da9bc712d27c37bb1aea2915c734c541986672657c83cc1,YES,construction,"Printed kit/access, hand/armour restriction or intrinsic unarmed attack affects the constructed melee duelist; any movement/campaign clauses remain excluded.",,A Waif may be armed with weapons and armour chosen from the Henchmen Equipment list.
source/bands/mordheim/night-goblins-mic/profiles.yaml/@/profiles/5/equipment_restrictions/0/unclassified,bands/mordheim/night-goblins-mic/profiles.yaml,dae0faf843e8e4b697397e5482e8824175a43e7cd7189d5caf359aa8c1e77696,YES,construction,"Printed kit/access, hand/armour restriction or intrinsic unarmed attack affects the constructed melee duelist; any movement/campaign clauses remain excluded.",,Cave Squigs never use or need weapons or armour.
source/bands/mordheim/night-goblins-mic/profiles.yaml/@/profiles/6/equipment_restrictions/0/unclassified,bands/mordheim/night-goblins-mic/profiles.yaml,2fee864d92549f8ba904e3019e021e9c21396791c669f3045f5847934614c142,YES,construction,"Printed kit/access, hand/armour restriction or intrinsic unarmed attack affects the constructed melee duelist; any movement/campaign clauses remain excluded.",,Trolls can never be given weapons or armour.
source/bands/mordheim/night-goblins-mic/profiles.yaml/@/profiles/7/equipment_restrictions/0/unclassified,bands/mordheim/night-goblins-mic/profiles.yaml,31f0e9d398777cbb007055062887fb965c63adff0911185c47b2392c60072c7a,YES,construction,"Printed kit/access, hand/armour restriction or intrinsic unarmed attack affects the constructed melee duelist; any movement/campaign clauses remain excluded.",,"Each Snotling may only ever use its free pointy stick, which counts as a dagger."
source/bands/mordheim/norse-explorers-btb/profiles.yaml/@/profiles/2/equipment_restrictions/0/unclassified,bands/mordheim/norse-explorers-btb/profiles.yaml,57b7c015620850e387c3f5ed1d34f3657135d55a6de365ad3023ae4a7228ea6b,YES,construction,"Printed kit/access, hand/armour restriction or intrinsic unarmed attack affects the constructed melee duelist; any movement/campaign clauses remain excluded.",,May never use weapons or armour and suffers no penalty for fighting unarmed.
source/bands/mordheim/norse-explorers-btb/profiles.yaml/@/profiles/6/equipment_restrictions/0/unclassified,bands/mordheim/norse-explorers-btb/profiles.yaml,7ab79fac3361e9f579212c3f0d349ff6343c8781147e9acbf0ea9b9b47605e98,YES,construction,"Printed kit/access, hand/armour restriction or intrinsic unarmed attack affects the constructed melee duelist; any movement/campaign clauses remain excluded.",,Wolves never use or need weapons or armour and fight with their natural fangs.
source/bands/mordheim/ogre-hunting-party-web/equipment-access.yaml/@/equipment_lists/0/items/0/notes/unclassified,bands/mordheim/ogre-hunting-party-web/equipment-access.yaml,4161c1e2e0252ab26ec408c1a7962ae3e06f4bbf5b8ae661bf495d0d7b514fc1,YES,construction,Bearer/slot/combination restriction or explicit equipment equivalence affects construction of a legal duelist; pricing and shooting execution are excluded.,,counts as axe
source/bands/mordheim/ogre-hunting-party-web/equipment-access.yaml/@/equipment_lists/1/items/13/notes/unclassified,bands/mordheim/ogre-hunting-party-web/equipment-access.yaml,90583feeab9764ccd61a58404cd743db80ea9c60ffdf97290ebebecc4e808522,YES,construction,Bearer/slot/combination restriction or explicit equipment equivalence affects construction of a legal duelist; pricing and shooting execution are excluded.,,Heroes only
source/bands/mordheim/ogre-hunting-party-web/equipment-access.yaml/@/equipment_lists/1/items/7/notes/unclassified,bands/mordheim/ogre-hunting-party-web/equipment-access.yaml,90583feeab9764ccd61a58404cd743db80ea9c60ffdf97290ebebecc4e808522,YES,construction,Bearer/slot/combination restriction or explicit equipment equivalence affects construction of a legal duelist; pricing and shooting execution are excluded.,,Heroes only
source/bands/mordheim/ogre-hunting-party-web/equipment-access.yaml/@/equipment_lists/1/items/8/notes/unclassified,bands/mordheim/ogre-hunting-party-web/equipment-access.yaml,2402810d5cfbd922d908444c0b6f4cbdac40422b9e7daa3d83d19d78c706c5f4,YES,construction,Bearer/slot/combination restriction or explicit equipment equivalence affects construction of a legal duelist; pricing and shooting execution are excluded.,,Flingers only
source/bands/mordheim/ogre-hunting-party-web/profiles.yaml/@/profiles/0/equipment_restrictions/0/unclassified,bands/mordheim/ogre-hunting-party-web/profiles.yaml,d35d48b942cdb4f3f7db8812143cd601f43fe04103e0f076c62707d888c847f6,YES,construction,"Printed kit/access, hand/armour restriction or intrinsic unarmed attack affects the constructed melee duelist; any movement/campaign clauses remain excluded.",,"Unlike other models Ogres don't have free daggers, even though they might carry one reserved for eating, the most sacred activity in their life. Ogres never fight with daggers in close combat."
source/bands/mordheim/ogre-hunting-party-web/profiles.yaml/@/profiles/5/equipment_restrictions/0/unclassified,bands/mordheim/ogre-hunting-party-web/profiles.yaml,7e92983630293fc9f3647c0660f336dac83e7c5e6d34f26bbad125d0bcb09383,YES,construction,"Printed natural armament is relevant to the duelist kit. This admits the source fact only; attack values/unarmed penalties must come from the profile and its explicit rules, never from flavour wording.",,Tusks and primal ferocity!
source/bands/mordheim/order-of-the-mare-web/equipment-access.yaml/@/equipment_lists/0/items/10/notes/unclassified,bands/mordheim/order-of-the-mare-web/equipment-access.yaml,74862a8f3b33c4f40f0899b6e081bd4ea7bfe83402f7fbe161211da2c471f2ee,YES,construction,Bearer/slot/combination restriction or explicit equipment equivalence affects construction of a legal duelist; pricing and shooting execution are excluded.,,Pilgrims only
source/bands/mordheim/order-of-the-mare-web/equipment-access.yaml/@/equipment_lists/0/items/14/notes/unclassified,bands/mordheim/order-of-the-mare-web/equipment-access.yaml,72d5da8b9d1fb1af8911762048976a6d45ce17177ae6328d899c63a0047a4026,YES,construction,Bearer/slot/combination restriction or explicit equipment equivalence affects construction of a legal duelist; pricing and shooting execution are excluded.,,Knights only
source/bands/mordheim/order-of-the-mare-web/equipment-access.yaml/@/equipment_lists/0/items/15/notes/unclassified,bands/mordheim/order-of-the-mare-web/equipment-access.yaml,72d5da8b9d1fb1af8911762048976a6d45ce17177ae6328d899c63a0047a4026,YES,construction,Bearer/slot/combination restriction or explicit equipment equivalence affects construction of a legal duelist; pricing and shooting execution are excluded.,,Knights only
source/bands/mordheim/order-of-the-mare-web/equipment-access.yaml/@/equipment_lists/0/items/16/notes/unclassified,bands/mordheim/order-of-the-mare-web/equipment-access.yaml,72d5da8b9d1fb1af8911762048976a6d45ce17177ae6328d899c63a0047a4026,YES,construction,Bearer/slot/combination restriction or explicit equipment equivalence affects construction of a legal duelist; pricing and shooting execution are excluded.,,Knights only
source/bands/mordheim/order-of-the-mare-web/equipment-access.yaml/@/equipment_lists/0/items/4/notes/unclassified,bands/mordheim/order-of-the-mare-web/equipment-access.yaml,74862a8f3b33c4f40f0899b6e081bd4ea7bfe83402f7fbe161211da2c471f2ee,YES,construction,Bearer/slot/combination restriction or explicit equipment equivalence affects construction of a legal duelist; pricing and shooting execution are excluded.,,Pilgrims only
source/bands/mordheim/order-of-the-mare-web/equipment-access.yaml/@/equipment_lists/0/items/5/notes/unclassified,bands/mordheim/order-of-the-mare-web/equipment-access.yaml,74862a8f3b33c4f40f0899b6e081bd4ea7bfe83402f7fbe161211da2c471f2ee,YES,construction,Bearer/slot/combination restriction or explicit equipment equivalence affects construction of a legal duelist; pricing and shooting execution are excluded.,,Pilgrims only
source/bands/mordheim/order-of-the-mare-web/equipment-access.yaml/@/equipment_lists/0/items/9/notes/unclassified,bands/mordheim/order-of-the-mare-web/equipment-access.yaml,72d5da8b9d1fb1af8911762048976a6d45ce17177ae6328d899c63a0047a4026,YES,construction,Bearer/slot/combination restriction or explicit equipment equivalence affects construction of a legal duelist; pricing and shooting execution are excluded.,,Knights only
source/bands/mordheim/order-of-the-mare-web/equipment-access.yaml/@/equipment_lists/1/items/10/notes/unclassified,bands/mordheim/order-of-the-mare-web/equipment-access.yaml,80d9cec19dc83943496c1d9543b9d6f19b4a7424522803b4cd10bac165846af1,YES,construction,Bearer/slot/combination restriction or explicit equipment equivalence affects construction of a legal duelist; pricing and shooting execution are excluded.,,Esquiresses only
source/bands/mordheim/order-of-the-mare-web/equipment-access.yaml/@/equipment_lists/1/items/4/notes/unclassified,bands/mordheim/order-of-the-mare-web/equipment-access.yaml,80d9cec19dc83943496c1d9543b9d6f19b4a7424522803b4cd10bac165846af1,YES,construction,Bearer/slot/combination restriction or explicit equipment equivalence affects construction of a legal duelist; pricing and shooting execution are excluded.,,Esquiresses only
source/bands/mordheim/order-of-the-mare-web/profiles.yaml/@/profiles/1/equipment_restrictions/0/unclassified,bands/mordheim/order-of-the-mare-web/profiles.yaml,09e5880a67d40b489d70241820de4752651438692c09977c15c6baf93ed3eb91,YES,construction,"Printed kit/access, hand/armour restriction or intrinsic unarmed attack affects the constructed melee duelist; any movement/campaign clauses remain excluded.",,"Comes equipped with an ancient armour that may never be removed, traded or stolen. It does not prevent spell casting, and provides a 5+ save that cannot be modified, but doesn't work against magical attacks."
source/bands/mordheim/order-of-the-mare-web/profiles.yaml/@/profiles/7/equipment_restrictions/0/unclassified,bands/mordheim/order-of-the-mare-web/profiles.yaml,edae18a07da65aade998556cc8f92ae9e79309d4a76f658f185c0be2b0347d6a,YES,construction,"Printed kit/access, hand/armour restriction or intrinsic unarmed attack affects the constructed melee duelist; any movement/campaign clauses remain excluded.",,"Fights with its hooves, and suffers no penalty for fighting unarmed. Clad in an odd-looking covering that provides a 5+ save that cannot be modified but doesn't work against magical attacks. May never take any equipment, except for the covering it already carries."
source/bands/mordheim/outlaws-of-stirwood-forest-redux-fbg/equipment-access.yaml/@/equipment_lists/0/items/13/notes/unclassified,bands/mordheim/outlaws-of-stirwood-forest-redux-fbg/equipment-access.yaml,3aca00cf0e60db66883de69fb433f9dd8df77fe9e5f76a61c26fe5160853df27,YES,construction,Bearer/slot/combination restriction or explicit equipment equivalence affects construction of a legal duelist; pricing and shooting execution are excluded.,,Heroes only; Special Equipment section prints 50 gc; Rare 10 (Outlaws only)
source/bands/mordheim/outlaws-of-stirwood-forest-redux-fbg/equipment-access.yaml/@/equipment_lists/0/items/14/notes/unclassified,bands/mordheim/outlaws-of-stirwood-forest-redux-fbg/equipment-access.yaml,90583feeab9764ccd61a58404cd743db80ea9c60ffdf97290ebebecc4e808522,YES,construction,Bearer/slot/combination restriction or explicit equipment equivalence affects construction of a legal duelist; pricing and shooting execution are excluded.,,Heroes only
source/bands/mordheim/outlaws-of-stirwood-forest-redux-fbg/equipment-access.yaml/@/equipment_lists/0/items/9/notes/unclassified,bands/mordheim/outlaws-of-stirwood-forest-redux-fbg/equipment-access.yaml,90583feeab9764ccd61a58404cd743db80ea9c60ffdf97290ebebecc4e808522,YES,construction,Bearer/slot/combination restriction or explicit equipment equivalence affects construction of a legal duelist; pricing and shooting execution are excluded.,,Heroes only
source/bands/mordheim/pirates-of-the-cathayan-sea-sar/equipment-access.yaml/@/equipment_lists/0/items/1/notes/unclassified,bands/mordheim/pirates-of-the-cathayan-sea-sar/equipment-access.yaml,2b037a2ec00aea05acc9e6c8eafa5a189dca06b0fbd1c27536e9f3a8b0e2eaf2,YES,construction,Bearer/slot/combination restriction or explicit equipment equivalence affects construction of a legal duelist; pricing and shooting execution are excluded.,,Hammer/Mace
source/bands/mordheim/pirates-of-the-cathayan-sea-sar/equipment-access.yaml/@/equipment_lists/0/items/4/notes/unclassified,bands/mordheim/pirates-of-the-cathayan-sea-sar/equipment-access.yaml,90583feeab9764ccd61a58404cd743db80ea9c60ffdf97290ebebecc4e808522,YES,construction,Bearer/slot/combination restriction or explicit equipment equivalence affects construction of a legal duelist; pricing and shooting execution are excluded.,,Heroes only
source/bands/mordheim/pirates-of-the-cathayan-sea-sar/equipment-access.yaml/@/equipment_lists/0/items/9/notes/unclassified,bands/mordheim/pirates-of-the-cathayan-sea-sar/equipment-access.yaml,34c168bb54362cd848675f6c57bd115183a3099b9d061f04c6b408fc634e8749,YES,construction,Bearer/slot/combination restriction or explicit equipment equivalence affects construction of a legal duelist; pricing and shooting execution are excluded.,,Heroes only; Rare 10
source/bands/mordheim/pirates-of-the-cathayan-sea-sar/equipment-access.yaml/@/equipment_lists/1/items/1/notes/unclassified,bands/mordheim/pirates-of-the-cathayan-sea-sar/equipment-access.yaml,2b037a2ec00aea05acc9e6c8eafa5a189dca06b0fbd1c27536e9f3a8b0e2eaf2,YES,construction,Bearer/slot/combination restriction or explicit equipment equivalence affects construction of a legal duelist; pricing and shooting execution are excluded.,,Hammer/Mace
source/bands/mordheim/pirates-of-the-cathayan-sea-sar/equipment-access.yaml/@/equipment_lists/2/items/1/notes/unclassified,bands/mordheim/pirates-of-the-cathayan-sea-sar/equipment-access.yaml,2b037a2ec00aea05acc9e6c8eafa5a189dca06b0fbd1c27536e9f3a8b0e2eaf2,YES,construction,Bearer/slot/combination restriction or explicit equipment equivalence affects construction of a legal duelist; pricing and shooting execution are excluded.,,Hammer/Mace
source/bands/mordheim/pirates/equipment-access.yaml/@/equipment_lists/0/items/5/notes/unclassified,bands/mordheim/pirates/equipment-access.yaml,e615ee1f099c709d30e93276444ca16261ef73fae1d264b1183a7efafb3b0834,YES,construction,Bearer/slot/combination restriction or explicit equipment equivalence affects construction of a legal duelist; pricing and shooting execution are excluded.,,Heroes only.
source/bands/mordheim/pit-fighters/equipment-access.yaml/@/equipment_lists/2/items/10/notes/unclassified,bands/mordheim/pit-fighters/equipment-access.yaml,ee6caf42a6009f5ff91de04b9cd3ba3c8bf18df0a242f25c1a6d497fe3617390,YES,construction,Bearer/slot/combination restriction or explicit equipment equivalence affects construction of a legal duelist; pricing and shooting execution are excluded.,,Ogre Pit Fighter only.
source/bands/mordheim/pit-fighters/equipment-access.yaml/@/equipment_lists/2/items/4/notes/unclassified,bands/mordheim/pit-fighters/equipment-access.yaml,da5d1a076072b2c31ca36618535694bbed263c1adee9f0d1bffe479c8da2c8e1,YES,construction,Bearer/slot/combination restriction or explicit equipment equivalence affects construction of a legal duelist; pricing and shooting execution are excluded.,,Dwarf Troll Slayer only.
source/bands/mordheim/pit-fighters/equipment-access.yaml/@/equipment_lists/2/items/8/notes/unclassified,bands/mordheim/pit-fighters/equipment-access.yaml,da5d1a076072b2c31ca36618535694bbed263c1adee9f0d1bffe479c8da2c8e1,YES,construction,Bearer/slot/combination restriction or explicit equipment equivalence affects construction of a legal duelist; pricing and shooting execution are excluded.,,Dwarf Troll Slayer only.
source/bands/mordheim/pit-fighters/equipment-access.yaml/@/equipment_lists/2/items/9/notes/unclassified,bands/mordheim/pit-fighters/equipment-access.yaml,ee6caf42a6009f5ff91de04b9cd3ba3c8bf18df0a242f25c1a6d497fe3617390,YES,construction,Bearer/slot/combination restriction or explicit equipment equivalence affects construction of a legal duelist; pricing and shooting execution are excluded.,,Ogre Pit Fighter only.
source/bands/mordheim/pit-fighters/profiles.yaml/@/profiles/5/equipment_restrictions/0/unclassified,bands/mordheim/pit-fighters/profiles.yaml,129c9e84ac799bc7fbf5cb57cfc08a064bda953ddcfea697d0344ea3b03e6a1a,YES,construction,"Printed kit/access, hand/armour restriction or intrinsic unarmed attack affects the constructed melee duelist; any movement/campaign clauses remain excluded.",,May select from the Ogre & Slayer Equipment List.
source/bands/mordheim/pit-fighters/profiles.yaml/@/profiles/5/equipment_restrictions/1/unclassified,bands/mordheim/pit-fighters/profiles.yaml,0507181085a7acdfc2e333839c79ecaa591f316fc3f91a193cfba9c4ed4593d0,YES,construction,"Printed kit/access, hand/armour restriction or intrinsic unarmed attack affects the constructed melee duelist; any movement/campaign clauses remain excluded.",,Light armour and helmet are available only to the Ogre Pit Fighter; Dwarf Axe and Gromril Weapon are not available to it.
source/bands/mordheim/protectorate-of-sigmar-lotd3/profiles.yaml/@/profiles/0/equipment_restrictions/0/unclassified,bands/mordheim/protectorate-of-sigmar-lotd3/profiles.yaml,118bbebb5e612d3607bcf516f1d3fc964913bf44f0180f7b2f4c83b0a195c1cf,YES,construction,"Printed kit/access, hand/armour restriction or intrinsic unarmed attack affects the constructed melee duelist; any movement/campaign clauses remain excluded.",,The Sigmarite Warrior Priest may be armed with weapons and armour from the Protectorate of Sigmar Equipment List.
source/bands/mordheim/protectorate-of-sigmar-lotd3/profiles.yaml/@/profiles/1/equipment_restrictions/0/unclassified,bands/mordheim/protectorate-of-sigmar-lotd3/profiles.yaml,20c61ac8ea75efcaec8ef601b146ccc8027c11c63a1c3fabedb184678fece150,YES,construction,"Printed kit/access, hand/armour restriction or intrinsic unarmed attack affects the constructed melee duelist; any movement/campaign clauses remain excluded.",,The Templars may be armed with weapons and armour from the Protectorate of Sigmar Equipment List.
source/bands/mordheim/protectorate-of-sigmar-lotd3/profiles.yaml/@/profiles/2/equipment_restrictions/0/unclassified,bands/mordheim/protectorate-of-sigmar-lotd3/profiles.yaml,21eebce832745c3c5f5d06473e5ad3372c81779e5ee50d426eb345f575c53c37,YES,construction,"Printed kit/access, hand/armour restriction or intrinsic unarmed attack affects the constructed melee duelist; any movement/campaign clauses remain excluded.",,The Huntsman may be armed with weapons from the Huntsman Equipment List. Takes the place of one Templar.
source/bands/mordheim/protectorate-of-sigmar-lotd3/profiles.yaml/@/profiles/3/equipment_restrictions/0/unclassified,bands/mordheim/protectorate-of-sigmar-lotd3/profiles.yaml,bc2b4abb5f7035bd231e01869cebe7dacf20f7c7aee6359bc10d33180c5fb38f,YES,construction,"Printed kit/access, hand/armour restriction or intrinsic unarmed attack affects the constructed melee duelist; any movement/campaign clauses remain excluded.",,The Acolytes may be armed with weapons and armour from the Protectorate of Sigmar Equipment List.
source/bands/mordheim/protectorate-of-sigmar-lotd3/profiles.yaml/@/profiles/4/equipment_restrictions/0/unclassified,bands/mordheim/protectorate-of-sigmar-lotd3/profiles.yaml,7726b9121c8e9c51b0a4d952fa4ce0ab76ad244d37853811745bb36ca1eef53c,YES,construction,"Printed kit/access, hand/armour restriction or intrinsic unarmed attack affects the constructed melee duelist; any movement/campaign clauses remain excluded.",,Archers may be armed with weapons and armour from the Protectorate of Sigmar Equipment List.
source/bands/mordheim/protectorate-of-sigmar-lotd3/profiles.yaml/@/profiles/5/equipment_restrictions/0/unclassified,bands/mordheim/protectorate-of-sigmar-lotd3/profiles.yaml,2d4a1c3425f2d193b4311e36376f39bc35727288249e3966337ccc76f3400b56,YES,construction,"Printed kit/access, hand/armour restriction or intrinsic unarmed attack affects the constructed melee duelist; any movement/campaign clauses remain excluded.",,Crusaders may be armed with weapons and armour from the Protectorate of Sigmar Equipment List.
source/bands/mordheim/protectorate-of-sigmar-lotd3/profiles.yaml/@/profiles/6/equipment_restrictions/0/unclassified,bands/mordheim/protectorate-of-sigmar-lotd3/profiles.yaml,4b0b6217f0a2b318c3e8627aec68b270817f5ce6ed831ac679c6cbec33142b4c,YES,construction,"Printed kit/access, hand/armour restriction or intrinsic unarmed attack affects the constructed melee duelist; any movement/campaign clauses remain excluded.",,"Jaws and Brutality. A Hound never uses nor needs weapons or armour, and suffers no penalty for doing so."
source/bands/mordheim/sartosan-pirates-sar/equipment-access.yaml/@/equipment_lists/0/items/1/notes/unclassified,bands/mordheim/sartosan-pirates-sar/equipment-access.yaml,2b037a2ec00aea05acc9e6c8eafa5a189dca06b0fbd1c27536e9f3a8b0e2eaf2,YES,construction,Bearer/slot/combination restriction or explicit equipment equivalence affects construction of a legal duelist; pricing and shooting execution are excluded.,,Hammer/Mace
source/bands/mordheim/sartosan-pirates-sar/equipment-access.yaml/@/equipment_lists/0/items/10/notes/unclassified,bands/mordheim/sartosan-pirates-sar/equipment-access.yaml,606888ea670c0cd99fca5634ca0770108cf2684430954e37fd1cb4fe443d08e4,YES,construction,Bearer/slot/combination restriction or explicit equipment equivalence affects construction of a legal duelist; pricing and shooting execution are excluded.,,Not Estalians!
source/bands/mordheim/sartosan-pirates-sar/equipment-access.yaml/@/equipment_lists/0/items/12/notes/unclassified,bands/mordheim/sartosan-pirates-sar/equipment-access.yaml,37e37cf37d512df0aae757b298243ce72d08f2b5eb6068cfe210208427c20164,YES,construction,Bearer/slot/combination restriction or explicit equipment equivalence affects construction of a legal duelist; pricing and shooting execution are excluded.,,Wastelanders only
source/bands/mordheim/sartosan-pirates-sar/equipment-access.yaml/@/equipment_lists/0/items/18/notes/unclassified,bands/mordheim/sartosan-pirates-sar/equipment-access.yaml,0e3ab4f5071a509dc74fa4d54ffd77bcb892279cbdc7950e08cb8b5560c47f35,YES,construction,Bearer/slot/combination restriction or explicit equipment equivalence affects construction of a legal duelist; pricing and shooting execution are excluded.,,Estalians only
source/bands/mordheim/sartosan-pirates-sar/equipment-access.yaml/@/equipment_lists/0/items/4/notes/unclassified,bands/mordheim/sartosan-pirates-sar/equipment-access.yaml,90583feeab9764ccd61a58404cd743db80ea9c60ffdf97290ebebecc4e808522,YES,construction,Bearer/slot/combination restriction or explicit equipment equivalence affects construction of a legal duelist; pricing and shooting execution are excluded.,,Heroes only
source/bands/mordheim/sartosan-pirates-sar/equipment-access.yaml/@/equipment_lists/0/items/7/notes/unclassified,bands/mordheim/sartosan-pirates-sar/equipment-access.yaml,0e3ab4f5071a509dc74fa4d54ffd77bcb892279cbdc7950e08cb8b5560c47f35,YES,construction,Bearer/slot/combination restriction or explicit equipment equivalence affects construction of a legal duelist; pricing and shooting execution are excluded.,,Estalians only
source/bands/mordheim/sartosan-pirates-sar/equipment-access.yaml/@/equipment_lists/1/items/1/notes/unclassified,bands/mordheim/sartosan-pirates-sar/equipment-access.yaml,2b037a2ec00aea05acc9e6c8eafa5a189dca06b0fbd1c27536e9f3a8b0e2eaf2,YES,construction,Bearer/slot/combination restriction or explicit equipment equivalence affects construction of a legal duelist; pricing and shooting execution are excluded.,,Hammer/Mace
source/bands/mordheim/sartosan-pirates-sar/equipment-access.yaml/@/equipment_lists/2/items/1/notes/unclassified,bands/mordheim/sartosan-pirates-sar/equipment-access.yaml,2b037a2ec00aea05acc9e6c8eafa5a189dca06b0fbd1c27536e9f3a8b0e2eaf2,YES,construction,Bearer/slot/combination restriction or explicit equipment equivalence affects construction of a legal duelist; pricing and shooting execution are excluded.,,Hammer/Mace
source/bands/mordheim/savage-orcs-kaz/profiles.yaml/@/profiles/1/equipment_restrictions/0/unclassified,bands/mordheim/savage-orcs-kaz/profiles.yaml,e6a6336fb04a6b44531e195bd06f6ffabedec1df87c69ab0988161aabf7a9e6f,YES,construction,"Printed kit/access, hand/armour restriction or intrinsic unarmed attack affects the constructed melee duelist; any movement/campaign clauses remain excluded.",,A Savage Orc Wierdo cannot wear armour.
source/bands/mordheim/savage-orcs-kaz/profiles.yaml/@/profiles/4/equipment_restrictions/0/unclassified,bands/mordheim/savage-orcs-kaz/profiles.yaml,c7246d553e197a6974df13a984aeb747d072f693e285deaf35312c555197c35e,YES,construction,"Printed kit/access, hand/armour restriction or intrinsic unarmed attack affects the constructed melee duelist; any movement/campaign clauses remain excluded.",,Savage Orc Nuttaz can use any equipment except missile weapons from the Savage Orc Equipment list.
source/bands/mordheim/savage-orcs-kaz/profiles.yaml/@/profiles/6/equipment_restrictions/0/unclassified,bands/mordheim/savage-orcs-kaz/profiles.yaml,c7ec8cb2c19c6b86e54afafa1ba7c139b696b42500a6a0726dfb362c1e62e5ed,YES,construction,"Printed kit/access, hand/armour restriction or intrinsic unarmed attack affects the constructed melee duelist; any movement/campaign clauses remain excluded.",,Bow (not Gobbo Boyz): Savage Gobbos may not take the Bow.
source/bands/mordheim/sea-ghosts-mim/profiles.yaml/@/profiles/1/equipment_restrictions/0/unclassified,bands/mordheim/sea-ghosts-mim/profiles.yaml,0ac45328c66fc462a5a7847db7784196491a097153794e553ec59c4ec0bec55a,YES,construction,"Printed kit/access, hand/armour restriction or intrinsic unarmed attack affects the constructed melee duelist; any movement/campaign clauses remain excluded.",,Feast-Masters may only use the Feast-Master equipment list.
source/bands/mordheim/shadow-warriors/equipment-access.yaml/@/equipment_lists/0/items/11/notes/unclassified,bands/mordheim/shadow-warriors/equipment-access.yaml,e615ee1f099c709d30e93276444ca16261ef73fae1d264b1183a7efafb3b0834,YES,construction,Bearer/slot/combination restriction or explicit equipment equivalence affects construction of a legal duelist; pricing and shooting execution are excluded.,,Heroes only.
source/bands/mordheim/shadow-warriors/equipment-access.yaml/@/equipment_lists/0/items/12/notes/unclassified,bands/mordheim/shadow-warriors/equipment-access.yaml,e615ee1f099c709d30e93276444ca16261ef73fae1d264b1183a7efafb3b0834,YES,construction,Bearer/slot/combination restriction or explicit equipment equivalence affects construction of a legal duelist; pricing and shooting execution are excluded.,,Heroes only.
source/bands/mordheim/shadow-warriors/equipment-access.yaml/@/equipment_lists/0/items/13/notes/unclassified,bands/mordheim/shadow-warriors/equipment-access.yaml,e615ee1f099c709d30e93276444ca16261ef73fae1d264b1183a7efafb3b0834,YES,construction,Bearer/slot/combination restriction or explicit equipment equivalence affects construction of a legal duelist; pricing and shooting execution are excluded.,,Heroes only.
source/bands/mordheim/shadow-warriors/equipment-access.yaml/@/equipment_lists/0/items/15/notes/unclassified,bands/mordheim/shadow-warriors/equipment-access.yaml,e615ee1f099c709d30e93276444ca16261ef73fae1d264b1183a7efafb3b0834,YES,construction,Bearer/slot/combination restriction or explicit equipment equivalence affects construction of a legal duelist; pricing and shooting execution are excluded.,,Heroes only.
source/bands/mordheim/shadow-warriors/equipment-access.yaml/@/equipment_lists/0/items/16/notes/unclassified,bands/mordheim/shadow-warriors/equipment-access.yaml,2715454af9a6b38b674778d79df42da46595bbe9edfba7a7d795369bfd5c5e07,YES,construction,Bearer/slot/combination restriction or explicit equipment equivalence affects construction of a legal duelist; pricing and shooting execution are excluded.,,"Heroes only at warband creation; outside the starting list, Elven Runestones are available to Shadow Weavers only."
source/bands/mordheim/shadow-warriors/equipment-access.yaml/@/equipment_lists/0/items/4/notes/unclassified,bands/mordheim/shadow-warriors/equipment-access.yaml,e615ee1f099c709d30e93276444ca16261ef73fae1d264b1183a7efafb3b0834,YES,construction,Bearer/slot/combination restriction or explicit equipment equivalence affects construction of a legal duelist; pricing and shooting execution are excluded.,,Heroes only.
source/bands/mordheim/shallows-beasts-mim/equipment-access.yaml/@/equipment_lists/0/items/1/notes/unclassified,bands/mordheim/shallows-beasts-mim/equipment-access.yaml,49af84d911af19baf3199dd6603f3e885d0fd1f7f07e15823f929d53140fa2e3,YES,construction,Bearer/slot/combination restriction or explicit equipment equivalence affects construction of a legal duelist; pricing and shooting execution are excluded.,,Club/Mace/Staff
source/bands/mordheim/shallows-beasts-mim/equipment-access.yaml/@/equipment_lists/0/items/18/notes/unclassified,bands/mordheim/shallows-beasts-mim/equipment-access.yaml,4f95cfe245c491f6c4f8816c1414279f73346d1aaa6ef5f21961bd172808727b,YES,construction,Bearer/slot/combination restriction or explicit equipment equivalence affects construction of a legal duelist; pricing and shooting execution are excluded.,,Mutant-Priest only; rare 8
source/bands/mordheim/shallows-beasts-mim/equipment-access.yaml/@/equipment_lists/0/items/4/notes/unclassified,bands/mordheim/shallows-beasts-mim/equipment-access.yaml,bd62fdf72af34b53695aae0f1095d7895107e1e26c2a2e283cd4ec8b7ac7eaa0,YES,construction,Bearer/slot/combination restriction or explicit equipment equivalence affects construction of a legal duelist; pricing and shooting execution are excluded.,,Cutlass/Sword
source/bands/mordheim/shallows-beasts-mim/equipment-access.yaml/@/equipment_lists/1/items/1/notes/unclassified,bands/mordheim/shallows-beasts-mim/equipment-access.yaml,a6d1b68f7a913a2eda099742e50ba04f9c00e5e8880e61f88daaa967753ced76,YES,construction,Bearer/slot/combination restriction or explicit equipment equivalence affects construction of a legal duelist; pricing and shooting execution are excluded.,,Club/Mace
source/bands/mordheim/shallows-beasts-mim/equipment-access.yaml/@/equipment_lists/1/items/4/notes/unclassified,bands/mordheim/shallows-beasts-mim/equipment-access.yaml,bd62fdf72af34b53695aae0f1095d7895107e1e26c2a2e283cd4ec8b7ac7eaa0,YES,construction,Bearer/slot/combination restriction or explicit equipment equivalence affects construction of a legal duelist; pricing and shooting execution are excluded.,,Cutlass/Sword
source/bands/mordheim/sisters-of-sigmar/equipment-access.yaml/@/equipment_lists/0/items/13/notes/unclassified,bands/mordheim/sisters-of-sigmar/equipment-access.yaml,3d1513926467a470364e85e13f20c14a5fcf537eb7e06d258eba99293cc46025,YES,construction,Bearer/slot/combination restriction or explicit equipment equivalence affects construction of a legal duelist; pricing and shooting execution are excluded.,,Heroines only.
source/bands/mordheim/sisters-of-sigmar/equipment-access.yaml/@/equipment_lists/0/items/14/notes/unclassified,bands/mordheim/sisters-of-sigmar/equipment-access.yaml,3d1513926467a470364e85e13f20c14a5fcf537eb7e06d258eba99293cc46025,YES,construction,Bearer/slot/combination restriction or explicit equipment equivalence affects construction of a legal duelist; pricing and shooting execution are excluded.,,Heroines only.
source/bands/mordheim/sisters-of-sigmar/equipment-access.yaml/@/equipment_lists/0/items/15/notes/unclassified,bands/mordheim/sisters-of-sigmar/equipment-access.yaml,3d1513926467a470364e85e13f20c14a5fcf537eb7e06d258eba99293cc46025,YES,construction,Bearer/slot/combination restriction or explicit equipment equivalence affects construction of a legal duelist; pricing and shooting execution are excluded.,,Heroines only.
source/bands/mordheim/sisters-of-sigmar/equipment-access.yaml/@/equipment_lists/0/items/3/notes/unclassified,bands/mordheim/sisters-of-sigmar/equipment-access.yaml,0be122995ece21ab280e2f092d105887847ff3199afa593acfa74c4e67339845,YES,construction,Bearer/slot/combination restriction or explicit equipment equivalence affects construction of a legal duelist; pricing and shooting execution are excluded.,,Only the Sigmarite Matriarch and Sister Superiors may carry two Sigmarite warhammers at the same time.
source/bands/mordheim/skaven-clan-eshin/profiles.yaml/@/profiles/5/equipment_restrictions/0/unclassified,bands/mordheim/skaven-clan-eshin/profiles.yaml,44436b49b516608b8e568bfee6eadcf69d9a0af2a508eea43b563c3e06350c07,YES,construction,"Printed kit/access, hand/armour restriction or intrinsic unarmed attack affects the constructed melee duelist; any movement/campaign clauses remain excluded.",,Giant Rats never use weapons or armour.
source/bands/mordheim/skaven-clan-eshin/profiles.yaml/@/profiles/6/equipment_restrictions/0/unclassified,bands/mordheim/skaven-clan-eshin/profiles.yaml,f4e70848f5c53e6f2bb28d64c4a484039056a1442a56a6e64ae7badd396e16a5,YES,construction,"Printed kit/access, hand/armour restriction or intrinsic unarmed attack affects the constructed melee duelist; any movement/campaign clauses remain excluded.",,"Rat Ogres fight with jaws, claws and brute force and can never use weapons or armour."
source/bands/mordheim/skaven-of-clan-mors-kaz/profiles.yaml/@/profiles/6/equipment_restrictions/0/unclassified,bands/mordheim/skaven-of-clan-mors-kaz/profiles.yaml,8b59e7f081498a0bf970e01718dd0c43baf5e848d97c808dbd066a03d7a403fd,YES,construction,"Printed kit/access, hand/armour restriction or intrinsic unarmed attack affects the constructed melee duelist; any movement/campaign clauses remain excluded.",,"Jaws, claws and brute force! Rat Ogres can never use weapons or armour."
source/bands/mordheim/skaven-of-clan-moulder-web/equipment-access.yaml/@/equipment_lists/0/items/1/notes/unclassified,bands/mordheim/skaven-of-clan-moulder-web/equipment-access.yaml,87d160de4f3eed8141a4a0dbe81a6fc003b0c18729ef35bd849df8fd36c4f238,YES,construction,Bearer/slot/combination restriction or explicit equipment equivalence affects construction of a legal duelist; pricing and shooting execution are excluded.,,Mace/Club
source/bands/mordheim/skaven-of-clan-moulder-web/equipment-access.yaml/@/equipment_lists/0/items/6/notes/unclassified,bands/mordheim/skaven-of-clan-moulder-web/equipment-access.yaml,cd20c09de4331d9bfc8986a5057591940b0ebcf5164a78ee56fd8f4bc55a2e1d,YES,construction,Bearer/slot/combination restriction or explicit equipment equivalence affects construction of a legal duelist; pricing and shooting execution are excluded.,,Rare 8; Packmaster or Apprentices only
source/bands/mordheim/skaven-of-clan-moulder-web/equipment-access.yaml/@/equipment_lists/0/items/7/notes/unclassified,bands/mordheim/skaven-of-clan-moulder-web/equipment-access.yaml,7ff886b463ea439c4f419cfd04087f55a6ab5a6d4f947df5986d89e82bfaac5a,YES,construction,Bearer/slot/combination restriction or explicit equipment equivalence affects construction of a legal duelist; pricing and shooting execution are excluded.,,Rare 9; Packmaster or Apprentices only
source/bands/mordheim/skaven-of-clan-pestilens-lus/equipment-access.yaml/@/equipment_lists/0/items/7/notes/unclassified,bands/mordheim/skaven-of-clan-pestilens-lus/equipment-access.yaml,81ffabdf0b3bda85590d50424c1dacd855115943b45fd3baa38c0795e3202359,YES,construction,Bearer/slot/combination restriction or explicit equipment equivalence affects construction of a legal duelist; pricing and shooting execution are excluded.,,"Equipment list price (printed ""Plague Censor 100 gc*"", source typo, Missile Weapons row). The special equipment entry prices it 75+5D6 gc as a later purchase (Rare 12; Champions only); list price operative, see discrepancy-verdicts.md."
source/bands/mordheim/skaven-of-clan-pestilens-lus/equipment-access.yaml/@/equipment_lists/1/items/1/notes/unclassified,bands/mordheim/skaven-of-clan-pestilens-lus/equipment-access.yaml,83b8d76e6dcd213c1ef4fe8fa66e513390a80b7847fbf81997d953bdc8ae90dc,YES,construction,Bearer/slot/combination restriction or explicit equipment equivalence affects construction of a legal duelist; pricing and shooting execution are excluded.,,Club/Staff
source/bands/mordheim/skaven-of-clan-pestilens-lus/equipment-access.yaml/@/equipment_lists/1/items/4/notes/unclassified,bands/mordheim/skaven-of-clan-pestilens-lus/equipment-access.yaml,7927c1be9789c84acd60265062b66c39de66596e2ab70c48e1e359e7814e6312,YES,construction,Bearer/slot/combination restriction or explicit equipment equivalence affects construction of a legal duelist; pricing and shooting execution are excluded.,,Plague Monks only
source/bands/mordheim/skaven-of-clan-pestilens-mou/equipment-access.yaml/@/equipment_lists/1/items/1/notes/unclassified,bands/mordheim/skaven-of-clan-pestilens-mou/equipment-access.yaml,83b8d76e6dcd213c1ef4fe8fa66e513390a80b7847fbf81997d953bdc8ae90dc,YES,construction,Bearer/slot/combination restriction or explicit equipment equivalence affects construction of a legal duelist; pricing and shooting execution are excluded.,,Club/Staff
source/bands/mordheim/skaven-of-clan-pestilens-mou/equipment-access.yaml/@/equipment_lists/1/items/4/notes/unclassified,bands/mordheim/skaven-of-clan-pestilens-mou/equipment-access.yaml,bcde02eaeda33a13ea7a030b1c072a822c8757101225d73e9c54342cbd1118cb,YES,construction,Bearer/slot/combination restriction or explicit equipment equivalence affects construction of a legal duelist; pricing and shooting execution are excluded.,,Plague Monks and Initiates only Plague Monks and Initiates only.
source/bands/mordheim/skaven-of-clan-pristekk-sc/equipment-access.yaml/@/equipment_lists/2/items/1/notes/unclassified,bands/mordheim/skaven-of-clan-pristekk-sc/equipment-access.yaml,f2241095bc66bffb3f273831907d52a46c9243a11b1d7a1b4b4d261991bc4983,YES,construction,"Thing Catcher requires both hands, which affects legal hand/loadout allocation. Capture of animals/large models is post-duel and excluded.",item/thing_catcher,Rare 9; two-handed; capture animals and large models
source/bands/mordheim/skaven-of-clan-skryre-rel/equipment-access.yaml/@/equipment_lists/0/items/12/notes/unclassified,bands/mordheim/skaven-of-clan-skryre-rel/equipment-access.yaml,c6143541c5d426edc7945b4ed8ec192137c1de8aa7c0f7391dbfe763929b6b77,YES,construction,Bearer/slot/combination restriction or explicit equipment equivalence affects construction of a legal duelist; pricing and shooting execution are excluded.,,Rare 6; Clan Skryre only
source/bands/mordheim/skaven-of-clan-skryre-rel/equipment-access.yaml/@/equipment_lists/0/items/6/notes/unclassified,bands/mordheim/skaven-of-clan-skryre-rel/equipment-access.yaml,9716471473ddba0fba9846bfbc71be57e8bd63530d20512b7f778b5f56448714,YES,construction,Bearer/slot/combination restriction or explicit equipment equivalence affects construction of a legal duelist; pricing and shooting execution are excluded.,,Rare 8; Clan Skryre only
source/bands/mordheim/skaven-of-clan-skryre-rel/equipment-access.yaml/@/equipment_lists/0/items/7/notes/unclassified,bands/mordheim/skaven-of-clan-skryre-rel/equipment-access.yaml,5ede53538cf6f6942f38a3d8f212dece5b53c30aa0fd3770f6be498bc58ec606,YES,construction,Bearer/slot/combination restriction or explicit equipment equivalence affects construction of a legal duelist; pricing and shooting execution are excluded.,,15+D6 dinars; Rare 6; Clan Skryre only
source/bands/mordheim/skaven-of-clan-skryre-rel/profiles.yaml/@/profiles/4/equipment_restrictions/0/unclassified,bands/mordheim/skaven-of-clan-skryre-rel/profiles.yaml,c47d92176aa6999716866f377418e9a666a24ca1210dd345d6aa84331f5cc319,YES,construction,"Printed kit/access, hand/armour restriction or intrinsic unarmed attack affects the constructed melee duelist; any movement/campaign clauses remain excluded.",,Armed with various scavenged weapons; they count as armed with a single dagger and cannot use any other equipment.
source/bands/mordheim/skaven-of-clan-skryre-rel/profiles.yaml/@/profiles/5/equipment_restrictions/0/unclassified,bands/mordheim/skaven-of-clan-skryre-rel/profiles.yaml,7786ea30d6abf0e778c8b9f15e7c48639b925e12d03bc52208e1d60a8c3c27c3,YES,construction,"Printed kit/access, hand/armour restriction or intrinsic unarmed attack affects the constructed melee duelist; any movement/campaign clauses remain excluded.",,None. Giant Rats never use any armour or weapons.
source/bands/mordheim/slavers-rel/profiles.yaml/@/profiles/5/equipment_restrictions/0/unclassified,bands/mordheim/slavers-rel/profiles.yaml,cc55334fb0fa7b7d415e7acb898fa77416fc58b8b5fd840740ce1568b2d35e24,YES,construction,"Printed kit/access, hand/armour restriction or intrinsic unarmed attack affects the constructed melee duelist; any movement/campaign clauses remain excluded.",,Hounds never use any armour or weapons.
source/bands/mordheim/snotlings-web/equipment-access.yaml/@/equipment_lists/0/items/5/notes/unclassified,bands/mordheim/snotlings-web/equipment-access.yaml,64c53b5df10b489cde9700ceb9b4ee2ff3e46410b827d5c19aaf81ee1e00ec98,YES,construction,Bearer/slot/combination restriction or explicit equipment equivalence affects construction of a legal duelist; pricing and shooting execution are excluded.,,Goblin & BigSnotz only
source/bands/mordheim/snotlings-web/equipment-access.yaml/@/equipment_lists/0/items/8/notes/unclassified,bands/mordheim/snotlings-web/equipment-access.yaml,64c53b5df10b489cde9700ceb9b4ee2ff3e46410b827d5c19aaf81ee1e00ec98,YES,construction,Bearer/slot/combination restriction or explicit equipment equivalence affects construction of a legal duelist; pricing and shooting execution are excluded.,,Goblin & BigSnotz only
source/bands/mordheim/snotlings-web/equipment-access.yaml/@/equipment_lists/1/items/6/notes/unclassified,bands/mordheim/snotlings-web/equipment-access.yaml,34f1d6c3a7034c4135b18984eeb6935dfbd053c7f11e2c8cd62e7f9f05072759,YES,construction,Bearer/slot/combination restriction or explicit equipment equivalence affects construction of a legal duelist; pricing and shooting execution are excluded.,,No brace
source/bands/mordheim/sons-of-hashut/profiles.yaml/@/profiles/0/equipment_restrictions/0/unclassified,bands/mordheim/sons-of-hashut/profiles.yaml,68b59762c875a8bd72dc6b0372a0b6fcbb140fba557ad41338e1aa664bb9d585,YES,construction,"Printed kit/access, hand/armour restriction or intrinsic unarmed attack affects the constructed melee duelist; any movement/campaign clauses remain excluded.",,"May select weapons and armour from the Chaos Dwarf Equipment List, but may not cast spells while wearing armour."
source/bands/mordheim/sons-of-hashut/profiles.yaml/@/profiles/4/equipment_restrictions/0/unclassified,bands/mordheim/sons-of-hashut/profiles.yaml,52f13a143372a7609c84aa53acc4f295cad8c977f205bd7c4db799ae52ee120a,YES,construction,"Printed kit/access, hand/armour restriction or intrinsic unarmed attack affects the constructed melee duelist; any movement/campaign clauses remain excluded.",,Starting equipment for a Blunderbuss Chaos Dwarf must include a Chaos Dwarf Blunderbuss from the Blunderbusser Equipment List.
source/bands/mordheim/sorcerous-society-lotd4/profiles.yaml/@/profiles/0/equipment_restrictions/0/unclassified,bands/mordheim/sorcerous-society-lotd4/profiles.yaml,7f1e8ec0aa723551de9bcedab93abe346ab09cdce1f5ddf03dbff4a657cbbcd5,YES,construction,"Printed kit/access, hand/armour restriction or intrinsic unarmed attack affects the constructed melee duelist; any movement/campaign clauses remain excluded.",,The Magus may be armed with weapons and armour from the Sorcerous Society Equipment List.
source/bands/mordheim/sorcerous-society-lotd4/profiles.yaml/@/profiles/1/equipment_restrictions/0/unclassified,bands/mordheim/sorcerous-society-lotd4/profiles.yaml,e046ec781bae0f9c1b43605b390b847a057bd4f693a09a1c42ba4f5c93b581a5,YES,construction,"Printed kit/access, hand/armour restriction or intrinsic unarmed attack affects the constructed melee duelist; any movement/campaign clauses remain excluded.",,The Companion may be armed with weapons and armour from the Sorcerous Society Equipment List.
source/bands/mordheim/sorcerous-society-lotd4/profiles.yaml/@/profiles/2/equipment_restrictions/0/unclassified,bands/mordheim/sorcerous-society-lotd4/profiles.yaml,5a753beca080890edaf63c1fd6e9ffe0d19bfbaa3f049b1af28b07fefc828328,YES,construction,"Printed kit/access, hand/armour restriction or intrinsic unarmed attack affects the constructed melee duelist; any movement/campaign clauses remain excluded.",,The Hedge Wizards may be armed with weapons and armour from the Sorcerous Society Equipment List.
source/bands/mordheim/sorcerous-society-lotd4/profiles.yaml/@/profiles/3/equipment_restrictions/0/unclassified,bands/mordheim/sorcerous-society-lotd4/profiles.yaml,087f123c8558110672775c5f63ba6f65f67b979ba894f83fe1398e271b5cd62d,YES,construction,"Printed kit/access, hand/armour restriction or intrinsic unarmed attack affects the constructed melee duelist; any movement/campaign clauses remain excluded.",,Untrained may be armed with weapons and armour from the Sorcerous Society Equipment List.
source/bands/mordheim/sorcerous-society-lotd4/profiles.yaml/@/profiles/4/equipment_restrictions/0/unclassified,bands/mordheim/sorcerous-society-lotd4/profiles.yaml,bab9d697681ea133150bd16dc6e6a30508fc5e427ebd185bf18b24439b947c93,YES,construction,"Printed kit/access, hand/armour restriction or intrinsic unarmed attack affects the constructed melee duelist; any movement/campaign clauses remain excluded.",,A Grunt may be armed with weapons and armour from the Sorcerous Society Equipment List.
source/bands/mordheim/strigoi-kaz/profiles.yaml/@/profiles/0/equipment_restrictions/0/unclassified,bands/mordheim/strigoi-kaz/profiles.yaml,377975620e07e8a9bdfe7f5752f307ecb56ab346dec03d71ad8bb98378ac887c,YES,construction,"Printed kit/access, hand/armour restriction or intrinsic unarmed attack affects the constructed melee duelist; any movement/campaign clauses remain excluded.",,A Strigoi Vampire does not use any weapons or equipment.
source/bands/mordheim/strigoi-kaz/profiles.yaml/@/profiles/1/equipment_restrictions/0/unclassified,bands/mordheim/strigoi-kaz/profiles.yaml,aa3b7c71c0009e042e1e8cfcd48cadac9cd76df0032d3ade46112ed73bab7b5b,YES,construction,"Printed kit/access, hand/armour restriction or intrinsic unarmed attack affects the constructed melee duelist; any movement/campaign clauses remain excluded.",,"Charnel Guard never carry any equipment, apart from a few bones which they use as primitive weapons."
source/bands/mordheim/strigoi-kaz/profiles.yaml/@/profiles/3/equipment_restrictions/0/unclassified,bands/mordheim/strigoi-kaz/profiles.yaml,562a564e2d18b5dae4474219772fc1f3b7bc16dd0dd12b3a84a1cc5cdec87a18,YES,construction,"Printed kit/access, hand/armour restriction or intrinsic unarmed attack affects the constructed melee duelist; any movement/campaign clauses remain excluded.",,"Ghouls never carry any equipment, apart from a few bones, which they use as primitive weapons."
source/bands/mordheim/strigoi-kaz/profiles.yaml/@/profiles/4/equipment_restrictions/0/unclassified,bands/mordheim/strigoi-kaz/profiles.yaml,f20299d7c6a1b17569eaaa678fa75f64ac709237651a8ddacf201def63f791a0,YES,construction,"Printed kit/access, hand/armour restriction or intrinsic unarmed attack affects the constructed melee duelist; any movement/campaign clauses remain excluded.",,Skeletons may not use missile weapons.
source/bands/mordheim/strigoi-kaz/profiles.yaml/@/profiles/5/equipment_restrictions/0/unclassified,bands/mordheim/strigoi-kaz/profiles.yaml,ae059b8f4716512a26207b05f177e9f526beaac25fdf0417f1193deb15da2271,YES,construction,"Printed kit/access, hand/armour restriction or intrinsic unarmed attack affects the constructed melee duelist; any movement/campaign clauses remain excluded.",,Equipment: None.
source/bands/mordheim/strigoi-kaz/profiles.yaml/@/profiles/6/equipment_restrictions/0/unclassified,bands/mordheim/strigoi-kaz/profiles.yaml,ae059b8f4716512a26207b05f177e9f526beaac25fdf0417f1193deb15da2271,YES,construction,"Printed kit/access, hand/armour restriction or intrinsic unarmed attack affects the constructed melee duelist; any movement/campaign clauses remain excluded.",,Equipment: None.
source/bands/mordheim/survivors-of-strigos-sylv/equipment-access.yaml/@/equipment_lists/0/items/17/notes/unclassified,bands/mordheim/survivors-of-strigos-sylv/equipment-access.yaml,1c227055108e7cb3539f7f44d75f3960ea2a76e3bfd81c3071e4356db6c9cb67,YES,construction,Bearer/slot/combination restriction or explicit equipment equivalence affects construction of a legal duelist; pricing and shooting execution are excluded.,,Heroes only; resolves to the 2A Necrarch staging item
source/bands/mordheim/survivors-of-strigos-sylv/equipment-access.yaml/@/equipment_lists/0/items/6/notes/unclassified,bands/mordheim/survivors-of-strigos-sylv/equipment-access.yaml,aa70cad95c2504501073d8487e0f7a718daf3faf6420f271b890570ca65cea40,YES,construction,Bearer/slot/combination restriction or explicit equipment equivalence affects construction of a legal duelist; pricing and shooting execution are excluded.,,Strigany only; special equipment; see special-rules
source/bands/mordheim/tomb-guardians/equipment-access.yaml/@/equipment_lists/0/items/10/notes/unclassified,bands/mordheim/tomb-guardians/equipment-access.yaml,be533d2d69167bbf8137585c8f657030fae6e336c1d66d5f682b7d3d3237b47f,YES,construction,Bearer/slot/combination restriction or explicit equipment equivalence affects construction of a legal duelist; pricing and shooting execution are excluded.,,Tomb Lord only.
source/bands/mordheim/tomb-guardians/equipment-access.yaml/@/equipment_lists/0/items/11/notes/unclassified,bands/mordheim/tomb-guardians/equipment-access.yaml,be533d2d69167bbf8137585c8f657030fae6e336c1d66d5f682b7d3d3237b47f,YES,construction,Bearer/slot/combination restriction or explicit equipment equivalence affects construction of a legal duelist; pricing and shooting execution are excluded.,,Tomb Lord only.
source/bands/mordheim/tomb-guardians/equipment-access.yaml/@/equipment_lists/1/items/6/notes/unclassified,bands/mordheim/tomb-guardians/equipment-access.yaml,0ac39412e4f0373a7327e8828680576727416fd5abdc92b06499294f991f4fd9,YES,construction,Bearer/slot/combination restriction or explicit equipment equivalence affects construction of a legal duelist; pricing and shooting execution are excluded.,,Liche Priest only.
source/bands/mordheim/tomb-guardians/profiles.yaml/@/profiles/5/equipment_restrictions/0/unclassified,bands/mordheim/tomb-guardians/profiles.yaml,80fc2ac2a43b972f551e3bd3cbd471de1879ad3be4205efb5e9ca80d0c31dd0d,YES,construction,"Printed kit/access, hand/armour restriction or intrinsic unarmed attack affects the constructed melee duelist; any movement/campaign clauses remain excluded.",,Tomb Scorpions do not use weapons or armour.
source/bands/mordheim/vampire-hunters-of-sylvania-lotd5/equipment-access.yaml/@/equipment_lists/0/items/13/notes/unclassified,bands/mordheim/vampire-hunters-of-sylvania-lotd5/equipment-access.yaml,6354059ddd27fb07ce5a14e0af831a1089225bc26059dd983fa0233b31aa4b03,YES,construction,Bearer/slot/combination restriction or explicit equipment equivalence affects construction of a legal duelist; pricing and shooting execution are excluded.,,Holy Water; Heroes only (marked * in the source list).
source/bands/mordheim/vampire-hunters-of-sylvania-lotd5/equipment-access.yaml/@/equipment_lists/0/items/14/notes/unclassified,bands/mordheim/vampire-hunters-of-sylvania-lotd5/equipment-access.yaml,955a3ef88e68511de97d7e800e4fa96c9ef3c0c6c186dcac67b6c8ede8950d04,YES,construction,Bearer/slot/combination restriction or explicit equipment equivalence affects construction of a legal duelist; pricing and shooting execution are excluded.,,Heroes only (marked * in the source list).
source/bands/mordheim/vampire-hunters-of-sylvania-lotd5/equipment-access.yaml/@/equipment_lists/0/items/15/notes/unclassified,bands/mordheim/vampire-hunters-of-sylvania-lotd5/equipment-access.yaml,955a3ef88e68511de97d7e800e4fa96c9ef3c0c6c186dcac67b6c8ede8950d04,YES,construction,Bearer/slot/combination restriction or explicit equipment equivalence affects construction of a legal duelist; pricing and shooting execution are excluded.,,Heroes only (marked * in the source list).
source/bands/mordheim/vampire-hunters-of-sylvania-lotd5/equipment-access.yaml/@/equipment_lists/0/items/16/notes/unclassified,bands/mordheim/vampire-hunters-of-sylvania-lotd5/equipment-access.yaml,955a3ef88e68511de97d7e800e4fa96c9ef3c0c6c186dcac67b6c8ede8950d04,YES,construction,Bearer/slot/combination restriction or explicit equipment equivalence affects construction of a legal duelist; pricing and shooting execution are excluded.,,Heroes only (marked * in the source list).
source/bands/mordheim/vampire-hunters-of-sylvania-lotd5/equipment-access.yaml/@/equipment_lists/0/items/9/notes/unclassified,bands/mordheim/vampire-hunters-of-sylvania-lotd5/equipment-access.yaml,955a3ef88e68511de97d7e800e4fa96c9ef3c0c6c186dcac67b6c8ede8950d04,YES,construction,Bearer/slot/combination restriction or explicit equipment equivalence affects construction of a legal duelist; pricing and shooting execution are excluded.,,Heroes only (marked * in the source list).
source/bands/mordheim/wasteland-privateers-sar/profiles.yaml/@/profiles/0/equipment_restrictions/0/unclassified,bands/mordheim/wasteland-privateers-sar/profiles.yaml,f601314d8ab6d0e503f71cfeec6845c6340b625b87fc9851b7b3b8a536c263b8,YES,construction,"Printed kit/access, hand/armour restriction or intrinsic unarmed attack affects the constructed melee duelist; any movement/campaign clauses remain excluded.",,May not wear armour.
source/bands/mordheim/wasteland-privateers-sar/profiles.yaml/@/profiles/1/equipment_restrictions/0/unclassified,bands/mordheim/wasteland-privateers-sar/profiles.yaml,f601314d8ab6d0e503f71cfeec6845c6340b625b87fc9851b7b3b8a536c263b8,YES,construction,"Printed kit/access, hand/armour restriction or intrinsic unarmed attack affects the constructed melee duelist; any movement/campaign clauses remain excluded.",,May not wear armour.
source/bands/mordheim/wasteland-privateers-sar/profiles.yaml/@/profiles/2/equipment_restrictions/0/unclassified,bands/mordheim/wasteland-privateers-sar/profiles.yaml,f601314d8ab6d0e503f71cfeec6845c6340b625b87fc9851b7b3b8a536c263b8,YES,construction,"Printed kit/access, hand/armour restriction or intrinsic unarmed attack affects the constructed melee duelist; any movement/campaign clauses remain excluded.",,May not wear armour.
source/bands/mordheim/wasteland-privateers-sar/profiles.yaml/@/profiles/3/equipment_restrictions/0/unclassified,bands/mordheim/wasteland-privateers-sar/profiles.yaml,f601314d8ab6d0e503f71cfeec6845c6340b625b87fc9851b7b3b8a536c263b8,YES,construction,"Printed kit/access, hand/armour restriction or intrinsic unarmed attack affects the constructed melee duelist; any movement/campaign clauses remain excluded.",,May not wear armour.
source/bands/mordheim/wasteland-privateers-sar/profiles.yaml/@/profiles/4/equipment_restrictions/0/unclassified,bands/mordheim/wasteland-privateers-sar/profiles.yaml,f601314d8ab6d0e503f71cfeec6845c6340b625b87fc9851b7b3b8a536c263b8,YES,construction,"Printed kit/access, hand/armour restriction or intrinsic unarmed attack affects the constructed melee duelist; any movement/campaign clauses remain excluded.",,May not wear armour.
source/bands/mordheim/wasteland-privateers-sar/profiles.yaml/@/profiles/5/equipment_restrictions/1/unclassified,bands/mordheim/wasteland-privateers-sar/profiles.yaml,f601314d8ab6d0e503f71cfeec6845c6340b625b87fc9851b7b3b8a536c263b8,YES,construction,"Printed kit/access, hand/armour restriction or intrinsic unarmed attack affects the constructed melee duelist; any movement/campaign clauses remain excluded.",,May not wear armour.
source/bands/mordheim/watchmen-mim/equipment-access.yaml/@/equipment_lists/0/items/16/notes/unclassified,bands/mordheim/watchmen-mim/equipment-access.yaml,0a522c926f8febed3fefd8fadc0c96071668fa7c4d72d0f4d840a436a2dd3fe2,YES,construction,Bearer/slot/combination restriction or explicit equipment equivalence affects construction of a legal duelist; pricing and shooting execution are excluded.,,Sergeants only
source/bands/mordheim/watchmen-mim/equipment-access.yaml/@/equipment_lists/0/items/17/notes/unclassified,bands/mordheim/watchmen-mim/equipment-access.yaml,e6dc92d793afb1e4befb9588dd1092f24a62e89d53eea68d2aab40f66151ff77,YES,construction,Bearer/slot/combination restriction or explicit equipment equivalence affects construction of a legal duelist; pricing and shooting execution are excluded.,,Sergeants only; Rare 12; Falconer skill required
source/bands/mordheim/watchmen-mim/equipment-access.yaml/@/equipment_lists/1/items/1/notes/unclassified,bands/mordheim/watchmen-mim/equipment-access.yaml,6b7a702e63bf16cac9afdc36e1ef39d3a04459fd7ae022f2291bf7c1136fce49,YES,construction,Bearer/slot/combination restriction or explicit equipment equivalence affects construction of a legal duelist; pricing and shooting execution are excluded.,,Mace/Staff
source/bands/mordheim/witch-hunters/profiles.yaml/@/profiles/3/equipment_restrictions/0/unclassified,bands/mordheim/witch-hunters/profiles.yaml,1e0fc3b446715491958531e263dc999afdcba17dbe3133192093417e8d6097ec,YES,construction,"Printed kit/access, hand/armour restriction or intrinsic unarmed attack affects the constructed melee duelist; any movement/campaign clauses remain excluded.",,May select only from the Flagellant Equipment List.
source/bands/mordheim/witch-hunters/profiles.yaml/@/profiles/3/equipment_restrictions/1/unclassified,bands/mordheim/witch-hunters/profiles.yaml,28a524573cb54c89dfc7ade0c6610bf69d152fe026cae37e97cb81ce29852c0d,YES,construction,"Printed kit/access, hand/armour restriction or intrinsic unarmed attack affects the constructed melee duelist; any movement/campaign clauses remain excluded.",,"May never use missile weapons, even if an Advance would otherwise allow access to them."
source/bands/mordheim/witch-hunters/profiles.yaml/@/profiles/4/equipment_restrictions/0/unclassified,bands/mordheim/witch-hunters/profiles.yaml,7dcc1cad283dbc81f613d1d16f36b4be022055e26f5e29f7086701b3b287ed18,YES,construction,"Printed kit/access, hand/armour restriction or intrinsic unarmed attack affects the constructed melee duelist; any movement/campaign clauses remain excluded.",,May select only from the Zealot Equipment List.
source/bands/mordheim/witch-hunters/profiles.yaml/@/profiles/5/equipment_restrictions/0/unclassified,bands/mordheim/witch-hunters/profiles.yaml,d5f0382664e35c2c8e160808880a30c8fe2e3f0f556d95a5512f9750bf1d5c90,YES,construction,"Printed kit/access, hand/armour restriction or intrinsic unarmed attack affects the constructed melee duelist; any movement/campaign clauses remain excluded.",,Warhounds never use or need weapons or armour.
source/bands/mordheim/wood-elves-of-arden-mou/profiles.yaml/@/profiles/5/equipment_restrictions/0/unclassified,bands/mordheim/wood-elves-of-arden-mou/profiles.yaml,c788bdeff54a4f6a82d6e8efc39f79df291091a8608b5f6af3dc3ef288410028,YES,construction,"Printed kit/access, hand/armour restriction or intrinsic unarmed attack affects the constructed melee duelist; any movement/campaign clauses remain excluded.",,"Being a woodland Spirit, Ivy Ferrets may not use equipment, weapons or armour."
source/bands/trollheim/chaos-streets-bretonnian-knights/profiles.yaml/@/profiles/2/equipment_restrictions/0/unclassified,bands/trollheim/chaos-streets-bretonnian-knights/profiles.yaml,1be0399810a5ebc5284bb08fdeb329194a52b274202be26fad972c1f7683ade6,YES,construction,"Printed kit/access, hand/armour restriction or intrinsic unarmed attack affects the constructed melee duelist; any movement/campaign clauses remain excluded.",,A Squire may not ride a Horse unless the Questing Knight and every Knight Errant in the warband are riding Warhorses.
source/bands/trollheim/chaos-streets-greenskins/equipment-access.yaml/@/equipment_lists/0/items/14/notes/unclassified,bands/trollheim/chaos-streets-greenskins/equipment-access.yaml,c2f988af81a62f636ae71af87e4fe43a977236bfb1596c9c9938be5ab90c1320,YES,construction,Bearer/slot/combination restriction or explicit equipment equivalence affects construction of a legal duelist; pricing and shooting execution are excluded.,,Common only if the warband includes at least one Goblin. Internal drug/item mechanics are intentionally not modelled here.
source/bands/trollheim/chaos-streets-greenskins/equipment-access.yaml/@/equipment_lists/1/items/3/notes/unclassified,bands/trollheim/chaos-streets-greenskins/equipment-access.yaml,2c051b17105b5bd72bbe7fce49d5aae123fe11154ba9f2ec5603cb5a6ad24977,YES,construction,Bearer/slot/combination restriction or explicit equipment equivalence affects construction of a legal duelist; pricing and shooting execution are excluded.,,Goblin only. Internal item mechanics are intentionally not modelled here.
source/bands/trollheim/chaos-streets-greenskins/equipment-access.yaml/@/equipment_lists/1/items/4/notes/unclassified,bands/trollheim/chaos-streets-greenskins/equipment-access.yaml,efe4476dfa221337591f011187332b93188d83c8c2a40731365518fb8616a6ac,YES,construction,Bearer/slot/combination restriction or explicit equipment equivalence affects construction of a legal duelist; pricing and shooting execution are excluded.,,"Goblin only. The Special Equipment entry on printed page 128 gives a cost of 15 gc, while the warband Equipment List on printed page 131 gives 25 gc. The starting-list cost is preserved here; internal item mechanics are intentionally not modelled. Source label: ball and chain."
source/bands/trollheim/chaos-streets-greenskins/equipment-access.yaml/@/equipment_lists/1/items/9/notes/unclassified,bands/trollheim/chaos-streets-greenskins/equipment-access.yaml,c2f988af81a62f636ae71af87e4fe43a977236bfb1596c9c9938be5ab90c1320,YES,construction,Bearer/slot/combination restriction or explicit equipment equivalence affects construction of a legal duelist; pricing and shooting execution are excluded.,,Common only if the warband includes at least one Goblin. Internal drug/item mechanics are intentionally not modelled here.
source/bands/trollheim/chaos-streets-greenskins/profiles.yaml/@/profiles/5/equipment_restrictions/0/unclassified,bands/trollheim/chaos-streets-greenskins/profiles.yaml,0e6162230a798ff2a54bbd2fd6db76c35f462d0fd65b674934f74506de0d2093,YES,construction,"Printed kit/access, hand/armour restriction or intrinsic unarmed attack affects the constructed melee duelist; any movement/campaign clauses remain excluded.",,Cave Squigs use their huge mouths and natural ferocity and never use or need weapons or armour.
source/bands/trollheim/chaos-streets-greenskins/profiles.yaml/@/profiles/6/equipment_restrictions/0/unclassified,bands/trollheim/chaos-streets-greenskins/profiles.yaml,b9d124fa7755ef2ce2a0b4f4bc06a5c85c694ea9147a0ab7fb671359c49d0294,YES,construction,"Printed kit/access, hand/armour restriction or intrinsic unarmed attack affects the constructed melee duelist; any movement/campaign clauses remain excluded.",,"A Troll never uses weapons or armour. A model may be depicted carrying a huge club, but it has no equipment effect."
source/bands/trollheim/khemri-cursed-of-karak-zorn/equipment-access.yaml/@/equipment_lists/0/items/6/notes/unclassified,bands/trollheim/khemri-cursed-of-karak-zorn/equipment-access.yaml,20b08b6ce08008c36dbf2f79dec46d12c7a0c2416f13aa3e588c4fc911682aa6,YES,construction,Bearer/slot/combination restriction or explicit equipment equivalence affects construction of a legal duelist; pricing and shooting execution are excluded.,,Dwarfs only. After warband creation the detailed equipment entry is Rare 8 at 15 gc. Internal item mechanics are intentionally not modelled here.
source/bands/trollheim/khemri-cursed-of-karak-zorn/profiles.yaml/@/profiles/5/equipment_restrictions/0/unclassified,bands/trollheim/khemri-cursed-of-karak-zorn/profiles.yaml,5b20af8d61ebb30c6284c9a0fb72af36701eef41906c98b20d6173971172e509,YES,construction,"Printed kit/access, hand/armour restriction or intrinsic unarmed attack affects the constructed melee duelist; any movement/campaign clauses remain excluded.",,May not use other weapons or any armour. Their primitive bones count as Clubs.
source/bands/trollheim/khemri-cursed-of-karak-zorn/profiles.yaml/@/profiles/6/equipment_restrictions/0/unclassified,bands/trollheim/khemri-cursed-of-karak-zorn/profiles.yaml,d130f324933a1c466761005e3667212b23bb488c9afee8736e9f655bd991a64d,YES,construction,"Printed kit/access, hand/armour restriction or intrinsic unarmed attack affects the constructed melee duelist; any movement/campaign clauses remain excluded.",,Shadowed may not use weapons or armour and suffer no penalty for fighting without equipment.
source/bands/trollheim/khemri-lahmian-brotherhood/equipment-access.yaml/@/equipment_lists/0/items/7/notes/unclassified,bands/trollheim/khemri-lahmian-brotherhood/equipment-access.yaml,ebd6686d8d85c5fb1ff7bc11dfa442e731083a574b9aa2f3412beedcfb2ca04e,YES,construction,Bearer/slot/combination restriction or explicit equipment equivalence affects construction of a legal duelist; pricing and shooting execution are excluded.,,Lahmian Vampire and Blood Sister only. Rare 8. Internal weapon and poison mechanics are intentionally not modelled here.
source/bands/trollheim/khemri-lahmian-brotherhood/equipment-access.yaml/@/equipment_lists/2/items/7/notes/unclassified,bands/trollheim/khemri-lahmian-brotherhood/equipment-access.yaml,ebd6686d8d85c5fb1ff7bc11dfa442e731083a574b9aa2f3412beedcfb2ca04e,YES,construction,Bearer/slot/combination restriction or explicit equipment equivalence affects construction of a legal duelist; pricing and shooting execution are excluded.,,Lahmian Vampire and Blood Sister only. Rare 8. Internal weapon and poison mechanics are intentionally not modelled here.
source/bands/trollheim/khemri-mages/profiles.yaml/@/profiles/0/equipment_restrictions/0/unclassified,bands/trollheim/khemri-mages/profiles.yaml,686f2e5b5e20f13e91b04fe11efce3b84a03c3d70a648353fab9605e24741d39,YES,construction,"Printed kit/access, hand/armour restriction or intrinsic unarmed attack affects the constructed melee duelist; any movement/campaign clauses remain excluded.",,Sling is Pupils only.
source/bands/trollheim/khemri-mages/profiles.yaml/@/profiles/1/equipment_restrictions/0/unclassified,bands/trollheim/khemri-mages/profiles.yaml,686f2e5b5e20f13e91b04fe11efce3b84a03c3d70a648353fab9605e24741d39,YES,construction,"Printed kit/access, hand/armour restriction or intrinsic unarmed attack affects the constructed melee duelist; any movement/campaign clauses remain excluded.",,Sling is Pupils only.
source/bands/trollheim/khemri-mages/profiles.yaml/@/profiles/2/equipment_restrictions/0/unclassified,bands/trollheim/khemri-mages/profiles.yaml,686f2e5b5e20f13e91b04fe11efce3b84a03c3d70a648353fab9605e24741d39,YES,construction,"Printed kit/access, hand/armour restriction or intrinsic unarmed attack affects the constructed melee duelist; any movement/campaign clauses remain excluded.",,Sling is Pupils only.
source/bands/trollheim/khemri-mages/profiles.yaml/@/profiles/4/equipment_restrictions/0/unclassified,bands/trollheim/khemri-mages/profiles.yaml,4d3c5d0290b9c583106c2e20c05d7f73e17ec29f61503e7277f8cc88c841c2e8,YES,construction,"Printed kit/access, hand/armour restriction or intrinsic unarmed attack affects the constructed melee duelist; any movement/campaign clauses remain excluded.",,Mechanical Beasts never use weapons or armour and suffer no penalty for fighting without weapons.
source/bands/trollheim/khemri-thieves-guild/equipment-access.yaml/@/equipment_lists/0/items/16/notes/unclassified,bands/trollheim/khemri-thieves-guild/equipment-access.yaml,61076e6124d7b4728bb59310fcb8ed4367da2de61f518040ac2ad160fb36df28,YES,construction,Bearer/slot/combination restriction or explicit equipment equivalence affects construction of a legal duelist; pricing and shooting execution are excluded.,,Ruffians and Enforcers only.
source/bands/trollheim/khemri-thieves-guild/equipment-access.yaml/@/equipment_lists/0/items/19/notes/unclassified,bands/trollheim/khemri-thieves-guild/equipment-access.yaml,61076e6124d7b4728bb59310fcb8ed4367da2de61f518040ac2ad160fb36df28,YES,construction,Bearer/slot/combination restriction or explicit equipment equivalence affects construction of a legal duelist; pricing and shooting execution are excluded.,,Ruffians and Enforcers only.
source/bands/trollheim/khemri-thieves-guild/equipment-access.yaml/@/equipment_lists/0/items/4/notes/unclassified,bands/trollheim/khemri-thieves-guild/equipment-access.yaml,61076e6124d7b4728bb59310fcb8ed4367da2de61f518040ac2ad160fb36df28,YES,construction,Bearer/slot/combination restriction or explicit equipment equivalence affects construction of a legal duelist; pricing and shooting execution are excluded.,,Ruffians and Enforcers only.
source/bands/trollheim/khemri-thieves-guild/equipment-access.yaml/@/equipment_lists/0/items/5/notes/unclassified,bands/trollheim/khemri-thieves-guild/equipment-access.yaml,61076e6124d7b4728bb59310fcb8ed4367da2de61f518040ac2ad160fb36df28,YES,construction,Bearer/slot/combination restriction or explicit equipment equivalence affects construction of a legal duelist; pricing and shooting execution are excluded.,,Ruffians and Enforcers only.
source/bands/trollheim/khemri-thieves-guild/equipment-access.yaml/@/equipment_lists/0/items/8/notes/unclassified,bands/trollheim/khemri-thieves-guild/equipment-access.yaml,809a04622482ceed4957efac64c75eb729a750526ffea639a4af6d97aef63578,YES,construction,Bearer/slot/combination restriction or explicit equipment equivalence affects construction of a legal duelist; pricing and shooting execution are excluded.,,Only the Hashashiyyin Assassin may buy this item at the listed warband-creation price; other warband members must use the Trading rules.
source/bands/trollheim/khemri-thieves-guild/profiles.yaml/@/profiles/0/equipment_restrictions/0/unclassified,bands/trollheim/khemri-thieves-guild/profiles.yaml,5cf84788738fd56058aaa0836d41a4233f7639796e45583b99c8e35cfd00cb6a,YES,construction,"Printed kit/access, hand/armour restriction or intrinsic unarmed attack affects the constructed melee duelist; any movement/campaign clauses remain excluded.",,"May not select Spear, Ankus, Shield or Heavy Armour from the Thief Equipment List; those entries are Ruffians and Enforcers only."
source/bands/trollheim/khemri-thieves-guild/profiles.yaml/@/profiles/0/equipment_restrictions/1/unclassified,bands/trollheim/khemri-thieves-guild/profiles.yaml,1006ea3d81517dc9ae5f9f554b0dc9acda26171422a828ee689f2680d65076b3,YES,construction,"Printed kit/access, hand/armour restriction or intrinsic unarmed attack affects the constructed melee duelist; any movement/campaign clauses remain excluded.",,May not select Bagh Nakh at the listed warband-creation price; only the Hashashiyyin Assassin may do so. Other warband members must acquire it through Trading.
source/bands/trollheim/khemri-thieves-guild/profiles.yaml/@/profiles/1/equipment_restrictions/0/unclassified,bands/trollheim/khemri-thieves-guild/profiles.yaml,5cf84788738fd56058aaa0836d41a4233f7639796e45583b99c8e35cfd00cb6a,YES,construction,"Printed kit/access, hand/armour restriction or intrinsic unarmed attack affects the constructed melee duelist; any movement/campaign clauses remain excluded.",,"May not select Spear, Ankus, Shield or Heavy Armour from the Thief Equipment List; those entries are Ruffians and Enforcers only."
source/bands/trollheim/khemri-thieves-guild/profiles.yaml/@/profiles/1/equipment_restrictions/1/unclassified,bands/trollheim/khemri-thieves-guild/profiles.yaml,1006ea3d81517dc9ae5f9f554b0dc9acda26171422a828ee689f2680d65076b3,YES,construction,"Printed kit/access, hand/armour restriction or intrinsic unarmed attack affects the constructed melee duelist; any movement/campaign clauses remain excluded.",,May not select Bagh Nakh at the listed warband-creation price; only the Hashashiyyin Assassin may do so. Other warband members must acquire it through Trading.
source/bands/trollheim/khemri-thieves-guild/profiles.yaml/@/profiles/2/equipment_restrictions/0/unclassified,bands/trollheim/khemri-thieves-guild/profiles.yaml,1006ea3d81517dc9ae5f9f554b0dc9acda26171422a828ee689f2680d65076b3,YES,construction,"Printed kit/access, hand/armour restriction or intrinsic unarmed attack affects the constructed melee duelist; any movement/campaign clauses remain excluded.",,May not select Bagh Nakh at the listed warband-creation price; only the Hashashiyyin Assassin may do so. Other warband members must acquire it through Trading.
source/bands/trollheim/khemri-thieves-guild/profiles.yaml/@/profiles/3/equipment_restrictions/0/unclassified,bands/trollheim/khemri-thieves-guild/profiles.yaml,5cf84788738fd56058aaa0836d41a4233f7639796e45583b99c8e35cfd00cb6a,YES,construction,"Printed kit/access, hand/armour restriction or intrinsic unarmed attack affects the constructed melee duelist; any movement/campaign clauses remain excluded.",,"May not select Spear, Ankus, Shield or Heavy Armour from the Thief Equipment List; those entries are Ruffians and Enforcers only."
source/bands/trollheim/khemri-thieves-guild/profiles.yaml/@/profiles/4/equipment_restrictions/0/unclassified,bands/trollheim/khemri-thieves-guild/profiles.yaml,5cf84788738fd56058aaa0836d41a4233f7639796e45583b99c8e35cfd00cb6a,YES,construction,"Printed kit/access, hand/armour restriction or intrinsic unarmed attack affects the constructed melee duelist; any movement/campaign clauses remain excluded.",,"May not select Spear, Ankus, Shield or Heavy Armour from the Thief Equipment List; those entries are Ruffians and Enforcers only."
source/bands/trollheim/khemri-thieves-guild/profiles.yaml/@/profiles/4/equipment_restrictions/1/unclassified,bands/trollheim/khemri-thieves-guild/profiles.yaml,1006ea3d81517dc9ae5f9f554b0dc9acda26171422a828ee689f2680d65076b3,YES,construction,"Printed kit/access, hand/armour restriction or intrinsic unarmed attack affects the constructed melee duelist; any movement/campaign clauses remain excluded.",,May not select Bagh Nakh at the listed warband-creation price; only the Hashashiyyin Assassin may do so. Other warband members must acquire it through Trading.
source/bands/trollheim/khemri-thieves-guild/profiles.yaml/@/profiles/5/equipment_restrictions/0/unclassified,bands/trollheim/khemri-thieves-guild/profiles.yaml,1006ea3d81517dc9ae5f9f554b0dc9acda26171422a828ee689f2680d65076b3,YES,construction,"Printed kit/access, hand/armour restriction or intrinsic unarmed attack affects the constructed melee duelist; any movement/campaign clauses remain excluded.",,May not select Bagh Nakh at the listed warband-creation price; only the Hashashiyyin Assassin may do so. Other warband members must acquire it through Trading.
source/bands/trollheim/khemri-tomb-guardians/profiles.yaml/@/profiles/3/equipment_restrictions/0/unclassified,bands/trollheim/khemri-tomb-guardians/profiles.yaml,84bc296673124e69130c72aa0df47218b3597a473a828366c9f8f5c9ea15f058,YES,construction,"Printed kit/access, hand/armour restriction or intrinsic unarmed attack affects the constructed melee duelist; any movement/campaign clauses remain excluded.",,May not wear armour; the Mortuary Priest Equipment List contains no armour options.
source/bands/trollheim/khemri-tomb-guardians/profiles.yaml/@/profiles/6/equipment_restrictions/0/unclassified,bands/trollheim/khemri-tomb-guardians/profiles.yaml,80fc2ac2a43b972f551e3bd3cbd471de1879ad3be4205efb5e9ca80d0c31dd0d,YES,construction,"Printed kit/access, hand/armour restriction or intrinsic unarmed attack affects the constructed melee duelist; any movement/campaign clauses remain excluded.",,Tomb Scorpions do not use weapons or armour.
source/bands/trollheim/khemri-tomb-guardians/profiles.yaml/@/profiles/7/equipment_restrictions/0/unclassified,bands/trollheim/khemri-tomb-guardians/profiles.yaml,0346d78f81390bc00e951235258be993137e415857a73cdda7f31f7268d721f9,YES,construction,"Printed kit/access, hand/armour restriction or intrinsic unarmed attack affects the constructed melee duelist; any movement/campaign clauses remain excluded.",,Stone Golems never use weapons or armour and suffer no penalty for fighting without weapons.
source/bands/trollheim/lustria-amazons/equipment-access.yaml/@/equipment_lists/0/items/12/notes/unclassified,bands/trollheim/lustria-amazons/equipment-access.yaml,6605bb2aaf085378583e57d73fd02e42f8c6dc9a153a93576346fa4690711dd2,YES,construction,Bearer/slot/combination restriction or explicit equipment equivalence affects construction of a legal duelist; pricing and shooting execution are excluded.,,Amazons only; the detailed entry is Rare 10. Internal weapon mechanics are intentionally not modelled here.
source/bands/trollheim/lustria-amazons/equipment-access.yaml/@/equipment_lists/0/items/14/notes/unclassified,bands/trollheim/lustria-amazons/equipment-access.yaml,480466d57a07de6a717f76b16981c49606e3dfd241e3811eb5e9b696514c1bb7,YES,construction,Bearer/slot/combination restriction or explicit equipment equivalence affects construction of a legal duelist; pricing and shooting execution are excluded.,,Amazons only; the detailed entry is Rare 11. Internal item mechanics are intentionally not modelled here. Source label: moon amulet.
source/bands/trollheim/lustria-amazons/equipment-access.yaml/@/equipment_lists/0/items/6/notes/unclassified,bands/trollheim/lustria-amazons/equipment-access.yaml,5682f14d2f941cc2180549b7819625ba7452be467568ab4a4017802fe9a756e7,YES,construction,Bearer/slot/combination restriction or explicit equipment equivalence affects construction of a legal duelist; pricing and shooting execution are excluded.,,Amazons only; the detailed entry is Rare 11. Internal weapon mechanics are intentionally not modelled here. Source label: solar gauntlet.
source/bands/trollheim/lustria-amazons/equipment-access.yaml/@/equipment_lists/0/items/7/notes/unclassified,bands/trollheim/lustria-amazons/equipment-access.yaml,9a9eb3d8be98341b6d2d65386e2be75f5fdd155ef4d1aedc0e9bbd0a29338596,YES,construction,Bearer/slot/combination restriction or explicit equipment equivalence affects construction of a legal duelist; pricing and shooting execution are excluded.,,Amazons only; the detailed entry is Rare 12. Internal weapon mechanics are intentionally not modelled here. Source label: solar staff.
source/bands/trollheim/lustria-amazons/profiles.yaml/@/profiles/0/equipment_restrictions/0/unclassified,bands/trollheim/lustria-amazons/profiles.yaml,84c3166365cde049511ec8eda9b245d858ee1c6e29de4e3056f0f2772eff308e,YES,construction,"Printed kit/access, hand/armour restriction or intrinsic unarmed attack affects the constructed melee duelist; any movement/campaign clauses remain excluded.",,May wear armour and continue casting Ritual Chants.
source/bands/trollheim/lustria-amazons/profiles.yaml/@/profiles/5/equipment_restrictions/0/unclassified,bands/trollheim/lustria-amazons/profiles.yaml,3c4efe1fe85a291ab62edcd15110e47a3365b4eb92ee9fddfca4b748003f0989,YES,construction,"Printed kit/access, hand/armour restriction or intrinsic unarmed attack affects the constructed melee duelist; any movement/campaign clauses remain excluded.",,Great Cats are animals and never use weapons or armour; their claws and jaws are natural attacks.
source/bands/trollheim/lustria-clan-pestilens/profiles.yaml/@/profiles/0/equipment_restrictions/0/unclassified,bands/trollheim/lustria-clan-pestilens/profiles.yaml,1c8d332cffe80aaab3ff7914ee381e7f40a0370d16bfd319d1e83b1b24058991,YES,construction,"Printed kit/access, hand/armour restriction or intrinsic unarmed attack affects the constructed melee duelist; any movement/campaign clauses remain excluded.",,May not use the Rat Familiar Scroll; only a Pestilens Sorcerer can use its spell.
source/bands/trollheim/lustria-clan-pestilens/profiles.yaml/@/profiles/2/equipment_restrictions/0/unclassified,bands/trollheim/lustria-clan-pestilens/profiles.yaml,1c8d332cffe80aaab3ff7914ee381e7f40a0370d16bfd319d1e83b1b24058991,YES,construction,"Printed kit/access, hand/armour restriction or intrinsic unarmed attack affects the constructed melee duelist; any movement/campaign clauses remain excluded.",,May not use the Rat Familiar Scroll; only a Pestilens Sorcerer can use its spell.
source/bands/trollheim/lustria-clan-pestilens/profiles.yaml/@/profiles/3/equipment_restrictions/0/unclassified,bands/trollheim/lustria-clan-pestilens/profiles.yaml,1c8d332cffe80aaab3ff7914ee381e7f40a0370d16bfd319d1e83b1b24058991,YES,construction,"Printed kit/access, hand/armour restriction or intrinsic unarmed attack affects the constructed melee duelist; any movement/campaign clauses remain excluded.",,May not use the Rat Familiar Scroll; only a Pestilens Sorcerer can use its spell.
source/bands/trollheim/lustria-clan-pestilens/profiles.yaml/@/profiles/5/equipment_restrictions/0/unclassified,bands/trollheim/lustria-clan-pestilens/profiles.yaml,44436b49b516608b8e568bfee6eadcf69d9a0af2a508eea43b563c3e06350c07,YES,construction,"Printed kit/access, hand/armour restriction or intrinsic unarmed attack affects the constructed melee duelist; any movement/campaign clauses remain excluded.",,Giant Rats never use weapons or armour.
source/bands/trollheim/lustria-clan-pestilens/profiles.yaml/@/profiles/6/equipment_restrictions/0/unclassified,bands/trollheim/lustria-clan-pestilens/profiles.yaml,c19a9742faf05cee079e747ff5355262103d148b21e1fa0f05152b2bd94f52d8,YES,construction,"Printed kit/access, hand/armour restriction or intrinsic unarmed attack affects the constructed melee duelist; any movement/campaign clauses remain excluded.",,"Rat Ogres fight with jaws, claws and brute force and never use weapons or armour."
source/bands/trollheim/lustria-norse/equipment-access.yaml/@/equipment_lists/0/items/3/notes/unclassified,bands/trollheim/lustria-norse/equipment-access.yaml,83dda8515e3b7cd6a00949ce91bd4e6b68d4c837b1f84e2794e2f390aeb8a5b8,YES,construction,Bearer/slot/combination restriction or explicit equipment equivalence affects construction of a legal duelist; pricing and shooting execution are excluded.,,Heroes only. Common; the detailed Special Equipment entry is available only to Pirate Heroes and Norse Heroes. Internal weapon mechanics are intentionally not modelled here.
source/bands/trollheim/lustria-norse/profiles.yaml/@/profiles/2/equipment_restrictions/0/unclassified,bands/trollheim/lustria-norse/profiles.yaml,f5734cf4194f18281d09dba1aa10de73c7df0f2f2dfcd9c526f628cfc9aeedbb,YES,construction,"Printed kit/access, hand/armour restriction or intrinsic unarmed attack affects the constructed melee duelist; any movement/campaign clauses remain excluded.",,Wulfen never use weapons or armour; their claws are natural attacks and they suffer no penalty for fighting without weapons.
source/bands/trollheim/lustria-norse/profiles.yaml/@/profiles/4/equipment_restrictions/0/unclassified,bands/trollheim/lustria-norse/profiles.yaml,b5600c2e2b456ac91bd45fbc022f585a549237f20d701057bafc4907c23cb632,YES,construction,"Printed kit/access, hand/armour restriction or intrinsic unarmed attack affects the constructed melee duelist; any movement/campaign clauses remain excluded.",,May not select the Scourge; it is Heroes only.
source/bands/trollheim/lustria-norse/profiles.yaml/@/profiles/6/equipment_restrictions/0/unclassified,bands/trollheim/lustria-norse/profiles.yaml,fe4088891a0cf852916bef98ad6b0ef3ecba575c5fb4f98356306720f9be3170,YES,construction,"Printed kit/access, hand/armour restriction or intrinsic unarmed attack affects the constructed melee duelist; any movement/campaign clauses remain excluded.",,Wolves never use weapons or armour; their attacks are natural.
source/bands/trollheim/lustria-pirates/profiles.yaml/@/profiles/1/equipment_restrictions/0/unclassified,bands/trollheim/lustria-pirates/profiles.yaml,eee939bbf4370c90ba5f1c11aca52c30111eb382e6ee4ce4dfd4369dc4aa0e5c,YES,construction,"Printed kit/access, hand/armour restriction or intrinsic unarmed attack affects the constructed melee duelist; any movement/campaign clauses remain excluded.",,May not select a Parrot; it is restricted to the Pirate Captain and Boatswains.
source/bands/trollheim/lustria-pirates/profiles.yaml/@/profiles/2/equipment_restrictions/0/unclassified,bands/trollheim/lustria-pirates/profiles.yaml,eee939bbf4370c90ba5f1c11aca52c30111eb382e6ee4ce4dfd4369dc4aa0e5c,YES,construction,"Printed kit/access, hand/armour restriction or intrinsic unarmed attack affects the constructed melee duelist; any movement/campaign clauses remain excluded.",,May not select a Parrot; it is restricted to the Pirate Captain and Boatswains.
source/bands/trollheim/lustria-pirates/profiles.yaml/@/profiles/3/equipment_restrictions/0/unclassified,bands/trollheim/lustria-pirates/profiles.yaml,b5600c2e2b456ac91bd45fbc022f585a549237f20d701057bafc4907c23cb632,YES,construction,"Printed kit/access, hand/armour restriction or intrinsic unarmed attack affects the constructed melee duelist; any movement/campaign clauses remain excluded.",,May not select the Scourge; it is Heroes only.
source/bands/trollheim/lustria-pirates/profiles.yaml/@/profiles/3/equipment_restrictions/1/unclassified,bands/trollheim/lustria-pirates/profiles.yaml,eee939bbf4370c90ba5f1c11aca52c30111eb382e6ee4ce4dfd4369dc4aa0e5c,YES,construction,"Printed kit/access, hand/armour restriction or intrinsic unarmed attack affects the constructed melee duelist; any movement/campaign clauses remain excluded.",,May not select a Parrot; it is restricted to the Pirate Captain and Boatswains.
source/bands/trollheim/lustria-pirates/profiles.yaml/@/profiles/3/equipment_restrictions/2/unclassified,bands/trollheim/lustria-pirates/profiles.yaml,b958e354e0b65a62ff46028aba1ed93c79ae1a5b3acc40f63aac391ab9dfd456,YES,construction,"Printed kit/access, hand/armour restriction or intrinsic unarmed attack affects the constructed melee duelist; any movement/campaign clauses remain excluded.",,May not carry the Pirate Flag; the detailed entry restricts it to Pirate Heroes.
source/bands/trollheim/lustria-pirates/profiles.yaml/@/profiles/5/equipment_restrictions/1/unclassified,bands/trollheim/lustria-pirates/profiles.yaml,b5600c2e2b456ac91bd45fbc022f585a549237f20d701057bafc4907c23cb632,YES,construction,"Printed kit/access, hand/armour restriction or intrinsic unarmed attack affects the constructed melee duelist; any movement/campaign clauses remain excluded.",,May not select the Scourge; it is Heroes only.
source/bands/trollheim/lustria-pirates/profiles.yaml/@/profiles/5/equipment_restrictions/2/unclassified,bands/trollheim/lustria-pirates/profiles.yaml,b958e354e0b65a62ff46028aba1ed93c79ae1a5b3acc40f63aac391ab9dfd456,YES,construction,"Printed kit/access, hand/armour restriction or intrinsic unarmed attack affects the constructed melee duelist; any movement/campaign clauses remain excluded.",,May not carry the Pirate Flag; the detailed entry restricts it to Pirate Heroes.
source/bands/trollheim/lustria-pygmies/equipment-access.yaml/@/equipment_lists/0/items/14/notes/unclassified,bands/trollheim/lustria-pygmies/equipment-access.yaml,994231a7d3d38487da75d865dda4e2ad3b6c91c944de2e6df716ecb19cf10df4,YES,construction,Bearer/slot/combination restriction or explicit equipment equivalence affects construction of a legal duelist; pricing and shooting execution are excluded.,,Warband-creation price only; afterwards use the Trading rules. The detailed entry on printed page 122 is Rare 6 and Pygmies only. Internal missile-weapon and Psychology mechanics are intentionally not modelled here.
source/bands/trollheim/lustria-pygmies/equipment-access.yaml/@/equipment_lists/0/items/8/notes/unclassified,bands/trollheim/lustria-pygmies/equipment-access.yaml,3059d8a0e5508da5ec65781bd29bea1459b45aed5fb7dcc0dd43c34396853363,YES,construction,Bearer/slot/combination restriction or explicit equipment equivalence affects construction of a legal duelist; pricing and shooting execution are excluded.,,Pygmies only; the detailed entry on printed page 122 is Rare 8. Internal missile-weapon and poison mechanics are intentionally not modelled here.
source/bands/trollheim/trollheim-skaven-clan-eshin/equipment-access.yaml/@/equipment_lists/0/items/10/notes/unclassified,bands/trollheim/trollheim-skaven-clan-eshin/equipment-access.yaml,9513eb846b61643556e1b2b44a2d9e54c4edd8b4840d9033285e39a5ec98a734,YES,construction,Bearer/slot/combination restriction or explicit equipment equivalence affects construction of a legal duelist; pricing and shooting execution are excluded.,,"70 gc for a brace. The detailed entry is Rare 11, Skaven only. Internal firearm mechanics are intentionally not modelled here."
source/bands/trollheim/trollheim-skaven-clan-eshin/equipment-access.yaml/@/equipment_lists/0/items/5/notes/unclassified,bands/trollheim/trollheim-skaven-clan-eshin/equipment-access.yaml,118c3a9022be3bc0cf4b3c7923a1f3eeca36fe29808bb21c92210feea7d8db1c,YES,construction,Bearer/slot/combination restriction or explicit equipment equivalence affects construction of a legal duelist; pricing and shooting execution are excluded.,,"Starting-list price. The detailed entry is 50 gc per pair, Rare 9, Skaven only. Internal weapon and poison mechanics are intentionally not modelled here."
source/bands/trollheim/trollheim-skaven-clan-eshin/equipment-access.yaml/@/equipment_lists/0/items/6/notes/unclassified,bands/trollheim/trollheim-skaven-clan-eshin/equipment-access.yaml,1a8a874832480c9afeb2fb7cf66ce80d85d24f65b95d22a09e3675ccad847036,YES,construction,Bearer/slot/combination restriction or explicit equipment equivalence affects construction of a legal duelist; pricing and shooting execution are excluded.,,"Starting-list price. The detailed entry is 35 gc per pair, Rare 7, Skaven only. Internal weapon mechanics are intentionally not modelled here."
source/bands/trollheim/trollheim-skaven-clan-eshin/equipment-access.yaml/@/equipment_lists/0/items/9/notes/unclassified,bands/trollheim/trollheim-skaven-clan-eshin/equipment-access.yaml,95e260384734e91e38ff70963c8f022f343e4afd6ddd96b69f47dab8a600bf37,YES,construction,Bearer/slot/combination restriction or explicit equipment equivalence affects construction of a legal duelist; pricing and shooting execution are excluded.,,"Warband-creation price from the Hero Equipment List on printed page 91. The detailed entry on printed page 92 gives 25 gc, Rare 7, Skaven only. Internal missile-weapon and poison mechanics are intentionally not modelled here."
source/bands/trollheim/trollheim-undead/profiles.yaml/@/profiles/3/equipment_restrictions/0/unclassified,bands/trollheim/trollheim-undead/profiles.yaml,378e13529358500d67a4ba38671dcd773fe8f5cdfaaff0f306aa915386078567,YES,construction,"Printed kit/access, hand/armour restriction or intrinsic unarmed attack affects the constructed melee duelist; any movement/campaign clauses remain excluded.",,Zombies may never use weapons or armour and suffer no penalty for fighting without them.
source/bands/trollheim/trollheim-undead/profiles.yaml/@/profiles/4/equipment_restrictions/0/unclassified,bands/trollheim/trollheim-undead/profiles.yaml,5036ec3eabb8f7c7a434caf72e5009ca8a998786b1df357412754ee3e4b054e2,YES,construction,"Printed kit/access, hand/armour restriction or intrinsic unarmed attack affects the constructed melee duelist; any movement/campaign clauses remain excluded.",,Ghouls never use weapons or armour; the bones they carry are merely primitive improvised weapons and are not modelled as equipment.
source/bands/trollheim/trollheim-undead/profiles.yaml/@/profiles/5/equipment_restrictions/0/unclassified,bands/trollheim/trollheim-undead/profiles.yaml,c5e7e433214db60dad1e3e3f1913bcf9f5a720b20d28c1a833b13b86e51b2ab0,YES,construction,"Printed kit/access, hand/armour restriction or intrinsic unarmed attack affects the constructed melee duelist; any movement/campaign clauses remain excluded.",,Dire Wolves use no weapons or armour; their attacks are natural.
source/catalog/campaign/magic.yaml/@/lores/21/note/unclassified,catalog/campaign/magic.yaml,893ffb94a198e4a03da19444fd0c0140acda6283fdea429a3d46799e9e44552e,YES,construction,The Priest of Taal heavy-armour restriction affects legal melee equipment; the prayer procedure is excluded.,,"Used by the Ostlander Mercenaries Priest of Taal and the Horned Hunters Priest of Taal. Prayers of Taal work like Prayers of Sigmar; the Taal Priest never wears armour (clarified as heavy armour only, so Light Armour, Helmets and Shields are allowed)."
source/catalog/campaign/trading-post.yaml/@/items/1/restrictions/1/note/unclassified,catalog/campaign/trading-post.yaml,7b129b19b4086068bd3778cccfe723b4fc62549a668b3ec0d4652c5f86e293dd,YES,construction,"Named bearer/type restriction affects equipment eligibility; price, rarity, purchase and hiring procedures are excluded.",,Clan Moulder only. 25 Warp Tokens.
source/catalog/campaign/trading-post.yaml/@/items/10/restrictions/2/note/unclassified,catalog/campaign/trading-post.yaml,561e0e612b1c084748523361f631a3de35c216f0f11d82777a1bc799532a0e2c,YES,construction,"Named bearer/type restriction affects equipment eligibility; price, rarity, purchase and hiring procedures are excluded.",,Grave Robbers only. Cost 15 gold crowns.
source/catalog/campaign/trading-post.yaml/@/items/130/restrictions/0/note/unclassified,catalog/campaign/trading-post.yaml,f9f932c35117e0141639f9c73fe167272b233ca2b2e2b8800ba2442683fc84e4,YES,construction,"Named bearer/type restriction affects equipment eligibility; price, rarity, purchase and hiring procedures are excluded.",,"50 gc, Petru only."
source/catalog/campaign/trading-post.yaml/@/items/132/restrictions/0/note/unclassified,catalog/campaign/trading-post.yaml,c7b330b468866ee290095e646880be08c15baabfbcb02fbb18bf0c55dee77601,YES,construction,"Named bearer/type restriction affects equipment eligibility; price, rarity, purchase and hiring procedures are excluded.",,"Norse Bearman Bodyguard starting equipment only. Distinct from the KB `wolfcloak` (Middenheim hunt cloak, +1 armour saves vs shooting) and from the MW White Wolf Pelt Cloak (6+ saving throw)."
source/catalog/campaign/trading-post.yaml/@/items/133/restrictions/0/note/unclassified,catalog/campaign/trading-post.yaml,9d70da5d993cc9437d968b76454ada50e30fe36926e83e2a9e0148b160c90e15,YES,construction,"Named bearer/type restriction affects equipment eligibility; price, rarity, purchase and hiring procedures are excluded.",,"Wolf-Priests of Ulric only (starting equipment, not purchasable)."
source/catalog/campaign/trading-post.yaml/@/items/137/restrictions/1/note/unclassified,catalog/campaign/trading-post.yaml,bbd66141cac0052ed747eb0159c93f0e3911c49aa49c3d3c32d76358bbc94b58,YES,construction,"Named bearer/type restriction affects equipment eligibility; price, rarity, purchase and hiring procedures are excluded.",,One Marauders of Chaos Hero only
source/catalog/campaign/trading-post.yaml/@/items/138/restrictions/1/note/unclassified,catalog/campaign/trading-post.yaml,a4364a39894d23c6642abddda0fced77f9d3e8f90d4a43ccdebee385caea8541,YES,construction,"Named bearer/type restriction affects equipment eligibility; price, rarity, purchase and hiring procedures are excluded.",,Dark Elves Beastmaster only
source/catalog/campaign/trading-post.yaml/@/items/144/restrictions/1/note/unclassified,catalog/campaign/trading-post.yaml,6aa224c104bb43554acf10055c9be16366b28d42c1d3a03ec0c09f966ff4304e,YES,construction,"Named bearer/type restriction affects equipment eligibility; price, rarity, purchase and hiring procedures are excluded.",,Bretonnian Chapel Guard Knights only
source/catalog/campaign/trading-post.yaml/@/items/15/restrictions/2/note/unclassified,catalog/campaign/trading-post.yaml,17a10959075a70121a0e40f0099c208e6cf6b909c5e7cf36caa7449c0d003978,YES,construction,"Named bearer/type restriction affects equipment eligibility; price, rarity, purchase and hiring procedures are excluded.",,Common (Gnoblar Heroes Only). 50 gold crowns.
source/catalog/campaign/trading-post.yaml/@/items/162/restrictions/1/note/unclassified,catalog/campaign/trading-post.yaml,05a11ec51d4e70990e27d84461345696ea4c2e9cdb95e3ef8cefa77c03c36edf,YES,construction,"Named bearer/type restriction affects equipment eligibility; price, rarity, purchase and hiring procedures are excluded.",,Marauders of Chaos Heroes with the Chosen of Chaos skill only
source/catalog/campaign/trading-post.yaml/@/items/17/restrictions/2/note/unclassified,catalog/campaign/trading-post.yaml,ff6745ffdd27880ca0175d52bb355639989b2d10c72ab033aff9954e1c083396,YES,construction,"Named bearer/type restriction affects equipment eligibility; price, rarity, purchase and hiring procedures are excluded.",,Grave Robbers only. Cost 10 gold crowns.
source/catalog/campaign/trading-post.yaml/@/items/18/restrictions/0/note/unclassified,catalog/campaign/trading-post.yaml,8f1db8320c63dd54c03d83e2d4b981bbf84d2e53bf72a09932d6155cad090e6e,YES,construction,"Named bearer/type restriction affects equipment eligibility; price, rarity, purchase and hiring procedures are excluded.",,Masters of Horror only. Cost 25 + 3D6 gc.
source/catalog/campaign/trading-post.yaml/@/items/186/restrictions/1/note/unclassified,catalog/campaign/trading-post.yaml,256c7266d5d0e2bd174ddb49767e761975fd30673d6f57de45467d5483986604,YES,construction,"Named bearer/type restriction affects equipment eligibility; price, rarity, purchase and hiring procedures are excluded.",,Tomb Guardians Liche Priest only
source/catalog/campaign/trading-post.yaml/@/items/187/restrictions/1/note/unclassified,catalog/campaign/trading-post.yaml,6aa224c104bb43554acf10055c9be16366b28d42c1d3a03ec0c09f966ff4304e,YES,construction,"Named bearer/type restriction affects equipment eligibility; price, rarity, purchase and hiring procedures are excluded.",,Bretonnian Chapel Guard Knights only
source/catalog/campaign/trading-post.yaml/@/items/21/restrictions/1/note/unclassified,catalog/campaign/trading-post.yaml,aa55527edc8110127b4cb12ff6cc3e282bcf9bd46a09d728c7ee172077294c42,YES,construction,"Named bearer/type restriction affects equipment eligibility; price, rarity, purchase and hiring procedures are excluded.",,Common (Gnoblars only). 1st free / second 3 gc.
source/catalog/campaign/trading-post.yaml/@/items/213/restrictions/1/note/unclassified,catalog/campaign/trading-post.yaml,686431ad369585cc87cd6ca2f960315c0268471243ecc988b07293c1fdcbbdb5,YES,construction,"Named bearer/type restriction affects equipment eligibility; price, rarity, purchase and hiring procedures are excluded.",,Tomb Guardians Tomb Lord only
source/catalog/campaign/trading-post.yaml/@/items/22/restrictions/2/note/unclassified,catalog/campaign/trading-post.yaml,d3e4ae421b42aa8464f1d91c2891c1d28987f5818e4d8a7864d7fbe0801be676,YES,construction,"Named bearer/type restriction affects equipment eligibility; price, rarity, purchase and hiring procedures are excluded.",,Heroes only (Protectorate of Sigmar Equipment List). Cost 20 gold crowns.
source/catalog/campaign/trading-post.yaml/@/items/237/restrictions/1/note/unclassified,catalog/campaign/trading-post.yaml,9323cb0989c69bdd48c24f69a10014487f1d05a9e440ee5f22ec59e90c725d75,YES,construction,"Named bearer/type restriction affects equipment eligibility; price, rarity, purchase and hiring procedures are excluded.",,Pirate Gunners only
source/catalog/campaign/trading-post.yaml/@/items/239/restrictions/0/note/unclassified,catalog/campaign/trading-post.yaml,7e5bbfca64eef1d9851d75b3e24cf41158cba92b3edb277a3c70720a925443ae,YES,construction,"Named bearer/type restriction affects equipment eligibility; price, rarity, purchase and hiring procedures are excluded.",,Warhorses only
source/catalog/campaign/trading-post.yaml/@/items/24/restrictions/1/note/unclassified,catalog/campaign/trading-post.yaml,b50331ed849cdb53aa50794ecccb83b0b3a5f9d0885df3f4d6ff21ea34e1ea5a,YES,construction,"Named bearer/type restriction affects equipment eligibility; price, rarity, purchase and hiring procedures are excluded.",,Common (Snotling Warband Only). Cost 2 gc.
source/catalog/campaign/trading-post.yaml/@/items/240/restrictions/0/note/unclassified,catalog/campaign/trading-post.yaml,fba86ccbbada1b7c3b5c5c88e89151f867fa567f25e2086c94ef2b3b72e1115f,YES,construction,"Named bearer/type restriction affects equipment eligibility; price, rarity, purchase and hiring procedures are excluded.",,Bretonnian Warhorses only
source/catalog/campaign/trading-post.yaml/@/items/249/restrictions/1/note/unclassified,catalog/campaign/trading-post.yaml,6aa224c104bb43554acf10055c9be16366b28d42c1d3a03ec0c09f966ff4304e,YES,construction,"Named bearer/type restriction affects equipment eligibility; price, rarity, purchase and hiring procedures are excluded.",,Bretonnian Chapel Guard Knights only
source/catalog/campaign/trading-post.yaml/@/items/25/restrictions/1/note/unclassified,catalog/campaign/trading-post.yaml,e29b89f2852af55b07114f8a7cb9667bdeb5026978fa3869e3f23a6e6fd535fe,YES,construction,"Named bearer/type restriction affects equipment eligibility; price, rarity, purchase and hiring procedures are excluded.",,Common (Snotling Warband Only). Free.
source/catalog/campaign/trading-post.yaml/@/items/258/restrictions/1/note/unclassified,catalog/campaign/trading-post.yaml,686431ad369585cc87cd6ca2f960315c0268471243ecc988b07293c1fdcbbdb5,YES,construction,"Named bearer/type restriction affects equipment eligibility; price, rarity, purchase and hiring procedures are excluded.",,Tomb Guardians Tomb Lord only
source/catalog/campaign/trading-post.yaml/@/items/26/restrictions/2/note/unclassified,catalog/campaign/trading-post.yaml,4f6972641fecbf2940f1f8d9573aee06488469f4746daf0b22f26178c257c9a7,YES,construction,"Named bearer/type restriction affects equipment eligibility; price, rarity, purchase and hiring procedures are excluded.",,20+2D6 gc; Heroes only; one per Wizard.
source/catalog/campaign/trading-post.yaml/@/items/261/restrictions/1/note/unclassified,catalog/campaign/trading-post.yaml,0f3a1a5cdbaf8544e9721014c0323ef1d363c9bccdc6649bacd33901e82565b5,YES,construction,"Named bearer/type restriction affects equipment eligibility; price, rarity, purchase and hiring procedures are excluded.",,Rare 7 for Skaven and Lizardmen; 10 gc and Common for Skink Heroes
source/catalog/campaign/trading-post.yaml/@/items/263/restrictions/1/note/unclassified,catalog/campaign/trading-post.yaml,c73df5634d749cb030aae6d941cedcf9ae6dbcbad54f36cb69f5884fcdd1df11,YES,construction,"Named bearer/type restriction affects equipment eligibility; price, rarity, purchase and hiring procedures are excluded.",,Common for Warrior-Priests and Sisters of Sigmar
source/catalog/campaign/trading-post.yaml/@/items/264/restrictions/0/note/unclassified,catalog/campaign/trading-post.yaml,ad3e46a552e703432c37911478e7d46cebb99323bb2ca54e402e157d639f0cc3,YES,construction,"Named bearer/type restriction affects equipment eligibility; price, rarity, purchase and hiring procedures are excluded.",,Vampires and Necromancers only
source/catalog/campaign/trading-post.yaml/@/items/27/restrictions/1/note/unclassified,catalog/campaign/trading-post.yaml,fb381bdc806c41d09e6306dcefea9b04d77e91f385384d375e945aa5eb9a06e5,YES,construction,"Named bearer/type restriction affects equipment eligibility; price, rarity, purchase and hiring procedures are excluded.",,Necrarch only. Cost 25 gc.
source/catalog/campaign/trading-post.yaml/@/items/272/restrictions/1/note/unclassified,catalog/campaign/trading-post.yaml,84a7faa7f4646f09e2d062268b48fae62ec1f2f212541a43ebe28360c0243867,YES,construction,"Named bearer/type restriction affects equipment eligibility; price, rarity, purchase and hiring procedures are excluded.",,Amazons (Lustria) Piranha Warrior only
source/catalog/campaign/trading-post.yaml/@/items/274/restrictions/1/note/unclassified,catalog/campaign/trading-post.yaml,85efb2d60130b5776b69b1666ac10d197adaabfcb5035ae5256b32e679658fc0,YES,construction,"Named bearer/type restriction affects equipment eligibility; price, rarity, purchase and hiring procedures are excluded.",,Rare 6 for Dark Elves and Lizardmen; 20 gc and Common for Skink Heroes
source/catalog/campaign/trading-post.yaml/@/items/277/restrictions/1/note/unclassified,catalog/campaign/trading-post.yaml,888651345ed169b5455e09478a95681bc4be9fd3c959542d553095bd654c4654,YES,construction,"Named bearer/type restriction affects equipment eligibility; price, rarity, purchase and hiring procedures are excluded.",,Shadow Warrior Weavers only
source/catalog/campaign/trading-post.yaml/@/items/29/restrictions/1/note/unclassified,catalog/campaign/trading-post.yaml,609a3eb8e7123aefd7812ece958ba45880c93e8105f963587613e897099d3f29,YES,construction,"Named bearer/type restriction affects equipment eligibility; price, rarity, purchase and hiring procedures are excluded.",,Clan Moulder only. 20 Warp Tokens.
source/catalog/campaign/trading-post.yaml/@/items/292/restrictions/0/note/unclassified,catalog/campaign/trading-post.yaml,c3834879d7eae921fdae578101a2f8ea9e48e4176d4c67f1f40326535e0c68d8,YES,construction,"Named bearer/type restriction affects equipment eligibility; price, rarity, purchase and hiring procedures are excluded.",,Rare 6 for Warrior-Priests and Sisters of Sigmar
source/catalog/campaign/trading-post.yaml/@/items/3/restrictions/2/note/unclassified,catalog/campaign/trading-post.yaml,4dac936dc87c621d7a9a5abe09eb2462acc409a7d918714efb8e4180f855bad7,YES,construction,"Named bearer/type restriction affects equipment eligibility; price, rarity, purchase and hiring procedures are excluded.",,Common (25 gc). Heroes only in the Protectorate Equipment List.
source/catalog/campaign/trading-post.yaml/@/items/31/restrictions/2/note/unclassified,catalog/campaign/trading-post.yaml,32a88e04efb031ca2a51259bbc2e1ae6ce3b0857dd520240302756ff1de0b3a6,YES,construction,"Named bearer/type restriction affects equipment eligibility; price, rarity, purchase and hiring procedures are excluded.",,Heroes only (Necrarch Hero Equipment List). Cost 15 gc.
source/catalog/campaign/trading-post.yaml/@/items/32/restrictions/1/note/unclassified,catalog/campaign/trading-post.yaml,b55eaadf13a760772ef9649f585ce58e8e12086966f36daaabe9382d61d370d9,YES,construction,"Named bearer/type restriction affects equipment eligibility; price, rarity, purchase and hiring procedures are excluded.",,30 gold crowns per pair; Slayers only.
source/catalog/campaign/trading-post.yaml/@/items/320/restrictions/1/note/unclassified,catalog/campaign/trading-post.yaml,c9d8855dfd734bae3830c0f13aa006682b9bc66bea3c95b9fc2a344d5f8c8228,YES,construction,"Named bearer/type restriction affects equipment eligibility; price, rarity, purchase and hiring procedures are excluded.",,Pirate Captain and Mates only
source/catalog/campaign/trading-post.yaml/@/items/327/restrictions/0/note/unclassified,catalog/campaign/trading-post.yaml,4d9daecf9b57c4754f6d5042249072f804dba59f0010d935582de5f7ad07dc9e,YES,construction,"Named bearer/type restriction affects equipment eligibility; price, rarity, purchase and hiring procedures are excluded.",,Skink Henchmen only
source/catalog/campaign/trading-post.yaml/@/items/34/restrictions/0/note/unclassified,catalog/campaign/trading-post.yaml,0d7a320322302d1b4f8e2fa86b162bd7bdbf7c7623d6cd18050bfbcb8d3739c8,YES,construction,"Named bearer/type restriction affects equipment eligibility; price, rarity, purchase and hiring procedures are excluded.",,Clan Moulder only. 90 Warp Tokens.
source/catalog/campaign/trading-post.yaml/@/items/35/restrictions/0/note/unclassified,catalog/campaign/trading-post.yaml,3562aba7efcf8eac26c233aed6d0325158d55ac0ca3387ad70e24264bf89272d,YES,construction,"Named bearer/type restriction affects equipment eligibility; price, rarity, purchase and hiring procedures are excluded.",,Armen Abbas starting equipment only (unique).
source/catalog/campaign/trading-post.yaml/@/items/367/restrictions/1/note/unclassified,catalog/campaign/trading-post.yaml,1e44d1b6b8aa7e032e3644b1ad9923050dc55efe120053e9be49d9467d412d97,YES,construction,"Named bearer/type restriction affects equipment eligibility; price, rarity, purchase and hiring procedures are excluded.",,Marauders with the Chosen of Chaos skill only
source/catalog/campaign/trading-post.yaml/@/items/37/restrictions/0/note/unclassified,catalog/campaign/trading-post.yaml,23f9df3f342b331a658256b8df37631102e4b3ee7fc5b1b1022804b609c1a87d,YES,construction,"Named bearer/type restriction affects equipment eligibility; price, rarity, purchase and hiring procedures are excluded.",,Sister of Sigmar starting equipment only.
source/catalog/campaign/trading-post.yaml/@/items/374/restrictions/1/note/unclassified,catalog/campaign/trading-post.yaml,a3bb9ad3b931072efaf1542c059bce516234bb3ce4e0a40f30d4263c8914ceaa,YES,construction,"Named bearer/type restriction affects equipment eligibility; price, rarity, purchase and hiring procedures are excluded.",,"Vampires, Necromancers and Grave Guards only"
source/catalog/campaign/trading-post.yaml/@/items/377/restrictions/1/note/unclassified,catalog/campaign/trading-post.yaml,e7079c4c374bd93030df90a1daca300fb501ae918dc4fef6f3a2e7bd4045d8cd,YES,construction,"Named bearer/type restriction affects equipment eligibility; price, rarity, purchase and hiring procedures are excluded.",,"Dragon Monks, Sisters of Sigmar and Priests only"
source/catalog/campaign/trading-post.yaml/@/items/381/restrictions/0/note/unclassified,catalog/campaign/trading-post.yaml,24ca298d8ed947e8c5f2ef2c80721072f52efc8236eb61d6ce67f9e9f9a241d6,YES,construction,"Named bearer/type restriction affects equipment eligibility; price, rarity, purchase and hiring procedures are excluded.",,Not sold at the Mordheim trading post; available only through its warband equipment list.
source/catalog/campaign/trading-post.yaml/@/items/382/restrictions/0/note/unclassified,catalog/campaign/trading-post.yaml,24ca298d8ed947e8c5f2ef2c80721072f52efc8236eb61d6ce67f9e9f9a241d6,YES,construction,"Named bearer/type restriction affects equipment eligibility; price, rarity, purchase and hiring procedures are excluded.",,Not sold at the Mordheim trading post; available only through its warband equipment list.
source/catalog/campaign/trading-post.yaml/@/items/383/restrictions/0/note/unclassified,catalog/campaign/trading-post.yaml,24ca298d8ed947e8c5f2ef2c80721072f52efc8236eb61d6ce67f9e9f9a241d6,YES,construction,"Named bearer/type restriction affects equipment eligibility; price, rarity, purchase and hiring procedures are excluded.",,Not sold at the Mordheim trading post; available only through its warband equipment list.
source/catalog/campaign/trading-post.yaml/@/items/385/restrictions/0/note/unclassified,catalog/campaign/trading-post.yaml,24ca298d8ed947e8c5f2ef2c80721072f52efc8236eb61d6ce67f9e9f9a241d6,YES,construction,"Named bearer/type restriction affects equipment eligibility; price, rarity, purchase and hiring procedures are excluded.",,Not sold at the Mordheim trading post; available only through its warband equipment list.
source/catalog/campaign/trading-post.yaml/@/items/386/restrictions/0/note/unclassified,catalog/campaign/trading-post.yaml,24ca298d8ed947e8c5f2ef2c80721072f52efc8236eb61d6ce67f9e9f9a241d6,YES,construction,"Named bearer/type restriction affects equipment eligibility; price, rarity, purchase and hiring procedures are excluded.",,Not sold at the Mordheim trading post; available only through its warband equipment list.
source/catalog/campaign/trading-post.yaml/@/items/387/restrictions/0/note/unclassified,catalog/campaign/trading-post.yaml,24ca298d8ed947e8c5f2ef2c80721072f52efc8236eb61d6ce67f9e9f9a241d6,YES,construction,"Named bearer/type restriction affects equipment eligibility; price, rarity, purchase and hiring procedures are excluded.",,Not sold at the Mordheim trading post; available only through its warband equipment list.
source/catalog/campaign/trading-post.yaml/@/items/388/restrictions/0/note/unclassified,catalog/campaign/trading-post.yaml,24ca298d8ed947e8c5f2ef2c80721072f52efc8236eb61d6ce67f9e9f9a241d6,YES,construction,"Named bearer/type restriction affects equipment eligibility; price, rarity, purchase and hiring procedures are excluded.",,Not sold at the Mordheim trading post; available only through its warband equipment list.
source/catalog/campaign/trading-post.yaml/@/items/389/restrictions/0/note/unclassified,catalog/campaign/trading-post.yaml,24ca298d8ed947e8c5f2ef2c80721072f52efc8236eb61d6ce67f9e9f9a241d6,YES,construction,"Named bearer/type restriction affects equipment eligibility; price, rarity, purchase and hiring procedures are excluded.",,Not sold at the Mordheim trading post; available only through its warband equipment list.
source/catalog/campaign/trading-post.yaml/@/items/390/restrictions/0/note/unclassified,catalog/campaign/trading-post.yaml,24ca298d8ed947e8c5f2ef2c80721072f52efc8236eb61d6ce67f9e9f9a241d6,YES,construction,"Named bearer/type restriction affects equipment eligibility; price, rarity, purchase and hiring procedures are excluded.",,Not sold at the Mordheim trading post; available only through its warband equipment list.
source/catalog/campaign/trading-post.yaml/@/items/392/restrictions/0/note/unclassified,catalog/campaign/trading-post.yaml,24ca298d8ed947e8c5f2ef2c80721072f52efc8236eb61d6ce67f9e9f9a241d6,YES,construction,"Named bearer/type restriction affects equipment eligibility; price, rarity, purchase and hiring procedures are excluded.",,Not sold at the Mordheim trading post; available only through its warband equipment list.
source/catalog/campaign/trading-post.yaml/@/items/393/restrictions/0/note/unclassified,catalog/campaign/trading-post.yaml,24ca298d8ed947e8c5f2ef2c80721072f52efc8236eb61d6ce67f9e9f9a241d6,YES,construction,"Named bearer/type restriction affects equipment eligibility; price, rarity, purchase and hiring procedures are excluded.",,Not sold at the Mordheim trading post; available only through its warband equipment list.
source/catalog/campaign/trading-post.yaml/@/items/394/restrictions/0/note/unclassified,catalog/campaign/trading-post.yaml,24ca298d8ed947e8c5f2ef2c80721072f52efc8236eb61d6ce67f9e9f9a241d6,YES,construction,"Named bearer/type restriction affects equipment eligibility; price, rarity, purchase and hiring procedures are excluded.",,Not sold at the Mordheim trading post; available only through its warband equipment list.
source/catalog/campaign/trading-post.yaml/@/items/395/restrictions/0/note/unclassified,catalog/campaign/trading-post.yaml,24ca298d8ed947e8c5f2ef2c80721072f52efc8236eb61d6ce67f9e9f9a241d6,YES,construction,"Named bearer/type restriction affects equipment eligibility; price, rarity, purchase and hiring procedures are excluded.",,Not sold at the Mordheim trading post; available only through its warband equipment list.
source/catalog/campaign/trading-post.yaml/@/items/396/restrictions/0/note/unclassified,catalog/campaign/trading-post.yaml,24ca298d8ed947e8c5f2ef2c80721072f52efc8236eb61d6ce67f9e9f9a241d6,YES,construction,"Named bearer/type restriction affects equipment eligibility; price, rarity, purchase and hiring procedures are excluded.",,Not sold at the Mordheim trading post; available only through its warband equipment list.
source/catalog/campaign/trading-post.yaml/@/items/397/restrictions/0/note/unclassified,catalog/campaign/trading-post.yaml,24ca298d8ed947e8c5f2ef2c80721072f52efc8236eb61d6ce67f9e9f9a241d6,YES,construction,"Named bearer/type restriction affects equipment eligibility; price, rarity, purchase and hiring procedures are excluded.",,Not sold at the Mordheim trading post; available only through its warband equipment list.
source/catalog/campaign/trading-post.yaml/@/items/398/restrictions/0/note/unclassified,catalog/campaign/trading-post.yaml,24ca298d8ed947e8c5f2ef2c80721072f52efc8236eb61d6ce67f9e9f9a241d6,YES,construction,"Named bearer/type restriction affects equipment eligibility; price, rarity, purchase and hiring procedures are excluded.",,Not sold at the Mordheim trading post; available only through its warband equipment list.
source/catalog/campaign/trading-post.yaml/@/items/399/restrictions/0/note/unclassified,catalog/campaign/trading-post.yaml,24ca298d8ed947e8c5f2ef2c80721072f52efc8236eb61d6ce67f9e9f9a241d6,YES,construction,"Named bearer/type restriction affects equipment eligibility; price, rarity, purchase and hiring procedures are excluded.",,Not sold at the Mordheim trading post; available only through its warband equipment list.
source/catalog/campaign/trading-post.yaml/@/items/4/restrictions/1/note/unclassified,catalog/campaign/trading-post.yaml,3d8c4121579c612202f8bf58e1326d86dbb4b91a69777599d3a69adbe23987e1,YES,construction,"Named bearer/type restriction affects equipment eligibility; price, rarity, purchase and hiring procedures are excluded.",,Masters of Horror only. Cost 15 + D6 gc.
source/catalog/campaign/trading-post.yaml/@/items/400/restrictions/0/note/unclassified,catalog/campaign/trading-post.yaml,24ca298d8ed947e8c5f2ef2c80721072f52efc8236eb61d6ce67f9e9f9a241d6,YES,construction,"Named bearer/type restriction affects equipment eligibility; price, rarity, purchase and hiring procedures are excluded.",,Not sold at the Mordheim trading post; available only through its warband equipment list.
source/catalog/campaign/trading-post.yaml/@/items/401/restrictions/0/note/unclassified,catalog/campaign/trading-post.yaml,24ca298d8ed947e8c5f2ef2c80721072f52efc8236eb61d6ce67f9e9f9a241d6,YES,construction,"Named bearer/type restriction affects equipment eligibility; price, rarity, purchase and hiring procedures are excluded.",,Not sold at the Mordheim trading post; available only through its warband equipment list.
source/catalog/campaign/trading-post.yaml/@/items/402/restrictions/0/note/unclassified,catalog/campaign/trading-post.yaml,24ca298d8ed947e8c5f2ef2c80721072f52efc8236eb61d6ce67f9e9f9a241d6,YES,construction,"Named bearer/type restriction affects equipment eligibility; price, rarity, purchase and hiring procedures are excluded.",,Not sold at the Mordheim trading post; available only through its warband equipment list.
source/catalog/campaign/trading-post.yaml/@/items/403/restrictions/0/note/unclassified,catalog/campaign/trading-post.yaml,24ca298d8ed947e8c5f2ef2c80721072f52efc8236eb61d6ce67f9e9f9a241d6,YES,construction,"Named bearer/type restriction affects equipment eligibility; price, rarity, purchase and hiring procedures are excluded.",,Not sold at the Mordheim trading post; available only through its warband equipment list.
source/catalog/campaign/trading-post.yaml/@/items/404/restrictions/0/note/unclassified,catalog/campaign/trading-post.yaml,24ca298d8ed947e8c5f2ef2c80721072f52efc8236eb61d6ce67f9e9f9a241d6,YES,construction,"Named bearer/type restriction affects equipment eligibility; price, rarity, purchase and hiring procedures are excluded.",,Not sold at the Mordheim trading post; available only through its warband equipment list.
source/catalog/campaign/trading-post.yaml/@/items/405/restrictions/0/note/unclassified,catalog/campaign/trading-post.yaml,24ca298d8ed947e8c5f2ef2c80721072f52efc8236eb61d6ce67f9e9f9a241d6,YES,construction,"Named bearer/type restriction affects equipment eligibility; price, rarity, purchase and hiring procedures are excluded.",,Not sold at the Mordheim trading post; available only through its warband equipment list.
source/catalog/campaign/trading-post.yaml/@/items/406/restrictions/0/note/unclassified,catalog/campaign/trading-post.yaml,24ca298d8ed947e8c5f2ef2c80721072f52efc8236eb61d6ce67f9e9f9a241d6,YES,construction,"Named bearer/type restriction affects equipment eligibility; price, rarity, purchase and hiring procedures are excluded.",,Not sold at the Mordheim trading post; available only through its warband equipment list.
source/catalog/campaign/trading-post.yaml/@/items/407/restrictions/0/note/unclassified,catalog/campaign/trading-post.yaml,24ca298d8ed947e8c5f2ef2c80721072f52efc8236eb61d6ce67f9e9f9a241d6,YES,construction,"Named bearer/type restriction affects equipment eligibility; price, rarity, purchase and hiring procedures are excluded.",,Not sold at the Mordheim trading post; available only through its warband equipment list.
source/catalog/campaign/trading-post.yaml/@/items/408/restrictions/0/note/unclassified,catalog/campaign/trading-post.yaml,24ca298d8ed947e8c5f2ef2c80721072f52efc8236eb61d6ce67f9e9f9a241d6,YES,construction,"Named bearer/type restriction affects equipment eligibility; price, rarity, purchase and hiring procedures are excluded.",,Not sold at the Mordheim trading post; available only through its warband equipment list.
source/catalog/campaign/trading-post.yaml/@/items/409/restrictions/0/note/unclassified,catalog/campaign/trading-post.yaml,24ca298d8ed947e8c5f2ef2c80721072f52efc8236eb61d6ce67f9e9f9a241d6,YES,construction,"Named bearer/type restriction affects equipment eligibility; price, rarity, purchase and hiring procedures are excluded.",,Not sold at the Mordheim trading post; available only through its warband equipment list.
source/catalog/campaign/trading-post.yaml/@/items/410/restrictions/0/note/unclassified,catalog/campaign/trading-post.yaml,24ca298d8ed947e8c5f2ef2c80721072f52efc8236eb61d6ce67f9e9f9a241d6,YES,construction,"Named bearer/type restriction affects equipment eligibility; price, rarity, purchase and hiring procedures are excluded.",,Not sold at the Mordheim trading post; available only through its warband equipment list.
source/catalog/campaign/trading-post.yaml/@/items/412/restrictions/0/note/unclassified,catalog/campaign/trading-post.yaml,24ca298d8ed947e8c5f2ef2c80721072f52efc8236eb61d6ce67f9e9f9a241d6,YES,construction,"Named bearer/type restriction affects equipment eligibility; price, rarity, purchase and hiring procedures are excluded.",,Not sold at the Mordheim trading post; available only through its warband equipment list.
source/catalog/campaign/trading-post.yaml/@/items/413/restrictions/0/note/unclassified,catalog/campaign/trading-post.yaml,24ca298d8ed947e8c5f2ef2c80721072f52efc8236eb61d6ce67f9e9f9a241d6,YES,construction,"Named bearer/type restriction affects equipment eligibility; price, rarity, purchase and hiring procedures are excluded.",,Not sold at the Mordheim trading post; available only through its warband equipment list.
source/catalog/campaign/trading-post.yaml/@/items/414/restrictions/0/note/unclassified,catalog/campaign/trading-post.yaml,24ca298d8ed947e8c5f2ef2c80721072f52efc8236eb61d6ce67f9e9f9a241d6,YES,construction,"Named bearer/type restriction affects equipment eligibility; price, rarity, purchase and hiring procedures are excluded.",,Not sold at the Mordheim trading post; available only through its warband equipment list.
source/catalog/campaign/trading-post.yaml/@/items/415/restrictions/0/note/unclassified,catalog/campaign/trading-post.yaml,24ca298d8ed947e8c5f2ef2c80721072f52efc8236eb61d6ce67f9e9f9a241d6,YES,construction,"Named bearer/type restriction affects equipment eligibility; price, rarity, purchase and hiring procedures are excluded.",,Not sold at the Mordheim trading post; available only through its warband equipment list.
source/catalog/campaign/trading-post.yaml/@/items/416/restrictions/0/note/unclassified,catalog/campaign/trading-post.yaml,24ca298d8ed947e8c5f2ef2c80721072f52efc8236eb61d6ce67f9e9f9a241d6,YES,construction,"Named bearer/type restriction affects equipment eligibility; price, rarity, purchase and hiring procedures are excluded.",,Not sold at the Mordheim trading post; available only through its warband equipment list.
source/catalog/campaign/trading-post.yaml/@/items/417/restrictions/0/note/unclassified,catalog/campaign/trading-post.yaml,24ca298d8ed947e8c5f2ef2c80721072f52efc8236eb61d6ce67f9e9f9a241d6,YES,construction,"Named bearer/type restriction affects equipment eligibility; price, rarity, purchase and hiring procedures are excluded.",,Not sold at the Mordheim trading post; available only through its warband equipment list.
source/catalog/campaign/trading-post.yaml/@/items/418/restrictions/0/note/unclassified,catalog/campaign/trading-post.yaml,24ca298d8ed947e8c5f2ef2c80721072f52efc8236eb61d6ce67f9e9f9a241d6,YES,construction,"Named bearer/type restriction affects equipment eligibility; price, rarity, purchase and hiring procedures are excluded.",,Not sold at the Mordheim trading post; available only through its warband equipment list.
source/catalog/campaign/trading-post.yaml/@/items/419/restrictions/0/note/unclassified,catalog/campaign/trading-post.yaml,24ca298d8ed947e8c5f2ef2c80721072f52efc8236eb61d6ce67f9e9f9a241d6,YES,construction,"Named bearer/type restriction affects equipment eligibility; price, rarity, purchase and hiring procedures are excluded.",,Not sold at the Mordheim trading post; available only through its warband equipment list.
source/catalog/campaign/trading-post.yaml/@/items/420/restrictions/0/note/unclassified,catalog/campaign/trading-post.yaml,24ca298d8ed947e8c5f2ef2c80721072f52efc8236eb61d6ce67f9e9f9a241d6,YES,construction,"Named bearer/type restriction affects equipment eligibility; price, rarity, purchase and hiring procedures are excluded.",,Not sold at the Mordheim trading post; available only through its warband equipment list.
source/catalog/campaign/trading-post.yaml/@/items/421/restrictions/0/note/unclassified,catalog/campaign/trading-post.yaml,24ca298d8ed947e8c5f2ef2c80721072f52efc8236eb61d6ce67f9e9f9a241d6,YES,construction,"Named bearer/type restriction affects equipment eligibility; price, rarity, purchase and hiring procedures are excluded.",,Not sold at the Mordheim trading post; available only through its warband equipment list.
source/catalog/campaign/trading-post.yaml/@/items/422/restrictions/0/note/unclassified,catalog/campaign/trading-post.yaml,24ca298d8ed947e8c5f2ef2c80721072f52efc8236eb61d6ce67f9e9f9a241d6,YES,construction,"Named bearer/type restriction affects equipment eligibility; price, rarity, purchase and hiring procedures are excluded.",,Not sold at the Mordheim trading post; available only through its warband equipment list.
source/catalog/campaign/trading-post.yaml/@/items/423/restrictions/0/note/unclassified,catalog/campaign/trading-post.yaml,24ca298d8ed947e8c5f2ef2c80721072f52efc8236eb61d6ce67f9e9f9a241d6,YES,construction,"Named bearer/type restriction affects equipment eligibility; price, rarity, purchase and hiring procedures are excluded.",,Not sold at the Mordheim trading post; available only through its warband equipment list.
source/catalog/campaign/trading-post.yaml/@/items/424/restrictions/0/note/unclassified,catalog/campaign/trading-post.yaml,24ca298d8ed947e8c5f2ef2c80721072f52efc8236eb61d6ce67f9e9f9a241d6,YES,construction,"Named bearer/type restriction affects equipment eligibility; price, rarity, purchase and hiring procedures are excluded.",,Not sold at the Mordheim trading post; available only through its warband equipment list.
source/catalog/campaign/trading-post.yaml/@/items/425/restrictions/0/note/unclassified,catalog/campaign/trading-post.yaml,24ca298d8ed947e8c5f2ef2c80721072f52efc8236eb61d6ce67f9e9f9a241d6,YES,construction,"Named bearer/type restriction affects equipment eligibility; price, rarity, purchase and hiring procedures are excluded.",,Not sold at the Mordheim trading post; available only through its warband equipment list.
source/catalog/campaign/trading-post.yaml/@/items/426/restrictions/0/note/unclassified,catalog/campaign/trading-post.yaml,24ca298d8ed947e8c5f2ef2c80721072f52efc8236eb61d6ce67f9e9f9a241d6,YES,construction,"Named bearer/type restriction affects equipment eligibility; price, rarity, purchase and hiring procedures are excluded.",,Not sold at the Mordheim trading post; available only through its warband equipment list.
source/catalog/campaign/trading-post.yaml/@/items/428/restrictions/0/note/unclassified,catalog/campaign/trading-post.yaml,24ca298d8ed947e8c5f2ef2c80721072f52efc8236eb61d6ce67f9e9f9a241d6,YES,construction,"Named bearer/type restriction affects equipment eligibility; price, rarity, purchase and hiring procedures are excluded.",,Not sold at the Mordheim trading post; available only through its warband equipment list.
source/catalog/campaign/trading-post.yaml/@/items/429/restrictions/0/note/unclassified,catalog/campaign/trading-post.yaml,24ca298d8ed947e8c5f2ef2c80721072f52efc8236eb61d6ce67f9e9f9a241d6,YES,construction,"Named bearer/type restriction affects equipment eligibility; price, rarity, purchase and hiring procedures are excluded.",,Not sold at the Mordheim trading post; available only through its warband equipment list.
source/catalog/campaign/trading-post.yaml/@/items/430/restrictions/0/note/unclassified,catalog/campaign/trading-post.yaml,24ca298d8ed947e8c5f2ef2c80721072f52efc8236eb61d6ce67f9e9f9a241d6,YES,construction,"Named bearer/type restriction affects equipment eligibility; price, rarity, purchase and hiring procedures are excluded.",,Not sold at the Mordheim trading post; available only through its warband equipment list.
source/catalog/campaign/trading-post.yaml/@/items/432/restrictions/0/note/unclassified,catalog/campaign/trading-post.yaml,24ca298d8ed947e8c5f2ef2c80721072f52efc8236eb61d6ce67f9e9f9a241d6,YES,construction,"Named bearer/type restriction affects equipment eligibility; price, rarity, purchase and hiring procedures are excluded.",,Not sold at the Mordheim trading post; available only through its warband equipment list.
source/catalog/campaign/trading-post.yaml/@/items/433/restrictions/0/note/unclassified,catalog/campaign/trading-post.yaml,24ca298d8ed947e8c5f2ef2c80721072f52efc8236eb61d6ce67f9e9f9a241d6,YES,construction,"Named bearer/type restriction affects equipment eligibility; price, rarity, purchase and hiring procedures are excluded.",,Not sold at the Mordheim trading post; available only through its warband equipment list.
source/catalog/campaign/trading-post.yaml/@/items/434/restrictions/0/note/unclassified,catalog/campaign/trading-post.yaml,55b75f3ba68965ac422300e6c86cad00ec20acca5371d7018ff1e38ea96a192c,YES,construction,"Named bearer/type restriction affects equipment eligibility; price, rarity, purchase and hiring procedures are excluded.",,Sold as Lance (entry lance); not available to Questing Knights.
source/catalog/campaign/trading-post.yaml/@/items/435/restrictions/0/note/unclassified,catalog/campaign/trading-post.yaml,24ca298d8ed947e8c5f2ef2c80721072f52efc8236eb61d6ce67f9e9f9a241d6,YES,construction,"Named bearer/type restriction affects equipment eligibility; price, rarity, purchase and hiring procedures are excluded.",,Not sold at the Mordheim trading post; available only through its warband equipment list.
source/catalog/campaign/trading-post.yaml/@/items/436/restrictions/0/note/unclassified,catalog/campaign/trading-post.yaml,24ca298d8ed947e8c5f2ef2c80721072f52efc8236eb61d6ce67f9e9f9a241d6,YES,construction,"Named bearer/type restriction affects equipment eligibility; price, rarity, purchase and hiring procedures are excluded.",,Not sold at the Mordheim trading post; available only through its warband equipment list.
source/catalog/campaign/trading-post.yaml/@/items/437/restrictions/0/note/unclassified,catalog/campaign/trading-post.yaml,24ca298d8ed947e8c5f2ef2c80721072f52efc8236eb61d6ce67f9e9f9a241d6,YES,construction,"Named bearer/type restriction affects equipment eligibility; price, rarity, purchase and hiring procedures are excluded.",,Not sold at the Mordheim trading post; available only through its warband equipment list.
source/catalog/campaign/trading-post.yaml/@/items/438/restrictions/0/note/unclassified,catalog/campaign/trading-post.yaml,24ca298d8ed947e8c5f2ef2c80721072f52efc8236eb61d6ce67f9e9f9a241d6,YES,construction,"Named bearer/type restriction affects equipment eligibility; price, rarity, purchase and hiring procedures are excluded.",,Not sold at the Mordheim trading post; available only through its warband equipment list.
source/catalog/campaign/trading-post.yaml/@/items/439/restrictions/0/note/unclassified,catalog/campaign/trading-post.yaml,24ca298d8ed947e8c5f2ef2c80721072f52efc8236eb61d6ce67f9e9f9a241d6,YES,construction,"Named bearer/type restriction affects equipment eligibility; price, rarity, purchase and hiring procedures are excluded.",,Not sold at the Mordheim trading post; available only through its warband equipment list.
source/catalog/campaign/trading-post.yaml/@/items/440/restrictions/0/note/unclassified,catalog/campaign/trading-post.yaml,24ca298d8ed947e8c5f2ef2c80721072f52efc8236eb61d6ce67f9e9f9a241d6,YES,construction,"Named bearer/type restriction affects equipment eligibility; price, rarity, purchase and hiring procedures are excluded.",,Not sold at the Mordheim trading post; available only through its warband equipment list.
source/catalog/campaign/trading-post.yaml/@/items/441/restrictions/0/note/unclassified,catalog/campaign/trading-post.yaml,0d30ca9038c5a61ab71d60ee052fa4efed7674f11ffe2f946220baa140744a63,YES,construction,"Named bearer/type restriction affects equipment eligibility; price, rarity, purchase and hiring procedures are excluded.",,Sold as Standard of Nagarythe (entry standard_of_nagarythe); may only be purchased at warband creation.
source/catalog/campaign/trading-post.yaml/@/items/443/restrictions/0/note/unclassified,catalog/campaign/trading-post.yaml,24ca298d8ed947e8c5f2ef2c80721072f52efc8236eb61d6ce67f9e9f9a241d6,YES,construction,"Named bearer/type restriction affects equipment eligibility; price, rarity, purchase and hiring procedures are excluded.",,Not sold at the Mordheim trading post; available only through its warband equipment list.
source/catalog/campaign/trading-post.yaml/@/items/444/restrictions/0/note/unclassified,catalog/campaign/trading-post.yaml,24ca298d8ed947e8c5f2ef2c80721072f52efc8236eb61d6ce67f9e9f9a241d6,YES,construction,"Named bearer/type restriction affects equipment eligibility; price, rarity, purchase and hiring procedures are excluded.",,Not sold at the Mordheim trading post; available only through its warband equipment list.
source/catalog/campaign/trading-post.yaml/@/items/446/restrictions/0/note/unclassified,catalog/campaign/trading-post.yaml,24ca298d8ed947e8c5f2ef2c80721072f52efc8236eb61d6ce67f9e9f9a241d6,YES,construction,"Named bearer/type restriction affects equipment eligibility; price, rarity, purchase and hiring procedures are excluded.",,Not sold at the Mordheim trading post; available only through its warband equipment list.
source/catalog/campaign/trading-post.yaml/@/items/447/restrictions/0/note/unclassified,catalog/campaign/trading-post.yaml,24ca298d8ed947e8c5f2ef2c80721072f52efc8236eb61d6ce67f9e9f9a241d6,YES,construction,"Named bearer/type restriction affects equipment eligibility; price, rarity, purchase and hiring procedures are excluded.",,Not sold at the Mordheim trading post; available only through its warband equipment list.
source/catalog/campaign/trading-post.yaml/@/items/448/restrictions/0/note/unclassified,catalog/campaign/trading-post.yaml,24ca298d8ed947e8c5f2ef2c80721072f52efc8236eb61d6ce67f9e9f9a241d6,YES,construction,"Named bearer/type restriction affects equipment eligibility; price, rarity, purchase and hiring procedures are excluded.",,Not sold at the Mordheim trading post; available only through its warband equipment list.
source/catalog/campaign/trading-post.yaml/@/items/449/restrictions/0/note/unclassified,catalog/campaign/trading-post.yaml,24ca298d8ed947e8c5f2ef2c80721072f52efc8236eb61d6ce67f9e9f9a241d6,YES,construction,"Named bearer/type restriction affects equipment eligibility; price, rarity, purchase and hiring procedures are excluded.",,Not sold at the Mordheim trading post; available only through its warband equipment list.
source/catalog/campaign/trading-post.yaml/@/items/450/restrictions/0/note/unclassified,catalog/campaign/trading-post.yaml,24ca298d8ed947e8c5f2ef2c80721072f52efc8236eb61d6ce67f9e9f9a241d6,YES,construction,"Named bearer/type restriction affects equipment eligibility; price, rarity, purchase and hiring procedures are excluded.",,Not sold at the Mordheim trading post; available only through its warband equipment list.
source/catalog/campaign/trading-post.yaml/@/items/451/restrictions/0/note/unclassified,catalog/campaign/trading-post.yaml,24ca298d8ed947e8c5f2ef2c80721072f52efc8236eb61d6ce67f9e9f9a241d6,YES,construction,"Named bearer/type restriction affects equipment eligibility; price, rarity, purchase and hiring procedures are excluded.",,Not sold at the Mordheim trading post; available only through its warband equipment list.
source/catalog/campaign/trading-post.yaml/@/items/452/restrictions/0/note/unclassified,catalog/campaign/trading-post.yaml,24ca298d8ed947e8c5f2ef2c80721072f52efc8236eb61d6ce67f9e9f9a241d6,YES,construction,"Named bearer/type restriction affects equipment eligibility; price, rarity, purchase and hiring procedures are excluded.",,Not sold at the Mordheim trading post; available only through its warband equipment list.
source/catalog/campaign/trading-post.yaml/@/items/453/restrictions/0/note/unclassified,catalog/campaign/trading-post.yaml,24ca298d8ed947e8c5f2ef2c80721072f52efc8236eb61d6ce67f9e9f9a241d6,YES,construction,"Named bearer/type restriction affects equipment eligibility; price, rarity, purchase and hiring procedures are excluded.",,Not sold at the Mordheim trading post; available only through its warband equipment list.
source/catalog/campaign/trading-post.yaml/@/items/454/restrictions/0/note/unclassified,catalog/campaign/trading-post.yaml,24ca298d8ed947e8c5f2ef2c80721072f52efc8236eb61d6ce67f9e9f9a241d6,YES,construction,"Named bearer/type restriction affects equipment eligibility; price, rarity, purchase and hiring procedures are excluded.",,Not sold at the Mordheim trading post; available only through its warband equipment list.
source/catalog/campaign/trading-post.yaml/@/items/455/restrictions/0/note/unclassified,catalog/campaign/trading-post.yaml,24ca298d8ed947e8c5f2ef2c80721072f52efc8236eb61d6ce67f9e9f9a241d6,YES,construction,"Named bearer/type restriction affects equipment eligibility; price, rarity, purchase and hiring procedures are excluded.",,Not sold at the Mordheim trading post; available only through its warband equipment list.
source/catalog/campaign/trading-post.yaml/@/items/456/restrictions/0/note/unclassified,catalog/campaign/trading-post.yaml,24ca298d8ed947e8c5f2ef2c80721072f52efc8236eb61d6ce67f9e9f9a241d6,YES,construction,"Named bearer/type restriction affects equipment eligibility; price, rarity, purchase and hiring procedures are excluded.",,Not sold at the Mordheim trading post; available only through its warband equipment list.
source/catalog/campaign/trading-post.yaml/@/items/457/restrictions/0/note/unclassified,catalog/campaign/trading-post.yaml,24ca298d8ed947e8c5f2ef2c80721072f52efc8236eb61d6ce67f9e9f9a241d6,YES,construction,"Named bearer/type restriction affects equipment eligibility; price, rarity, purchase and hiring procedures are excluded.",,Not sold at the Mordheim trading post; available only through its warband equipment list.
source/catalog/campaign/trading-post.yaml/@/items/458/restrictions/0/note/unclassified,catalog/campaign/trading-post.yaml,24ca298d8ed947e8c5f2ef2c80721072f52efc8236eb61d6ce67f9e9f9a241d6,YES,construction,"Named bearer/type restriction affects equipment eligibility; price, rarity, purchase and hiring procedures are excluded.",,Not sold at the Mordheim trading post; available only through its warband equipment list.
source/catalog/campaign/trading-post.yaml/@/items/459/restrictions/0/note/unclassified,catalog/campaign/trading-post.yaml,24ca298d8ed947e8c5f2ef2c80721072f52efc8236eb61d6ce67f9e9f9a241d6,YES,construction,"Named bearer/type restriction affects equipment eligibility; price, rarity, purchase and hiring procedures are excluded.",,Not sold at the Mordheim trading post; available only through its warband equipment list.
source/catalog/campaign/trading-post.yaml/@/items/460/restrictions/0/note/unclassified,catalog/campaign/trading-post.yaml,a8c7b9ee91ea4445f3cb40cc6958002d738bf8d8743f7821ec4d791882b97523,YES,construction,"Named bearer/type restriction affects equipment eligibility; price, rarity, purchase and hiring procedures are excluded.",,Sold as Sword (entry sword); heroes only.
source/catalog/campaign/trading-post.yaml/@/items/461/restrictions/0/note/unclassified,catalog/campaign/trading-post.yaml,24ca298d8ed947e8c5f2ef2c80721072f52efc8236eb61d6ce67f9e9f9a241d6,YES,construction,"Named bearer/type restriction affects equipment eligibility; price, rarity, purchase and hiring procedures are excluded.",,Not sold at the Mordheim trading post; available only through its warband equipment list.
source/catalog/campaign/trading-post.yaml/@/items/466/restrictions/0/note/unclassified,catalog/campaign/trading-post.yaml,24ca298d8ed947e8c5f2ef2c80721072f52efc8236eb61d6ce67f9e9f9a241d6,YES,construction,"Named bearer/type restriction affects equipment eligibility; price, rarity, purchase and hiring procedures are excluded.",,Not sold at the Mordheim trading post; available only through its warband equipment list.
source/catalog/campaign/trading-post.yaml/@/items/467/restrictions/0/note/unclassified,catalog/campaign/trading-post.yaml,24ca298d8ed947e8c5f2ef2c80721072f52efc8236eb61d6ce67f9e9f9a241d6,YES,construction,"Named bearer/type restriction affects equipment eligibility; price, rarity, purchase and hiring procedures are excluded.",,Not sold at the Mordheim trading post; available only through its warband equipment list.
source/catalog/campaign/trading-post.yaml/@/items/468/restrictions/0/note/unclassified,catalog/campaign/trading-post.yaml,24ca298d8ed947e8c5f2ef2c80721072f52efc8236eb61d6ce67f9e9f9a241d6,YES,construction,"Named bearer/type restriction affects equipment eligibility; price, rarity, purchase and hiring procedures are excluded.",,Not sold at the Mordheim trading post; available only through its warband equipment list.
source/catalog/campaign/trading-post.yaml/@/items/469/restrictions/0/note/unclassified,catalog/campaign/trading-post.yaml,24ca298d8ed947e8c5f2ef2c80721072f52efc8236eb61d6ce67f9e9f9a241d6,YES,construction,"Named bearer/type restriction affects equipment eligibility; price, rarity, purchase and hiring procedures are excluded.",,Not sold at the Mordheim trading post; available only through its warband equipment list.
source/catalog/campaign/trading-post.yaml/@/items/47/restrictions/0/note/unclassified,catalog/campaign/trading-post.yaml,9d9ab7cd509e8a2242af02e25a81c538152c63f390d8a542f57dde679af99458,YES,construction,"Named bearer/type restriction affects equipment eligibility; price, rarity, purchase and hiring procedures are excluded.",,"10+D6 gc, Strigoi warbands only."
source/catalog/campaign/trading-post.yaml/@/items/470/restrictions/0/note/unclassified,catalog/campaign/trading-post.yaml,24ca298d8ed947e8c5f2ef2c80721072f52efc8236eb61d6ce67f9e9f9a241d6,YES,construction,"Named bearer/type restriction affects equipment eligibility; price, rarity, purchase and hiring procedures are excluded.",,Not sold at the Mordheim trading post; available only through its warband equipment list.
source/catalog/campaign/trading-post.yaml/@/items/471/restrictions/0/note/unclassified,catalog/campaign/trading-post.yaml,24ca298d8ed947e8c5f2ef2c80721072f52efc8236eb61d6ce67f9e9f9a241d6,YES,construction,"Named bearer/type restriction affects equipment eligibility; price, rarity, purchase and hiring procedures are excluded.",,Not sold at the Mordheim trading post; available only through its warband equipment list.
source/catalog/campaign/trading-post.yaml/@/items/472/restrictions/0/note/unclassified,catalog/campaign/trading-post.yaml,24ca298d8ed947e8c5f2ef2c80721072f52efc8236eb61d6ce67f9e9f9a241d6,YES,construction,"Named bearer/type restriction affects equipment eligibility; price, rarity, purchase and hiring procedures are excluded.",,Not sold at the Mordheim trading post; available only through its warband equipment list.
source/catalog/campaign/trading-post.yaml/@/items/49/restrictions/0/note/unclassified,catalog/campaign/trading-post.yaml,ecb83d15c4920487a991d9835293380ae6d7276a6a88fb7cdd8134baccda052a,YES,construction,"Named bearer/type restriction affects equipment eligibility; price, rarity, purchase and hiring procedures are excluded.",,Ogre Treasure-Hunter starting equipment only.
source/catalog/campaign/trading-post.yaml/@/items/5/restrictions/1/note/unclassified,catalog/campaign/trading-post.yaml,9adcab50ccca30695a57965a92bf9a9708b7cbd566ea1258123ecbba88730f74,YES,construction,"Named bearer/type restriction affects equipment eligibility; price, rarity, purchase and hiring procedures are excluded.",,Strigany only. Cost 15 gc.
source/catalog/campaign/trading-post.yaml/@/items/57/restrictions/0/note/unclassified,catalog/campaign/trading-post.yaml,b67bc7dbb11aa02a1fb3b11f543661780f5b9a72928d8796a1ab615c048b7f46,YES,construction,"Named bearer/type restriction affects equipment eligibility; price, rarity, purchase and hiring procedures are excluded.",,"Fire-Eater starting equipment only (innate breath attack, not purchasable)."
source/catalog/campaign/trading-post.yaml/@/items/9/restrictions/1/note/unclassified,catalog/campaign/trading-post.yaml,3d8c4121579c612202f8bf58e1326d86dbb4b91a69777599d3a69adbe23987e1,YES,construction,"Named bearer/type restriction affects equipment eligibility; price, rarity, purchase and hiring procedures are excluded.",,Masters of Horror only. Cost 15 + D6 gc.
source/catalog/hirelings/dramatis-personae/core.yaml/hireling.dramatis.johann-the-knife.rule.crimson-shade/unclassified,catalog/hirelings/dramatis-personae/core.yaml,ce1179045a3498d2edf5aae7bba796285a1775a1b78f119a4b9e46f99f421dc0,YES,construction,"Personal kit, selected weapon/form or qualified mount/component is relevant to constructing one duelist; no independent third fighter or movement subsystem is admitted.",,Johann may take Crimson Shade before a battle.
source/catalog/hirelings/dramatis-personae/grade-1a.yaml/@/profiles/2/unresolved_references/0/unclassified,catalog/hirelings/dramatis-personae/grade-1a.yaml,3dfa645faeca2ca5ecadfa535a206e86b32b985397f3676a1955f8f15bcc5818,YES,construction,"Personal kit, selected weapon/form or qualified mount/component is relevant to constructing one duelist; no independent third fighter or movement subsystem is admitted.",,"{""kind"": ""multi_profile_entity"", ""source_name"": ""Marquand profile M4 WS5 BS4 S3 T3 W2 I5 A2 Ld8; Sword, Light Armour, Throwing Knives; Step Aside, Knife Fighter, Lightning Reflexes""}"
source/catalog/hirelings/dramatis-personae/grade-1a.yaml/@/profiles/2/unresolved_references/1/unclassified,catalog/hirelings/dramatis-personae/grade-1a.yaml,bb0f4a90906e62ef02a1be4d6a72c888060171d1bc3d73dd500c6cb9a5a95f10,YES,construction,"Personal kit, selected weapon/form or qualified mount/component is relevant to constructing one duelist; no independent third fighter or movement subsystem is admitted.",,"{""kind"": ""multi_profile_entity"", ""source_name"": ""Ulli profile M4 WS4 BS4 S4 T3 W2 I4 A2 Ld7; two-handed warhammer, Light Armour; Strongman, Unstoppable Charge, Combat Master""}"
source/catalog/hirelings/dramatis-personae/grade-1b.yaml/@/profiles/3/unresolved_references/0/unclassified,catalog/hirelings/dramatis-personae/grade-1b.yaml,a71056918142d59f08b3a42f529650f8f19e7c9a8cca95ba62c57f6adaaeaf45,YES,construction,Recorded intrinsic item mapping/ownership must be reconciled for a legal duelist kit; this does not admit ranged or magic item execution.,,"{""kind"": ""equipment_mapping"", ""source_name"": ""Repeater Crossbow""}"
source/catalog/hirelings/dramatis-personae/grade-1b.yaml/@/profiles/5/unresolved_references/0/unclassified,catalog/hirelings/dramatis-personae/grade-1b.yaml,07d2782c6a0e86ca7bce13d1ff47fcb4154d9b2389beed85312602cbce397092,YES,construction,Recorded intrinsic item mapping/ownership must be reconciled for a legal duelist kit; this does not admit ranged or magic item execution.,,"{""kind"": ""equipment_mapping"", ""source_name"": ""Lantern""}"
source/catalog/hirelings/dramatis-personae/grade-1b.yaml/@/profiles/8/unresolved_references/0/unclassified,catalog/hirelings/dramatis-personae/grade-1b.yaml,74222fe07f9683c12ff41c9f3e5a2bf787d905cc9d5b1472d8bd98fc1cbf53b9,YES,construction,The current definition mechanic.mesmerising-dance expressly describes a melee/psychology effect. Reconcile the named grant/reference separately; scope does not certify the binding or recipient.,mechanic/mechanic.mesmerising-dance,"{""kind"": ""skill"", ""source_name"": ""Mesmerising Dance""}"
source/catalog/hirelings/dramatis-personae/grade-1b.yaml/@/profiles/8/unresolved_references/1/unclassified,catalog/hirelings/dramatis-personae/grade-1b.yaml,67771f2d7571115e2e05fc652bb354bdd56f625bc76c56d1ed9f8aa204d027a2,YES,construction,The current definition mechanic.savage-fury expressly describes a melee/psychology effect. Reconcile the named grant/reference separately; scope does not certify the binding or recipient.,mechanic/mechanic.savage-fury,"{""kind"": ""skill"", ""source_name"": ""Savage Fury""}"
source/catalog/hirelings/hired-swords/core.yaml/@/profiles/0/unresolved_references/0/unclassified,catalog/hirelings/hired-swords/core.yaml,eb463cb392a7c9823219e1183c0755eea61d2bb1027643ccfeb3e905346ffb2f,YES,construction,Recorded intrinsic item mapping/ownership must be reconciled for a legal duelist kit; this does not admit ranged or magic item execution.,,"{""kind"": ""equipment_mapping"", ""source_name"": ""Double-Handed Axe""}"
source/catalog/hirelings/hired-swords/grade-1c.yaml/@/profiles/2/unresolved_references/0/unclassified,catalog/hirelings/hired-swords/grade-1c.yaml,a17f7e75ded65e901840d6df8b8d5112bd7de8173fe9bed54f17af5856aaf75f,YES,construction,"Personal kit, selected weapon/form or qualified mount/component is relevant to constructing one duelist; no independent third fighter or movement subsystem is admitted.",,"{""kind"": ""equipment_choice"", ""source_name"": ""Sword or Spear""}"
source/catalog/hirelings/hired-swords/grade-1c.yaml/@/profiles/4/unresolved_references/0/unclassified,catalog/hirelings/hired-swords/grade-1c.yaml,07d2782c6a0e86ca7bce13d1ff47fcb4154d9b2389beed85312602cbce397092,YES,construction,Recorded intrinsic item mapping/ownership must be reconciled for a legal duelist kit; this does not admit ranged or magic item execution.,,"{""kind"": ""equipment_mapping"", ""source_name"": ""Lantern""}"
source/catalog/hirelings/hired-swords/grade-1c.yaml/@/profiles/5/unresolved_references/0/unclassified,catalog/hirelings/hired-swords/grade-1c.yaml,8ffce37a748f3ec492260f0dfda861a5cacb79b9ba65089f52e7ed46b45b8a21,YES,construction,"Personal kit, selected weapon/form or qualified mount/component is relevant to constructing one duelist; no independent third fighter or movement subsystem is admitted.",,"{""kind"": ""mount_profile"", ""source_name"": ""Giant Wolf profile M9 WS3 BS0 S3 T3 W1 I4 A1 Ld4""}"
source/catalog/hirelings/hired-swords/grade-1c.yaml/@/profiles/6/unresolved_references/0/unclassified,catalog/hirelings/hired-swords/grade-1c.yaml,eae7745e36b62010f583d5ba18503dbe31b3791999b04c1d1a61da37e6a5fbcb,YES,construction,The current definition skill.art-of-silent-death expressly describes a melee/psychology effect. Reconcile the named grant/reference separately; scope does not certify the binding or recipient.,mechanic/skill.art-of-silent-death,"{""kind"": ""skill"", ""source_name"": ""Art of Silent Death""}"
source/catalog/hirelings/hired-swords/grade-1c.yaml/hireling.hired-sword.hobgoblin-scout.rule.ride/unclassified,catalog/hirelings/hired-swords/grade-1c.yaml,128240cb4313e606039f55cd7da160b9b692eb8197d519870ed70d9d71989316,YES,construction,"Personal kit, selected weapon/form or qualified mount/component is relevant to constructing one duelist; no independent third fighter or movement subsystem is admitted.",,Rides a Giant Wolf.
source/catalog/hirelings/hired-swords/grade-2a.yaml/@/profiles/10/unresolved_references/0/unclassified,catalog/hirelings/hired-swords/grade-2a.yaml,e271d9a672b83faa7990d89cb463a77e2eabaa119d38bdb01b8c1b9c2c512c8d,YES,construction,"Personal kit, selected weapon/form or qualified mount/component is relevant to constructing one duelist; no independent third fighter or movement subsystem is admitted.",,"{""kind"": ""companion_profile"", ""source_name"": ""Hound M5* WS4 BS0 S4 T3 W1 I4 A1 Ld5""}"
source/catalog/hirelings/hired-swords/grade-2a.yaml/@/profiles/12/unresolved_references/0/unclassified,catalog/hirelings/hired-swords/grade-2a.yaml,807a2db94427b2da391b43ef7a61b4250eea3a5b5cc522ead56cadf9b6681617,YES,construction,"Personal kit, selected weapon/form or qualified mount/component is relevant to constructing one duelist; no independent third fighter or movement subsystem is admitted.",,"{""kind"": ""skill"", ""source_name"": ""Ride Warhorse""}"
source/catalog/hirelings/hired-swords/grade-2a.yaml/@/profiles/17/unresolved_references/0/unclassified,catalog/hirelings/hired-swords/grade-2a.yaml,c937dc24e427e9225d2f8535ac3330bf45896b4c0846c4d25c67b7895f2d5536,YES,construction,"Personal kit, selected weapon/form or qualified mount/component is relevant to constructing one duelist; no independent third fighter or movement subsystem is admitted.",,"{""kind"": ""special_skill_options"", ""source_name"": ""Mutant/Fearless/Manhater""}"
source/catalog/hirelings/hired-swords/grade-2a.yaml/@/profiles/19/unresolved_references/0/unclassified,catalog/hirelings/hired-swords/grade-2a.yaml,f04f19cec765c3a9d7fad8889cc0c1baf7ce2a4208a9328031da678a679befd3,YES,construction,Recorded intrinsic item mapping/ownership must be reconciled for a legal duelist kit; this does not admit ranged or magic item execution.,,"{""kind"": ""equipment_mapping"", ""source_name"": ""Hunting Arrows""}"
source/catalog/hirelings/hired-swords/grade-2a.yaml/@/profiles/2/unresolved_references/0/unclassified,catalog/hirelings/hired-swords/grade-2a.yaml,5b54682f3d06c1e396f2e6bd6714ecde98786ebd0da4f8dcce7c86616127b4fb,YES,construction,"Personal kit, selected weapon/form or qualified mount/component is relevant to constructing one duelist; no independent third fighter or movement subsystem is admitted.",,"{""kind"": ""alternate_profile"", ""source_name"": ""Wolf form M7 WS4 BS0 S4 T4 W2 I5 A2(3) Ld6""}"
source/catalog/hirelings/hired-swords/grade-2a.yaml/@/profiles/4/unresolved_references/0/unclassified,catalog/hirelings/hired-swords/grade-2a.yaml,d488ff553906b7be1760503ba77fee23c160eb888ab3be88a9e8748e2e69b83e,YES,construction,"Personal kit, selected weapon/form or qualified mount/component is relevant to constructing one duelist; no independent third fighter or movement subsystem is admitted.",,"{""kind"": ""equipment_loadout"", ""source_name"": ""multiple Pistols as defined by source""}"
source/catalog/hirelings/hired-swords/grade-2a.yaml/@/profiles/5/unresolved_references/0/unclassified,catalog/hirelings/hired-swords/grade-2a.yaml,ca6e88a8ade509355d3d418555b88fbdd66b52ecbbcf343f0e5264e8f6885a00,YES,construction,"Personal kit, selected weapon/form or qualified mount/component is relevant to constructing one duelist; no independent third fighter or movement subsystem is admitted.",,"{""kind"": ""patron_branch"", ""source_name"": ""Khorne/Tzeentch/Nurgle/Slaanesh; Tzeentch changes skill access""}"
source/catalog/hirelings/hired-swords/grade-2a.yaml/@/profiles/7/unresolved_references/0/unclassified,catalog/hirelings/hired-swords/grade-2a.yaml,6ca0ec695b5c02f811ac88a5bea640d993172eb93c7aa3646e8f20a3d9ec7058,YES,construction,Recorded intrinsic item mapping/ownership must be reconciled for a legal duelist kit; this does not admit ranged or magic item execution.,,"{""kind"": ""equipment_mapping"", ""source_name"": ""Sling""}"
source/catalog/hirelings/hired-swords/grade-2a.yaml/@/profiles/8/unresolved_references/0/unclassified,catalog/hirelings/hired-swords/grade-2a.yaml,07d2782c6a0e86ca7bce13d1ff47fcb4154d9b2389beed85312602cbce397092,YES,construction,Recorded intrinsic item mapping/ownership must be reconciled for a legal duelist kit; this does not admit ranged or magic item execution.,,"{""kind"": ""equipment_mapping"", ""source_name"": ""Lantern""}"
source/catalog/hirelings/hired-swords/grade-2a.yaml/hireling.hired-sword.knight-of-the-white-wolf.rule.cavalryman/unclassified,catalog/hirelings/hired-swords/grade-2a.yaml,c40e45fc6da01831f8f2aba8d327d6d09bab4fdfc76841b3a19a0f64c61255a9,YES,construction,"Personal kit, selected weapon/form or qualified mount/component is relevant to constructing one duelist; no independent third fighter or movement subsystem is admitted.",,Uses source cavalry rule.
source/catalog/hirelings/hired-swords/rules.yaml/hireling.hired-sword.rule.fixed-equipment/unclassified,catalog/hirelings/hired-swords/rules.yaml,d92cf401fb15448b1f3e3ad7dc6891470f585fafd654d12857b9ffa115e67d45,YES,construction,"Personal kit, selected weapon/form or qualified mount/component is relevant to constructing one duelist; no independent third fighter or movement subsystem is admitted.",,Extra equipment cannot normally be bought for a Hired Sword and the Hired Sword's equipment cannot be sold by the warband.
