id,source_file,source_state,proposed_scope,admitted_clause,excluded_clause,status,existing_target,contract_evidence,consumer_evidence,validation_evidence,missing_part,related_ids,existing_follow_up,next_action,closure_criterion
source/bands/mordheim/adventurers-kaz/profiles.yaml/@/profiles/2/equipment_restrictions/0/unclassified,bands/mordheim/adventurers-kaz/profiles.yaml,current,YES,A Barbarian will never wear armour.,,partial,adventurers-kaz/barbarian,prose fallback pattern for armour in profiles.yaml equipment_restrictions,packages/typescript/domain/eligibility/index.ts buildRestriction stage profileSelections (legacy name matching) via mordheim_construction/restrictions.py _validate_profile_selections,"executed: compile_fighter(collection=mordheim, adventurers-kaz/barbarian, armour_id=armour.light-armour) -> equipment is not available to adventurers-kaz/barbarian: ['armour.light-armour']","prohibition masked by list access (executed probe: the family is refused by equipment access, not by the restriction)",bands/mordheim/adventurers-kaz/profiles.yaml,T13-F041,None for the enforced token; encode the remaining printed clauses as structured canonical facts.,Every printed clause of the entry has a shared-decision case.
source/bands/mordheim/adventurers-kaz/profiles.yaml/@/profiles/5/equipment_restrictions/1/unclassified,bands/mordheim/adventurers-kaz/profiles.yaml,current,YES,Uses the Cannon Fodder equipment list.,,covered,adventurers-kaz/imperial-captain,profiles.yaml equipment_lists: cannon-fodder-equipment-list,packages/typescript/domain/eligibility/index.ts profileEquipmentItems / profileFactsProjection,"executed: compile_fighter(collection=mordheim, adventurers-kaz/imperial-captain, armour_id=armour.light-armour) -> ACCEPTED",,bands/mordheim/adventurers-kaz/profiles.yaml,,None; the declared list is the canonical access.,Clause stays realised by the declared equipment list.
source/bands/mordheim/araby-smugglers-sar/equipment-access.yaml/@/equipment_lists/0/items/1/notes/unclassified,bands/mordheim/araby-smugglers-sar/equipment-access.yaml,current,YES,equipment equivalence encoded as weapon.mace,"pricing/rarity part, if any",covered,item/mace_hammer,catalog/items record mace_hammer: kind=close-combat-weapon mechanic_id=weapon.mace,catalogue.mappings / carriedItemFacts in packages/typescript/domain/eligibility/index.ts,code inspection only; no test executed for this lot entry,,list=corsair-equipment-list,,None; the item identity is the canonical equivalence.,Item keeps its implemented mechanic mapping.
source/bands/mordheim/araby-smugglers-sar/equipment-access.yaml/@/equipment_lists/0/items/4/notes/unclassified,bands/mordheim/araby-smugglers-sar/equipment-access.yaml,current,YES,named bearer restriction: 'Heroes only',"price/rarity clauses, if any",metadata_gap,item/cat_o_nine_tails,equipment-access entry cat_o_nine_tails carries the restriction only as prose notes,equipmentIssue offers the item to every declared user of list corsair-equipment-list (shared eligibility ignores notes),code inspection only; no test executed for this lot entry,A structured recipient/restriction fact for the bearer clause.,list=corsair-equipment-list,,Model the bearer restriction (item access or list scope); reuse shared eligibility.,A non-recipient is refused and an intended recipient is accepted by the shared decision.
source/bands/mordheim/araby-smugglers-sar/equipment-access.yaml/@/equipment_lists/0/items/5/notes/unclassified,bands/mordheim/araby-smugglers-sar/equipment-access.yaml,current,YES,equipment equivalence encoded as weapon.sword,"pricing/rarity part, if any",covered,item/sword_scimitar,catalog/items record sword_scimitar: kind=close-combat-weapon mechanic_id=weapon.sword,catalogue.mappings / carriedItemFacts in packages/typescript/domain/eligibility/index.ts,code inspection only; no test executed for this lot entry,,list=corsair-equipment-list,,None; the item identity is the canonical equivalence.,Item keeps its implemented mechanic mapping.
source/bands/mordheim/araby-smugglers-sar/equipment-access.yaml/@/equipment_lists/1/items/1/notes/unclassified,bands/mordheim/araby-smugglers-sar/equipment-access.yaml,current,YES,equipment equivalence encoded as weapon.mace,"pricing/rarity part, if any",covered,item/mace_hammer,catalog/items record mace_hammer: kind=close-combat-weapon mechanic_id=weapon.mace,catalogue.mappings / carriedItemFacts in packages/typescript/domain/eligibility/index.ts,code inspection only; no test executed for this lot entry,,list=janissary-equipment-list,,None; the item identity is the canonical equivalence.,Item keeps its implemented mechanic mapping.
source/bands/mordheim/araby-smugglers-sar/equipment-access.yaml/@/equipment_lists/1/items/3/notes/unclassified,bands/mordheim/araby-smugglers-sar/equipment-access.yaml,current,YES,equipment equivalence encoded as weapon.sword,"pricing/rarity part, if any",covered,item/sword_scimitar,catalog/items record sword_scimitar: kind=close-combat-weapon mechanic_id=weapon.sword,catalogue.mappings / carriedItemFacts in packages/typescript/domain/eligibility/index.ts,code inspection only; no test executed for this lot entry,,list=janissary-equipment-list,,None; the item identity is the canonical equivalence.,Item keeps its implemented mechanic mapping.
source/bands/mordheim/araby-smugglers-sar/equipment-access.yaml/@/equipment_lists/2/items/1/notes/unclassified,bands/mordheim/araby-smugglers-sar/equipment-access.yaml,current,YES,equipment equivalence encoded as weapon.mace,"pricing/rarity part, if any",covered,item/mace_hammer,catalog/items record mace_hammer: kind=close-combat-weapon mechanic_id=weapon.mace,catalogue.mappings / carriedItemFacts in packages/typescript/domain/eligibility/index.ts,code inspection only; no test executed for this lot entry,,list=slave-equipment-list,,None; the item identity is the canonical equivalence.,Item keeps its implemented mechanic mapping.
source/bands/mordheim/araby-smugglers-sar/equipment-access.yaml/@/equipment_lists/2/items/4/notes/unclassified,bands/mordheim/araby-smugglers-sar/equipment-access.yaml,current,YES,equipment equivalence encoded as weapon.cutlass,"pricing/rarity part, if any",covered,item/cutlass_sword,catalog/items record cutlass_sword: kind=close-combat-weapon mechanic_id=weapon.cutlass,catalogue.mappings / carriedItemFacts in packages/typescript/domain/eligibility/index.ts,code inspection only; no test executed for this lot entry,,list=slave-equipment-list,,None; the item identity is the canonical equivalence.,Item keeps its implemented mechanic mapping.
source/bands/mordheim/averlanders/equipment-access.yaml/@/equipment_lists/0/items/10/notes/unclassified,bands/mordheim/averlanders/equipment-access.yaml,current,YES,named bearer restriction: '35 gc (Bergjaeger only)',"price/rarity clauses, if any",metadata_gap,item/hunting_arrows,equipment-access entry hunting_arrows carries the restriction only as prose notes,equipmentIssue offers the item to every declared user of list scout-equipment-list (shared eligibility ignores notes),code inspection only; no test executed for this lot entry,A structured recipient/restriction fact for the bearer clause.,list=scout-equipment-list,,Model the bearer restriction (item access or list scope); reuse shared eligibility.,A non-recipient is refused and an intended recipient is accepted by the shared decision.
source/bands/mordheim/averlanders/equipment-access.yaml/@/equipment_lists/0/items/6/notes/unclassified,bands/mordheim/averlanders/equipment-access.yaml,current,YES,named bearer restriction: '15 gc (Bergjaeger only)',"price/rarity clauses, if any",metadata_gap,item/long_bow,equipment-access entry long_bow carries the restriction only as prose notes,equipmentIssue offers the item to every declared user of list scout-equipment-list (shared eligibility ignores notes),code inspection only; no test executed for this lot entry,A structured recipient/restriction fact for the bearer clause.,list=scout-equipment-list,,Model the bearer restriction (item access or list scope); reuse shared eligibility.,A non-recipient is refused and an intended recipient is accepted by the shared decision.
source/bands/mordheim/black-orcs/equipment-access.yaml/@/equipment_lists/1/items/5/notes/unclassified,bands/mordheim/black-orcs/equipment-access.yaml,current,YES,named bearer restriction: 'Boyz and Nuttaz only.',"price/rarity clauses, if any",metadata_gap,item/great_weapon,equipment-access entry great_weapon carries the restriction only as prose notes,equipmentIssue offers the item to every declared user of list henchmen-list (shared eligibility ignores notes),code inspection only; no test executed for this lot entry,A structured recipient/restriction fact for the bearer clause.,list=henchmen-list,,Model the bearer restriction (item access or list scope); reuse shared eligibility.,A non-recipient is refused and an intended recipient is accepted by the shared decision.
source/bands/mordheim/black-orcs/equipment-access.yaml/@/equipment_lists/1/items/7/notes/unclassified,bands/mordheim/black-orcs/equipment-access.yaml,current,YES,named bearer restriction: 'Shootaz only.',"price/rarity clauses, if any",metadata_gap,item/crossbow,equipment-access entry crossbow carries the restriction only as prose notes,equipmentIssue offers the item to every declared user of list henchmen-list (shared eligibility ignores notes),code inspection only; no test executed for this lot entry,A structured recipient/restriction fact for the bearer clause.,list=henchmen-list,,Model the bearer restriction (item access or list scope); reuse shared eligibility.,A non-recipient is refused and an intended recipient is accepted by the shared decision.
source/bands/mordheim/bretonnian-brigands-mou/equipment-access.yaml/@/equipment_lists/0/items/10/notes/unclassified,bands/mordheim/bretonnian-brigands-mou/equipment-access.yaml,current,YES,named bearer restriction: 'Heroes Only Heroes only.',"price/rarity clauses, if any",metadata_gap,item/heavy_armour,equipment-access entry heavy_armour carries the restriction only as prose notes,equipmentIssue offers the item to every declared user of list brigand-equipment-list (shared eligibility ignores notes),code inspection only; no test executed for this lot entry,A structured recipient/restriction fact for the bearer clause.,list=brigand-equipment-list,,Model the bearer restriction (item access or list scope); reuse shared eligibility.,A non-recipient is refused and an intended recipient is accepted by the shared decision.
source/bands/mordheim/bretonnian-brigands-mou/equipment-access.yaml/@/equipment_lists/0/items/11/notes/unclassified,bands/mordheim/bretonnian-brigands-mou/equipment-access.yaml,current,YES,named bearer restriction: 'Heroes Only; starting price only Heroes only.',"price/rarity clauses, if any",metadata_gap,item/barding,equipment-access entry barding carries the restriction only as prose notes,equipmentIssue offers the item to every declared user of list brigand-equipment-list (shared eligibility ignores notes),code inspection only; no test executed for this lot entry,A structured recipient/restriction fact for the bearer clause.,list=brigand-equipment-list,,Model the bearer restriction (item access or list scope); reuse shared eligibility.,A non-recipient is refused and an intended recipient is accepted by the shared decision.
source/bands/mordheim/bretonnian-brigands-mou/equipment-access.yaml/@/equipment_lists/0/items/12/notes/unclassified,bands/mordheim/bretonnian-brigands-mou/equipment-access.yaml,current,YES,Fallen Noble Extra Equipment (TC 7),,metadata_gap,item/rapier,equipment-access entry rapier notes (prose),notes are not consumed by the shared eligibility decisions,code inspection only; no test executed for this lot entry,"Structured construction fact for the printed note, or an explicit exclusion disposition.",list=brigand-equipment-list,,"Reconcile the note against the item/mechanic and encode the admitted clause, or record exclusion.",Clause has a structured disposition (encoded or explicitly excluded).
source/bands/mordheim/bretonnian-brigands-mou/equipment-access.yaml/@/equipment_lists/0/items/13/notes/unclassified,bands/mordheim/bretonnian-brigands-mou/equipment-access.yaml,current,YES,Fallen Noble Extra Equipment,,metadata_gap,item/halberd,equipment-access entry halberd notes (prose),notes are not consumed by the shared eligibility decisions,code inspection only; no test executed for this lot entry,"Structured construction fact for the printed note, or an explicit exclusion disposition.",list=brigand-equipment-list,,"Reconcile the note against the item/mechanic and encode the admitted clause, or record exclusion.",Clause has a structured disposition (encoded or explicitly excluded).
source/bands/mordheim/bretonnian-brigands-mou/equipment-access.yaml/@/equipment_lists/0/items/14/notes/unclassified,bands/mordheim/bretonnian-brigands-mou/equipment-access.yaml,current,YES,Fallen Noble Extra Equipment,,metadata_gap,item/lance,equipment-access entry lance notes (prose),notes are not consumed by the shared eligibility decisions,code inspection only; no test executed for this lot entry,"Structured construction fact for the printed note, or an explicit exclusion disposition.",list=brigand-equipment-list,,"Reconcile the note against the item/mechanic and encode the admitted clause, or record exclusion.",Clause has a structured disposition (encoded or explicitly excluded).
source/bands/mordheim/bretonnian-brigands-mou/equipment-access.yaml/@/equipment_lists/0/items/17/notes/unclassified,bands/mordheim/bretonnian-brigands-mou/equipment-access.yaml,current,YES,named bearer restriction: 'Heroes Only Heroes only.',"price/rarity clauses, if any",metadata_gap,item/crossbow,equipment-access entry crossbow carries the restriction only as prose notes,equipmentIssue offers the item to every declared user of list brigand-equipment-list (shared eligibility ignores notes),code inspection only; no test executed for this lot entry,A structured recipient/restriction fact for the bearer clause.,list=brigand-equipment-list,,Model the bearer restriction (item access or list scope); reuse shared eligibility.,A non-recipient is refused and an intended recipient is accepted by the shared decision.
source/bands/mordheim/bretonnian-brigands-mou/equipment-access.yaml/@/equipment_lists/0/items/18/notes/unclassified,bands/mordheim/bretonnian-brigands-mou/equipment-access.yaml,current,YES,named bearer restriction: 'Heroes Only; starting price only Heroes only; starting price only.',"price/rarity clauses, if any",metadata_gap,item/horse,equipment-access entry horse carries the restriction only as prose notes,equipmentIssue offers the item to every declared user of list brigand-equipment-list (shared eligibility ignores notes),code inspection only; no test executed for this lot entry,A structured recipient/restriction fact for the bearer clause.,list=brigand-equipment-list,,Model the bearer restriction (item access or list scope); reuse shared eligibility.,A non-recipient is refused and an intended recipient is accepted by the shared decision.
source/bands/mordheim/bretonnian-brigands-mou/equipment-access.yaml/@/equipment_lists/0/items/19/notes/unclassified,bands/mordheim/bretonnian-brigands-mou/equipment-access.yaml,current,YES,named bearer restriction: 'Heroes Only; starting price only Heroes only; starting price only.',"price/rarity clauses, if any",metadata_gap,item/warhorse,equipment-access entry warhorse carries the restriction only as prose notes,equipmentIssue offers the item to every declared user of list brigand-equipment-list (shared eligibility ignores notes),code inspection only; no test executed for this lot entry,A structured recipient/restriction fact for the bearer clause.,list=brigand-equipment-list,,Model the bearer restriction (item access or list scope); reuse shared eligibility.,A non-recipient is refused and an intended recipient is accepted by the shared decision.
source/bands/mordheim/bretonnian-buccaneers-sar/profiles.yaml/@/profiles/0/equipment_restrictions/0/unclassified,bands/mordheim/bretonnian-buccaneers-sar/profiles.yaml,current,YES,May not wear armour.,,metadata_gap,bretonnian-buccaneers-sar/captain,profiles.yaml equipment_restrictions prose only; no applicable special-rule binding in sources/knowledge/bands/mordheim/bretonnian-buccaneers-sar/special-rules.yaml,packages/typescript/domain/eligibility/index.ts equipmentIssue / profileFactsProjection carries no structured token or offer for this clause,"executed: compile_fighter(collection=mordheim, bretonnian-buccaneers-sar/captain, armour_id=armour.light-armour) -> ACCEPTED",Canonical structured fact/binding (prohibition token or item access) for the printed clause.,bands/mordheim/bretonnian-buccaneers-sar/profiles.yaml,T13-F041,Add a canonical profile.equipment-restrictions binding or item access; do not encode the clause as free-text matching.,The printed clause has a structured canonical fact and a shared-decision case.
source/bands/mordheim/bretonnian-buccaneers-sar/profiles.yaml/@/profiles/1/equipment_restrictions/0/unclassified,bands/mordheim/bretonnian-buccaneers-sar/profiles.yaml,current,YES,May not wear armour.,,metadata_gap,bretonnian-buccaneers-sar/mates,profiles.yaml equipment_restrictions prose only; no applicable special-rule binding in sources/knowledge/bands/mordheim/bretonnian-buccaneers-sar/special-rules.yaml,packages/typescript/domain/eligibility/index.ts equipmentIssue / profileFactsProjection carries no structured token or offer for this clause,"executed: compile_fighter(collection=mordheim, bretonnian-buccaneers-sar/mates, armour_id=armour.light-armour) -> ACCEPTED",Canonical structured fact/binding (prohibition token or item access) for the printed clause.,bands/mordheim/bretonnian-buccaneers-sar/profiles.yaml,T13-F041,Add a canonical profile.equipment-restrictions binding or item access; do not encode the clause as free-text matching.,The printed clause has a structured canonical fact and a shared-decision case.
source/bands/mordheim/bretonnian-buccaneers-sar/profiles.yaml/@/profiles/2/equipment_restrictions/0/unclassified,bands/mordheim/bretonnian-buccaneers-sar/profiles.yaml,current,YES,May not wear armour.,,metadata_gap,bretonnian-buccaneers-sar/cabin-boys,profiles.yaml equipment_restrictions prose only; no applicable special-rule binding in sources/knowledge/bands/mordheim/bretonnian-buccaneers-sar/special-rules.yaml,packages/typescript/domain/eligibility/index.ts equipmentIssue / profileFactsProjection carries no structured token or offer for this clause,"executed: compile_fighter(collection=mordheim, bretonnian-buccaneers-sar/cabin-boys, armour_id=armour.light-armour) -> ACCEPTED",Canonical structured fact/binding (prohibition token or item access) for the printed clause.,bands/mordheim/bretonnian-buccaneers-sar/profiles.yaml,T13-F041,Add a canonical profile.equipment-restrictions binding or item access; do not encode the clause as free-text matching.,The printed clause has a structured canonical fact and a shared-decision case.
source/bands/mordheim/bretonnian-buccaneers-sar/profiles.yaml/@/profiles/3/equipment_restrictions/0/unclassified,bands/mordheim/bretonnian-buccaneers-sar/profiles.yaml,current,YES,May not wear armour.,,metadata_gap,bretonnian-buccaneers-sar/crew,profiles.yaml equipment_restrictions prose only; no applicable special-rule binding in sources/knowledge/bands/mordheim/bretonnian-buccaneers-sar/special-rules.yaml,packages/typescript/domain/eligibility/index.ts equipmentIssue / profileFactsProjection carries no structured token or offer for this clause,"executed: compile_fighter(collection=mordheim, bretonnian-buccaneers-sar/crew, armour_id=armour.light-armour) -> ACCEPTED",Canonical structured fact/binding (prohibition token or item access) for the printed clause.,bands/mordheim/bretonnian-buccaneers-sar/profiles.yaml,T13-F041,Add a canonical profile.equipment-restrictions binding or item access; do not encode the clause as free-text matching.,The printed clause has a structured canonical fact and a shared-decision case.
source/bands/mordheim/bretonnian-buccaneers-sar/profiles.yaml/@/profiles/4/equipment_restrictions/0/unclassified,bands/mordheim/bretonnian-buccaneers-sar/profiles.yaml,current,YES,May not wear armour.,,metadata_gap,bretonnian-buccaneers-sar/gunners,profiles.yaml equipment_restrictions prose only; no applicable special-rule binding in sources/knowledge/bands/mordheim/bretonnian-buccaneers-sar/special-rules.yaml,packages/typescript/domain/eligibility/index.ts equipmentIssue / profileFactsProjection carries no structured token or offer for this clause,"executed: compile_fighter(collection=mordheim, bretonnian-buccaneers-sar/gunners, armour_id=armour.light-armour) -> ACCEPTED",Canonical structured fact/binding (prohibition token or item access) for the printed clause.,bands/mordheim/bretonnian-buccaneers-sar/profiles.yaml,T13-F041,Add a canonical profile.equipment-restrictions binding or item access; do not encode the clause as free-text matching.,The printed clause has a structured canonical fact and a shared-decision case.
source/bands/mordheim/bretonnian-buccaneers-sar/profiles.yaml/@/profiles/5/equipment_restrictions/1/unclassified,bands/mordheim/bretonnian-buccaneers-sar/profiles.yaml,current,YES,May not wear armour.,,metadata_gap,bretonnian-buccaneers-sar/boatswains,profiles.yaml equipment_restrictions prose only; no applicable special-rule binding in sources/knowledge/bands/mordheim/bretonnian-buccaneers-sar/special-rules.yaml,packages/typescript/domain/eligibility/index.ts equipmentIssue / profileFactsProjection carries no structured token or offer for this clause,"executed: compile_fighter(collection=mordheim, bretonnian-buccaneers-sar/boatswains, armour_id=armour.light-armour) -> ACCEPTED",Canonical structured fact/binding (prohibition token or item access) for the printed clause.,bands/mordheim/bretonnian-buccaneers-sar/profiles.yaml,T13-F041,Add a canonical profile.equipment-restrictions binding or item access; do not encode the clause as free-text matching.,The printed clause has a structured canonical fact and a shared-decision case.
source/bands/mordheim/bretonnian-chapel-guard/profiles.yaml/@/profiles/1/equipment_restrictions/0/unclassified,bands/mordheim/bretonnian-chapel-guard/profiles.yaml,current,YES,"May only use non-missile, non-armour items from the Bowmen Equipment List.",,partial,bretonnian-chapel-guard/damsel,prose fallback pattern for armour in profiles.yaml equipment_restrictions,packages/typescript/domain/eligibility/index.ts buildRestriction stage profileSelections (legacy name matching) via mordheim_construction/restrictions.py _validate_profile_selections,"executed: compile_fighter(collection=mordheim, bretonnian-chapel-guard/damsel, armour_id=armour.light-armour) -> armour is forbidden for bretonnian-chapel-guard/damsel",list-limited access,bands/mordheim/bretonnian-chapel-guard/profiles.yaml,T13-F041,None for the enforced token; encode the remaining printed clauses as structured canonical facts.,Every printed clause of the entry has a shared-decision case.
source/bands/mordheim/bretonnian-chapel-guard/profiles.yaml/@/profiles/3/equipment_restrictions/0/unclassified,bands/mordheim/bretonnian-chapel-guard/profiles.yaml,current,YES,May use weapons and armour from the Pilgrims and Bowmen Equipment Lists.,,covered,bretonnian-chapel-guard/squires,"profiles.yaml equipment_lists: pilgrims-equipment-list, bowmen-equipment-list",packages/typescript/domain/eligibility/index.ts profileEquipmentItems / profileFactsProjection,"executed: compile_fighter(collection=mordheim, bretonnian-chapel-guard/squires, armour_id=armour.light-armour) -> ACCEPTED",,bands/mordheim/bretonnian-chapel-guard/profiles.yaml,,None; the declared list is the canonical access.,Clause stays realised by the declared equipment list.
source/bands/mordheim/bretonnian-chapel-guard/profiles.yaml/@/profiles/3/equipment_restrictions/1/unclassified,bands/mordheim/bretonnian-chapel-guard/profiles.yaml,current,YES,"May not take the Holy Relic entry, which is Pilgrim only.",,metadata_gap,bretonnian-chapel-guard/squires,profiles.yaml equipment_restrictions prose only; no applicable special-rule binding in sources/knowledge/bands/mordheim/bretonnian-chapel-guard/special-rules.yaml,packages/typescript/domain/eligibility/index.ts equipmentIssue / profileFactsProjection carries no structured token or offer for this clause,"executed: compile_fighter(collection=mordheim, bretonnian-chapel-guard/squires, armour_id=armour.light-armour) -> ACCEPTED",Canonical structured fact/binding (prohibition token or item access) for the printed clause.,bands/mordheim/bretonnian-chapel-guard/profiles.yaml,T13-F041,Add a canonical profile.equipment-restrictions binding or item access; do not encode the clause as free-text matching.,The printed clause has a structured canonical fact and a shared-decision case.
source/bands/mordheim/bretonnian-chapel-guard/profiles.yaml/@/profiles/3/equipment_restrictions/2/unclassified,bands/mordheim/bretonnian-chapel-guard/profiles.yaml,current,NO,,May not ride a horse unless the Questing Knight and every Knight Errant in the warband are riding warhorses.,out_of_scope,bretonnian-chapel-guard/squires,registry/runtime-scope.yaml excludes movement/mounts from the duel runtime,no consumer required for an excluded clause,"executed: compile_fighter(collection=mordheim, bretonnian-chapel-guard/squires, armour_id=armour.light-armour) -> ACCEPTED",,bands/mordheim/bretonnian-chapel-guard/profiles.yaml,,No duel-construction work required.,Clause stays excluded; no consumer is added.
source/bands/mordheim/bretonnian-knights-errant-mou/equipment-access.yaml/@/equipment_lists/0/items/7/notes/unclassified,bands/mordheim/bretonnian-knights-errant-mou/equipment-access.yaml,current,NO,,"Upgrade from Light Armour to Heavy Armour, +30 gc.",out_of_scope,item/heavy_armour,catalog/campaign/trading-post.yaml owns price/rarity/availability,no duel-construction consumer for acquisition data,code inspection only; no test executed for this lot entry,,list=knights-errant-equipment-list,,No duel-construction work required.,Clause stays excluded from duel construction.
source/bands/mordheim/bretonnian-knights/profiles.yaml/@/profiles/1/equipment_restrictions/0/unclassified,bands/mordheim/bretonnian-knights/profiles.yaml,current,NO,,May not ride a Warhorse unless the Questing Knight also rides one.,out_of_scope,bretonnian-knights/knights-errant,registry/runtime-scope.yaml excludes movement/mounts from the duel runtime,no consumer required for an excluded clause,"executed: compile_fighter(collection=mordheim, bretonnian-knights/knights-errant, armour_id=armour.light-armour) -> ACCEPTED",,bands/mordheim/bretonnian-knights/profiles.yaml,,No duel-construction work required.,Clause stays excluded; no consumer is added.
source/bands/mordheim/bretonnian-knights/profiles.yaml/@/profiles/2/equipment_restrictions/0/unclassified,bands/mordheim/bretonnian-knights/profiles.yaml,current,NO,,May not ride a Horse unless the Questing Knight and every Knight Errant in the warband are riding Warhorses.,out_of_scope,bretonnian-knights/squires,registry/runtime-scope.yaml excludes movement/mounts from the duel runtime,no consumer required for an excluded clause,"executed: compile_fighter(collection=mordheim, bretonnian-knights/squires, armour_id=armour.light-armour) -> ACCEPTED",,bands/mordheim/bretonnian-knights/profiles.yaml,,No duel-construction work required.,Clause stays excluded; no consumer is added.
source/bands/mordheim/brood-of-ghurash-the-sc/equipment-access.yaml/@/equipment_lists/0/items/0/notes/unclassified,bands/mordheim/brood-of-ghurash-the-sc/equipment-access.yaml,current,YES,named bearer restriction: '1st free/2 gc; Henchmen only',"price/rarity clauses, if any",metadata_gap,item/dagger,equipment-access entry dagger carries the restriction only as prose notes,equipmentIssue offers the item to every declared user of list brood-equipment-list (shared eligibility ignores notes),code inspection only; no test executed for this lot entry,A structured recipient/restriction fact for the bearer clause.,list=brood-equipment-list,,Model the bearer restriction (item access or list scope); reuse shared eligibility.,A non-recipient is refused and an intended recipient is accepted by the shared decision.
source/bands/mordheim/carnival-of-chaos/profiles.yaml/@/profiles/3/equipment_restrictions/0/unclassified,bands/mordheim/carnival-of-chaos/profiles.yaml,current,YES,Plague Bearers neither need nor use weapons and cannot wear armour.,,partial,carnival-of-chaos/plague-bearers,prose fallback pattern for armour in profiles.yaml equipment_restrictions,packages/typescript/domain/eligibility/index.ts buildRestriction stage profileSelections (legacy name matching) via mordheim_construction/restrictions.py _validate_profile_selections,"executed: compile_fighter(collection=mordheim, carnival-of-chaos/plague-bearers, armour_id=armour.light-armour) -> equipment is not available to carnival-of-chaos/plague-bearers: ['armour.light-armour']","prohibition masked by list access (executed probe: the family is refused by equipment access, not by the restriction)",bands/mordheim/carnival-of-chaos/profiles.yaml,T13-F041,None for the enforced token; encode the remaining printed clauses as structured canonical facts.,Every printed clause of the entry has a shared-decision case.
source/bands/mordheim/carnival-of-chaos/profiles.yaml/@/profiles/4/equipment_restrictions/0/unclassified,bands/mordheim/carnival-of-chaos/profiles.yaml,current,YES,Nurglings do not use weapons and do not wear armour.,,partial,carnival-of-chaos/nurglings,prose fallback pattern for armour in profiles.yaml equipment_restrictions,packages/typescript/domain/eligibility/index.ts buildRestriction stage profileSelections (legacy name matching) via mordheim_construction/restrictions.py _validate_profile_selections,"executed: compile_fighter(collection=mordheim, carnival-of-chaos/nurglings, armour_id=armour.light-armour) -> equipment is not available to carnival-of-chaos/nurglings: ['armour.light-armour']",weapon prohibition,bands/mordheim/carnival-of-chaos/profiles.yaml,T13-F041,None for the enforced token; encode the remaining printed clauses as structured canonical facts.,Every printed clause of the entry has a shared-decision case.
source/bands/mordheim/carnival-of-chaos/profiles.yaml/@/profiles/6/equipment_restrictions/0/unclassified,bands/mordheim/carnival-of-chaos/profiles.yaml,current,YES,The Plague Cart and its Guardian cannot use weapons or wear armour.,,metadata_gap,carnival-of-chaos/plague-cart,profiles.yaml equipment_restrictions prose only; no applicable special-rule binding in sources/knowledge/bands/mordheim/carnival-of-chaos/special-rules.yaml,packages/typescript/domain/eligibility/index.ts equipmentIssue / profileFactsProjection carries no structured token or offer for this clause,"executed: compile_fighter(collection=mordheim, carnival-of-chaos/plague-cart, armour_id=armour.light-armour) -> equipment is not available to carnival-of-chaos/plague-cart: ['armour.light-armour']",Canonical structured fact/binding (prohibition token or item access) for the printed clause.,bands/mordheim/carnival-of-chaos/profiles.yaml,T13-F041,Add a canonical profile.equipment-restrictions binding or item access; do not encode the clause as free-text matching.,The printed clause has a structured canonical fact and a shared-decision case.
source/bands/mordheim/clan-angrund-kep/equipment-access.yaml/@/equipment_lists/0/items/4/notes/unclassified,bands/mordheim/clan-angrund-kep/equipment-access.yaml,current,YES,"named bearer restriction: 'Special weapon, see Special Weapons / Dwarf Axe. Rare (Dwarfs only).'","price/rarity clauses, if any",metadata_gap,item/dwarf_axe,equipment-access entry dwarf_axe carries the restriction only as prose notes,equipmentIssue offers the item to every declared user of list dwarf-warrior-equipment-list (shared eligibility ignores notes),code inspection only; no test executed for this lot entry,A structured recipient/restriction fact for the bearer clause.,list=dwarf-warrior-equipment-list,,Model the bearer restriction (item access or list scope); reuse shared eligibility.,A non-recipient is refused and an intended recipient is accepted by the shared decision.
source/bands/mordheim/clan-angrund-kep/equipment-access.yaml/@/equipment_lists/0/items/9/notes/unclassified,bands/mordheim/clan-angrund-kep/equipment-access.yaml,current,YES,"3 times the cost. Any weapon a Dwarf may normally purchase may be bought as a Gromril weapon instead; the price shown is just used for creating the warband, later purchases use the price chart in the rules.",,metadata_gap,item/gromril_weapon,equipment-access entry gromril_weapon notes (prose),notes are not consumed by the shared eligibility decisions,code inspection only; no test executed for this lot entry,"Structured construction fact for the printed note, or an explicit exclusion disposition.",list=dwarf-warrior-equipment-list,,"Reconcile the note against the item/mechanic and encode the admitted clause, or record exclusion.",Clause has a structured disposition (encoded or explicitly excluded).
source/bands/mordheim/clockworkers-sc/profiles.yaml/@/profiles/5/equipment_restrictions/0/unclassified,bands/mordheim/clockworkers-sc/profiles.yaml,current,YES,Two equipment slots and one armour slot; in-built equipment may not be removed.,,metadata_gap,clockworkers-sc/clockwork-soldiers,profiles.yaml equipment_restrictions prose only; no applicable special-rule binding in sources/knowledge/bands/mordheim/clockworkers-sc/special-rules.yaml,packages/typescript/domain/eligibility/index.ts equipmentIssue / profileFactsProjection carries no structured token or offer for this clause,"executed: compile_fighter(collection=mordheim, clockworkers-sc/clockwork-soldiers, armour_id=armour.light-armour) -> ACCEPTED",Canonical structured fact/binding (prohibition token or item access) for the printed clause.,bands/mordheim/clockworkers-sc/profiles.yaml,T13-F041,Add a canonical profile.equipment-restrictions binding or item access; do not encode the clause as free-text matching.,The printed clause has a structured canonical fact and a shared-decision case.
source/bands/mordheim/clockworkers-sc/profiles.yaml/@/profiles/6/equipment_restrictions/0/unclassified,bands/mordheim/clockworkers-sc/profiles.yaml,current,YES,Four equipment slots and one armour slot; in-built equipment may not be removed.,,metadata_gap,clockworkers-sc/clockwork-fiend,profiles.yaml equipment_restrictions prose only; no applicable special-rule binding in sources/knowledge/bands/mordheim/clockworkers-sc/special-rules.yaml,packages/typescript/domain/eligibility/index.ts equipmentIssue / profileFactsProjection carries no structured token or offer for this clause,"executed: compile_fighter(collection=mordheim, clockworkers-sc/clockwork-fiend, armour_id=armour.light-armour) -> ACCEPTED",Canonical structured fact/binding (prohibition token or item access) for the printed clause.,bands/mordheim/clockworkers-sc/profiles.yaml,T13-F041,Add a canonical profile.equipment-restrictions binding or item access; do not encode the clause as free-text matching.,The printed clause has a structured canonical fact and a shared-decision case.
source/bands/mordheim/crooked-moon-kep/equipment-access.yaml/@/equipment_lists/0/items/8/notes/unclassified,bands/mordheim/crooked-moon-kep/equipment-access.yaml,current,YES,"named bearer restriction: ""Special equipment; see Poison Daggers (Fanatics only in this band's list layout, see source).""","price/rarity clauses, if any",metadata_gap,item/poison_daggers,equipment-access entry poison_daggers carries the restriction only as prose notes,equipmentIssue offers the item to every declared user of list night-goblin-equipment-list (shared eligibility ignores notes),code inspection only; no test executed for this lot entry,A structured recipient/restriction fact for the bearer clause.,list=night-goblin-equipment-list,,Model the bearer restriction (item access or list scope); reuse shared eligibility.,A non-recipient is refused and an intended recipient is accepted by the shared decision.
source/bands/mordheim/crooked-moon-kep/profiles.yaml/@/profiles/3/equipment_restrictions/0/unclassified,bands/mordheim/crooked-moon-kep/profiles.yaml,current,YES,A Squig Hopper can't be equipped with any weapon but can pick armour from the Night Goblins list.,,metadata_gap,crooked-moon-kep/squig-hopper,profiles.yaml equipment_restrictions prose only; no applicable special-rule binding in sources/knowledge/bands/mordheim/crooked-moon-kep/special-rules.yaml,packages/typescript/domain/eligibility/index.ts equipmentIssue / profileFactsProjection carries no structured token or offer for this clause,"executed: compile_fighter(collection=mordheim, crooked-moon-kep/squig-hopper, armour_id=armour.light-armour) -> ACCEPTED",Canonical structured fact/binding (prohibition token or item access) for the printed clause.,bands/mordheim/crooked-moon-kep/profiles.yaml,T13-F041,Add a canonical profile.equipment-restrictions binding or item access; do not encode the clause as free-text matching.,The printed clause has a structured canonical fact and a shared-decision case.
source/bands/mordheim/crooked-moon-kep/profiles.yaml/@/profiles/6/equipment_restrictions/0/unclassified,bands/mordheim/crooked-moon-kep/profiles.yaml,current,YES,Big gob and brutality! Cave Squigs never use weapons or armour.,,partial,crooked-moon-kep/cave-squigs,prose fallback pattern for armour in profiles.yaml equipment_restrictions,packages/typescript/domain/eligibility/index.ts buildRestriction stage profileSelections (legacy name matching) via mordheim_construction/restrictions.py _validate_profile_selections,"executed: compile_fighter(collection=mordheim, crooked-moon-kep/cave-squigs, armour_id=armour.light-armour) -> equipment is not available to crooked-moon-kep/cave-squigs: ['armour.light-armour']",weapon prohibition,bands/mordheim/crooked-moon-kep/profiles.yaml,T13-F041,None for the enforced token; encode the remaining printed clauses as structured canonical facts.,Every printed clause of the entry has a shared-decision case.
source/bands/mordheim/crooked-moon-kep/profiles.yaml/@/profiles/7/equipment_restrictions/0/unclassified,bands/mordheim/crooked-moon-kep/profiles.yaml,current,YES,"Trolls do not require weapons to fight but often carry a big club. In any event, Trolls can never be given weapons or armour.",,metadata_gap,crooked-moon-kep/troll,profiles.yaml equipment_restrictions prose only; no applicable special-rule binding in sources/knowledge/bands/mordheim/crooked-moon-kep/special-rules.yaml,packages/typescript/domain/eligibility/index.ts equipmentIssue / profileFactsProjection carries no structured token or offer for this clause,"executed: compile_fighter(collection=mordheim, crooked-moon-kep/troll, armour_id=armour.light-armour) -> equipment is not available to crooked-moon-kep/troll: ['armour.light-armour']",Canonical structured fact/binding (prohibition token or item access) for the printed clause.,bands/mordheim/crooked-moon-kep/profiles.yaml,T13-F041,Add a canonical profile.equipment-restrictions binding or item access; do not encode the clause as free-text matching.,The printed clause has a structured canonical fact and a shared-decision case.
source/bands/mordheim/crooked-moon-kep/profiles.yaml/@/profiles/8/equipment_restrictions/0/unclassified,bands/mordheim/crooked-moon-kep/profiles.yaml,current,YES,"Snotlings may only ever use a pointy stick, which they will find for themselves at no cost. This counts as a dagger and gives the enemy a +1 to his armour save or a 6+ save if he had none.",,metadata_gap,crooked-moon-kep/snotling-mob,profiles.yaml equipment_restrictions prose only; no applicable special-rule binding in sources/knowledge/bands/mordheim/crooked-moon-kep/special-rules.yaml,packages/typescript/domain/eligibility/index.ts equipmentIssue / profileFactsProjection carries no structured token or offer for this clause,"executed: compile_fighter(collection=mordheim, crooked-moon-kep/snotling-mob, armour_id=armour.light-armour) -> equipment is not available to crooked-moon-kep/snotling-mob: ['armour.light-armour']",Canonical structured fact/binding (prohibition token or item access) for the printed clause.,bands/mordheim/crooked-moon-kep/profiles.yaml,T13-F041,Add a canonical profile.equipment-restrictions binding or item access; do not encode the clause as free-text matching.,The printed clause has a structured canonical fact and a shared-decision case.
source/bands/mordheim/cursed-cavalcade/profiles.yaml/@/profiles/3/equipment_restrictions/0/unclassified,bands/mordheim/cursed-cavalcade/profiles.yaml,current,YES,Must use one hand to play a flute or other instrument.,,covered,cursed-cavalcade/cursed-piper,prose fallback pattern for off-hand in profiles.yaml equipment_restrictions,packages/typescript/domain/eligibility/index.ts buildRestriction stage profileSelections (legacy name matching) via mordheim_construction/restrictions.py _validate_profile_selections,"executed: compile_fighter(collection=mordheim, cursed-cavalcade/cursed-piper, armour_id=armour.light-armour) -> ACCEPTED",,bands/mordheim/cursed-cavalcade/profiles.yaml,T13-F041,None for Combat Lab; note the Warband Manager batch projection (construction.ts equipmentIssueFor) does not apply the prose fallback.,Clause stays enforced on the Combat Lab compiler path.
source/bands/mordheim/cursed-cavalcade/profiles.yaml/@/profiles/3/equipment_restrictions/1/unclassified,bands/mordheim/cursed-cavalcade/profiles.yaml,current,YES,"May not use an off-hand weapon, a double-handed weapon, a brace of pistols of any kind, Bows, or Crossbows.",,partial,cursed-cavalcade/cursed-piper,prose fallback pattern for off-hand in profiles.yaml equipment_restrictions,packages/typescript/domain/eligibility/index.ts buildRestriction stage profileSelections (legacy name matching) via mordheim_construction/restrictions.py _validate_profile_selections,"executed: compile_fighter(collection=mordheim, cursed-cavalcade/cursed-piper, armour_id=armour.light-armour) -> ACCEPTED",double-handed prohibition,bands/mordheim/cursed-cavalcade/profiles.yaml,T13-F041,None for the enforced token; encode the remaining printed clauses as structured canonical facts.,Every printed clause of the entry has a shared-decision case.
source/bands/mordheim/cursed-cavalcade/profiles.yaml/@/profiles/6/equipment_restrictions/0/unclassified,bands/mordheim/cursed-cavalcade/profiles.yaml,current,YES,Great Bears never use weapons or armour and do not need them to fight effectively.,,partial,cursed-cavalcade/great-bear,prose fallback pattern for armour in profiles.yaml equipment_restrictions,packages/typescript/domain/eligibility/index.ts buildRestriction stage profileSelections (legacy name matching) via mordheim_construction/restrictions.py _validate_profile_selections,"executed: compile_fighter(collection=mordheim, cursed-cavalcade/great-bear, armour_id=armour.light-armour) -> equipment is not available to cursed-cavalcade/great-bear: ['armour.light-armour']",weapon prohibition,bands/mordheim/cursed-cavalcade/profiles.yaml,T13-F041,None for the enforced token; encode the remaining printed clauses as structured canonical facts.,Every printed clause of the entry has a shared-decision case.
source/bands/mordheim/cursed-cavalcade/profiles.yaml/@/profiles/7/equipment_restrictions/0/unclassified,bands/mordheim/cursed-cavalcade/profiles.yaml,current,YES,Wild Beasts never use weapons or armour and do not need them to fight effectively.,,partial,cursed-cavalcade/wild-beasts,prose fallback pattern for armour in profiles.yaml equipment_restrictions,packages/typescript/domain/eligibility/index.ts buildRestriction stage profileSelections (legacy name matching) via mordheim_construction/restrictions.py _validate_profile_selections,"executed: compile_fighter(collection=mordheim, cursed-cavalcade/wild-beasts, armour_id=armour.light-armour) -> equipment is not available to cursed-cavalcade/wild-beasts: ['armour.light-armour']",weapon prohibition,bands/mordheim/cursed-cavalcade/profiles.yaml,T13-F041,None for the enforced token; encode the remaining printed clauses as structured canonical facts.,Every printed clause of the entry has a shared-decision case.
source/bands/mordheim/cursed-cavalcade/profiles.yaml/@/profiles/8/equipment_restrictions/0/unclassified,bands/mordheim/cursed-cavalcade/profiles.yaml,current,YES,A Fighting Ape never uses weapons or armour and does not need them to fight effectively.,,metadata_gap,cursed-cavalcade/fighting-ape,profiles.yaml equipment_restrictions prose only; no applicable special-rule binding in sources/knowledge/bands/mordheim/cursed-cavalcade/special-rules.yaml,packages/typescript/domain/eligibility/index.ts equipmentIssue / profileFactsProjection carries no structured token or offer for this clause,"executed: compile_fighter(collection=mordheim, cursed-cavalcade/fighting-ape, armour_id=armour.light-armour) -> equipment is not available to cursed-cavalcade/fighting-ape: ['armour.light-armour']",Canonical structured fact/binding (prohibition token or item access) for the printed clause.,bands/mordheim/cursed-cavalcade/profiles.yaml,T13-F041,Add a canonical profile.equipment-restrictions binding or item access; do not encode the clause as free-text matching.,The printed clause has a structured canonical fact and a shared-decision case.
source/bands/mordheim/dark-elves/profiles.yaml/@/profiles/2/equipment_restrictions/0/unclassified,bands/mordheim/dark-elves/profiles.yaml,current,YES,"May use weapons and armour from the Dark Elf Equipment List, but may not use missile weapons of any sort.",,covered,dark-elves/fellblades,compiler.no-missile-weapons; KB grant under sources/knowledge/bands/mordheim/dark-elves/profiles.yaml,packages/typescript/domain/eligibility/index.ts profileFactsProjection / buildRestriction,"executed: compile_fighter(collection=mordheim, dark-elves/fellblades, armour_id=armour.light-armour) -> ACCEPTED",,bands/mordheim/dark-elves/profiles.yaml,T13-F041,None; keep as a regression case.,Clause stays enforced by the named canonical contract.
source/bands/mordheim/dark-elves/profiles.yaml/@/profiles/3/equipment_restrictions/0/unclassified,bands/mordheim/dark-elves/profiles.yaml,current,YES,"May use weapons and armour from the Dark Elf Equipment List, but may not cast spells while wearing armour.",casting/prayer procedure clause,covered,dark-elves/dark-elf-sorceress,profiles.yaml equipment_lists: dark-elf-equipment-list,packages/typescript/domain/eligibility/index.ts profileEquipmentItems / profileFactsProjection,"executed: compile_fighter(collection=mordheim, dark-elves/dark-elf-sorceress, armour_id=armour.light-armour) -> ACCEPTED",,bands/mordheim/dark-elves/profiles.yaml,,None; the declared list is the canonical access.,Clause stays realised by the declared equipment list.
source/bands/mordheim/dark-elves/profiles.yaml/@/profiles/6/equipment_restrictions/0/unclassified,bands/mordheim/dark-elves/profiles.yaml,current,YES,Cold One Beasthounds are animals and use only their claws and jaws; they do not use weapons or armour.,,metadata_gap,dark-elves/cold-one-beasthounds,profiles.yaml equipment_restrictions prose only; no applicable special-rule binding in sources/knowledge/bands/mordheim/dark-elves/special-rules.yaml,packages/typescript/domain/eligibility/index.ts equipmentIssue / profileFactsProjection carries no structured token or offer for this clause,"executed: compile_fighter(collection=mordheim, dark-elves/cold-one-beasthounds, armour_id=armour.light-armour) -> equipment is not available to dark-elves/cold-one-beasthounds: ['armour.light-armour']",Canonical structured fact/binding (prohibition token or item access) for the printed clause.,bands/mordheim/dark-elves/profiles.yaml,T13-F041,Add a canonical profile.equipment-restrictions binding or item access; do not encode the clause as free-text matching.,The printed clause has a structured canonical fact and a shared-decision case.
source/bands/mordheim/dreamwalkers-cult-of-morr-fbg/profiles.yaml/@/profiles/1/equipment_restrictions/0/unclassified,bands/mordheim/dreamwalkers-cult-of-morr-fbg/profiles.yaml,current,YES,May only be armed with a Dagger and a Scythe; may never wear armour.,,partial,dreamwalkers-cult-of-morr-fbg/priest-of-morr,prose fallback pattern for armour in profiles.yaml equipment_restrictions,packages/typescript/domain/eligibility/index.ts buildRestriction stage profileSelections (legacy name matching) via mordheim_construction/restrictions.py _validate_profile_selections,"executed: compile_fighter(collection=mordheim, dreamwalkers-cult-of-morr-fbg/priest-of-morr, armour_id=armour.light-armour) -> equipment is not available to dreamwalkers-cult-of-morr-fbg/priest-of-morr: ['armour.light-armour']","prohibition masked by list access (executed probe: the family is refused by equipment access, not by the restriction)",bands/mordheim/dreamwalkers-cult-of-morr-fbg/profiles.yaml,T13-F041,None for the enforced token; encode the remaining printed clauses as structured canonical facts.,Every printed clause of the entry has a shared-decision case.
source/bands/mordheim/dreamwalkers-cult-of-morr-fbg/profiles.yaml/@/profiles/2/equipment_restrictions/0/unclassified,bands/mordheim/dreamwalkers-cult-of-morr-fbg/profiles.yaml,current,NO,,"If using optional mounted rules, may ride a Warhorse (Warhorse profile 8/3/0/3/3/1/3/1/5), increasing save to +4 while mounted.",out_of_scope,dreamwalkers-cult-of-morr-fbg/black-guards,registry/runtime-scope.yaml excludes movement/mounts from the duel runtime,no consumer required for an excluded clause,"executed: compile_fighter(collection=mordheim, dreamwalkers-cult-of-morr-fbg/black-guards, armour_id=armour.light-armour) -> ACCEPTED",,bands/mordheim/dreamwalkers-cult-of-morr-fbg/profiles.yaml,,No duel-construction work required.,Clause stays excluded; no consumer is added.
source/bands/mordheim/druchii-mic/profiles.yaml/@/profiles/4/equipment_restrictions/0/unclassified,bands/mordheim/druchii-mic/profiles.yaml,current,YES,"In addition to their list, Corsairs may wear Sea Dragon Cloaks even though they are not Heroes.",,metadata_gap,druchii-mic/corsairs,profiles.yaml equipment_restrictions prose only; no applicable special-rule binding in sources/knowledge/bands/mordheim/druchii-mic/special-rules.yaml,packages/typescript/domain/eligibility/index.ts equipmentIssue / profileFactsProjection carries no structured token or offer for this clause,"executed: compile_fighter(collection=mordheim, druchii-mic/corsairs, armour_id=armour.light-armour) -> ACCEPTED",Canonical structured fact/binding (prohibition token or item access) for the printed clause.,bands/mordheim/druchii-mic/profiles.yaml,T13-F041,Add a canonical profile.equipment-restrictions binding or item access; do not encode the clause as free-text matching.,The printed clause has a structured canonical fact and a shared-decision case.
source/bands/mordheim/druchii-mic/profiles.yaml/@/profiles/7/equipment_restrictions/0/unclassified,bands/mordheim/druchii-mic/profiles.yaml,current,YES,"Slavehounds are animals and do not need any weapons, save their claws and massive jaws.",,metadata_gap,druchii-mic/slavehounds,profiles.yaml equipment_restrictions prose only; no applicable special-rule binding in sources/knowledge/bands/mordheim/druchii-mic/special-rules.yaml,packages/typescript/domain/eligibility/index.ts equipmentIssue / profileFactsProjection carries no structured token or offer for this clause,"executed: compile_fighter(collection=mordheim, druchii-mic/slavehounds, armour_id=armour.light-armour) -> equipment is not available to druchii-mic/slavehounds: ['armour.light-armour']",Canonical structured fact/binding (prohibition token or item access) for the printed clause.,bands/mordheim/druchii-mic/profiles.yaml,T13-F041,Add a canonical profile.equipment-restrictions binding or item access; do not encode the clause as free-text matching.,The printed clause has a structured canonical fact and a shared-decision case.
source/bands/mordheim/dwarf-rangers/profiles.yaml/@/profiles/1/equipment_restrictions/0/unclassified,bands/mordheim/dwarf-rangers/profiles.yaml,current,YES,"May select weapons from the Dwarf Warrior Equipment List, but the profile entry does not allow armour.",,covered,dwarf-rangers/apprentice-runesmith,prose fallback pattern for armour in profiles.yaml equipment_restrictions,packages/typescript/domain/eligibility/index.ts buildRestriction stage profileSelections (legacy name matching) via mordheim_construction/restrictions.py _validate_profile_selections,"executed: compile_fighter(collection=mordheim, dwarf-rangers/apprentice-runesmith, armour_id=armour.light-armour) -> armour is forbidden for dwarf-rangers/apprentice-runesmith",,bands/mordheim/dwarf-rangers/profiles.yaml,T13-F041,None for Combat Lab; note the Warband Manager batch projection (construction.ts equipmentIssueFor) does not apply the prose fallback.,Clause stays enforced on the Combat Lab compiler path.
source/bands/mordheim/dwarf-slayers-kaz/profiles.yaml/@/profiles/0/equipment_restrictions/0/unclassified,bands/mordheim/dwarf-slayers-kaz/profiles.yaml,current,YES,May not use any missile weapons or armour.,,metadata_gap,dwarf-slayers-kaz/giant-slayer,profiles.yaml equipment_restrictions prose only; no applicable special-rule binding in sources/knowledge/bands/mordheim/dwarf-slayers-kaz/special-rules.yaml,packages/typescript/domain/eligibility/index.ts equipmentIssue / profileFactsProjection carries no structured token or offer for this clause,"executed: compile_fighter(collection=mordheim, dwarf-slayers-kaz/giant-slayer, armour_id=armour.light-armour) -> ACCEPTED",Canonical structured fact/binding (prohibition token or item access) for the printed clause.,bands/mordheim/dwarf-slayers-kaz/profiles.yaml,T13-F041,Add a canonical profile.equipment-restrictions binding or item access; do not encode the clause as free-text matching.,The printed clause has a structured canonical fact and a shared-decision case.
source/bands/mordheim/dwarf-slayers-kaz/profiles.yaml/@/profiles/1/equipment_restrictions/0/unclassified,bands/mordheim/dwarf-slayers-kaz/profiles.yaml,current,YES,May not use any missile weapons or armour.,,metadata_gap,dwarf-slayers-kaz/troll-slayers,profiles.yaml equipment_restrictions prose only; no applicable special-rule binding in sources/knowledge/bands/mordheim/dwarf-slayers-kaz/special-rules.yaml,packages/typescript/domain/eligibility/index.ts equipmentIssue / profileFactsProjection carries no structured token or offer for this clause,"executed: compile_fighter(collection=mordheim, dwarf-slayers-kaz/troll-slayers, armour_id=armour.light-armour) -> ACCEPTED",Canonical structured fact/binding (prohibition token or item access) for the printed clause.,bands/mordheim/dwarf-slayers-kaz/profiles.yaml,T13-F041,Add a canonical profile.equipment-restrictions binding or item access; do not encode the clause as free-text matching.,The printed clause has a structured canonical fact and a shared-decision case.
source/bands/mordheim/dwarf-slayers-kaz/profiles.yaml/@/profiles/2/equipment_restrictions/0/unclassified,bands/mordheim/dwarf-slayers-kaz/profiles.yaml,current,YES,"Random race at recruitment — roll a D6; 1-4 he is a Dwarf, 5-6 he is a Human. If you do not wish to hire whichever race you roll then you must wait until after your next game before trying again. A Human Rememberer is instead equipped from the Mercenary equipment list in the Mordheim rulebook (M 4, WS 4, BS 2, S 3, T 3, W 1, I 4, A 1, Ld 7).",,metadata_gap,dwarf-slayers-kaz/rememberer,profiles.yaml equipment_restrictions prose only; no applicable special-rule binding in sources/knowledge/bands/mordheim/dwarf-slayers-kaz/special-rules.yaml,packages/typescript/domain/eligibility/index.ts equipmentIssue / profileFactsProjection carries no structured token or offer for this clause,"executed: compile_fighter(collection=mordheim, dwarf-slayers-kaz/rememberer, armour_id=armour.light-armour) -> ACCEPTED",Canonical structured fact/binding (prohibition token or item access) for the printed clause.,bands/mordheim/dwarf-slayers-kaz/profiles.yaml,T13-F041,Add a canonical profile.equipment-restrictions binding or item access; do not encode the clause as free-text matching.,The printed clause has a structured canonical fact and a shared-decision case.
source/bands/mordheim/dwarf-slayers-kaz/profiles.yaml/@/profiles/3/equipment_restrictions/0/unclassified,bands/mordheim/dwarf-slayers-kaz/profiles.yaml,current,YES,May not use any missile weapons or armour.,,metadata_gap,dwarf-slayers-kaz/slayers,profiles.yaml equipment_restrictions prose only; no applicable special-rule binding in sources/knowledge/bands/mordheim/dwarf-slayers-kaz/special-rules.yaml,packages/typescript/domain/eligibility/index.ts equipmentIssue / profileFactsProjection carries no structured token or offer for this clause,"executed: compile_fighter(collection=mordheim, dwarf-slayers-kaz/slayers, armour_id=armour.light-armour) -> ACCEPTED",Canonical structured fact/binding (prohibition token or item access) for the printed clause.,bands/mordheim/dwarf-slayers-kaz/profiles.yaml,T13-F041,Add a canonical profile.equipment-restrictions binding or item access; do not encode the clause as free-text matching.,The printed clause has a structured canonical fact and a shared-decision case.
source/bands/mordheim/estalian-corsairs-sar/equipment-access.yaml/@/equipment_lists/0/items/1/notes/unclassified,bands/mordheim/estalian-corsairs-sar/equipment-access.yaml,current,YES,equipment equivalence encoded as weapon.mace,"pricing/rarity part, if any",covered,item/hammer,catalog/items record hammer: kind=close-combat-weapon mechanic_id=weapon.mace,catalogue.mappings / carriedItemFacts in packages/typescript/domain/eligibility/index.ts,code inspection only; no test executed for this lot entry,,list=pirate-equipment-list,,None; the item identity is the canonical equivalence.,Item keeps its implemented mechanic mapping.
source/bands/mordheim/estalian-corsairs-sar/equipment-access.yaml/@/equipment_lists/0/items/16/notes/unclassified,bands/mordheim/estalian-corsairs-sar/equipment-access.yaml,current,YES,named bearer restriction: 'Estalians only Estalians only.',"price/rarity clauses, if any",metadata_gap,item/heavy_armour,equipment-access entry heavy_armour carries the restriction only as prose notes,equipmentIssue offers the item to every declared user of list pirate-equipment-list (shared eligibility ignores notes),code inspection only; no test executed for this lot entry,A structured recipient/restriction fact for the bearer clause.,list=pirate-equipment-list,,Model the bearer restriction (item access or list scope); reuse shared eligibility.,A non-recipient is refused and an intended recipient is accepted by the shared decision.
source/bands/mordheim/estalian-corsairs-sar/equipment-access.yaml/@/equipment_lists/0/items/4/notes/unclassified,bands/mordheim/estalian-corsairs-sar/equipment-access.yaml,current,YES,named bearer restriction: 'Heroes only',"price/rarity clauses, if any",metadata_gap,item/cat_o_nine_tails,equipment-access entry cat_o_nine_tails carries the restriction only as prose notes,equipmentIssue offers the item to every declared user of list pirate-equipment-list (shared eligibility ignores notes),code inspection only; no test executed for this lot entry,A structured recipient/restriction fact for the bearer clause.,list=pirate-equipment-list,,Model the bearer restriction (item access or list scope); reuse shared eligibility.,A non-recipient is refused and an intended recipient is accepted by the shared decision.
source/bands/mordheim/estalian-corsairs-sar/equipment-access.yaml/@/equipment_lists/0/items/7/notes/unclassified,bands/mordheim/estalian-corsairs-sar/equipment-access.yaml,current,YES,named bearer restriction: 'Estalians only Estalians only.',"price/rarity clauses, if any",metadata_gap,item/rapier,equipment-access entry rapier carries the restriction only as prose notes,equipmentIssue offers the item to every declared user of list pirate-equipment-list (shared eligibility ignores notes),code inspection only; no test executed for this lot entry,A structured recipient/restriction fact for the bearer clause.,list=pirate-equipment-list,,Model the bearer restriction (item access or list scope); reuse shared eligibility.,A non-recipient is refused and an intended recipient is accepted by the shared decision.
source/bands/mordheim/estalian-corsairs-sar/equipment-access.yaml/@/equipment_lists/1/items/1/notes/unclassified,bands/mordheim/estalian-corsairs-sar/equipment-access.yaml,current,YES,equipment equivalence encoded as weapon.mace,"pricing/rarity part, if any",covered,item/hammer,catalog/items record hammer: kind=close-combat-weapon mechanic_id=weapon.mace,catalogue.mappings / carriedItemFacts in packages/typescript/domain/eligibility/index.ts,code inspection only; no test executed for this lot entry,,list=gunner-equipment-list,,None; the item identity is the canonical equivalence.,Item keeps its implemented mechanic mapping.
source/bands/mordheim/estalian-corsairs-sar/equipment-access.yaml/@/equipment_lists/2/items/1/notes/unclassified,bands/mordheim/estalian-corsairs-sar/equipment-access.yaml,current,YES,equipment equivalence encoded as weapon.mace,"pricing/rarity part, if any",covered,item/hammer,catalog/items record hammer: kind=close-combat-weapon mechanic_id=weapon.mace,catalogue.mappings / carriedItemFacts in packages/typescript/domain/eligibility/index.ts,code inspection only; no test executed for this lot entry,,list=swabbie-equipment-list,,None; the item identity is the canonical equivalence.,Item keeps its implemented mechanic mapping.
source/bands/mordheim/forest-goblins-lus/equipment-access.yaml/@/equipment_lists/2/items/0/notes/unclassified,bands/mordheim/forest-goblins-lus/equipment-access.yaml,current,YES,named bearer restriction: 'Chieftain or Bosses only',"price/rarity clauses, if any",metadata_gap,item/boss_pole,equipment-access entry boss_pole carries the restriction only as prose notes,equipmentIssue offers the item to every declared user of list special-forest-goblin-equipment (shared eligibility ignores notes),code inspection only; no test executed for this lot entry,A structured recipient/restriction fact for the bearer clause.,list=special-forest-goblin-equipment,,Model the bearer restriction (item access or list scope); reuse shared eligibility.,A non-recipient is refused and an intended recipient is accepted by the shared decision.
source/bands/mordheim/forest-goblins-lus/equipment-access.yaml/@/equipment_lists/2/items/5/notes/unclassified,bands/mordheim/forest-goblins-lus/equipment-access.yaml,current,NO,,Rare 5; optional mounts,out_of_scope,item/arachnid_mount,catalog/campaign/trading-post.yaml owns price/rarity/availability,no duel-construction consumer for acquisition data,code inspection only; no test executed for this lot entry,,list=special-forest-goblin-equipment,,No duel-construction work required.,Clause stays excluded from duel construction.
source/bands/mordheim/forest-goblins-lus/profiles.yaml/@/profiles/6/equipment_restrictions/0/unclassified,bands/mordheim/forest-goblins-lus/profiles.yaml,current,YES,A Gigantic Spider never uses weapons or armour.,,metadata_gap,forest-goblins-lus/gigantic-spider,profiles.yaml equipment_restrictions prose only; no applicable special-rule binding in sources/knowledge/bands/mordheim/forest-goblins-lus/special-rules.yaml,packages/typescript/domain/eligibility/index.ts equipmentIssue / profileFactsProjection carries no structured token or offer for this clause,"executed: compile_fighter(collection=mordheim, forest-goblins-lus/gigantic-spider, armour_id=armour.light-armour) -> equipment is not available to forest-goblins-lus/gigantic-spider: ['armour.light-armour']",Canonical structured fact/binding (prohibition token or item access) for the printed clause.,bands/mordheim/forest-goblins-lus/profiles.yaml,T13-F041,Add a canonical profile.equipment-restrictions binding or item access; do not encode the clause as free-text matching.,The printed clause has a structured canonical fact and a shared-decision case.
source/bands/mordheim/ghost-pirates-sar/equipment-access.yaml/@/equipment_lists/0/items/1/notes/unclassified,bands/mordheim/ghost-pirates-sar/equipment-access.yaml,current,YES,equipment equivalence encoded as weapon.mace,"pricing/rarity part, if any",covered,item/hammer,catalog/items record hammer: kind=close-combat-weapon mechanic_id=weapon.mace,catalogue.mappings / carriedItemFacts in packages/typescript/domain/eligibility/index.ts,code inspection only; no test executed for this lot entry,,list=ghost-equipment-list,,None; the item identity is the canonical equivalence.,Item keeps its implemented mechanic mapping.
source/bands/mordheim/ghost-pirates-sar/equipment-access.yaml/@/equipment_lists/0/items/4/notes/unclassified,bands/mordheim/ghost-pirates-sar/equipment-access.yaml,current,YES,named bearer restriction: 'Heroes only',"price/rarity clauses, if any",metadata_gap,item/cat_o_nine_tails,equipment-access entry cat_o_nine_tails carries the restriction only as prose notes,equipmentIssue offers the item to every declared user of list ghost-equipment-list (shared eligibility ignores notes),code inspection only; no test executed for this lot entry,A structured recipient/restriction fact for the bearer clause.,list=ghost-equipment-list,,Model the bearer restriction (item access or list scope); reuse shared eligibility.,A non-recipient is refused and an intended recipient is accepted by the shared decision.
source/bands/mordheim/ghost-pirates-sar/equipment-access.yaml/@/equipment_lists/0/items/8/notes/unclassified,bands/mordheim/ghost-pirates-sar/equipment-access.yaml,current,YES,named bearer restriction: '10 for a brace; Ghosts only',"price/rarity clauses, if any",metadata_gap,item/cursed_pistol,equipment-access entry cursed_pistol carries the restriction only as prose notes,equipmentIssue offers the item to every declared user of list ghost-equipment-list (shared eligibility ignores notes),code inspection only; no test executed for this lot entry,A structured recipient/restriction fact for the bearer clause.,list=ghost-equipment-list,,Model the bearer restriction (item access or list scope); reuse shared eligibility.,A non-recipient is refused and an intended recipient is accepted by the shared decision.
source/bands/mordheim/ghost-pirates-sar/equipment-access.yaml/@/equipment_lists/1/items/1/notes/unclassified,bands/mordheim/ghost-pirates-sar/equipment-access.yaml,current,YES,equipment equivalence encoded as weapon.mace,"pricing/rarity part, if any",covered,item/hammer,catalog/items record hammer: kind=close-combat-weapon mechanic_id=weapon.mace,catalogue.mappings / carriedItemFacts in packages/typescript/domain/eligibility/index.ts,code inspection only; no test executed for this lot entry,,list=skeleton-equipment-list,,None; the item identity is the canonical equivalence.,Item keeps its implemented mechanic mapping.
source/bands/mordheim/ghost-pirates-sar/equipment-access.yaml/@/equipment_lists/2/items/1/notes/unclassified,bands/mordheim/ghost-pirates-sar/equipment-access.yaml,current,YES,equipment equivalence encoded as weapon.mace,"pricing/rarity part, if any",covered,item/hammer,catalog/items record hammer: kind=close-combat-weapon mechanic_id=weapon.mace,catalogue.mappings / carriedItemFacts in packages/typescript/domain/eligibility/index.ts,code inspection only; no test executed for this lot entry,,list=bloated-equipment-list,,None; the item identity is the canonical equivalence.,Item keeps its implemented mechanic mapping.
source/bands/mordheim/grave-robbers-sylv/equipment-access.yaml/@/equipment_lists/0/items/15/notes/unclassified,bands/mordheim/grave-robbers-sylv/equipment-access.yaml,current,YES,recipient restriction (heroes),"price/rarity clauses, if any",covered,item/hooded_lantern_rig,equipment-access list hero-equipment-list is declared only by heroes,profiles.yaml equipment_lists -> profileEquipmentItems (no henchman receives the offer),code inspection only; no test executed for this lot entry,,list=hero-equipment-list,,None; list membership already restricts the offer.,Only the intended recipients receive the offer.
source/bands/mordheim/grave-robbers-sylv/equipment-access.yaml/@/equipment_lists/0/items/16/notes/unclassified,bands/mordheim/grave-robbers-sylv/equipment-access.yaml,current,YES,recipient restriction (heroes),"price/rarity clauses, if any",covered,item/surgeons_journal,equipment-access list hero-equipment-list is declared only by heroes,profiles.yaml equipment_lists -> profileEquipmentItems (no henchman receives the offer),code inspection only; no test executed for this lot entry,,list=hero-equipment-list,,None; list membership already restricts the offer.,Only the intended recipients receive the offer.
source/bands/mordheim/grave-robbers-sylv/equipment-access.yaml/@/equipment_lists/0/items/17/notes/unclassified,bands/mordheim/grave-robbers-sylv/equipment-access.yaml,current,YES,recipient restriction (heroes),"price/rarity clauses, if any",covered,item/finger_pendant,equipment-access list hero-equipment-list is declared only by heroes,profiles.yaml equipment_lists -> profileEquipmentItems (no henchman receives the offer),code inspection only; no test executed for this lot entry,,list=hero-equipment-list,,None; list membership already restricts the offer.,Only the intended recipients receive the offer.
source/bands/mordheim/grave-robbers-sylv/equipment-access.yaml/@/equipment_lists/0/items/4/notes/unclassified,bands/mordheim/grave-robbers-sylv/equipment-access.yaml,current,YES,equipment equivalence to 'Counts as a Halberd',"pricing/rarity part, if any",metadata_gap,item/shovel,catalog/items record shovel: kind=combat-equipment mechanic_id=none,no implemented mechanic resolved for this item,code inspection only; no test executed for this lot entry,A canonical item record whose mechanic realises the printed equivalence.,list=hero-equipment-list,,Map the printed equivalence onto a canonical item mechanic; do not add a name table.,Item resolves to the printed weapon/armour mechanic in simulation-mappings.
source/bands/mordheim/grave-robbers-sylv/equipment-access.yaml/@/equipment_lists/0/items/6/notes/unclassified,bands/mordheim/grave-robbers-sylv/equipment-access.yaml,current,YES,recipient restriction (heroes),"price/rarity clauses, if any",covered,item/pry_bar,equipment-access list hero-equipment-list is declared only by heroes,profiles.yaml equipment_lists -> profileEquipmentItems (no henchman receives the offer),code inspection only; no test executed for this lot entry,,list=hero-equipment-list,,None; list membership already restricts the offer.,Only the intended recipients receive the offer.
source/bands/mordheim/grave-robbers-sylv/equipment-access.yaml/@/equipment_lists/1/items/5/notes/unclassified,bands/mordheim/grave-robbers-sylv/equipment-access.yaml,current,YES,equipment equivalence to 'Counts as a Halberd',"pricing/rarity part, if any",metadata_gap,item/shovel,catalog/items record shovel: kind=combat-equipment mechanic_id=none,no implemented mechanic resolved for this item,code inspection only; no test executed for this lot entry,A canonical item record whose mechanic realises the printed equivalence.,list=henchmen-equipment-list,,Map the printed equivalence onto a canonical item mechanic; do not add a name table.,Item resolves to the printed weapon/armour mechanic in simulation-mappings.
source/bands/mordheim/halflings-mic/equipment-access.yaml/@/equipment_lists/0/items/0/notes/unclassified,bands/mordheim/halflings-mic/equipment-access.yaml,current,YES,equipment equivalence encoded as weapon.dagger,"pricing/rarity part, if any",covered,item/dagger,catalog/items record dagger: kind=close-combat-weapon mechanic_id=weapon.dagger,catalogue.mappings / carriedItemFacts in packages/typescript/domain/eligibility/index.ts,code inspection only; no test executed for this lot entry,,list=adventurer-equipment-list,,None; the item identity is the canonical equivalence.,Item keeps its implemented mechanic mapping.
source/bands/mordheim/halflings-mic/equipment-access.yaml/@/equipment_lists/0/items/1/notes/unclassified,bands/mordheim/halflings-mic/equipment-access.yaml,current,YES,equipment equivalence encoded as weapon.mace,"pricing/rarity part, if any",covered,item/hammer,catalog/items record hammer: kind=close-combat-weapon mechanic_id=weapon.mace,catalogue.mappings / carriedItemFacts in packages/typescript/domain/eligibility/index.ts,code inspection only; no test executed for this lot entry,,list=adventurer-equipment-list,,None; the item identity is the canonical equivalence.,Item keeps its implemented mechanic mapping.
source/bands/mordheim/halflings-mic/equipment-access.yaml/@/equipment_lists/0/items/10/notes/unclassified,bands/mordheim/halflings-mic/equipment-access.yaml,current,YES,equipment equivalence encoded as defence.helmet,"pricing/rarity part, if any",covered,item/helmet,catalog/items record helmet: kind=shield-or-defence mechanic_id=defence.helmet,catalogue.mappings / carriedItemFacts in packages/typescript/domain/eligibility/index.ts,code inspection only; no test executed for this lot entry,,list=adventurer-equipment-list,,None; the item identity is the canonical equivalence.,Item keeps its implemented mechanic mapping.
source/bands/mordheim/halflings-mic/equipment-access.yaml/@/equipment_lists/0/items/11/notes/unclassified,bands/mordheim/halflings-mic/equipment-access.yaml,current,YES,named bearer restriction: 'Halfling Elder and Halfling Scouts only',"price/rarity clauses, if any",metadata_gap,item/hunting_arrows,equipment-access entry hunting_arrows carries the restriction only as prose notes,equipmentIssue offers the item to every declared user of list adventurer-equipment-list (shared eligibility ignores notes),code inspection only; no test executed for this lot entry,A structured recipient/restriction fact for the bearer clause.,list=adventurer-equipment-list,,Model the bearer restriction (item access or list scope); reuse shared eligibility.,A non-recipient is refused and an intended recipient is accepted by the shared decision.
source/bands/mordheim/halflings-mic/equipment-access.yaml/@/equipment_lists/0/items/2/notes/unclassified,bands/mordheim/halflings-mic/equipment-access.yaml,current,YES,equipment equivalence encoded as weapon.axe,"pricing/rarity part, if any",covered,item/axe,catalog/items record axe: kind=close-combat-weapon mechanic_id=weapon.axe,catalogue.mappings / carriedItemFacts in packages/typescript/domain/eligibility/index.ts,code inspection only; no test executed for this lot entry,,list=adventurer-equipment-list,,None; the item identity is the canonical equivalence.,Item keeps its implemented mechanic mapping.
source/bands/mordheim/halflings-mic/equipment-access.yaml/@/equipment_lists/0/items/3/notes/unclassified,bands/mordheim/halflings-mic/equipment-access.yaml,current,YES,equipment equivalence encoded as weapon.sword,"pricing/rarity part, if any",covered,item/sword,catalog/items record sword: kind=close-combat-weapon mechanic_id=weapon.sword,catalogue.mappings / carriedItemFacts in packages/typescript/domain/eligibility/index.ts,code inspection only; no test executed for this lot entry,,list=adventurer-equipment-list,,None; the item identity is the canonical equivalence.,Item keeps its implemented mechanic mapping.
source/bands/mordheim/halflings-mic/equipment-access.yaml/@/equipment_lists/0/items/4/notes/unclassified,bands/mordheim/halflings-mic/equipment-access.yaml,current,YES,named bearer restriction: 'Heroes & Halfling Warriors only',"price/rarity clauses, if any",metadata_gap,item/great_weapon,equipment-access entry great_weapon carries the restriction only as prose notes,equipmentIssue offers the item to every declared user of list adventurer-equipment-list (shared eligibility ignores notes),code inspection only; no test executed for this lot entry,A structured recipient/restriction fact for the bearer clause.,list=adventurer-equipment-list,,Model the bearer restriction (item access or list scope); reuse shared eligibility.,A non-recipient is refused and an intended recipient is accepted by the shared decision.
source/bands/mordheim/halflings-mic/equipment-access.yaml/@/equipment_lists/0/items/5/notes/unclassified,bands/mordheim/halflings-mic/equipment-access.yaml,current,YES,named bearer restriction: 'Heroes & Halfling Warriors only',"price/rarity clauses, if any",metadata_gap,item/spear,equipment-access entry spear carries the restriction only as prose notes,equipmentIssue offers the item to every declared user of list adventurer-equipment-list (shared eligibility ignores notes),code inspection only; no test executed for this lot entry,A structured recipient/restriction fact for the bearer clause.,list=adventurer-equipment-list,,Model the bearer restriction (item access or list scope); reuse shared eligibility.,A non-recipient is refused and an intended recipient is accepted by the shared decision.
source/bands/mordheim/halflings-mic/equipment-access.yaml/@/equipment_lists/0/items/7/notes/unclassified,bands/mordheim/halflings-mic/equipment-access.yaml,current,YES,May not be used by Halfling Warriors,,metadata_gap,item/bow,equipment-access entry bow notes (prose),notes are not consumed by the shared eligibility decisions,code inspection only; no test executed for this lot entry,"Structured construction fact for the printed note, or an explicit exclusion disposition.",list=adventurer-equipment-list,,"Reconcile the note against the item/mechanic and encode the admitted clause, or record exclusion.",Clause has a structured disposition (encoded or explicitly excluded).
source/bands/mordheim/halflings-mic/profiles.yaml/@/profiles/6/equipment_restrictions/0/unclassified,bands/mordheim/halflings-mic/profiles.yaml,current,YES,None! Apart from their vicious tempers Piggies don't use weapons and can fight without penalties.,,metadata_gap,halflings-mic/piggies,profiles.yaml equipment_restrictions prose only; no applicable special-rule binding in sources/knowledge/bands/mordheim/halflings-mic/special-rules.yaml,packages/typescript/domain/eligibility/index.ts equipmentIssue / profileFactsProjection carries no structured token or offer for this clause,"executed: compile_fighter(collection=mordheim, halflings-mic/piggies, armour_id=armour.light-armour) -> equipment is not available to halflings-mic/piggies: ['armour.light-armour']",Canonical structured fact/binding (prohibition token or item access) for the printed clause.,bands/mordheim/halflings-mic/profiles.yaml,T13-F041,Add a canonical profile.equipment-restrictions binding or item access; do not encode the clause as free-text matching.,The printed clause has a structured canonical fact and a shared-decision case.
source/bands/mordheim/high-elves-lus/profiles.yaml/@/profiles/0/equipment_restrictions/0/unclassified,bands/mordheim/high-elves-lus/profiles.yaml,current,YES,"Bound by the traditions of the Tower of Hoeth, he may only use a sword, dagger, or Mage Staff in battle.",,metadata_gap,high-elves-lus/loremaster,profiles.yaml equipment_restrictions prose only; no applicable special-rule binding in sources/knowledge/bands/mordheim/high-elves-lus/special-rules.yaml,packages/typescript/domain/eligibility/index.ts equipmentIssue / profileFactsProjection carries no structured token or offer for this clause,"executed: compile_fighter(collection=mordheim, high-elves-lus/loremaster, armour_id=armour.light-armour) -> ACCEPTED",Canonical structured fact/binding (prohibition token or item access) for the printed clause.,bands/mordheim/high-elves-lus/profiles.yaml,T13-F041,Add a canonical profile.equipment-restrictions binding or item access; do not encode the clause as free-text matching.,The printed clause has a structured canonical fact and a shared-decision case.
source/bands/mordheim/high-elves-lus/profiles.yaml/@/profiles/1/equipment_restrictions/0/unclassified,bands/mordheim/high-elves-lus/profiles.yaml,current,YES,Honorable warriors; they may never use missile weapons of any sort.,,metadata_gap,high-elves-lus/sword-wardens,profiles.yaml equipment_restrictions prose only; no applicable special-rule binding in sources/knowledge/bands/mordheim/high-elves-lus/special-rules.yaml,packages/typescript/domain/eligibility/index.ts equipmentIssue / profileFactsProjection carries no structured token or offer for this clause,"executed: compile_fighter(collection=mordheim, high-elves-lus/sword-wardens, armour_id=armour.light-armour) -> ACCEPTED",Canonical structured fact/binding (prohibition token or item access) for the printed clause.,bands/mordheim/high-elves-lus/profiles.yaml,T13-F041,Add a canonical profile.equipment-restrictions binding or item access; do not encode the clause as free-text matching.,The printed clause has a structured canonical fact and a shared-decision case.
source/bands/mordheim/horned-hunters/profiles.yaml/@/profiles/1/equipment_restrictions/0/unclassified,bands/mordheim/horned-hunters/profiles.yaml,current,YES,May select weapons from the Horned Hunter Equipment List.,,covered,horned-hunters/priest-of-taal,profiles.yaml equipment_lists: horned-hunter-equipment-lists,packages/typescript/domain/eligibility/index.ts profileEquipmentItems / profileFactsProjection,"executed: compile_fighter(collection=mordheim, horned-hunters/priest-of-taal, armour_id=armour.light-armour) -> ACCEPTED",,bands/mordheim/horned-hunters/profiles.yaml,,None; the declared list is the canonical access.,Clause stays realised by the declared equipment list.
source/bands/mordheim/horned-hunters/profiles.yaml/@/profiles/1/equipment_restrictions/1/unclassified,bands/mordheim/horned-hunters/profiles.yaml,current,YES,May never wear heavy armour (Strictures).,,covered,horned-hunters/priest-of-taal,canonical profile.equipment-restrictions forbids: heavy-armour; KB grant under sources/knowledge/bands/mordheim/horned-hunters/profiles.yaml,packages/typescript/domain/eligibility/index.ts profileFactsProjection / buildRestriction,"executed: compile_fighter(collection=mordheim, horned-hunters/priest-of-taal, armour_id=armour.heavy-armour) -> heavy armour is forbidden for horned-hunters/priest-of-taal",,bands/mordheim/horned-hunters/profiles.yaml,T13-F041,None; keep as a regression case.,Clause stays enforced by the named canonical contract.
source/bands/mordheim/horned-hunters/profiles.yaml/@/profiles/3/equipment_restrictions/0/unclassified,bands/mordheim/horned-hunters/profiles.yaml,current,YES,May select weapons from the Henchmen Equipment List; the profile entry does not allow armour.,,covered,horned-hunters/drunken-gang,prose fallback pattern for armour in profiles.yaml equipment_restrictions,packages/typescript/domain/eligibility/index.ts buildRestriction stage profileSelections (legacy name matching) via mordheim_construction/restrictions.py _validate_profile_selections,"executed: compile_fighter(collection=mordheim, horned-hunters/drunken-gang, armour_id=armour.light-armour) -> equipment is not available to horned-hunters/drunken-gang: ['armour.light-armour']",,bands/mordheim/horned-hunters/profiles.yaml,T13-F041,None for Combat Lab; note the Warband Manager batch projection (construction.ts equipmentIssueFor) does not apply the prose fallback.,Clause stays enforced on the Combat Lab compiler path.
source/bands/mordheim/horned-hunters/profiles.yaml/@/profiles/5/equipment_restrictions/0/unclassified,bands/mordheim/horned-hunters/profiles.yaml,current,YES,Warhounds never use or need weapons or armour.,,metadata_gap,horned-hunters/warhounds,profiles.yaml equipment_restrictions prose only; no applicable special-rule binding in sources/knowledge/bands/mordheim/horned-hunters/special-rules.yaml,packages/typescript/domain/eligibility/index.ts equipmentIssue / profileFactsProjection carries no structured token or offer for this clause,"executed: compile_fighter(collection=mordheim, horned-hunters/warhounds, armour_id=armour.light-armour) -> equipment is not available to horned-hunters/warhounds: ['armour.light-armour']",Canonical structured fact/binding (prohibition token or item access) for the printed clause.,bands/mordheim/horned-hunters/profiles.yaml,T13-F041,Add a canonical profile.equipment-restrictions binding or item access; do not encode the clause as free-text matching.,The printed clause has a structured canonical fact and a shared-decision case.
source/bands/mordheim/khorne-raiders-sar/equipment-access.yaml/@/equipment_lists/0/items/1/notes/unclassified,bands/mordheim/khorne-raiders-sar/equipment-access.yaml,current,YES,equipment equivalence encoded as weapon.mace,"pricing/rarity part, if any",covered,item/hammer,catalog/items record hammer: kind=close-combat-weapon mechanic_id=weapon.mace,catalogue.mappings / carriedItemFacts in packages/typescript/domain/eligibility/index.ts,code inspection only; no test executed for this lot entry,,list=pirate-equipment-list,,None; the item identity is the canonical equivalence.,Item keeps its implemented mechanic mapping.
source/bands/mordheim/khorne-raiders-sar/equipment-access.yaml/@/equipment_lists/0/items/16/notes/unclassified,bands/mordheim/khorne-raiders-sar/equipment-access.yaml,current,YES,named bearer restriction: 'Miscellaneous Equipment; Heroes Only',"price/rarity clauses, if any",metadata_gap,item/rope_hook,equipment-access entry rope_hook carries the restriction only as prose notes,equipmentIssue offers the item to every declared user of list pirate-equipment-list (shared eligibility ignores notes),code inspection only; no test executed for this lot entry,A structured recipient/restriction fact for the bearer clause.,list=pirate-equipment-list,,Model the bearer restriction (item access or list scope); reuse shared eligibility.,A non-recipient is refused and an intended recipient is accepted by the shared decision.
source/bands/mordheim/khorne-raiders-sar/equipment-access.yaml/@/equipment_lists/0/items/3/notes/unclassified,bands/mordheim/khorne-raiders-sar/equipment-access.yaml,current,YES,named bearer restriction: 'Heroes only',"price/rarity clauses, if any",metadata_gap,item/cat_o_nine_tails,equipment-access entry cat_o_nine_tails carries the restriction only as prose notes,equipmentIssue offers the item to every declared user of list pirate-equipment-list (shared eligibility ignores notes),code inspection only; no test executed for this lot entry,A structured recipient/restriction fact for the bearer clause.,list=pirate-equipment-list,,Model the bearer restriction (item access or list scope); reuse shared eligibility.,A non-recipient is refused and an intended recipient is accepted by the shared decision.
source/bands/mordheim/khorne-raiders-sar/equipment-access.yaml/@/equipment_lists/0/items/4/notes/unclassified,bands/mordheim/khorne-raiders-sar/equipment-access.yaml,current,YES,named bearer restriction: 'Heroes only',"price/rarity clauses, if any",metadata_gap,item/steel_whip,equipment-access entry steel_whip carries the restriction only as prose notes,equipmentIssue offers the item to every declared user of list pirate-equipment-list (shared eligibility ignores notes),code inspection only; no test executed for this lot entry,A structured recipient/restriction fact for the bearer clause.,list=pirate-equipment-list,,Model the bearer restriction (item access or list scope); reuse shared eligibility.,A non-recipient is refused and an intended recipient is accepted by the shared decision.
source/bands/mordheim/khorne-raiders-sar/equipment-access.yaml/@/equipment_lists/0/items/7/notes/unclassified,bands/mordheim/khorne-raiders-sar/equipment-access.yaml,current,YES,named bearer restriction: 'Captain only',"price/rarity clauses, if any",metadata_gap,item/hellblade,equipment-access entry hellblade carries the restriction only as prose notes,equipmentIssue offers the item to every declared user of list pirate-equipment-list (shared eligibility ignores notes),code inspection only; no test executed for this lot entry,A structured recipient/restriction fact for the bearer clause.,list=pirate-equipment-list,,Model the bearer restriction (item access or list scope); reuse shared eligibility.,A non-recipient is refused and an intended recipient is accepted by the shared decision.
source/bands/mordheim/khorne-raiders-sar/equipment-access.yaml/@/equipment_lists/1/items/6/notes/unclassified,bands/mordheim/khorne-raiders-sar/equipment-access.yaml,current,YES,named bearer restriction: 'Armour (Quartermasters & Flayerkin Only)',"price/rarity clauses, if any",metadata_gap,item/toughened_leathers,equipment-access entry toughened_leathers carries the restriction only as prose notes,equipmentIssue offers the item to every declared user of list madbrain-equipment-list (shared eligibility ignores notes),code inspection only; no test executed for this lot entry,A structured recipient/restriction fact for the bearer clause.,list=madbrain-equipment-list,,Model the bearer restriction (item access or list scope); reuse shared eligibility.,A non-recipient is refused and an intended recipient is accepted by the shared decision.
source/bands/mordheim/khorne-raiders-sar/equipment-access.yaml/@/equipment_lists/1/items/7/notes/unclassified,bands/mordheim/khorne-raiders-sar/equipment-access.yaml,current,YES,named bearer restriction: 'Armour (Quartermasters & Flayerkin Only)',"price/rarity clauses, if any",metadata_gap,item/helmet,equipment-access entry helmet carries the restriction only as prose notes,equipmentIssue offers the item to every declared user of list madbrain-equipment-list (shared eligibility ignores notes),code inspection only; no test executed for this lot entry,A structured recipient/restriction fact for the bearer clause.,list=madbrain-equipment-list,,Model the bearer restriction (item access or list scope); reuse shared eligibility.,A non-recipient is refused and an intended recipient is accepted by the shared decision.
source/bands/mordheim/khorne-raiders-sar/equipment-access.yaml/@/equipment_lists/1/items/8/notes/unclassified,bands/mordheim/khorne-raiders-sar/equipment-access.yaml,current,YES,named bearer restriction: 'Armour (Quartermasters & Flayerkin Only)',"price/rarity clauses, if any",metadata_gap,item/light_armour,equipment-access entry light_armour carries the restriction only as prose notes,equipmentIssue offers the item to every declared user of list madbrain-equipment-list (shared eligibility ignores notes),code inspection only; no test executed for this lot entry,A structured recipient/restriction fact for the bearer clause.,list=madbrain-equipment-list,,Model the bearer restriction (item access or list scope); reuse shared eligibility.,A non-recipient is refused and an intended recipient is accepted by the shared decision.
source/bands/mordheim/lizardmen-lus/profiles.yaml/@/profiles/1/equipment_restrictions/0/unclassified,bands/mordheim/lizardmen-lus/profiles.yaml,current,YES,Saurus can never receive Academic skills and can never use missile weapons.,,covered,lizardmen-lus/saurus-totem-warriors,compiler.saurus-skill-prohibitions; KB grant under sources/knowledge/bands/mordheim/lizardmen-lus/profiles.yaml,packages/typescript/domain/eligibility/index.ts profileFactsProjection / buildRestriction,"executed: compile_fighter(collection=mordheim, lizardmen-lus/saurus-totem-warriors, armour_id=armour.light-armour) -> ACCEPTED",,bands/mordheim/lizardmen-lus/profiles.yaml,T13-F041,None; keep as a regression case.,Clause stays enforced by the named canonical contract.
source/bands/mordheim/lizardmen/profiles.yaml/@/profiles/1/equipment_restrictions/0/unclassified,bands/mordheim/lizardmen/profiles.yaml,current,YES,Saurus can never use missile weapons.,,covered,lizardmen/saurus-totem-warrior,compiler.saurus-skill-prohibitions; KB grant under sources/knowledge/bands/mordheim/lizardmen/profiles.yaml,packages/typescript/domain/eligibility/index.ts profileFactsProjection / buildRestriction,"executed: compile_fighter(collection=mordheim, lizardmen/saurus-totem-warrior, armour_id=armour.light-armour) -> ACCEPTED",,bands/mordheim/lizardmen/profiles.yaml,T13-F041,None; keep as a regression case.,Clause stays enforced by the named canonical contract.
source/bands/mordheim/lizardmen/profiles.yaml/@/profiles/4/equipment_restrictions/0/unclassified,bands/mordheim/lizardmen/profiles.yaml,current,YES,Saurus can never use missile weapons.,,covered,lizardmen/saurus-braves,compiler.saurus-skill-prohibitions; KB grant under sources/knowledge/bands/mordheim/lizardmen/profiles.yaml,packages/typescript/domain/eligibility/index.ts profileFactsProjection / buildRestriction,"executed: compile_fighter(collection=mordheim, lizardmen/saurus-braves, armour_id=armour.light-armour) -> ACCEPTED",,bands/mordheim/lizardmen/profiles.yaml,T13-F041,None; keep as a regression case.,Clause stays enforced by the named canonical contract.
source/bands/mordheim/lizardmen/profiles.yaml/@/profiles/5/equipment_restrictions/0/unclassified,bands/mordheim/lizardmen/profiles.yaml,current,YES,The Kroxigor is equipped with a halberd rather than selecting equipment from a warband equipment list.,,metadata_gap,lizardmen/kroxigor,profiles.yaml equipment_restrictions prose only; no applicable special-rule binding in sources/knowledge/bands/mordheim/lizardmen/special-rules.yaml,packages/typescript/domain/eligibility/index.ts equipmentIssue / profileFactsProjection carries no structured token or offer for this clause,"executed: compile_fighter(collection=mordheim, lizardmen/kroxigor, armour_id=armour.light-armour) -> equipment is not available to lizardmen/kroxigor: ['armour.light-armour']",Canonical structured fact/binding (prohibition token or item access) for the printed clause.,bands/mordheim/lizardmen/profiles.yaml,T13-F041,Add a canonical profile.equipment-restrictions binding or item access; do not encode the clause as free-text matching.,The printed clause has a structured canonical fact and a shared-decision case.
source/bands/mordheim/lords-of-the-marsh-mim/profiles.yaml/@/profiles/1/equipment_restrictions/0/unclassified,bands/mordheim/lords-of-the-marsh-mim/profiles.yaml,current,YES,Daemon-Fimm cannot be equipped with weapons; they may wear armour from the Heroes list.,,metadata_gap,lords-of-the-marsh-mim/daemon-fimm,profiles.yaml equipment_restrictions prose only; no applicable special-rule binding in sources/knowledge/bands/mordheim/lords-of-the-marsh-mim/special-rules.yaml,packages/typescript/domain/eligibility/index.ts equipmentIssue / profileFactsProjection carries no structured token or offer for this clause,"executed: compile_fighter(collection=mordheim, lords-of-the-marsh-mim/daemon-fimm, armour_id=armour.light-armour) -> ACCEPTED",Canonical structured fact/binding (prohibition token or item access) for the printed clause.,bands/mordheim/lords-of-the-marsh-mim/profiles.yaml,T13-F041,Add a canonical profile.equipment-restrictions binding or item access; do not encode the clause as free-text matching.,The printed clause has a structured canonical fact and a shared-decision case.
source/bands/mordheim/lost-the-mou/profiles.yaml/@/profiles/4/equipment_restrictions/0/unclassified,bands/mordheim/lost-the-mou/profiles.yaml,current,YES,May not wear armour.,,metadata_gap,lost-the-mou/greycoats,profiles.yaml equipment_restrictions prose only; no applicable special-rule binding in sources/knowledge/bands/mordheim/lost-the-mou/special-rules.yaml,packages/typescript/domain/eligibility/index.ts equipmentIssue / profileFactsProjection carries no structured token or offer for this clause,"executed: compile_fighter(collection=mordheim, lost-the-mou/greycoats, armour_id=armour.light-armour) -> equipment is not available to lost-the-mou/greycoats: ['armour.light-armour']",Canonical structured fact/binding (prohibition token or item access) for the printed clause.,bands/mordheim/lost-the-mou/profiles.yaml,T13-F041,Add a canonical profile.equipment-restrictions binding or item access; do not encode the clause as free-text matching.,The printed clause has a structured canonical fact and a shared-decision case.
source/bands/mordheim/low-kings-mim/equipment-access.yaml/@/equipment_lists/0/items/1/notes/unclassified,bands/mordheim/low-kings-mim/equipment-access.yaml,current,YES,equipment equivalence encoded as weapon.mace,"pricing/rarity part, if any",covered,item/club,catalog/items record club: kind=close-combat-weapon mechanic_id=weapon.mace,catalogue.mappings / carriedItemFacts in packages/typescript/domain/eligibility/index.ts,code inspection only; no test executed for this lot entry,,list=mobsmen-equipment-list,,None; the item identity is the canonical equivalence.,Item keeps its implemented mechanic mapping.
source/bands/mordheim/low-kings-mim/equipment-access.yaml/@/equipment_lists/0/items/20/notes/unclassified,bands/mordheim/low-kings-mim/equipment-access.yaml,current,YES,named bearer restriction: 'Fence only',"price/rarity clauses, if any",metadata_gap,item/lock_picks,equipment-access entry lock_picks carries the restriction only as prose notes,equipmentIssue offers the item to every declared user of list mobsmen-equipment-list (shared eligibility ignores notes),code inspection only; no test executed for this lot entry,A structured recipient/restriction fact for the bearer clause.,list=mobsmen-equipment-list,,Model the bearer restriction (item access or list scope); reuse shared eligibility.,A non-recipient is refused and an intended recipient is accepted by the shared decision.
source/bands/mordheim/low-kings-mim/equipment-access.yaml/@/equipment_lists/0/items/21/notes/unclassified,bands/mordheim/low-kings-mim/equipment-access.yaml,current,YES,named bearer restriction: 'Fence only; 30 gc; Rare 10',"price/rarity clauses, if any",metadata_gap,item/fences_iron_strongbox,equipment-access entry fences_iron_strongbox carries the restriction only as prose notes,equipmentIssue offers the item to every declared user of list mobsmen-equipment-list (shared eligibility ignores notes),code inspection only; no test executed for this lot entry,A structured recipient/restriction fact for the bearer clause.,list=mobsmen-equipment-list,,Model the bearer restriction (item access or list scope); reuse shared eligibility.,A non-recipient is refused and an intended recipient is accepted by the shared decision.
source/bands/mordheim/low-kings-mim/equipment-access.yaml/@/equipment_lists/0/items/7/notes/unclassified,bands/mordheim/low-kings-mim/equipment-access.yaml,current,YES,named bearer restriction: 'Enforcer only; Rare 7',"price/rarity clauses, if any",metadata_gap,item/spiked_gauntlet,equipment-access entry spiked_gauntlet carries the restriction only as prose notes,equipmentIssue offers the item to every declared user of list mobsmen-equipment-list (shared eligibility ignores notes),code inspection only; no test executed for this lot entry,A structured recipient/restriction fact for the bearer clause.,list=mobsmen-equipment-list,,Model the bearer restriction (item access or list scope); reuse shared eligibility.,A non-recipient is refused and an intended recipient is accepted by the shared decision.
source/bands/mordheim/lustrian-reavers/profiles.yaml/@/profiles/3/equipment_restrictions/0/unclassified,bands/mordheim/lustrian-reavers/profiles.yaml,current,YES,This model is an Animal and does not select weapons or armour from the warband equipment lists.,,metadata_gap,lustrian-reavers/estalian-warhound,profiles.yaml equipment_restrictions prose only; no applicable special-rule binding in sources/knowledge/bands/mordheim/lustrian-reavers/special-rules.yaml,packages/typescript/domain/eligibility/index.ts equipmentIssue / profileFactsProjection carries no structured token or offer for this clause,"executed: compile_fighter(collection=mordheim, lustrian-reavers/estalian-warhound, armour_id=armour.light-armour) -> equipment is not available to lustrian-reavers/estalian-warhound: ['armour.light-armour']",Canonical structured fact/binding (prohibition token or item access) for the printed clause.,bands/mordheim/lustrian-reavers/profiles.yaml,T13-F041,Add a canonical profile.equipment-restrictions binding or item access; do not encode the clause as free-text matching.,The printed clause has a structured canonical fact and a shared-decision case.
source/bands/mordheim/lustrian-reavers/profiles.yaml/@/profiles/4/equipment_restrictions/0/unclassified,bands/mordheim/lustrian-reavers/profiles.yaml,current,YES,This model is an Animal and does not select weapons or armour from the warband equipment lists.,,metadata_gap,lustrian-reavers/barbary-monkey,profiles.yaml equipment_restrictions prose only; no applicable special-rule binding in sources/knowledge/bands/mordheim/lustrian-reavers/special-rules.yaml,packages/typescript/domain/eligibility/index.ts equipmentIssue / profileFactsProjection carries no structured token or offer for this clause,"executed: compile_fighter(collection=mordheim, lustrian-reavers/barbary-monkey, armour_id=armour.light-armour) -> equipment is not available to lustrian-reavers/barbary-monkey: ['armour.light-armour']",Canonical structured fact/binding (prohibition token or item access) for the printed clause.,bands/mordheim/lustrian-reavers/profiles.yaml,T13-F041,Add a canonical profile.equipment-restrictions binding or item access; do not encode the clause as free-text matching.,The printed clause has a structured canonical fact and a shared-decision case.
source/bands/mordheim/maneaters/profiles.yaml/@/profiles/0/equipment_restrictions/0/unclassified,bands/mordheim/maneaters/profiles.yaml,current,YES,Ogres do not receive free daggers and never fight with daggers in close combat.,,metadata_gap,maneaters/captain,profiles.yaml equipment_restrictions prose only; no applicable special-rule binding in sources/knowledge/bands/mordheim/maneaters/special-rules.yaml,packages/typescript/domain/eligibility/index.ts equipmentIssue / profileFactsProjection carries no structured token or offer for this clause,"executed: compile_fighter(collection=mordheim, maneaters/captain, armour_id=armour.light-armour) -> ACCEPTED",Canonical structured fact/binding (prohibition token or item access) for the printed clause.,bands/mordheim/maneaters/profiles.yaml,T13-F041,Add a canonical profile.equipment-restrictions binding or item access; do not encode the clause as free-text matching.,The printed clause has a structured canonical fact and a shared-decision case.
source/bands/mordheim/maneaters/profiles.yaml/@/profiles/1/equipment_restrictions/0/unclassified,bands/mordheim/maneaters/profiles.yaml,current,YES,Ogres do not receive free daggers and never fight with daggers in close combat.,,metadata_gap,maneaters/youngbloods,profiles.yaml equipment_restrictions prose only; no applicable special-rule binding in sources/knowledge/bands/mordheim/maneaters/special-rules.yaml,packages/typescript/domain/eligibility/index.ts equipmentIssue / profileFactsProjection carries no structured token or offer for this clause,"executed: compile_fighter(collection=mordheim, maneaters/youngbloods, armour_id=armour.light-armour) -> ACCEPTED",Canonical structured fact/binding (prohibition token or item access) for the printed clause.,bands/mordheim/maneaters/profiles.yaml,T13-F041,Add a canonical profile.equipment-restrictions binding or item access; do not encode the clause as free-text matching.,The printed clause has a structured canonical fact and a shared-decision case.
source/bands/mordheim/maneaters/profiles.yaml/@/profiles/2/equipment_restrictions/0/unclassified,bands/mordheim/maneaters/profiles.yaml,current,YES,Ogres do not receive free daggers and never fight with daggers in close combat.,,metadata_gap,maneaters/mountain-guide,profiles.yaml equipment_restrictions prose only; no applicable special-rule binding in sources/knowledge/bands/mordheim/maneaters/special-rules.yaml,packages/typescript/domain/eligibility/index.ts equipmentIssue / profileFactsProjection carries no structured token or offer for this clause,"executed: compile_fighter(collection=mordheim, maneaters/mountain-guide, armour_id=armour.light-armour) -> ACCEPTED",Canonical structured fact/binding (prohibition token or item access) for the printed clause.,bands/mordheim/maneaters/profiles.yaml,T13-F041,Add a canonical profile.equipment-restrictions binding or item access; do not encode the clause as free-text matching.,The printed clause has a structured canonical fact and a shared-decision case.
source/bands/mordheim/maneaters/profiles.yaml/@/profiles/3/equipment_restrictions/0/unclassified,bands/mordheim/maneaters/profiles.yaml,current,YES,Ogres do not receive free daggers and never fight with daggers in close combat.,,metadata_gap,maneaters/bulls,profiles.yaml equipment_restrictions prose only; no applicable special-rule binding in sources/knowledge/bands/mordheim/maneaters/special-rules.yaml,packages/typescript/domain/eligibility/index.ts equipmentIssue / profileFactsProjection carries no structured token or offer for this clause,"executed: compile_fighter(collection=mordheim, maneaters/bulls, armour_id=armour.light-armour) -> ACCEPTED",Canonical structured fact/binding (prohibition token or item access) for the printed clause.,bands/mordheim/maneaters/profiles.yaml,T13-F041,Add a canonical profile.equipment-restrictions binding or item access; do not encode the clause as free-text matching.,The printed clause has a structured canonical fact and a shared-decision case.
source/bands/mordheim/maneaters/profiles.yaml/@/profiles/4/equipment_restrictions/0/unclassified,bands/mordheim/maneaters/profiles.yaml,current,YES,Ogres do not receive free daggers and never fight with daggers in close combat.,,metadata_gap,maneaters/half-growns,profiles.yaml equipment_restrictions prose only; no applicable special-rule binding in sources/knowledge/bands/mordheim/maneaters/special-rules.yaml,packages/typescript/domain/eligibility/index.ts equipmentIssue / profileFactsProjection carries no structured token or offer for this clause,"executed: compile_fighter(collection=mordheim, maneaters/half-growns, armour_id=armour.light-armour) -> ACCEPTED",Canonical structured fact/binding (prohibition token or item access) for the printed clause.,bands/mordheim/maneaters/profiles.yaml,T13-F041,Add a canonical profile.equipment-restrictions binding or item access; do not encode the clause as free-text matching.,The printed clause has a structured canonical fact and a shared-decision case.
source/bands/mordheim/maneaters/profiles.yaml/@/profiles/5/equipment_restrictions/0/unclassified,bands/mordheim/maneaters/profiles.yaml,current,YES,Sabretusks fight with their tusks and primal ferocity and do not select weapons or armour.,,metadata_gap,maneaters/sabretusks,profiles.yaml equipment_restrictions prose only; no applicable special-rule binding in sources/knowledge/bands/mordheim/maneaters/special-rules.yaml,packages/typescript/domain/eligibility/index.ts equipmentIssue / profileFactsProjection carries no structured token or offer for this clause,"executed: compile_fighter(collection=mordheim, maneaters/sabretusks, armour_id=armour.light-armour) -> equipment is not available to maneaters/sabretusks: ['armour.light-armour']",Canonical structured fact/binding (prohibition token or item access) for the printed clause.,bands/mordheim/maneaters/profiles.yaml,T13-F041,Add a canonical profile.equipment-restrictions binding or item access; do not encode the clause as free-text matching.,The printed clause has a structured canonical fact and a shared-decision case.
source/bands/mordheim/marauders-of-chaos/profiles.yaml/@/profiles/1/equipment_restrictions/0/unclassified,bands/mordheim/marauders-of-chaos/profiles.yaml,current,YES,May select weapons from the Hero Equipment List; the profile entry does not allow armour.,,covered,marauders-of-chaos/seer,prose fallback pattern for armour in profiles.yaml equipment_restrictions,packages/typescript/domain/eligibility/index.ts buildRestriction stage profileSelections (legacy name matching) via mordheim_construction/restrictions.py _validate_profile_selections,"executed: compile_fighter(collection=mordheim, marauders-of-chaos/seer, armour_id=armour.light-armour) -> armour is forbidden for marauders-of-chaos/seer",,bands/mordheim/marauders-of-chaos/profiles.yaml,T13-F041,None for Combat Lab; note the Warband Manager batch projection (construction.ts equipmentIssueFor) does not apply the prose fallback.,Clause stays enforced on the Combat Lab compiler path.
source/bands/mordheim/marauders-of-chaos/profiles.yaml/@/profiles/4/equipment_restrictions/0/unclassified,bands/mordheim/marauders-of-chaos/profiles.yaml,current,YES,Warhounds do not use weapons or armour and fight without the normal unarmed penalties.,,metadata_gap,marauders-of-chaos/warhounds-of-chaos,profiles.yaml equipment_restrictions prose only; no applicable special-rule binding in sources/knowledge/bands/mordheim/marauders-of-chaos/special-rules.yaml,packages/typescript/domain/eligibility/index.ts equipmentIssue / profileFactsProjection carries no structured token or offer for this clause,"executed: compile_fighter(collection=mordheim, marauders-of-chaos/warhounds-of-chaos, armour_id=armour.light-armour) -> equipment is not available to marauders-of-chaos/warhounds-of-chaos: ['armour.light-armour']",Canonical structured fact/binding (prohibition token or item access) for the printed clause.,bands/mordheim/marauders-of-chaos/profiles.yaml,T13-F041,Add a canonical profile.equipment-restrictions binding or item access; do not encode the clause as free-text matching.,The printed clause has a structured canonical fact and a shared-decision case.
source/bands/mordheim/marauders-of-chaos/profiles.yaml/@/profiles/5/equipment_restrictions/0/unclassified,bands/mordheim/marauders-of-chaos/profiles.yaml,current,YES,"Uses no equipment while any of WS, S, T or A remains variable, but fights unarmed without penalties.",,metadata_gap,marauders-of-chaos/condemned,profiles.yaml equipment_restrictions prose only; no applicable special-rule binding in sources/knowledge/bands/mordheim/marauders-of-chaos/special-rules.yaml,packages/typescript/domain/eligibility/index.ts equipmentIssue / profileFactsProjection carries no structured token or offer for this clause,"executed: compile_fighter(collection=mordheim, marauders-of-chaos/condemned, armour_id=armour.light-armour) -> ACCEPTED",Canonical structured fact/binding (prohibition token or item access) for the printed clause.,bands/mordheim/marauders-of-chaos/profiles.yaml,T13-F041,Add a canonical profile.equipment-restrictions binding or item access; do not encode the clause as free-text matching.,The printed clause has a structured canonical fact and a shared-decision case.
source/bands/mordheim/marauders-of-chaos/profiles.yaml/@/profiles/5/equipment_restrictions/1/unclassified,bands/mordheim/marauders-of-chaos/profiles.yaml,current,YES,"Once all variable characteristics have been permanently fixed, may use weapons, armour and miscellaneous equipment as normal.",,metadata_gap,marauders-of-chaos/condemned,profiles.yaml equipment_restrictions prose only; no applicable special-rule binding in sources/knowledge/bands/mordheim/marauders-of-chaos/special-rules.yaml,packages/typescript/domain/eligibility/index.ts equipmentIssue / profileFactsProjection carries no structured token or offer for this clause,"executed: compile_fighter(collection=mordheim, marauders-of-chaos/condemned, armour_id=armour.light-armour) -> ACCEPTED",Canonical structured fact/binding (prohibition token or item access) for the printed clause.,bands/mordheim/marauders-of-chaos/profiles.yaml,T13-F041,Add a canonical profile.equipment-restrictions binding or item access; do not encode the clause as free-text matching.,The printed clause has a structured canonical fact and a shared-decision case.
source/bands/mordheim/marauders-of-chaos/profiles.yaml/@/profiles/6/equipment_restrictions/0/unclassified,bands/mordheim/marauders-of-chaos/profiles.yaml,current,YES,"A Spawn of Chaos uses only its claws, tentacles and other extremities and cannot use normal equipment.",,partial,marauders-of-chaos/spawn-of-chaos,prose fallback pattern for armour in profiles.yaml equipment_restrictions,packages/typescript/domain/eligibility/index.ts buildRestriction stage profileSelections (legacy name matching) via mordheim_construction/restrictions.py _validate_profile_selections,"executed: compile_fighter(collection=mordheim, marauders-of-chaos/spawn-of-chaos, armour_id=armour.light-armour) -> equipment is not available to marauders-of-chaos/spawn-of-chaos: ['armour.light-armour']","prohibition masked by list access (executed probe: the family is refused by equipment access, not by the restriction)",bands/mordheim/marauders-of-chaos/profiles.yaml,T13-F041,None for the enforced token; encode the remaining printed clauses as structured canonical facts.,Every printed clause of the entry has a shared-decision case.
source/bands/mordheim/mazzalupo-web/profiles.yaml/@/profiles/2/equipment_restrictions/0/unclassified,bands/mordheim/mazzalupo-web/profiles.yaml,current,NO,,Fallen nobles may not ride a horse unless the Captain of the warband is riding a horse.,out_of_scope,mazzalupo-web/fallen-noble,registry/runtime-scope.yaml excludes movement/mounts from the duel runtime,no consumer required for an excluded clause,"executed: compile_fighter(collection=mordheim, mazzalupo-web/fallen-noble, armour_id=armour.light-armour) -> ACCEPTED",,bands/mordheim/mazzalupo-web/profiles.yaml,,No duel-construction work required.,Clause stays excluded; no consumer is added.
source/bands/mordheim/mazzalupo-web/profiles.yaml/@/profiles/6/equipment_restrictions/0/unclassified,bands/mordheim/mazzalupo-web/profiles.yaml,current,YES,Weapons/Armour: none.,,metadata_gap,mazzalupo-web/black-sheep,profiles.yaml equipment_restrictions prose only; no applicable special-rule binding in sources/knowledge/bands/mordheim/mazzalupo-web/special-rules.yaml,packages/typescript/domain/eligibility/index.ts equipmentIssue / profileFactsProjection carries no structured token or offer for this clause,"executed: compile_fighter(collection=mordheim, mazzalupo-web/black-sheep, armour_id=armour.light-armour) -> equipment is not available to mazzalupo-web/black-sheep: ['armour.light-armour']",Canonical structured fact/binding (prohibition token or item access) for the printed clause.,bands/mordheim/mazzalupo-web/profiles.yaml,T13-F041,Add a canonical profile.equipment-restrictions binding or item access; do not encode the clause as free-text matching.,The printed clause has a structured canonical fact and a shared-decision case.
source/bands/mordheim/mercenaries/equipment-access.yaml/@/equipment_lists/0/items/18/notes/unclassified,bands/mordheim/mercenaries/equipment-access.yaml,current,YES,named bearer restriction: 'Middenheim Heroes only.',"price/rarity clauses, if any",metadata_gap,item/wolfcloak,equipment-access entry wolfcloak carries the restriction only as prose notes,equipmentIssue offers the item to every declared user of list mercenary-equipment-lists (shared eligibility ignores notes),code inspection only; no test executed for this lot entry,A structured recipient/restriction fact for the bearer clause.,list=mercenary-equipment-lists,,Model the bearer restriction (item access or list scope); reuse shared eligibility.,A non-recipient is refused and an intended recipient is accepted by the shared decision.
source/bands/mordheim/merchant-caravans/equipment-access.yaml/@/equipment_lists/0/items/11/notes/unclassified,bands/mordheim/merchant-caravans/equipment-access.yaml,current,YES,named bearer restriction: 'Knights Vanguard only.',"price/rarity clauses, if any",metadata_gap,item/warhorse,equipment-access entry warhorse carries the restriction only as prose notes,equipmentIssue offers the item to every declared user of list hero-equipment-list (shared eligibility ignores notes),code inspection only; no test executed for this lot entry,A structured recipient/restriction fact for the bearer clause.,list=hero-equipment-list,,Model the bearer restriction (item access or list scope); reuse shared eligibility.,A non-recipient is refused and an intended recipient is accepted by the shared decision.
source/bands/mordheim/merchant-caravans/equipment-access.yaml/@/equipment_lists/1/items/4/notes/unclassified,bands/mordheim/merchant-caravans/equipment-access.yaml,current,YES,named bearer restriction: 'Sell-swords only.',"price/rarity clauses, if any",metadata_gap,item/pike,equipment-access entry pike carries the restriction only as prose notes,equipmentIssue offers the item to every declared user of list henchman-equipment-list (shared eligibility ignores notes),code inspection only; no test executed for this lot entry,A structured recipient/restriction fact for the bearer clause.,list=henchman-equipment-list,,Model the bearer restriction (item access or list scope); reuse shared eligibility.,A non-recipient is refused and an intended recipient is accepted by the shared decision.
source/bands/mordheim/merchant-caravans/equipment-access.yaml/@/equipment_lists/1/items/5/notes/unclassified,bands/mordheim/merchant-caravans/equipment-access.yaml,current,YES,named bearer restriction: 'Sell-swords only.',"price/rarity clauses, if any",metadata_gap,item/halberd,equipment-access entry halberd carries the restriction only as prose notes,equipmentIssue offers the item to every declared user of list henchman-equipment-list (shared eligibility ignores notes),code inspection only; no test executed for this lot entry,A structured recipient/restriction fact for the bearer clause.,list=henchman-equipment-list,,Model the bearer restriction (item access or list scope); reuse shared eligibility.,A non-recipient is refused and an intended recipient is accepted by the shared decision.
source/bands/mordheim/militiant-mootlanders-mim/equipment-access.yaml/@/equipment_lists/0/items/1/notes/unclassified,bands/mordheim/militiant-mootlanders-mim/equipment-access.yaml,current,YES,equipment equivalence encoded as weapon.mace,"pricing/rarity part, if any",covered,item/club,catalog/items record club: kind=close-combat-weapon mechanic_id=weapon.mace,catalogue.mappings / carriedItemFacts in packages/typescript/domain/eligibility/index.ts,code inspection only; no test executed for this lot entry,,list=heroes-equipment-list,,None; the item identity is the canonical equivalence.,Item keeps its implemented mechanic mapping.
source/bands/mordheim/militiant-mootlanders-mim/equipment-access.yaml/@/equipment_lists/0/items/10/notes/unclassified,bands/mordheim/militiant-mootlanders-mim/equipment-access.yaml,current,YES,equipment equivalence to 'Kitchenware (counts as throwing stars)',"pricing/rarity part, if any",metadata_gap,item/throwing_stars,catalog/items record throwing_stars: kind=ranged-weapon mechanic_id=none,no implemented mechanic resolved for this item,code inspection only; no test executed for this lot entry,A canonical item record whose mechanic realises the printed equivalence.,list=heroes-equipment-list,,Map the printed equivalence onto a canonical item mechanic; do not add a name table.,Item resolves to the printed weapon/armour mechanic in simulation-mappings.
source/bands/mordheim/militiant-mootlanders-mim/equipment-access.yaml/@/equipment_lists/0/items/16/notes/unclassified,bands/mordheim/militiant-mootlanders-mim/equipment-access.yaml,current,YES,equipment equivalence encoded as defence.helmet,"pricing/rarity part, if any",covered,item/helmet,catalog/items record helmet: kind=shield-or-defence mechanic_id=defence.helmet,catalogue.mappings / carriedItemFacts in packages/typescript/domain/eligibility/index.ts,code inspection only; no test executed for this lot entry,,list=heroes-equipment-list,,None; the item identity is the canonical equivalence.,Item keeps its implemented mechanic mapping.
source/bands/mordheim/militiant-mootlanders-mim/equipment-access.yaml/@/equipment_lists/0/items/2/notes/unclassified,bands/mordheim/militiant-mootlanders-mim/equipment-access.yaml,current,YES,equipment equivalence encoded as weapon.axe,"pricing/rarity part, if any",covered,item/axe,catalog/items record axe: kind=close-combat-weapon mechanic_id=weapon.axe,catalogue.mappings / carriedItemFacts in packages/typescript/domain/eligibility/index.ts,code inspection only; no test executed for this lot entry,,list=heroes-equipment-list,,None; the item identity is the canonical equivalence.,Item keeps its implemented mechanic mapping.
source/bands/mordheim/militiant-mootlanders-mim/equipment-access.yaml/@/equipment_lists/0/items/5/notes/unclassified,bands/mordheim/militiant-mootlanders-mim/equipment-access.yaml,current,YES,equipment equivalence to 'Pitchfork (counts as Trident)',"pricing/rarity part, if any",metadata_gap,item/trident,catalog/items record trident: kind=close-combat-weapon mechanic_id=none,no implemented mechanic resolved for this item,code inspection only; no test executed for this lot entry,A canonical item record whose mechanic realises the printed equivalence.,list=heroes-equipment-list,,Map the printed equivalence onto a canonical item mechanic; do not add a name table.,Item resolves to the printed weapon/armour mechanic in simulation-mappings.
source/bands/mordheim/militiant-mootlanders-mim/equipment-access.yaml/@/equipment_lists/1/items/1/notes/unclassified,bands/mordheim/militiant-mootlanders-mim/equipment-access.yaml,current,YES,equipment equivalence encoded as weapon.mace,"pricing/rarity part, if any",covered,item/club,catalog/items record club: kind=close-combat-weapon mechanic_id=weapon.mace,catalogue.mappings / carriedItemFacts in packages/typescript/domain/eligibility/index.ts,code inspection only; no test executed for this lot entry,,list=henchmen-equipment-list,,None; the item identity is the canonical equivalence.,Item keeps its implemented mechanic mapping.
source/bands/mordheim/militiant-mootlanders-mim/equipment-access.yaml/@/equipment_lists/1/items/2/notes/unclassified,bands/mordheim/militiant-mootlanders-mim/equipment-access.yaml,current,YES,equipment equivalence encoded as weapon.axe,"pricing/rarity part, if any",covered,item/axe,catalog/items record axe: kind=close-combat-weapon mechanic_id=weapon.axe,catalogue.mappings / carriedItemFacts in packages/typescript/domain/eligibility/index.ts,code inspection only; no test executed for this lot entry,,list=henchmen-equipment-list,,None; the item identity is the canonical equivalence.,Item keeps its implemented mechanic mapping.
source/bands/mordheim/militiant-mootlanders-mim/equipment-access.yaml/@/equipment_lists/1/items/9/notes/unclassified,bands/mordheim/militiant-mootlanders-mim/equipment-access.yaml,current,YES,equipment equivalence encoded as defence.helmet,"pricing/rarity part, if any",covered,item/helmet,catalog/items record helmet: kind=shield-or-defence mechanic_id=defence.helmet,catalogue.mappings / carriedItemFacts in packages/typescript/domain/eligibility/index.ts,code inspection only; no test executed for this lot entry,,list=henchmen-equipment-list,,None; the item identity is the canonical equivalence.,Item keeps its implemented mechanic mapping.
source/bands/mordheim/mootlanders/profiles.yaml/@/profiles/0/equipment_restrictions/0/unclassified,bands/mordheim/mootlanders/profiles.yaml,current,YES,May buy equipment from the Halfling Equipment List and may additionally buy a pistol for 15 gc.,,metadata_gap,mootlanders/moot-elder,profiles.yaml equipment_restrictions prose only; no applicable special-rule binding in sources/knowledge/bands/mordheim/mootlanders/special-rules.yaml,packages/typescript/domain/eligibility/index.ts equipmentIssue / profileFactsProjection carries no structured token or offer for this clause,"executed: compile_fighter(collection=mordheim, mootlanders/moot-elder, armour_id=armour.light-armour) -> ACCEPTED",Canonical structured fact/binding (prohibition token or item access) for the printed clause.,bands/mordheim/mootlanders/profiles.yaml,T13-F041,Add a canonical profile.equipment-restrictions binding or item access; do not encode the clause as free-text matching.,The printed clause has a structured canonical fact and a shared-decision case.
source/bands/mordheim/necrarchs-mou/profiles.yaml/@/profiles/0/equipment_restrictions/0/unclassified,bands/mordheim/necrarchs-mou/profiles.yaml,current,YES,He will never wear armour.,,covered,necrarchs-mou/nosferatu,prose fallback pattern for armour in profiles.yaml equipment_restrictions,packages/typescript/domain/eligibility/index.ts buildRestriction stage profileSelections (legacy name matching) via mordheim_construction/restrictions.py _validate_profile_selections,"executed: compile_fighter(collection=mordheim, necrarchs-mou/nosferatu, armour_id=armour.light-armour) -> armour is forbidden for necrarchs-mou/nosferatu",,bands/mordheim/necrarchs-mou/profiles.yaml,T13-F041,None for Combat Lab; note the Warband Manager batch projection (construction.ts equipmentIssueFor) does not apply the prose fallback.,Clause stays enforced on the Combat Lab compiler path.
source/bands/mordheim/necrarchs-mou/profiles.yaml/@/profiles/1/equipment_restrictions/0/unclassified,bands/mordheim/necrarchs-mou/profiles.yaml,current,YES,"Abominations may not carry any weapons. They are a mix of fangs, talons or blades, which carry no penalty in combat.",,metadata_gap,necrarchs-mou/abomination,profiles.yaml equipment_restrictions prose only; no applicable special-rule binding in sources/knowledge/bands/mordheim/necrarchs-mou/special-rules.yaml,packages/typescript/domain/eligibility/index.ts equipmentIssue / profileFactsProjection carries no structured token or offer for this clause,"executed: compile_fighter(collection=mordheim, necrarchs-mou/abomination, armour_id=armour.light-armour) -> equipment is not available to necrarchs-mou/abomination: ['armour.light-armour']",Canonical structured fact/binding (prohibition token or item access) for the printed clause.,bands/mordheim/necrarchs-mou/profiles.yaml,T13-F041,Add a canonical profile.equipment-restrictions binding or item access; do not encode the clause as free-text matching.,The printed clause has a structured canonical fact and a shared-decision case.
source/bands/mordheim/necrarchs-mou/profiles.yaml/@/profiles/3/equipment_restrictions/0/unclassified,bands/mordheim/necrarchs-mou/profiles.yaml,current,YES,"Banshees never carry any equipment, as they cannot hold them.",,metadata_gap,necrarchs-mou/banshee,profiles.yaml equipment_restrictions prose only; no applicable special-rule binding in sources/knowledge/bands/mordheim/necrarchs-mou/special-rules.yaml,packages/typescript/domain/eligibility/index.ts equipmentIssue / profileFactsProjection carries no structured token or offer for this clause,"executed: compile_fighter(collection=mordheim, necrarchs-mou/banshee, armour_id=armour.light-armour) -> profile is outside the duel runtime: necrarchs-mou/banshee: The Banshee is a combat creature whose printed profile leaves Initiative blank (it always strikes last), so it cannot be compiled without inventing the missing characteristic. T13 must decide whether it earns a contract of its own.",Canonical structured fact/binding (prohibition token or item access) for the printed clause.,bands/mordheim/necrarchs-mou/profiles.yaml,T13-F041,Add a canonical profile.equipment-restrictions binding or item access; do not encode the clause as free-text matching.,The printed clause has a structured canonical fact and a shared-decision case.
source/bands/mordheim/necrarchs-mou/profiles.yaml/@/profiles/4/equipment_restrictions/0/unclassified,bands/mordheim/necrarchs-mou/profiles.yaml,current,YES,"Handling multiple weapons is a feat too advanced for a skeleton, which may only ever use one at a time.",,metadata_gap,necrarchs-mou/skeleton,profiles.yaml equipment_restrictions prose only; no applicable special-rule binding in sources/knowledge/bands/mordheim/necrarchs-mou/special-rules.yaml,packages/typescript/domain/eligibility/index.ts equipmentIssue / profileFactsProjection carries no structured token or offer for this clause,"executed: compile_fighter(collection=mordheim, necrarchs-mou/skeleton, armour_id=armour.light-armour) -> ACCEPTED",Canonical structured fact/binding (prohibition token or item access) for the printed clause.,bands/mordheim/necrarchs-mou/profiles.yaml,T13-F041,Add a canonical profile.equipment-restrictions binding or item access; do not encode the clause as free-text matching.,The printed clause has a structured canonical fact and a shared-decision case.
source/bands/mordheim/necrarchs-the-soul-stealers-lotd1/profiles.yaml/@/profiles/0/equipment_restrictions/0/unclassified,bands/mordheim/necrarchs-the-soul-stealers-lotd1/profiles.yaml,current,YES,A Necrarch Vampire may be armed from the Necrarch Hero Equipment list.,,covered,necrarchs-the-soul-stealers-lotd1/necrarch-vampire,profiles.yaml equipment_lists: necrarch-hero-equipment-list,packages/typescript/domain/eligibility/index.ts profileEquipmentItems / profileFactsProjection,"executed: compile_fighter(collection=mordheim, necrarchs-the-soul-stealers-lotd1/necrarch-vampire, armour_id=armour.light-armour) -> ACCEPTED",,bands/mordheim/necrarchs-the-soul-stealers-lotd1/profiles.yaml,,None; the declared list is the canonical access.,Clause stays realised by the declared equipment list.
source/bands/mordheim/necrarchs-the-soul-stealers-lotd1/profiles.yaml/@/profiles/1/equipment_restrictions/0/unclassified,bands/mordheim/necrarchs-the-soul-stealers-lotd1/profiles.yaml,current,YES,A Thrall may be equipped from the Necrarch Hero Equipment List.,,covered,necrarchs-the-soul-stealers-lotd1/thrall,profiles.yaml equipment_lists: necrarch-hero-equipment-list,packages/typescript/domain/eligibility/index.ts profileEquipmentItems / profileFactsProjection,"executed: compile_fighter(collection=mordheim, necrarchs-the-soul-stealers-lotd1/thrall, armour_id=armour.light-armour) -> ACCEPTED",,bands/mordheim/necrarchs-the-soul-stealers-lotd1/profiles.yaml,,None; the declared list is the canonical access.,Clause stays realised by the declared equipment list.
source/bands/mordheim/necrarchs-the-soul-stealers-lotd1/profiles.yaml/@/profiles/2/equipment_restrictions/0/unclassified,bands/mordheim/necrarchs-the-soul-stealers-lotd1/profiles.yaml,current,YES,Acolytes may equip themselves with weapons and armour from the Henchmen equipment list.,,covered,necrarchs-the-soul-stealers-lotd1/acolyte,profiles.yaml equipment_lists: necrarch-henchmen-equipment-list,packages/typescript/domain/eligibility/index.ts profileEquipmentItems / profileFactsProjection,"executed: compile_fighter(collection=mordheim, necrarchs-the-soul-stealers-lotd1/acolyte, armour_id=armour.light-armour) -> equipment is not available to necrarchs-the-soul-stealers-lotd1/acolyte: ['armour.light-armour']",,bands/mordheim/necrarchs-the-soul-stealers-lotd1/profiles.yaml,,None; the declared list is the canonical access.,Clause stays realised by the declared equipment list.
source/bands/mordheim/necrarchs-the-soul-stealers-lotd1/profiles.yaml/@/profiles/3/equipment_restrictions/0/unclassified,bands/mordheim/necrarchs-the-soul-stealers-lotd1/profiles.yaml,current,YES,Skeletal warriors may be equipped with weapons and armour chosen from the Henchmen Equipment list.,,covered,necrarchs-the-soul-stealers-lotd1/skeletal-warrior,profiles.yaml equipment_lists: necrarch-henchmen-equipment-list,packages/typescript/domain/eligibility/index.ts profileEquipmentItems / profileFactsProjection,"executed: compile_fighter(collection=mordheim, necrarchs-the-soul-stealers-lotd1/skeletal-warrior, armour_id=armour.light-armour) -> equipment is not available to necrarchs-the-soul-stealers-lotd1/skeletal-warrior: ['armour.light-armour']",,bands/mordheim/necrarchs-the-soul-stealers-lotd1/profiles.yaml,,None; the declared list is the canonical access.,Clause stays realised by the declared equipment list.
source/bands/mordheim/necrarchs-the-soul-stealers-lotd1/profiles.yaml/@/profiles/4/equipment_restrictions/0/unclassified,bands/mordheim/necrarchs-the-soul-stealers-lotd1/profiles.yaml,current,YES,"Zombies never carry any equipment, and do not suffer any penalties for this.",,metadata_gap,necrarchs-the-soul-stealers-lotd1/zombie,profiles.yaml equipment_restrictions prose only; no applicable special-rule binding in sources/knowledge/bands/mordheim/necrarchs-the-soul-stealers-lotd1/special-rules.yaml,packages/typescript/domain/eligibility/index.ts equipmentIssue / profileFactsProjection carries no structured token or offer for this clause,"executed: compile_fighter(collection=mordheim, necrarchs-the-soul-stealers-lotd1/zombie, armour_id=armour.light-armour) -> equipment is not available to necrarchs-the-soul-stealers-lotd1/zombie: ['armour.light-armour']",Canonical structured fact/binding (prohibition token or item access) for the printed clause.,bands/mordheim/necrarchs-the-soul-stealers-lotd1/profiles.yaml,T13-F041,Add a canonical profile.equipment-restrictions binding or item access; do not encode the clause as free-text matching.,The printed clause has a structured canonical fact and a shared-decision case.
source/bands/mordheim/necrarchs-the-soul-stealers-lotd1/profiles.yaml/@/profiles/5/equipment_restrictions/0/unclassified,bands/mordheim/necrarchs-the-soul-stealers-lotd1/profiles.yaml,current,YES,"Abominations do not employ weapons, and suffer no penalties for doing so.",,metadata_gap,necrarchs-the-soul-stealers-lotd1/abomination,profiles.yaml equipment_restrictions prose only; no applicable special-rule binding in sources/knowledge/bands/mordheim/necrarchs-the-soul-stealers-lotd1/special-rules.yaml,packages/typescript/domain/eligibility/index.ts equipmentIssue / profileFactsProjection carries no structured token or offer for this clause,"executed: compile_fighter(collection=mordheim, necrarchs-the-soul-stealers-lotd1/abomination, armour_id=armour.light-armour) -> equipment is not available to necrarchs-the-soul-stealers-lotd1/abomination: ['armour.light-armour']",Canonical structured fact/binding (prohibition token or item access) for the printed clause.,bands/mordheim/necrarchs-the-soul-stealers-lotd1/profiles.yaml,T13-F041,Add a canonical profile.equipment-restrictions binding or item access; do not encode the clause as free-text matching.,The printed clause has a structured canonical fact and a shared-decision case.
source/bands/mordheim/necrarchs-the-soul-stealers-lotd1/profiles.yaml/@/profiles/6/equipment_restrictions/0/unclassified,bands/mordheim/necrarchs-the-soul-stealers-lotd1/profiles.yaml,current,YES,A Waif may be armed with weapons and armour chosen from the Henchmen Equipment list.,,covered,necrarchs-the-soul-stealers-lotd1/waif,profiles.yaml equipment_lists: necrarch-henchmen-equipment-list,packages/typescript/domain/eligibility/index.ts profileEquipmentItems / profileFactsProjection,"executed: compile_fighter(collection=mordheim, necrarchs-the-soul-stealers-lotd1/waif, armour_id=armour.light-armour) -> equipment is not available to necrarchs-the-soul-stealers-lotd1/waif: ['armour.light-armour']",,bands/mordheim/necrarchs-the-soul-stealers-lotd1/profiles.yaml,,None; the declared list is the canonical access.,Clause stays realised by the declared equipment list.
source/bands/mordheim/night-goblins-mic/profiles.yaml/@/profiles/5/equipment_restrictions/0/unclassified,bands/mordheim/night-goblins-mic/profiles.yaml,current,YES,Cave Squigs never use or need weapons or armour.,,metadata_gap,night-goblins-mic/cave-squigs,profiles.yaml equipment_restrictions prose only; no applicable special-rule binding in sources/knowledge/bands/mordheim/night-goblins-mic/special-rules.yaml,packages/typescript/domain/eligibility/index.ts equipmentIssue / profileFactsProjection carries no structured token or offer for this clause,"executed: compile_fighter(collection=mordheim, night-goblins-mic/cave-squigs, armour_id=armour.light-armour) -> equipment is not available to night-goblins-mic/cave-squigs: ['armour.light-armour']",Canonical structured fact/binding (prohibition token or item access) for the printed clause.,bands/mordheim/night-goblins-mic/profiles.yaml,T13-F041,Add a canonical profile.equipment-restrictions binding or item access; do not encode the clause as free-text matching.,The printed clause has a structured canonical fact and a shared-decision case.
source/bands/mordheim/night-goblins-mic/profiles.yaml/@/profiles/6/equipment_restrictions/0/unclassified,bands/mordheim/night-goblins-mic/profiles.yaml,current,YES,Trolls can never be given weapons or armour.,,metadata_gap,night-goblins-mic/troll,profiles.yaml equipment_restrictions prose only; no applicable special-rule binding in sources/knowledge/bands/mordheim/night-goblins-mic/special-rules.yaml,packages/typescript/domain/eligibility/index.ts equipmentIssue / profileFactsProjection carries no structured token or offer for this clause,"executed: compile_fighter(collection=mordheim, night-goblins-mic/troll, armour_id=armour.light-armour) -> equipment is not available to night-goblins-mic/troll: ['armour.light-armour']",Canonical structured fact/binding (prohibition token or item access) for the printed clause.,bands/mordheim/night-goblins-mic/profiles.yaml,T13-F041,Add a canonical profile.equipment-restrictions binding or item access; do not encode the clause as free-text matching.,The printed clause has a structured canonical fact and a shared-decision case.
source/bands/mordheim/night-goblins-mic/profiles.yaml/@/profiles/7/equipment_restrictions/0/unclassified,bands/mordheim/night-goblins-mic/profiles.yaml,current,YES,"Each Snotling may only ever use its free pointy stick, which counts as a dagger.",,metadata_gap,night-goblins-mic/snotling-mob-consists-of-5-snotlings,profiles.yaml equipment_restrictions prose only; no applicable special-rule binding in sources/knowledge/bands/mordheim/night-goblins-mic/special-rules.yaml,packages/typescript/domain/eligibility/index.ts equipmentIssue / profileFactsProjection carries no structured token or offer for this clause,"executed: compile_fighter(collection=mordheim, night-goblins-mic/snotling-mob-consists-of-5-snotlings, armour_id=armour.light-armour) -> equipment is not available to night-goblins-mic/snotling-mob-consists-of-5-snotlings: ['armour.light-armour']",Canonical structured fact/binding (prohibition token or item access) for the printed clause.,bands/mordheim/night-goblins-mic/profiles.yaml,T13-F041,Add a canonical profile.equipment-restrictions binding or item access; do not encode the clause as free-text matching.,The printed clause has a structured canonical fact and a shared-decision case.
source/bands/mordheim/norse-explorers-btb/profiles.yaml/@/profiles/2/equipment_restrictions/0/unclassified,bands/mordheim/norse-explorers-btb/profiles.yaml,current,YES,May never use weapons or armour and suffers no penalty for fighting unarmed.,,partial,norse-explorers-btb/wulfen,prose fallback pattern for armour in profiles.yaml equipment_restrictions,packages/typescript/domain/eligibility/index.ts buildRestriction stage profileSelections (legacy name matching) via mordheim_construction/restrictions.py _validate_profile_selections,"executed: compile_fighter(collection=mordheim, norse-explorers-btb/wulfen, armour_id=armour.light-armour) -> equipment is not available to norse-explorers-btb/wulfen: ['armour.light-armour']",weapon prohibition,bands/mordheim/norse-explorers-btb/profiles.yaml,T13-F041,None for the enforced token; encode the remaining printed clauses as structured canonical facts.,Every printed clause of the entry has a shared-decision case.
source/bands/mordheim/norse-explorers-btb/profiles.yaml/@/profiles/6/equipment_restrictions/0/unclassified,bands/mordheim/norse-explorers-btb/profiles.yaml,current,YES,Wolves never use or need weapons or armour and fight with their natural fangs.,,metadata_gap,norse-explorers-btb/wolves,profiles.yaml equipment_restrictions prose only; no applicable special-rule binding in sources/knowledge/bands/mordheim/norse-explorers-btb/special-rules.yaml,packages/typescript/domain/eligibility/index.ts equipmentIssue / profileFactsProjection carries no structured token or offer for this clause,"executed: compile_fighter(collection=mordheim, norse-explorers-btb/wolves, armour_id=armour.light-armour) -> equipment is not available to norse-explorers-btb/wolves: ['armour.light-armour']",Canonical structured fact/binding (prohibition token or item access) for the printed clause.,bands/mordheim/norse-explorers-btb/profiles.yaml,T13-F041,Add a canonical profile.equipment-restrictions binding or item access; do not encode the clause as free-text matching.,The printed clause has a structured canonical fact and a shared-decision case.
source/bands/mordheim/ogre-hunting-party-web/equipment-access.yaml/@/equipment_lists/0/items/0/notes/unclassified,bands/mordheim/ogre-hunting-party-web/equipment-access.yaml,current,YES,equipment equivalence encoded as weapon.axe,"pricing/rarity part, if any",covered,item/cleaver,catalog/items record cleaver: kind=close-combat-weapon mechanic_id=weapon.axe,catalogue.mappings / carriedItemFacts in packages/typescript/domain/eligibility/index.ts,code inspection only; no test executed for this lot entry,,list=ogre-equipment-list,,None; the item identity is the canonical equivalence.,Item keeps its implemented mechanic mapping.
source/bands/mordheim/ogre-hunting-party-web/equipment-access.yaml/@/equipment_lists/1/items/13/notes/unclassified,bands/mordheim/ogre-hunting-party-web/equipment-access.yaml,current,YES,named bearer restriction: 'Heroes only',"price/rarity clauses, if any",metadata_gap,item/pigback_mount,equipment-access entry pigback_mount carries the restriction only as prose notes,equipmentIssue offers the item to every declared user of list gnoblar-equipment-list (shared eligibility ignores notes),code inspection only; no test executed for this lot entry,A structured recipient/restriction fact for the bearer clause.,list=gnoblar-equipment-list,,Model the bearer restriction (item access or list scope); reuse shared eligibility.,A non-recipient is refused and an intended recipient is accepted by the shared decision.
source/bands/mordheim/ogre-hunting-party-web/equipment-access.yaml/@/equipment_lists/1/items/7/notes/unclassified,bands/mordheim/ogre-hunting-party-web/equipment-access.yaml,current,YES,named bearer restriction: 'Heroes only',"price/rarity clauses, if any",metadata_gap,item/throwing_knives,equipment-access entry throwing_knives carries the restriction only as prose notes,equipmentIssue offers the item to every declared user of list gnoblar-equipment-list (shared eligibility ignores notes),code inspection only; no test executed for this lot entry,A structured recipient/restriction fact for the bearer clause.,list=gnoblar-equipment-list,,Model the bearer restriction (item access or list scope); reuse shared eligibility.,A non-recipient is refused and an intended recipient is accepted by the shared decision.
source/bands/mordheim/ogre-hunting-party-web/equipment-access.yaml/@/equipment_lists/1/items/8/notes/unclassified,bands/mordheim/ogre-hunting-party-web/equipment-access.yaml,current,YES,named bearer restriction: 'Flingers only',"price/rarity clauses, if any",metadata_gap,item/sling,equipment-access entry sling carries the restriction only as prose notes,equipmentIssue offers the item to every declared user of list gnoblar-equipment-list (shared eligibility ignores notes),code inspection only; no test executed for this lot entry,A structured recipient/restriction fact for the bearer clause.,list=gnoblar-equipment-list,,Model the bearer restriction (item access or list scope); reuse shared eligibility.,A non-recipient is refused and an intended recipient is accepted by the shared decision.
source/bands/mordheim/ogre-hunting-party-web/profiles.yaml/@/profiles/0/equipment_restrictions/0/unclassified,bands/mordheim/ogre-hunting-party-web/profiles.yaml,current,YES,"Unlike other models Ogres don't have free daggers, even though they might carry one reserved for eating, the most sacred activity in their life. Ogres never fight with daggers in close combat.",,metadata_gap,ogre-hunting-party-web/ogre-hunter,profiles.yaml equipment_restrictions prose only; no applicable special-rule binding in sources/knowledge/bands/mordheim/ogre-hunting-party-web/special-rules.yaml,packages/typescript/domain/eligibility/index.ts equipmentIssue / profileFactsProjection carries no structured token or offer for this clause,"executed: compile_fighter(collection=mordheim, ogre-hunting-party-web/ogre-hunter, armour_id=armour.light-armour) -> ACCEPTED",Canonical structured fact/binding (prohibition token or item access) for the printed clause.,bands/mordheim/ogre-hunting-party-web/profiles.yaml,T13-F041,Add a canonical profile.equipment-restrictions binding or item access; do not encode the clause as free-text matching.,The printed clause has a structured canonical fact and a shared-decision case.
source/bands/mordheim/ogre-hunting-party-web/profiles.yaml/@/profiles/5/equipment_restrictions/0/unclassified,bands/mordheim/ogre-hunting-party-web/profiles.yaml,current,YES,Tusks and primal ferocity!,,metadata_gap,ogre-hunting-party-web/sabretusks,profiles.yaml equipment_restrictions prose only; no applicable special-rule binding in sources/knowledge/bands/mordheim/ogre-hunting-party-web/special-rules.yaml,packages/typescript/domain/eligibility/index.ts equipmentIssue / profileFactsProjection carries no structured token or offer for this clause,"executed: compile_fighter(collection=mordheim, ogre-hunting-party-web/sabretusks, armour_id=armour.light-armour) -> equipment is not available to ogre-hunting-party-web/sabretusks: ['armour.light-armour']",Canonical structured fact/binding (prohibition token or item access) for the printed clause.,bands/mordheim/ogre-hunting-party-web/profiles.yaml,T13-F041,Add a canonical profile.equipment-restrictions binding or item access; do not encode the clause as free-text matching.,The printed clause has a structured canonical fact and a shared-decision case.
source/bands/mordheim/order-of-the-mare-web/equipment-access.yaml/@/equipment_lists/0/items/10/notes/unclassified,bands/mordheim/order-of-the-mare-web/equipment-access.yaml,current,YES,named bearer restriction: 'Pilgrims only',"price/rarity clauses, if any",metadata_gap,item/bow,equipment-access entry bow carries the restriction only as prose notes,equipmentIssue offers the item to every declared user of list footman-equipment-list (shared eligibility ignores notes),code inspection only; no test executed for this lot entry,A structured recipient/restriction fact for the bearer clause.,list=footman-equipment-list,,Model the bearer restriction (item access or list scope); reuse shared eligibility.,A non-recipient is refused and an intended recipient is accepted by the shared decision.
source/bands/mordheim/order-of-the-mare-web/equipment-access.yaml/@/equipment_lists/0/items/14/notes/unclassified,bands/mordheim/order-of-the-mare-web/equipment-access.yaml,current,YES,named bearer restriction: 'Knights only',"price/rarity clauses, if any",metadata_gap,item/heavy_armour,equipment-access entry heavy_armour carries the restriction only as prose notes,equipmentIssue offers the item to every declared user of list footman-equipment-list (shared eligibility ignores notes),code inspection only; no test executed for this lot entry,A structured recipient/restriction fact for the bearer clause.,list=footman-equipment-list,,Model the bearer restriction (item access or list scope); reuse shared eligibility.,A non-recipient is refused and an intended recipient is accepted by the shared decision.
source/bands/mordheim/order-of-the-mare-web/equipment-access.yaml/@/equipment_lists/0/items/15/notes/unclassified,bands/mordheim/order-of-the-mare-web/equipment-access.yaml,current,YES,named bearer restriction: 'Knights only',"price/rarity clauses, if any",metadata_gap,item/barding,equipment-access entry barding carries the restriction only as prose notes,equipmentIssue offers the item to every declared user of list footman-equipment-list (shared eligibility ignores notes),code inspection only; no test executed for this lot entry,A structured recipient/restriction fact for the bearer clause.,list=footman-equipment-list,,Model the bearer restriction (item access or list scope); reuse shared eligibility.,A non-recipient is refused and an intended recipient is accepted by the shared decision.
source/bands/mordheim/order-of-the-mare-web/equipment-access.yaml/@/equipment_lists/0/items/16/notes/unclassified,bands/mordheim/order-of-the-mare-web/equipment-access.yaml,current,YES,named bearer restriction: 'Knights only',"price/rarity clauses, if any",metadata_gap,item/warhorse,equipment-access entry warhorse carries the restriction only as prose notes,equipmentIssue offers the item to every declared user of list footman-equipment-list (shared eligibility ignores notes),code inspection only; no test executed for this lot entry,A structured recipient/restriction fact for the bearer clause.,list=footman-equipment-list,,Model the bearer restriction (item access or list scope); reuse shared eligibility.,A non-recipient is refused and an intended recipient is accepted by the shared decision.
source/bands/mordheim/order-of-the-mare-web/equipment-access.yaml/@/equipment_lists/0/items/4/notes/unclassified,bands/mordheim/order-of-the-mare-web/equipment-access.yaml,current,YES,named bearer restriction: 'Pilgrims only',"price/rarity clauses, if any",metadata_gap,item/spear,equipment-access entry spear carries the restriction only as prose notes,equipmentIssue offers the item to every declared user of list footman-equipment-list (shared eligibility ignores notes),code inspection only; no test executed for this lot entry,A structured recipient/restriction fact for the bearer clause.,list=footman-equipment-list,,Model the bearer restriction (item access or list scope); reuse shared eligibility.,A non-recipient is refused and an intended recipient is accepted by the shared decision.
source/bands/mordheim/order-of-the-mare-web/equipment-access.yaml/@/equipment_lists/0/items/5/notes/unclassified,bands/mordheim/order-of-the-mare-web/equipment-access.yaml,current,YES,named bearer restriction: 'Pilgrims only',"price/rarity clauses, if any",metadata_gap,item/halberd,equipment-access entry halberd carries the restriction only as prose notes,equipmentIssue offers the item to every declared user of list footman-equipment-list (shared eligibility ignores notes),code inspection only; no test executed for this lot entry,A structured recipient/restriction fact for the bearer clause.,list=footman-equipment-list,,Model the bearer restriction (item access or list scope); reuse shared eligibility.,A non-recipient is refused and an intended recipient is accepted by the shared decision.
source/bands/mordheim/order-of-the-mare-web/equipment-access.yaml/@/equipment_lists/0/items/9/notes/unclassified,bands/mordheim/order-of-the-mare-web/equipment-access.yaml,current,YES,named bearer restriction: 'Knights only',"price/rarity clauses, if any",metadata_gap,item/lance,equipment-access entry lance carries the restriction only as prose notes,equipmentIssue offers the item to every declared user of list footman-equipment-list (shared eligibility ignores notes),code inspection only; no test executed for this lot entry,A structured recipient/restriction fact for the bearer clause.,list=footman-equipment-list,,Model the bearer restriction (item access or list scope); reuse shared eligibility.,A non-recipient is refused and an intended recipient is accepted by the shared decision.
source/bands/mordheim/order-of-the-mare-web/equipment-access.yaml/@/equipment_lists/1/items/10/notes/unclassified,bands/mordheim/order-of-the-mare-web/equipment-access.yaml,current,YES,named bearer restriction: 'Esquiresses only',"price/rarity clauses, if any",metadata_gap,item/horse,equipment-access entry horse carries the restriction only as prose notes,equipmentIssue offers the item to every declared user of list archer-equipment-list (shared eligibility ignores notes),code inspection only; no test executed for this lot entry,A structured recipient/restriction fact for the bearer clause.,list=archer-equipment-list,,Model the bearer restriction (item access or list scope); reuse shared eligibility.,A non-recipient is refused and an intended recipient is accepted by the shared decision.
source/bands/mordheim/order-of-the-mare-web/equipment-access.yaml/@/equipment_lists/1/items/4/notes/unclassified,bands/mordheim/order-of-the-mare-web/equipment-access.yaml,current,YES,named bearer restriction: 'Esquiresses only',"price/rarity clauses, if any",metadata_gap,item/spear,equipment-access entry spear carries the restriction only as prose notes,equipmentIssue offers the item to every declared user of list archer-equipment-list (shared eligibility ignores notes),code inspection only; no test executed for this lot entry,A structured recipient/restriction fact for the bearer clause.,list=archer-equipment-list,,Model the bearer restriction (item access or list scope); reuse shared eligibility.,A non-recipient is refused and an intended recipient is accepted by the shared decision.
source/bands/mordheim/order-of-the-mare-web/profiles.yaml/@/profiles/1/equipment_restrictions/0/unclassified,bands/mordheim/order-of-the-mare-web/profiles.yaml,current,YES,"Comes equipped with an ancient armour that may never be removed, traded or stolen. It does not prevent spell casting, and provides a 5+ save that cannot be modified, but doesn't work against magical attacks.",casting/prayer procedure clause,metadata_gap,order-of-the-mare-web/dame-of-the-mare,profiles.yaml equipment_restrictions prose only; no applicable special-rule binding in sources/knowledge/bands/mordheim/order-of-the-mare-web/special-rules.yaml,packages/typescript/domain/eligibility/index.ts equipmentIssue / profileFactsProjection carries no structured token or offer for this clause,"executed: compile_fighter(collection=mordheim, order-of-the-mare-web/dame-of-the-mare, armour_id=armour.light-armour) -> equipment is not available to order-of-the-mare-web/dame-of-the-mare: ['armour.light-armour']",Canonical structured fact/binding (prohibition token or item access) for the printed clause.,bands/mordheim/order-of-the-mare-web/profiles.yaml,T13-F041,Add a canonical profile.equipment-restrictions binding or item access; do not encode the clause as free-text matching.,The printed clause has a structured canonical fact and a shared-decision case.
source/bands/mordheim/order-of-the-mare-web/profiles.yaml/@/profiles/7/equipment_restrictions/0/unclassified,bands/mordheim/order-of-the-mare-web/profiles.yaml,current,YES,"Fights with its hooves, and suffers no penalty for fighting unarmed. Clad in an odd-looking covering that provides a 5+ save that cannot be modified but doesn't work against magical attacks. May never take any equipment, except for the covering it already carries.",,metadata_gap,order-of-the-mare-web/companion-filly,profiles.yaml equipment_restrictions prose only; no applicable special-rule binding in sources/knowledge/bands/mordheim/order-of-the-mare-web/special-rules.yaml,packages/typescript/domain/eligibility/index.ts equipmentIssue / profileFactsProjection carries no structured token or offer for this clause,"executed: compile_fighter(collection=mordheim, order-of-the-mare-web/companion-filly, armour_id=armour.light-armour) -> equipment is not available to order-of-the-mare-web/companion-filly: ['armour.light-armour']",Canonical structured fact/binding (prohibition token or item access) for the printed clause.,bands/mordheim/order-of-the-mare-web/profiles.yaml,T13-F041,Add a canonical profile.equipment-restrictions binding or item access; do not encode the clause as free-text matching.,The printed clause has a structured canonical fact and a shared-decision case.
source/bands/mordheim/outlaws-of-stirwood-forest-redux-fbg/equipment-access.yaml/@/equipment_lists/0/items/13/notes/unclassified,bands/mordheim/outlaws-of-stirwood-forest-redux-fbg/equipment-access.yaml,current,YES,named bearer restriction: 'Heroes only; Special Equipment section prints 50 gc; Rare 10 (Outlaws only)',"price/rarity clauses, if any",metadata_gap,item/forest_cloak,equipment-access entry forest_cloak carries the restriction only as prose notes,equipmentIssue offers the item to every declared user of list outlaws-equipment-list (shared eligibility ignores notes),code inspection only; no test executed for this lot entry,A structured recipient/restriction fact for the bearer clause.,list=outlaws-equipment-list,,Model the bearer restriction (item access or list scope); reuse shared eligibility.,A non-recipient is refused and an intended recipient is accepted by the shared decision.
source/bands/mordheim/outlaws-of-stirwood-forest-redux-fbg/equipment-access.yaml/@/equipment_lists/0/items/14/notes/unclassified,bands/mordheim/outlaws-of-stirwood-forest-redux-fbg/equipment-access.yaml,current,YES,named bearer restriction: 'Heroes only',"price/rarity clauses, if any",metadata_gap,item/hunting_arrows,equipment-access entry hunting_arrows carries the restriction only as prose notes,equipmentIssue offers the item to every declared user of list outlaws-equipment-list (shared eligibility ignores notes),code inspection only; no test executed for this lot entry,A structured recipient/restriction fact for the bearer clause.,list=outlaws-equipment-list,,Model the bearer restriction (item access or list scope); reuse shared eligibility.,A non-recipient is refused and an intended recipient is accepted by the shared decision.
source/bands/mordheim/outlaws-of-stirwood-forest-redux-fbg/equipment-access.yaml/@/equipment_lists/0/items/9/notes/unclassified,bands/mordheim/outlaws-of-stirwood-forest-redux-fbg/equipment-access.yaml,current,YES,named bearer restriction: 'Heroes only',"price/rarity clauses, if any",metadata_gap,item/long_bow,equipment-access entry long_bow carries the restriction only as prose notes,equipmentIssue offers the item to every declared user of list outlaws-equipment-list (shared eligibility ignores notes),code inspection only; no test executed for this lot entry,A structured recipient/restriction fact for the bearer clause.,list=outlaws-equipment-list,,Model the bearer restriction (item access or list scope); reuse shared eligibility.,A non-recipient is refused and an intended recipient is accepted by the shared decision.
source/bands/mordheim/pirates-of-the-cathayan-sea-sar/equipment-access.yaml/@/equipment_lists/0/items/1/notes/unclassified,bands/mordheim/pirates-of-the-cathayan-sea-sar/equipment-access.yaml,current,YES,equipment equivalence encoded as weapon.mace,"pricing/rarity part, if any",covered,item/hammer,catalog/items record hammer: kind=close-combat-weapon mechanic_id=weapon.mace,catalogue.mappings / carriedItemFacts in packages/typescript/domain/eligibility/index.ts,code inspection only; no test executed for this lot entry,,list=pirate-equipment-list,,None; the item identity is the canonical equivalence.,Item keeps its implemented mechanic mapping.
source/bands/mordheim/pirates-of-the-cathayan-sea-sar/equipment-access.yaml/@/equipment_lists/0/items/4/notes/unclassified,bands/mordheim/pirates-of-the-cathayan-sea-sar/equipment-access.yaml,current,YES,named bearer restriction: 'Heroes only',"price/rarity clauses, if any",metadata_gap,item/cat_o_nine_tails,equipment-access entry cat_o_nine_tails carries the restriction only as prose notes,equipmentIssue offers the item to every declared user of list pirate-equipment-list (shared eligibility ignores notes),code inspection only; no test executed for this lot entry,A structured recipient/restriction fact for the bearer clause.,list=pirate-equipment-list,,Model the bearer restriction (item access or list scope); reuse shared eligibility.,A non-recipient is refused and an intended recipient is accepted by the shared decision.
source/bands/mordheim/pirates-of-the-cathayan-sea-sar/equipment-access.yaml/@/equipment_lists/0/items/9/notes/unclassified,bands/mordheim/pirates-of-the-cathayan-sea-sar/equipment-access.yaml,current,YES,named bearer restriction: 'Heroes only; Rare 10',"price/rarity clauses, if any",metadata_gap,item/katana,equipment-access entry katana carries the restriction only as prose notes,equipmentIssue offers the item to every declared user of list pirate-equipment-list (shared eligibility ignores notes),code inspection only; no test executed for this lot entry,A structured recipient/restriction fact for the bearer clause.,list=pirate-equipment-list,,Model the bearer restriction (item access or list scope); reuse shared eligibility.,A non-recipient is refused and an intended recipient is accepted by the shared decision.
source/bands/mordheim/pirates-of-the-cathayan-sea-sar/equipment-access.yaml/@/equipment_lists/1/items/1/notes/unclassified,bands/mordheim/pirates-of-the-cathayan-sea-sar/equipment-access.yaml,current,YES,equipment equivalence encoded as weapon.mace,"pricing/rarity part, if any",covered,item/hammer,catalog/items record hammer: kind=close-combat-weapon mechanic_id=weapon.mace,catalogue.mappings / carriedItemFacts in packages/typescript/domain/eligibility/index.ts,code inspection only; no test executed for this lot entry,,list=floordog-equipment-list,,None; the item identity is the canonical equivalence.,Item keeps its implemented mechanic mapping.
source/bands/mordheim/pirates-of-the-cathayan-sea-sar/equipment-access.yaml/@/equipment_lists/2/items/1/notes/unclassified,bands/mordheim/pirates-of-the-cathayan-sea-sar/equipment-access.yaml,current,YES,equipment equivalence encoded as weapon.mace,"pricing/rarity part, if any",covered,item/hammer,catalog/items record hammer: kind=close-combat-weapon mechanic_id=weapon.mace,catalogue.mappings / carriedItemFacts in packages/typescript/domain/eligibility/index.ts,code inspection only; no test executed for this lot entry,,list=gunner-equipment-list,,None; the item identity is the canonical equivalence.,Item keeps its implemented mechanic mapping.
source/bands/mordheim/pirates/equipment-access.yaml/@/equipment_lists/0/items/5/notes/unclassified,bands/mordheim/pirates/equipment-access.yaml,current,YES,named bearer restriction: 'Heroes only.',"price/rarity clauses, if any",metadata_gap,item/cat_o_nine_tails,equipment-access entry cat_o_nine_tails carries the restriction only as prose notes,equipmentIssue offers the item to every declared user of list pirate-equipment-list (shared eligibility ignores notes),code inspection only; no test executed for this lot entry,A structured recipient/restriction fact for the bearer clause.,list=pirate-equipment-list,,Model the bearer restriction (item access or list scope); reuse shared eligibility.,A non-recipient is refused and an intended recipient is accepted by the shared decision.
source/bands/mordheim/pit-fighters/equipment-access.yaml/@/equipment_lists/2/items/10/notes/unclassified,bands/mordheim/pit-fighters/equipment-access.yaml,current,YES,named bearer restriction: 'Ogre Pit Fighter only.',"price/rarity clauses, if any",metadata_gap,item/helmet,equipment-access entry helmet carries the restriction only as prose notes,equipmentIssue offers the item to every declared user of list ogre-slayer-equipment-list (shared eligibility ignores notes),code inspection only; no test executed for this lot entry,A structured recipient/restriction fact for the bearer clause.,list=ogre-slayer-equipment-list,,Model the bearer restriction (item access or list scope); reuse shared eligibility.,A non-recipient is refused and an intended recipient is accepted by the shared decision.
source/bands/mordheim/pit-fighters/equipment-access.yaml/@/equipment_lists/2/items/4/notes/unclassified,bands/mordheim/pit-fighters/equipment-access.yaml,current,YES,named bearer restriction: 'Dwarf Troll Slayer only.',"price/rarity clauses, if any",metadata_gap,item/dwarf_axe,equipment-access entry dwarf_axe carries the restriction only as prose notes,equipmentIssue offers the item to every declared user of list ogre-slayer-equipment-list (shared eligibility ignores notes),code inspection only; no test executed for this lot entry,A structured recipient/restriction fact for the bearer clause.,list=ogre-slayer-equipment-list,,Model the bearer restriction (item access or list scope); reuse shared eligibility.,A non-recipient is refused and an intended recipient is accepted by the shared decision.
source/bands/mordheim/pit-fighters/equipment-access.yaml/@/equipment_lists/2/items/8/notes/unclassified,bands/mordheim/pit-fighters/equipment-access.yaml,current,YES,named bearer restriction: 'Dwarf Troll Slayer only.',"price/rarity clauses, if any",metadata_gap,item/gromril_weapon,equipment-access entry gromril_weapon carries the restriction only as prose notes,equipmentIssue offers the item to every declared user of list ogre-slayer-equipment-list (shared eligibility ignores notes),code inspection only; no test executed for this lot entry,A structured recipient/restriction fact for the bearer clause.,list=ogre-slayer-equipment-list,,Model the bearer restriction (item access or list scope); reuse shared eligibility.,A non-recipient is refused and an intended recipient is accepted by the shared decision.
source/bands/mordheim/pit-fighters/equipment-access.yaml/@/equipment_lists/2/items/9/notes/unclassified,bands/mordheim/pit-fighters/equipment-access.yaml,current,YES,named bearer restriction: 'Ogre Pit Fighter only.',"price/rarity clauses, if any",metadata_gap,item/light_armour,equipment-access entry light_armour carries the restriction only as prose notes,equipmentIssue offers the item to every declared user of list ogre-slayer-equipment-list (shared eligibility ignores notes),code inspection only; no test executed for this lot entry,A structured recipient/restriction fact for the bearer clause.,list=ogre-slayer-equipment-list,,Model the bearer restriction (item access or list scope); reuse shared eligibility.,A non-recipient is refused and an intended recipient is accepted by the shared decision.
source/bands/mordheim/pit-fighters/profiles.yaml/@/profiles/5/equipment_restrictions/0/unclassified,bands/mordheim/pit-fighters/profiles.yaml,current,YES,May select from the Ogre & Slayer Equipment List.,,covered,pit-fighters/ogre-pit-fighter,profiles.yaml equipment_lists: ogre-slayer-equipment-list,packages/typescript/domain/eligibility/index.ts profileEquipmentItems / profileFactsProjection,"executed: compile_fighter(collection=mordheim, pit-fighters/ogre-pit-fighter, armour_id=armour.light-armour) -> ACCEPTED",,bands/mordheim/pit-fighters/profiles.yaml,,None; the declared list is the canonical access.,Clause stays realised by the declared equipment list.
source/bands/mordheim/pit-fighters/profiles.yaml/@/profiles/5/equipment_restrictions/1/unclassified,bands/mordheim/pit-fighters/profiles.yaml,current,YES,Light armour and helmet are available only to the Ogre Pit Fighter; Dwarf Axe and Gromril Weapon are not available to it.,,metadata_gap,pit-fighters/ogre-pit-fighter,profiles.yaml equipment_restrictions prose only; no applicable special-rule binding in sources/knowledge/bands/mordheim/pit-fighters/special-rules.yaml,packages/typescript/domain/eligibility/index.ts equipmentIssue / profileFactsProjection carries no structured token or offer for this clause,"executed: compile_fighter(collection=mordheim, pit-fighters/ogre-pit-fighter, armour_id=armour.light-armour) -> ACCEPTED",Canonical structured fact/binding (prohibition token or item access) for the printed clause.,bands/mordheim/pit-fighters/profiles.yaml,T13-F041,Add a canonical profile.equipment-restrictions binding or item access; do not encode the clause as free-text matching.,The printed clause has a structured canonical fact and a shared-decision case.
source/bands/mordheim/protectorate-of-sigmar-lotd3/profiles.yaml/@/profiles/0/equipment_restrictions/0/unclassified,bands/mordheim/protectorate-of-sigmar-lotd3/profiles.yaml,current,YES,The Sigmarite Warrior Priest may be armed with weapons and armour from the Protectorate of Sigmar Equipment List.,,covered,protectorate-of-sigmar-lotd3/warrior-priest,profiles.yaml equipment_lists: protectorate-equipment-list,packages/typescript/domain/eligibility/index.ts profileEquipmentItems / profileFactsProjection,"executed: compile_fighter(collection=mordheim, protectorate-of-sigmar-lotd3/warrior-priest, armour_id=armour.light-armour) -> ACCEPTED",,bands/mordheim/protectorate-of-sigmar-lotd3/profiles.yaml,,None; the declared list is the canonical access.,Clause stays realised by the declared equipment list.
source/bands/mordheim/protectorate-of-sigmar-lotd3/profiles.yaml/@/profiles/1/equipment_restrictions/0/unclassified,bands/mordheim/protectorate-of-sigmar-lotd3/profiles.yaml,current,YES,The Templars may be armed with weapons and armour from the Protectorate of Sigmar Equipment List.,,covered,protectorate-of-sigmar-lotd3/templar,profiles.yaml equipment_lists: protectorate-equipment-list,packages/typescript/domain/eligibility/index.ts profileEquipmentItems / profileFactsProjection,"executed: compile_fighter(collection=mordheim, protectorate-of-sigmar-lotd3/templar, armour_id=armour.light-armour) -> ACCEPTED",,bands/mordheim/protectorate-of-sigmar-lotd3/profiles.yaml,,None; the declared list is the canonical access.,Clause stays realised by the declared equipment list.
source/bands/mordheim/protectorate-of-sigmar-lotd3/profiles.yaml/@/profiles/2/equipment_restrictions/0/unclassified,bands/mordheim/protectorate-of-sigmar-lotd3/profiles.yaml,current,YES,The Huntsman may be armed with weapons from the Huntsman Equipment List. Takes the place of one Templar.,,covered,protectorate-of-sigmar-lotd3/huntsman,profiles.yaml equipment_lists: huntsman-equipment-list,packages/typescript/domain/eligibility/index.ts profileEquipmentItems / profileFactsProjection,"executed: compile_fighter(collection=mordheim, protectorate-of-sigmar-lotd3/huntsman, armour_id=armour.light-armour) -> equipment is not available to protectorate-of-sigmar-lotd3/huntsman: ['armour.light-armour']",,bands/mordheim/protectorate-of-sigmar-lotd3/profiles.yaml,,None; the declared list is the canonical access.,Clause stays realised by the declared equipment list.
source/bands/mordheim/protectorate-of-sigmar-lotd3/profiles.yaml/@/profiles/3/equipment_restrictions/0/unclassified,bands/mordheim/protectorate-of-sigmar-lotd3/profiles.yaml,current,YES,The Acolytes may be armed with weapons and armour from the Protectorate of Sigmar Equipment List.,,covered,protectorate-of-sigmar-lotd3/acolyte,profiles.yaml equipment_lists: protectorate-equipment-list,packages/typescript/domain/eligibility/index.ts profileEquipmentItems / profileFactsProjection,"executed: compile_fighter(collection=mordheim, protectorate-of-sigmar-lotd3/acolyte, armour_id=armour.light-armour) -> ACCEPTED",,bands/mordheim/protectorate-of-sigmar-lotd3/profiles.yaml,,None; the declared list is the canonical access.,Clause stays realised by the declared equipment list.
source/bands/mordheim/protectorate-of-sigmar-lotd3/profiles.yaml/@/profiles/4/equipment_restrictions/0/unclassified,bands/mordheim/protectorate-of-sigmar-lotd3/profiles.yaml,current,YES,Archers may be armed with weapons and armour from the Protectorate of Sigmar Equipment List.,,covered,protectorate-of-sigmar-lotd3/archer,profiles.yaml equipment_lists: protectorate-equipment-list,packages/typescript/domain/eligibility/index.ts profileEquipmentItems / profileFactsProjection,"executed: compile_fighter(collection=mordheim, protectorate-of-sigmar-lotd3/archer, armour_id=armour.light-armour) -> ACCEPTED",,bands/mordheim/protectorate-of-sigmar-lotd3/profiles.yaml,,None; the declared list is the canonical access.,Clause stays realised by the declared equipment list.
source/bands/mordheim/protectorate-of-sigmar-lotd3/profiles.yaml/@/profiles/5/equipment_restrictions/0/unclassified,bands/mordheim/protectorate-of-sigmar-lotd3/profiles.yaml,current,YES,Crusaders may be armed with weapons and armour from the Protectorate of Sigmar Equipment List.,,covered,protectorate-of-sigmar-lotd3/crusader,profiles.yaml equipment_lists: protectorate-equipment-list,packages/typescript/domain/eligibility/index.ts profileEquipmentItems / profileFactsProjection,"executed: compile_fighter(collection=mordheim, protectorate-of-sigmar-lotd3/crusader, armour_id=armour.light-armour) -> ACCEPTED",,bands/mordheim/protectorate-of-sigmar-lotd3/profiles.yaml,,None; the declared list is the canonical access.,Clause stays realised by the declared equipment list.
source/bands/mordheim/protectorate-of-sigmar-lotd3/profiles.yaml/@/profiles/6/equipment_restrictions/0/unclassified,bands/mordheim/protectorate-of-sigmar-lotd3/profiles.yaml,current,YES,"Jaws and Brutality. A Hound never uses nor needs weapons or armour, and suffers no penalty for doing so.",,metadata_gap,protectorate-of-sigmar-lotd3/hound,profiles.yaml equipment_restrictions prose only; no applicable special-rule binding in sources/knowledge/bands/mordheim/protectorate-of-sigmar-lotd3/special-rules.yaml,packages/typescript/domain/eligibility/index.ts equipmentIssue / profileFactsProjection carries no structured token or offer for this clause,"executed: compile_fighter(collection=mordheim, protectorate-of-sigmar-lotd3/hound, armour_id=armour.light-armour) -> equipment is not available to protectorate-of-sigmar-lotd3/hound: ['armour.light-armour']",Canonical structured fact/binding (prohibition token or item access) for the printed clause.,bands/mordheim/protectorate-of-sigmar-lotd3/profiles.yaml,T13-F041,Add a canonical profile.equipment-restrictions binding or item access; do not encode the clause as free-text matching.,The printed clause has a structured canonical fact and a shared-decision case.
source/bands/mordheim/sartosan-pirates-sar/equipment-access.yaml/@/equipment_lists/0/items/1/notes/unclassified,bands/mordheim/sartosan-pirates-sar/equipment-access.yaml,current,YES,equipment equivalence encoded as weapon.mace,"pricing/rarity part, if any",covered,item/hammer,catalog/items record hammer: kind=close-combat-weapon mechanic_id=weapon.mace,catalogue.mappings / carriedItemFacts in packages/typescript/domain/eligibility/index.ts,code inspection only; no test executed for this lot entry,,list=pirate-equipment-list,,None; the item identity is the canonical equivalence.,Item keeps its implemented mechanic mapping.
source/bands/mordheim/sartosan-pirates-sar/equipment-access.yaml/@/equipment_lists/0/items/10/notes/unclassified,bands/mordheim/sartosan-pirates-sar/equipment-access.yaml,current,YES,named bearer restriction: 'Not Estalians!',"price/rarity clauses, if any",metadata_gap,item/crossbow,equipment-access entry crossbow carries the restriction only as prose notes,equipmentIssue offers the item to every declared user of list pirate-equipment-list (shared eligibility ignores notes),code inspection only; no test executed for this lot entry,A structured recipient/restriction fact for the bearer clause.,list=pirate-equipment-list,,Model the bearer restriction (item access or list scope); reuse shared eligibility.,A non-recipient is refused and an intended recipient is accepted by the shared decision.
source/bands/mordheim/sartosan-pirates-sar/equipment-access.yaml/@/equipment_lists/0/items/12/notes/unclassified,bands/mordheim/sartosan-pirates-sar/equipment-access.yaml,current,YES,named bearer restriction: 'Wastelanders only',"price/rarity clauses, if any",metadata_gap,item/handgun,equipment-access entry handgun carries the restriction only as prose notes,equipmentIssue offers the item to every declared user of list pirate-equipment-list (shared eligibility ignores notes),code inspection only; no test executed for this lot entry,A structured recipient/restriction fact for the bearer clause.,list=pirate-equipment-list,,Model the bearer restriction (item access or list scope); reuse shared eligibility.,A non-recipient is refused and an intended recipient is accepted by the shared decision.
source/bands/mordheim/sartosan-pirates-sar/equipment-access.yaml/@/equipment_lists/0/items/18/notes/unclassified,bands/mordheim/sartosan-pirates-sar/equipment-access.yaml,current,YES,named bearer restriction: 'Estalians only',"price/rarity clauses, if any",metadata_gap,item/heavy_armour,equipment-access entry heavy_armour carries the restriction only as prose notes,equipmentIssue offers the item to every declared user of list pirate-equipment-list (shared eligibility ignores notes),code inspection only; no test executed for this lot entry,A structured recipient/restriction fact for the bearer clause.,list=pirate-equipment-list,,Model the bearer restriction (item access or list scope); reuse shared eligibility.,A non-recipient is refused and an intended recipient is accepted by the shared decision.
source/bands/mordheim/sartosan-pirates-sar/equipment-access.yaml/@/equipment_lists/0/items/4/notes/unclassified,bands/mordheim/sartosan-pirates-sar/equipment-access.yaml,current,YES,named bearer restriction: 'Heroes only',"price/rarity clauses, if any",metadata_gap,item/cat_o_nine_tails,equipment-access entry cat_o_nine_tails carries the restriction only as prose notes,equipmentIssue offers the item to every declared user of list pirate-equipment-list (shared eligibility ignores notes),code inspection only; no test executed for this lot entry,A structured recipient/restriction fact for the bearer clause.,list=pirate-equipment-list,,Model the bearer restriction (item access or list scope); reuse shared eligibility.,A non-recipient is refused and an intended recipient is accepted by the shared decision.
source/bands/mordheim/sartosan-pirates-sar/equipment-access.yaml/@/equipment_lists/0/items/7/notes/unclassified,bands/mordheim/sartosan-pirates-sar/equipment-access.yaml,current,YES,named bearer restriction: 'Estalians only',"price/rarity clauses, if any",metadata_gap,item/rapier,equipment-access entry rapier carries the restriction only as prose notes,equipmentIssue offers the item to every declared user of list pirate-equipment-list (shared eligibility ignores notes),code inspection only; no test executed for this lot entry,A structured recipient/restriction fact for the bearer clause.,list=pirate-equipment-list,,Model the bearer restriction (item access or list scope); reuse shared eligibility.,A non-recipient is refused and an intended recipient is accepted by the shared decision.
source/bands/mordheim/sartosan-pirates-sar/equipment-access.yaml/@/equipment_lists/1/items/1/notes/unclassified,bands/mordheim/sartosan-pirates-sar/equipment-access.yaml,current,YES,equipment equivalence encoded as weapon.mace,"pricing/rarity part, if any",covered,item/hammer,catalog/items record hammer: kind=close-combat-weapon mechanic_id=weapon.mace,catalogue.mappings / carriedItemFacts in packages/typescript/domain/eligibility/index.ts,code inspection only; no test executed for this lot entry,,list=gunner-equipment-list,,None; the item identity is the canonical equivalence.,Item keeps its implemented mechanic mapping.
source/bands/mordheim/sartosan-pirates-sar/equipment-access.yaml/@/equipment_lists/2/items/1/notes/unclassified,bands/mordheim/sartosan-pirates-sar/equipment-access.yaml,current,YES,equipment equivalence encoded as weapon.mace,"pricing/rarity part, if any",covered,item/hammer,catalog/items record hammer: kind=close-combat-weapon mechanic_id=weapon.mace,catalogue.mappings / carriedItemFacts in packages/typescript/domain/eligibility/index.ts,code inspection only; no test executed for this lot entry,,list=swabbie-equipment-list,,None; the item identity is the canonical equivalence.,Item keeps its implemented mechanic mapping.
source/bands/mordheim/savage-orcs-kaz/profiles.yaml/@/profiles/1/equipment_restrictions/0/unclassified,bands/mordheim/savage-orcs-kaz/profiles.yaml,current,YES,A Savage Orc Wierdo cannot wear armour.,,covered,savage-orcs-kaz/weirdo,prose fallback pattern for armour in profiles.yaml equipment_restrictions,packages/typescript/domain/eligibility/index.ts buildRestriction stage profileSelections (legacy name matching) via mordheim_construction/restrictions.py _validate_profile_selections,"executed: compile_fighter(collection=mordheim, savage-orcs-kaz/weirdo, armour_id=armour.light-armour) -> armour is forbidden for savage-orcs-kaz/weirdo",,bands/mordheim/savage-orcs-kaz/profiles.yaml,T13-F041,None for Combat Lab; note the Warband Manager batch projection (construction.ts equipmentIssueFor) does not apply the prose fallback.,Clause stays enforced on the Combat Lab compiler path.
source/bands/mordheim/savage-orcs-kaz/profiles.yaml/@/profiles/4/equipment_restrictions/0/unclassified,bands/mordheim/savage-orcs-kaz/profiles.yaml,current,YES,Savage Orc Nuttaz can use any equipment except missile weapons from the Savage Orc Equipment list.,,metadata_gap,savage-orcs-kaz/nuttaz,profiles.yaml equipment_restrictions prose only; no applicable special-rule binding in sources/knowledge/bands/mordheim/savage-orcs-kaz/special-rules.yaml,packages/typescript/domain/eligibility/index.ts equipmentIssue / profileFactsProjection carries no structured token or offer for this clause,"executed: compile_fighter(collection=mordheim, savage-orcs-kaz/nuttaz, armour_id=armour.light-armour) -> ACCEPTED",Canonical structured fact/binding (prohibition token or item access) for the printed clause.,bands/mordheim/savage-orcs-kaz/profiles.yaml,T13-F041,Add a canonical profile.equipment-restrictions binding or item access; do not encode the clause as free-text matching.,The printed clause has a structured canonical fact and a shared-decision case.
source/bands/mordheim/savage-orcs-kaz/profiles.yaml/@/profiles/6/equipment_restrictions/0/unclassified,bands/mordheim/savage-orcs-kaz/profiles.yaml,current,YES,Bow (not Gobbo Boyz): Savage Gobbos may not take the Bow.,,metadata_gap,savage-orcs-kaz/gobbo-boyz,profiles.yaml equipment_restrictions prose only; no applicable special-rule binding in sources/knowledge/bands/mordheim/savage-orcs-kaz/special-rules.yaml,packages/typescript/domain/eligibility/index.ts equipmentIssue / profileFactsProjection carries no structured token or offer for this clause,"executed: compile_fighter(collection=mordheim, savage-orcs-kaz/gobbo-boyz, armour_id=armour.light-armour) -> ACCEPTED",Canonical structured fact/binding (prohibition token or item access) for the printed clause.,bands/mordheim/savage-orcs-kaz/profiles.yaml,T13-F041,Add a canonical profile.equipment-restrictions binding or item access; do not encode the clause as free-text matching.,The printed clause has a structured canonical fact and a shared-decision case.
source/bands/mordheim/sea-ghosts-mim/profiles.yaml/@/profiles/1/equipment_restrictions/0/unclassified,bands/mordheim/sea-ghosts-mim/profiles.yaml,current,YES,Feast-Masters may only use the Feast-Master equipment list.,,metadata_gap,sea-ghosts-mim/feast-master,profiles.yaml equipment_restrictions prose only; no applicable special-rule binding in sources/knowledge/bands/mordheim/sea-ghosts-mim/special-rules.yaml,packages/typescript/domain/eligibility/index.ts equipmentIssue / profileFactsProjection carries no structured token or offer for this clause,"executed: compile_fighter(collection=mordheim, sea-ghosts-mim/feast-master, armour_id=armour.light-armour) -> equipment is not available to sea-ghosts-mim/feast-master: ['armour.light-armour']",Canonical structured fact/binding (prohibition token or item access) for the printed clause.,bands/mordheim/sea-ghosts-mim/profiles.yaml,T13-F041,Add a canonical profile.equipment-restrictions binding or item access; do not encode the clause as free-text matching.,The printed clause has a structured canonical fact and a shared-decision case.
source/bands/mordheim/shadow-warriors/equipment-access.yaml/@/equipment_lists/0/items/11/notes/unclassified,bands/mordheim/shadow-warriors/equipment-access.yaml,current,YES,named bearer restriction: 'Heroes only.',"price/rarity clauses, if any",metadata_gap,item/ithilmar_armour,equipment-access entry ithilmar_armour carries the restriction only as prose notes,equipmentIssue offers the item to every declared user of list shadow-warrior-equipment-lists (shared eligibility ignores notes),code inspection only; no test executed for this lot entry,A structured recipient/restriction fact for the bearer clause.,list=shadow-warrior-equipment-lists,,Model the bearer restriction (item access or list scope); reuse shared eligibility.,A non-recipient is refused and an intended recipient is accepted by the shared decision.
source/bands/mordheim/shadow-warriors/equipment-access.yaml/@/equipment_lists/0/items/12/notes/unclassified,bands/mordheim/shadow-warriors/equipment-access.yaml,current,YES,named bearer restriction: 'Heroes only.',"price/rarity clauses, if any",metadata_gap,item/standard_of_nagarythe,equipment-access entry standard_of_nagarythe carries the restriction only as prose notes,equipmentIssue offers the item to every declared user of list shadow-warrior-equipment-lists (shared eligibility ignores notes),code inspection only; no test executed for this lot entry,A structured recipient/restriction fact for the bearer clause.,list=shadow-warrior-equipment-lists,,Model the bearer restriction (item access or list scope); reuse shared eligibility.,A non-recipient is refused and an intended recipient is accepted by the shared decision.
source/bands/mordheim/shadow-warriors/equipment-access.yaml/@/equipment_lists/0/items/13/notes/unclassified,bands/mordheim/shadow-warriors/equipment-access.yaml,current,YES,named bearer restriction: 'Heroes only.',"price/rarity clauses, if any",metadata_gap,item/war_horn_of_nagarythe,equipment-access entry war_horn_of_nagarythe carries the restriction only as prose notes,equipmentIssue offers the item to every declared user of list shadow-warrior-equipment-lists (shared eligibility ignores notes),code inspection only; no test executed for this lot entry,A structured recipient/restriction fact for the bearer clause.,list=shadow-warrior-equipment-lists,,Model the bearer restriction (item access or list scope); reuse shared eligibility.,A non-recipient is refused and an intended recipient is accepted by the shared decision.
source/bands/mordheim/shadow-warriors/equipment-access.yaml/@/equipment_lists/0/items/15/notes/unclassified,bands/mordheim/shadow-warriors/equipment-access.yaml,current,YES,named bearer restriction: 'Heroes only.',"price/rarity clauses, if any",metadata_gap,item/elven_wine,equipment-access entry elven_wine carries the restriction only as prose notes,equipmentIssue offers the item to every declared user of list shadow-warrior-equipment-lists (shared eligibility ignores notes),code inspection only; no test executed for this lot entry,A structured recipient/restriction fact for the bearer clause.,list=shadow-warrior-equipment-lists,,Model the bearer restriction (item access or list scope); reuse shared eligibility.,A non-recipient is refused and an intended recipient is accepted by the shared decision.
source/bands/mordheim/shadow-warriors/equipment-access.yaml/@/equipment_lists/0/items/16/notes/unclassified,bands/mordheim/shadow-warriors/equipment-access.yaml,current,YES,"named bearer restriction: 'Heroes only at warband creation; outside the starting list, Elven Runestones are available to Shadow Weavers only.'","price/rarity clauses, if any",metadata_gap,item/elven_runestones,equipment-access entry elven_runestones carries the restriction only as prose notes,equipmentIssue offers the item to every declared user of list shadow-warrior-equipment-lists (shared eligibility ignores notes),code inspection only; no test executed for this lot entry,A structured recipient/restriction fact for the bearer clause.,list=shadow-warrior-equipment-lists,,Model the bearer restriction (item access or list scope); reuse shared eligibility.,A non-recipient is refused and an intended recipient is accepted by the shared decision.
source/bands/mordheim/shadow-warriors/equipment-access.yaml/@/equipment_lists/0/items/4/notes/unclassified,bands/mordheim/shadow-warriors/equipment-access.yaml,current,YES,named bearer restriction: 'Heroes only.',"price/rarity clauses, if any",metadata_gap,item/ithilmar_weapon,equipment-access entry ithilmar_weapon carries the restriction only as prose notes,equipmentIssue offers the item to every declared user of list shadow-warrior-equipment-lists (shared eligibility ignores notes),code inspection only; no test executed for this lot entry,A structured recipient/restriction fact for the bearer clause.,list=shadow-warrior-equipment-lists,,Model the bearer restriction (item access or list scope); reuse shared eligibility.,A non-recipient is refused and an intended recipient is accepted by the shared decision.
source/bands/mordheim/shallows-beasts-mim/equipment-access.yaml/@/equipment_lists/0/items/1/notes/unclassified,bands/mordheim/shallows-beasts-mim/equipment-access.yaml,current,YES,equipment equivalence encoded as weapon.mace,"pricing/rarity part, if any",covered,item/club,catalog/items record club: kind=close-combat-weapon mechanic_id=weapon.mace,catalogue.mappings / carriedItemFacts in packages/typescript/domain/eligibility/index.ts,code inspection only; no test executed for this lot entry,,list=heroes-equipment-list,,None; the item identity is the canonical equivalence.,Item keeps its implemented mechanic mapping.
source/bands/mordheim/shallows-beasts-mim/equipment-access.yaml/@/equipment_lists/0/items/18/notes/unclassified,bands/mordheim/shallows-beasts-mim/equipment-access.yaml,current,YES,named bearer restriction: 'Mutant-Priest only; rare 8',"price/rarity clauses, if any",metadata_gap,item/shark_tooth_necklace,equipment-access entry shark_tooth_necklace carries the restriction only as prose notes,equipmentIssue offers the item to every declared user of list heroes-equipment-list (shared eligibility ignores notes),code inspection only; no test executed for this lot entry,A structured recipient/restriction fact for the bearer clause.,list=heroes-equipment-list,,Model the bearer restriction (item access or list scope); reuse shared eligibility.,A non-recipient is refused and an intended recipient is accepted by the shared decision.
source/bands/mordheim/shallows-beasts-mim/equipment-access.yaml/@/equipment_lists/0/items/4/notes/unclassified,bands/mordheim/shallows-beasts-mim/equipment-access.yaml,current,YES,equipment equivalence encoded as weapon.sword,"pricing/rarity part, if any",covered,item/sword,catalog/items record sword: kind=close-combat-weapon mechanic_id=weapon.sword,catalogue.mappings / carriedItemFacts in packages/typescript/domain/eligibility/index.ts,code inspection only; no test executed for this lot entry,,list=heroes-equipment-list,,None; the item identity is the canonical equivalence.,Item keeps its implemented mechanic mapping.
source/bands/mordheim/shallows-beasts-mim/equipment-access.yaml/@/equipment_lists/1/items/1/notes/unclassified,bands/mordheim/shallows-beasts-mim/equipment-access.yaml,current,YES,equipment equivalence encoded as weapon.mace,"pricing/rarity part, if any",covered,item/club,catalog/items record club: kind=close-combat-weapon mechanic_id=weapon.mace,catalogue.mappings / carriedItemFacts in packages/typescript/domain/eligibility/index.ts,code inspection only; no test executed for this lot entry,,list=henchmen-equipment-list,,None; the item identity is the canonical equivalence.,Item keeps its implemented mechanic mapping.
source/bands/mordheim/shallows-beasts-mim/equipment-access.yaml/@/equipment_lists/1/items/4/notes/unclassified,bands/mordheim/shallows-beasts-mim/equipment-access.yaml,current,YES,equipment equivalence encoded as weapon.sword,"pricing/rarity part, if any",covered,item/sword,catalog/items record sword: kind=close-combat-weapon mechanic_id=weapon.sword,catalogue.mappings / carriedItemFacts in packages/typescript/domain/eligibility/index.ts,code inspection only; no test executed for this lot entry,,list=henchmen-equipment-list,,None; the item identity is the canonical equivalence.,Item keeps its implemented mechanic mapping.
source/bands/mordheim/sisters-of-sigmar/equipment-access.yaml/@/equipment_lists/0/items/13/notes/unclassified,bands/mordheim/sisters-of-sigmar/equipment-access.yaml,current,YES,named bearer restriction: 'Heroines only.',"price/rarity clauses, if any",metadata_gap,item/holy_tome,equipment-access entry holy_tome carries the restriction only as prose notes,equipmentIssue offers the item to every declared user of list sisters-of-sigmar-equipment-lists (shared eligibility ignores notes),code inspection only; no test executed for this lot entry,A structured recipient/restriction fact for the bearer clause.,list=sisters-of-sigmar-equipment-lists,,Model the bearer restriction (item access or list scope); reuse shared eligibility.,A non-recipient is refused and an intended recipient is accepted by the shared decision.
source/bands/mordheim/sisters-of-sigmar/equipment-access.yaml/@/equipment_lists/0/items/14/notes/unclassified,bands/mordheim/sisters-of-sigmar/equipment-access.yaml,current,YES,named bearer restriction: 'Heroines only.',"price/rarity clauses, if any",metadata_gap,item/blessed_water,equipment-access entry blessed_water carries the restriction only as prose notes,equipmentIssue offers the item to every declared user of list sisters-of-sigmar-equipment-lists (shared eligibility ignores notes),code inspection only; no test executed for this lot entry,A structured recipient/restriction fact for the bearer clause.,list=sisters-of-sigmar-equipment-lists,,Model the bearer restriction (item access or list scope); reuse shared eligibility.,A non-recipient is refused and an intended recipient is accepted by the shared decision.
source/bands/mordheim/sisters-of-sigmar/equipment-access.yaml/@/equipment_lists/0/items/15/notes/unclassified,bands/mordheim/sisters-of-sigmar/equipment-access.yaml,current,YES,named bearer restriction: 'Heroines only.',"price/rarity clauses, if any",metadata_gap,item/holy_relic,equipment-access entry holy_relic carries the restriction only as prose notes,equipmentIssue offers the item to every declared user of list sisters-of-sigmar-equipment-lists (shared eligibility ignores notes),code inspection only; no test executed for this lot entry,A structured recipient/restriction fact for the bearer clause.,list=sisters-of-sigmar-equipment-lists,,Model the bearer restriction (item access or list scope); reuse shared eligibility.,A non-recipient is refused and an intended recipient is accepted by the shared decision.
source/bands/mordheim/sisters-of-sigmar/equipment-access.yaml/@/equipment_lists/0/items/3/notes/unclassified,bands/mordheim/sisters-of-sigmar/equipment-access.yaml,current,YES,named bearer restriction: 'Only the Sigmarite Matriarch and Sister Superiors may carry two Sigmarite warhammers at the same time.',"price/rarity clauses, if any",metadata_gap,item/sigmarite_hammer,equipment-access entry sigmarite_hammer carries the restriction only as prose notes,equipmentIssue offers the item to every declared user of list sisters-of-sigmar-equipment-lists (shared eligibility ignores notes),code inspection only; no test executed for this lot entry,A structured recipient/restriction fact for the bearer clause.,list=sisters-of-sigmar-equipment-lists,,Model the bearer restriction (item access or list scope); reuse shared eligibility.,A non-recipient is refused and an intended recipient is accepted by the shared decision.
source/bands/mordheim/skaven-clan-eshin/profiles.yaml/@/profiles/5/equipment_restrictions/0/unclassified,bands/mordheim/skaven-clan-eshin/profiles.yaml,current,YES,Giant Rats never use weapons or armour.,,partial,skaven-clan-eshin/giant-rats,prose fallback pattern for armour in profiles.yaml equipment_restrictions,packages/typescript/domain/eligibility/index.ts buildRestriction stage profileSelections (legacy name matching) via mordheim_construction/restrictions.py _validate_profile_selections,"executed: compile_fighter(collection=mordheim, skaven-clan-eshin/giant-rats, armour_id=armour.light-armour) -> equipment is not available to skaven-clan-eshin/giant-rats: ['armour.light-armour']",weapon prohibition,bands/mordheim/skaven-clan-eshin/profiles.yaml,T13-F041,None for the enforced token; encode the remaining printed clauses as structured canonical facts.,Every printed clause of the entry has a shared-decision case.
source/bands/mordheim/skaven-clan-eshin/profiles.yaml/@/profiles/6/equipment_restrictions/0/unclassified,bands/mordheim/skaven-clan-eshin/profiles.yaml,current,YES,"Rat Ogres fight with jaws, claws and brute force and can never use weapons or armour.",,partial,skaven-clan-eshin/rat-ogre,prose fallback pattern for armour in profiles.yaml equipment_restrictions,packages/typescript/domain/eligibility/index.ts buildRestriction stage profileSelections (legacy name matching) via mordheim_construction/restrictions.py _validate_profile_selections,"executed: compile_fighter(collection=mordheim, skaven-clan-eshin/rat-ogre, armour_id=armour.light-armour) -> equipment is not available to skaven-clan-eshin/rat-ogre: ['armour.light-armour']",weapon prohibition,bands/mordheim/skaven-clan-eshin/profiles.yaml,T13-F041,None for the enforced token; encode the remaining printed clauses as structured canonical facts.,Every printed clause of the entry has a shared-decision case.
source/bands/mordheim/skaven-of-clan-mors-kaz/profiles.yaml/@/profiles/6/equipment_restrictions/0/unclassified,bands/mordheim/skaven-of-clan-mors-kaz/profiles.yaml,current,YES,"Jaws, claws and brute force! Rat Ogres can never use weapons or armour.",,partial,skaven-of-clan-mors-kaz/rat-ogre,prose fallback pattern for armour in profiles.yaml equipment_restrictions,packages/typescript/domain/eligibility/index.ts buildRestriction stage profileSelections (legacy name matching) via mordheim_construction/restrictions.py _validate_profile_selections,"executed: compile_fighter(collection=mordheim, skaven-of-clan-mors-kaz/rat-ogre, armour_id=armour.light-armour) -> equipment is not available to skaven-of-clan-mors-kaz/rat-ogre: ['armour.light-armour']",weapon prohibition,bands/mordheim/skaven-of-clan-mors-kaz/profiles.yaml,T13-F041,None for the enforced token; encode the remaining printed clauses as structured canonical facts.,Every printed clause of the entry has a shared-decision case.
source/bands/mordheim/skaven-of-clan-moulder-web/equipment-access.yaml/@/equipment_lists/0/items/1/notes/unclassified,bands/mordheim/skaven-of-clan-moulder-web/equipment-access.yaml,current,YES,equipment equivalence encoded as weapon.mace,"pricing/rarity part, if any",covered,item/mace,catalog/items record mace: kind=close-combat-weapon mechanic_id=weapon.mace,catalogue.mappings / carriedItemFacts in packages/typescript/domain/eligibility/index.ts,code inspection only; no test executed for this lot entry,,list=heroes-equipment-list,,None; the item identity is the canonical equivalence.,Item keeps its implemented mechanic mapping.
source/bands/mordheim/skaven-of-clan-moulder-web/equipment-access.yaml/@/equipment_lists/0/items/6/notes/unclassified,bands/mordheim/skaven-of-clan-moulder-web/equipment-access.yaml,current,YES,named bearer restriction: 'Rare 8; Packmaster or Apprentices only',"price/rarity clauses, if any",metadata_gap,item/beastwhip,equipment-access entry beastwhip carries the restriction only as prose notes,equipmentIssue offers the item to every declared user of list heroes-equipment-list (shared eligibility ignores notes),code inspection only; no test executed for this lot entry,A structured recipient/restriction fact for the bearer clause.,list=heroes-equipment-list,,Model the bearer restriction (item access or list scope); reuse shared eligibility.,A non-recipient is refused and an intended recipient is accepted by the shared decision.
source/bands/mordheim/skaven-of-clan-moulder-web/equipment-access.yaml/@/equipment_lists/0/items/7/notes/unclassified,bands/mordheim/skaven-of-clan-moulder-web/equipment-access.yaml,current,YES,named bearer restriction: 'Rare 9; Packmaster or Apprentices only',"price/rarity clauses, if any",metadata_gap,item/thingcatcher,equipment-access entry thingcatcher carries the restriction only as prose notes,equipmentIssue offers the item to every declared user of list heroes-equipment-list (shared eligibility ignores notes),code inspection only; no test executed for this lot entry,A structured recipient/restriction fact for the bearer clause.,list=heroes-equipment-list,,Model the bearer restriction (item access or list scope); reuse shared eligibility.,A non-recipient is refused and an intended recipient is accepted by the shared decision.
source/bands/mordheim/skaven-of-clan-pestilens-lus/equipment-access.yaml/@/equipment_lists/0/items/7/notes/unclassified,bands/mordheim/skaven-of-clan-pestilens-lus/equipment-access.yaml,current,YES,"named bearer restriction: 'Equipment list price (printed ""Plague Censor 100 gc*"", source typo, Missile Weapons row). The special equipment entry prices it 75+5D6 gc as a later purchase (Rare 12; Champions only); list price operative, see discrepancy-verdicts.md.'","price/rarity clauses, if any",metadata_gap,item/plague_censer,equipment-access entry plague_censer carries the restriction only as prose notes,equipmentIssue offers the item to every declared user of list hero-equipment-list (shared eligibility ignores notes),code inspection only; no test executed for this lot entry,A structured recipient/restriction fact for the bearer clause.,list=hero-equipment-list,,Model the bearer restriction (item access or list scope); reuse shared eligibility.,A non-recipient is refused and an intended recipient is accepted by the shared decision.
source/bands/mordheim/skaven-of-clan-pestilens-lus/equipment-access.yaml/@/equipment_lists/1/items/1/notes/unclassified,bands/mordheim/skaven-of-clan-pestilens-lus/equipment-access.yaml,current,YES,equipment equivalence encoded as weapon.mace,"pricing/rarity part, if any",covered,item/club,catalog/items record club: kind=close-combat-weapon mechanic_id=weapon.mace,catalogue.mappings / carriedItemFacts in packages/typescript/domain/eligibility/index.ts,code inspection only; no test executed for this lot entry,,list=henchmen-equipment-list,,None; the item identity is the canonical equivalence.,Item keeps its implemented mechanic mapping.
source/bands/mordheim/skaven-of-clan-pestilens-lus/equipment-access.yaml/@/equipment_lists/1/items/4/notes/unclassified,bands/mordheim/skaven-of-clan-pestilens-lus/equipment-access.yaml,current,YES,named bearer restriction: 'Plague Monks only',"price/rarity clauses, if any",metadata_gap,item/flail,equipment-access entry flail carries the restriction only as prose notes,equipmentIssue offers the item to every declared user of list henchmen-equipment-list (shared eligibility ignores notes),code inspection only; no test executed for this lot entry,A structured recipient/restriction fact for the bearer clause.,list=henchmen-equipment-list,,Model the bearer restriction (item access or list scope); reuse shared eligibility.,A non-recipient is refused and an intended recipient is accepted by the shared decision.
source/bands/mordheim/skaven-of-clan-pestilens-mou/equipment-access.yaml/@/equipment_lists/1/items/1/notes/unclassified,bands/mordheim/skaven-of-clan-pestilens-mou/equipment-access.yaml,current,YES,equipment equivalence encoded as weapon.mace,"pricing/rarity part, if any",covered,item/club,catalog/items record club: kind=close-combat-weapon mechanic_id=weapon.mace,catalogue.mappings / carriedItemFacts in packages/typescript/domain/eligibility/index.ts,code inspection only; no test executed for this lot entry,,list=clanrat-equipment-list,,None; the item identity is the canonical equivalence.,Item keeps its implemented mechanic mapping.
source/bands/mordheim/skaven-of-clan-pestilens-mou/equipment-access.yaml/@/equipment_lists/1/items/4/notes/unclassified,bands/mordheim/skaven-of-clan-pestilens-mou/equipment-access.yaml,current,YES,named bearer restriction: 'Plague Monks and Initiates only Plague Monks and Initiates only.',"price/rarity clauses, if any",metadata_gap,item/flail,equipment-access entry flail carries the restriction only as prose notes,equipmentIssue offers the item to every declared user of list clanrat-equipment-list (shared eligibility ignores notes),code inspection only; no test executed for this lot entry,A structured recipient/restriction fact for the bearer clause.,list=clanrat-equipment-list,,Model the bearer restriction (item access or list scope); reuse shared eligibility.,A non-recipient is refused and an intended recipient is accepted by the shared decision.
source/bands/mordheim/skaven-of-clan-pristekk-sc/equipment-access.yaml/@/equipment_lists/2/items/1/notes/unclassified,bands/mordheim/skaven-of-clan-pristekk-sc/equipment-access.yaml,current,NO,,Rare 9; two-handed; capture animals and large models,out_of_scope,item/thing_catcher,catalog/campaign/trading-post.yaml owns price/rarity/availability,no duel-construction consumer for acquisition data,code inspection only; no test executed for this lot entry,,list=special-clan-pristekk-equipment,,No duel-construction work required.,Clause stays excluded from duel construction.
source/bands/mordheim/skaven-of-clan-skryre-rel/equipment-access.yaml/@/equipment_lists/0/items/12/notes/unclassified,bands/mordheim/skaven-of-clan-skryre-rel/equipment-access.yaml,current,YES,named bearer restriction: 'Rare 6; Clan Skryre only',"price/rarity clauses, if any",metadata_gap,item/gas_mask,equipment-access entry gas_mask carries the restriction only as prose notes,equipmentIssue offers the item to every declared user of list heroes-equipment-list (shared eligibility ignores notes),code inspection only; no test executed for this lot entry,A structured recipient/restriction fact for the bearer clause.,list=heroes-equipment-list,,Model the bearer restriction (item access or list scope); reuse shared eligibility.,A non-recipient is refused and an intended recipient is accepted by the shared decision.
source/bands/mordheim/skaven-of-clan-skryre-rel/equipment-access.yaml/@/equipment_lists/0/items/6/notes/unclassified,bands/mordheim/skaven-of-clan-skryre-rel/equipment-access.yaml,current,YES,named bearer restriction: 'Rare 8; Clan Skryre only',"price/rarity clauses, if any",metadata_gap,item/warp_blades,equipment-access entry warp_blades carries the restriction only as prose notes,equipmentIssue offers the item to every declared user of list heroes-equipment-list (shared eligibility ignores notes),code inspection only; no test executed for this lot entry,A structured recipient/restriction fact for the bearer clause.,list=heroes-equipment-list,,Model the bearer restriction (item access or list scope); reuse shared eligibility.,A non-recipient is refused and an intended recipient is accepted by the shared decision.
source/bands/mordheim/skaven-of-clan-skryre-rel/equipment-access.yaml/@/equipment_lists/0/items/7/notes/unclassified,bands/mordheim/skaven-of-clan-skryre-rel/equipment-access.yaml,current,YES,named bearer restriction: '15+D6 dinars; Rare 6; Clan Skryre only',"price/rarity clauses, if any",metadata_gap,item/poison_wind_globe,equipment-access entry poison_wind_globe carries the restriction only as prose notes,equipmentIssue offers the item to every declared user of list heroes-equipment-list (shared eligibility ignores notes),code inspection only; no test executed for this lot entry,A structured recipient/restriction fact for the bearer clause.,list=heroes-equipment-list,,Model the bearer restriction (item access or list scope); reuse shared eligibility.,A non-recipient is refused and an intended recipient is accepted by the shared decision.
source/bands/mordheim/skaven-of-clan-skryre-rel/profiles.yaml/@/profiles/4/equipment_restrictions/0/unclassified,bands/mordheim/skaven-of-clan-skryre-rel/profiles.yaml,current,YES,Armed with various scavenged weapons; they count as armed with a single dagger and cannot use any other equipment.,,metadata_gap,skaven-of-clan-skryre-rel/skaven-slaves,profiles.yaml equipment_restrictions prose only; no applicable special-rule binding in sources/knowledge/bands/mordheim/skaven-of-clan-skryre-rel/special-rules.yaml,packages/typescript/domain/eligibility/index.ts equipmentIssue / profileFactsProjection carries no structured token or offer for this clause,"executed: compile_fighter(collection=mordheim, skaven-of-clan-skryre-rel/skaven-slaves, armour_id=armour.light-armour) -> equipment is not available to skaven-of-clan-skryre-rel/skaven-slaves: ['armour.light-armour']",Canonical structured fact/binding (prohibition token or item access) for the printed clause.,bands/mordheim/skaven-of-clan-skryre-rel/profiles.yaml,T13-F041,Add a canonical profile.equipment-restrictions binding or item access; do not encode the clause as free-text matching.,The printed clause has a structured canonical fact and a shared-decision case.
source/bands/mordheim/skaven-of-clan-skryre-rel/profiles.yaml/@/profiles/5/equipment_restrictions/0/unclassified,bands/mordheim/skaven-of-clan-skryre-rel/profiles.yaml,current,YES,None. Giant Rats never use any armour or weapons.,,metadata_gap,skaven-of-clan-skryre-rel/giant-rats,profiles.yaml equipment_restrictions prose only; no applicable special-rule binding in sources/knowledge/bands/mordheim/skaven-of-clan-skryre-rel/special-rules.yaml,packages/typescript/domain/eligibility/index.ts equipmentIssue / profileFactsProjection carries no structured token or offer for this clause,"executed: compile_fighter(collection=mordheim, skaven-of-clan-skryre-rel/giant-rats, armour_id=armour.light-armour) -> equipment is not available to skaven-of-clan-skryre-rel/giant-rats: ['armour.light-armour']",Canonical structured fact/binding (prohibition token or item access) for the printed clause.,bands/mordheim/skaven-of-clan-skryre-rel/profiles.yaml,T13-F041,Add a canonical profile.equipment-restrictions binding or item access; do not encode the clause as free-text matching.,The printed clause has a structured canonical fact and a shared-decision case.
source/bands/mordheim/slavers-rel/profiles.yaml/@/profiles/5/equipment_restrictions/0/unclassified,bands/mordheim/slavers-rel/profiles.yaml,current,YES,Hounds never use any armour or weapons.,,metadata_gap,slavers-rel/hounds,profiles.yaml equipment_restrictions prose only; no applicable special-rule binding in sources/knowledge/bands/mordheim/slavers-rel/special-rules.yaml,packages/typescript/domain/eligibility/index.ts equipmentIssue / profileFactsProjection carries no structured token or offer for this clause,"executed: compile_fighter(collection=mordheim, slavers-rel/hounds, armour_id=armour.light-armour) -> equipment is not available to slavers-rel/hounds: ['armour.light-armour']",Canonical structured fact/binding (prohibition token or item access) for the printed clause.,bands/mordheim/slavers-rel/profiles.yaml,T13-F041,Add a canonical profile.equipment-restrictions binding or item access; do not encode the clause as free-text matching.,The printed clause has a structured canonical fact and a shared-decision case.
source/bands/mordheim/snotlings-web/equipment-access.yaml/@/equipment_lists/0/items/5/notes/unclassified,bands/mordheim/snotlings-web/equipment-access.yaml,current,YES,named bearer restriction: 'Goblin & BigSnotz only',"price/rarity clauses, if any",metadata_gap,item/short_bow,equipment-access entry short_bow carries the restriction only as prose notes,equipmentIssue offers the item to every declared user of list snotling-equipment-list (shared eligibility ignores notes),code inspection only; no test executed for this lot entry,A structured recipient/restriction fact for the bearer clause.,list=snotling-equipment-list,,Model the bearer restriction (item access or list scope); reuse shared eligibility.,A non-recipient is refused and an intended recipient is accepted by the shared decision.
source/bands/mordheim/snotlings-web/equipment-access.yaml/@/equipment_lists/0/items/8/notes/unclassified,bands/mordheim/snotlings-web/equipment-access.yaml,current,YES,named bearer restriction: 'Goblin & BigSnotz only',"price/rarity clauses, if any",metadata_gap,item/light_armour,equipment-access entry light_armour carries the restriction only as prose notes,equipmentIssue offers the item to every declared user of list snotling-equipment-list (shared eligibility ignores notes),code inspection only; no test executed for this lot entry,A structured recipient/restriction fact for the bearer clause.,list=snotling-equipment-list,,Model the bearer restriction (item access or list scope); reuse shared eligibility.,A non-recipient is refused and an intended recipient is accepted by the shared decision.
source/bands/mordheim/snotlings-web/equipment-access.yaml/@/equipment_lists/1/items/6/notes/unclassified,bands/mordheim/snotlings-web/equipment-access.yaml,current,NO,,No brace,out_of_scope,item/pistol,catalog/campaign/trading-post.yaml owns price/rarity/availability,no duel-construction consumer for acquisition data,code inspection only; no test executed for this lot entry,,list=shoota-equipment-list,,No duel-construction work required.,Clause stays excluded from duel construction.
source/bands/mordheim/sons-of-hashut/profiles.yaml/@/profiles/0/equipment_restrictions/0/unclassified,bands/mordheim/sons-of-hashut/profiles.yaml,current,YES,"May select weapons and armour from the Chaos Dwarf Equipment List, but may not cast spells while wearing armour.",casting/prayer procedure clause,covered,sons-of-hashut/apprentice-sorcerer,profiles.yaml equipment_lists: chaos-dwarf-equipment-list,packages/typescript/domain/eligibility/index.ts profileEquipmentItems / profileFactsProjection,"executed: compile_fighter(collection=mordheim, sons-of-hashut/apprentice-sorcerer, armour_id=armour.light-armour) -> ACCEPTED",,bands/mordheim/sons-of-hashut/profiles.yaml,,None; the declared list is the canonical access.,Clause stays realised by the declared equipment list.
source/bands/mordheim/sons-of-hashut/profiles.yaml/@/profiles/4/equipment_restrictions/0/unclassified,bands/mordheim/sons-of-hashut/profiles.yaml,current,YES,Starting equipment for a Blunderbuss Chaos Dwarf must include a Chaos Dwarf Blunderbuss from the Blunderbusser Equipment List.,,metadata_gap,sons-of-hashut/blunderbuss-chaos-dwarfs,profiles.yaml equipment_restrictions prose only; no applicable special-rule binding in sources/knowledge/bands/mordheim/sons-of-hashut/special-rules.yaml,packages/typescript/domain/eligibility/index.ts equipmentIssue / profileFactsProjection carries no structured token or offer for this clause,"executed: compile_fighter(collection=mordheim, sons-of-hashut/blunderbuss-chaos-dwarfs, armour_id=armour.light-armour) -> ACCEPTED",Canonical structured fact/binding (prohibition token or item access) for the printed clause.,bands/mordheim/sons-of-hashut/profiles.yaml,T13-F041,Add a canonical profile.equipment-restrictions binding or item access; do not encode the clause as free-text matching.,The printed clause has a structured canonical fact and a shared-decision case.
source/bands/mordheim/sorcerous-society-lotd4/profiles.yaml/@/profiles/0/equipment_restrictions/0/unclassified,bands/mordheim/sorcerous-society-lotd4/profiles.yaml,current,YES,The Magus may be armed with weapons and armour from the Sorcerous Society Equipment List.,,covered,sorcerous-society-lotd4/magus,profiles.yaml equipment_lists: sorcerous-society-equipment-list,packages/typescript/domain/eligibility/index.ts profileEquipmentItems / profileFactsProjection,"executed: compile_fighter(collection=mordheim, sorcerous-society-lotd4/magus, armour_id=armour.light-armour) -> ACCEPTED",,bands/mordheim/sorcerous-society-lotd4/profiles.yaml,,None; the declared list is the canonical access.,Clause stays realised by the declared equipment list.
source/bands/mordheim/sorcerous-society-lotd4/profiles.yaml/@/profiles/1/equipment_restrictions/0/unclassified,bands/mordheim/sorcerous-society-lotd4/profiles.yaml,current,YES,The Companion may be armed with weapons and armour from the Sorcerous Society Equipment List.,,covered,sorcerous-society-lotd4/companion,profiles.yaml equipment_lists: sorcerous-society-equipment-list,packages/typescript/domain/eligibility/index.ts profileEquipmentItems / profileFactsProjection,"executed: compile_fighter(collection=mordheim, sorcerous-society-lotd4/companion, armour_id=armour.light-armour) -> ACCEPTED",,bands/mordheim/sorcerous-society-lotd4/profiles.yaml,,None; the declared list is the canonical access.,Clause stays realised by the declared equipment list.
source/bands/mordheim/sorcerous-society-lotd4/profiles.yaml/@/profiles/2/equipment_restrictions/0/unclassified,bands/mordheim/sorcerous-society-lotd4/profiles.yaml,current,YES,The Hedge Wizards may be armed with weapons and armour from the Sorcerous Society Equipment List.,,covered,sorcerous-society-lotd4/mage,profiles.yaml equipment_lists: sorcerous-society-equipment-list,packages/typescript/domain/eligibility/index.ts profileEquipmentItems / profileFactsProjection,"executed: compile_fighter(collection=mordheim, sorcerous-society-lotd4/mage, armour_id=armour.light-armour) -> ACCEPTED",,bands/mordheim/sorcerous-society-lotd4/profiles.yaml,,None; the declared list is the canonical access.,Clause stays realised by the declared equipment list.
source/bands/mordheim/sorcerous-society-lotd4/profiles.yaml/@/profiles/3/equipment_restrictions/0/unclassified,bands/mordheim/sorcerous-society-lotd4/profiles.yaml,current,YES,Untrained may be armed with weapons and armour from the Sorcerous Society Equipment List.,,covered,sorcerous-society-lotd4/untrained,profiles.yaml equipment_lists: sorcerous-society-equipment-list,packages/typescript/domain/eligibility/index.ts profileEquipmentItems / profileFactsProjection,"executed: compile_fighter(collection=mordheim, sorcerous-society-lotd4/untrained, armour_id=armour.light-armour) -> ACCEPTED",,bands/mordheim/sorcerous-society-lotd4/profiles.yaml,,None; the declared list is the canonical access.,Clause stays realised by the declared equipment list.
source/bands/mordheim/sorcerous-society-lotd4/profiles.yaml/@/profiles/4/equipment_restrictions/0/unclassified,bands/mordheim/sorcerous-society-lotd4/profiles.yaml,current,YES,A Grunt may be armed with weapons and armour from the Sorcerous Society Equipment List.,,covered,sorcerous-society-lotd4/grunt,profiles.yaml equipment_lists: sorcerous-society-equipment-list,packages/typescript/domain/eligibility/index.ts profileEquipmentItems / profileFactsProjection,"executed: compile_fighter(collection=mordheim, sorcerous-society-lotd4/grunt, armour_id=armour.light-armour) -> ACCEPTED",,bands/mordheim/sorcerous-society-lotd4/profiles.yaml,,None; the declared list is the canonical access.,Clause stays realised by the declared equipment list.
source/bands/mordheim/strigoi-kaz/profiles.yaml/@/profiles/0/equipment_restrictions/0/unclassified,bands/mordheim/strigoi-kaz/profiles.yaml,current,YES,A Strigoi Vampire does not use any weapons or equipment.,,metadata_gap,strigoi-kaz/vampire,profiles.yaml equipment_restrictions prose only; no applicable special-rule binding in sources/knowledge/bands/mordheim/strigoi-kaz/special-rules.yaml,packages/typescript/domain/eligibility/index.ts equipmentIssue / profileFactsProjection carries no structured token or offer for this clause,"executed: compile_fighter(collection=mordheim, strigoi-kaz/vampire, armour_id=armour.light-armour) -> equipment is not available to strigoi-kaz/vampire: ['armour.light-armour']",Canonical structured fact/binding (prohibition token or item access) for the printed clause.,bands/mordheim/strigoi-kaz/profiles.yaml,T13-F041,Add a canonical profile.equipment-restrictions binding or item access; do not encode the clause as free-text matching.,The printed clause has a structured canonical fact and a shared-decision case.
source/bands/mordheim/strigoi-kaz/profiles.yaml/@/profiles/1/equipment_restrictions/0/unclassified,bands/mordheim/strigoi-kaz/profiles.yaml,current,YES,"Charnel Guard never carry any equipment, apart from a few bones which they use as primitive weapons.",,metadata_gap,strigoi-kaz/charnel-guard,profiles.yaml equipment_restrictions prose only; no applicable special-rule binding in sources/knowledge/bands/mordheim/strigoi-kaz/special-rules.yaml,packages/typescript/domain/eligibility/index.ts equipmentIssue / profileFactsProjection carries no structured token or offer for this clause,"executed: compile_fighter(collection=mordheim, strigoi-kaz/charnel-guard, armour_id=armour.light-armour) -> equipment is not available to strigoi-kaz/charnel-guard: ['armour.light-armour']",Canonical structured fact/binding (prohibition token or item access) for the printed clause.,bands/mordheim/strigoi-kaz/profiles.yaml,T13-F041,Add a canonical profile.equipment-restrictions binding or item access; do not encode the clause as free-text matching.,The printed clause has a structured canonical fact and a shared-decision case.
source/bands/mordheim/strigoi-kaz/profiles.yaml/@/profiles/3/equipment_restrictions/0/unclassified,bands/mordheim/strigoi-kaz/profiles.yaml,current,YES,"Ghouls never carry any equipment, apart from a few bones, which they use as primitive weapons.",,metadata_gap,strigoi-kaz/ghouls,profiles.yaml equipment_restrictions prose only; no applicable special-rule binding in sources/knowledge/bands/mordheim/strigoi-kaz/special-rules.yaml,packages/typescript/domain/eligibility/index.ts equipmentIssue / profileFactsProjection carries no structured token or offer for this clause,"executed: compile_fighter(collection=mordheim, strigoi-kaz/ghouls, armour_id=armour.light-armour) -> equipment is not available to strigoi-kaz/ghouls: ['armour.light-armour']",Canonical structured fact/binding (prohibition token or item access) for the printed clause.,bands/mordheim/strigoi-kaz/profiles.yaml,T13-F041,Add a canonical profile.equipment-restrictions binding or item access; do not encode the clause as free-text matching.,The printed clause has a structured canonical fact and a shared-decision case.
source/bands/mordheim/strigoi-kaz/profiles.yaml/@/profiles/4/equipment_restrictions/0/unclassified,bands/mordheim/strigoi-kaz/profiles.yaml,current,YES,Skeletons may not use missile weapons.,,metadata_gap,strigoi-kaz/skeletons,profiles.yaml equipment_restrictions prose only; no applicable special-rule binding in sources/knowledge/bands/mordheim/strigoi-kaz/special-rules.yaml,packages/typescript/domain/eligibility/index.ts equipmentIssue / profileFactsProjection carries no structured token or offer for this clause,"executed: compile_fighter(collection=mordheim, strigoi-kaz/skeletons, armour_id=armour.light-armour) -> ACCEPTED",Canonical structured fact/binding (prohibition token or item access) for the printed clause.,bands/mordheim/strigoi-kaz/profiles.yaml,T13-F041,Add a canonical profile.equipment-restrictions binding or item access; do not encode the clause as free-text matching.,The printed clause has a structured canonical fact and a shared-decision case.
source/bands/mordheim/strigoi-kaz/profiles.yaml/@/profiles/5/equipment_restrictions/0/unclassified,bands/mordheim/strigoi-kaz/profiles.yaml,current,YES,Equipment: None.,,metadata_gap,strigoi-kaz/bats,profiles.yaml equipment_restrictions prose only; no applicable special-rule binding in sources/knowledge/bands/mordheim/strigoi-kaz/special-rules.yaml,packages/typescript/domain/eligibility/index.ts equipmentIssue / profileFactsProjection carries no structured token or offer for this clause,"executed: compile_fighter(collection=mordheim, strigoi-kaz/bats, armour_id=armour.light-armour) -> equipment is not available to strigoi-kaz/bats: ['armour.light-armour']",Canonical structured fact/binding (prohibition token or item access) for the printed clause.,bands/mordheim/strigoi-kaz/profiles.yaml,T13-F041,Add a canonical profile.equipment-restrictions binding or item access; do not encode the clause as free-text matching.,The printed clause has a structured canonical fact and a shared-decision case.
source/bands/mordheim/strigoi-kaz/profiles.yaml/@/profiles/6/equipment_restrictions/0/unclassified,bands/mordheim/strigoi-kaz/profiles.yaml,current,YES,Equipment: None.,,metadata_gap,strigoi-kaz/fell-bats,profiles.yaml equipment_restrictions prose only; no applicable special-rule binding in sources/knowledge/bands/mordheim/strigoi-kaz/special-rules.yaml,packages/typescript/domain/eligibility/index.ts equipmentIssue / profileFactsProjection carries no structured token or offer for this clause,"executed: compile_fighter(collection=mordheim, strigoi-kaz/fell-bats, armour_id=armour.light-armour) -> equipment is not available to strigoi-kaz/fell-bats: ['armour.light-armour']",Canonical structured fact/binding (prohibition token or item access) for the printed clause.,bands/mordheim/strigoi-kaz/profiles.yaml,T13-F041,Add a canonical profile.equipment-restrictions binding or item access; do not encode the clause as free-text matching.,The printed clause has a structured canonical fact and a shared-decision case.
source/bands/mordheim/survivors-of-strigos-sylv/equipment-access.yaml/@/equipment_lists/0/items/17/notes/unclassified,bands/mordheim/survivors-of-strigos-sylv/equipment-access.yaml,current,YES,recipient restriction (heroes),"price/rarity clauses, if any",covered,item/unholy_relic,equipment-access list hero-equipment-list is declared only by heroes,profiles.yaml equipment_lists -> profileEquipmentItems (no henchman receives the offer),code inspection only; no test executed for this lot entry,,list=hero-equipment-list,,None; list membership already restricts the offer.,Only the intended recipients receive the offer.
source/bands/mordheim/survivors-of-strigos-sylv/equipment-access.yaml/@/equipment_lists/0/items/6/notes/unclassified,bands/mordheim/survivors-of-strigos-sylv/equipment-access.yaml,current,YES,named bearer restriction: 'Strigany only; special equipment; see special-rules',"price/rarity clauses, if any",metadata_gap,item/chest_talon,equipment-access entry chest_talon carries the restriction only as prose notes,equipmentIssue offers the item to every declared user of list hero-equipment-list (shared eligibility ignores notes),code inspection only; no test executed for this lot entry,A structured recipient/restriction fact for the bearer clause.,list=hero-equipment-list,,Model the bearer restriction (item access or list scope); reuse shared eligibility.,A non-recipient is refused and an intended recipient is accepted by the shared decision.
source/bands/mordheim/tomb-guardians/equipment-access.yaml/@/equipment_lists/0/items/10/notes/unclassified,bands/mordheim/tomb-guardians/equipment-access.yaml,current,YES,named bearer restriction: 'Tomb Lord only.',"price/rarity clauses, if any",metadata_gap,item/asp_arrows,equipment-access entry asp_arrows carries the restriction only as prose notes,equipmentIssue offers the item to every declared user of list undead-equipment-list (shared eligibility ignores notes),code inspection only; no test executed for this lot entry,A structured recipient/restriction fact for the bearer clause.,list=undead-equipment-list,,Model the bearer restriction (item access or list scope); reuse shared eligibility.,A non-recipient is refused and an intended recipient is accepted by the shared decision.
source/bands/mordheim/tomb-guardians/equipment-access.yaml/@/equipment_lists/0/items/11/notes/unclassified,bands/mordheim/tomb-guardians/equipment-access.yaml,current,YES,named bearer restriction: 'Tomb Lord only.',"price/rarity clauses, if any",metadata_gap,item/nehekharan_javelin,equipment-access entry nehekharan_javelin carries the restriction only as prose notes,equipmentIssue offers the item to every declared user of list undead-equipment-list (shared eligibility ignores notes),code inspection only; no test executed for this lot entry,A structured recipient/restriction fact for the bearer clause.,list=undead-equipment-list,,Model the bearer restriction (item access or list scope); reuse shared eligibility.,A non-recipient is refused and an intended recipient is accepted by the shared decision.
source/bands/mordheim/tomb-guardians/equipment-access.yaml/@/equipment_lists/1/items/6/notes/unclassified,bands/mordheim/tomb-guardians/equipment-access.yaml,current,YES,named bearer restriction: 'Liche Priest only.',"price/rarity clauses, if any",metadata_gap,item/serpent_staff,equipment-access entry serpent_staff carries the restriction only as prose notes,equipmentIssue offers the item to every declared user of list liche-priest-equipment-list (shared eligibility ignores notes),code inspection only; no test executed for this lot entry,A structured recipient/restriction fact for the bearer clause.,list=liche-priest-equipment-list,,Model the bearer restriction (item access or list scope); reuse shared eligibility.,A non-recipient is refused and an intended recipient is accepted by the shared decision.
source/bands/mordheim/tomb-guardians/profiles.yaml/@/profiles/5/equipment_restrictions/0/unclassified,bands/mordheim/tomb-guardians/profiles.yaml,current,YES,Tomb Scorpions do not use weapons or armour.,,metadata_gap,tomb-guardians/tomb-scorpions,profiles.yaml equipment_restrictions prose only; no applicable special-rule binding in sources/knowledge/bands/mordheim/tomb-guardians/special-rules.yaml,packages/typescript/domain/eligibility/index.ts equipmentIssue / profileFactsProjection carries no structured token or offer for this clause,"executed: compile_fighter(collection=mordheim, tomb-guardians/tomb-scorpions, armour_id=armour.light-armour) -> equipment is not available to tomb-guardians/tomb-scorpions: ['armour.light-armour']",Canonical structured fact/binding (prohibition token or item access) for the printed clause.,bands/mordheim/tomb-guardians/profiles.yaml,T13-F041,Add a canonical profile.equipment-restrictions binding or item access; do not encode the clause as free-text matching.,The printed clause has a structured canonical fact and a shared-decision case.
source/bands/mordheim/vampire-hunters-of-sylvania-lotd5/equipment-access.yaml/@/equipment_lists/0/items/13/notes/unclassified,bands/mordheim/vampire-hunters-of-sylvania-lotd5/equipment-access.yaml,current,YES,recipient restriction (heroes),"price/rarity clauses, if any",covered,item/blessed_water,equipment-access list vampire-hunters-hero-equipment-list is declared only by heroes,profiles.yaml equipment_lists -> profileEquipmentItems (no henchman receives the offer),code inspection only; no test executed for this lot entry,,list=vampire-hunters-hero-equipment-list,,None; list membership already restricts the offer.,Only the intended recipients receive the offer.
source/bands/mordheim/vampire-hunters-of-sylvania-lotd5/equipment-access.yaml/@/equipment_lists/0/items/14/notes/unclassified,bands/mordheim/vampire-hunters-of-sylvania-lotd5/equipment-access.yaml,current,YES,recipient restriction (heroes),"price/rarity clauses, if any",covered,item/blessed_bolts,equipment-access list vampire-hunters-hero-equipment-list is declared only by heroes,profiles.yaml equipment_lists -> profileEquipmentItems (no henchman receives the offer),code inspection only; no test executed for this lot entry,,list=vampire-hunters-hero-equipment-list,,None; list membership already restricts the offer.,Only the intended recipients receive the offer.
source/bands/mordheim/vampire-hunters-of-sylvania-lotd5/equipment-access.yaml/@/equipment_lists/0/items/15/notes/unclassified,bands/mordheim/vampire-hunters-of-sylvania-lotd5/equipment-access.yaml,current,YES,recipient restriction (heroes),"price/rarity clauses, if any",covered,item/holy_relic,equipment-access list vampire-hunters-hero-equipment-list is declared only by heroes,profiles.yaml equipment_lists -> profileEquipmentItems (no henchman receives the offer),code inspection only; no test executed for this lot entry,,list=vampire-hunters-hero-equipment-list,,None; list membership already restricts the offer.,Only the intended recipients receive the offer.
source/bands/mordheim/vampire-hunters-of-sylvania-lotd5/equipment-access.yaml/@/equipment_lists/0/items/16/notes/unclassified,bands/mordheim/vampire-hunters-of-sylvania-lotd5/equipment-access.yaml,current,YES,recipient restriction (heroes),"price/rarity clauses, if any",covered,item/throat_guard,equipment-access list vampire-hunters-hero-equipment-list is declared only by heroes,profiles.yaml equipment_lists -> profileEquipmentItems (no henchman receives the offer),code inspection only; no test executed for this lot entry,,list=vampire-hunters-hero-equipment-list,,None; list membership already restricts the offer.,Only the intended recipients receive the offer.
source/bands/mordheim/vampire-hunters-of-sylvania-lotd5/equipment-access.yaml/@/equipment_lists/0/items/9/notes/unclassified,bands/mordheim/vampire-hunters-of-sylvania-lotd5/equipment-access.yaml,current,YES,recipient restriction (heroes),"price/rarity clauses, if any",covered,item/crossbow_pistol,equipment-access list vampire-hunters-hero-equipment-list is declared only by heroes,profiles.yaml equipment_lists -> profileEquipmentItems (no henchman receives the offer),code inspection only; no test executed for this lot entry,,list=vampire-hunters-hero-equipment-list,,None; list membership already restricts the offer.,Only the intended recipients receive the offer.
source/bands/mordheim/wasteland-privateers-sar/profiles.yaml/@/profiles/0/equipment_restrictions/0/unclassified,bands/mordheim/wasteland-privateers-sar/profiles.yaml,current,YES,May not wear armour.,,metadata_gap,wasteland-privateers-sar/captain,profiles.yaml equipment_restrictions prose only; no applicable special-rule binding in sources/knowledge/bands/mordheim/wasteland-privateers-sar/special-rules.yaml,packages/typescript/domain/eligibility/index.ts equipmentIssue / profileFactsProjection carries no structured token or offer for this clause,"executed: compile_fighter(collection=mordheim, wasteland-privateers-sar/captain, armour_id=armour.light-armour) -> ACCEPTED",Canonical structured fact/binding (prohibition token or item access) for the printed clause.,bands/mordheim/wasteland-privateers-sar/profiles.yaml,T13-F041,Add a canonical profile.equipment-restrictions binding or item access; do not encode the clause as free-text matching.,The printed clause has a structured canonical fact and a shared-decision case.
source/bands/mordheim/wasteland-privateers-sar/profiles.yaml/@/profiles/1/equipment_restrictions/0/unclassified,bands/mordheim/wasteland-privateers-sar/profiles.yaml,current,YES,May not wear armour.,,metadata_gap,wasteland-privateers-sar/mates,profiles.yaml equipment_restrictions prose only; no applicable special-rule binding in sources/knowledge/bands/mordheim/wasteland-privateers-sar/special-rules.yaml,packages/typescript/domain/eligibility/index.ts equipmentIssue / profileFactsProjection carries no structured token or offer for this clause,"executed: compile_fighter(collection=mordheim, wasteland-privateers-sar/mates, armour_id=armour.light-armour) -> ACCEPTED",Canonical structured fact/binding (prohibition token or item access) for the printed clause.,bands/mordheim/wasteland-privateers-sar/profiles.yaml,T13-F041,Add a canonical profile.equipment-restrictions binding or item access; do not encode the clause as free-text matching.,The printed clause has a structured canonical fact and a shared-decision case.
source/bands/mordheim/wasteland-privateers-sar/profiles.yaml/@/profiles/2/equipment_restrictions/0/unclassified,bands/mordheim/wasteland-privateers-sar/profiles.yaml,current,YES,May not wear armour.,,metadata_gap,wasteland-privateers-sar/cabin-boys,profiles.yaml equipment_restrictions prose only; no applicable special-rule binding in sources/knowledge/bands/mordheim/wasteland-privateers-sar/special-rules.yaml,packages/typescript/domain/eligibility/index.ts equipmentIssue / profileFactsProjection carries no structured token or offer for this clause,"executed: compile_fighter(collection=mordheim, wasteland-privateers-sar/cabin-boys, armour_id=armour.light-armour) -> ACCEPTED",Canonical structured fact/binding (prohibition token or item access) for the printed clause.,bands/mordheim/wasteland-privateers-sar/profiles.yaml,T13-F041,Add a canonical profile.equipment-restrictions binding or item access; do not encode the clause as free-text matching.,The printed clause has a structured canonical fact and a shared-decision case.
source/bands/mordheim/wasteland-privateers-sar/profiles.yaml/@/profiles/3/equipment_restrictions/0/unclassified,bands/mordheim/wasteland-privateers-sar/profiles.yaml,current,YES,May not wear armour.,,metadata_gap,wasteland-privateers-sar/crew,profiles.yaml equipment_restrictions prose only; no applicable special-rule binding in sources/knowledge/bands/mordheim/wasteland-privateers-sar/special-rules.yaml,packages/typescript/domain/eligibility/index.ts equipmentIssue / profileFactsProjection carries no structured token or offer for this clause,"executed: compile_fighter(collection=mordheim, wasteland-privateers-sar/crew, armour_id=armour.light-armour) -> ACCEPTED",Canonical structured fact/binding (prohibition token or item access) for the printed clause.,bands/mordheim/wasteland-privateers-sar/profiles.yaml,T13-F041,Add a canonical profile.equipment-restrictions binding or item access; do not encode the clause as free-text matching.,The printed clause has a structured canonical fact and a shared-decision case.
source/bands/mordheim/wasteland-privateers-sar/profiles.yaml/@/profiles/4/equipment_restrictions/0/unclassified,bands/mordheim/wasteland-privateers-sar/profiles.yaml,current,YES,May not wear armour.,,metadata_gap,wasteland-privateers-sar/gunners,profiles.yaml equipment_restrictions prose only; no applicable special-rule binding in sources/knowledge/bands/mordheim/wasteland-privateers-sar/special-rules.yaml,packages/typescript/domain/eligibility/index.ts equipmentIssue / profileFactsProjection carries no structured token or offer for this clause,"executed: compile_fighter(collection=mordheim, wasteland-privateers-sar/gunners, armour_id=armour.light-armour) -> ACCEPTED",Canonical structured fact/binding (prohibition token or item access) for the printed clause.,bands/mordheim/wasteland-privateers-sar/profiles.yaml,T13-F041,Add a canonical profile.equipment-restrictions binding or item access; do not encode the clause as free-text matching.,The printed clause has a structured canonical fact and a shared-decision case.
source/bands/mordheim/wasteland-privateers-sar/profiles.yaml/@/profiles/5/equipment_restrictions/1/unclassified,bands/mordheim/wasteland-privateers-sar/profiles.yaml,current,YES,May not wear armour.,,metadata_gap,wasteland-privateers-sar/boatswains,profiles.yaml equipment_restrictions prose only; no applicable special-rule binding in sources/knowledge/bands/mordheim/wasteland-privateers-sar/special-rules.yaml,packages/typescript/domain/eligibility/index.ts equipmentIssue / profileFactsProjection carries no structured token or offer for this clause,"executed: compile_fighter(collection=mordheim, wasteland-privateers-sar/boatswains, armour_id=armour.light-armour) -> ACCEPTED",Canonical structured fact/binding (prohibition token or item access) for the printed clause.,bands/mordheim/wasteland-privateers-sar/profiles.yaml,T13-F041,Add a canonical profile.equipment-restrictions binding or item access; do not encode the clause as free-text matching.,The printed clause has a structured canonical fact and a shared-decision case.
source/bands/mordheim/watchmen-mim/equipment-access.yaml/@/equipment_lists/0/items/16/notes/unclassified,bands/mordheim/watchmen-mim/equipment-access.yaml,current,YES,named bearer restriction: 'Sergeants only',"price/rarity clauses, if any",metadata_gap,item/falconry_glove,equipment-access entry falconry_glove carries the restriction only as prose notes,equipmentIssue offers the item to every declared user of list watchmen-equipment-list (shared eligibility ignores notes),code inspection only; no test executed for this lot entry,A structured recipient/restriction fact for the bearer clause.,list=watchmen-equipment-list,,Model the bearer restriction (item access or list scope); reuse shared eligibility.,A non-recipient is refused and an intended recipient is accepted by the shared decision.
source/bands/mordheim/watchmen-mim/equipment-access.yaml/@/equipment_lists/0/items/17/notes/unclassified,bands/mordheim/watchmen-mim/equipment-access.yaml,current,YES,named bearer restriction: 'Sergeants only; Rare 12; Falconer skill required',"price/rarity clauses, if any",metadata_gap,item/hunting_bird,equipment-access entry hunting_bird carries the restriction only as prose notes,equipmentIssue offers the item to every declared user of list watchmen-equipment-list (shared eligibility ignores notes),code inspection only; no test executed for this lot entry,A structured recipient/restriction fact for the bearer clause.,list=watchmen-equipment-list,,Model the bearer restriction (item access or list scope); reuse shared eligibility.,A non-recipient is refused and an intended recipient is accepted by the shared decision.
source/bands/mordheim/watchmen-mim/equipment-access.yaml/@/equipment_lists/1/items/1/notes/unclassified,bands/mordheim/watchmen-mim/equipment-access.yaml,current,YES,equipment equivalence encoded as weapon.mace,"pricing/rarity part, if any",covered,item/mace_hammer,catalog/items record mace_hammer: kind=close-combat-weapon mechanic_id=weapon.mace,catalogue.mappings / carriedItemFacts in packages/typescript/domain/eligibility/index.ts,code inspection only; no test executed for this lot entry,,list=private-sleuth-equipment-list,,None; the item identity is the canonical equivalence.,Item keeps its implemented mechanic mapping.
source/bands/mordheim/witch-hunters/profiles.yaml/@/profiles/3/equipment_restrictions/0/unclassified,bands/mordheim/witch-hunters/profiles.yaml,current,YES,May select only from the Flagellant Equipment List.,,metadata_gap,witch-hunters/flagellants,profiles.yaml equipment_restrictions prose only; no applicable special-rule binding in sources/knowledge/bands/mordheim/witch-hunters/special-rules.yaml,packages/typescript/domain/eligibility/index.ts equipmentIssue / profileFactsProjection carries no structured token or offer for this clause,"executed: compile_fighter(collection=mordheim, witch-hunters/flagellants, armour_id=armour.light-armour) -> equipment is not available to witch-hunters/flagellants: ['armour.light-armour']",Canonical structured fact/binding (prohibition token or item access) for the printed clause.,bands/mordheim/witch-hunters/profiles.yaml,T13-F041,Add a canonical profile.equipment-restrictions binding or item access; do not encode the clause as free-text matching.,The printed clause has a structured canonical fact and a shared-decision case.
source/bands/mordheim/witch-hunters/profiles.yaml/@/profiles/3/equipment_restrictions/1/unclassified,bands/mordheim/witch-hunters/profiles.yaml,current,YES,"May never use missile weapons, even if an Advance would otherwise allow access to them.",,covered,witch-hunters/flagellants,compiler.no-missile-weapons; KB grant under sources/knowledge/bands/mordheim/witch-hunters/profiles.yaml,packages/typescript/domain/eligibility/index.ts profileFactsProjection / buildRestriction,"executed: compile_fighter(collection=mordheim, witch-hunters/flagellants, armour_id=armour.light-armour) -> equipment is not available to witch-hunters/flagellants: ['armour.light-armour']",,bands/mordheim/witch-hunters/profiles.yaml,T13-F041,None; keep as a regression case.,Clause stays enforced by the named canonical contract.
source/bands/mordheim/witch-hunters/profiles.yaml/@/profiles/4/equipment_restrictions/0/unclassified,bands/mordheim/witch-hunters/profiles.yaml,current,YES,May select only from the Zealot Equipment List.,,metadata_gap,witch-hunters/zealots,profiles.yaml equipment_restrictions prose only; no applicable special-rule binding in sources/knowledge/bands/mordheim/witch-hunters/special-rules.yaml,packages/typescript/domain/eligibility/index.ts equipmentIssue / profileFactsProjection carries no structured token or offer for this clause,"executed: compile_fighter(collection=mordheim, witch-hunters/zealots, armour_id=armour.light-armour) -> ACCEPTED",Canonical structured fact/binding (prohibition token or item access) for the printed clause.,bands/mordheim/witch-hunters/profiles.yaml,T13-F041,Add a canonical profile.equipment-restrictions binding or item access; do not encode the clause as free-text matching.,The printed clause has a structured canonical fact and a shared-decision case.
source/bands/mordheim/witch-hunters/profiles.yaml/@/profiles/5/equipment_restrictions/0/unclassified,bands/mordheim/witch-hunters/profiles.yaml,current,YES,Warhounds never use or need weapons or armour.,,metadata_gap,witch-hunters/war-hounds,profiles.yaml equipment_restrictions prose only; no applicable special-rule binding in sources/knowledge/bands/mordheim/witch-hunters/special-rules.yaml,packages/typescript/domain/eligibility/index.ts equipmentIssue / profileFactsProjection carries no structured token or offer for this clause,"executed: compile_fighter(collection=mordheim, witch-hunters/war-hounds, armour_id=armour.light-armour) -> equipment is not available to witch-hunters/war-hounds: ['armour.light-armour']",Canonical structured fact/binding (prohibition token or item access) for the printed clause.,bands/mordheim/witch-hunters/profiles.yaml,T13-F041,Add a canonical profile.equipment-restrictions binding or item access; do not encode the clause as free-text matching.,The printed clause has a structured canonical fact and a shared-decision case.
source/bands/mordheim/wood-elves-of-arden-mou/profiles.yaml/@/profiles/5/equipment_restrictions/0/unclassified,bands/mordheim/wood-elves-of-arden-mou/profiles.yaml,current,YES,"Being a woodland Spirit, Ivy Ferrets may not use equipment, weapons or armour.",,metadata_gap,wood-elves-of-arden-mou/ivy-ferret,profiles.yaml equipment_restrictions prose only; no applicable special-rule binding in sources/knowledge/bands/mordheim/wood-elves-of-arden-mou/special-rules.yaml,packages/typescript/domain/eligibility/index.ts equipmentIssue / profileFactsProjection carries no structured token or offer for this clause,"executed: compile_fighter(collection=mordheim, wood-elves-of-arden-mou/ivy-ferret, armour_id=armour.light-armour) -> equipment is not available to wood-elves-of-arden-mou/ivy-ferret: ['armour.light-armour']",Canonical structured fact/binding (prohibition token or item access) for the printed clause.,bands/mordheim/wood-elves-of-arden-mou/profiles.yaml,T13-F041,Add a canonical profile.equipment-restrictions binding or item access; do not encode the clause as free-text matching.,The printed clause has a structured canonical fact and a shared-decision case.
source/bands/trollheim/chaos-streets-bretonnian-knights/profiles.yaml/@/profiles/2/equipment_restrictions/0/unclassified,bands/trollheim/chaos-streets-bretonnian-knights/profiles.yaml,current,NO,,A Squire may not ride a Horse unless the Questing Knight and every Knight Errant in the warband are riding Warhorses.,out_of_scope,chaos-streets-bretonnian-knights/squires,registry/runtime-scope.yaml excludes movement/mounts from the duel runtime,no consumer required for an excluded clause,"executed: compile_fighter(collection=trollheim, chaos-streets-bretonnian-knights/squires, armour_id=armour.light-armour) -> ACCEPTED",,bands/trollheim/chaos-streets-bretonnian-knights/profiles.yaml,,No duel-construction work required.,Clause stays excluded; no consumer is added.
source/bands/trollheim/chaos-streets-greenskins/equipment-access.yaml/@/equipment_lists/0/items/14/notes/unclassified,bands/trollheim/chaos-streets-greenskins/equipment-access.yaml,current,YES,named bearer restriction: 'Common only if the warband includes at least one Goblin. Internal drug/item mechanics are intentionally not modelled here.',"price/rarity clauses, if any",metadata_gap,item/mad_cap_mushrooms,equipment-access entry mad_cap_mushrooms carries the restriction only as prose notes,equipmentIssue offers the item to every declared user of list orc-equipment-list (shared eligibility ignores notes),code inspection only; no test executed for this lot entry,A structured recipient/restriction fact for the bearer clause.,list=orc-equipment-list,,Model the bearer restriction (item access or list scope); reuse shared eligibility.,A non-recipient is refused and an intended recipient is accepted by the shared decision.
source/bands/trollheim/chaos-streets-greenskins/equipment-access.yaml/@/equipment_lists/1/items/3/notes/unclassified,bands/trollheim/chaos-streets-greenskins/equipment-access.yaml,current,YES,named bearer restriction: 'Goblin only. Internal item mechanics are intentionally not modelled here.',"price/rarity clauses, if any",metadata_gap,item/squig_prodder,equipment-access entry squig_prodder carries the restriction only as prose notes,equipmentIssue offers the item to every declared user of list goblin-equipment-list (shared eligibility ignores notes),code inspection only; no test executed for this lot entry,A structured recipient/restriction fact for the bearer clause.,list=goblin-equipment-list,,Model the bearer restriction (item access or list scope); reuse shared eligibility.,A non-recipient is refused and an intended recipient is accepted by the shared decision.
source/bands/trollheim/chaos-streets-greenskins/equipment-access.yaml/@/equipment_lists/1/items/4/notes/unclassified,bands/trollheim/chaos-streets-greenskins/equipment-access.yaml,current,YES,"named bearer restriction: 'Goblin only. The Special Equipment entry on printed page 128 gives a cost of 15 gc, while the warband Equipment List on printed page 131 gives 25 gc. The starting-list cost is preserved here; internal item mechanics are intentionally not modelled. Source label: ball and chain.'","price/rarity clauses, if any",metadata_gap,item/ball_chain,equipment-access entry ball_chain carries the restriction only as prose notes,equipmentIssue offers the item to every declared user of list goblin-equipment-list (shared eligibility ignores notes),code inspection only; no test executed for this lot entry,A structured recipient/restriction fact for the bearer clause.,list=goblin-equipment-list,,Model the bearer restriction (item access or list scope); reuse shared eligibility.,A non-recipient is refused and an intended recipient is accepted by the shared decision.
source/bands/trollheim/chaos-streets-greenskins/equipment-access.yaml/@/equipment_lists/1/items/9/notes/unclassified,bands/trollheim/chaos-streets-greenskins/equipment-access.yaml,current,YES,named bearer restriction: 'Common only if the warband includes at least one Goblin. Internal drug/item mechanics are intentionally not modelled here.',"price/rarity clauses, if any",metadata_gap,item/mad_cap_mushrooms,equipment-access entry mad_cap_mushrooms carries the restriction only as prose notes,equipmentIssue offers the item to every declared user of list goblin-equipment-list (shared eligibility ignores notes),code inspection only; no test executed for this lot entry,A structured recipient/restriction fact for the bearer clause.,list=goblin-equipment-list,,Model the bearer restriction (item access or list scope); reuse shared eligibility.,A non-recipient is refused and an intended recipient is accepted by the shared decision.
source/bands/trollheim/chaos-streets-greenskins/profiles.yaml/@/profiles/5/equipment_restrictions/0/unclassified,bands/trollheim/chaos-streets-greenskins/profiles.yaml,current,YES,Cave Squigs use their huge mouths and natural ferocity and never use or need weapons or armour.,,metadata_gap,chaos-streets-greenskins/cave-squigs,profiles.yaml equipment_restrictions prose only; no applicable special-rule binding in sources/knowledge/bands/trollheim/chaos-streets-greenskins/special-rules.yaml,packages/typescript/domain/eligibility/index.ts equipmentIssue / profileFactsProjection carries no structured token or offer for this clause,"executed: compile_fighter(collection=trollheim, chaos-streets-greenskins/cave-squigs, armour_id=armour.light-armour) -> equipment is not available to chaos-streets-greenskins/cave-squigs: ['armour.light-armour']",Canonical structured fact/binding (prohibition token or item access) for the printed clause.,bands/trollheim/chaos-streets-greenskins/profiles.yaml,T13-F041,Add a canonical profile.equipment-restrictions binding or item access; do not encode the clause as free-text matching.,The printed clause has a structured canonical fact and a shared-decision case.
source/bands/trollheim/chaos-streets-greenskins/profiles.yaml/@/profiles/6/equipment_restrictions/0/unclassified,bands/trollheim/chaos-streets-greenskins/profiles.yaml,current,YES,"A Troll never uses weapons or armour. A model may be depicted carrying a huge club, but it has no equipment effect.",,metadata_gap,chaos-streets-greenskins/troll,profiles.yaml equipment_restrictions prose only; no applicable special-rule binding in sources/knowledge/bands/trollheim/chaos-streets-greenskins/special-rules.yaml,packages/typescript/domain/eligibility/index.ts equipmentIssue / profileFactsProjection carries no structured token or offer for this clause,"executed: compile_fighter(collection=trollheim, chaos-streets-greenskins/troll, armour_id=armour.light-armour) -> equipment is not available to chaos-streets-greenskins/troll: ['armour.light-armour']",Canonical structured fact/binding (prohibition token or item access) for the printed clause.,bands/trollheim/chaos-streets-greenskins/profiles.yaml,T13-F041,Add a canonical profile.equipment-restrictions binding or item access; do not encode the clause as free-text matching.,The printed clause has a structured canonical fact and a shared-decision case.
source/bands/trollheim/khemri-cursed-of-karak-zorn/equipment-access.yaml/@/equipment_lists/0/items/6/notes/unclassified,bands/trollheim/khemri-cursed-of-karak-zorn/equipment-access.yaml,current,YES,named bearer restriction: 'Dwarfs only. After warband creation the detailed equipment entry is Rare 8 at 15 gc. Internal item mechanics are intentionally not modelled here.',"price/rarity clauses, if any",metadata_gap,item/dwarf_axe,equipment-access entry dwarf_axe carries the restriction only as prose notes,equipmentIssue offers the item to every declared user of list cursed-of-karak-zorn-equipment-list (shared eligibility ignores notes),code inspection only; no test executed for this lot entry,A structured recipient/restriction fact for the bearer clause.,list=cursed-of-karak-zorn-equipment-list,,Model the bearer restriction (item access or list scope); reuse shared eligibility.,A non-recipient is refused and an intended recipient is accepted by the shared decision.
source/bands/trollheim/khemri-cursed-of-karak-zorn/profiles.yaml/@/profiles/5/equipment_restrictions/0/unclassified,bands/trollheim/khemri-cursed-of-karak-zorn/profiles.yaml,current,YES,May not use other weapons or any armour. Their primitive bones count as Clubs.,,metadata_gap,khemri-cursed-of-karak-zorn/cannibal-dwarfs,profiles.yaml equipment_restrictions prose only; no applicable special-rule binding in sources/knowledge/bands/trollheim/khemri-cursed-of-karak-zorn/special-rules.yaml,packages/typescript/domain/eligibility/index.ts equipmentIssue / profileFactsProjection carries no structured token or offer for this clause,"executed: compile_fighter(collection=trollheim, khemri-cursed-of-karak-zorn/cannibal-dwarfs, armour_id=armour.light-armour) -> equipment is not available to khemri-cursed-of-karak-zorn/cannibal-dwarfs: ['armour.light-armour']",Canonical structured fact/binding (prohibition token or item access) for the printed clause.,bands/trollheim/khemri-cursed-of-karak-zorn/profiles.yaml,T13-F041,Add a canonical profile.equipment-restrictions binding or item access; do not encode the clause as free-text matching.,The printed clause has a structured canonical fact and a shared-decision case.
source/bands/trollheim/khemri-cursed-of-karak-zorn/profiles.yaml/@/profiles/6/equipment_restrictions/0/unclassified,bands/trollheim/khemri-cursed-of-karak-zorn/profiles.yaml,current,YES,Shadowed may not use weapons or armour and suffer no penalty for fighting without equipment.,,metadata_gap,khemri-cursed-of-karak-zorn/shadowed,profiles.yaml equipment_restrictions prose only; no applicable special-rule binding in sources/knowledge/bands/trollheim/khemri-cursed-of-karak-zorn/special-rules.yaml,packages/typescript/domain/eligibility/index.ts equipmentIssue / profileFactsProjection carries no structured token or offer for this clause,"executed: compile_fighter(collection=trollheim, khemri-cursed-of-karak-zorn/shadowed, armour_id=armour.light-armour) -> equipment is not available to khemri-cursed-of-karak-zorn/shadowed: ['armour.light-armour']",Canonical structured fact/binding (prohibition token or item access) for the printed clause.,bands/trollheim/khemri-cursed-of-karak-zorn/profiles.yaml,T13-F041,Add a canonical profile.equipment-restrictions binding or item access; do not encode the clause as free-text matching.,The printed clause has a structured canonical fact and a shared-decision case.
source/bands/trollheim/khemri-lahmian-brotherhood/equipment-access.yaml/@/equipment_lists/0/items/7/notes/unclassified,bands/trollheim/khemri-lahmian-brotherhood/equipment-access.yaml,current,YES,named bearer restriction: 'Lahmian Vampire and Blood Sister only. Rare 8. Internal weapon and poison mechanics are intentionally not modelled here.',"price/rarity clauses, if any",metadata_gap,item/snake_whip,equipment-access entry snake_whip carries the restriction only as prose notes,equipmentIssue offers the item to every declared user of list foreign-undead-equipment-list (shared eligibility ignores notes),code inspection only; no test executed for this lot entry,A structured recipient/restriction fact for the bearer clause.,list=foreign-undead-equipment-list,,Model the bearer restriction (item access or list scope); reuse shared eligibility.,A non-recipient is refused and an intended recipient is accepted by the shared decision.
source/bands/trollheim/khemri-lahmian-brotherhood/equipment-access.yaml/@/equipment_lists/2/items/7/notes/unclassified,bands/trollheim/khemri-lahmian-brotherhood/equipment-access.yaml,current,YES,named bearer restriction: 'Lahmian Vampire and Blood Sister only. Rare 8. Internal weapon and poison mechanics are intentionally not modelled here.',"price/rarity clauses, if any",metadata_gap,item/snake_whip,equipment-access entry snake_whip carries the restriction only as prose notes,equipmentIssue offers the item to every declared user of list native-undead-equipment-list (shared eligibility ignores notes),code inspection only; no test executed for this lot entry,A structured recipient/restriction fact for the bearer clause.,list=native-undead-equipment-list,,Model the bearer restriction (item access or list scope); reuse shared eligibility.,A non-recipient is refused and an intended recipient is accepted by the shared decision.
source/bands/trollheim/khemri-mages/profiles.yaml/@/profiles/0/equipment_restrictions/0/unclassified,bands/trollheim/khemri-mages/profiles.yaml,current,YES,Sling is Pupils only.,,metadata_gap,khemri-mages/archmage,profiles.yaml equipment_restrictions prose only; no applicable special-rule binding in sources/knowledge/bands/trollheim/khemri-mages/special-rules.yaml,packages/typescript/domain/eligibility/index.ts equipmentIssue / profileFactsProjection carries no structured token or offer for this clause,"executed: compile_fighter(collection=trollheim, khemri-mages/archmage, armour_id=armour.light-armour) -> equipment is not available to khemri-mages/archmage: ['armour.light-armour']",Canonical structured fact/binding (prohibition token or item access) for the printed clause.,bands/trollheim/khemri-mages/profiles.yaml,T13-F041,Add a canonical profile.equipment-restrictions binding or item access; do not encode the clause as free-text matching.,The printed clause has a structured canonical fact and a shared-decision case.
source/bands/trollheim/khemri-mages/profiles.yaml/@/profiles/1/equipment_restrictions/0/unclassified,bands/trollheim/khemri-mages/profiles.yaml,current,YES,Sling is Pupils only.,,metadata_gap,khemri-mages/mage,profiles.yaml equipment_restrictions prose only; no applicable special-rule binding in sources/knowledge/bands/trollheim/khemri-mages/special-rules.yaml,packages/typescript/domain/eligibility/index.ts equipmentIssue / profileFactsProjection carries no structured token or offer for this clause,"executed: compile_fighter(collection=trollheim, khemri-mages/mage, armour_id=armour.light-armour) -> equipment is not available to khemri-mages/mage: ['armour.light-armour']",Canonical structured fact/binding (prohibition token or item access) for the printed clause.,bands/trollheim/khemri-mages/profiles.yaml,T13-F041,Add a canonical profile.equipment-restrictions binding or item access; do not encode the clause as free-text matching.,The printed clause has a structured canonical fact and a shared-decision case.
source/bands/trollheim/khemri-mages/profiles.yaml/@/profiles/2/equipment_restrictions/0/unclassified,bands/trollheim/khemri-mages/profiles.yaml,current,YES,Sling is Pupils only.,,metadata_gap,khemri-mages/witch,profiles.yaml equipment_restrictions prose only; no applicable special-rule binding in sources/knowledge/bands/trollheim/khemri-mages/special-rules.yaml,packages/typescript/domain/eligibility/index.ts equipmentIssue / profileFactsProjection carries no structured token or offer for this clause,"executed: compile_fighter(collection=trollheim, khemri-mages/witch, armour_id=armour.light-armour) -> equipment is not available to khemri-mages/witch: ['armour.light-armour']",Canonical structured fact/binding (prohibition token or item access) for the printed clause.,bands/trollheim/khemri-mages/profiles.yaml,T13-F041,Add a canonical profile.equipment-restrictions binding or item access; do not encode the clause as free-text matching.,The printed clause has a structured canonical fact and a shared-decision case.
source/bands/trollheim/khemri-mages/profiles.yaml/@/profiles/4/equipment_restrictions/0/unclassified,bands/trollheim/khemri-mages/profiles.yaml,current,YES,Mechanical Beasts never use weapons or armour and suffer no penalty for fighting without weapons.,,partial,khemri-mages/mechanical-beast,prose fallback pattern for armour in profiles.yaml equipment_restrictions,packages/typescript/domain/eligibility/index.ts buildRestriction stage profileSelections (legacy name matching) via mordheim_construction/restrictions.py _validate_profile_selections,"executed: compile_fighter(collection=trollheim, khemri-mages/mechanical-beast, armour_id=armour.light-armour) -> equipment is not available to khemri-mages/mechanical-beast: ['armour.light-armour']",weapon prohibition,bands/trollheim/khemri-mages/profiles.yaml,T13-F041,None for the enforced token; encode the remaining printed clauses as structured canonical facts.,Every printed clause of the entry has a shared-decision case.
source/bands/trollheim/khemri-thieves-guild/equipment-access.yaml/@/equipment_lists/0/items/16/notes/unclassified,bands/trollheim/khemri-thieves-guild/equipment-access.yaml,current,YES,named bearer restriction: 'Ruffians and Enforcers only.',"price/rarity clauses, if any",metadata_gap,item/shield,equipment-access entry shield carries the restriction only as prose notes,equipmentIssue offers the item to every declared user of list guild-thief-equipment-list (shared eligibility ignores notes),code inspection only; no test executed for this lot entry,A structured recipient/restriction fact for the bearer clause.,list=guild-thief-equipment-list,,Model the bearer restriction (item access or list scope); reuse shared eligibility.,A non-recipient is refused and an intended recipient is accepted by the shared decision.
source/bands/trollheim/khemri-thieves-guild/equipment-access.yaml/@/equipment_lists/0/items/19/notes/unclassified,bands/trollheim/khemri-thieves-guild/equipment-access.yaml,current,YES,named bearer restriction: 'Ruffians and Enforcers only.',"price/rarity clauses, if any",metadata_gap,item/heavy_armour,equipment-access entry heavy_armour carries the restriction only as prose notes,equipmentIssue offers the item to every declared user of list guild-thief-equipment-list (shared eligibility ignores notes),code inspection only; no test executed for this lot entry,A structured recipient/restriction fact for the bearer clause.,list=guild-thief-equipment-list,,Model the bearer restriction (item access or list scope); reuse shared eligibility.,A non-recipient is refused and an intended recipient is accepted by the shared decision.
source/bands/trollheim/khemri-thieves-guild/equipment-access.yaml/@/equipment_lists/0/items/4/notes/unclassified,bands/trollheim/khemri-thieves-guild/equipment-access.yaml,current,YES,named bearer restriction: 'Ruffians and Enforcers only.',"price/rarity clauses, if any",metadata_gap,item/spear,equipment-access entry spear carries the restriction only as prose notes,equipmentIssue offers the item to every declared user of list guild-thief-equipment-list (shared eligibility ignores notes),code inspection only; no test executed for this lot entry,A structured recipient/restriction fact for the bearer clause.,list=guild-thief-equipment-list,,Model the bearer restriction (item access or list scope); reuse shared eligibility.,A non-recipient is refused and an intended recipient is accepted by the shared decision.
source/bands/trollheim/khemri-thieves-guild/equipment-access.yaml/@/equipment_lists/0/items/5/notes/unclassified,bands/trollheim/khemri-thieves-guild/equipment-access.yaml,current,YES,named bearer restriction: 'Ruffians and Enforcers only.',"price/rarity clauses, if any",metadata_gap,item/ankus,equipment-access entry ankus carries the restriction only as prose notes,equipmentIssue offers the item to every declared user of list guild-thief-equipment-list (shared eligibility ignores notes),code inspection only; no test executed for this lot entry,A structured recipient/restriction fact for the bearer clause.,list=guild-thief-equipment-list,,Model the bearer restriction (item access or list scope); reuse shared eligibility.,A non-recipient is refused and an intended recipient is accepted by the shared decision.
source/bands/trollheim/khemri-thieves-guild/equipment-access.yaml/@/equipment_lists/0/items/8/notes/unclassified,bands/trollheim/khemri-thieves-guild/equipment-access.yaml,current,YES,named bearer restriction: 'Only the Hashashiyyin Assassin may buy this item at the listed warband-creation price; other warband members must use the Trading rules.',"price/rarity clauses, if any",metadata_gap,item/bagh_nakh,equipment-access entry bagh_nakh carries the restriction only as prose notes,equipmentIssue offers the item to every declared user of list guild-thief-equipment-list (shared eligibility ignores notes),code inspection only; no test executed for this lot entry,A structured recipient/restriction fact for the bearer clause.,list=guild-thief-equipment-list,,Model the bearer restriction (item access or list scope); reuse shared eligibility.,A non-recipient is refused and an intended recipient is accepted by the shared decision.
source/bands/trollheim/khemri-thieves-guild/profiles.yaml/@/profiles/0/equipment_restrictions/0/unclassified,bands/trollheim/khemri-thieves-guild/profiles.yaml,current,YES,"May not select Spear, Ankus, Shield or Heavy Armour from the Thief Equipment List; those entries are Ruffians and Enforcers only.",,metadata_gap,khemri-thieves-guild/guild-chief,profiles.yaml equipment_restrictions prose only; no applicable special-rule binding in sources/knowledge/bands/trollheim/khemri-thieves-guild/special-rules.yaml,packages/typescript/domain/eligibility/index.ts equipmentIssue / profileFactsProjection carries no structured token or offer for this clause,"executed: compile_fighter(collection=trollheim, khemri-thieves-guild/guild-chief, armour_id=armour.heavy-armour) -> ACCEPTED",Canonical structured fact/binding (prohibition token or item access) for the printed clause.,bands/trollheim/khemri-thieves-guild/profiles.yaml,T13-F041,Add a canonical profile.equipment-restrictions binding or item access; do not encode the clause as free-text matching.,The printed clause has a structured canonical fact and a shared-decision case.
source/bands/trollheim/khemri-thieves-guild/profiles.yaml/@/profiles/0/equipment_restrictions/1/unclassified,bands/trollheim/khemri-thieves-guild/profiles.yaml,current,YES,May not select Bagh Nakh at the listed warband-creation price; only the Hashashiyyin Assassin may do so. Other warband members must acquire it through Trading.,,metadata_gap,khemri-thieves-guild/guild-chief,profiles.yaml equipment_restrictions prose only; no applicable special-rule binding in sources/knowledge/bands/trollheim/khemri-thieves-guild/special-rules.yaml,packages/typescript/domain/eligibility/index.ts equipmentIssue / profileFactsProjection carries no structured token or offer for this clause,"executed: compile_fighter(collection=trollheim, khemri-thieves-guild/guild-chief, armour_id=armour.light-armour) -> ACCEPTED",Canonical structured fact/binding (prohibition token or item access) for the printed clause.,bands/trollheim/khemri-thieves-guild/profiles.yaml,T13-F041,Add a canonical profile.equipment-restrictions binding or item access; do not encode the clause as free-text matching.,The printed clause has a structured canonical fact and a shared-decision case.
source/bands/trollheim/khemri-thieves-guild/profiles.yaml/@/profiles/1/equipment_restrictions/0/unclassified,bands/trollheim/khemri-thieves-guild/profiles.yaml,current,YES,"May not select Spear, Ankus, Shield or Heavy Armour from the Thief Equipment List; those entries are Ruffians and Enforcers only.",,metadata_gap,khemri-thieves-guild/guild-master-thief,profiles.yaml equipment_restrictions prose only; no applicable special-rule binding in sources/knowledge/bands/trollheim/khemri-thieves-guild/special-rules.yaml,packages/typescript/domain/eligibility/index.ts equipmentIssue / profileFactsProjection carries no structured token or offer for this clause,"executed: compile_fighter(collection=trollheim, khemri-thieves-guild/guild-master-thief, armour_id=armour.heavy-armour) -> ACCEPTED",Canonical structured fact/binding (prohibition token or item access) for the printed clause.,bands/trollheim/khemri-thieves-guild/profiles.yaml,T13-F041,Add a canonical profile.equipment-restrictions binding or item access; do not encode the clause as free-text matching.,The printed clause has a structured canonical fact and a shared-decision case.
source/bands/trollheim/khemri-thieves-guild/profiles.yaml/@/profiles/1/equipment_restrictions/1/unclassified,bands/trollheim/khemri-thieves-guild/profiles.yaml,current,YES,May not select Bagh Nakh at the listed warband-creation price; only the Hashashiyyin Assassin may do so. Other warband members must acquire it through Trading.,,metadata_gap,khemri-thieves-guild/guild-master-thief,profiles.yaml equipment_restrictions prose only; no applicable special-rule binding in sources/knowledge/bands/trollheim/khemri-thieves-guild/special-rules.yaml,packages/typescript/domain/eligibility/index.ts equipmentIssue / profileFactsProjection carries no structured token or offer for this clause,"executed: compile_fighter(collection=trollheim, khemri-thieves-guild/guild-master-thief, armour_id=armour.light-armour) -> ACCEPTED",Canonical structured fact/binding (prohibition token or item access) for the printed clause.,bands/trollheim/khemri-thieves-guild/profiles.yaml,T13-F041,Add a canonical profile.equipment-restrictions binding or item access; do not encode the clause as free-text matching.,The printed clause has a structured canonical fact and a shared-decision case.
source/bands/trollheim/khemri-thieves-guild/profiles.yaml/@/profiles/2/equipment_restrictions/0/unclassified,bands/trollheim/khemri-thieves-guild/profiles.yaml,current,YES,May not select Bagh Nakh at the listed warband-creation price; only the Hashashiyyin Assassin may do so. Other warband members must acquire it through Trading.,,metadata_gap,khemri-thieves-guild/guild-ruffian,profiles.yaml equipment_restrictions prose only; no applicable special-rule binding in sources/knowledge/bands/trollheim/khemri-thieves-guild/special-rules.yaml,packages/typescript/domain/eligibility/index.ts equipmentIssue / profileFactsProjection carries no structured token or offer for this clause,"executed: compile_fighter(collection=trollheim, khemri-thieves-guild/guild-ruffian, armour_id=armour.light-armour) -> ACCEPTED",Canonical structured fact/binding (prohibition token or item access) for the printed clause.,bands/trollheim/khemri-thieves-guild/profiles.yaml,T13-F041,Add a canonical profile.equipment-restrictions binding or item access; do not encode the clause as free-text matching.,The printed clause has a structured canonical fact and a shared-decision case.
source/bands/trollheim/khemri-thieves-guild/profiles.yaml/@/profiles/3/equipment_restrictions/0/unclassified,bands/trollheim/khemri-thieves-guild/profiles.yaml,current,YES,"May not select Spear, Ankus, Shield or Heavy Armour from the Thief Equipment List; those entries are Ruffians and Enforcers only.",,metadata_gap,khemri-thieves-guild/guild-hashashiyyin,profiles.yaml equipment_restrictions prose only; no applicable special-rule binding in sources/knowledge/bands/trollheim/khemri-thieves-guild/special-rules.yaml,packages/typescript/domain/eligibility/index.ts equipmentIssue / profileFactsProjection carries no structured token or offer for this clause,"executed: compile_fighter(collection=trollheim, khemri-thieves-guild/guild-hashashiyyin, armour_id=armour.heavy-armour) -> ACCEPTED",Canonical structured fact/binding (prohibition token or item access) for the printed clause.,bands/trollheim/khemri-thieves-guild/profiles.yaml,T13-F041,Add a canonical profile.equipment-restrictions binding or item access; do not encode the clause as free-text matching.,The printed clause has a structured canonical fact and a shared-decision case.
source/bands/trollheim/khemri-thieves-guild/profiles.yaml/@/profiles/4/equipment_restrictions/0/unclassified,bands/trollheim/khemri-thieves-guild/profiles.yaml,current,YES,"May not select Spear, Ankus, Shield or Heavy Armour from the Thief Equipment List; those entries are Ruffians and Enforcers only.",,metadata_gap,khemri-thieves-guild/guild-thief,profiles.yaml equipment_restrictions prose only; no applicable special-rule binding in sources/knowledge/bands/trollheim/khemri-thieves-guild/special-rules.yaml,packages/typescript/domain/eligibility/index.ts equipmentIssue / profileFactsProjection carries no structured token or offer for this clause,"executed: compile_fighter(collection=trollheim, khemri-thieves-guild/guild-thief, armour_id=armour.heavy-armour) -> ACCEPTED",Canonical structured fact/binding (prohibition token or item access) for the printed clause.,bands/trollheim/khemri-thieves-guild/profiles.yaml,T13-F041,Add a canonical profile.equipment-restrictions binding or item access; do not encode the clause as free-text matching.,The printed clause has a structured canonical fact and a shared-decision case.
source/bands/trollheim/khemri-thieves-guild/profiles.yaml/@/profiles/4/equipment_restrictions/1/unclassified,bands/trollheim/khemri-thieves-guild/profiles.yaml,current,YES,May not select Bagh Nakh at the listed warband-creation price; only the Hashashiyyin Assassin may do so. Other warband members must acquire it through Trading.,,metadata_gap,khemri-thieves-guild/guild-thief,profiles.yaml equipment_restrictions prose only; no applicable special-rule binding in sources/knowledge/bands/trollheim/khemri-thieves-guild/special-rules.yaml,packages/typescript/domain/eligibility/index.ts equipmentIssue / profileFactsProjection carries no structured token or offer for this clause,"executed: compile_fighter(collection=trollheim, khemri-thieves-guild/guild-thief, armour_id=armour.light-armour) -> ACCEPTED",Canonical structured fact/binding (prohibition token or item access) for the printed clause.,bands/trollheim/khemri-thieves-guild/profiles.yaml,T13-F041,Add a canonical profile.equipment-restrictions binding or item access; do not encode the clause as free-text matching.,The printed clause has a structured canonical fact and a shared-decision case.
source/bands/trollheim/khemri-thieves-guild/profiles.yaml/@/profiles/5/equipment_restrictions/0/unclassified,bands/trollheim/khemri-thieves-guild/profiles.yaml,current,YES,May not select Bagh Nakh at the listed warband-creation price; only the Hashashiyyin Assassin may do so. Other warband members must acquire it through Trading.,,metadata_gap,khemri-thieves-guild/guild-enforcer,profiles.yaml equipment_restrictions prose only; no applicable special-rule binding in sources/knowledge/bands/trollheim/khemri-thieves-guild/special-rules.yaml,packages/typescript/domain/eligibility/index.ts equipmentIssue / profileFactsProjection carries no structured token or offer for this clause,"executed: compile_fighter(collection=trollheim, khemri-thieves-guild/guild-enforcer, armour_id=armour.light-armour) -> ACCEPTED",Canonical structured fact/binding (prohibition token or item access) for the printed clause.,bands/trollheim/khemri-thieves-guild/profiles.yaml,T13-F041,Add a canonical profile.equipment-restrictions binding or item access; do not encode the clause as free-text matching.,The printed clause has a structured canonical fact and a shared-decision case.
source/bands/trollheim/khemri-tomb-guardians/profiles.yaml/@/profiles/3/equipment_restrictions/0/unclassified,bands/trollheim/khemri-tomb-guardians/profiles.yaml,current,YES,May not wear armour; the Mortuary Priest Equipment List contains no armour options.,,metadata_gap,khemri-tomb-guardians/mortuary-acolytes,profiles.yaml equipment_restrictions prose only; no applicable special-rule binding in sources/knowledge/bands/trollheim/khemri-tomb-guardians/special-rules.yaml,packages/typescript/domain/eligibility/index.ts equipmentIssue / profileFactsProjection carries no structured token or offer for this clause,"executed: compile_fighter(collection=trollheim, khemri-tomb-guardians/mortuary-acolytes, armour_id=armour.light-armour) -> equipment is not available to khemri-tomb-guardians/mortuary-acolytes: ['armour.light-armour']",Canonical structured fact/binding (prohibition token or item access) for the printed clause.,bands/trollheim/khemri-tomb-guardians/profiles.yaml,T13-F041,Add a canonical profile.equipment-restrictions binding or item access; do not encode the clause as free-text matching.,The printed clause has a structured canonical fact and a shared-decision case.
source/bands/trollheim/khemri-tomb-guardians/profiles.yaml/@/profiles/6/equipment_restrictions/0/unclassified,bands/trollheim/khemri-tomb-guardians/profiles.yaml,current,YES,Tomb Scorpions do not use weapons or armour.,,metadata_gap,khemri-tomb-guardians/tomb-scorpions,profiles.yaml equipment_restrictions prose only; no applicable special-rule binding in sources/knowledge/bands/trollheim/khemri-tomb-guardians/special-rules.yaml,packages/typescript/domain/eligibility/index.ts equipmentIssue / profileFactsProjection carries no structured token or offer for this clause,"executed: compile_fighter(collection=trollheim, khemri-tomb-guardians/tomb-scorpions, armour_id=armour.light-armour) -> equipment is not available to khemri-tomb-guardians/tomb-scorpions: ['armour.light-armour']",Canonical structured fact/binding (prohibition token or item access) for the printed clause.,bands/trollheim/khemri-tomb-guardians/profiles.yaml,T13-F041,Add a canonical profile.equipment-restrictions binding or item access; do not encode the clause as free-text matching.,The printed clause has a structured canonical fact and a shared-decision case.
source/bands/trollheim/khemri-tomb-guardians/profiles.yaml/@/profiles/7/equipment_restrictions/0/unclassified,bands/trollheim/khemri-tomb-guardians/profiles.yaml,current,YES,Stone Golems never use weapons or armour and suffer no penalty for fighting without weapons.,,partial,khemri-tomb-guardians/stone-golem,prose fallback pattern for armour in profiles.yaml equipment_restrictions,packages/typescript/domain/eligibility/index.ts buildRestriction stage profileSelections (legacy name matching) via mordheim_construction/restrictions.py _validate_profile_selections,"executed: compile_fighter(collection=trollheim, khemri-tomb-guardians/stone-golem, armour_id=armour.light-armour) -> equipment is not available to khemri-tomb-guardians/stone-golem: ['armour.light-armour']",weapon prohibition,bands/trollheim/khemri-tomb-guardians/profiles.yaml,T13-F041,None for the enforced token; encode the remaining printed clauses as structured canonical facts.,Every printed clause of the entry has a shared-decision case.
source/bands/trollheim/lustria-amazons/equipment-access.yaml/@/equipment_lists/0/items/12/notes/unclassified,bands/trollheim/lustria-amazons/equipment-access.yaml,current,YES,named bearer restriction: 'Amazons only; the detailed entry is Rare 10. Internal weapon mechanics are intentionally not modelled here.',"price/rarity clauses, if any",metadata_gap,item/ancestral_claw,equipment-access entry ancestral_claw carries the restriction only as prose notes,equipmentIssue offers the item to every declared user of list amazon-heroine-equipment-list (shared eligibility ignores notes),code inspection only; no test executed for this lot entry,A structured recipient/restriction fact for the bearer clause.,list=amazon-heroine-equipment-list,,Model the bearer restriction (item access or list scope); reuse shared eligibility.,A non-recipient is refused and an intended recipient is accepted by the shared decision.
source/bands/trollheim/lustria-amazons/equipment-access.yaml/@/equipment_lists/0/items/14/notes/unclassified,bands/trollheim/lustria-amazons/equipment-access.yaml,current,YES,named bearer restriction: 'Amazons only; the detailed entry is Rare 11. Internal item mechanics are intentionally not modelled here. Source label: moon amulet.',"price/rarity clauses, if any",metadata_gap,item/amulet_of_the_moon,equipment-access entry amulet_of_the_moon carries the restriction only as prose notes,equipmentIssue offers the item to every declared user of list amazon-heroine-equipment-list (shared eligibility ignores notes),code inspection only; no test executed for this lot entry,A structured recipient/restriction fact for the bearer clause.,list=amazon-heroine-equipment-list,,Model the bearer restriction (item access or list scope); reuse shared eligibility.,A non-recipient is refused and an intended recipient is accepted by the shared decision.
source/bands/trollheim/lustria-amazons/equipment-access.yaml/@/equipment_lists/0/items/6/notes/unclassified,bands/trollheim/lustria-amazons/equipment-access.yaml,current,YES,named bearer restriction: 'Amazons only; the detailed entry is Rare 11. Internal weapon mechanics are intentionally not modelled here. Source label: solar gauntlet.',"price/rarity clauses, if any",metadata_gap,item/sun_gauntlet,equipment-access entry sun_gauntlet carries the restriction only as prose notes,equipmentIssue offers the item to every declared user of list amazon-heroine-equipment-list (shared eligibility ignores notes),code inspection only; no test executed for this lot entry,A structured recipient/restriction fact for the bearer clause.,list=amazon-heroine-equipment-list,,Model the bearer restriction (item access or list scope); reuse shared eligibility.,A non-recipient is refused and an intended recipient is accepted by the shared decision.
source/bands/trollheim/lustria-amazons/equipment-access.yaml/@/equipment_lists/0/items/7/notes/unclassified,bands/trollheim/lustria-amazons/equipment-access.yaml,current,YES,named bearer restriction: 'Amazons only; the detailed entry is Rare 12. Internal weapon mechanics are intentionally not modelled here. Source label: solar staff.',"price/rarity clauses, if any",metadata_gap,item/sunstaff,equipment-access entry sunstaff carries the restriction only as prose notes,equipmentIssue offers the item to every declared user of list amazon-heroine-equipment-list (shared eligibility ignores notes),code inspection only; no test executed for this lot entry,A structured recipient/restriction fact for the bearer clause.,list=amazon-heroine-equipment-list,,Model the bearer restriction (item access or list scope); reuse shared eligibility.,A non-recipient is refused and an intended recipient is accepted by the shared decision.
source/bands/trollheim/lustria-amazons/profiles.yaml/@/profiles/0/equipment_restrictions/0/unclassified,bands/trollheim/lustria-amazons/profiles.yaml,current,YES,May wear armour and continue casting Ritual Chants.,casting/prayer procedure clause,metadata_gap,lustria-amazons/amazon-priestess,profiles.yaml equipment_restrictions prose only; no applicable special-rule binding in sources/knowledge/bands/trollheim/lustria-amazons/special-rules.yaml,packages/typescript/domain/eligibility/index.ts equipmentIssue / profileFactsProjection carries no structured token or offer for this clause,"executed: compile_fighter(collection=trollheim, lustria-amazons/amazon-priestess, armour_id=armour.light-armour) -> equipment is not available to lustria-amazons/amazon-priestess: ['armour.light-armour']",Canonical structured fact/binding (prohibition token or item access) for the printed clause.,bands/trollheim/lustria-amazons/profiles.yaml,T13-F041,Add a canonical profile.equipment-restrictions binding or item access; do not encode the clause as free-text matching.,The printed clause has a structured canonical fact and a shared-decision case.
source/bands/trollheim/lustria-amazons/profiles.yaml/@/profiles/5/equipment_restrictions/0/unclassified,bands/trollheim/lustria-amazons/profiles.yaml,current,YES,Great Cats are animals and never use weapons or armour; their claws and jaws are natural attacks.,,partial,lustria-amazons/great-cats,prose fallback pattern for armour in profiles.yaml equipment_restrictions,packages/typescript/domain/eligibility/index.ts buildRestriction stage profileSelections (legacy name matching) via mordheim_construction/restrictions.py _validate_profile_selections,"executed: compile_fighter(collection=trollheim, lustria-amazons/great-cats, armour_id=armour.light-armour) -> equipment is not available to lustria-amazons/great-cats: ['armour.light-armour']",weapon prohibition,bands/trollheim/lustria-amazons/profiles.yaml,T13-F041,None for the enforced token; encode the remaining printed clauses as structured canonical facts.,Every printed clause of the entry has a shared-decision case.
source/bands/trollheim/lustria-clan-pestilens/profiles.yaml/@/profiles/0/equipment_restrictions/0/unclassified,bands/trollheim/lustria-clan-pestilens/profiles.yaml,current,NO,,May not use the Rat Familiar Scroll; only a Pestilens Sorcerer can use its spell.,out_of_scope,lustria-clan-pestilens/plague-priest,registry/runtime-scope.yaml excludes casting/magic from the duel runtime,no consumer required for an excluded clause,"executed: compile_fighter(collection=trollheim, lustria-clan-pestilens/plague-priest, armour_id=armour.light-armour) -> ACCEPTED",,bands/trollheim/lustria-clan-pestilens/profiles.yaml,,No duel-construction work required.,Clause stays excluded; no consumer is added.
source/bands/trollheim/lustria-clan-pestilens/profiles.yaml/@/profiles/2/equipment_restrictions/0/unclassified,bands/trollheim/lustria-clan-pestilens/profiles.yaml,current,NO,,May not use the Rat Familiar Scroll; only a Pestilens Sorcerer can use its spell.,out_of_scope,lustria-clan-pestilens/plague-monks,registry/runtime-scope.yaml excludes casting/magic from the duel runtime,no consumer required for an excluded clause,"executed: compile_fighter(collection=trollheim, lustria-clan-pestilens/plague-monks, armour_id=armour.light-armour) -> ACCEPTED",,bands/trollheim/lustria-clan-pestilens/profiles.yaml,,No duel-construction work required.,Clause stays excluded; no consumer is added.
source/bands/trollheim/lustria-clan-pestilens/profiles.yaml/@/profiles/3/equipment_restrictions/0/unclassified,bands/trollheim/lustria-clan-pestilens/profiles.yaml,current,NO,,May not use the Rat Familiar Scroll; only a Pestilens Sorcerer can use its spell.,out_of_scope,lustria-clan-pestilens/monk-initiates,registry/runtime-scope.yaml excludes casting/magic from the duel runtime,no consumer required for an excluded clause,"executed: compile_fighter(collection=trollheim, lustria-clan-pestilens/monk-initiates, armour_id=armour.light-armour) -> ACCEPTED",,bands/trollheim/lustria-clan-pestilens/profiles.yaml,,No duel-construction work required.,Clause stays excluded; no consumer is added.
source/bands/trollheim/lustria-clan-pestilens/profiles.yaml/@/profiles/5/equipment_restrictions/0/unclassified,bands/trollheim/lustria-clan-pestilens/profiles.yaml,current,YES,Giant Rats never use weapons or armour.,,partial,lustria-clan-pestilens/giant-rats,prose fallback pattern for armour in profiles.yaml equipment_restrictions,packages/typescript/domain/eligibility/index.ts buildRestriction stage profileSelections (legacy name matching) via mordheim_construction/restrictions.py _validate_profile_selections,"executed: compile_fighter(collection=trollheim, lustria-clan-pestilens/giant-rats, armour_id=armour.light-armour) -> equipment is not available to lustria-clan-pestilens/giant-rats: ['armour.light-armour']",weapon prohibition,bands/trollheim/lustria-clan-pestilens/profiles.yaml,T13-F041,None for the enforced token; encode the remaining printed clauses as structured canonical facts.,Every printed clause of the entry has a shared-decision case.
source/bands/trollheim/lustria-clan-pestilens/profiles.yaml/@/profiles/6/equipment_restrictions/0/unclassified,bands/trollheim/lustria-clan-pestilens/profiles.yaml,current,YES,"Rat Ogres fight with jaws, claws and brute force and never use weapons or armour.",,partial,lustria-clan-pestilens/rat-ogre,prose fallback pattern for armour in profiles.yaml equipment_restrictions,packages/typescript/domain/eligibility/index.ts buildRestriction stage profileSelections (legacy name matching) via mordheim_construction/restrictions.py _validate_profile_selections,"executed: compile_fighter(collection=trollheim, lustria-clan-pestilens/rat-ogre, armour_id=armour.light-armour) -> equipment is not available to lustria-clan-pestilens/rat-ogre: ['armour.light-armour']",weapon prohibition,bands/trollheim/lustria-clan-pestilens/profiles.yaml,T13-F041,None for the enforced token; encode the remaining printed clauses as structured canonical facts.,Every printed clause of the entry has a shared-decision case.
source/bands/trollheim/lustria-norse/equipment-access.yaml/@/equipment_lists/0/items/3/notes/unclassified,bands/trollheim/lustria-norse/equipment-access.yaml,current,YES,named bearer restriction: 'Heroes only. Common; the detailed Special Equipment entry is available only to Pirate Heroes and Norse Heroes. Internal weapon mechanics are intentionally not modelled here.',"price/rarity clauses, if any",metadata_gap,item/scourge,equipment-access entry scourge carries the restriction only as prose notes,equipmentIssue offers the item to every declared user of list norse-equipment-list (shared eligibility ignores notes),code inspection only; no test executed for this lot entry,A structured recipient/restriction fact for the bearer clause.,list=norse-equipment-list,,Model the bearer restriction (item access or list scope); reuse shared eligibility.,A non-recipient is refused and an intended recipient is accepted by the shared decision.
source/bands/trollheim/lustria-norse/profiles.yaml/@/profiles/2/equipment_restrictions/0/unclassified,bands/trollheim/lustria-norse/profiles.yaml,current,YES,Wulfen never use weapons or armour; their claws are natural attacks and they suffer no penalty for fighting without weapons.,,partial,lustria-norse/wulfen,prose fallback pattern for armour in profiles.yaml equipment_restrictions,packages/typescript/domain/eligibility/index.ts buildRestriction stage profileSelections (legacy name matching) via mordheim_construction/restrictions.py _validate_profile_selections,"executed: compile_fighter(collection=trollheim, lustria-norse/wulfen, armour_id=armour.light-armour) -> equipment is not available to lustria-norse/wulfen: ['armour.light-armour']",weapon prohibition,bands/trollheim/lustria-norse/profiles.yaml,T13-F041,None for the enforced token; encode the remaining printed clauses as structured canonical facts.,Every printed clause of the entry has a shared-decision case.
source/bands/trollheim/lustria-norse/profiles.yaml/@/profiles/4/equipment_restrictions/0/unclassified,bands/trollheim/lustria-norse/profiles.yaml,current,YES,May not select the Scourge; it is Heroes only.,,metadata_gap,lustria-norse/marauders,profiles.yaml equipment_restrictions prose only; no applicable special-rule binding in sources/knowledge/bands/trollheim/lustria-norse/special-rules.yaml,packages/typescript/domain/eligibility/index.ts equipmentIssue / profileFactsProjection carries no structured token or offer for this clause,"executed: compile_fighter(collection=trollheim, lustria-norse/marauders, armour_id=armour.light-armour) -> ACCEPTED",Canonical structured fact/binding (prohibition token or item access) for the printed clause.,bands/trollheim/lustria-norse/profiles.yaml,T13-F041,Add a canonical profile.equipment-restrictions binding or item access; do not encode the clause as free-text matching.,The printed clause has a structured canonical fact and a shared-decision case.
source/bands/trollheim/lustria-norse/profiles.yaml/@/profiles/6/equipment_restrictions/0/unclassified,bands/trollheim/lustria-norse/profiles.yaml,current,YES,Wolves never use weapons or armour; their attacks are natural.,,partial,lustria-norse/wolves,prose fallback pattern for armour in profiles.yaml equipment_restrictions,packages/typescript/domain/eligibility/index.ts buildRestriction stage profileSelections (legacy name matching) via mordheim_construction/restrictions.py _validate_profile_selections,"executed: compile_fighter(collection=trollheim, lustria-norse/wolves, armour_id=armour.light-armour) -> equipment is not available to lustria-norse/wolves: ['armour.light-armour']",weapon prohibition,bands/trollheim/lustria-norse/profiles.yaml,T13-F041,None for the enforced token; encode the remaining printed clauses as structured canonical facts.,Every printed clause of the entry has a shared-decision case.
source/bands/trollheim/lustria-pirates/profiles.yaml/@/profiles/1/equipment_restrictions/0/unclassified,bands/trollheim/lustria-pirates/profiles.yaml,current,YES,May not select a Parrot; it is restricted to the Pirate Captain and Boatswains.,,metadata_gap,lustria-pirates/ships-mates,profiles.yaml equipment_restrictions prose only; no applicable special-rule binding in sources/knowledge/bands/trollheim/lustria-pirates/special-rules.yaml,packages/typescript/domain/eligibility/index.ts equipmentIssue / profileFactsProjection carries no structured token or offer for this clause,"executed: compile_fighter(collection=trollheim, lustria-pirates/ships-mates, armour_id=armour.light-armour) -> ACCEPTED",Canonical structured fact/binding (prohibition token or item access) for the printed clause.,bands/trollheim/lustria-pirates/profiles.yaml,T13-F041,Add a canonical profile.equipment-restrictions binding or item access; do not encode the clause as free-text matching.,The printed clause has a structured canonical fact and a shared-decision case.
source/bands/trollheim/lustria-pirates/profiles.yaml/@/profiles/2/equipment_restrictions/0/unclassified,bands/trollheim/lustria-pirates/profiles.yaml,current,YES,May not select a Parrot; it is restricted to the Pirate Captain and Boatswains.,,metadata_gap,lustria-pirates/cabin-boys,profiles.yaml equipment_restrictions prose only; no applicable special-rule binding in sources/knowledge/bands/trollheim/lustria-pirates/special-rules.yaml,packages/typescript/domain/eligibility/index.ts equipmentIssue / profileFactsProjection carries no structured token or offer for this clause,"executed: compile_fighter(collection=trollheim, lustria-pirates/cabin-boys, armour_id=armour.light-armour) -> ACCEPTED",Canonical structured fact/binding (prohibition token or item access) for the printed clause.,bands/trollheim/lustria-pirates/profiles.yaml,T13-F041,Add a canonical profile.equipment-restrictions binding or item access; do not encode the clause as free-text matching.,The printed clause has a structured canonical fact and a shared-decision case.
source/bands/trollheim/lustria-pirates/profiles.yaml/@/profiles/3/equipment_restrictions/0/unclassified,bands/trollheim/lustria-pirates/profiles.yaml,current,YES,May not select the Scourge; it is Heroes only.,,metadata_gap,lustria-pirates/crew,profiles.yaml equipment_restrictions prose only; no applicable special-rule binding in sources/knowledge/bands/trollheim/lustria-pirates/special-rules.yaml,packages/typescript/domain/eligibility/index.ts equipmentIssue / profileFactsProjection carries no structured token or offer for this clause,"executed: compile_fighter(collection=trollheim, lustria-pirates/crew, armour_id=armour.light-armour) -> ACCEPTED",Canonical structured fact/binding (prohibition token or item access) for the printed clause.,bands/trollheim/lustria-pirates/profiles.yaml,T13-F041,Add a canonical profile.equipment-restrictions binding or item access; do not encode the clause as free-text matching.,The printed clause has a structured canonical fact and a shared-decision case.
source/bands/trollheim/lustria-pirates/profiles.yaml/@/profiles/3/equipment_restrictions/1/unclassified,bands/trollheim/lustria-pirates/profiles.yaml,current,YES,May not select a Parrot; it is restricted to the Pirate Captain and Boatswains.,,metadata_gap,lustria-pirates/crew,profiles.yaml equipment_restrictions prose only; no applicable special-rule binding in sources/knowledge/bands/trollheim/lustria-pirates/special-rules.yaml,packages/typescript/domain/eligibility/index.ts equipmentIssue / profileFactsProjection carries no structured token or offer for this clause,"executed: compile_fighter(collection=trollheim, lustria-pirates/crew, armour_id=armour.light-armour) -> ACCEPTED",Canonical structured fact/binding (prohibition token or item access) for the printed clause.,bands/trollheim/lustria-pirates/profiles.yaml,T13-F041,Add a canonical profile.equipment-restrictions binding or item access; do not encode the clause as free-text matching.,The printed clause has a structured canonical fact and a shared-decision case.
source/bands/trollheim/lustria-pirates/profiles.yaml/@/profiles/3/equipment_restrictions/2/unclassified,bands/trollheim/lustria-pirates/profiles.yaml,current,YES,May not carry the Pirate Flag; the detailed entry restricts it to Pirate Heroes.,,metadata_gap,lustria-pirates/crew,profiles.yaml equipment_restrictions prose only; no applicable special-rule binding in sources/knowledge/bands/trollheim/lustria-pirates/special-rules.yaml,packages/typescript/domain/eligibility/index.ts equipmentIssue / profileFactsProjection carries no structured token or offer for this clause,"executed: compile_fighter(collection=trollheim, lustria-pirates/crew, armour_id=armour.light-armour) -> ACCEPTED",Canonical structured fact/binding (prohibition token or item access) for the printed clause.,bands/trollheim/lustria-pirates/profiles.yaml,T13-F041,Add a canonical profile.equipment-restrictions binding or item access; do not encode the clause as free-text matching.,The printed clause has a structured canonical fact and a shared-decision case.
source/bands/trollheim/lustria-pirates/profiles.yaml/@/profiles/5/equipment_restrictions/1/unclassified,bands/trollheim/lustria-pirates/profiles.yaml,current,YES,May not select the Scourge; it is Heroes only.,,metadata_gap,lustria-pirates/boatswains,profiles.yaml equipment_restrictions prose only; no applicable special-rule binding in sources/knowledge/bands/trollheim/lustria-pirates/special-rules.yaml,packages/typescript/domain/eligibility/index.ts equipmentIssue / profileFactsProjection carries no structured token or offer for this clause,"executed: compile_fighter(collection=trollheim, lustria-pirates/boatswains, armour_id=armour.light-armour) -> ACCEPTED",Canonical structured fact/binding (prohibition token or item access) for the printed clause.,bands/trollheim/lustria-pirates/profiles.yaml,T13-F041,Add a canonical profile.equipment-restrictions binding or item access; do not encode the clause as free-text matching.,The printed clause has a structured canonical fact and a shared-decision case.
source/bands/trollheim/lustria-pirates/profiles.yaml/@/profiles/5/equipment_restrictions/2/unclassified,bands/trollheim/lustria-pirates/profiles.yaml,current,YES,May not carry the Pirate Flag; the detailed entry restricts it to Pirate Heroes.,,metadata_gap,lustria-pirates/boatswains,profiles.yaml equipment_restrictions prose only; no applicable special-rule binding in sources/knowledge/bands/trollheim/lustria-pirates/special-rules.yaml,packages/typescript/domain/eligibility/index.ts equipmentIssue / profileFactsProjection carries no structured token or offer for this clause,"executed: compile_fighter(collection=trollheim, lustria-pirates/boatswains, armour_id=armour.light-armour) -> ACCEPTED",Canonical structured fact/binding (prohibition token or item access) for the printed clause.,bands/trollheim/lustria-pirates/profiles.yaml,T13-F041,Add a canonical profile.equipment-restrictions binding or item access; do not encode the clause as free-text matching.,The printed clause has a structured canonical fact and a shared-decision case.
source/bands/trollheim/lustria-pygmies/equipment-access.yaml/@/equipment_lists/0/items/14/notes/unclassified,bands/trollheim/lustria-pygmies/equipment-access.yaml,current,YES,named bearer restriction: 'Warband-creation price only; afterwards use the Trading rules. The detailed entry on printed page 122 is Rare 6 and Pygmies only. Internal missile-weapon and Psychology mechanics are intentionally not modelled here.',"price/rarity clauses, if any",metadata_gap,item/shrunken_head,equipment-access entry shrunken_head carries the restriction only as prose notes,equipmentIssue offers the item to every declared user of list pygmy-equipment-list (shared eligibility ignores notes),code inspection only; no test executed for this lot entry,A structured recipient/restriction fact for the bearer clause.,list=pygmy-equipment-list,,Model the bearer restriction (item access or list scope); reuse shared eligibility.,A non-recipient is refused and an intended recipient is accepted by the shared decision.
source/bands/trollheim/lustria-pygmies/equipment-access.yaml/@/equipment_lists/0/items/8/notes/unclassified,bands/trollheim/lustria-pygmies/equipment-access.yaml,current,YES,named bearer restriction: 'Pygmies only; the detailed entry on printed page 122 is Rare 8. Internal missile-weapon and poison mechanics are intentionally not modelled here.',"price/rarity clauses, if any",metadata_gap,item/poisoned_darts,equipment-access entry poisoned_darts carries the restriction only as prose notes,equipmentIssue offers the item to every declared user of list pygmy-equipment-list (shared eligibility ignores notes),code inspection only; no test executed for this lot entry,A structured recipient/restriction fact for the bearer clause.,list=pygmy-equipment-list,,Model the bearer restriction (item access or list scope); reuse shared eligibility.,A non-recipient is refused and an intended recipient is accepted by the shared decision.
source/bands/trollheim/trollheim-skaven-clan-eshin/equipment-access.yaml/@/equipment_lists/0/items/10/notes/unclassified,bands/trollheim/trollheim-skaven-clan-eshin/equipment-access.yaml,current,YES,"named bearer restriction: '70 gc for a brace. The detailed entry is Rare 11, Skaven only. Internal firearm mechanics are intentionally not modelled here.'","price/rarity clauses, if any",metadata_gap,item/warp_pistol,equipment-access entry warp_pistol carries the restriction only as prose notes,equipmentIssue offers the item to every declared user of list skaven-hero-equipment-list (shared eligibility ignores notes),code inspection only; no test executed for this lot entry,A structured recipient/restriction fact for the bearer clause.,list=skaven-hero-equipment-list,,Model the bearer restriction (item access or list scope); reuse shared eligibility.,A non-recipient is refused and an intended recipient is accepted by the shared decision.
source/bands/trollheim/trollheim-skaven-clan-eshin/equipment-access.yaml/@/equipment_lists/0/items/5/notes/unclassified,bands/trollheim/trollheim-skaven-clan-eshin/equipment-access.yaml,current,YES,"named bearer restriction: 'Starting-list price. The detailed entry is 50 gc per pair, Rare 9, Skaven only. Internal weapon and poison mechanics are intentionally not modelled here.'","price/rarity clauses, if any",metadata_gap,item/weeping_blades,equipment-access entry weeping_blades carries the restriction only as prose notes,equipmentIssue offers the item to every declared user of list skaven-hero-equipment-list (shared eligibility ignores notes),code inspection only; no test executed for this lot entry,A structured recipient/restriction fact for the bearer clause.,list=skaven-hero-equipment-list,,Model the bearer restriction (item access or list scope); reuse shared eligibility.,A non-recipient is refused and an intended recipient is accepted by the shared decision.
source/bands/trollheim/trollheim-skaven-clan-eshin/equipment-access.yaml/@/equipment_lists/0/items/6/notes/unclassified,bands/trollheim/trollheim-skaven-clan-eshin/equipment-access.yaml,current,YES,"named bearer restriction: 'Starting-list price. The detailed entry is 35 gc per pair, Rare 7, Skaven only. Internal weapon mechanics are intentionally not modelled here.'","price/rarity clauses, if any",metadata_gap,item/fighting_claws,equipment-access entry fighting_claws carries the restriction only as prose notes,equipmentIssue offers the item to every declared user of list skaven-hero-equipment-list (shared eligibility ignores notes),code inspection only; no test executed for this lot entry,A structured recipient/restriction fact for the bearer clause.,list=skaven-hero-equipment-list,,Model the bearer restriction (item access or list scope); reuse shared eligibility.,A non-recipient is refused and an intended recipient is accepted by the shared decision.
source/bands/trollheim/trollheim-skaven-clan-eshin/equipment-access.yaml/@/equipment_lists/0/items/9/notes/unclassified,bands/trollheim/trollheim-skaven-clan-eshin/equipment-access.yaml,current,YES,"named bearer restriction: 'Warband-creation price from the Hero Equipment List on printed page 91. The detailed entry on printed page 92 gives 25 gc, Rare 7, Skaven only. Internal missile-weapon and poison mechanics are intentionally not modelled here.'","price/rarity clauses, if any",metadata_gap,item/blowpipe,equipment-access entry blowpipe carries the restriction only as prose notes,equipmentIssue offers the item to every declared user of list skaven-hero-equipment-list (shared eligibility ignores notes),code inspection only; no test executed for this lot entry,A structured recipient/restriction fact for the bearer clause.,list=skaven-hero-equipment-list,,Model the bearer restriction (item access or list scope); reuse shared eligibility.,A non-recipient is refused and an intended recipient is accepted by the shared decision.
source/bands/trollheim/trollheim-undead/profiles.yaml/@/profiles/3/equipment_restrictions/0/unclassified,bands/trollheim/trollheim-undead/profiles.yaml,current,YES,Zombies may never use weapons or armour and suffer no penalty for fighting without them.,,partial,trollheim-undead/zombies,prose fallback pattern for armour in profiles.yaml equipment_restrictions,packages/typescript/domain/eligibility/index.ts buildRestriction stage profileSelections (legacy name matching) via mordheim_construction/restrictions.py _validate_profile_selections,"executed: compile_fighter(collection=trollheim, trollheim-undead/zombies, armour_id=armour.light-armour) -> equipment is not available to trollheim-undead/zombies: ['armour.light-armour']",weapon prohibition,bands/trollheim/trollheim-undead/profiles.yaml,T13-F041,None for the enforced token; encode the remaining printed clauses as structured canonical facts.,Every printed clause of the entry has a shared-decision case.
source/bands/trollheim/trollheim-undead/profiles.yaml/@/profiles/4/equipment_restrictions/0/unclassified,bands/trollheim/trollheim-undead/profiles.yaml,current,YES,Ghouls never use weapons or armour; the bones they carry are merely primitive improvised weapons and are not modelled as equipment.,,partial,trollheim-undead/ghouls,prose fallback pattern for armour in profiles.yaml equipment_restrictions,packages/typescript/domain/eligibility/index.ts buildRestriction stage profileSelections (legacy name matching) via mordheim_construction/restrictions.py _validate_profile_selections,"executed: compile_fighter(collection=trollheim, trollheim-undead/ghouls, armour_id=armour.light-armour) -> equipment is not available to trollheim-undead/ghouls: ['armour.light-armour']",weapon prohibition,bands/trollheim/trollheim-undead/profiles.yaml,T13-F041,None for the enforced token; encode the remaining printed clauses as structured canonical facts.,Every printed clause of the entry has a shared-decision case.
source/bands/trollheim/trollheim-undead/profiles.yaml/@/profiles/5/equipment_restrictions/0/unclassified,bands/trollheim/trollheim-undead/profiles.yaml,current,YES,Dire Wolves use no weapons or armour; their attacks are natural.,,metadata_gap,trollheim-undead/dire-wolves,profiles.yaml equipment_restrictions prose only; no applicable special-rule binding in sources/knowledge/bands/trollheim/trollheim-undead/special-rules.yaml,packages/typescript/domain/eligibility/index.ts equipmentIssue / profileFactsProjection carries no structured token or offer for this clause,"executed: compile_fighter(collection=trollheim, trollheim-undead/dire-wolves, armour_id=armour.light-armour) -> equipment is not available to trollheim-undead/dire-wolves: ['armour.light-armour']",Canonical structured fact/binding (prohibition token or item access) for the printed clause.,bands/trollheim/trollheim-undead/profiles.yaml,T13-F041,Add a canonical profile.equipment-restrictions binding or item access; do not encode the clause as free-text matching.,The printed clause has a structured canonical fact and a shared-decision case.
source/catalog/campaign/magic.yaml/@/lores/21/note/unclassified,catalog/campaign/magic.yaml,current,YES,Priest of Taal may not wear armour (Strictures),prayer procedure / casting (registry/runtime-scope.yaml),covered,horned-hunters/priest-of-taal (also ostlanders Priest of Taal),sources/knowledge/bands/mordheim/horned-hunters/special-rules.yaml rule priest-of-taal--strictures binds profile.equipment-restrictions forbids heavy-armour,packages/typescript/domain/eligibility/index.ts profileFactsProjection / equipmentIssue,code inspection only; no test executed for this lot entry,,catalog/campaign/magic.yaml lore 21,T13-F041,None; the armour restriction is a structured canonical fact.,Armour refusal stays enforced; prayer stays excluded.
source/catalog/campaign/trading-post.yaml/@/items/1/restrictions/1/note/unclassified,catalog/campaign/trading-post.yaml,current,YES,named bearer/type restriction: Clan Moulder only. 25 Warp Tokens.,price/rarity/purchase procedure,metadata_gap,campaign.trading-post / beastwhip,catalog/campaign/trading-post.yaml restriction type=condition note-only (no band_ids/groups/structure),packages/typescript/domain/campaign/kernel/market.ts conditionIssueFor -> market_condition_unstructured; profile_only is not evaluated,code inspection only; no test executed for this lot entry,A published structured scope (`band_ids`/`groups`) or `structure` for the printed clause.,catalog/campaign/trading-post.yaml,T13-F028,Publish the clause as a structured restriction/structure; reuse the existing market contract.,The market decides the printed clause from structured data instead of refusing it.
source/catalog/campaign/trading-post.yaml/@/items/10/restrictions/2/note/unclassified,catalog/campaign/trading-post.yaml,current,YES,named bearer/type restriction: Grave Robbers only. Cost 15 gold crowns.,price/rarity/purchase procedure,covered,campaign.trading-post / finger_pendant,catalog/campaign/trading-post.yaml restriction type=condition with published scope in campaign.trading-post.finger_pendant,packages/typescript/domain/campaign/kernel/market.ts marketAvailabilityIssueFor / scopeMatches,code inspection only; no test executed for this lot entry,,catalog/campaign/trading-post.yaml,,None; the published scope is evaluated by the market.,A non-matching warband is refused and a matching one accepted.
source/catalog/campaign/trading-post.yaml/@/items/130/restrictions/0/note/unclassified,catalog/campaign/trading-post.yaml,current,YES,"named bearer/type restriction: 50 gc, Petru only.",price/rarity/purchase procedure,metadata_gap,campaign.trading-post / wicker_man,catalog/campaign/trading-post.yaml restriction type=condition note-only (no band_ids/groups/structure),packages/typescript/domain/campaign/kernel/market.ts conditionIssueFor -> market_condition_unstructured; profile_only is not evaluated,code inspection only; no test executed for this lot entry,A published structured scope (`band_ids`/`groups`) or `structure` for the printed clause.,catalog/campaign/trading-post.yaml,T13-F028,Publish the clause as a structured restriction/structure; reuse the existing market contract.,The market decides the printed clause from structured data instead of refusing it.
source/catalog/campaign/trading-post.yaml/@/items/132/restrictions/0/note/unclassified,catalog/campaign/trading-post.yaml,current,NO,,"Norse Bearman Bodyguard starting equipment only. Distinct from the KB `wolfcloak` (Middenheim hunt cloak, +1 armour saves vs shooting) and from the MW White Wolf Pelt Cloak (6+ saving throw).",out_of_scope,campaign.trading-post / wolf_cloak,catalog/campaign/trading-post.yaml availability.kind=not_sold,market.ts marketAvailabilityIssueFor refuses non-common entries before restrictions,code inspection only; no test executed for this lot entry,,catalog/campaign/trading-post.yaml,,No duel-construction work; availability stays with the campaign market.,Clause stays excluded from the duel construction boundary.
source/catalog/campaign/trading-post.yaml/@/items/133/restrictions/0/note/unclassified,catalog/campaign/trading-post.yaml,current,NO,,"Wolf-Priests of Ulric only (starting equipment, not purchasable).",out_of_scope,campaign.trading-post / wolf_pelt_cloak,catalog/campaign/trading-post.yaml availability.kind=not_sold,market.ts marketAvailabilityIssueFor refuses non-common entries before restrictions,code inspection only; no test executed for this lot entry,,catalog/campaign/trading-post.yaml,,No duel-construction work; availability stays with the campaign market.,Clause stays excluded from the duel construction boundary.
source/catalog/campaign/trading-post.yaml/@/items/137/restrictions/1/note/unclassified,catalog/campaign/trading-post.yaml,current,YES,named bearer/type restriction: One Marauders of Chaos Hero only,price/rarity/purchase procedure,metadata_gap,campaign.trading-post / barbed_whip,catalog/campaign/trading-post.yaml restriction type=profile_only note-only (no band_ids/groups/structure),packages/typescript/domain/campaign/kernel/market.ts conditionIssueFor -> market_condition_unstructured; profile_only is not evaluated,code inspection only; no test executed for this lot entry,A published structured scope (`band_ids`/`groups`) or `structure` for the printed clause.,catalog/campaign/trading-post.yaml,T13-F028,Publish the clause as a structured restriction/structure; reuse the existing market contract.,The market decides the printed clause from structured data instead of refusing it.
source/catalog/campaign/trading-post.yaml/@/items/138/restrictions/1/note/unclassified,catalog/campaign/trading-post.yaml,current,YES,named bearer/type restriction: Dark Elves Beastmaster only,price/rarity/purchase procedure,metadata_gap,campaign.trading-post / beastlash,catalog/campaign/trading-post.yaml restriction type=profile_only note-only (no band_ids/groups/structure),packages/typescript/domain/campaign/kernel/market.ts conditionIssueFor -> market_condition_unstructured; profile_only is not evaluated,code inspection only; no test executed for this lot entry,A published structured scope (`band_ids`/`groups`) or `structure` for the printed clause.,catalog/campaign/trading-post.yaml,T13-F028,Publish the clause as a structured restriction/structure; reuse the existing market contract.,The market decides the printed clause from structured data instead of refusing it.
source/catalog/campaign/trading-post.yaml/@/items/144/restrictions/1/note/unclassified,catalog/campaign/trading-post.yaml,current,YES,named bearer/type restriction: Bretonnian Chapel Guard Knights only,price/rarity/purchase procedure,metadata_gap,campaign.trading-post / broadsword,catalog/campaign/trading-post.yaml restriction type=profile_only note-only (no band_ids/groups/structure),packages/typescript/domain/campaign/kernel/market.ts conditionIssueFor -> market_condition_unstructured; profile_only is not evaluated,code inspection only; no test executed for this lot entry,A published structured scope (`band_ids`/`groups`) or `structure` for the printed clause.,catalog/campaign/trading-post.yaml,T13-F028,Publish the clause as a structured restriction/structure; reuse the existing market contract.,The market decides the printed clause from structured data instead of refusing it.
source/catalog/campaign/trading-post.yaml/@/items/15/restrictions/2/note/unclassified,catalog/campaign/trading-post.yaml,current,YES,named bearer/type restriction: Common (Gnoblar Heroes Only). 50 gold crowns.,price/rarity/purchase procedure,covered,campaign.trading-post / pigback_mount,catalog/campaign/trading-post.yaml restriction type=condition with published scope in campaign.trading-post.pigback_mount,packages/typescript/domain/campaign/kernel/market.ts marketAvailabilityIssueFor / scopeMatches,code inspection only; no test executed for this lot entry,,catalog/campaign/trading-post.yaml,,None; the published scope is evaluated by the market.,A non-matching warband is refused and a matching one accepted.
source/catalog/campaign/trading-post.yaml/@/items/162/restrictions/1/note/unclassified,catalog/campaign/trading-post.yaml,current,YES,named bearer/type restriction: Marauders of Chaos Heroes with the Chosen of Chaos skill only,price/rarity/purchase procedure,metadata_gap,campaign.trading-post / great_axe,catalog/campaign/trading-post.yaml restriction type=profile_only note-only (no band_ids/groups/structure),packages/typescript/domain/campaign/kernel/market.ts conditionIssueFor -> market_condition_unstructured; profile_only is not evaluated,code inspection only; no test executed for this lot entry,A published structured scope (`band_ids`/`groups`) or `structure` for the printed clause.,catalog/campaign/trading-post.yaml,T13-F028,Publish the clause as a structured restriction/structure; reuse the existing market contract.,The market decides the printed clause from structured data instead of refusing it.
source/catalog/campaign/trading-post.yaml/@/items/17/restrictions/2/note/unclassified,catalog/campaign/trading-post.yaml,current,YES,named bearer/type restriction: Grave Robbers only. Cost 10 gold crowns.,price/rarity/purchase procedure,covered,campaign.trading-post / pry_bar,catalog/campaign/trading-post.yaml restriction type=condition with published scope in campaign.trading-post.pry_bar,packages/typescript/domain/campaign/kernel/market.ts marketAvailabilityIssueFor / scopeMatches,code inspection only; no test executed for this lot entry,,catalog/campaign/trading-post.yaml,,None; the published scope is evaluated by the market.,A non-matching warband is refused and a matching one accepted.
source/catalog/campaign/trading-post.yaml/@/items/18/restrictions/0/note/unclassified,catalog/campaign/trading-post.yaml,current,YES,named bearer/type restriction: Masters of Horror only. Cost 25 + 3D6 gc.,price/rarity/purchase procedure,covered,campaign.trading-post / repeater_pistol_moh,catalog/campaign/trading-post.yaml restriction type=condition with published scope in campaign.trading-post.repeater_pistol_moh,packages/typescript/domain/campaign/kernel/market.ts marketAvailabilityIssueFor / scopeMatches,code inspection only; no test executed for this lot entry,,catalog/campaign/trading-post.yaml,,None; the published scope is evaluated by the market.,A non-matching warband is refused and a matching one accepted.
source/catalog/campaign/trading-post.yaml/@/items/186/restrictions/1/note/unclassified,catalog/campaign/trading-post.yaml,current,YES,named bearer/type restriction: Tomb Guardians Liche Priest only,price/rarity/purchase procedure,metadata_gap,campaign.trading-post / serpent_staff,catalog/campaign/trading-post.yaml restriction type=profile_only note-only (no band_ids/groups/structure),packages/typescript/domain/campaign/kernel/market.ts conditionIssueFor -> market_condition_unstructured; profile_only is not evaluated,code inspection only; no test executed for this lot entry,A published structured scope (`band_ids`/`groups`) or `structure` for the printed clause.,catalog/campaign/trading-post.yaml,T13-F028,Publish the clause as a structured restriction/structure; reuse the existing market contract.,The market decides the printed clause from structured data instead of refusing it.
source/catalog/campaign/trading-post.yaml/@/items/187/restrictions/1/note/unclassified,catalog/campaign/trading-post.yaml,current,YES,named bearer/type restriction: Bretonnian Chapel Guard Knights only,price/rarity/purchase procedure,metadata_gap,campaign.trading-post / shortsword,catalog/campaign/trading-post.yaml restriction type=profile_only note-only (no band_ids/groups/structure),packages/typescript/domain/campaign/kernel/market.ts conditionIssueFor -> market_condition_unstructured; profile_only is not evaluated,code inspection only; no test executed for this lot entry,A published structured scope (`band_ids`/`groups`) or `structure` for the printed clause.,catalog/campaign/trading-post.yaml,T13-F028,Publish the clause as a structured restriction/structure; reuse the existing market contract.,The market decides the printed clause from structured data instead of refusing it.
source/catalog/campaign/trading-post.yaml/@/items/21/restrictions/1/note/unclassified,catalog/campaign/trading-post.yaml,current,YES,named bearer/type restriction: Common (Gnoblars only). 1st free / second 3 gc.,price/rarity/purchase procedure,metadata_gap,campaign.trading-post / sharp_stuff,catalog/campaign/trading-post.yaml restriction type=condition note-only (no band_ids/groups/structure),packages/typescript/domain/campaign/kernel/market.ts conditionIssueFor -> market_condition_unstructured; profile_only is not evaluated,code inspection only; no test executed for this lot entry,A published structured scope (`band_ids`/`groups`) or `structure` for the printed clause.,catalog/campaign/trading-post.yaml,T13-F028,Publish the clause as a structured restriction/structure; reuse the existing market contract.,The market decides the printed clause from structured data instead of refusing it.
source/catalog/campaign/trading-post.yaml/@/items/213/restrictions/1/note/unclassified,catalog/campaign/trading-post.yaml,current,YES,named bearer/type restriction: Tomb Guardians Tomb Lord only,price/rarity/purchase procedure,metadata_gap,campaign.trading-post / nehekharan_javelin,catalog/campaign/trading-post.yaml restriction type=profile_only note-only (no band_ids/groups/structure),packages/typescript/domain/campaign/kernel/market.ts conditionIssueFor -> market_condition_unstructured; profile_only is not evaluated,code inspection only; no test executed for this lot entry,A published structured scope (`band_ids`/`groups`) or `structure` for the printed clause.,catalog/campaign/trading-post.yaml,T13-F028,Publish the clause as a structured restriction/structure; reuse the existing market contract.,The market decides the printed clause from structured data instead of refusing it.
source/catalog/campaign/trading-post.yaml/@/items/22/restrictions/2/note/unclassified,catalog/campaign/trading-post.yaml,current,YES,named bearer/type restriction: Heroes only (Protectorate of Sigmar Equipment List). Cost 20 gold crowns.,price/rarity/purchase procedure,covered,campaign.trading-post / shield_of_sigmar,catalog/campaign/trading-post.yaml restriction type=condition with published scope in campaign.trading-post.shield_of_sigmar,packages/typescript/domain/campaign/kernel/market.ts marketAvailabilityIssueFor / scopeMatches,code inspection only; no test executed for this lot entry,,catalog/campaign/trading-post.yaml,,None; the published scope is evaluated by the market.,A non-matching warband is refused and a matching one accepted.
source/catalog/campaign/trading-post.yaml/@/items/237/restrictions/1/note/unclassified,catalog/campaign/trading-post.yaml,current,YES,named bearer/type restriction: Pirate Gunners only,price/rarity/purchase procedure,metadata_gap,campaign.trading-post / swivel_gun,catalog/campaign/trading-post.yaml restriction type=profile_only note-only (no band_ids/groups/structure),packages/typescript/domain/campaign/kernel/market.ts conditionIssueFor -> market_condition_unstructured; profile_only is not evaluated,code inspection only; no test executed for this lot entry,A published structured scope (`band_ids`/`groups`) or `structure` for the printed clause.,catalog/campaign/trading-post.yaml,T13-F028,Publish the clause as a structured restriction/structure; reuse the existing market contract.,The market decides the printed clause from structured data instead of refusing it.
source/catalog/campaign/trading-post.yaml/@/items/239/restrictions/0/note/unclassified,catalog/campaign/trading-post.yaml,current,YES,named bearer/type restriction: Warhorses only,price/rarity/purchase procedure,metadata_gap,campaign.trading-post / barding,catalog/campaign/trading-post.yaml restriction type=condition note-only (no band_ids/groups/structure),packages/typescript/domain/campaign/kernel/market.ts conditionIssueFor -> market_condition_unstructured; profile_only is not evaluated,code inspection only; no test executed for this lot entry,A published structured scope (`band_ids`/`groups`) or `structure` for the printed clause.,catalog/campaign/trading-post.yaml,T13-F028,Publish the clause as a structured restriction/structure; reuse the existing market contract.,The market decides the printed clause from structured data instead of refusing it.
source/catalog/campaign/trading-post.yaml/@/items/24/restrictions/1/note/unclassified,catalog/campaign/trading-post.yaml,current,YES,named bearer/type restriction: Common (Snotling Warband Only). Cost 2 gc.,price/rarity/purchase procedure,covered,campaign.trading-post / slingshot,catalog/campaign/trading-post.yaml restriction type=condition with published scope in campaign.trading-post.slingshot,packages/typescript/domain/campaign/kernel/market.ts marketAvailabilityIssueFor / scopeMatches,code inspection only; no test executed for this lot entry,,catalog/campaign/trading-post.yaml,,None; the published scope is evaluated by the market.,A non-matching warband is refused and a matching one accepted.
source/catalog/campaign/trading-post.yaml/@/items/240/restrictions/0/note/unclassified,catalog/campaign/trading-post.yaml,current,YES,named bearer/type restriction: Bretonnian Warhorses only,price/rarity/purchase procedure,metadata_gap,campaign.trading-post / bretonnian_barding,catalog/campaign/trading-post.yaml restriction type=condition note-only (no band_ids/groups/structure),packages/typescript/domain/campaign/kernel/market.ts conditionIssueFor -> market_condition_unstructured; profile_only is not evaluated,code inspection only; no test executed for this lot entry,A published structured scope (`band_ids`/`groups`) or `structure` for the printed clause.,catalog/campaign/trading-post.yaml,T13-F028,Publish the clause as a structured restriction/structure; reuse the existing market contract.,The market decides the printed clause from structured data instead of refusing it.
source/catalog/campaign/trading-post.yaml/@/items/249/restrictions/1/note/unclassified,catalog/campaign/trading-post.yaml,current,YES,named bearer/type restriction: Bretonnian Chapel Guard Knights only,price/rarity/purchase procedure,metadata_gap,campaign.trading-post / kite_shield,catalog/campaign/trading-post.yaml restriction type=profile_only note-only (no band_ids/groups/structure),packages/typescript/domain/campaign/kernel/market.ts conditionIssueFor -> market_condition_unstructured; profile_only is not evaluated,code inspection only; no test executed for this lot entry,A published structured scope (`band_ids`/`groups`) or `structure` for the printed clause.,catalog/campaign/trading-post.yaml,T13-F028,Publish the clause as a structured restriction/structure; reuse the existing market contract.,The market decides the printed clause from structured data instead of refusing it.
source/catalog/campaign/trading-post.yaml/@/items/25/restrictions/1/note/unclassified,catalog/campaign/trading-post.yaml,current,YES,named bearer/type restriction: Common (Snotling Warband Only). Free.,price/rarity/purchase procedure,covered,campaign.trading-post / small_pebble,catalog/campaign/trading-post.yaml restriction type=condition with published scope in campaign.trading-post.small_pebble,packages/typescript/domain/campaign/kernel/market.ts marketAvailabilityIssueFor / scopeMatches,code inspection only; no test executed for this lot entry,,catalog/campaign/trading-post.yaml,,None; the published scope is evaluated by the market.,A non-matching warband is refused and a matching one accepted.
source/catalog/campaign/trading-post.yaml/@/items/258/restrictions/1/note/unclassified,catalog/campaign/trading-post.yaml,current,YES,named bearer/type restriction: Tomb Guardians Tomb Lord only,price/rarity/purchase procedure,metadata_gap,campaign.trading-post / asp_arrows,catalog/campaign/trading-post.yaml restriction type=profile_only note-only (no band_ids/groups/structure),packages/typescript/domain/campaign/kernel/market.ts conditionIssueFor -> market_condition_unstructured; profile_only is not evaluated,code inspection only; no test executed for this lot entry,A published structured scope (`band_ids`/`groups`) or `structure` for the printed clause.,catalog/campaign/trading-post.yaml,T13-F028,Publish the clause as a structured restriction/structure; reuse the existing market contract.,The market decides the printed clause from structured data instead of refusing it.
source/catalog/campaign/trading-post.yaml/@/items/26/restrictions/2/note/unclassified,catalog/campaign/trading-post.yaml,current,YES,named bearer/type restriction: 20+2D6 gc; Heroes only; one per Wizard.,price/rarity/purchase procedure,covered,campaign.trading-post / society_familiar,catalog/campaign/trading-post.yaml restriction type=condition with published scope in campaign.trading-post.society_familiar,packages/typescript/domain/campaign/kernel/market.ts marketAvailabilityIssueFor / scopeMatches,code inspection only; no test executed for this lot entry,,catalog/campaign/trading-post.yaml,,None; the published scope is evaluated by the market.,A non-matching warband is refused and a matching one accepted.
source/catalog/campaign/trading-post.yaml/@/items/261/restrictions/1/note/unclassified,catalog/campaign/trading-post.yaml,current,YES,named bearer/type restriction: Rare 7 for Skaven and Lizardmen; 10 gc and Common for Skink Heroes,price/rarity/purchase procedure,metadata_gap,campaign.trading-post / black_lotus,catalog/campaign/trading-post.yaml restriction type=condition note-only (no band_ids/groups/structure),packages/typescript/domain/campaign/kernel/market.ts conditionIssueFor -> market_condition_unstructured; profile_only is not evaluated,code inspection only; no test executed for this lot entry,A published structured scope (`band_ids`/`groups`) or `structure` for the printed clause.,catalog/campaign/trading-post.yaml,T13-F028,Publish the clause as a structured restriction/structure; reuse the existing market contract.,The market decides the printed clause from structured data instead of refusing it.
source/catalog/campaign/trading-post.yaml/@/items/263/restrictions/1/note/unclassified,catalog/campaign/trading-post.yaml,current,YES,named bearer/type restriction: Common for Warrior-Priests and Sisters of Sigmar,price/rarity/purchase procedure,metadata_gap,campaign.trading-post / blessed_water,catalog/campaign/trading-post.yaml restriction type=condition note-only (no band_ids/groups/structure),packages/typescript/domain/campaign/kernel/market.ts conditionIssueFor -> market_condition_unstructured; profile_only is not evaluated,code inspection only; no test executed for this lot entry,A published structured scope (`band_ids`/`groups`) or `structure` for the printed clause.,catalog/campaign/trading-post.yaml,T13-F028,Publish the clause as a structured restriction/structure; reuse the existing market contract.,The market decides the printed clause from structured data instead of refusing it.
source/catalog/campaign/trading-post.yaml/@/items/264/restrictions/0/note/unclassified,catalog/campaign/trading-post.yaml,current,YES,named bearer/type restriction: Vampires and Necromancers only,price/rarity/purchase procedure,metadata_gap,campaign.trading-post / book_of_the_dead,catalog/campaign/trading-post.yaml restriction type=condition note-only (no band_ids/groups/structure),packages/typescript/domain/campaign/kernel/market.ts conditionIssueFor -> market_condition_unstructured; profile_only is not evaluated,code inspection only; no test executed for this lot entry,A published structured scope (`band_ids`/`groups`) or `structure` for the printed clause.,catalog/campaign/trading-post.yaml,T13-F028,Publish the clause as a structured restriction/structure; reuse the existing market contract.,The market decides the printed clause from structured data instead of refusing it.
source/catalog/campaign/trading-post.yaml/@/items/27/restrictions/1/note/unclassified,catalog/campaign/trading-post.yaml,current,YES,named bearer/type restriction: Necrarch only. Cost 25 gc.,price/rarity/purchase procedure,covered,campaign.trading-post / staff_of_damnation,catalog/campaign/trading-post.yaml restriction type=condition with published scope in campaign.trading-post.staff_of_damnation,packages/typescript/domain/campaign/kernel/market.ts marketAvailabilityIssueFor / scopeMatches,code inspection only; no test executed for this lot entry,,catalog/campaign/trading-post.yaml,,None; the published scope is evaluated by the market.,A non-matching warband is refused and a matching one accepted.
source/catalog/campaign/trading-post.yaml/@/items/272/restrictions/1/note/unclassified,catalog/campaign/trading-post.yaml,current,YES,named bearer/type restriction: Amazons (Lustria) Piranha Warrior only,price/rarity/purchase procedure,metadata_gap,campaign.trading-post / conch_shell_horn,catalog/campaign/trading-post.yaml restriction type=profile_only note-only (no band_ids/groups/structure),packages/typescript/domain/campaign/kernel/market.ts conditionIssueFor -> market_condition_unstructured; profile_only is not evaluated,code inspection only; no test executed for this lot entry,A published structured scope (`band_ids`/`groups`) or `structure` for the printed clause.,catalog/campaign/trading-post.yaml,T13-F028,Publish the clause as a structured restriction/structure; reuse the existing market contract.,The market decides the printed clause from structured data instead of refusing it.
source/catalog/campaign/trading-post.yaml/@/items/274/restrictions/1/note/unclassified,catalog/campaign/trading-post.yaml,current,YES,named bearer/type restriction: Rare 6 for Dark Elves and Lizardmen; 20 gc and Common for Skink Heroes,price/rarity/purchase procedure,metadata_gap,campaign.trading-post / dark_venom,catalog/campaign/trading-post.yaml restriction type=condition note-only (no band_ids/groups/structure),packages/typescript/domain/campaign/kernel/market.ts conditionIssueFor -> market_condition_unstructured; profile_only is not evaluated,code inspection only; no test executed for this lot entry,A published structured scope (`band_ids`/`groups`) or `structure` for the printed clause.,catalog/campaign/trading-post.yaml,T13-F028,Publish the clause as a structured restriction/structure; reuse the existing market contract.,The market decides the printed clause from structured data instead of refusing it.
source/catalog/campaign/trading-post.yaml/@/items/277/restrictions/1/note/unclassified,catalog/campaign/trading-post.yaml,current,YES,named bearer/type restriction: Shadow Warrior Weavers only,price/rarity/purchase procedure,metadata_gap,campaign.trading-post / elven_runestones,catalog/campaign/trading-post.yaml restriction type=profile_only note-only (no band_ids/groups/structure),packages/typescript/domain/campaign/kernel/market.ts conditionIssueFor -> market_condition_unstructured; profile_only is not evaluated,code inspection only; no test executed for this lot entry,A published structured scope (`band_ids`/`groups`) or `structure` for the printed clause.,catalog/campaign/trading-post.yaml,T13-F028,Publish the clause as a structured restriction/structure; reuse the existing market contract.,The market decides the printed clause from structured data instead of refusing it.
source/catalog/campaign/trading-post.yaml/@/items/29/restrictions/1/note/unclassified,catalog/campaign/trading-post.yaml,current,YES,named bearer/type restriction: Clan Moulder only. 20 Warp Tokens.,price/rarity/purchase procedure,metadata_gap,campaign.trading-post / thingcatcher,catalog/campaign/trading-post.yaml restriction type=condition note-only (no band_ids/groups/structure),packages/typescript/domain/campaign/kernel/market.ts conditionIssueFor -> market_condition_unstructured; profile_only is not evaluated,code inspection only; no test executed for this lot entry,A published structured scope (`band_ids`/`groups`) or `structure` for the printed clause.,catalog/campaign/trading-post.yaml,T13-F028,Publish the clause as a structured restriction/structure; reuse the existing market contract.,The market decides the printed clause from structured data instead of refusing it.
source/catalog/campaign/trading-post.yaml/@/items/292/restrictions/0/note/unclassified,catalog/campaign/trading-post.yaml,current,YES,named bearer/type restriction: Rare 6 for Warrior-Priests and Sisters of Sigmar,price/rarity/purchase procedure,metadata_gap,campaign.trading-post / holy_relic,catalog/campaign/trading-post.yaml restriction type=condition note-only (no band_ids/groups/structure),packages/typescript/domain/campaign/kernel/market.ts conditionIssueFor -> market_condition_unstructured; profile_only is not evaluated,code inspection only; no test executed for this lot entry,A published structured scope (`band_ids`/`groups`) or `structure` for the printed clause.,catalog/campaign/trading-post.yaml,T13-F028,Publish the clause as a structured restriction/structure; reuse the existing market contract.,The market decides the printed clause from structured data instead of refusing it.
source/catalog/campaign/trading-post.yaml/@/items/3/restrictions/2/note/unclassified,catalog/campaign/trading-post.yaml,current,YES,named bearer/type restriction: Common (25 gc). Heroes only in the Protectorate Equipment List.,price/rarity/purchase procedure,covered,campaign.trading-post / blessed_bolts,catalog/campaign/trading-post.yaml restriction type=condition with published scope in campaign.trading-post.blessed_bolts,packages/typescript/domain/campaign/kernel/market.ts marketAvailabilityIssueFor / scopeMatches,code inspection only; no test executed for this lot entry,,catalog/campaign/trading-post.yaml,,None; the published scope is evaluated by the market.,A non-matching warband is refused and a matching one accepted.
source/catalog/campaign/trading-post.yaml/@/items/31/restrictions/2/note/unclassified,catalog/campaign/trading-post.yaml,current,YES,named bearer/type restriction: Heroes only (Necrarch Hero Equipment List). Cost 15 gc.,price/rarity/purchase procedure,covered,campaign.trading-post / unholy_relic,catalog/campaign/trading-post.yaml restriction type=condition with published scope in campaign.trading-post.unholy_relic,packages/typescript/domain/campaign/kernel/market.ts marketAvailabilityIssueFor / scopeMatches,code inspection only; no test executed for this lot entry,,catalog/campaign/trading-post.yaml,,None; the published scope is evaluated by the market.,A non-matching warband is refused and a matching one accepted.
source/catalog/campaign/trading-post.yaml/@/items/32/restrictions/1/note/unclassified,catalog/campaign/trading-post.yaml,current,YES,named bearer/type restriction: 30 gold crowns per pair; Slayers only.,price/rarity/purchase procedure,covered,campaign.trading-post / whirling_blades,catalog/campaign/trading-post.yaml restriction type=condition with published scope in campaign.trading-post.whirling_blades,packages/typescript/domain/campaign/kernel/market.ts marketAvailabilityIssueFor / scopeMatches,code inspection only; no test executed for this lot entry,,catalog/campaign/trading-post.yaml,,None; the published scope is evaluated by the market.,A non-matching warband is refused and a matching one accepted.
source/catalog/campaign/trading-post.yaml/@/items/320/restrictions/1/note/unclassified,catalog/campaign/trading-post.yaml,current,YES,named bearer/type restriction: Pirate Captain and Mates only,price/rarity/purchase procedure,metadata_gap,campaign.trading-post / parrot,catalog/campaign/trading-post.yaml restriction type=profile_only note-only (no band_ids/groups/structure),packages/typescript/domain/campaign/kernel/market.ts conditionIssueFor -> market_condition_unstructured; profile_only is not evaluated,code inspection only; no test executed for this lot entry,A published structured scope (`band_ids`/`groups`) or `structure` for the printed clause.,catalog/campaign/trading-post.yaml,T13-F028,Publish the clause as a structured restriction/structure; reuse the existing market contract.,The market decides the printed clause from structured data instead of refusing it.
source/catalog/campaign/trading-post.yaml/@/items/327/restrictions/0/note/unclassified,catalog/campaign/trading-post.yaml,current,YES,named bearer/type restriction: Skink Henchmen only,price/rarity/purchase procedure,metadata_gap,campaign.trading-post / reptile_venom,catalog/campaign/trading-post.yaml restriction type=profile_only note-only (no band_ids/groups/structure),packages/typescript/domain/campaign/kernel/market.ts conditionIssueFor -> market_condition_unstructured; profile_only is not evaluated,code inspection only; no test executed for this lot entry,A published structured scope (`band_ids`/`groups`) or `structure` for the printed clause.,catalog/campaign/trading-post.yaml,T13-F028,Publish the clause as a structured restriction/structure; reuse the existing market contract.,The market decides the printed clause from structured data instead of refusing it.
source/catalog/campaign/trading-post.yaml/@/items/34/restrictions/0/note/unclassified,catalog/campaign/trading-post.yaml,current,YES,named bearer/type restriction: Clan Moulder only. 90 Warp Tokens.,price/rarity/purchase procedure,metadata_gap,campaign.trading-post / wolf_rat_mount,catalog/campaign/trading-post.yaml restriction type=condition note-only (no band_ids/groups/structure),packages/typescript/domain/campaign/kernel/market.ts conditionIssueFor -> market_condition_unstructured; profile_only is not evaluated,code inspection only; no test executed for this lot entry,A published structured scope (`band_ids`/`groups`) or `structure` for the printed clause.,catalog/campaign/trading-post.yaml,T13-F028,Publish the clause as a structured restriction/structure; reuse the existing market contract.,The market decides the printed clause from structured data instead of refusing it.
source/catalog/campaign/trading-post.yaml/@/items/35/restrictions/0/note/unclassified,catalog/campaign/trading-post.yaml,current,NO,,Armen Abbas starting equipment only (unique).,out_of_scope,campaign.trading-post / angel_wings,catalog/campaign/trading-post.yaml availability.kind=not_sold,market.ts marketAvailabilityIssueFor refuses non-common entries before restrictions,code inspection only; no test executed for this lot entry,,catalog/campaign/trading-post.yaml,,No duel-construction work; availability stays with the campaign market.,Clause stays excluded from the duel construction boundary.
source/catalog/campaign/trading-post.yaml/@/items/367/restrictions/1/note/unclassified,catalog/campaign/trading-post.yaml,current,YES,named bearer/type restriction: Marauders with the Chosen of Chaos skill only,price/rarity/purchase procedure,metadata_gap,campaign.trading-post / chaos_steed,catalog/campaign/trading-post.yaml restriction type=condition note-only (no band_ids/groups/structure),packages/typescript/domain/campaign/kernel/market.ts conditionIssueFor -> market_condition_unstructured; profile_only is not evaluated,code inspection only; no test executed for this lot entry,A published structured scope (`band_ids`/`groups`) or `structure` for the printed clause.,catalog/campaign/trading-post.yaml,T13-F028,Publish the clause as a structured restriction/structure; reuse the existing market contract.,The market decides the printed clause from structured data instead of refusing it.
source/catalog/campaign/trading-post.yaml/@/items/37/restrictions/0/note/unclassified,catalog/campaign/trading-post.yaml,current,NO,,Sister of Sigmar starting equipment only.,out_of_scope,campaign.trading-post / arcane_candelabrum,catalog/campaign/trading-post.yaml availability.kind=not_sold,market.ts marketAvailabilityIssueFor refuses non-common entries before restrictions,code inspection only; no test executed for this lot entry,,catalog/campaign/trading-post.yaml,,No duel-construction work; availability stays with the campaign market.,Clause stays excluded from the duel construction boundary.
source/catalog/campaign/trading-post.yaml/@/items/374/restrictions/1/note/unclassified,catalog/campaign/trading-post.yaml,current,YES,"named bearer/type restriction: Vampires, Necromancers and Grave Guards only",price/rarity/purchase procedure,covered,campaign.trading-post / nightmare,catalog/campaign/trading-post.yaml restriction type=condition with published scope in campaign.trading-post.nightmare,packages/typescript/domain/campaign/kernel/market.ts marketAvailabilityIssueFor / scopeMatches,code inspection only; no test executed for this lot entry,,catalog/campaign/trading-post.yaml,,None; the published scope is evaluated by the market.,A non-matching warband is refused and a matching one accepted.
source/catalog/campaign/trading-post.yaml/@/items/377/restrictions/1/note/unclassified,catalog/campaign/trading-post.yaml,current,YES,"named bearer/type restriction: Dragon Monks, Sisters of Sigmar and Priests only",price/rarity/purchase procedure,metadata_gap,campaign.trading-post / temple_dog,catalog/campaign/trading-post.yaml restriction type=condition note-only (no band_ids/groups/structure),packages/typescript/domain/campaign/kernel/market.ts conditionIssueFor -> market_condition_unstructured; profile_only is not evaluated,code inspection only; no test executed for this lot entry,A published structured scope (`band_ids`/`groups`) or `structure` for the printed clause.,catalog/campaign/trading-post.yaml,T13-F028,Publish the clause as a structured restriction/structure; reuse the existing market contract.,The market decides the printed clause from structured data instead of refusing it.
source/catalog/campaign/trading-post.yaml/@/items/381/restrictions/0/note/unclassified,catalog/campaign/trading-post.yaml,current,NO,,Not sold at the Mordheim trading post; available only through its warband equipment list.,out_of_scope,campaign.trading-post / ancestral_claw,catalog/campaign/trading-post.yaml availability.kind=not_sold,market.ts marketAvailabilityIssueFor refuses non-common entries before restrictions,code inspection only; no test executed for this lot entry,,catalog/campaign/trading-post.yaml,,No duel-construction work; availability stays with the campaign market.,Clause stays excluded from the duel construction boundary.
source/catalog/campaign/trading-post.yaml/@/items/382/restrictions/0/note/unclassified,catalog/campaign/trading-post.yaml,current,NO,,Not sold at the Mordheim trading post; available only through its warband equipment list.,out_of_scope,campaign.trading-post / ankus,catalog/campaign/trading-post.yaml availability.kind=not_sold,market.ts marketAvailabilityIssueFor refuses non-common entries before restrictions,code inspection only; no test executed for this lot entry,,catalog/campaign/trading-post.yaml,,No duel-construction work; availability stays with the campaign market.,Clause stays excluded from the duel construction boundary.
source/catalog/campaign/trading-post.yaml/@/items/383/restrictions/0/note/unclassified,catalog/campaign/trading-post.yaml,current,NO,,Not sold at the Mordheim trading post; available only through its warband equipment list.,out_of_scope,campaign.trading-post / anointed_bolts,catalog/campaign/trading-post.yaml availability.kind=not_sold,market.ts marketAvailabilityIssueFor refuses non-common entries before restrictions,code inspection only; no test executed for this lot entry,,catalog/campaign/trading-post.yaml,,No duel-construction work; availability stays with the campaign market.,Clause stays excluded from the duel construction boundary.
source/catalog/campaign/trading-post.yaml/@/items/385/restrictions/0/note/unclassified,catalog/campaign/trading-post.yaml,current,NO,,Not sold at the Mordheim trading post; available only through its warband equipment list.,out_of_scope,campaign.trading-post / bagh_nakh,catalog/campaign/trading-post.yaml availability.kind=not_sold,market.ts marketAvailabilityIssueFor refuses non-common entries before restrictions,code inspection only; no test executed for this lot entry,,catalog/campaign/trading-post.yaml,,No duel-construction work; availability stays with the campaign market.,Clause stays excluded from the duel construction boundary.
source/catalog/campaign/trading-post.yaml/@/items/386/restrictions/0/note/unclassified,catalog/campaign/trading-post.yaml,current,NO,,Not sold at the Mordheim trading post; available only through its warband equipment list.,out_of_scope,campaign.trading-post / ball_shot,catalog/campaign/trading-post.yaml availability.kind=not_sold,market.ts marketAvailabilityIssueFor refuses non-common entries before restrictions,code inspection only; no test executed for this lot entry,,catalog/campaign/trading-post.yaml,,No duel-construction work; availability stays with the campaign market.,Clause stays excluded from the duel construction boundary.
source/catalog/campaign/trading-post.yaml/@/items/387/restrictions/0/note/unclassified,catalog/campaign/trading-post.yaml,current,NO,,Not sold at the Mordheim trading post; available only through its warband equipment list.,out_of_scope,campaign.trading-post / battle_axe,catalog/campaign/trading-post.yaml availability.kind=not_sold,market.ts marketAvailabilityIssueFor refuses non-common entries before restrictions,code inspection only; no test executed for this lot entry,,catalog/campaign/trading-post.yaml,,No duel-construction work; availability stays with the campaign market.,Clause stays excluded from the duel construction boundary.
source/catalog/campaign/trading-post.yaml/@/items/388/restrictions/0/note/unclassified,catalog/campaign/trading-post.yaml,current,NO,,Not sold at the Mordheim trading post; available only through its warband equipment list.,out_of_scope,campaign.trading-post / beastmaster_whip,catalog/campaign/trading-post.yaml availability.kind=not_sold,market.ts marketAvailabilityIssueFor refuses non-common entries before restrictions,code inspection only; no test executed for this lot entry,,catalog/campaign/trading-post.yaml,,No duel-construction work; availability stays with the campaign market.,Clause stays excluded from the duel construction boundary.
source/catalog/campaign/trading-post.yaml/@/items/389/restrictions/0/note/unclassified,catalog/campaign/trading-post.yaml,current,NO,,Not sold at the Mordheim trading post; available only through its warband equipment list.,out_of_scope,campaign.trading-post / bird_of_prey_aristocrat_only,catalog/campaign/trading-post.yaml availability.kind=not_sold,market.ts marketAvailabilityIssueFor refuses non-common entries before restrictions,code inspection only; no test executed for this lot entry,,catalog/campaign/trading-post.yaml,,No duel-construction work; availability stays with the campaign market.,Clause stays excluded from the duel construction boundary.
source/catalog/campaign/trading-post.yaml/@/items/390/restrictions/0/note/unclassified,catalog/campaign/trading-post.yaml,current,NO,,Not sold at the Mordheim trading post; available only through its warband equipment list.,out_of_scope,campaign.trading-post / blood_root,catalog/campaign/trading-post.yaml availability.kind=not_sold,market.ts marketAvailabilityIssueFor refuses non-common entries before restrictions,code inspection only; no test executed for this lot entry,,catalog/campaign/trading-post.yaml,,No duel-construction work; availability stays with the campaign market.,Clause stays excluded from the duel construction boundary.
source/catalog/campaign/trading-post.yaml/@/items/392/restrictions/0/note/unclassified,catalog/campaign/trading-post.yaml,current,NO,,Not sold at the Mordheim trading post; available only through its warband equipment list.,out_of_scope,campaign.trading-post / boar_spear_aristocrat_only,catalog/campaign/trading-post.yaml availability.kind=not_sold,market.ts marketAvailabilityIssueFor refuses non-common entries before restrictions,code inspection only; no test executed for this lot entry,,catalog/campaign/trading-post.yaml,,No duel-construction work; availability stays with the campaign market.,Clause stays excluded from the duel construction boundary.
source/catalog/campaign/trading-post.yaml/@/items/393/restrictions/0/note/unclassified,catalog/campaign/trading-post.yaml,current,NO,,Not sold at the Mordheim trading post; available only through its warband equipment list.,out_of_scope,campaign.trading-post / bone_helmet,catalog/campaign/trading-post.yaml availability.kind=not_sold,market.ts marketAvailabilityIssueFor refuses non-common entries before restrictions,code inspection only; no test executed for this lot entry,,catalog/campaign/trading-post.yaml,,No duel-construction work; availability stays with the campaign market.,Clause stays excluded from the duel construction boundary.
source/catalog/campaign/trading-post.yaml/@/items/394/restrictions/0/note/unclassified,catalog/campaign/trading-post.yaml,current,NO,,Not sold at the Mordheim trading post; available only through its warband equipment list.,out_of_scope,campaign.trading-post / bone_helmet_skink_priest_only,catalog/campaign/trading-post.yaml availability.kind=not_sold,market.ts marketAvailabilityIssueFor refuses non-common entries before restrictions,code inspection only; no test executed for this lot entry,,catalog/campaign/trading-post.yaml,,No duel-construction work; availability stays with the campaign market.,Clause stays excluded from the duel construction boundary.
source/catalog/campaign/trading-post.yaml/@/items/395/restrictions/0/note/unclassified,catalog/campaign/trading-post.yaml,current,NO,,Not sold at the Mordheim trading post; available only through its warband equipment list.,out_of_scope,campaign.trading-post / bronze_axe,catalog/campaign/trading-post.yaml availability.kind=not_sold,market.ts marketAvailabilityIssueFor refuses non-common entries before restrictions,code inspection only; no test executed for this lot entry,,catalog/campaign/trading-post.yaml,,No duel-construction work; availability stays with the campaign market.,Clause stays excluded from the duel construction boundary.
source/catalog/campaign/trading-post.yaml/@/items/396/restrictions/0/note/unclassified,catalog/campaign/trading-post.yaml,current,NO,,Not sold at the Mordheim trading post; available only through its warband equipment list.,out_of_scope,campaign.trading-post / bronze_breastplate,catalog/campaign/trading-post.yaml availability.kind=not_sold,market.ts marketAvailabilityIssueFor refuses non-common entries before restrictions,code inspection only; no test executed for this lot entry,,catalog/campaign/trading-post.yaml,,No duel-construction work; availability stays with the campaign market.,Clause stays excluded from the duel construction boundary.
source/catalog/campaign/trading-post.yaml/@/items/397/restrictions/0/note/unclassified,catalog/campaign/trading-post.yaml,current,NO,,Not sold at the Mordheim trading post; available only through its warband equipment list.,out_of_scope,campaign.trading-post / bronze_dagger,catalog/campaign/trading-post.yaml availability.kind=not_sold,market.ts marketAvailabilityIssueFor refuses non-common entries before restrictions,code inspection only; no test executed for this lot entry,,catalog/campaign/trading-post.yaml,,No duel-construction work; availability stays with the campaign market.,Clause stays excluded from the duel construction boundary.
source/catalog/campaign/trading-post.yaml/@/items/398/restrictions/0/note/unclassified,catalog/campaign/trading-post.yaml,current,NO,,Not sold at the Mordheim trading post; available only through its warband equipment list.,out_of_scope,campaign.trading-post / bronze_helmet,catalog/campaign/trading-post.yaml availability.kind=not_sold,market.ts marketAvailabilityIssueFor refuses non-common entries before restrictions,code inspection only; no test executed for this lot entry,,catalog/campaign/trading-post.yaml,,No duel-construction work; availability stays with the campaign market.,Clause stays excluded from the duel construction boundary.
source/catalog/campaign/trading-post.yaml/@/items/399/restrictions/0/note/unclassified,catalog/campaign/trading-post.yaml,current,NO,,Not sold at the Mordheim trading post; available only through its warband equipment list.,out_of_scope,campaign.trading-post / bronze_spear,catalog/campaign/trading-post.yaml availability.kind=not_sold,market.ts marketAvailabilityIssueFor refuses non-common entries before restrictions,code inspection only; no test executed for this lot entry,,catalog/campaign/trading-post.yaml,,No duel-construction work; availability stays with the campaign market.,Clause stays excluded from the duel construction boundary.
source/catalog/campaign/trading-post.yaml/@/items/4/restrictions/1/note/unclassified,catalog/campaign/trading-post.yaml,current,YES,named bearer/type restriction: Masters of Horror only. Cost 15 + D6 gc.,price/rarity/purchase procedure,covered,campaign.trading-post / chainsaw_sword,catalog/campaign/trading-post.yaml restriction type=condition with published scope in campaign.trading-post.chainsaw_sword,packages/typescript/domain/campaign/kernel/market.ts marketAvailabilityIssueFor / scopeMatches,code inspection only; no test executed for this lot entry,,catalog/campaign/trading-post.yaml,,None; the published scope is evaluated by the market.,A non-matching warband is refused and a matching one accepted.
source/catalog/campaign/trading-post.yaml/@/items/400/restrictions/0/note/unclassified,catalog/campaign/trading-post.yaml,current,NO,,Not sold at the Mordheim trading post; available only through its warband equipment list.,out_of_scope,campaign.trading-post / bronze_sword,catalog/campaign/trading-post.yaml availability.kind=not_sold,market.ts marketAvailabilityIssueFor refuses non-common entries before restrictions,code inspection only; no test executed for this lot entry,,catalog/campaign/trading-post.yaml,,No duel-construction work; availability stays with the campaign market.,Clause stays excluded from the duel construction boundary.
source/catalog/campaign/trading-post.yaml/@/items/401/restrictions/0/note/unclassified,catalog/campaign/trading-post.yaml,current,NO,,Not sold at the Mordheim trading post; available only through its warband equipment list.,out_of_scope,campaign.trading-post / carronade,catalog/campaign/trading-post.yaml availability.kind=not_sold,market.ts marketAvailabilityIssueFor refuses non-common entries before restrictions,code inspection only; no test executed for this lot entry,,catalog/campaign/trading-post.yaml,,No duel-construction work; availability stays with the campaign market.,Clause stays excluded from the duel construction boundary.
source/catalog/campaign/trading-post.yaml/@/items/402/restrictions/0/note/unclassified,catalog/campaign/trading-post.yaml,current,NO,,Not sold at the Mordheim trading post; available only through its warband equipment list.,out_of_scope,campaign.trading-post / carronade_cannonball,catalog/campaign/trading-post.yaml availability.kind=not_sold,market.ts marketAvailabilityIssueFor refuses non-common entries before restrictions,code inspection only; no test executed for this lot entry,,catalog/campaign/trading-post.yaml,,No duel-construction work; availability stays with the campaign market.,Clause stays excluded from the duel construction boundary.
source/catalog/campaign/trading-post.yaml/@/items/403/restrictions/0/note/unclassified,catalog/campaign/trading-post.yaml,current,NO,,Not sold at the Mordheim trading post; available only through its warband equipment list.,out_of_scope,campaign.trading-post / carronade_chain,catalog/campaign/trading-post.yaml availability.kind=not_sold,market.ts marketAvailabilityIssueFor refuses non-common entries before restrictions,code inspection only; no test executed for this lot entry,,catalog/campaign/trading-post.yaml,,No duel-construction work; availability stays with the campaign market.,Clause stays excluded from the duel construction boundary.
source/catalog/campaign/trading-post.yaml/@/items/404/restrictions/0/note/unclassified,catalog/campaign/trading-post.yaml,current,NO,,Not sold at the Mordheim trading post; available only through its warband equipment list.,out_of_scope,campaign.trading-post / carronade_grapeshot,catalog/campaign/trading-post.yaml availability.kind=not_sold,market.ts marketAvailabilityIssueFor refuses non-common entries before restrictions,code inspection only; no test executed for this lot entry,,catalog/campaign/trading-post.yaml,,No duel-construction work; availability stays with the campaign market.,Clause stays excluded from the duel construction boundary.
source/catalog/campaign/trading-post.yaml/@/items/405/restrictions/0/note/unclassified,catalog/campaign/trading-post.yaml,current,NO,,Not sold at the Mordheim trading post; available only through its warband equipment list.,out_of_scope,campaign.trading-post / cathayan_quilted_silk_armour,catalog/campaign/trading-post.yaml availability.kind=not_sold,market.ts marketAvailabilityIssueFor refuses non-common entries before restrictions,code inspection only; no test executed for this lot entry,,catalog/campaign/trading-post.yaml,,No duel-construction work; availability stays with the campaign market.,Clause stays excluded from the duel construction boundary.
source/catalog/campaign/trading-post.yaml/@/items/406/restrictions/0/note/unclassified,catalog/campaign/trading-post.yaml,current,NO,,Not sold at the Mordheim trading post; available only through its warband equipment list.,out_of_scope,campaign.trading-post / chain_shot,catalog/campaign/trading-post.yaml availability.kind=not_sold,market.ts marketAvailabilityIssueFor refuses non-common entries before restrictions,code inspection only; no test executed for this lot entry,,catalog/campaign/trading-post.yaml,,No duel-construction work; availability stays with the campaign market.,Clause stays excluded from the duel construction boundary.
source/catalog/campaign/trading-post.yaml/@/items/407/restrictions/0/note/unclassified,catalog/campaign/trading-post.yaml,current,NO,,Not sold at the Mordheim trading post; available only through its warband equipment list.,out_of_scope,campaign.trading-post / chained_squig,catalog/campaign/trading-post.yaml availability.kind=not_sold,market.ts marketAvailabilityIssueFor refuses non-common entries before restrictions,code inspection only; no test executed for this lot entry,,catalog/campaign/trading-post.yaml,,No duel-construction work; availability stays with the campaign market.,Clause stays excluded from the duel construction boundary.
source/catalog/campaign/trading-post.yaml/@/items/408/restrictions/0/note/unclassified,catalog/campaign/trading-post.yaml,current,NO,,Not sold at the Mordheim trading post; available only through its warband equipment list.,out_of_scope,campaign.trading-post / choppa,catalog/campaign/trading-post.yaml availability.kind=not_sold,market.ts marketAvailabilityIssueFor refuses non-common entries before restrictions,code inspection only; no test executed for this lot entry,,catalog/campaign/trading-post.yaml,,No duel-construction work; availability stays with the campaign market.,Clause stays excluded from the duel construction boundary.
source/catalog/campaign/trading-post.yaml/@/items/409/restrictions/0/note/unclassified,catalog/campaign/trading-post.yaml,current,NO,,Not sold at the Mordheim trading post; available only through its warband equipment list.,out_of_scope,campaign.trading-post / choppa_counts_as_a_morning_star,catalog/campaign/trading-post.yaml availability.kind=not_sold,market.ts marketAvailabilityIssueFor refuses non-common entries before restrictions,code inspection only; no test executed for this lot entry,,catalog/campaign/trading-post.yaml,,No duel-construction work; availability stays with the campaign market.,Clause stays excluded from the duel construction boundary.
source/catalog/campaign/trading-post.yaml/@/items/410/restrictions/0/note/unclassified,catalog/campaign/trading-post.yaml,current,NO,,Not sold at the Mordheim trading post; available only through its warband equipment list.,out_of_scope,campaign.trading-post / cleaver_counts_as_axe,catalog/campaign/trading-post.yaml availability.kind=not_sold,market.ts marketAvailabilityIssueFor refuses non-common entries before restrictions,code inspection only; no test executed for this lot entry,,catalog/campaign/trading-post.yaml,,No duel-construction work; availability stays with the campaign market.,Clause stays excluded from the duel construction boundary.
source/catalog/campaign/trading-post.yaml/@/items/412/restrictions/0/note/unclassified,catalog/campaign/trading-post.yaml,current,NO,,Not sold at the Mordheim trading post; available only through its warband equipment list.,out_of_scope,campaign.trading-post / cutlass_sword,catalog/campaign/trading-post.yaml availability.kind=not_sold,market.ts marketAvailabilityIssueFor refuses non-common entries before restrictions,code inspection only; no test executed for this lot entry,,catalog/campaign/trading-post.yaml,,No duel-construction work; availability stays with the campaign market.,Clause stays excluded from the duel construction boundary.
source/catalog/campaign/trading-post.yaml/@/items/413/restrictions/0/note/unclassified,catalog/campaign/trading-post.yaml,current,NO,,Not sold at the Mordheim trading post; available only through its warband equipment list.,out_of_scope,campaign.trading-post / dagger_jambiya,catalog/campaign/trading-post.yaml availability.kind=not_sold,market.ts marketAvailabilityIssueFor refuses non-common entries before restrictions,code inspection only; no test executed for this lot entry,,catalog/campaign/trading-post.yaml,,No duel-construction work; availability stays with the campaign market.,Clause stays excluded from the duel construction boundary.
source/catalog/campaign/trading-post.yaml/@/items/414/restrictions/0/note/unclassified,catalog/campaign/trading-post.yaml,current,NO,,Not sold at the Mordheim trading post; available only through its warband equipment list.,out_of_scope,campaign.trading-post / dark_steel_weapon,catalog/campaign/trading-post.yaml availability.kind=not_sold,market.ts marketAvailabilityIssueFor refuses non-common entries before restrictions,code inspection only; no test executed for this lot entry,,catalog/campaign/trading-post.yaml,,No duel-construction work; availability stays with the campaign market.,Clause stays excluded from the duel construction boundary.
source/catalog/campaign/trading-post.yaml/@/items/415/restrictions/0/note/unclassified,catalog/campaign/trading-post.yaml,current,NO,,Not sold at the Mordheim trading post; available only through its warband equipment list.,out_of_scope,campaign.trading-post / death_knife,catalog/campaign/trading-post.yaml availability.kind=not_sold,market.ts marketAvailabilityIssueFor refuses non-common entries before restrictions,code inspection only; no test executed for this lot entry,,catalog/campaign/trading-post.yaml,,No duel-construction work; availability stays with the campaign market.,Clause stays excluded from the duel construction boundary.
source/catalog/campaign/trading-post.yaml/@/items/416/restrictions/0/note/unclassified,catalog/campaign/trading-post.yaml,current,NO,,Not sold at the Mordheim trading post; available only through its warband equipment list.,out_of_scope,campaign.trading-post / devil_toxin,catalog/campaign/trading-post.yaml availability.kind=not_sold,market.ts marketAvailabilityIssueFor refuses non-common entries before restrictions,code inspection only; no test executed for this lot entry,,catalog/campaign/trading-post.yaml,,No duel-construction work; availability stays with the campaign market.,Clause stays excluded from the duel construction boundary.
source/catalog/campaign/trading-post.yaml/@/items/417/restrictions/0/note/unclassified,catalog/campaign/trading-post.yaml,current,NO,,Not sold at the Mordheim trading post; available only through its warband equipment list.,out_of_scope,campaign.trading-post / dispelling_scroll,catalog/campaign/trading-post.yaml availability.kind=not_sold,market.ts marketAvailabilityIssueFor refuses non-common entries before restrictions,code inspection only; no test executed for this lot entry,,catalog/campaign/trading-post.yaml,,No duel-construction work; availability stays with the campaign market.,Clause stays excluded from the duel construction boundary.
source/catalog/campaign/trading-post.yaml/@/items/418/restrictions/0/note/unclassified,catalog/campaign/trading-post.yaml,current,NO,,Not sold at the Mordheim trading post; available only through its warband equipment list.,out_of_scope,campaign.trading-post / draich,catalog/campaign/trading-post.yaml availability.kind=not_sold,market.ts marketAvailabilityIssueFor refuses non-common entries before restrictions,code inspection only; no test executed for this lot entry,,catalog/campaign/trading-post.yaml,,No duel-construction work; availability stays with the campaign market.,Clause stays excluded from the duel construction boundary.
source/catalog/campaign/trading-post.yaml/@/items/419/restrictions/0/note/unclassified,catalog/campaign/trading-post.yaml,current,NO,,Not sold at the Mordheim trading post; available only through its warband equipment list.,out_of_scope,campaign.trading-post / elven_greatsword,catalog/campaign/trading-post.yaml availability.kind=not_sold,market.ts marketAvailabilityIssueFor refuses non-common entries before restrictions,code inspection only; no test executed for this lot entry,,catalog/campaign/trading-post.yaml,,No duel-construction work; availability stays with the campaign market.,Clause stays excluded from the duel construction boundary.
source/catalog/campaign/trading-post.yaml/@/items/420/restrictions/0/note/unclassified,catalog/campaign/trading-post.yaml,current,NO,,Not sold at the Mordheim trading post; available only through its warband equipment list.,out_of_scope,campaign.trading-post / eshin_assassin_clothes,catalog/campaign/trading-post.yaml availability.kind=not_sold,market.ts marketAvailabilityIssueFor refuses non-common entries before restrictions,code inspection only; no test executed for this lot entry,,catalog/campaign/trading-post.yaml,,No duel-construction work; availability stays with the campaign market.,Clause stays excluded from the duel construction boundary.
source/catalog/campaign/trading-post.yaml/@/items/421/restrictions/0/note/unclassified,catalog/campaign/trading-post.yaml,current,NO,,Not sold at the Mordheim trading post; available only through its warband equipment list.,out_of_scope,campaign.trading-post / feather_headdress,catalog/campaign/trading-post.yaml availability.kind=not_sold,market.ts marketAvailabilityIssueFor refuses non-common entries before restrictions,code inspection only; no test executed for this lot entry,,catalog/campaign/trading-post.yaml,,No duel-construction work; availability stays with the campaign market.,Clause stays excluded from the duel construction boundary.
source/catalog/campaign/trading-post.yaml/@/items/422/restrictions/0/note/unclassified,catalog/campaign/trading-post.yaml,current,NO,,Not sold at the Mordheim trading post; available only through its warband equipment list.,out_of_scope,campaign.trading-post / grape_shot,catalog/campaign/trading-post.yaml availability.kind=not_sold,market.ts marketAvailabilityIssueFor refuses non-common entries before restrictions,code inspection only; no test executed for this lot entry,,catalog/campaign/trading-post.yaml,,No duel-construction work; availability stays with the campaign market.,Clause stays excluded from the duel construction boundary.
source/catalog/campaign/trading-post.yaml/@/items/423/restrictions/0/note/unclassified,catalog/campaign/trading-post.yaml,current,NO,,Not sold at the Mordheim trading post; available only through its warband equipment list.,out_of_scope,campaign.trading-post / great_scimitar,catalog/campaign/trading-post.yaml availability.kind=not_sold,market.ts marketAvailabilityIssueFor refuses non-common entries before restrictions,code inspection only; no test executed for this lot entry,,catalog/campaign/trading-post.yaml,,No duel-construction work; availability stays with the campaign market.,Clause stays excluded from the duel construction boundary.
source/catalog/campaign/trading-post.yaml/@/items/424/restrictions/0/note/unclassified,catalog/campaign/trading-post.yaml,current,NO,,Not sold at the Mordheim trading post; available only through its warband equipment list.,out_of_scope,campaign.trading-post / great_weapon,catalog/campaign/trading-post.yaml availability.kind=not_sold,market.ts marketAvailabilityIssueFor refuses non-common entries before restrictions,code inspection only; no test executed for this lot entry,,catalog/campaign/trading-post.yaml,,No duel-construction work; availability stays with the campaign market.,Clause stays excluded from the duel construction boundary.
source/catalog/campaign/trading-post.yaml/@/items/425/restrictions/0/note/unclassified,catalog/campaign/trading-post.yaml,current,NO,,Not sold at the Mordheim trading post; available only through its warband equipment list.,out_of_scope,campaign.trading-post / hammer_or_mace,catalog/campaign/trading-post.yaml availability.kind=not_sold,market.ts marketAvailabilityIssueFor refuses non-common entries before restrictions,code inspection only; no test executed for this lot entry,,catalog/campaign/trading-post.yaml,,No duel-construction work; availability stays with the campaign market.,Clause stays excluded from the duel construction boundary.
source/catalog/campaign/trading-post.yaml/@/items/426/restrictions/0/note/unclassified,catalog/campaign/trading-post.yaml,current,NO,,Not sold at the Mordheim trading post; available only through its warband equipment list.,out_of_scope,campaign.trading-post / hochland_long_rifle,catalog/campaign/trading-post.yaml availability.kind=not_sold,market.ts marketAvailabilityIssueFor refuses non-common entries before restrictions,code inspection only; no test executed for this lot entry,,catalog/campaign/trading-post.yaml,,No duel-construction work; availability stays with the campaign market.,Clause stays excluded from the duel construction boundary.
source/catalog/campaign/trading-post.yaml/@/items/428/restrictions/0/note/unclassified,catalog/campaign/trading-post.yaml,current,NO,,Not sold at the Mordheim trading post; available only through its warband equipment list.,out_of_scope,campaign.trading-post / horned_rat_amulet,catalog/campaign/trading-post.yaml availability.kind=not_sold,market.ts marketAvailabilityIssueFor refuses non-common entries before restrictions,code inspection only; no test executed for this lot entry,,catalog/campaign/trading-post.yaml,,No duel-construction work; availability stays with the campaign market.,Clause stays excluded from the duel construction boundary.
source/catalog/campaign/trading-post.yaml/@/items/429/restrictions/0/note/unclassified,catalog/campaign/trading-post.yaml,current,NO,,Not sold at the Mordheim trading post; available only through its warband equipment list.,out_of_scope,campaign.trading-post / horse_damsel_squire_only,catalog/campaign/trading-post.yaml availability.kind=not_sold,market.ts marketAvailabilityIssueFor refuses non-common entries before restrictions,code inspection only; no test executed for this lot entry,,catalog/campaign/trading-post.yaml,,No duel-construction work; availability stays with the campaign market.,Clause stays excluded from the duel construction boundary.
source/catalog/campaign/trading-post.yaml/@/items/430/restrictions/0/note/unclassified,catalog/campaign/trading-post.yaml,current,NO,,Not sold at the Mordheim trading post; available only through its warband equipment list.,out_of_scope,campaign.trading-post / icon_of_manann,catalog/campaign/trading-post.yaml availability.kind=not_sold,market.ts marketAvailabilityIssueFor refuses non-common entries before restrictions,code inspection only; no test executed for this lot entry,,catalog/campaign/trading-post.yaml,,No duel-construction work; availability stays with the campaign market.,Clause stays excluded from the duel construction boundary.
source/catalog/campaign/trading-post.yaml/@/items/432/restrictions/0/note/unclassified,catalog/campaign/trading-post.yaml,current,NO,,Not sold at the Mordheim trading post; available only through its warband equipment list.,out_of_scope,campaign.trading-post / jungle_roast,catalog/campaign/trading-post.yaml availability.kind=not_sold,market.ts marketAvailabilityIssueFor refuses non-common entries before restrictions,code inspection only; no test executed for this lot entry,,catalog/campaign/trading-post.yaml,,No duel-construction work; availability stays with the campaign market.,Clause stays excluded from the duel construction boundary.
source/catalog/campaign/trading-post.yaml/@/items/433/restrictions/0/note/unclassified,catalog/campaign/trading-post.yaml,current,NO,,Not sold at the Mordheim trading post; available only through its warband equipment list.,out_of_scope,campaign.trading-post / kusara_kama,catalog/campaign/trading-post.yaml availability.kind=not_sold,market.ts marketAvailabilityIssueFor refuses non-common entries before restrictions,code inspection only; no test executed for this lot entry,,catalog/campaign/trading-post.yaml,,No duel-construction work; availability stays with the campaign market.,Clause stays excluded from the duel construction boundary.
source/catalog/campaign/trading-post.yaml/@/items/434/restrictions/0/note/unclassified,catalog/campaign/trading-post.yaml,current,YES,named bearer/type restriction: Sold as Lance (entry lance); not available to Questing Knights.,price/rarity/purchase procedure,metadata_gap,campaign.trading-post / lance_not_questing_knight,catalog/campaign/trading-post.yaml restriction type=condition note-only (no band_ids/groups/structure),packages/typescript/domain/campaign/kernel/market.ts conditionIssueFor -> market_condition_unstructured; profile_only is not evaluated,code inspection only; no test executed for this lot entry,A published structured scope (`band_ids`/`groups`) or `structure` for the printed clause.,catalog/campaign/trading-post.yaml,T13-F028,Publish the clause as a structured restriction/structure; reuse the existing market contract.,The market decides the printed clause from structured data instead of refusing it.
source/catalog/campaign/trading-post.yaml/@/items/435/restrictions/0/note/unclassified,catalog/campaign/trading-post.yaml,current,NO,,Not sold at the Mordheim trading post; available only through its warband equipment list.,out_of_scope,campaign.trading-post / long_boathook,catalog/campaign/trading-post.yaml availability.kind=not_sold,market.ts marketAvailabilityIssueFor refuses non-common entries before restrictions,code inspection only; no test executed for this lot entry,,catalog/campaign/trading-post.yaml,,No duel-construction work; availability stays with the campaign market.,Clause stays excluded from the duel construction boundary.
source/catalog/campaign/trading-post.yaml/@/items/436/restrictions/0/note/unclassified,catalog/campaign/trading-post.yaml,current,NO,,Not sold at the Mordheim trading post; available only through its warband equipment list.,out_of_scope,campaign.trading-post / mage_robes,catalog/campaign/trading-post.yaml availability.kind=not_sold,market.ts marketAvailabilityIssueFor refuses non-common entries before restrictions,code inspection only; no test executed for this lot entry,,catalog/campaign/trading-post.yaml,,No duel-construction work; availability stays with the campaign market.,Clause stays excluded from the duel construction boundary.
source/catalog/campaign/trading-post.yaml/@/items/437/restrictions/0/note/unclassified,catalog/campaign/trading-post.yaml,current,NO,,Not sold at the Mordheim trading post; available only through its warband equipment list.,out_of_scope,campaign.trading-post / mage_staff,catalog/campaign/trading-post.yaml availability.kind=not_sold,market.ts marketAvailabilityIssueFor refuses non-common entries before restrictions,code inspection only; no test executed for this lot entry,,catalog/campaign/trading-post.yaml,,No duel-construction work; availability stays with the campaign market.,Clause stays excluded from the duel construction boundary.
source/catalog/campaign/trading-post.yaml/@/items/438/restrictions/0/note/unclassified,catalog/campaign/trading-post.yaml,current,NO,,Not sold at the Mordheim trading post; available only through its warband equipment list.,out_of_scope,campaign.trading-post / magic_tattoo,catalog/campaign/trading-post.yaml availability.kind=not_sold,market.ts marketAvailabilityIssueFor refuses non-common entries before restrictions,code inspection only; no test executed for this lot entry,,catalog/campaign/trading-post.yaml,,No duel-construction work; availability stays with the campaign market.,Clause stays excluded from the duel construction boundary.
source/catalog/campaign/trading-post.yaml/@/items/439/restrictions/0/note/unclassified,catalog/campaign/trading-post.yaml,current,NO,,Not sold at the Mordheim trading post; available only through its warband equipment list.,out_of_scope,campaign.trading-post / magic_tattoos,catalog/campaign/trading-post.yaml availability.kind=not_sold,market.ts marketAvailabilityIssueFor refuses non-common entries before restrictions,code inspection only; no test executed for this lot entry,,catalog/campaign/trading-post.yaml,,No duel-construction work; availability stays with the campaign market.,Clause stays excluded from the duel construction boundary.
source/catalog/campaign/trading-post.yaml/@/items/440/restrictions/0/note/unclassified,catalog/campaign/trading-post.yaml,current,NO,,Not sold at the Mordheim trading post; available only through its warband equipment list.,out_of_scope,campaign.trading-post / manbane,catalog/campaign/trading-post.yaml availability.kind=not_sold,market.ts marketAvailabilityIssueFor refuses non-common entries before restrictions,code inspection only; no test executed for this lot entry,,catalog/campaign/trading-post.yaml,,No duel-construction work; availability stays with the campaign market.,Clause stays excluded from the duel construction boundary.
source/catalog/campaign/trading-post.yaml/@/items/441/restrictions/0/note/unclassified,catalog/campaign/trading-post.yaml,current,YES,named bearer/type restriction: Sold as Standard of Nagarythe (entry standard_of_nagarythe); may only be purchased at warband creation.,price/rarity/purchase procedure,metadata_gap,campaign.trading-post / nagarythe_standard,catalog/campaign/trading-post.yaml restriction type=condition note-only (no band_ids/groups/structure),packages/typescript/domain/campaign/kernel/market.ts conditionIssueFor -> market_condition_unstructured; profile_only is not evaluated,code inspection only; no test executed for this lot entry,A published structured scope (`band_ids`/`groups`) or `structure` for the printed clause.,catalog/campaign/trading-post.yaml,T13-F028,Publish the clause as a structured restriction/structure; reuse the existing market contract.,The market decides the printed clause from structured data instead of refusing it.
source/catalog/campaign/trading-post.yaml/@/items/443/restrictions/0/note/unclassified,catalog/campaign/trading-post.yaml,current,NO,,Not sold at the Mordheim trading post; available only through its warband equipment list.,out_of_scope,campaign.trading-post / nightmare_aristocrat_only,catalog/campaign/trading-post.yaml availability.kind=not_sold,market.ts marketAvailabilityIssueFor refuses non-common entries before restrictions,code inspection only; no test executed for this lot entry,,catalog/campaign/trading-post.yaml,,No duel-construction work; availability stays with the campaign market.,Clause stays excluded from the duel construction boundary.
source/catalog/campaign/trading-post.yaml/@/items/444/restrictions/0/note/unclassified,catalog/campaign/trading-post.yaml,current,NO,,Not sold at the Mordheim trading post; available only through its warband equipment list.,out_of_scope,campaign.trading-post / nightshade,catalog/campaign/trading-post.yaml availability.kind=not_sold,market.ts marketAvailabilityIssueFor refuses non-common entries before restrictions,code inspection only; no test executed for this lot entry,,catalog/campaign/trading-post.yaml,,No duel-construction work; availability stays with the campaign market.,Clause stays excluded from the duel construction boundary.
source/catalog/campaign/trading-post.yaml/@/items/446/restrictions/0/note/unclassified,catalog/campaign/trading-post.yaml,current,NO,,Not sold at the Mordheim trading post; available only through its warband equipment list.,out_of_scope,campaign.trading-post / poison_darts,catalog/campaign/trading-post.yaml availability.kind=not_sold,market.ts marketAvailabilityIssueFor refuses non-common entries before restrictions,code inspection only; no test executed for this lot entry,,catalog/campaign/trading-post.yaml,,No duel-construction work; availability stays with the campaign market.,Clause stays excluded from the duel construction boundary.
source/catalog/campaign/trading-post.yaml/@/items/447/restrictions/0/note/unclassified,catalog/campaign/trading-post.yaml,current,NO,,Not sold at the Mordheim trading post; available only through its warband equipment list.,out_of_scope,campaign.trading-post / poisoned_darts,catalog/campaign/trading-post.yaml availability.kind=not_sold,market.ts marketAvailabilityIssueFor refuses non-common entries before restrictions,code inspection only; no test executed for this lot entry,,catalog/campaign/trading-post.yaml,,No duel-construction work; availability stays with the campaign market.,Clause stays excluded from the duel construction boundary.
source/catalog/campaign/trading-post.yaml/@/items/448/restrictions/0/note/unclassified,catalog/campaign/trading-post.yaml,current,NO,,Not sold at the Mordheim trading post; available only through its warband equipment list.,out_of_scope,campaign.trading-post / sacrifice_dagger,catalog/campaign/trading-post.yaml availability.kind=not_sold,market.ts marketAvailabilityIssueFor refuses non-common entries before restrictions,code inspection only; no test executed for this lot entry,,catalog/campaign/trading-post.yaml,,No duel-construction work; availability stays with the campaign market.,Clause stays excluded from the duel construction boundary.
source/catalog/campaign/trading-post.yaml/@/items/449/restrictions/0/note/unclassified,catalog/campaign/trading-post.yaml,current,NO,,Not sold at the Mordheim trading post; available only through its warband equipment list.,out_of_scope,campaign.trading-post / scourge,catalog/campaign/trading-post.yaml availability.kind=not_sold,market.ts marketAvailabilityIssueFor refuses non-common entries before restrictions,code inspection only; no test executed for this lot entry,,catalog/campaign/trading-post.yaml,,No duel-construction work; availability stays with the campaign market.,Clause stays excluded from the duel construction boundary.
source/catalog/campaign/trading-post.yaml/@/items/450/restrictions/0/note/unclassified,catalog/campaign/trading-post.yaml,current,NO,,Not sold at the Mordheim trading post; available only through its warband equipment list.,out_of_scope,campaign.trading-post / scythe,catalog/campaign/trading-post.yaml availability.kind=not_sold,market.ts marketAvailabilityIssueFor refuses non-common entries before restrictions,code inspection only; no test executed for this lot entry,,catalog/campaign/trading-post.yaml,,No duel-construction work; availability stays with the campaign market.,Clause stays excluded from the duel construction boundary.
source/catalog/campaign/trading-post.yaml/@/items/451/restrictions/0/note/unclassified,catalog/campaign/trading-post.yaml,current,NO,,Not sold at the Mordheim trading post; available only through its warband equipment list.,out_of_scope,campaign.trading-post / shrunken_head,catalog/campaign/trading-post.yaml availability.kind=not_sold,market.ts marketAvailabilityIssueFor refuses non-common entries before restrictions,code inspection only; no test executed for this lot entry,,catalog/campaign/trading-post.yaml,,No duel-construction work; availability stays with the campaign market.,Clause stays excluded from the duel construction boundary.
source/catalog/campaign/trading-post.yaml/@/items/452/restrictions/0/note/unclassified,catalog/campaign/trading-post.yaml,current,NO,,Not sold at the Mordheim trading post; available only through its warband equipment list.,out_of_scope,campaign.trading-post / sigmar_shield,catalog/campaign/trading-post.yaml availability.kind=not_sold,market.ts marketAvailabilityIssueFor refuses non-common entries before restrictions,code inspection only; no test executed for this lot entry,,catalog/campaign/trading-post.yaml,,No duel-construction work; availability stays with the campaign market.,Clause stays excluded from the duel construction boundary.
source/catalog/campaign/trading-post.yaml/@/items/453/restrictions/0/note/unclassified,catalog/campaign/trading-post.yaml,current,NO,,Not sold at the Mordheim trading post; available only through its warband equipment list.,out_of_scope,campaign.trading-post / snake_whip,catalog/campaign/trading-post.yaml availability.kind=not_sold,market.ts marketAvailabilityIssueFor refuses non-common entries before restrictions,code inspection only; no test executed for this lot entry,,catalog/campaign/trading-post.yaml,,No duel-construction work; availability stays with the campaign market.,Clause stays excluded from the duel construction boundary.
source/catalog/campaign/trading-post.yaml/@/items/454/restrictions/0/note/unclassified,catalog/campaign/trading-post.yaml,current,NO,,Not sold at the Mordheim trading post; available only through its warband equipment list.,out_of_scope,campaign.trading-post / spider_amulet,catalog/campaign/trading-post.yaml availability.kind=not_sold,market.ts marketAvailabilityIssueFor refuses non-common entries before restrictions,code inspection only; no test executed for this lot entry,,catalog/campaign/trading-post.yaml,,No duel-construction work; availability stays with the campaign market.,Clause stays excluded from the duel construction boundary.
source/catalog/campaign/trading-post.yaml/@/items/455/restrictions/0/note/unclassified,catalog/campaign/trading-post.yaml,current,NO,,Not sold at the Mordheim trading post; available only through its warband equipment list.,out_of_scope,campaign.trading-post / spider_chitin_armour,catalog/campaign/trading-post.yaml availability.kind=not_sold,market.ts marketAvailabilityIssueFor refuses non-common entries before restrictions,code inspection only; no test executed for this lot entry,,catalog/campaign/trading-post.yaml,,No duel-construction work; availability stays with the campaign market.,Clause stays excluded from the duel construction boundary.
source/catalog/campaign/trading-post.yaml/@/items/456/restrictions/0/note/unclassified,catalog/campaign/trading-post.yaml,current,NO,,Not sold at the Mordheim trading post; available only through its warband equipment list.,out_of_scope,campaign.trading-post / staff,catalog/campaign/trading-post.yaml availability.kind=not_sold,market.ts marketAvailabilityIssueFor refuses non-common entries before restrictions,code inspection only; no test executed for this lot entry,,catalog/campaign/trading-post.yaml,,No duel-construction work; availability stays with the campaign market.,Clause stays excluded from the duel construction boundary.
source/catalog/campaign/trading-post.yaml/@/items/457/restrictions/0/note/unclassified,catalog/campaign/trading-post.yaml,current,NO,,Not sold at the Mordheim trading post; available only through its warband equipment list.,out_of_scope,campaign.trading-post / staff_club_mace,catalog/campaign/trading-post.yaml availability.kind=not_sold,market.ts marketAvailabilityIssueFor refuses non-common entries before restrictions,code inspection only; no test executed for this lot entry,,catalog/campaign/trading-post.yaml,,No duel-construction work; availability stays with the campaign market.,Clause stays excluded from the duel construction boundary.
source/catalog/campaign/trading-post.yaml/@/items/458/restrictions/0/note/unclassified,catalog/campaign/trading-post.yaml,current,NO,,Not sold at the Mordheim trading post; available only through its warband equipment list.,out_of_scope,campaign.trading-post / stone_axe,catalog/campaign/trading-post.yaml availability.kind=not_sold,market.ts marketAvailabilityIssueFor refuses non-common entries before restrictions,code inspection only; no test executed for this lot entry,,catalog/campaign/trading-post.yaml,,No duel-construction work; availability stays with the campaign market.,Clause stays excluded from the duel construction boundary.
source/catalog/campaign/trading-post.yaml/@/items/459/restrictions/0/note/unclassified,catalog/campaign/trading-post.yaml,current,NO,,Not sold at the Mordheim trading post; available only through its warband equipment list.,out_of_scope,campaign.trading-post / stone_axe_counts_as_a_club,catalog/campaign/trading-post.yaml availability.kind=not_sold,market.ts marketAvailabilityIssueFor refuses non-common entries before restrictions,code inspection only; no test executed for this lot entry,,catalog/campaign/trading-post.yaml,,No duel-construction work; availability stays with the campaign market.,Clause stays excluded from the duel construction boundary.
source/catalog/campaign/trading-post.yaml/@/items/460/restrictions/0/note/unclassified,catalog/campaign/trading-post.yaml,current,YES,named bearer/type restriction: Sold as Sword (entry sword); heroes only.,price/rarity/purchase procedure,metadata_gap,campaign.trading-post / sword_heroes_only,catalog/campaign/trading-post.yaml restriction type=condition note-only (no band_ids/groups/structure),packages/typescript/domain/campaign/kernel/market.ts conditionIssueFor -> market_condition_unstructured; profile_only is not evaluated,code inspection only; no test executed for this lot entry,A published structured scope (`band_ids`/`groups`) or `structure` for the printed clause.,catalog/campaign/trading-post.yaml,T13-F028,Publish the clause as a structured restriction/structure; reuse the existing market contract.,The market decides the printed clause from structured data instead of refusing it.
source/catalog/campaign/trading-post.yaml/@/items/461/restrictions/0/note/unclassified,catalog/campaign/trading-post.yaml,current,NO,,Not sold at the Mordheim trading post; available only through its warband equipment list.,out_of_scope,campaign.trading-post / sword_scimitar,catalog/campaign/trading-post.yaml availability.kind=not_sold,market.ts marketAvailabilityIssueFor refuses non-common entries before restrictions,code inspection only; no test executed for this lot entry,,catalog/campaign/trading-post.yaml,,No duel-construction work; availability stays with the campaign market.,Clause stays excluded from the duel construction boundary.
source/catalog/campaign/trading-post.yaml/@/items/466/restrictions/0/note/unclassified,catalog/campaign/trading-post.yaml,current,NO,,Not sold at the Mordheim trading post; available only through its warband equipment list.,out_of_scope,campaign.trading-post / travel_staff,catalog/campaign/trading-post.yaml availability.kind=not_sold,market.ts marketAvailabilityIssueFor refuses non-common entries before restrictions,code inspection only; no test executed for this lot entry,,catalog/campaign/trading-post.yaml,,No duel-construction work; availability stays with the campaign market.,Clause stays excluded from the duel construction boundary.
source/catalog/campaign/trading-post.yaml/@/items/467/restrictions/0/note/unclassified,catalog/campaign/trading-post.yaml,current,NO,,Not sold at the Mordheim trading post; available only through its warband equipment list.,out_of_scope,campaign.trading-post / two_handed_club,catalog/campaign/trading-post.yaml availability.kind=not_sold,market.ts marketAvailabilityIssueFor refuses non-common entries before restrictions,code inspection only; no test executed for this lot entry,,catalog/campaign/trading-post.yaml,,No duel-construction work; availability stays with the campaign market.,Clause stays excluded from the duel construction boundary.
source/catalog/campaign/trading-post.yaml/@/items/468/restrictions/0/note/unclassified,catalog/campaign/trading-post.yaml,current,NO,,Not sold at the Mordheim trading post; available only through its warband equipment list.,out_of_scope,campaign.trading-post / whip,catalog/campaign/trading-post.yaml availability.kind=not_sold,market.ts marketAvailabilityIssueFor refuses non-common entries before restrictions,code inspection only; no test executed for this lot entry,,catalog/campaign/trading-post.yaml,,No duel-construction work; availability stays with the campaign market.,Clause stays excluded from the duel construction boundary.
source/catalog/campaign/trading-post.yaml/@/items/469/restrictions/0/note/unclassified,catalog/campaign/trading-post.yaml,current,NO,,Not sold at the Mordheim trading post; available only through its warband equipment list.,out_of_scope,campaign.trading-post / witch_sword,catalog/campaign/trading-post.yaml availability.kind=not_sold,market.ts marketAvailabilityIssueFor refuses non-common entries before restrictions,code inspection only; no test executed for this lot entry,,catalog/campaign/trading-post.yaml,,No duel-construction work; availability stays with the campaign market.,Clause stays excluded from the duel construction boundary.
source/catalog/campaign/trading-post.yaml/@/items/47/restrictions/0/note/unclassified,catalog/campaign/trading-post.yaml,current,YES,"named bearer/type restriction: 10+D6 gc, Strigoi warbands only.",price/rarity/purchase procedure,metadata_gap,campaign.trading-post / corpse_liquor,catalog/campaign/trading-post.yaml restriction type=condition note-only (no band_ids/groups/structure),packages/typescript/domain/campaign/kernel/market.ts conditionIssueFor -> market_condition_unstructured; profile_only is not evaluated,code inspection only; no test executed for this lot entry,A published structured scope (`band_ids`/`groups`) or `structure` for the printed clause.,catalog/campaign/trading-post.yaml,T13-F028,Publish the clause as a structured restriction/structure; reuse the existing market contract.,The market decides the printed clause from structured data instead of refusing it.
source/catalog/campaign/trading-post.yaml/@/items/470/restrictions/0/note/unclassified,catalog/campaign/trading-post.yaml,current,NO,,Not sold at the Mordheim trading post; available only through its warband equipment list.,out_of_scope,campaign.trading-post / wizard_robe,catalog/campaign/trading-post.yaml availability.kind=not_sold,market.ts marketAvailabilityIssueFor refuses non-common entries before restrictions,code inspection only; no test executed for this lot entry,,catalog/campaign/trading-post.yaml,,No duel-construction work; availability stays with the campaign market.,Clause stays excluded from the duel construction boundary.
source/catalog/campaign/trading-post.yaml/@/items/471/restrictions/0/note/unclassified,catalog/campaign/trading-post.yaml,current,NO,,Not sold at the Mordheim trading post; available only through its warband equipment list.,out_of_scope,campaign.trading-post / wolfsbane,catalog/campaign/trading-post.yaml availability.kind=not_sold,market.ts marketAvailabilityIssueFor refuses non-common entries before restrictions,code inspection only; no test executed for this lot entry,,catalog/campaign/trading-post.yaml,,No duel-construction work; availability stays with the campaign market.,Clause stays excluded from the duel construction boundary.
source/catalog/campaign/trading-post.yaml/@/items/472/restrictions/0/note/unclassified,catalog/campaign/trading-post.yaml,current,NO,,Not sold at the Mordheim trading post; available only through its warband equipment list.,out_of_scope,campaign.trading-post / yari,catalog/campaign/trading-post.yaml availability.kind=not_sold,market.ts marketAvailabilityIssueFor refuses non-common entries before restrictions,code inspection only; no test executed for this lot entry,,catalog/campaign/trading-post.yaml,,No duel-construction work; availability stays with the campaign market.,Clause stays excluded from the duel construction boundary.
source/catalog/campaign/trading-post.yaml/@/items/49/restrictions/0/note/unclassified,catalog/campaign/trading-post.yaml,current,NO,,Ogre Treasure-Hunter starting equipment only.,out_of_scope,campaign.trading-post / diving_bell_helmet,catalog/campaign/trading-post.yaml availability.kind=not_sold,market.ts marketAvailabilityIssueFor refuses non-common entries before restrictions,code inspection only; no test executed for this lot entry,,catalog/campaign/trading-post.yaml,,No duel-construction work; availability stays with the campaign market.,Clause stays excluded from the duel construction boundary.
source/catalog/campaign/trading-post.yaml/@/items/5/restrictions/1/note/unclassified,catalog/campaign/trading-post.yaml,current,YES,named bearer/type restriction: Strigany only. Cost 15 gc.,price/rarity/purchase procedure,covered,campaign.trading-post / chest_talon,catalog/campaign/trading-post.yaml restriction type=condition with published scope in campaign.trading-post.chest_talon,packages/typescript/domain/campaign/kernel/market.ts marketAvailabilityIssueFor / scopeMatches,code inspection only; no test executed for this lot entry,,catalog/campaign/trading-post.yaml,,None; the published scope is evaluated by the market.,A non-matching warband is refused and a matching one accepted.
source/catalog/campaign/trading-post.yaml/@/items/57/restrictions/0/note/unclassified,catalog/campaign/trading-post.yaml,current,NO,,"Fire-Eater starting equipment only (innate breath attack, not purchasable).",out_of_scope,campaign.trading-post / fire_stick,catalog/campaign/trading-post.yaml availability.kind=not_sold,market.ts marketAvailabilityIssueFor refuses non-common entries before restrictions,code inspection only; no test executed for this lot entry,,catalog/campaign/trading-post.yaml,,No duel-construction work; availability stays with the campaign market.,Clause stays excluded from the duel construction boundary.
source/catalog/campaign/trading-post.yaml/@/items/9/restrictions/1/note/unclassified,catalog/campaign/trading-post.yaml,current,YES,named bearer/type restriction: Masters of Horror only. Cost 15 + D6 gc.,price/rarity/purchase procedure,covered,campaign.trading-post / electric_trident,catalog/campaign/trading-post.yaml restriction type=condition with published scope in campaign.trading-post.electric_trident,packages/typescript/domain/campaign/kernel/market.ts marketAvailabilityIssueFor / scopeMatches,code inspection only; no test executed for this lot entry,,catalog/campaign/trading-post.yaml,,None; the published scope is evaluated by the market.,A non-matching warband is refused and a matching one accepted.
source/catalog/hirelings/dramatis-personae/core.yaml/hireling.dramatis.johann-the-knife.rule.crimson-shade/unclassified,catalog/hirelings/dramatis-personae/core.yaml,current,YES,Johann may take Crimson Shade before a battle.,,metadata_gap,catalog/hirelings/dramatis-personae/core.yaml,catalog/hirelings/*/rules.yaml intrinsic rule (prose),packages/typescript/domain/eligibility/index.ts resolveHirelingKit / profileFactsProjection,code inspection only; no test executed for this lot entry,Canonical binding for the printed intrinsic clause.,,T13-F036,Model the hireling intrinsic clause as a canonical binding consumed by resolveHirelingKit.,The hireling's printed clause reaches a canonical binding and a recipient/absence case.
source/catalog/hirelings/dramatis-personae/grade-1a.yaml/@/profiles/2/unresolved_references/0/unclassified,catalog/hirelings/dramatis-personae/grade-1a.yaml,current,UNCLASSIFIED,,,source_blocked,catalog/hirelings/dramatis-personae/grade-1a.yaml,hireling profile unresolved_references entry,none; the reference is explicitly unresolved,code inspection only; no test executed for this lot entry,Canonical identity/mapping for the recorded unresolved reference.,unresolved reference recorded by the KB,T13-F036,Resolve the recorded reference to a canonical identity before any construction claim.,The reference resolves to a canonical id with a source-backed mapping.
source/catalog/hirelings/dramatis-personae/grade-1a.yaml/@/profiles/2/unresolved_references/1/unclassified,catalog/hirelings/dramatis-personae/grade-1a.yaml,current,UNCLASSIFIED,,,source_blocked,catalog/hirelings/dramatis-personae/grade-1a.yaml,hireling profile unresolved_references entry,none; the reference is explicitly unresolved,code inspection only; no test executed for this lot entry,Canonical identity/mapping for the recorded unresolved reference.,unresolved reference recorded by the KB,T13-F036,Resolve the recorded reference to a canonical identity before any construction claim.,The reference resolves to a canonical id with a source-backed mapping.
source/catalog/hirelings/dramatis-personae/grade-1b.yaml/@/profiles/3/unresolved_references/0/unclassified,catalog/hirelings/dramatis-personae/grade-1b.yaml,current,UNCLASSIFIED,,,source_blocked,catalog/hirelings/dramatis-personae/grade-1b.yaml,hireling profile unresolved_references entry,none; the reference is explicitly unresolved,code inspection only; no test executed for this lot entry,Canonical identity/mapping for the recorded unresolved reference.,unresolved reference recorded by the KB,T13-F036,Resolve the recorded reference to a canonical identity before any construction claim.,The reference resolves to a canonical id with a source-backed mapping.
source/catalog/hirelings/dramatis-personae/grade-1b.yaml/@/profiles/5/unresolved_references/0/unclassified,catalog/hirelings/dramatis-personae/grade-1b.yaml,current,UNCLASSIFIED,,,source_blocked,catalog/hirelings/dramatis-personae/grade-1b.yaml,hireling profile unresolved_references entry,none; the reference is explicitly unresolved,code inspection only; no test executed for this lot entry,Canonical identity/mapping for the recorded unresolved reference.,unresolved reference recorded by the KB,T13-F036,Resolve the recorded reference to a canonical identity before any construction claim.,The reference resolves to a canonical id with a source-backed mapping.
source/catalog/hirelings/dramatis-personae/grade-1b.yaml/@/profiles/8/unresolved_references/0/unclassified,catalog/hirelings/dramatis-personae/grade-1b.yaml,current,YES,"{""kind"": ""skill"", ""source_name"": ""Mesmerising Dance""}",,metadata_gap,mechanic/mechanic.mesmerising-dance,hireling profile unresolved_references entry,none; the reference is explicitly unresolved,code inspection only; no test executed for this lot entry,Canonical identity/mapping for the recorded unresolved reference.,unresolved reference recorded by the KB,T13-F036,Resolve the recorded reference to a canonical identity before any construction claim.,The reference resolves to a canonical id with a source-backed mapping.
source/catalog/hirelings/dramatis-personae/grade-1b.yaml/@/profiles/8/unresolved_references/1/unclassified,catalog/hirelings/dramatis-personae/grade-1b.yaml,current,YES,"{""kind"": ""skill"", ""source_name"": ""Savage Fury""}",,metadata_gap,mechanic/mechanic.savage-fury,hireling profile unresolved_references entry,none; the reference is explicitly unresolved,code inspection only; no test executed for this lot entry,Canonical identity/mapping for the recorded unresolved reference.,unresolved reference recorded by the KB,T13-F036,Resolve the recorded reference to a canonical identity before any construction claim.,The reference resolves to a canonical id with a source-backed mapping.
source/catalog/hirelings/hired-swords/core.yaml/@/profiles/0/unresolved_references/0/unclassified,catalog/hirelings/hired-swords/core.yaml,current,UNCLASSIFIED,,,source_blocked,catalog/hirelings/hired-swords/core.yaml,hireling profile unresolved_references entry,none; the reference is explicitly unresolved,code inspection only; no test executed for this lot entry,Canonical identity/mapping for the recorded unresolved reference.,unresolved reference recorded by the KB,T13-F036,Resolve the recorded reference to a canonical identity before any construction claim.,The reference resolves to a canonical id with a source-backed mapping.
source/catalog/hirelings/hired-swords/grade-1c.yaml/@/profiles/2/unresolved_references/0/unclassified,catalog/hirelings/hired-swords/grade-1c.yaml,current,UNCLASSIFIED,,,source_blocked,catalog/hirelings/hired-swords/grade-1c.yaml,hireling profile unresolved_references entry,none; the reference is explicitly unresolved,code inspection only; no test executed for this lot entry,Canonical identity/mapping for the recorded unresolved reference.,unresolved reference recorded by the KB,T13-F036,Resolve the recorded reference to a canonical identity before any construction claim.,The reference resolves to a canonical id with a source-backed mapping.
source/catalog/hirelings/hired-swords/grade-1c.yaml/@/profiles/4/unresolved_references/0/unclassified,catalog/hirelings/hired-swords/grade-1c.yaml,current,UNCLASSIFIED,,,source_blocked,catalog/hirelings/hired-swords/grade-1c.yaml,hireling profile unresolved_references entry,none; the reference is explicitly unresolved,code inspection only; no test executed for this lot entry,Canonical identity/mapping for the recorded unresolved reference.,unresolved reference recorded by the KB,T13-F036,Resolve the recorded reference to a canonical identity before any construction claim.,The reference resolves to a canonical id with a source-backed mapping.
source/catalog/hirelings/hired-swords/grade-1c.yaml/@/profiles/5/unresolved_references/0/unclassified,catalog/hirelings/hired-swords/grade-1c.yaml,current,UNCLASSIFIED,,,source_blocked,catalog/hirelings/hired-swords/grade-1c.yaml,hireling profile unresolved_references entry,none; the reference is explicitly unresolved,code inspection only; no test executed for this lot entry,Canonical identity/mapping for the recorded unresolved reference.,unresolved reference recorded by the KB,T13-F036,Resolve the recorded reference to a canonical identity before any construction claim.,The reference resolves to a canonical id with a source-backed mapping.
source/catalog/hirelings/hired-swords/grade-1c.yaml/@/profiles/6/unresolved_references/0/unclassified,catalog/hirelings/hired-swords/grade-1c.yaml,current,YES,"{""kind"": ""skill"", ""source_name"": ""Art of Silent Death""}",,metadata_gap,mechanic/skill.art-of-silent-death,hireling profile unresolved_references entry,none; the reference is explicitly unresolved,code inspection only; no test executed for this lot entry,Canonical identity/mapping for the recorded unresolved reference.,unresolved reference recorded by the KB,T13-F036,Resolve the recorded reference to a canonical identity before any construction claim.,The reference resolves to a canonical id with a source-backed mapping.
source/catalog/hirelings/hired-swords/grade-1c.yaml/hireling.hired-sword.hobgoblin-scout.rule.ride/unclassified,catalog/hirelings/hired-swords/grade-1c.yaml,current,NO,,Rides a Giant Wolf.,out_of_scope,catalog/hirelings/hired-swords/grade-1c.yaml,registry/runtime-scope.yaml excludes movement/mounts,no duel consumer required,code inspection only; no test executed for this lot entry,,,,No duel-construction work required.,Clause stays excluded.
source/catalog/hirelings/hired-swords/grade-2a.yaml/@/profiles/10/unresolved_references/0/unclassified,catalog/hirelings/hired-swords/grade-2a.yaml,current,UNCLASSIFIED,,,source_blocked,catalog/hirelings/hired-swords/grade-2a.yaml,hireling profile unresolved_references entry,none; the reference is explicitly unresolved,code inspection only; no test executed for this lot entry,Canonical identity/mapping for the recorded unresolved reference.,unresolved reference recorded by the KB,T13-F036,Resolve the recorded reference to a canonical identity before any construction claim.,The reference resolves to a canonical id with a source-backed mapping.
source/catalog/hirelings/hired-swords/grade-2a.yaml/@/profiles/12/unresolved_references/0/unclassified,catalog/hirelings/hired-swords/grade-2a.yaml,current,UNCLASSIFIED,,,source_blocked,catalog/hirelings/hired-swords/grade-2a.yaml,hireling profile unresolved_references entry,none; the reference is explicitly unresolved,code inspection only; no test executed for this lot entry,Canonical identity/mapping for the recorded unresolved reference.,unresolved reference recorded by the KB,T13-F036,Resolve the recorded reference to a canonical identity before any construction claim.,The reference resolves to a canonical id with a source-backed mapping.
source/catalog/hirelings/hired-swords/grade-2a.yaml/@/profiles/17/unresolved_references/0/unclassified,catalog/hirelings/hired-swords/grade-2a.yaml,current,UNCLASSIFIED,,,source_blocked,catalog/hirelings/hired-swords/grade-2a.yaml,hireling profile unresolved_references entry,none; the reference is explicitly unresolved,code inspection only; no test executed for this lot entry,Canonical identity/mapping for the recorded unresolved reference.,unresolved reference recorded by the KB,T13-F036,Resolve the recorded reference to a canonical identity before any construction claim.,The reference resolves to a canonical id with a source-backed mapping.
source/catalog/hirelings/hired-swords/grade-2a.yaml/@/profiles/19/unresolved_references/0/unclassified,catalog/hirelings/hired-swords/grade-2a.yaml,current,UNCLASSIFIED,,,source_blocked,catalog/hirelings/hired-swords/grade-2a.yaml,hireling profile unresolved_references entry,none; the reference is explicitly unresolved,code inspection only; no test executed for this lot entry,Canonical identity/mapping for the recorded unresolved reference.,unresolved reference recorded by the KB,T13-F036,Resolve the recorded reference to a canonical identity before any construction claim.,The reference resolves to a canonical id with a source-backed mapping.
source/catalog/hirelings/hired-swords/grade-2a.yaml/@/profiles/2/unresolved_references/0/unclassified,catalog/hirelings/hired-swords/grade-2a.yaml,current,UNCLASSIFIED,,,source_blocked,catalog/hirelings/hired-swords/grade-2a.yaml,hireling profile unresolved_references entry,none; the reference is explicitly unresolved,code inspection only; no test executed for this lot entry,Canonical identity/mapping for the recorded unresolved reference.,unresolved reference recorded by the KB,T13-F036,Resolve the recorded reference to a canonical identity before any construction claim.,The reference resolves to a canonical id with a source-backed mapping.
source/catalog/hirelings/hired-swords/grade-2a.yaml/@/profiles/4/unresolved_references/0/unclassified,catalog/hirelings/hired-swords/grade-2a.yaml,current,UNCLASSIFIED,,,source_blocked,catalog/hirelings/hired-swords/grade-2a.yaml,hireling profile unresolved_references entry,none; the reference is explicitly unresolved,code inspection only; no test executed for this lot entry,Canonical identity/mapping for the recorded unresolved reference.,unresolved reference recorded by the KB,T13-F036,Resolve the recorded reference to a canonical identity before any construction claim.,The reference resolves to a canonical id with a source-backed mapping.
source/catalog/hirelings/hired-swords/grade-2a.yaml/@/profiles/5/unresolved_references/0/unclassified,catalog/hirelings/hired-swords/grade-2a.yaml,current,UNCLASSIFIED,,,source_blocked,catalog/hirelings/hired-swords/grade-2a.yaml,hireling profile unresolved_references entry,none; the reference is explicitly unresolved,code inspection only; no test executed for this lot entry,Canonical identity/mapping for the recorded unresolved reference.,unresolved reference recorded by the KB,T13-F036,Resolve the recorded reference to a canonical identity before any construction claim.,The reference resolves to a canonical id with a source-backed mapping.
source/catalog/hirelings/hired-swords/grade-2a.yaml/@/profiles/7/unresolved_references/0/unclassified,catalog/hirelings/hired-swords/grade-2a.yaml,current,UNCLASSIFIED,,,source_blocked,catalog/hirelings/hired-swords/grade-2a.yaml,hireling profile unresolved_references entry,none; the reference is explicitly unresolved,code inspection only; no test executed for this lot entry,Canonical identity/mapping for the recorded unresolved reference.,unresolved reference recorded by the KB,T13-F036,Resolve the recorded reference to a canonical identity before any construction claim.,The reference resolves to a canonical id with a source-backed mapping.
source/catalog/hirelings/hired-swords/grade-2a.yaml/@/profiles/8/unresolved_references/0/unclassified,catalog/hirelings/hired-swords/grade-2a.yaml,current,UNCLASSIFIED,,,source_blocked,catalog/hirelings/hired-swords/grade-2a.yaml,hireling profile unresolved_references entry,none; the reference is explicitly unresolved,code inspection only; no test executed for this lot entry,Canonical identity/mapping for the recorded unresolved reference.,unresolved reference recorded by the KB,T13-F036,Resolve the recorded reference to a canonical identity before any construction claim.,The reference resolves to a canonical id with a source-backed mapping.
source/catalog/hirelings/hired-swords/grade-2a.yaml/hireling.hired-sword.knight-of-the-white-wolf.rule.cavalryman/unclassified,catalog/hirelings/hired-swords/grade-2a.yaml,current,NO,,Uses source cavalry rule.,out_of_scope,catalog/hirelings/hired-swords/grade-2a.yaml,registry/runtime-scope.yaml excludes movement/mounts,no duel consumer required,code inspection only; no test executed for this lot entry,,,,No duel-construction work required.,Clause stays excluded.
source/catalog/hirelings/hired-swords/rules.yaml/hireling.hired-sword.rule.fixed-equipment/unclassified,catalog/hirelings/hired-swords/rules.yaml,current,NO,,Extra equipment cannot normally be bought for a Hired Sword and the Hired Sword's equipment cannot be sold by the warband.,out_of_scope,catalog/hirelings/hired-swords/rules.yaml,catalog/hirelings/rules.yaml hiring acquisition rule,campaign hiring lifecycle owns it,code inspection only; no test executed for this lot entry,,,,No duel-construction work required.,Clause stays excluded from duel construction.
