id,source_file,source_state,proposed_scope,admitted_clause,excluded_clause,status,existing_target,contract_evidence,consumer_evidence,validation_evidence,missing_part,related_ids,existing_follow_up,next_action,closure_criterion
source/bands/mordheim/battle-monks-of-cathay/profiles.yaml/@/profiles/1/equipment_restrictions/0/unclassified,bands/mordheim/battle-monks-of-cathay/profiles.yaml,current,YES,named equipment-list access: Soldier,,covered,,profile.equipment_lists = soldier-equipment-list,index.ts profileEquipmentItems/profileEquipment (declared lists + fixed kit),source re-extracted with the maintained export (build/audit/reconciliation/B/extract.py): 507/507 hash match; classification by code inspection,,,,none,profileEquipment offers exactly the named list
source/bands/mordheim/beastmen-raiders/profiles.yaml/@/profiles/2/equipment_restrictions/0/unclassified,bands/mordheim/beastmen-raiders/profiles.yaml,current,YES,armour selection refused,,covered,,legacy prose branch (buildRestriction profileSelections),index.ts equipmentIssue/skillIssue/equipmentSetIssues (batch construction contract),source re-extracted with the maintained export (build/audit/reconciliation/B/extract.py): 507/507 hash match; classification by code inspection,,,F019,none,equipmentIssue refuses the armour/shield items reachable from the profile lists
source/bands/mordheim/black-dwarfs/profiles.yaml/@/profiles/0/equipment_restrictions/0/unclassified,bands/mordheim/black-dwarfs/profiles.yaml,current,YES,armour selection refused,,covered,,legacy prose branch (buildRestriction profileSelections),index.ts equipmentIssue/skillIssue/equipmentSetIssues (batch construction contract),source re-extracted with the maintained export (build/audit/reconciliation/B/extract.py): 507/507 hash match; classification by code inspection,,,F019,none,equipmentIssue refuses the armour/shield items reachable from the profile lists
source/bands/mordheim/black-dwarfs/profiles.yaml/@/profiles/1/equipment_restrictions/0/unclassified,bands/mordheim/black-dwarfs/profiles.yaml,current,YES,missile/ranged weapon selection is refused,,covered,,compiler.no-missile-weapons,index.ts equipmentIssue/skillIssue/equipmentSetIssues (batch construction contract),source re-extracted with the maintained export (build/audit/reconciliation/B/extract.py): 507/507 hash match; classification by code inspection,,,F020,none,equipmentIssue refuses every reachable ranged item
source/bands/mordheim/black-orcs/profiles.yaml/@/profiles/2/equipment_restrictions/0/unclassified,bands/mordheim/black-orcs/profiles.yaml,current,YES,printed equipment access/allowance or starting kit,,covered,,canonical profile.equipment_lists/fixed_equipment = henchmen-list,index.ts profileEquipmentItems/profileEquipment (declared lists + fixed kit),source re-extracted with the maintained export (build/audit/reconciliation/B/extract.py): 507/507 hash match; classification by code inspection,,,,none,the declared lists/fixed kit offer exactly the printed access
source/bands/mordheim/black-orcs/profiles.yaml/@/profiles/3/equipment_restrictions/0/unclassified,bands/mordheim/black-orcs/profiles.yaml,current,YES,a named item/category is restricted to a named bearer/role,,metadata_gap,,none,index.ts equipmentIssue/skillIssue/equipmentSetIssues (batch construction contract),source re-extracted with the maintained export (build/audit/reconciliation/B/extract.py): 507/507 hash match; classification by code inspection,per-item bearer qualifier is prose-only (no qualifier field / forbids token),,,"model the bearer qualifier (list applies_to, a forbids token or a band exclusion)",the shared decision refuses the item for the non-qualifying profile
source/bands/mordheim/black-orcs/profiles.yaml/@/profiles/4/equipment_restrictions/0/unclassified,bands/mordheim/black-orcs/profiles.yaml,current,YES,printed hand/weapon-category restriction,,covered,,none,index.ts equipmentIssue/skillIssue/equipmentSetIssues (batch construction contract),source re-extracted with the maintained export (build/audit/reconciliation/B/extract.py): 507/507 hash match; classification by code inspection,,,F019,none,activeWeaponIssues/buildRestriction refuse the forbidden category
source/bands/mordheim/black-orcs/profiles.yaml/@/profiles/6/equipment_restrictions/0/unclassified,bands/mordheim/black-orcs/profiles.yaml,current,YES,armour selection refused,,covered,,subsumed: no armour item reachable,index.ts equipmentIssue/skillIssue/equipmentSetIssues (batch construction contract),source re-extracted with the maintained export (build/audit/reconciliation/B/extract.py): 507/507 hash match; classification by code inspection,,source/bands/mordheim/night-goblins-web/profiles.yaml/@/profiles/9/equipment_restrictions/0/unclassified;source/bands/mordheim/orc-mob/profiles.yaml/@/profiles/6/equipment_restrictions/0/unclassified;source/bands/mordheim/savage-orcs-sar/profiles.yaml/@/profiles/6/equipment_restrictions/0/unclassified,F019,none,equipmentIssue refuses the armour/shield items reachable from the profile lists
source/bands/mordheim/blood-dragons-mou/equipment-access.yaml/@/equipment_lists/0/items/12/notes/unclassified,bands/mordheim/blood-dragons-mou/equipment-access.yaml,current,YES,bearer qualifier: Vampire Only Vampire only,,metadata_gap,bands/mordheim/blood-dragons-mou/equipment-access.yaml equipment_lists[0].items[12] (warhorse),none,"profileEquipmentItems reads lists/fixed kit, never item notes",source re-extracted with the maintained export (build/audit/reconciliation/B/extract.py): 507/507 hash match; classification by code inspection,per-item bearer/role qualifier is prose-only in equipment-access.yaml,,,"model the qualifier (list applies_to, a forbids token or a band exclusion)",the shared decision refuses the item for every non-qualifying profile
source/bands/mordheim/blood-dragons-mou/equipment-access.yaml/@/equipment_lists/0/items/13/notes/unclassified,bands/mordheim/blood-dragons-mou/equipment-access.yaml,current,YES,bearer qualifier: Vampire Only Vampire only,,metadata_gap,bands/mordheim/blood-dragons-mou/equipment-access.yaml equipment_lists[0].items[13] (barding),none,"profileEquipmentItems reads lists/fixed kit, never item notes",source re-extracted with the maintained export (build/audit/reconciliation/B/extract.py): 507/507 hash match; classification by code inspection,per-item bearer/role qualifier is prose-only in equipment-access.yaml,,,"model the qualifier (list applies_to, a forbids token or a band exclusion)",the shared decision refuses the item for every non-qualifying profile
source/bands/mordheim/blood-dragons-mou/profiles.yaml/@/profiles/0/equipment_restrictions/0/unclassified,bands/mordheim/blood-dragons-mou/profiles.yaml,current,YES,missile/ranged weapon selection is refused,,covered,,subsumed: no ranged item reachable,index.ts equipmentIssue/skillIssue/equipmentSetIssues (batch construction contract),source re-extracted with the maintained export (build/audit/reconciliation/B/extract.py): 507/507 hash match; classification by code inspection,,source/bands/mordheim/blood-dragons-mou/profiles.yaml/@/profiles/1/equipment_restrictions/0/unclassified;source/bands/mordheim/disciples-of-maldred-mou/profiles.yaml/@/profiles/0/equipment_restrictions/0/unclassified;source/bands/mordheim/disciples-of-maldred-mou/profiles.yaml/@/profiles/1/equipment_restrictions/0/unclassified;source/bands/mordheim/disciples-of-maldred-mou/profiles.yaml/@/profiles/3/equipment_restrictions/1/unclassified,F020,none,equipmentIssue refuses every reachable ranged item
source/bands/mordheim/blood-dragons-mou/profiles.yaml/@/profiles/1/equipment_restrictions/0/unclassified,bands/mordheim/blood-dragons-mou/profiles.yaml,current,YES,missile/ranged weapon selection is refused,,covered,,subsumed: no ranged item reachable,index.ts equipmentIssue/skillIssue/equipmentSetIssues (batch construction contract),source re-extracted with the maintained export (build/audit/reconciliation/B/extract.py): 507/507 hash match; classification by code inspection,,source/bands/mordheim/blood-dragons-mou/profiles.yaml/@/profiles/0/equipment_restrictions/0/unclassified;source/bands/mordheim/disciples-of-maldred-mou/profiles.yaml/@/profiles/0/equipment_restrictions/0/unclassified;source/bands/mordheim/disciples-of-maldred-mou/profiles.yaml/@/profiles/1/equipment_restrictions/0/unclassified;source/bands/mordheim/disciples-of-maldred-mou/profiles.yaml/@/profiles/3/equipment_restrictions/1/unclassified,F020,none,equipmentIssue refuses every reachable ranged item
source/bands/mordheim/blood-dragons-mou/profiles.yaml/@/profiles/5/equipment_restrictions/0/unclassified,bands/mordheim/blood-dragons-mou/profiles.yaml,current,YES,weapons/armour selection refused,combat unarmed/natural-attack consequence (C/D lot),covered,,subsumed: no armour item reachable,index.ts equipmentIssue/skillIssue/equipmentSetIssues (batch construction contract),source re-extracted with the maintained export (build/audit/reconciliation/B/extract.py): 507/507 hash match; classification by code inspection,,,F019,none,equipmentIssue refuses the armour/shield items reachable from the profile lists
source/bands/mordheim/bretonnian-buccaneers-sar/equipment-access.yaml/@/equipment_lists/0/items/1/notes/unclassified,bands/mordheim/bretonnian-buccaneers-sar/equipment-access.yaml,current,YES,printed equivalence resolves to the selected canonical item,,covered,bands/mordheim/bretonnian-buccaneers-sar/equipment-access.yaml equipment_lists[0].items[1] (hammer),"item record hammer (kind close-combat-weapon, mechanic weapon.mace)",index.ts profileEquipmentItems/profileEquipment (declared lists + fixed kit),source re-extracted with the maintained export (build/audit/reconciliation/B/extract.py): 507/507 hash match; classification by code inspection,,source/bands/mordheim/bretonnian-buccaneers-sar/equipment-access.yaml/@/equipment_lists/1/items/1/notes/unclassified;source/bands/mordheim/bretonnian-buccaneers-sar/equipment-access.yaml/@/equipment_lists/2/items/1/notes/unclassified,,none,the selected item id already carries the named equivalence
source/bands/mordheim/bretonnian-buccaneers-sar/equipment-access.yaml/@/equipment_lists/0/items/4/notes/unclassified,bands/mordheim/bretonnian-buccaneers-sar/equipment-access.yaml,current,YES,bearer qualifier: Heroes only,,metadata_gap,bands/mordheim/bretonnian-buccaneers-sar/equipment-access.yaml equipment_lists[0].items[4] (cat_o_nine_tails),none,"profileEquipmentItems reads lists/fixed kit, never item notes",source re-extracted with the maintained export (build/audit/reconciliation/B/extract.py): 507/507 hash match; classification by code inspection,per-item bearer/role qualifier is prose-only in equipment-access.yaml,,,"model the qualifier (list applies_to, a forbids token or a band exclusion)",the shared decision refuses the item for every non-qualifying profile
source/bands/mordheim/bretonnian-buccaneers-sar/equipment-access.yaml/@/equipment_lists/1/items/1/notes/unclassified,bands/mordheim/bretonnian-buccaneers-sar/equipment-access.yaml,current,YES,printed equivalence resolves to the selected canonical item,,covered,bands/mordheim/bretonnian-buccaneers-sar/equipment-access.yaml equipment_lists[1].items[1] (hammer),"item record hammer (kind close-combat-weapon, mechanic weapon.mace)",index.ts profileEquipmentItems/profileEquipment (declared lists + fixed kit),source re-extracted with the maintained export (build/audit/reconciliation/B/extract.py): 507/507 hash match; classification by code inspection,,source/bands/mordheim/bretonnian-buccaneers-sar/equipment-access.yaml/@/equipment_lists/0/items/1/notes/unclassified;source/bands/mordheim/bretonnian-buccaneers-sar/equipment-access.yaml/@/equipment_lists/2/items/1/notes/unclassified,,none,the selected item id already carries the named equivalence
source/bands/mordheim/bretonnian-buccaneers-sar/equipment-access.yaml/@/equipment_lists/2/items/1/notes/unclassified,bands/mordheim/bretonnian-buccaneers-sar/equipment-access.yaml,current,YES,printed equivalence resolves to the selected canonical item,,covered,bands/mordheim/bretonnian-buccaneers-sar/equipment-access.yaml equipment_lists[2].items[1] (hammer),"item record hammer (kind close-combat-weapon, mechanic weapon.mace)",index.ts profileEquipmentItems/profileEquipment (declared lists + fixed kit),source re-extracted with the maintained export (build/audit/reconciliation/B/extract.py): 507/507 hash match; classification by code inspection,,source/bands/mordheim/bretonnian-buccaneers-sar/equipment-access.yaml/@/equipment_lists/0/items/1/notes/unclassified;source/bands/mordheim/bretonnian-buccaneers-sar/equipment-access.yaml/@/equipment_lists/1/items/1/notes/unclassified,,none,the selected item id already carries the named equivalence
source/bands/mordheim/bretonnian-knights-errant-mou/profiles.yaml/@/profiles/0/equipment_restrictions/0/unclassified,bands/mordheim/bretonnian-knights-errant-mou/profiles.yaml,current,YES,printed composition/procurement/roster clause,,implementation_missing,,,none in the shared eligibility module,source re-extracted with the maintained export (build/audit/reconciliation/B/extract.py): 507/507 hash match; classification by code inspection,no construction contract for the clause category,,,decide whether the clause is construction; model it only if admitted,the admitted clause is either modelled or excluded with a ruling
source/bands/mordheim/brood-of-ghurash-the-sc/profiles.yaml/@/profiles/5/equipment_restrictions/0/unclassified,bands/mordheim/brood-of-ghurash-the-sc/profiles.yaml,current,YES,weapons/armour selection refused,combat unarmed/natural-attack consequence (C/D lot),covered,,legacy prose branch (buildRestriction profileSelections),index.ts equipmentIssue/skillIssue/equipmentSetIssues (batch construction contract),source re-extracted with the maintained export (build/audit/reconciliation/B/extract.py): 507/507 hash match; classification by code inspection,,,F019,none,equipmentIssue refuses the armour/shield items reachable from the profile lists
source/bands/mordheim/call-of-the-night-haint-mim/equipment-access.yaml/@/equipment_lists/0/items/1/notes/unclassified,bands/mordheim/call-of-the-night-haint-mim/equipment-access.yaml,current,YES,bearer qualifier: Ethereal Heroes only,,metadata_gap,bands/mordheim/call-of-the-night-haint-mim/equipment-access.yaml equipment_lists[0].items[1] (spirit_knife),none,"profileEquipmentItems reads lists/fixed kit, never item notes",source re-extracted with the maintained export (build/audit/reconciliation/B/extract.py): 507/507 hash match; classification by code inspection,per-item bearer/role qualifier is prose-only in equipment-access.yaml,,,"model the qualifier (list applies_to, a forbids token or a band exclusion)",the shared decision refuses the item for every non-qualifying profile
source/bands/mordheim/call-of-the-night-haint-mim/equipment-access.yaml/@/equipment_lists/0/items/13/notes/unclassified,bands/mordheim/call-of-the-night-haint-mim/equipment-access.yaml,current,YES,bearer qualifier: Malignant Spirits only,,metadata_gap,bands/mordheim/call-of-the-night-haint-mim/equipment-access.yaml equipment_lists[0].items[13] (heavy_armour),none,"profileEquipmentItems reads lists/fixed kit, never item notes",source re-extracted with the maintained export (build/audit/reconciliation/B/extract.py): 507/507 hash match; classification by code inspection,per-item bearer/role qualifier is prose-only in equipment-access.yaml,,,"model the qualifier (list applies_to, a forbids token or a band exclusion)",the shared decision refuses the item for every non-qualifying profile
source/bands/mordheim/call-of-the-night-haint-mim/profiles.yaml/@/profiles/3/equipment_restrictions/0/unclassified,bands/mordheim/call-of-the-night-haint-mim/profiles.yaml,current,YES,a named item/category is restricted to a named bearer/role,,metadata_gap,,none,index.ts equipmentIssue/skillIssue/equipmentSetIssues (batch construction contract),source re-extracted with the maintained export (build/audit/reconciliation/B/extract.py): 507/507 hash match; classification by code inspection,per-item bearer qualifier is prose-only (no qualifier field / forbids token),,,"model the bearer qualifier (list applies_to, a forbids token or a band exclusion)",the shared decision refuses the item for the non-qualifying profile
source/bands/mordheim/call-of-the-night-haint-mim/profiles.yaml/@/profiles/5/equipment_restrictions/0/unclassified,bands/mordheim/call-of-the-night-haint-mim/profiles.yaml,current,YES,printed no-equipment/natural-attack clause,combat unarmed/natural-attack consequence (C/D lot),covered,,canonical profile.equipment_lists == [] (no purchasable access),index.ts profileEquipmentItems/profileEquipment (declared lists + fixed kit),source re-extracted with the maintained export (build/audit/reconciliation/B/extract.py): 507/507 hash match; classification by code inspection,,,,none,"the profile offers no purchasable equipment, so the clause cannot be violated"
source/bands/mordheim/call-of-the-night-haint-mim/profiles.yaml/@/profiles/6/equipment_restrictions/0/unclassified,bands/mordheim/call-of-the-night-haint-mim/profiles.yaml,current,YES,printed no-equipment/natural-attack clause,combat unarmed/natural-attack consequence (C/D lot),covered,,canonical profile.equipment_lists == [] (no purchasable access),index.ts profileEquipmentItems/profileEquipment (declared lists + fixed kit),source re-extracted with the maintained export (build/audit/reconciliation/B/extract.py): 507/507 hash match; classification by code inspection,,,,none,"the profile offers no purchasable equipment, so the clause cannot be violated"
source/bands/mordheim/call-of-the-night-haint-mim/profiles.yaml/@/profiles/7/equipment_restrictions/0/unclassified,bands/mordheim/call-of-the-night-haint-mim/profiles.yaml,current,YES,printed no-equipment/natural-attack clause,,covered,,canonical profile.equipment_lists == [] (no purchasable access),index.ts profileEquipmentItems/profileEquipment (declared lists + fixed kit),source re-extracted with the maintained export (build/audit/reconciliation/B/extract.py): 507/507 hash match; classification by code inspection,,,,none,"the profile offers no purchasable equipment, so the clause cannot be violated"
source/bands/mordheim/channel-rats-mim/equipment-access.yaml/@/equipment_lists/0/items/11/notes/unclassified,bands/mordheim/channel-rats-mim/equipment-access.yaml,current,YES,bearer qualifier: Tinker only,,metadata_gap,bands/mordheim/channel-rats-mim/equipment-access.yaml equipment_lists[0].items[11] (blunderbuss),none,"profileEquipmentItems reads lists/fixed kit, never item notes",source re-extracted with the maintained export (build/audit/reconciliation/B/extract.py): 507/507 hash match; classification by code inspection,per-item bearer/role qualifier is prose-only in equipment-access.yaml,,,"model the qualifier (list applies_to, a forbids token or a band exclusion)",the shared decision refuses the item for every non-qualifying profile
source/bands/mordheim/channel-rats-mim/equipment-access.yaml/@/equipment_lists/0/items/12/notes/unclassified,bands/mordheim/channel-rats-mim/equipment-access.yaml,current,YES,bearer qualifier: Tinker only,,metadata_gap,bands/mordheim/channel-rats-mim/equipment-access.yaml equipment_lists[0].items[12] (handgun),none,"profileEquipmentItems reads lists/fixed kit, never item notes",source re-extracted with the maintained export (build/audit/reconciliation/B/extract.py): 507/507 hash match; classification by code inspection,per-item bearer/role qualifier is prose-only in equipment-access.yaml,,,"model the qualifier (list applies_to, a forbids token or a band exclusion)",the shared decision refuses the item for every non-qualifying profile
source/bands/mordheim/channel-rats-mim/equipment-access.yaml/@/equipment_lists/0/items/17/notes/unclassified,bands/mordheim/channel-rats-mim/equipment-access.yaml,current,YES,bearer qualifier: Heroes only,,metadata_gap,bands/mordheim/channel-rats-mim/equipment-access.yaml equipment_lists[0].items[17] (rabbits_foot),none,"profileEquipmentItems reads lists/fixed kit, never item notes",source re-extracted with the maintained export (build/audit/reconciliation/B/extract.py): 507/507 hash match; classification by code inspection,per-item bearer/role qualifier is prose-only in equipment-access.yaml,,,"model the qualifier (list applies_to, a forbids token or a band exclusion)",the shared decision refuses the item for every non-qualifying profile
source/bands/mordheim/channel-rats-mim/equipment-access.yaml/@/equipment_lists/0/items/18/notes/unclassified,bands/mordheim/channel-rats-mim/equipment-access.yaml,current,YES,bearer qualifier: Tinker only. Rare 9,,metadata_gap,bands/mordheim/channel-rats-mim/equipment-access.yaml equipment_lists[0].items[18] (compass),none,"profileEquipmentItems reads lists/fixed kit, never item notes",source re-extracted with the maintained export (build/audit/reconciliation/B/extract.py): 507/507 hash match; classification by code inspection,per-item bearer/role qualifier is prose-only in equipment-access.yaml,,,"model the qualifier (list applies_to, a forbids token or a band exclusion)",the shared decision refuses the item for every non-qualifying profile
source/bands/mordheim/channel-rats-mim/equipment-access.yaml/@/equipment_lists/0/items/19/notes/unclassified,bands/mordheim/channel-rats-mim/equipment-access.yaml,current,YES,bearer qualifier: Tinker only,,metadata_gap,bands/mordheim/channel-rats-mim/equipment-access.yaml equipment_lists[0].items[19] (telescope),none,"profileEquipmentItems reads lists/fixed kit, never item notes",source re-extracted with the maintained export (build/audit/reconciliation/B/extract.py): 507/507 hash match; classification by code inspection,per-item bearer/role qualifier is prose-only in equipment-access.yaml,,,"model the qualifier (list applies_to, a forbids token or a band exclusion)",the shared decision refuses the item for every non-qualifying profile
source/bands/mordheim/channel-rats-mim/equipment-access.yaml/@/equipment_lists/0/items/3/notes/unclassified,bands/mordheim/channel-rats-mim/equipment-access.yaml,current,YES,printed equivalence resolves to the selected canonical item,,covered,bands/mordheim/channel-rats-mim/equipment-access.yaml equipment_lists[0].items[3] (cutlass_sword),"item record cutlass_sword (kind close-combat-weapon, mechanic weapon.cutlass)",index.ts profileEquipmentItems/profileEquipment (declared lists + fixed kit),source re-extracted with the maintained export (build/audit/reconciliation/B/extract.py): 507/507 hash match; classification by code inspection,,source/bands/mordheim/channel-rats-mim/equipment-access.yaml/@/equipment_lists/1/items/2/notes/unclassified,,none,the selected item id already carries the named equivalence
source/bands/mordheim/channel-rats-mim/equipment-access.yaml/@/equipment_lists/1/items/1/notes/unclassified,bands/mordheim/channel-rats-mim/equipment-access.yaml,current,YES,printed equivalence resolves to the selected canonical item,,covered,bands/mordheim/channel-rats-mim/equipment-access.yaml equipment_lists[1].items[1] (mace),"item record mace (kind close-combat-weapon, mechanic weapon.mace)",index.ts profileEquipmentItems/profileEquipment (declared lists + fixed kit),source re-extracted with the maintained export (build/audit/reconciliation/B/extract.py): 507/507 hash match; classification by code inspection,,,,none,the selected item id already carries the named equivalence
source/bands/mordheim/channel-rats-mim/equipment-access.yaml/@/equipment_lists/1/items/2/notes/unclassified,bands/mordheim/channel-rats-mim/equipment-access.yaml,current,YES,printed equivalence resolves to the selected canonical item,,covered,bands/mordheim/channel-rats-mim/equipment-access.yaml equipment_lists[1].items[2] (cutlass_sword),"item record cutlass_sword (kind close-combat-weapon, mechanic weapon.cutlass)",index.ts profileEquipmentItems/profileEquipment (declared lists + fixed kit),source re-extracted with the maintained export (build/audit/reconciliation/B/extract.py): 507/507 hash match; classification by code inspection,,source/bands/mordheim/channel-rats-mim/equipment-access.yaml/@/equipment_lists/0/items/3/notes/unclassified,,none,the selected item id already carries the named equivalence
source/bands/mordheim/clan-angrund-kep/profiles.yaml/@/profiles/2/equipment_restrictions/0/unclassified,bands/mordheim/clan-angrund-kep/profiles.yaml,current,YES,missile/ranged weapon selection is refused,,metadata_gap,,none,index.ts equipmentIssue/skillIssue/equipmentSetIssues (batch construction contract),source re-extracted with the maintained export (build/audit/reconciliation/B/extract.py): 507/507 hash match; classification by code inspection,no ranged-forbids token and no no-missile-weapons contract,,F020,add the ranged-weapons forbids token,equipmentIssue refuses every reachable ranged item
source/bands/mordheim/clan-angrund-kep/profiles.yaml/@/profiles/3/equipment_restrictions/0/unclassified,bands/mordheim/clan-angrund-kep/profiles.yaml,current,YES,Dwarf-made equipment is refused,,metadata_gap,,none,index.ts equipmentIssue/skillIssue/equipmentSetIssues (batch construction contract),source re-extracted with the maintained export (build/audit/reconciliation/B/extract.py): 507/507 hash match; classification by code inspection,no compiler.haughty contract,,,bind compiler.haughty,profileSelections refuses material.gromril/obsidian and gromril armour
source/bands/mordheim/clockworkers-sc/equipment-access.yaml/@/equipment_lists/0/items/6/notes/unclassified,bands/mordheim/clockworkers-sc/equipment-access.yaml,current,YES,bearer qualifier: Master of Clocks & Dwarf engineer only,,metadata_gap,bands/mordheim/clockworkers-sc/equipment-access.yaml equipment_lists[0].items[6] (clockwork_rifle),none,"profileEquipmentItems reads lists/fixed kit, never item notes",source re-extracted with the maintained export (build/audit/reconciliation/B/extract.py): 507/507 hash match; classification by code inspection,per-item bearer/role qualifier is prose-only in equipment-access.yaml,,,"model the qualifier (list applies_to, a forbids token or a band exclusion)",the shared decision refuses the item for every non-qualifying profile
source/bands/mordheim/clockworkers-sc/equipment-access.yaml/@/equipment_lists/0/items/8/notes/unclassified,bands/mordheim/clockworkers-sc/equipment-access.yaml,current,YES,bearer qualifier: Master of Clocks & Dwarf engineer only,,metadata_gap,bands/mordheim/clockworkers-sc/equipment-access.yaml equipment_lists[0].items[8] (heavy_armour),none,"profileEquipmentItems reads lists/fixed kit, never item notes",source re-extracted with the maintained export (build/audit/reconciliation/B/extract.py): 507/507 hash match; classification by code inspection,per-item bearer/role qualifier is prose-only in equipment-access.yaml,,,"model the qualifier (list applies_to, a forbids token or a band exclusion)",the shared decision refuses the item for every non-qualifying profile
source/bands/mordheim/clockworkers-sc/equipment-access.yaml/@/equipment_lists/2/items/0/notes/unclassified,bands/mordheim/clockworkers-sc/equipment-access.yaml,current,YES,printed slot count,,covered,bands/mordheim/clockworkers-sc/equipment-access.yaml equipment_lists[2].items[0] (hammer),mechanic weapon.mace hands,compiler.py loadoutRestriction hand accounting,source re-extracted with the maintained export (build/audit/reconciliation/B/extract.py): 507/507 hash match; classification by code inspection,,,,none,the mechanic hands field matches the printed slot count
source/bands/mordheim/clockworkers-sc/equipment-access.yaml/@/equipment_lists/2/items/1/notes/unclassified,bands/mordheim/clockworkers-sc/equipment-access.yaml,current,YES,printed slot count,,covered,bands/mordheim/clockworkers-sc/equipment-access.yaml equipment_lists[2].items[1] (mace),mechanic weapon.mace hands,compiler.py loadoutRestriction hand accounting,source re-extracted with the maintained export (build/audit/reconciliation/B/extract.py): 507/507 hash match; classification by code inspection,,,,none,the mechanic hands field matches the printed slot count
source/bands/mordheim/clockworkers-sc/equipment-access.yaml/@/equipment_lists/2/items/2/notes/unclassified,bands/mordheim/clockworkers-sc/equipment-access.yaml,current,YES,printed slot count,,covered,bands/mordheim/clockworkers-sc/equipment-access.yaml equipment_lists[2].items[2] (axe),mechanic weapon.axe hands,compiler.py loadoutRestriction hand accounting,source re-extracted with the maintained export (build/audit/reconciliation/B/extract.py): 507/507 hash match; classification by code inspection,,,,none,the mechanic hands field matches the printed slot count
source/bands/mordheim/clockworkers-sc/equipment-access.yaml/@/equipment_lists/2/items/3/notes/unclassified,bands/mordheim/clockworkers-sc/equipment-access.yaml,current,YES,printed slot count,,covered,bands/mordheim/clockworkers-sc/equipment-access.yaml equipment_lists[2].items[3] (sword),mechanic weapon.sword hands,compiler.py loadoutRestriction hand accounting,source re-extracted with the maintained export (build/audit/reconciliation/B/extract.py): 507/507 hash match; classification by code inspection,,,,none,the mechanic hands field matches the printed slot count
source/bands/mordheim/clockworkers-sc/equipment-access.yaml/@/equipment_lists/2/items/4/notes/unclassified,bands/mordheim/clockworkers-sc/equipment-access.yaml,current,YES,printed slot count,,covered,bands/mordheim/clockworkers-sc/equipment-access.yaml equipment_lists[2].items[4] (clockwork_pistol),mechanic None hands,compiler.py loadoutRestriction hand accounting,source re-extracted with the maintained export (build/audit/reconciliation/B/extract.py): 507/507 hash match; classification by code inspection,,,,none,the mechanic hands field matches the printed slot count
source/bands/mordheim/clockworkers-sc/equipment-access.yaml/@/equipment_lists/2/items/5/notes/unclassified,bands/mordheim/clockworkers-sc/equipment-access.yaml,current,YES,printed slot count,,covered,bands/mordheim/clockworkers-sc/equipment-access.yaml equipment_lists[2].items[5] (shield),mechanic defence.shield hands,compiler.py loadoutRestriction hand accounting,source re-extracted with the maintained export (build/audit/reconciliation/B/extract.py): 507/507 hash match; classification by code inspection,,,,none,the mechanic hands field matches the printed slot count
source/bands/mordheim/clockworkers-sc/equipment-access.yaml/@/equipment_lists/2/items/6/notes/unclassified,bands/mordheim/clockworkers-sc/equipment-access.yaml,current,YES,printed slot count,,covered,bands/mordheim/clockworkers-sc/equipment-access.yaml equipment_lists[2].items[6] (clockwork_rifle),mechanic None hands,compiler.py loadoutRestriction hand accounting,source re-extracted with the maintained export (build/audit/reconciliation/B/extract.py): 507/507 hash match; classification by code inspection,,,,none,the mechanic hands field matches the printed slot count
source/bands/mordheim/clockworkers-sc/equipment-access.yaml/@/equipment_lists/2/items/7/notes/unclassified,bands/mordheim/clockworkers-sc/equipment-access.yaml,current,YES,printed equivalence resolves to the selected canonical item,,covered,bands/mordheim/clockworkers-sc/equipment-access.yaml equipment_lists[2].items[7] (great_weapon),"item record great_weapon (kind close-combat-weapon, mechanic weapon.double-handed-weapon)",index.ts profileEquipmentItems/profileEquipment (declared lists + fixed kit),source re-extracted with the maintained export (build/audit/reconciliation/B/extract.py): 507/507 hash match; classification by code inspection,,,,none,the selected item id already carries the named equivalence
source/bands/mordheim/clockworkers-sc/equipment-access.yaml/@/equipment_lists/2/items/8/notes/unclassified,bands/mordheim/clockworkers-sc/equipment-access.yaml,current,YES,printed slot count,,covered,bands/mordheim/clockworkers-sc/equipment-access.yaml equipment_lists[2].items[8] (halberd),mechanic weapon.halberd hands,compiler.py loadoutRestriction hand accounting,source re-extracted with the maintained export (build/audit/reconciliation/B/extract.py): 507/507 hash match; classification by code inspection,,,,none,the mechanic hands field matches the printed slot count
source/bands/mordheim/cult-of-the-possessed/profiles.yaml/@/profiles/1/equipment_restrictions/0/unclassified,bands/mordheim/cult-of-the-possessed/profiles.yaml,current,YES,weapons/armour selection refused,combat unarmed/natural-attack consequence (C/D lot),covered,,legacy prose branch (buildRestriction profileSelections),index.ts equipmentIssue/skillIssue/equipmentSetIssues (batch construction contract),source re-extracted with the maintained export (build/audit/reconciliation/B/extract.py): 507/507 hash match; classification by code inspection,,source/bands/trollheim/trollheim-cult-of-the-possessed/profiles.yaml/@/profiles/1/equipment_restrictions/0/unclassified,F019,none,equipmentIssue refuses the armour/shield items reachable from the profile lists
source/bands/mordheim/dark-elf-corsairs-mou/profiles.yaml/@/profiles/4/equipment_restrictions/0/unclassified,bands/mordheim/dark-elf-corsairs-mou/profiles.yaml,current,YES,printed starting kit,,metadata_gap,,,index.ts equipmentIssue/skillIssue/equipmentSetIssues (batch construction contract),source re-extracted with the maintained export (build/audit/reconciliation/B/extract.py): 507/507 hash match; classification by code inspection,no structured fixed_equipment/list carrying the printed kit,,,model the starting kit as fixed equipment or a named loadout,the kit is a structured fact honoured by profileFactsProjection
source/bands/mordheim/dark-elf-corsairs-mou/profiles.yaml/@/profiles/5/equipment_restrictions/0/unclassified,bands/mordheim/dark-elf-corsairs-mou/profiles.yaml,current,YES,printed starting kit,,metadata_gap,,,index.ts equipmentIssue/skillIssue/equipmentSetIssues (batch construction contract),source re-extracted with the maintained export (build/audit/reconciliation/B/extract.py): 507/507 hash match; classification by code inspection,no structured fixed_equipment/list carrying the printed kit,,,model the starting kit as fixed equipment or a named loadout,the kit is a structured fact honoured by profileFactsProjection
source/bands/mordheim/dark-elf-corsairs-mou/profiles.yaml/@/profiles/6/equipment_restrictions/0/unclassified,bands/mordheim/dark-elf-corsairs-mou/profiles.yaml,current,YES,printed starting kit,,metadata_gap,,,index.ts equipmentIssue/skillIssue/equipmentSetIssues (batch construction contract),source re-extracted with the maintained export (build/audit/reconciliation/B/extract.py): 507/507 hash match; classification by code inspection,no structured fixed_equipment/list carrying the printed kit,,,model the starting kit as fixed equipment or a named loadout,the kit is a structured fact honoured by profileFactsProjection
source/bands/mordheim/dark-elf-corsairs-mou/profiles.yaml/@/profiles/7/equipment_restrictions/0/unclassified,bands/mordheim/dark-elf-corsairs-mou/profiles.yaml,current,YES,missile/ranged weapon selection is refused,,metadata_gap,,none,index.ts equipmentIssue/skillIssue/equipmentSetIssues (batch construction contract),source re-extracted with the maintained export (build/audit/reconciliation/B/extract.py): 507/507 hash match; classification by code inspection,no ranged-forbids token and no no-missile-weapons contract,,F020,add the ranged-weapons forbids token,equipmentIssue refuses every reachable ranged item
source/bands/mordheim/dark-elves/equipment-access.yaml/@/equipment_lists/0/items/14/notes/unclassified,bands/mordheim/dark-elves/equipment-access.yaml,current,YES,bearer qualifier: Heroes only,,metadata_gap,bands/mordheim/dark-elves/equipment-access.yaml equipment_lists[0].items[14] (dark_venom),none,"profileEquipmentItems reads lists/fixed kit, never item notes",source re-extracted with the maintained export (build/audit/reconciliation/B/extract.py): 507/507 hash match; classification by code inspection,per-item bearer/role qualifier is prose-only in equipment-access.yaml,,,"model the qualifier (list applies_to, a forbids token or a band exclusion)",the shared decision refuses the item for every non-qualifying profile
source/bands/mordheim/dark-elves/equipment-access.yaml/@/equipment_lists/0/items/15/notes/unclassified,bands/mordheim/dark-elves/equipment-access.yaml,current,YES,bearer qualifier: Heroes and Corsairs only,,metadata_gap,bands/mordheim/dark-elves/equipment-access.yaml equipment_lists[0].items[15] (sea_dragon_cloak),none,"profileEquipmentItems reads lists/fixed kit, never item notes",source re-extracted with the maintained export (build/audit/reconciliation/B/extract.py): 507/507 hash match; classification by code inspection,per-item bearer/role qualifier is prose-only in equipment-access.yaml,,,"model the qualifier (list applies_to, a forbids token or a band exclusion)",the shared decision refuses the item for every non-qualifying profile
source/bands/mordheim/dark-elves/equipment-access.yaml/@/equipment_lists/0/items/5/notes/unclassified,bands/mordheim/dark-elves/equipment-access.yaml,current,YES,bearer qualifier: Beastmaster only,,metadata_gap,bands/mordheim/dark-elves/equipment-access.yaml equipment_lists[0].items[5] (beastlash),none,"profileEquipmentItems reads lists/fixed kit, never item notes",source re-extracted with the maintained export (build/audit/reconciliation/B/extract.py): 507/507 hash match; classification by code inspection,per-item bearer/role qualifier is prose-only in equipment-access.yaml,,,"model the qualifier (list applies_to, a forbids token or a band exclusion)",the shared decision refuses the item for every non-qualifying profile
source/bands/mordheim/disciples-of-maldred-mou/profiles.yaml/@/profiles/0/equipment_restrictions/0/unclassified,bands/mordheim/disciples-of-maldred-mou/profiles.yaml,current,YES,missile/ranged weapon selection is refused,,covered,,subsumed: no ranged item reachable,index.ts equipmentIssue/skillIssue/equipmentSetIssues (batch construction contract),source re-extracted with the maintained export (build/audit/reconciliation/B/extract.py): 507/507 hash match; classification by code inspection,,source/bands/mordheim/blood-dragons-mou/profiles.yaml/@/profiles/0/equipment_restrictions/0/unclassified;source/bands/mordheim/blood-dragons-mou/profiles.yaml/@/profiles/1/equipment_restrictions/0/unclassified;source/bands/mordheim/disciples-of-maldred-mou/profiles.yaml/@/profiles/1/equipment_restrictions/0/unclassified;source/bands/mordheim/disciples-of-maldred-mou/profiles.yaml/@/profiles/3/equipment_restrictions/1/unclassified,F020,none,equipmentIssue refuses every reachable ranged item
source/bands/mordheim/disciples-of-maldred-mou/profiles.yaml/@/profiles/1/equipment_restrictions/0/unclassified,bands/mordheim/disciples-of-maldred-mou/profiles.yaml,current,YES,missile/ranged weapon selection is refused,,covered,,subsumed: no ranged item reachable,index.ts equipmentIssue/skillIssue/equipmentSetIssues (batch construction contract),source re-extracted with the maintained export (build/audit/reconciliation/B/extract.py): 507/507 hash match; classification by code inspection,,source/bands/mordheim/blood-dragons-mou/profiles.yaml/@/profiles/0/equipment_restrictions/0/unclassified;source/bands/mordheim/blood-dragons-mou/profiles.yaml/@/profiles/1/equipment_restrictions/0/unclassified;source/bands/mordheim/disciples-of-maldred-mou/profiles.yaml/@/profiles/0/equipment_restrictions/0/unclassified;source/bands/mordheim/disciples-of-maldred-mou/profiles.yaml/@/profiles/3/equipment_restrictions/1/unclassified,F020,none,equipmentIssue refuses every reachable ranged item
source/bands/mordheim/disciples-of-maldred-mou/profiles.yaml/@/profiles/3/equipment_restrictions/0/unclassified,bands/mordheim/disciples-of-maldred-mou/profiles.yaml,current,YES,named equipment-list access: Mercenary,,metadata_gap,,"profile.equipment_lists = squires-equipment-list,men-at-arms-equipment-list",index.ts profileEquipmentItems/profileEquipment (declared lists + fixed kit),source re-extracted with the maintained export (build/audit/reconciliation/B/extract.py): 507/507 hash match; classification by code inspection,the named list is not assigned to the profile,,F019,assign the named list and (where printed) add forbids: armour,the named list is assigned and armour is refused
source/bands/mordheim/disciples-of-maldred-mou/profiles.yaml/@/profiles/3/equipment_restrictions/1/unclassified,bands/mordheim/disciples-of-maldred-mou/profiles.yaml,current,YES,missile/ranged weapon selection is refused,,metadata_gap,,none,index.ts equipmentIssue/skillIssue/equipmentSetIssues (batch construction contract),source re-extracted with the maintained export (build/audit/reconciliation/B/extract.py): 507/507 hash match; classification by code inspection,no ranged-forbids token and no no-missile-weapons contract,source/bands/mordheim/blood-dragons-mou/profiles.yaml/@/profiles/0/equipment_restrictions/0/unclassified;source/bands/mordheim/blood-dragons-mou/profiles.yaml/@/profiles/1/equipment_restrictions/0/unclassified;source/bands/mordheim/disciples-of-maldred-mou/profiles.yaml/@/profiles/0/equipment_restrictions/0/unclassified;source/bands/mordheim/disciples-of-maldred-mou/profiles.yaml/@/profiles/1/equipment_restrictions/0/unclassified,F020,add the ranged-weapons forbids token,equipmentIssue refuses every reachable ranged item
source/bands/mordheim/disciples-of-maldred-mou/profiles.yaml/@/profiles/4/equipment_restrictions/1/unclassified,bands/mordheim/disciples-of-maldred-mou/profiles.yaml,current,YES,missile/ranged weapon selection is refused,,covered,,subsumed: no ranged item reachable,index.ts equipmentIssue/skillIssue/equipmentSetIssues (batch construction contract),source re-extracted with the maintained export (build/audit/reconciliation/B/extract.py): 507/507 hash match; classification by code inspection,,source/bands/mordheim/blood-dragons-mou/profiles.yaml/@/profiles/0/equipment_restrictions/0/unclassified;source/bands/mordheim/blood-dragons-mou/profiles.yaml/@/profiles/1/equipment_restrictions/0/unclassified;source/bands/mordheim/disciples-of-maldred-mou/profiles.yaml/@/profiles/0/equipment_restrictions/0/unclassified;source/bands/mordheim/disciples-of-maldred-mou/profiles.yaml/@/profiles/1/equipment_restrictions/0/unclassified,F020,none,equipmentIssue refuses every reachable ranged item
source/bands/mordheim/dreamwalkers-cult-of-morr-fbg/equipment-access.yaml/@/equipment_lists/0/items/7/notes/unclassified,bands/mordheim/dreamwalkers-cult-of-morr-fbg/equipment-access.yaml,current,YES,bearer qualifier: Only Andanti,,metadata_gap,bands/mordheim/dreamwalkers-cult-of-morr-fbg/equipment-access.yaml equipment_lists[0].items[7] (rapier),none,"profileEquipmentItems reads lists/fixed kit, never item notes",source re-extracted with the maintained export (build/audit/reconciliation/B/extract.py): 507/507 hash match; classification by code inspection,per-item bearer/role qualifier is prose-only in equipment-access.yaml,,,"model the qualifier (list applies_to, a forbids token or a band exclusion)",the shared decision refuses the item for every non-qualifying profile
source/bands/mordheim/dreamwalkers-cult-of-morr-fbg/equipment-access.yaml/@/equipment_lists/0/items/8/notes/unclassified,bands/mordheim/dreamwalkers-cult-of-morr-fbg/equipment-access.yaml,current,YES,bearer qualifier: Only Andanti,,metadata_gap,bands/mordheim/dreamwalkers-cult-of-morr-fbg/equipment-access.yaml equipment_lists[0].items[8] (main_gauche),none,"profileEquipmentItems reads lists/fixed kit, never item notes",source re-extracted with the maintained export (build/audit/reconciliation/B/extract.py): 507/507 hash match; classification by code inspection,per-item bearer/role qualifier is prose-only in equipment-access.yaml,,,"model the qualifier (list applies_to, a forbids token or a band exclusion)",the shared decision refuses the item for every non-qualifying profile
source/bands/mordheim/druchii-mic/equipment-access.yaml/@/equipment_lists/0/items/6/notes/unclassified,bands/mordheim/druchii-mic/equipment-access.yaml,current,YES,bearer qualifier: Beastmaster only; 10 + D6 gc; Rare 8,,metadata_gap,bands/mordheim/druchii-mic/equipment-access.yaml equipment_lists[0].items[6] (beastlash),none,"profileEquipmentItems reads lists/fixed kit, never item notes",source re-extracted with the maintained export (build/audit/reconciliation/B/extract.py): 507/507 hash match; classification by code inspection,per-item bearer/role qualifier is prose-only in equipment-access.yaml,,,"model the qualifier (list applies_to, a forbids token or a band exclusion)",the shared decision refuses the item for every non-qualifying profile
source/bands/mordheim/druchii-mic/equipment-access.yaml/@/equipment_lists/3/items/7/notes/unclassified,bands/mordheim/druchii-mic/equipment-access.yaml,current,YES,bearer qualifier: Common for warbands with Witch Elves; Witch Elves only. See the Maibd Poison rule,,metadata_gap,bands/mordheim/druchii-mic/equipment-access.yaml equipment_lists[3].items[7] (black_lotus),none,"profileEquipmentItems reads lists/fixed kit, never item notes",source re-extracted with the maintained export (build/audit/reconciliation/B/extract.py): 507/507 hash match; classification by code inspection,per-item bearer/role qualifier is prose-only in equipment-access.yaml,,,"model the qualifier (list applies_to, a forbids token or a band exclusion)",the shared decision refuses the item for every non-qualifying profile
source/bands/mordheim/dwarf-slayer-cult-web/equipment-access.yaml/@/equipment_lists/1/items/7/notes/unclassified,bands/mordheim/dwarf-slayer-cult-web/equipment-access.yaml,current,YES,bearer qualifier: per pair; Rare 9 (Slayers only),,metadata_gap,bands/mordheim/dwarf-slayer-cult-web/equipment-access.yaml equipment_lists[1].items[7] (whirling_blades),none,"profileEquipmentItems reads lists/fixed kit, never item notes",source re-extracted with the maintained export (build/audit/reconciliation/B/extract.py): 507/507 hash match; classification by code inspection,per-item bearer/role qualifier is prose-only in equipment-access.yaml,,,"model the qualifier (list applies_to, a forbids token or a band exclusion)",the shared decision refuses the item for every non-qualifying profile
source/bands/mordheim/dwarf-slayer-cult-web/equipment-access.yaml/@/equipment_lists/2/items/3/notes/unclassified,bands/mordheim/dwarf-slayer-cult-web/equipment-access.yaml,current,YES,bearer qualifier: Dwarf only,,metadata_gap,bands/mordheim/dwarf-slayer-cult-web/equipment-access.yaml equipment_lists[2].items[3] (dwarf_axe),none,"profileEquipmentItems reads lists/fixed kit, never item notes",source re-extracted with the maintained export (build/audit/reconciliation/B/extract.py): 507/507 hash match; classification by code inspection,per-item bearer/role qualifier is prose-only in equipment-access.yaml,,,"model the qualifier (list applies_to, a forbids token or a band exclusion)",the shared decision refuses the item for every non-qualifying profile
source/bands/mordheim/dwarf-slayers-kaz/equipment-access.yaml/@/equipment_lists/0/items/10/notes/unclassified,bands/mordheim/dwarf-slayers-kaz/equipment-access.yaml,current,YES,printed restriction on pistol: 15 gc (30 for a brace). Slayers may never take missile weapons.,,metadata_gap,bands/mordheim/dwarf-slayers-kaz/equipment-access.yaml equipment_lists[0].items[10] (pistol),item record pistol,index.ts profileEquipmentItems/profileEquipment (declared lists + fixed kit),source re-extracted with the maintained export (build/audit/reconciliation/B/extract.py): 507/507 hash match; classification by code inspection,item-note restriction is not carried by a structured fact,,,"model the restriction (list scope, forbids token or loadout caveat)",the restriction is enforced by the shared decision or explicitly excluded
source/bands/mordheim/dwarf-slayers-kaz/equipment-access.yaml/@/equipment_lists/0/items/11/notes/unclassified,bands/mordheim/dwarf-slayers-kaz/equipment-access.yaml,current,YES,printed restriction on light_armour: Slayers may never take armour.,,metadata_gap,bands/mordheim/dwarf-slayers-kaz/equipment-access.yaml equipment_lists[0].items[11] (light_armour),item record light_armour,index.ts profileEquipmentItems/profileEquipment (declared lists + fixed kit),source re-extracted with the maintained export (build/audit/reconciliation/B/extract.py): 507/507 hash match; classification by code inspection,item-note restriction is not carried by a structured fact,,,"model the restriction (list scope, forbids token or loadout caveat)",the restriction is enforced by the shared decision or explicitly excluded
source/bands/mordheim/dwarf-slayers-kaz/equipment-access.yaml/@/equipment_lists/0/items/12/notes/unclassified,bands/mordheim/dwarf-slayers-kaz/equipment-access.yaml,current,YES,printed restriction on heavy_armour: Slayers may never take armour.,,metadata_gap,bands/mordheim/dwarf-slayers-kaz/equipment-access.yaml equipment_lists[0].items[12] (heavy_armour),item record heavy_armour,index.ts profileEquipmentItems/profileEquipment (declared lists + fixed kit),source re-extracted with the maintained export (build/audit/reconciliation/B/extract.py): 507/507 hash match; classification by code inspection,item-note restriction is not carried by a structured fact,,,"model the restriction (list scope, forbids token or loadout caveat)",the restriction is enforced by the shared decision or explicitly excluded
source/bands/mordheim/dwarf-slayers-kaz/equipment-access.yaml/@/equipment_lists/0/items/13/notes/unclassified,bands/mordheim/dwarf-slayers-kaz/equipment-access.yaml,current,YES,printed restriction on gromril_armour: Slayers may never take armour.,,metadata_gap,bands/mordheim/dwarf-slayers-kaz/equipment-access.yaml equipment_lists[0].items[13] (gromril_armour),item record gromril_armour,index.ts profileEquipmentItems/profileEquipment (declared lists + fixed kit),source re-extracted with the maintained export (build/audit/reconciliation/B/extract.py): 507/507 hash match; classification by code inspection,item-note restriction is not carried by a structured fact,,,"model the restriction (list scope, forbids token or loadout caveat)",the restriction is enforced by the shared decision or explicitly excluded
source/bands/mordheim/dwarf-slayers-kaz/equipment-access.yaml/@/equipment_lists/0/items/14/notes/unclassified,bands/mordheim/dwarf-slayers-kaz/equipment-access.yaml,current,YES,printed restriction on shield: Slayers may never take armour.,,metadata_gap,bands/mordheim/dwarf-slayers-kaz/equipment-access.yaml equipment_lists[0].items[14] (shield),item record shield,index.ts profileEquipmentItems/profileEquipment (declared lists + fixed kit),source re-extracted with the maintained export (build/audit/reconciliation/B/extract.py): 507/507 hash match; classification by code inspection,item-note restriction is not carried by a structured fact,,,"model the restriction (list scope, forbids token or loadout caveat)",the restriction is enforced by the shared decision or explicitly excluded
source/bands/mordheim/dwarf-slayers-kaz/equipment-access.yaml/@/equipment_lists/0/items/15/notes/unclassified,bands/mordheim/dwarf-slayers-kaz/equipment-access.yaml,current,YES,printed restriction on helmet: Slayers may never take armour.,,metadata_gap,bands/mordheim/dwarf-slayers-kaz/equipment-access.yaml equipment_lists[0].items[15] (helmet),item record helmet,index.ts profileEquipmentItems/profileEquipment (declared lists + fixed kit),source re-extracted with the maintained export (build/audit/reconciliation/B/extract.py): 507/507 hash match; classification by code inspection,item-note restriction is not carried by a structured fact,,,"model the restriction (list scope, forbids token or loadout caveat)",the restriction is enforced by the shared decision or explicitly excluded
source/bands/mordheim/estalian-corsairs-sar/profiles.yaml/@/profiles/0/equipment_restrictions/0/unclassified,bands/mordheim/estalian-corsairs-sar/profiles.yaml,current,YES,armour selection refused,,metadata_gap,,none,index.ts equipmentIssue/skillIssue/equipmentSetIssues (batch construction contract),source re-extracted with the maintained export (build/audit/reconciliation/B/extract.py): 507/507 hash match; classification by code inspection,no profile.equipment-restrictions forbids token,source/bands/mordheim/estalian-corsairs-sar/profiles.yaml/@/profiles/1/equipment_restrictions/0/unclassified;source/bands/mordheim/estalian-corsairs-sar/profiles.yaml/@/profiles/2/equipment_restrictions/0/unclassified;source/bands/mordheim/estalian-corsairs-sar/profiles.yaml/@/profiles/3/equipment_restrictions/0/unclassified;source/bands/mordheim/estalian-corsairs-sar/profiles.yaml/@/profiles/4/equipment_restrictions/0/unclassified,F019,publish a forbids: armour binding,equipmentIssue refuses the armour/shield items reachable from the profile lists
source/bands/mordheim/estalian-corsairs-sar/profiles.yaml/@/profiles/1/equipment_restrictions/0/unclassified,bands/mordheim/estalian-corsairs-sar/profiles.yaml,current,YES,armour selection refused,,metadata_gap,,none,index.ts equipmentIssue/skillIssue/equipmentSetIssues (batch construction contract),source re-extracted with the maintained export (build/audit/reconciliation/B/extract.py): 507/507 hash match; classification by code inspection,no profile.equipment-restrictions forbids token,source/bands/mordheim/estalian-corsairs-sar/profiles.yaml/@/profiles/0/equipment_restrictions/0/unclassified;source/bands/mordheim/estalian-corsairs-sar/profiles.yaml/@/profiles/2/equipment_restrictions/0/unclassified;source/bands/mordheim/estalian-corsairs-sar/profiles.yaml/@/profiles/3/equipment_restrictions/0/unclassified;source/bands/mordheim/estalian-corsairs-sar/profiles.yaml/@/profiles/4/equipment_restrictions/0/unclassified,F019,publish a forbids: armour binding,equipmentIssue refuses the armour/shield items reachable from the profile lists
source/bands/mordheim/estalian-corsairs-sar/profiles.yaml/@/profiles/2/equipment_restrictions/0/unclassified,bands/mordheim/estalian-corsairs-sar/profiles.yaml,current,YES,armour selection refused,,metadata_gap,,none,index.ts equipmentIssue/skillIssue/equipmentSetIssues (batch construction contract),source re-extracted with the maintained export (build/audit/reconciliation/B/extract.py): 507/507 hash match; classification by code inspection,no profile.equipment-restrictions forbids token,source/bands/mordheim/estalian-corsairs-sar/profiles.yaml/@/profiles/0/equipment_restrictions/0/unclassified;source/bands/mordheim/estalian-corsairs-sar/profiles.yaml/@/profiles/1/equipment_restrictions/0/unclassified;source/bands/mordheim/estalian-corsairs-sar/profiles.yaml/@/profiles/3/equipment_restrictions/0/unclassified;source/bands/mordheim/estalian-corsairs-sar/profiles.yaml/@/profiles/4/equipment_restrictions/0/unclassified,F019,publish a forbids: armour binding,equipmentIssue refuses the armour/shield items reachable from the profile lists
source/bands/mordheim/estalian-corsairs-sar/profiles.yaml/@/profiles/3/equipment_restrictions/0/unclassified,bands/mordheim/estalian-corsairs-sar/profiles.yaml,current,YES,armour selection refused,,metadata_gap,,none,index.ts equipmentIssue/skillIssue/equipmentSetIssues (batch construction contract),source re-extracted with the maintained export (build/audit/reconciliation/B/extract.py): 507/507 hash match; classification by code inspection,no profile.equipment-restrictions forbids token,source/bands/mordheim/estalian-corsairs-sar/profiles.yaml/@/profiles/0/equipment_restrictions/0/unclassified;source/bands/mordheim/estalian-corsairs-sar/profiles.yaml/@/profiles/1/equipment_restrictions/0/unclassified;source/bands/mordheim/estalian-corsairs-sar/profiles.yaml/@/profiles/2/equipment_restrictions/0/unclassified;source/bands/mordheim/estalian-corsairs-sar/profiles.yaml/@/profiles/4/equipment_restrictions/0/unclassified,F019,publish a forbids: armour binding,equipmentIssue refuses the armour/shield items reachable from the profile lists
source/bands/mordheim/estalian-corsairs-sar/profiles.yaml/@/profiles/4/equipment_restrictions/0/unclassified,bands/mordheim/estalian-corsairs-sar/profiles.yaml,current,YES,armour selection refused,,metadata_gap,,none,index.ts equipmentIssue/skillIssue/equipmentSetIssues (batch construction contract),source re-extracted with the maintained export (build/audit/reconciliation/B/extract.py): 507/507 hash match; classification by code inspection,no profile.equipment-restrictions forbids token,source/bands/mordheim/estalian-corsairs-sar/profiles.yaml/@/profiles/0/equipment_restrictions/0/unclassified;source/bands/mordheim/estalian-corsairs-sar/profiles.yaml/@/profiles/1/equipment_restrictions/0/unclassified;source/bands/mordheim/estalian-corsairs-sar/profiles.yaml/@/profiles/2/equipment_restrictions/0/unclassified;source/bands/mordheim/estalian-corsairs-sar/profiles.yaml/@/profiles/3/equipment_restrictions/0/unclassified,F019,publish a forbids: armour binding,equipmentIssue refuses the armour/shield items reachable from the profile lists
source/bands/mordheim/estalian-corsairs-sar/profiles.yaml/@/profiles/5/equipment_restrictions/1/unclassified,bands/mordheim/estalian-corsairs-sar/profiles.yaml,current,YES,armour selection refused,,metadata_gap,,none,index.ts equipmentIssue/skillIssue/equipmentSetIssues (batch construction contract),source re-extracted with the maintained export (build/audit/reconciliation/B/extract.py): 507/507 hash match; classification by code inspection,no profile.equipment-restrictions forbids token,source/bands/mordheim/estalian-corsairs-sar/profiles.yaml/@/profiles/0/equipment_restrictions/0/unclassified;source/bands/mordheim/estalian-corsairs-sar/profiles.yaml/@/profiles/1/equipment_restrictions/0/unclassified;source/bands/mordheim/estalian-corsairs-sar/profiles.yaml/@/profiles/2/equipment_restrictions/0/unclassified;source/bands/mordheim/estalian-corsairs-sar/profiles.yaml/@/profiles/3/equipment_restrictions/0/unclassified,F019,publish a forbids: armour binding,equipmentIssue refuses the armour/shield items reachable from the profile lists
source/bands/mordheim/fallen-the-rel/profiles.yaml/@/profiles/3/equipment_restrictions/0/unclassified,bands/mordheim/fallen-the-rel/profiles.yaml,current,YES,printed no-equipment/natural-attack clause,combat unarmed/natural-attack consequence (C/D lot),covered,,canonical profile.equipment_lists == [] (no purchasable access),index.ts profileEquipmentItems/profileEquipment (declared lists + fixed kit),source re-extracted with the maintained export (build/audit/reconciliation/B/extract.py): 507/507 hash match; classification by code inspection,,,,none,"the profile offers no purchasable equipment, so the clause cannot be violated"
source/bands/mordheim/fallen-the-rel/profiles.yaml/@/profiles/4/equipment_restrictions/0/unclassified,bands/mordheim/fallen-the-rel/profiles.yaml,current,YES,weapons/armour selection refused,combat unarmed/natural-attack consequence (C/D lot),covered,,subsumed: no armour item reachable,index.ts equipmentIssue/skillIssue/equipmentSetIssues (batch construction contract),source re-extracted with the maintained export (build/audit/reconciliation/B/extract.py): 507/507 hash match; classification by code inspection,,,F019,none,equipmentIssue refuses the armour/shield items reachable from the profile lists
source/bands/mordheim/fallen-the-rel/profiles.yaml/@/profiles/5/equipment_restrictions/0/unclassified,bands/mordheim/fallen-the-rel/profiles.yaml,current,YES,weapons/armour selection refused,combat unarmed/natural-attack consequence (C/D lot),covered,,subsumed: no armour item reachable,index.ts equipmentIssue/skillIssue/equipmentSetIssues (batch construction contract),source re-extracted with the maintained export (build/audit/reconciliation/B/extract.py): 507/507 hash match; classification by code inspection,,,F019,none,equipmentIssue refuses the armour/shield items reachable from the profile lists
source/bands/mordheim/fen-guard-mim/equipment-access.yaml/@/equipment_lists/0/items/10/notes/unclassified,bands/mordheim/fen-guard-mim/equipment-access.yaml,current,YES,bearer qualifier: Heroes only,,metadata_gap,bands/mordheim/fen-guard-mim/equipment-access.yaml equipment_lists[0].items[10] (armour_of_the_willow_wood),none,"profileEquipmentItems reads lists/fixed kit, never item notes",source re-extracted with the maintained export (build/audit/reconciliation/B/extract.py): 507/507 hash match; classification by code inspection,per-item bearer/role qualifier is prose-only in equipment-access.yaml,,,"model the qualifier (list applies_to, a forbids token or a band exclusion)",the shared decision refuses the item for every non-qualifying profile
source/bands/mordheim/fen-guard-mim/equipment-access.yaml/@/equipment_lists/0/items/11/notes/unclassified,bands/mordheim/fen-guard-mim/equipment-access.yaml,current,YES,bearer qualifier: Heroes only,,metadata_gap,bands/mordheim/fen-guard-mim/equipment-access.yaml equipment_lists[0].items[11] (oaken_armour),none,"profileEquipmentItems reads lists/fixed kit, never item notes",source re-extracted with the maintained export (build/audit/reconciliation/B/extract.py): 507/507 hash match; classification by code inspection,per-item bearer/role qualifier is prose-only in equipment-access.yaml,,,"model the qualifier (list applies_to, a forbids token or a band exclusion)",the shared decision refuses the item for every non-qualifying profile
source/bands/mordheim/fen-guard-mim/equipment-access.yaml/@/equipment_lists/0/items/13/notes/unclassified,bands/mordheim/fen-guard-mim/equipment-access.yaml,current,YES,bearer qualifier: text lists 120 gc under Special Equipment; Branchnymph only; Rare 12,,metadata_gap,bands/mordheim/fen-guard-mim/equipment-access.yaml equipment_lists[0].items[13] (horn_of_the_wild_hunt),none,"profileEquipmentItems reads lists/fixed kit, never item notes",source re-extracted with the maintained export (build/audit/reconciliation/B/extract.py): 507/507 hash match; classification by code inspection,per-item bearer/role qualifier is prose-only in equipment-access.yaml,,,"model the qualifier (list applies_to, a forbids token or a band exclusion)",the shared decision refuses the item for every non-qualifying profile
source/bands/mordheim/fen-guard-mim/equipment-access.yaml/@/equipment_lists/0/items/14/notes/unclassified,bands/mordheim/fen-guard-mim/equipment-access.yaml,current,YES,bearer qualifier: Branchwych only,,metadata_gap,bands/mordheim/fen-guard-mim/equipment-access.yaml equipment_lists[0].items[14] (familiar),none,"profileEquipmentItems reads lists/fixed kit, never item notes",source re-extracted with the maintained export (build/audit/reconciliation/B/extract.py): 507/507 hash match; classification by code inspection,per-item bearer/role qualifier is prose-only in equipment-access.yaml,,,"model the qualifier (list applies_to, a forbids token or a band exclusion)",the shared decision refuses the item for every non-qualifying profile
source/bands/mordheim/fen-guard-mim/equipment-access.yaml/@/equipment_lists/0/items/4/notes/unclassified,bands/mordheim/fen-guard-mim/equipment-access.yaml,current,YES,bearer qualifier: Heroes only,,metadata_gap,bands/mordheim/fen-guard-mim/equipment-access.yaml equipment_lists[0].items[4] (whip),none,"profileEquipmentItems reads lists/fixed kit, never item notes",source re-extracted with the maintained export (build/audit/reconciliation/B/extract.py): 507/507 hash match; classification by code inspection,per-item bearer/role qualifier is prose-only in equipment-access.yaml,,,"model the qualifier (list applies_to, a forbids token or a band exclusion)",the shared decision refuses the item for every non-qualifying profile
source/bands/mordheim/fen-guard-mim/equipment-access.yaml/@/equipment_lists/0/items/5/notes/unclassified,bands/mordheim/fen-guard-mim/equipment-access.yaml,current,YES,bearer qualifier: Branchwych only; Rare 10,,metadata_gap,bands/mordheim/fen-guard-mim/equipment-access.yaml equipment_lists[0].items[5] (greenwood_scythe),none,"profileEquipmentItems reads lists/fixed kit, never item notes",source re-extracted with the maintained export (build/audit/reconciliation/B/extract.py): 507/507 hash match; classification by code inspection,per-item bearer/role qualifier is prose-only in equipment-access.yaml,,,"model the qualifier (list applies_to, a forbids token or a band exclusion)",the shared decision refuses the item for every non-qualifying profile
source/bands/mordheim/fen-guard-mim/equipment-access.yaml/@/equipment_lists/0/items/6/notes/unclassified,bands/mordheim/fen-guard-mim/equipment-access.yaml,current,YES,bearer qualifier: Splinters; Heroes only,,metadata_gap,bands/mordheim/fen-guard-mim/equipment-access.yaml equipment_lists[0].items[6] (throwing_knives),none,"profileEquipmentItems reads lists/fixed kit, never item notes",source re-extracted with the maintained export (build/audit/reconciliation/B/extract.py): 507/507 hash match; classification by code inspection,per-item bearer/role qualifier is prose-only in equipment-access.yaml,,,"model the qualifier (list applies_to, a forbids token or a band exclusion)",the shared decision refuses the item for every non-qualifying profile
source/bands/mordheim/fen-guard-mim/equipment-access.yaml/@/equipment_lists/0/items/7/notes/unclassified,bands/mordheim/fen-guard-mim/equipment-access.yaml,current,YES,bearer qualifier: Vine Tendril; Heroes only,,metadata_gap,bands/mordheim/fen-guard-mim/equipment-access.yaml equipment_lists[0].items[7] (fish_hook_shot),none,"profileEquipmentItems reads lists/fixed kit, never item notes",source re-extracted with the maintained export (build/audit/reconciliation/B/extract.py): 507/507 hash match; classification by code inspection,per-item bearer/role qualifier is prose-only in equipment-access.yaml,,,"model the qualifier (list applies_to, a forbids token or a band exclusion)",the shared decision refuses the item for every non-qualifying profile
source/bands/mordheim/fen-guard-mim/equipment-access.yaml/@/equipment_lists/0/items/9/notes/unclassified,bands/mordheim/fen-guard-mim/equipment-access.yaml,current,YES,bearer qualifier: Heroes only; Rare 5,,metadata_gap,bands/mordheim/fen-guard-mim/equipment-access.yaml equipment_lists[0].items[9] (iron_bark),none,"profileEquipmentItems reads lists/fixed kit, never item notes",source re-extracted with the maintained export (build/audit/reconciliation/B/extract.py): 507/507 hash match; classification by code inspection,per-item bearer/role qualifier is prose-only in equipment-access.yaml,,,"model the qualifier (list applies_to, a forbids token or a band exclusion)",the shared decision refuses the item for every non-qualifying profile
source/bands/mordheim/fen-guard-mim/profiles.yaml/@/profiles/4/equipment_restrictions/0/unclassified,bands/mordheim/fen-guard-mim/profiles.yaml,current,YES,printed no-equipment/natural-attack clause,combat unarmed/natural-attack consequence (C/D lot),covered,,canonical profile.equipment_lists == [] (no purchasable access),index.ts profileEquipmentItems/profileEquipment (declared lists + fixed kit),source re-extracted with the maintained export (build/audit/reconciliation/B/extract.py): 507/507 hash match; classification by code inspection,,,,none,"the profile offers no purchasable equipment, so the clause cannot be violated"
source/bands/mordheim/forest-goblins/profiles.yaml/@/profiles/3/equipment_restrictions/0/unclassified,bands/mordheim/forest-goblins/profiles.yaml,current,YES,armour selection refused,,covered,,legacy prose branch (buildRestriction profileSelections),index.ts equipmentIssue/skillIssue/equipmentSetIssues (batch construction contract),source re-extracted with the maintained export (build/audit/reconciliation/B/extract.py): 507/507 hash match; classification by code inspection,,source/bands/mordheim/forest-goblins/profiles.yaml/@/profiles/4/equipment_restrictions/0/unclassified;source/bands/mordheim/forest-goblins/profiles.yaml/@/profiles/5/equipment_restrictions/0/unclassified,F019,none,equipmentIssue refuses the armour/shield items reachable from the profile lists
source/bands/mordheim/forest-goblins/profiles.yaml/@/profiles/4/equipment_restrictions/0/unclassified,bands/mordheim/forest-goblins/profiles.yaml,current,YES,armour selection refused,,covered,,legacy prose branch (buildRestriction profileSelections),index.ts equipmentIssue/skillIssue/equipmentSetIssues (batch construction contract),source re-extracted with the maintained export (build/audit/reconciliation/B/extract.py): 507/507 hash match; classification by code inspection,,source/bands/mordheim/forest-goblins/profiles.yaml/@/profiles/3/equipment_restrictions/0/unclassified;source/bands/mordheim/forest-goblins/profiles.yaml/@/profiles/5/equipment_restrictions/0/unclassified,F019,none,equipmentIssue refuses the armour/shield items reachable from the profile lists
source/bands/mordheim/forest-goblins/profiles.yaml/@/profiles/5/equipment_restrictions/0/unclassified,bands/mordheim/forest-goblins/profiles.yaml,current,YES,armour selection refused,,covered,,legacy prose branch (buildRestriction profileSelections),index.ts equipmentIssue/skillIssue/equipmentSetIssues (batch construction contract),source re-extracted with the maintained export (build/audit/reconciliation/B/extract.py): 507/507 hash match; classification by code inspection,,source/bands/mordheim/forest-goblins/profiles.yaml/@/profiles/3/equipment_restrictions/0/unclassified;source/bands/mordheim/forest-goblins/profiles.yaml/@/profiles/4/equipment_restrictions/0/unclassified,F019,none,equipmentIssue refuses the armour/shield items reachable from the profile lists
source/bands/mordheim/forest-goblins/profiles.yaml/@/profiles/6/equipment_restrictions/0/unclassified,bands/mordheim/forest-goblins/profiles.yaml,current,YES,printed no-equipment/natural-attack clause,combat unarmed/natural-attack consequence (C/D lot),covered,,canonical profile.equipment_lists == [] (no purchasable access),index.ts profileEquipmentItems/profileEquipment (declared lists + fixed kit),source re-extracted with the maintained export (build/audit/reconciliation/B/extract.py): 507/507 hash match; classification by code inspection,,,,none,"the profile offers no purchasable equipment, so the clause cannot be violated"
source/bands/mordheim/ghutani-rel/profiles.yaml/@/profiles/3/equipment_restrictions/0/unclassified,bands/mordheim/ghutani-rel/profiles.yaml,current,YES,a named item/category is restricted to a named bearer/role,,metadata_gap,,none,index.ts equipmentIssue/skillIssue/equipmentSetIssues (batch construction contract),source re-extracted with the maintained export (build/audit/reconciliation/B/extract.py): 507/507 hash match; classification by code inspection,per-item bearer qualifier is prose-only (no qualifier field / forbids token),source/bands/mordheim/ghutani-rel/profiles.yaml/@/profiles/4/equipment_restrictions/0/unclassified;source/bands/mordheim/muzil-rel/profiles.yaml/@/profiles/3/equipment_restrictions/0/unclassified;source/bands/mordheim/turjuk-rel/profiles.yaml/@/profiles/3/equipment_restrictions/0/unclassified,,"model the bearer qualifier (list applies_to, a forbids token or a band exclusion)",the shared decision refuses the item for the non-qualifying profile
source/bands/mordheim/ghutani-rel/profiles.yaml/@/profiles/4/equipment_restrictions/0/unclassified,bands/mordheim/ghutani-rel/profiles.yaml,current,YES,a named item/category is restricted to a named bearer/role,,metadata_gap,,none,index.ts equipmentIssue/skillIssue/equipmentSetIssues (batch construction contract),source re-extracted with the maintained export (build/audit/reconciliation/B/extract.py): 507/507 hash match; classification by code inspection,per-item bearer qualifier is prose-only (no qualifier field / forbids token),source/bands/mordheim/ghutani-rel/profiles.yaml/@/profiles/3/equipment_restrictions/0/unclassified;source/bands/mordheim/muzil-rel/profiles.yaml/@/profiles/3/equipment_restrictions/0/unclassified;source/bands/mordheim/turjuk-rel/profiles.yaml/@/profiles/3/equipment_restrictions/0/unclassified,,"model the bearer qualifier (list applies_to, a forbids token or a band exclusion)",the shared decision refuses the item for the non-qualifying profile
source/bands/mordheim/guild-of-disgraced-engineers-mim/equipment-access.yaml/@/equipment_lists/0/items/15/notes/unclassified,bands/mordheim/guild-of-disgraced-engineers-mim/equipment-access.yaml,current,YES,bearer qualifier: Expelled Engineer only,,metadata_gap,bands/mordheim/guild-of-disgraced-engineers-mim/equipment-access.yaml equipment_lists[0].items[15] (book_of_bad_ideas),none,"profileEquipmentItems reads lists/fixed kit, never item notes",source re-extracted with the maintained export (build/audit/reconciliation/B/extract.py): 507/507 hash match; classification by code inspection,per-item bearer/role qualifier is prose-only in equipment-access.yaml,,,"model the qualifier (list applies_to, a forbids token or a band exclusion)",the shared decision refuses the item for every non-qualifying profile
source/bands/mordheim/high-elves-lus/equipment-access.yaml/@/equipment_lists/0/items/12/notes/unclassified,bands/mordheim/high-elves-lus/equipment-access.yaml,current,YES,bearer qualifier: High Elf Heroes only; starting warband price only,,metadata_gap,bands/mordheim/high-elves-lus/equipment-access.yaml equipment_lists[0].items[12] (ithilmar_armour),none,"profileEquipmentItems reads lists/fixed kit, never item notes",source re-extracted with the maintained export (build/audit/reconciliation/B/extract.py): 507/507 hash match; classification by code inspection,per-item bearer/role qualifier is prose-only in equipment-access.yaml,,,"model the qualifier (list applies_to, a forbids token or a band exclusion)",the shared decision refuses the item for every non-qualifying profile
source/bands/mordheim/high-elves-lus/equipment-access.yaml/@/equipment_lists/0/items/5/notes/unclassified,bands/mordheim/high-elves-lus/equipment-access.yaml,current,YES,bearer qualifier: Loremaster only,,metadata_gap,bands/mordheim/high-elves-lus/equipment-access.yaml equipment_lists[0].items[5] (mage_staff_of_hoeth),none,"profileEquipmentItems reads lists/fixed kit, never item notes",source re-extracted with the maintained export (build/audit/reconciliation/B/extract.py): 507/507 hash match; classification by code inspection,per-item bearer/role qualifier is prose-only in equipment-access.yaml,,,"model the qualifier (list applies_to, a forbids token or a band exclusion)",the shared decision refuses the item for every non-qualifying profile
source/bands/mordheim/high-elves-lus/equipment-access.yaml/@/equipment_lists/0/items/7/notes/unclassified,bands/mordheim/high-elves-lus/equipment-access.yaml,current,YES,bearer qualifier: Sword Warden only,,metadata_gap,bands/mordheim/high-elves-lus/equipment-access.yaml equipment_lists[0].items[7] (elven_greatsword),none,"profileEquipmentItems reads lists/fixed kit, never item notes",source re-extracted with the maintained export (build/audit/reconciliation/B/extract.py): 507/507 hash match; classification by code inspection,per-item bearer/role qualifier is prose-only in equipment-access.yaml,,,"model the qualifier (list applies_to, a forbids token or a band exclusion)",the shared decision refuses the item for every non-qualifying profile
source/bands/mordheim/high-elves-lus/equipment-access.yaml/@/equipment_lists/1/items/6/notes/unclassified,bands/mordheim/high-elves-lus/equipment-access.yaml,current,YES,bearer qualifier: Ranger only,,metadata_gap,bands/mordheim/high-elves-lus/equipment-access.yaml equipment_lists[1].items[6] (elf_bow),none,"profileEquipmentItems reads lists/fixed kit, never item notes",source re-extracted with the maintained export (build/audit/reconciliation/B/extract.py): 507/507 hash match; classification by code inspection,per-item bearer/role qualifier is prose-only in equipment-access.yaml,,,"model the qualifier (list applies_to, a forbids token or a band exclusion)",the shared decision refuses the item for every non-qualifying profile
source/bands/mordheim/high-elves-lus/equipment-access.yaml/@/equipment_lists/2/items/0/notes/unclassified,bands/mordheim/high-elves-lus/equipment-access.yaml,current,YES,bearer qualifier: Rare 10; High Elves only,,metadata_gap,bands/mordheim/high-elves-lus/equipment-access.yaml equipment_lists[2].items[0] (elven_wine),none,"profileEquipmentItems reads lists/fixed kit, never item notes",source re-extracted with the maintained export (build/audit/reconciliation/B/extract.py): 507/507 hash match; classification by code inspection,per-item bearer/role qualifier is prose-only in equipment-access.yaml,,,"model the qualifier (list applies_to, a forbids token or a band exclusion)",the shared decision refuses the item for every non-qualifying profile
source/bands/mordheim/house-guard-sc/equipment-access.yaml/@/equipment_lists/0/items/10/notes/unclassified,bands/mordheim/house-guard-sc/equipment-access.yaml,current,YES,bearer qualifier: House Halcon only,,metadata_gap,bands/mordheim/house-guard-sc/equipment-access.yaml equipment_lists[0].items[10] (long_bow),none,"profileEquipmentItems reads lists/fixed kit, never item notes",source re-extracted with the maintained export (build/audit/reconciliation/B/extract.py): 507/507 hash match; classification by code inspection,per-item bearer/role qualifier is prose-only in equipment-access.yaml,,,"model the qualifier (list applies_to, a forbids token or a band exclusion)",the shared decision refuses the item for every non-qualifying profile
source/bands/mordheim/house-guard-sc/equipment-access.yaml/@/equipment_lists/0/items/12/notes/unclassified,bands/mordheim/house-guard-sc/equipment-access.yaml,current,YES,bearer qualifier: House Baluardo only; special equipment lists 70 gc; Rare 7,,metadata_gap,bands/mordheim/house-guard-sc/equipment-access.yaml equipment_lists[0].items[12] (house_guard_plate_armour),none,"profileEquipmentItems reads lists/fixed kit, never item notes",source re-extracted with the maintained export (build/audit/reconciliation/B/extract.py): 507/507 hash match; classification by code inspection,per-item bearer/role qualifier is prose-only in equipment-access.yaml,,,"model the qualifier (list applies_to, a forbids token or a band exclusion)",the shared decision refuses the item for every non-qualifying profile
source/bands/mordheim/house-guard-sc/equipment-access.yaml/@/equipment_lists/0/items/15/notes/unclassified,bands/mordheim/house-guard-sc/equipment-access.yaml,current,YES,bearer qualifier: House Baluardo only,,metadata_gap,bands/mordheim/house-guard-sc/equipment-access.yaml equipment_lists[0].items[15] (pavise),none,"profileEquipmentItems reads lists/fixed kit, never item notes",source re-extracted with the maintained export (build/audit/reconciliation/B/extract.py): 507/507 hash match; classification by code inspection,per-item bearer/role qualifier is prose-only in equipment-access.yaml,,,"model the qualifier (list applies_to, a forbids token or a band exclusion)",the shared decision refuses the item for every non-qualifying profile
source/bands/mordheim/house-guard-sc/equipment-access.yaml/@/equipment_lists/0/items/4/notes/unclassified,bands/mordheim/house-guard-sc/equipment-access.yaml,current,YES,bearer qualifier: House Fierezza only,,metadata_gap,bands/mordheim/house-guard-sc/equipment-access.yaml equipment_lists[0].items[4] (rapier),none,"profileEquipmentItems reads lists/fixed kit, never item notes",source re-extracted with the maintained export (build/audit/reconciliation/B/extract.py): 507/507 hash match; classification by code inspection,per-item bearer/role qualifier is prose-only in equipment-access.yaml,,,"model the qualifier (list applies_to, a forbids token or a band exclusion)",the shared decision refuses the item for every non-qualifying profile
source/bands/mordheim/house-guard-sc/equipment-access.yaml/@/equipment_lists/0/items/7/notes/unclassified,bands/mordheim/house-guard-sc/equipment-access.yaml,current,YES,bearer qualifier: House Fierezza only,,metadata_gap,bands/mordheim/house-guard-sc/equipment-access.yaml equipment_lists[0].items[7] (sword_breaker),none,"profileEquipmentItems reads lists/fixed kit, never item notes",source re-extracted with the maintained export (build/audit/reconciliation/B/extract.py): 507/507 hash match; classification by code inspection,per-item bearer/role qualifier is prose-only in equipment-access.yaml,,,"model the qualifier (list applies_to, a forbids token or a band exclusion)",the shared decision refuses the item for every non-qualifying profile
source/bands/mordheim/house-guard-sc/equipment-access.yaml/@/equipment_lists/0/items/9/notes/unclassified,bands/mordheim/house-guard-sc/equipment-access.yaml,current,YES,bearer qualifier: House Halcon only,,metadata_gap,bands/mordheim/house-guard-sc/equipment-access.yaml equipment_lists[0].items[9] (crossbow_pistol),none,"profileEquipmentItems reads lists/fixed kit, never item notes",source re-extracted with the maintained export (build/audit/reconciliation/B/extract.py): 507/507 hash match; classification by code inspection,per-item bearer/role qualifier is prose-only in equipment-access.yaml,,,"model the qualifier (list applies_to, a forbids token or a band exclusion)",the shared decision refuses the item for every non-qualifying profile
source/bands/mordheim/house-guard-sc/profiles.yaml/@/profiles/5/equipment_restrictions/0/unclassified,bands/mordheim/house-guard-sc/profiles.yaml,current,YES,weapons/armour selection refused,combat unarmed/natural-attack consequence (C/D lot),covered,,subsumed: no armour item reachable,index.ts equipmentIssue/skillIssue/equipmentSetIssues (batch construction contract),source re-extracted with the maintained export (build/audit/reconciliation/B/extract.py): 507/507 hash match; classification by code inspection,,,F019,none,equipmentIssue refuses the armour/shield items reachable from the profile lists
source/bands/mordheim/khorne-raiders-sar/profiles.yaml/@/profiles/0/equipment_restrictions/0/unclassified,bands/mordheim/khorne-raiders-sar/profiles.yaml,current,YES,armour selection refused,,metadata_gap,,none,index.ts equipmentIssue/skillIssue/equipmentSetIssues (batch construction contract),source re-extracted with the maintained export (build/audit/reconciliation/B/extract.py): 507/507 hash match; classification by code inspection,no profile.equipment-restrictions forbids token,source/bands/mordheim/estalian-corsairs-sar/profiles.yaml/@/profiles/0/equipment_restrictions/0/unclassified;source/bands/mordheim/estalian-corsairs-sar/profiles.yaml/@/profiles/1/equipment_restrictions/0/unclassified;source/bands/mordheim/estalian-corsairs-sar/profiles.yaml/@/profiles/2/equipment_restrictions/0/unclassified;source/bands/mordheim/estalian-corsairs-sar/profiles.yaml/@/profiles/3/equipment_restrictions/0/unclassified,F019,publish a forbids: armour binding,equipmentIssue refuses the armour/shield items reachable from the profile lists
source/bands/mordheim/khorne-raiders-sar/profiles.yaml/@/profiles/1/equipment_restrictions/0/unclassified,bands/mordheim/khorne-raiders-sar/profiles.yaml,current,YES,a named item/category is restricted to a named bearer/role,,metadata_gap,,none,index.ts equipmentIssue/skillIssue/equipmentSetIssues (batch construction contract),source re-extracted with the maintained export (build/audit/reconciliation/B/extract.py): 507/507 hash match; classification by code inspection,per-item bearer qualifier is prose-only (no qualifier field / forbids token),source/bands/mordheim/khorne-raiders-sar/profiles.yaml/@/profiles/4/equipment_restrictions/0/unclassified;source/bands/mordheim/khorne-raiders-sar/profiles.yaml/@/profiles/5/equipment_restrictions/2/unclassified,,"model the bearer qualifier (list applies_to, a forbids token or a band exclusion)",the shared decision refuses the item for the non-qualifying profile
source/bands/mordheim/khorne-raiders-sar/profiles.yaml/@/profiles/2/equipment_restrictions/0/unclassified,bands/mordheim/khorne-raiders-sar/profiles.yaml,current,YES,armour selection refused,,metadata_gap,,none,index.ts equipmentIssue/skillIssue/equipmentSetIssues (batch construction contract),source re-extracted with the maintained export (build/audit/reconciliation/B/extract.py): 507/507 hash match; classification by code inspection,no profile.equipment-restrictions forbids token,source/bands/mordheim/estalian-corsairs-sar/profiles.yaml/@/profiles/0/equipment_restrictions/0/unclassified;source/bands/mordheim/estalian-corsairs-sar/profiles.yaml/@/profiles/1/equipment_restrictions/0/unclassified;source/bands/mordheim/estalian-corsairs-sar/profiles.yaml/@/profiles/2/equipment_restrictions/0/unclassified;source/bands/mordheim/estalian-corsairs-sar/profiles.yaml/@/profiles/3/equipment_restrictions/0/unclassified,F019,publish a forbids: armour binding,equipmentIssue refuses the armour/shield items reachable from the profile lists
source/bands/mordheim/khorne-raiders-sar/profiles.yaml/@/profiles/3/equipment_restrictions/0/unclassified,bands/mordheim/khorne-raiders-sar/profiles.yaml,current,YES,armour selection refused,,metadata_gap,,none,index.ts equipmentIssue/skillIssue/equipmentSetIssues (batch construction contract),source re-extracted with the maintained export (build/audit/reconciliation/B/extract.py): 507/507 hash match; classification by code inspection,no profile.equipment-restrictions forbids token,source/bands/mordheim/estalian-corsairs-sar/profiles.yaml/@/profiles/0/equipment_restrictions/0/unclassified;source/bands/mordheim/estalian-corsairs-sar/profiles.yaml/@/profiles/1/equipment_restrictions/0/unclassified;source/bands/mordheim/estalian-corsairs-sar/profiles.yaml/@/profiles/2/equipment_restrictions/0/unclassified;source/bands/mordheim/estalian-corsairs-sar/profiles.yaml/@/profiles/3/equipment_restrictions/0/unclassified,F019,publish a forbids: armour binding,equipmentIssue refuses the armour/shield items reachable from the profile lists
source/bands/mordheim/khorne-raiders-sar/profiles.yaml/@/profiles/4/equipment_restrictions/0/unclassified,bands/mordheim/khorne-raiders-sar/profiles.yaml,current,YES,a named item/category is restricted to a named bearer/role,,metadata_gap,,none,index.ts equipmentIssue/skillIssue/equipmentSetIssues (batch construction contract),source re-extracted with the maintained export (build/audit/reconciliation/B/extract.py): 507/507 hash match; classification by code inspection,per-item bearer qualifier is prose-only (no qualifier field / forbids token),source/bands/mordheim/khorne-raiders-sar/profiles.yaml/@/profiles/1/equipment_restrictions/0/unclassified;source/bands/mordheim/khorne-raiders-sar/profiles.yaml/@/profiles/5/equipment_restrictions/2/unclassified,,"model the bearer qualifier (list applies_to, a forbids token or a band exclusion)",the shared decision refuses the item for the non-qualifying profile
source/bands/mordheim/khorne-raiders-sar/profiles.yaml/@/profiles/5/equipment_restrictions/0/unclassified,bands/mordheim/khorne-raiders-sar/profiles.yaml,current,YES,printed hand/weapon-category restriction,,metadata_gap,,none,index.ts equipmentIssue/skillIssue/equipmentSetIssues (batch construction contract),source re-extracted with the maintained export (build/audit/reconciliation/B/extract.py): 507/507 hash match; classification by code inspection,no active-weapon-restrictions/forbids binding,,F019,publish the active-weapon-restrictions/forbids binding,activeWeaponIssues/buildRestriction refuse the forbidden category
source/bands/mordheim/khorne-raiders-sar/profiles.yaml/@/profiles/5/equipment_restrictions/1/unclassified,bands/mordheim/khorne-raiders-sar/profiles.yaml,current,YES,named equipment-list access: Madbrain,,covered,,profile.equipment_lists = madbrain-equipment-list,index.ts profileEquipmentItems/profileEquipment (declared lists + fixed kit),source re-extracted with the maintained export (build/audit/reconciliation/B/extract.py): 507/507 hash match; classification by code inspection,,,,none,profileEquipment offers exactly the named list
source/bands/mordheim/khorne-raiders-sar/profiles.yaml/@/profiles/5/equipment_restrictions/2/unclassified,bands/mordheim/khorne-raiders-sar/profiles.yaml,current,YES,a named item/category is restricted to a named bearer/role,,metadata_gap,,none,index.ts equipmentIssue/skillIssue/equipmentSetIssues (batch construction contract),source re-extracted with the maintained export (build/audit/reconciliation/B/extract.py): 507/507 hash match; classification by code inspection,per-item bearer qualifier is prose-only (no qualifier field / forbids token),source/bands/mordheim/khorne-raiders-sar/profiles.yaml/@/profiles/1/equipment_restrictions/0/unclassified;source/bands/mordheim/khorne-raiders-sar/profiles.yaml/@/profiles/4/equipment_restrictions/0/unclassified,,"model the bearer qualifier (list applies_to, a forbids token or a band exclusion)",the shared decision refuses the item for the non-qualifying profile
source/bands/mordheim/kislevites/profiles.yaml/@/profiles/1/equipment_restrictions/0/unclassified,bands/mordheim/kislevites/profiles.yaml,current,YES,armour selection refused,,covered,,legacy prose branch (buildRestriction profileSelections),index.ts equipmentIssue/skillIssue/equipmentSetIssues (batch construction contract),source re-extracted with the maintained export (build/audit/reconciliation/B/extract.py): 507/507 hash match; classification by code inspection,,source/bands/mordheim/kislevites/profiles.yaml/@/profiles/2/equipment_restrictions/0/unclassified;source/bands/mordheim/kislevites/profiles.yaml/@/profiles/3/equipment_restrictions/0/unclassified,F019,none,equipmentIssue refuses the armour/shield items reachable from the profile lists
source/bands/mordheim/kislevites/profiles.yaml/@/profiles/2/equipment_restrictions/0/unclassified,bands/mordheim/kislevites/profiles.yaml,current,YES,armour selection refused,,covered,,legacy prose branch (buildRestriction profileSelections),index.ts equipmentIssue/skillIssue/equipmentSetIssues (batch construction contract),source re-extracted with the maintained export (build/audit/reconciliation/B/extract.py): 507/507 hash match; classification by code inspection,,source/bands/mordheim/kislevites/profiles.yaml/@/profiles/1/equipment_restrictions/0/unclassified;source/bands/mordheim/kislevites/profiles.yaml/@/profiles/3/equipment_restrictions/0/unclassified,F019,none,equipmentIssue refuses the armour/shield items reachable from the profile lists
source/bands/mordheim/kislevites/profiles.yaml/@/profiles/3/equipment_restrictions/0/unclassified,bands/mordheim/kislevites/profiles.yaml,current,YES,armour selection refused,,covered,,legacy prose branch (buildRestriction profileSelections),index.ts equipmentIssue/skillIssue/equipmentSetIssues (batch construction contract),source re-extracted with the maintained export (build/audit/reconciliation/B/extract.py): 507/507 hash match; classification by code inspection,,source/bands/mordheim/kislevites/profiles.yaml/@/profiles/1/equipment_restrictions/0/unclassified;source/bands/mordheim/kislevites/profiles.yaml/@/profiles/2/equipment_restrictions/0/unclassified,F019,none,equipmentIssue refuses the armour/shield items reachable from the profile lists
source/bands/mordheim/kislevites/profiles.yaml/@/profiles/7/equipment_restrictions/0/unclassified,bands/mordheim/kislevites/profiles.yaml,current,YES,weapons/armour selection refused,combat unarmed/natural-attack consequence (C/D lot),covered,,subsumed: no armour item reachable,index.ts equipmentIssue/skillIssue/equipmentSetIssues (batch construction contract),source re-extracted with the maintained export (build/audit/reconciliation/B/extract.py): 507/507 hash match; classification by code inspection,,,F019,none,equipmentIssue refuses the armour/shield items reachable from the profile lists
source/bands/mordheim/knights-of-the-bitter-moors-mim/profiles.yaml/@/profiles/3/equipment_restrictions/0/unclassified,bands/mordheim/knights-of-the-bitter-moors-mim/profiles.yaml,current,YES,missile/ranged weapon selection is refused,,covered,,subsumed: no ranged item reachable,index.ts equipmentIssue/skillIssue/equipmentSetIssues (batch construction contract),source re-extracted with the maintained export (build/audit/reconciliation/B/extract.py): 507/507 hash match; classification by code inspection,,source/bands/mordheim/blood-dragons-mou/profiles.yaml/@/profiles/0/equipment_restrictions/0/unclassified;source/bands/mordheim/blood-dragons-mou/profiles.yaml/@/profiles/1/equipment_restrictions/0/unclassified;source/bands/mordheim/disciples-of-maldred-mou/profiles.yaml/@/profiles/0/equipment_restrictions/0/unclassified;source/bands/mordheim/disciples-of-maldred-mou/profiles.yaml/@/profiles/1/equipment_restrictions/0/unclassified,F020,none,equipmentIssue refuses every reachable ranged item
source/bands/mordheim/knights-of-the-bitter-moors-mim/profiles.yaml/@/profiles/5/equipment_restrictions/0/unclassified,bands/mordheim/knights-of-the-bitter-moors-mim/profiles.yaml,current,YES,missile/ranged weapon selection is refused,,covered,,subsumed: no ranged item reachable,index.ts equipmentIssue/skillIssue/equipmentSetIssues (batch construction contract),source re-extracted with the maintained export (build/audit/reconciliation/B/extract.py): 507/507 hash match; classification by code inspection,,source/bands/mordheim/blood-dragons-mou/profiles.yaml/@/profiles/0/equipment_restrictions/0/unclassified;source/bands/mordheim/blood-dragons-mou/profiles.yaml/@/profiles/1/equipment_restrictions/0/unclassified;source/bands/mordheim/disciples-of-maldred-mou/profiles.yaml/@/profiles/0/equipment_restrictions/0/unclassified;source/bands/mordheim/disciples-of-maldred-mou/profiles.yaml/@/profiles/1/equipment_restrictions/0/unclassified,F020,none,equipmentIssue refuses every reachable ranged item
source/bands/mordheim/lizardmen-lus/equipment-access.yaml/@/equipment_lists/0/items/1/notes/unclassified,bands/mordheim/lizardmen-lus/equipment-access.yaml,current,YES,printed equivalence resolves to the selected canonical item,,covered,bands/mordheim/lizardmen-lus/equipment-access.yaml equipment_lists[0].items[1] (stone_axe),"item record stone_axe (kind trollheim-equipment, mechanic weapon.stone-axe)",index.ts profileEquipmentItems/profileEquipment (declared lists + fixed kit),source re-extracted with the maintained export (build/audit/reconciliation/B/extract.py): 507/507 hash match; classification by code inspection,,source/bands/mordheim/lizardmen-lus/equipment-access.yaml/@/equipment_lists/1/items/1/notes/unclassified,,none,the selected item id already carries the named equivalence
source/bands/mordheim/lizardmen-lus/equipment-access.yaml/@/equipment_lists/1/items/1/notes/unclassified,bands/mordheim/lizardmen-lus/equipment-access.yaml,current,YES,printed equivalence resolves to the selected canonical item,,covered,bands/mordheim/lizardmen-lus/equipment-access.yaml equipment_lists[1].items[1] (stone_axe),"item record stone_axe (kind trollheim-equipment, mechanic weapon.stone-axe)",index.ts profileEquipmentItems/profileEquipment (declared lists + fixed kit),source re-extracted with the maintained export (build/audit/reconciliation/B/extract.py): 507/507 hash match; classification by code inspection,,source/bands/mordheim/lizardmen-lus/equipment-access.yaml/@/equipment_lists/0/items/1/notes/unclassified,,none,the selected item id already carries the named equivalence
source/bands/mordheim/lizardmen-lus/equipment-access.yaml/@/equipment_lists/1/items/10/notes/unclassified,bands/mordheim/lizardmen-lus/equipment-access.yaml,current,YES,bearer qualifier: Skink Priest only,,metadata_gap,bands/mordheim/lizardmen-lus/equipment-access.yaml equipment_lists[1].items[10] (bone_helmet),none,"profileEquipmentItems reads lists/fixed kit, never item notes",source re-extracted with the maintained export (build/audit/reconciliation/B/extract.py): 507/507 hash match; classification by code inspection,per-item bearer/role qualifier is prose-only in equipment-access.yaml,,,"model the qualifier (list applies_to, a forbids token or a band exclusion)",the shared decision refuses the item for every non-qualifying profile
source/bands/mordheim/lizardmen-lus/equipment-access.yaml/@/equipment_lists/1/items/3/notes/unclassified,bands/mordheim/lizardmen-lus/equipment-access.yaml,current,YES,bearer qualifier: Heroes only,,metadata_gap,bands/mordheim/lizardmen-lus/equipment-access.yaml equipment_lists[1].items[3] (sword),none,"profileEquipmentItems reads lists/fixed kit, never item notes",source re-extracted with the maintained export (build/audit/reconciliation/B/extract.py): 507/507 hash match; classification by code inspection,per-item bearer/role qualifier is prose-only in equipment-access.yaml,,,"model the qualifier (list applies_to, a forbids token or a band exclusion)",the shared decision refuses the item for every non-qualifying profile
source/bands/mordheim/lizardmen-lus/equipment-access.yaml/@/equipment_lists/2/items/0/notes/unclassified,bands/mordheim/lizardmen-lus/equipment-access.yaml,current,YES,item line annotation,,metadata_gap,bands/mordheim/lizardmen-lus/equipment-access.yaml equipment_lists[2].items[0] (dark_venom),item record dark_venom,index.ts profileEquipmentItems/profileEquipment (declared lists + fixed kit),source re-extracted with the maintained export (build/audit/reconciliation/B/extract.py): 507/507 hash match; classification by code inspection,unclassified note on dark_venom: Skink Heroes on missile weapons; Saurus on close combat weapons via Trading Chart,,,classify the note and model it if it constrains construction,the note's construction content is carried by a structured fact
source/bands/mordheim/lizardmen-lus/equipment-access.yaml/@/equipment_lists/2/items/1/notes/unclassified,bands/mordheim/lizardmen-lus/equipment-access.yaml,current,YES,item line annotation,,metadata_gap,bands/mordheim/lizardmen-lus/equipment-access.yaml equipment_lists[2].items[1] (black_lotus),item record black_lotus,index.ts profileEquipmentItems/profileEquipment (declared lists + fixed kit),source re-extracted with the maintained export (build/audit/reconciliation/B/extract.py): 507/507 hash match; classification by code inspection,unclassified note on black_lotus: Skink Heroes on missile weapons; Saurus on close combat weapons via Trading Chart,,,classify the note and model it if it constrains construction,the note's construction content is carried by a structured fact
source/bands/mordheim/lizardmen-lus/equipment-access.yaml/@/equipment_lists/2/items/2/notes/unclassified,bands/mordheim/lizardmen-lus/equipment-access.yaml,current,YES,printed restriction on reptile_venom: Skink henchmen; missile weapons; one battle,,metadata_gap,bands/mordheim/lizardmen-lus/equipment-access.yaml equipment_lists[2].items[2] (reptile_venom),item record reptile_venom,index.ts profileEquipmentItems/profileEquipment (declared lists + fixed kit),source re-extracted with the maintained export (build/audit/reconciliation/B/extract.py): 507/507 hash match; classification by code inspection,item-note restriction is not carried by a structured fact,,,"model the restriction (list scope, forbids token or loadout caveat)",the restriction is enforced by the shared decision or explicitly excluded
source/bands/mordheim/lizardmen-lus/equipment-access.yaml/@/equipment_lists/2/items/3/notes/unclassified,bands/mordheim/lizardmen-lus/equipment-access.yaml,current,YES,bearer qualifier: Sacred Marking; Saurus only,,metadata_gap,bands/mordheim/lizardmen-lus/equipment-access.yaml equipment_lists[2].items[3] (oversized_jaws),none,"profileEquipmentItems reads lists/fixed kit, never item notes",source re-extracted with the maintained export (build/audit/reconciliation/B/extract.py): 507/507 hash match; classification by code inspection,per-item bearer/role qualifier is prose-only in equipment-access.yaml,,,"model the qualifier (list applies_to, a forbids token or a band exclusion)",the shared decision refuses the item for every non-qualifying profile
source/bands/mordheim/lizardmen-lus/equipment-access.yaml/@/equipment_lists/2/items/4/notes/unclassified,bands/mordheim/lizardmen-lus/equipment-access.yaml,current,YES,bearer qualifier: Sacred Marking; Skinks only,,metadata_gap,bands/mordheim/lizardmen-lus/equipment-access.yaml equipment_lists[2].items[4] (poison_glands),none,"profileEquipmentItems reads lists/fixed kit, never item notes",source re-extracted with the maintained export (build/audit/reconciliation/B/extract.py): 507/507 hash match; classification by code inspection,per-item bearer/role qualifier is prose-only in equipment-access.yaml,,,"model the qualifier (list applies_to, a forbids token or a band exclusion)",the shared decision refuses the item for every non-qualifying profile
source/bands/mordheim/lords-of-the-marsh-mim/equipment-access.yaml/@/equipment_lists/0/items/1/notes/unclassified,bands/mordheim/lords-of-the-marsh-mim/equipment-access.yaml,current,YES,printed equivalence resolves to the selected canonical item,,covered,bands/mordheim/lords-of-the-marsh-mim/equipment-access.yaml equipment_lists[0].items[1] (mace_hammer),"item record mace_hammer (kind close-combat-weapon, mechanic weapon.mace)",index.ts profileEquipmentItems/profileEquipment (declared lists + fixed kit),source re-extracted with the maintained export (build/audit/reconciliation/B/extract.py): 507/507 hash match; classification by code inspection,,,,none,the selected item id already carries the named equivalence
source/bands/mordheim/lost-the-mou/equipment-access.yaml/@/equipment_lists/0/items/1/notes/unclassified,bands/mordheim/lost-the-mou/equipment-access.yaml,current,YES,bearer qualifier: Heroes only,,metadata_gap,bands/mordheim/lost-the-mou/equipment-access.yaml equipment_lists[0].items[1] (sword),none,"profileEquipmentItems reads lists/fixed kit, never item notes",source re-extracted with the maintained export (build/audit/reconciliation/B/extract.py): 507/507 hash match; classification by code inspection,per-item bearer/role qualifier is prose-only in equipment-access.yaml,,,"model the qualifier (list applies_to, a forbids token or a band exclusion)",the shared decision refuses the item for every non-qualifying profile
source/bands/mordheim/maneaters/equipment-access.yaml/@/equipment_lists/0/items/7/notes/unclassified,bands/mordheim/maneaters/equipment-access.yaml,current,YES,bearer qualifier: Captain only,,metadata_gap,bands/mordheim/maneaters/equipment-access.yaml equipment_lists[0].items[7] (cathayan_longsword),none,"profileEquipmentItems reads lists/fixed kit, never item notes",source re-extracted with the maintained export (build/audit/reconciliation/B/extract.py): 507/507 hash match; classification by code inspection,per-item bearer/role qualifier is prose-only in equipment-access.yaml,,,"model the qualifier (list applies_to, a forbids token or a band exclusion)",the shared decision refuses the item for every non-qualifying profile
source/bands/mordheim/masters-of-horror-sylv/profiles.yaml/@/profiles/2/equipment_restrictions/0/unclassified,bands/mordheim/masters-of-horror-sylv/profiles.yaml,current,YES,printed no-equipment/natural-attack clause,combat unarmed/natural-attack consequence (C/D lot),covered,,canonical profile.equipment_lists == [] (no purchasable access),index.ts profileEquipmentItems/profileEquipment (declared lists + fixed kit),source re-extracted with the maintained export (build/audit/reconciliation/B/extract.py): 507/507 hash match; classification by code inspection,,,,none,"the profile offers no purchasable equipment, so the clause cannot be violated"
source/bands/mordheim/masters-of-horror-sylv/profiles.yaml/@/profiles/4/equipment_restrictions/0/unclassified,bands/mordheim/masters-of-horror-sylv/profiles.yaml,current,YES,printed no-equipment/natural-attack clause,combat unarmed/natural-attack consequence (C/D lot),covered,,canonical profile.equipment_lists == [] (no purchasable access),index.ts profileEquipmentItems/profileEquipment (declared lists + fixed kit),source re-extracted with the maintained export (build/audit/reconciliation/B/extract.py): 507/507 hash match; classification by code inspection,,,,none,"the profile offers no purchasable equipment, so the clause cannot be violated"
source/bands/mordheim/masters-of-horror-sylv/profiles.yaml/@/profiles/5/equipment_restrictions/0/unclassified,bands/mordheim/masters-of-horror-sylv/profiles.yaml,current,YES,printed no-equipment/natural-attack clause,combat unarmed/natural-attack consequence (C/D lot),covered,,canonical profile.equipment_lists == [] (no purchasable access),index.ts profileEquipmentItems/profileEquipment (declared lists + fixed kit),source re-extracted with the maintained export (build/audit/reconciliation/B/extract.py): 507/507 hash match; classification by code inspection,,,,none,"the profile offers no purchasable equipment, so the clause cannot be violated"
source/bands/mordheim/mazzalupo-web/equipment-access.yaml/@/equipment_lists/0/items/14/notes/unclassified,bands/mordheim/mazzalupo-web/equipment-access.yaml,current,NO,,mount/ridden clause (out of the 1v1 duel construction),out_of_scope,bands/mordheim/mazzalupo-web/equipment-access.yaml equipment_lists[0].items[14] (horse),item record mount state,mounts are excluded by the governing 1v1 scope,source re-extracted with the maintained export (build/audit/reconciliation/B/extract.py): 507/507 hash match; classification by code inspection,,,,none in B,the mount clause stays excluded; profile items remain the only construction fact
source/bands/mordheim/mazzalupo-web/equipment-access.yaml/@/equipment_lists/2/items/13/notes/unclassified,bands/mordheim/mazzalupo-web/equipment-access.yaml,current,YES,bearer qualifier: Sheepherders only; see Special Equipment (Strength test to acquire at warband creation exempt),,metadata_gap,bands/mordheim/mazzalupo-web/equipment-access.yaml equipment_lists[2].items[13] (bearcloak),none,"profileEquipmentItems reads lists/fixed kit, never item notes",source re-extracted with the maintained export (build/audit/reconciliation/B/extract.py): 507/507 hash match; classification by code inspection,per-item bearer/role qualifier is prose-only in equipment-access.yaml,,,"model the qualifier (list applies_to, a forbids token or a band exclusion)",the shared decision refuses the item for every non-qualifying profile
source/bands/mordheim/metal-mongers-mim/equipment-access.yaml/@/equipment_lists/0/items/1/notes/unclassified,bands/mordheim/metal-mongers-mim/equipment-access.yaml,current,YES,printed equivalence resolves to the selected canonical item,,covered,bands/mordheim/metal-mongers-mim/equipment-access.yaml equipment_lists[0].items[1] (wrench),"item record wrench (kind close-combat-weapon, mechanic weapon.mace)",index.ts profileEquipmentItems/profileEquipment (declared lists + fixed kit),source re-extracted with the maintained export (build/audit/reconciliation/B/extract.py): 507/507 hash match; classification by code inspection,,source/bands/mordheim/metal-mongers-mim/equipment-access.yaml/@/equipment_lists/1/items/1/notes/unclassified,,none,the selected item id already carries the named equivalence
source/bands/mordheim/metal-mongers-mim/equipment-access.yaml/@/equipment_lists/0/items/15/notes/unclassified,bands/mordheim/metal-mongers-mim/equipment-access.yaml,current,YES,bearer qualifier: Engineer Adept only; Rare 13,,metadata_gap,bands/mordheim/metal-mongers-mim/equipment-access.yaml equipment_lists[0].items[15] (pneumatic_arm),none,"profileEquipmentItems reads lists/fixed kit, never item notes",source re-extracted with the maintained export (build/audit/reconciliation/B/extract.py): 507/507 hash match; classification by code inspection,per-item bearer/role qualifier is prose-only in equipment-access.yaml,,,"model the qualifier (list applies_to, a forbids token or a band exclusion)",the shared decision refuses the item for every non-qualifying profile
source/bands/mordheim/metal-mongers-mim/equipment-access.yaml/@/equipment_lists/0/items/2/notes/unclassified,bands/mordheim/metal-mongers-mim/equipment-access.yaml,current,YES,printed equivalence resolves to the selected canonical item,,covered,bands/mordheim/metal-mongers-mim/equipment-access.yaml equipment_lists[0].items[2] (sword),"item record sword (kind close-combat-weapon, mechanic weapon.sword)",index.ts profileEquipmentItems/profileEquipment (declared lists + fixed kit),source re-extracted with the maintained export (build/audit/reconciliation/B/extract.py): 507/507 hash match; classification by code inspection,,source/bands/mordheim/metal-mongers-mim/equipment-access.yaml/@/equipment_lists/1/items/2/notes/unclassified,,none,the selected item id already carries the named equivalence
source/bands/mordheim/metal-mongers-mim/equipment-access.yaml/@/equipment_lists/0/items/8/notes/unclassified,bands/mordheim/metal-mongers-mim/equipment-access.yaml,current,YES,printed equivalence resolves to the selected canonical item,,covered,bands/mordheim/metal-mongers-mim/equipment-access.yaml equipment_lists[0].items[8] (warplock_rifle),"item record warplock_rifle (kind ranged-weapon, mechanic None)",index.ts profileEquipmentItems/profileEquipment (declared lists + fixed kit),source re-extracted with the maintained export (build/audit/reconciliation/B/extract.py): 507/507 hash match; classification by code inspection,,,,none,the selected item id already carries the named equivalence
source/bands/mordheim/metal-mongers-mim/equipment-access.yaml/@/equipment_lists/0/items/9/notes/unclassified,bands/mordheim/metal-mongers-mim/equipment-access.yaml,current,YES,printed equivalence resolves to the selected canonical item,,covered,bands/mordheim/metal-mongers-mim/equipment-access.yaml equipment_lists[0].items[9] (jezzail),"item record jezzail (kind ranged-weapon, mechanic None)",index.ts profileEquipmentItems/profileEquipment (declared lists + fixed kit),source re-extracted with the maintained export (build/audit/reconciliation/B/extract.py): 507/507 hash match; classification by code inspection,,,,none,the selected item id already carries the named equivalence
source/bands/mordheim/metal-mongers-mim/equipment-access.yaml/@/equipment_lists/1/items/1/notes/unclassified,bands/mordheim/metal-mongers-mim/equipment-access.yaml,current,YES,printed equivalence resolves to the selected canonical item,,covered,bands/mordheim/metal-mongers-mim/equipment-access.yaml equipment_lists[1].items[1] (wrench),"item record wrench (kind close-combat-weapon, mechanic weapon.mace)",index.ts profileEquipmentItems/profileEquipment (declared lists + fixed kit),source re-extracted with the maintained export (build/audit/reconciliation/B/extract.py): 507/507 hash match; classification by code inspection,,source/bands/mordheim/metal-mongers-mim/equipment-access.yaml/@/equipment_lists/0/items/1/notes/unclassified,,none,the selected item id already carries the named equivalence
source/bands/mordheim/metal-mongers-mim/equipment-access.yaml/@/equipment_lists/1/items/2/notes/unclassified,bands/mordheim/metal-mongers-mim/equipment-access.yaml,current,YES,printed equivalence resolves to the selected canonical item,,covered,bands/mordheim/metal-mongers-mim/equipment-access.yaml equipment_lists[1].items[2] (sword),"item record sword (kind close-combat-weapon, mechanic weapon.sword)",index.ts profileEquipmentItems/profileEquipment (declared lists + fixed kit),source re-extracted with the maintained export (build/audit/reconciliation/B/extract.py): 507/507 hash match; classification by code inspection,,source/bands/mordheim/metal-mongers-mim/equipment-access.yaml/@/equipment_lists/0/items/2/notes/unclassified,,none,the selected item id already carries the named equivalence
source/bands/mordheim/metal-mongers-mim/profiles.yaml/@/profiles/5/equipment_restrictions/0/unclassified,bands/mordheim/metal-mongers-mim/profiles.yaml,current,YES,printed no-equipment/natural-attack clause,combat unarmed/natural-attack consequence (C/D lot),covered,,canonical profile.equipment_lists == [] (no purchasable access),index.ts profileEquipmentItems/profileEquipment (declared lists + fixed kit),source re-extracted with the maintained export (build/audit/reconciliation/B/extract.py): 507/507 hash match; classification by code inspection,,,,none,"the profile offers no purchasable equipment, so the clause cannot be violated"
source/bands/mordheim/muzil-rel/profiles.yaml/@/profiles/3/equipment_restrictions/0/unclassified,bands/mordheim/muzil-rel/profiles.yaml,current,YES,a named item/category is restricted to a named bearer/role,,metadata_gap,,none,index.ts equipmentIssue/skillIssue/equipmentSetIssues (batch construction contract),source re-extracted with the maintained export (build/audit/reconciliation/B/extract.py): 507/507 hash match; classification by code inspection,per-item bearer qualifier is prose-only (no qualifier field / forbids token),source/bands/mordheim/ghutani-rel/profiles.yaml/@/profiles/3/equipment_restrictions/0/unclassified;source/bands/mordheim/ghutani-rel/profiles.yaml/@/profiles/4/equipment_restrictions/0/unclassified;source/bands/mordheim/turjuk-rel/profiles.yaml/@/profiles/3/equipment_restrictions/0/unclassified,,"model the bearer qualifier (list applies_to, a forbids token or a band exclusion)",the shared decision refuses the item for the non-qualifying profile
source/bands/mordheim/necrarchs-mou/equipment-access.yaml/@/equipment_lists/0/items/10/notes/unclassified,bands/mordheim/necrarchs-mou/equipment-access.yaml,current,YES,printed restriction on heavy_armour: Nosferatu will never wear armour,,metadata_gap,bands/mordheim/necrarchs-mou/equipment-access.yaml equipment_lists[0].items[10] (heavy_armour),item record heavy_armour,index.ts profileEquipmentItems/profileEquipment (declared lists + fixed kit),source re-extracted with the maintained export (build/audit/reconciliation/B/extract.py): 507/507 hash match; classification by code inspection,item-note restriction is not carried by a structured fact,,,"model the restriction (list scope, forbids token or loadout caveat)",the restriction is enforced by the shared decision or explicitly excluded
source/bands/mordheim/necrarchs-mou/equipment-access.yaml/@/equipment_lists/0/items/9/notes/unclassified,bands/mordheim/necrarchs-mou/equipment-access.yaml,current,YES,printed restriction on light_armour: Nosferatu will never wear armour,,metadata_gap,bands/mordheim/necrarchs-mou/equipment-access.yaml equipment_lists[0].items[9] (light_armour),item record light_armour,index.ts profileEquipmentItems/profileEquipment (declared lists + fixed kit),source re-extracted with the maintained export (build/audit/reconciliation/B/extract.py): 507/507 hash match; classification by code inspection,item-note restriction is not carried by a structured fact,,,"model the restriction (list scope, forbids token or loadout caveat)",the restriction is enforced by the shared decision or explicitly excluded
source/bands/mordheim/necrarchs-mou/equipment-access.yaml/@/equipment_lists/1/items/12/notes/unclassified,bands/mordheim/necrarchs-mou/equipment-access.yaml,current,YES,bearer qualifier: Defiled only Defiled only,,metadata_gap,bands/mordheim/necrarchs-mou/equipment-access.yaml equipment_lists[1].items[12] (short_bow),none,"profileEquipmentItems reads lists/fixed kit, never item notes",source re-extracted with the maintained export (build/audit/reconciliation/B/extract.py): 507/507 hash match; classification by code inspection,per-item bearer/role qualifier is prose-only in equipment-access.yaml,,,"model the qualifier (list applies_to, a forbids token or a band exclusion)",the shared decision refuses the item for every non-qualifying profile
source/bands/mordheim/necrarchs-mou/equipment-access.yaml/@/equipment_lists/1/items/13/notes/unclassified,bands/mordheim/necrarchs-mou/equipment-access.yaml,current,YES,bearer qualifier: Defiled only Defiled only,,metadata_gap,bands/mordheim/necrarchs-mou/equipment-access.yaml equipment_lists[1].items[13] (bow),none,"profileEquipmentItems reads lists/fixed kit, never item notes",source re-extracted with the maintained export (build/audit/reconciliation/B/extract.py): 507/507 hash match; classification by code inspection,per-item bearer/role qualifier is prose-only in equipment-access.yaml,,,"model the qualifier (list applies_to, a forbids token or a band exclusion)",the shared decision refuses the item for every non-qualifying profile
source/bands/mordheim/night-goblins-kaz/equipment-access.yaml/@/equipment_lists/1/items/2/notes/unclassified,bands/mordheim/night-goblins-kaz/equipment-access.yaml,current,YES,bearer qualifier: Common (Fanatics only); rules as Best of TC,,metadata_gap,bands/mordheim/night-goblins-kaz/equipment-access.yaml equipment_lists[1].items[2] (ball_chain),none,"profileEquipmentItems reads lists/fixed kit, never item notes",source re-extracted with the maintained export (build/audit/reconciliation/B/extract.py): 507/507 hash match; classification by code inspection,per-item bearer/role qualifier is prose-only in equipment-access.yaml,,,"model the qualifier (list applies_to, a forbids token or a band exclusion)",the shared decision refuses the item for every non-qualifying profile
source/bands/mordheim/night-goblins-kaz/equipment-access.yaml/@/equipment_lists/1/items/3/notes/unclassified,bands/mordheim/night-goblins-kaz/equipment-access.yaml,current,YES,item line annotation,,metadata_gap,bands/mordheim/night-goblins-kaz/equipment-access.yaml equipment_lists[1].items[3] (mad_cap_mushrooms),item record mad_cap_mushrooms,index.ts profileEquipmentItems/profileEquipment (declared lists + fixed kit),source re-extracted with the maintained export (build/audit/reconciliation/B/extract.py): 507/507 hash match; classification by code inspection,unclassified note on mad_cap_mushrooms: Common (all Night Goblins); rules as Mordheim rulebook.,,,classify the note and model it if it constrains construction,the note's construction content is carried by a structured fact
source/bands/mordheim/night-goblins-kaz/profiles.yaml/@/profiles/5/equipment_restrictions/0/unclassified,bands/mordheim/night-goblins-kaz/profiles.yaml,current,YES,weapons/armour selection refused,combat unarmed/natural-attack consequence (C/D lot),covered,,subsumed: no armour item reachable,index.ts equipmentIssue/skillIssue/equipmentSetIssues (batch construction contract),source re-extracted with the maintained export (build/audit/reconciliation/B/extract.py): 507/507 hash match; classification by code inspection,,,F019,none,equipmentIssue refuses the armour/shield items reachable from the profile lists
source/bands/mordheim/night-goblins-kaz/profiles.yaml/@/profiles/6/equipment_restrictions/0/unclassified,bands/mordheim/night-goblins-kaz/profiles.yaml,current,YES,weapons/armour selection refused,combat unarmed/natural-attack consequence (C/D lot),covered,,subsumed: no armour item reachable,index.ts equipmentIssue/skillIssue/equipmentSetIssues (batch construction contract),source re-extracted with the maintained export (build/audit/reconciliation/B/extract.py): 507/507 hash match; classification by code inspection,,,F019,none,equipmentIssue refuses the armour/shield items reachable from the profile lists
source/bands/mordheim/night-goblins-kaz/profiles.yaml/@/profiles/7/equipment_restrictions/0/unclassified,bands/mordheim/night-goblins-kaz/profiles.yaml,current,YES,printed no-equipment/natural-attack clause,,covered,,canonical profile.equipment_lists == [] (no purchasable access),index.ts profileEquipmentItems/profileEquipment (declared lists + fixed kit),source re-extracted with the maintained export (build/audit/reconciliation/B/extract.py): 507/507 hash match; classification by code inspection,,,,none,"the profile offers no purchasable equipment, so the clause cannot be violated"
source/bands/mordheim/night-goblins-web/profiles.yaml/@/profiles/6/equipment_restrictions/0/unclassified,bands/mordheim/night-goblins-web/profiles.yaml,current,YES,weapons/armour selection refused,combat unarmed/natural-attack consequence (C/D lot),covered,,subsumed: no armour item reachable,index.ts equipmentIssue/skillIssue/equipmentSetIssues (batch construction contract),source re-extracted with the maintained export (build/audit/reconciliation/B/extract.py): 507/507 hash match; classification by code inspection,,source/bands/mordheim/orc-mob/profiles.yaml/@/profiles/5/equipment_restrictions/0/unclassified;source/bands/mordheim/savage-orcs-sar/profiles.yaml/@/profiles/5/equipment_restrictions/0/unclassified,F019,none,equipmentIssue refuses the armour/shield items reachable from the profile lists
source/bands/mordheim/night-goblins-web/profiles.yaml/@/profiles/7/equipment_restrictions/0/unclassified,bands/mordheim/night-goblins-web/profiles.yaml,current,YES,printed no-equipment/natural-attack clause,,covered,,canonical profile.equipment_lists == [] (no purchasable access),index.ts profileEquipmentItems/profileEquipment (declared lists + fixed kit),source re-extracted with the maintained export (build/audit/reconciliation/B/extract.py): 507/507 hash match; classification by code inspection,,,,none,"the profile offers no purchasable equipment, so the clause cannot be violated"
source/bands/mordheim/night-goblins-web/profiles.yaml/@/profiles/8/equipment_restrictions/0/unclassified,bands/mordheim/night-goblins-web/profiles.yaml,current,YES,weapons/armour selection refused,combat unarmed/natural-attack consequence (C/D lot),covered,,subsumed: no armour item reachable,index.ts equipmentIssue/skillIssue/equipmentSetIssues (batch construction contract),source re-extracted with the maintained export (build/audit/reconciliation/B/extract.py): 507/507 hash match; classification by code inspection,,,F019,none,equipmentIssue refuses the armour/shield items reachable from the profile lists
source/bands/mordheim/night-goblins-web/profiles.yaml/@/profiles/9/equipment_restrictions/0/unclassified,bands/mordheim/night-goblins-web/profiles.yaml,current,YES,armour selection refused,,covered,,subsumed: no armour item reachable,index.ts equipmentIssue/skillIssue/equipmentSetIssues (batch construction contract),source re-extracted with the maintained export (build/audit/reconciliation/B/extract.py): 507/507 hash match; classification by code inspection,,source/bands/mordheim/black-orcs/profiles.yaml/@/profiles/6/equipment_restrictions/0/unclassified;source/bands/mordheim/orc-mob/profiles.yaml/@/profiles/6/equipment_restrictions/0/unclassified;source/bands/mordheim/savage-orcs-sar/profiles.yaml/@/profiles/6/equipment_restrictions/0/unclassified,F019,none,equipmentIssue refuses the armour/shield items reachable from the profile lists
source/bands/mordheim/nipponese-expedition-web/profiles.yaml/@/profiles/1/equipment_restrictions/0/unclassified,bands/mordheim/nipponese-expedition-web/profiles.yaml,current,YES,printed no-equipment/natural-attack clause,,covered,,canonical profile.equipment_lists == [] (no purchasable access),index.ts profileEquipmentItems/profileEquipment (declared lists + fixed kit),source re-extracted with the maintained export (build/audit/reconciliation/B/extract.py): 507/507 hash match; classification by code inspection,,,,none,"the profile offers no purchasable equipment, so the clause cannot be violated"
source/bands/mordheim/nipponese-expedition-web/profiles.yaml/@/profiles/1/equipment_restrictions/1/unclassified,bands/mordheim/nipponese-expedition-web/profiles.yaml,current,YES,printed no-equipment/natural-attack clause,,covered,,canonical profile.equipment_lists == [] (no purchasable access),index.ts profileEquipmentItems/profileEquipment (declared lists + fixed kit),source re-extracted with the maintained export (build/audit/reconciliation/B/extract.py): 507/507 hash match; classification by code inspection,,,,none,"the profile offers no purchasable equipment, so the clause cannot be violated"
source/bands/mordheim/nipponese-expedition-web/profiles.yaml/@/profiles/6/equipment_restrictions/0/unclassified,bands/mordheim/nipponese-expedition-web/profiles.yaml,current,YES,armour selection refused,,metadata_gap,,none,index.ts equipmentIssue/skillIssue/equipmentSetIssues (batch construction contract),source re-extracted with the maintained export (build/audit/reconciliation/B/extract.py): 507/507 hash match; classification by code inspection,no profile.equipment-restrictions forbids token,source/bands/mordheim/estalian-corsairs-sar/profiles.yaml/@/profiles/0/equipment_restrictions/0/unclassified;source/bands/mordheim/estalian-corsairs-sar/profiles.yaml/@/profiles/1/equipment_restrictions/0/unclassified;source/bands/mordheim/estalian-corsairs-sar/profiles.yaml/@/profiles/2/equipment_restrictions/0/unclassified;source/bands/mordheim/estalian-corsairs-sar/profiles.yaml/@/profiles/3/equipment_restrictions/0/unclassified,F019,publish a forbids: armour binding,equipmentIssue refuses the armour/shield items reachable from the profile lists
source/bands/mordheim/norse-explorers-lustria/profiles.yaml/@/profiles/2/equipment_restrictions/0/unclassified,bands/mordheim/norse-explorers-lustria/profiles.yaml,current,YES,weapons/armour selection refused,combat unarmed/natural-attack consequence (C/D lot),covered,,legacy prose branch (buildRestriction profileSelections),index.ts equipmentIssue/skillIssue/equipmentSetIssues (batch construction contract),source re-extracted with the maintained export (build/audit/reconciliation/B/extract.py): 507/507 hash match; classification by code inspection,,,F019,none,equipmentIssue refuses the armour/shield items reachable from the profile lists
source/bands/mordheim/norse-explorers-lustria/profiles.yaml/@/profiles/6/equipment_restrictions/0/unclassified,bands/mordheim/norse-explorers-lustria/profiles.yaml,current,YES,weapons/armour selection refused,combat unarmed/natural-attack consequence (C/D lot),covered,,subsumed: no armour item reachable,index.ts equipmentIssue/skillIssue/equipmentSetIssues (batch construction contract),source re-extracted with the maintained export (build/audit/reconciliation/B/extract.py): 507/507 hash match; classification by code inspection,,,F019,none,equipmentIssue refuses the armour/shield items reachable from the profile lists
source/bands/mordheim/orc-mob/profiles.yaml/@/profiles/5/equipment_restrictions/0/unclassified,bands/mordheim/orc-mob/profiles.yaml,current,YES,weapons/armour selection refused,combat unarmed/natural-attack consequence (C/D lot),covered,,subsumed: no armour item reachable,index.ts equipmentIssue/skillIssue/equipmentSetIssues (batch construction contract),source re-extracted with the maintained export (build/audit/reconciliation/B/extract.py): 507/507 hash match; classification by code inspection,,source/bands/mordheim/night-goblins-web/profiles.yaml/@/profiles/6/equipment_restrictions/0/unclassified;source/bands/mordheim/savage-orcs-sar/profiles.yaml/@/profiles/5/equipment_restrictions/0/unclassified,F019,none,equipmentIssue refuses the armour/shield items reachable from the profile lists
source/bands/mordheim/orc-mob/profiles.yaml/@/profiles/6/equipment_restrictions/0/unclassified,bands/mordheim/orc-mob/profiles.yaml,current,YES,armour selection refused,,covered,,subsumed: no armour item reachable,index.ts equipmentIssue/skillIssue/equipmentSetIssues (batch construction contract),source re-extracted with the maintained export (build/audit/reconciliation/B/extract.py): 507/507 hash match; classification by code inspection,,source/bands/mordheim/black-orcs/profiles.yaml/@/profiles/6/equipment_restrictions/0/unclassified;source/bands/mordheim/night-goblins-web/profiles.yaml/@/profiles/9/equipment_restrictions/0/unclassified;source/bands/mordheim/savage-orcs-sar/profiles.yaml/@/profiles/6/equipment_restrictions/0/unclassified,F019,none,equipmentIssue refuses the armour/shield items reachable from the profile lists
source/bands/mordheim/orc-pirates-sar/equipment-access.yaml/@/equipment_lists/0/items/2/notes/unclassified,bands/mordheim/orc-pirates-sar/equipment-access.yaml,current,YES,bearer qualifier: Heroes only,,metadata_gap,bands/mordheim/orc-pirates-sar/equipment-access.yaml equipment_lists[0].items[2] (cat_o_nine_tails),none,"profileEquipmentItems reads lists/fixed kit, never item notes",source re-extracted with the maintained export (build/audit/reconciliation/B/extract.py): 507/507 hash match; classification by code inspection,per-item bearer/role qualifier is prose-only in equipment-access.yaml,source/bands/mordheim/orc-pirates-sar/equipment-access.yaml/@/equipment_lists/1/items/4/notes/unclassified,,"model the qualifier (list applies_to, a forbids token or a band exclusion)",the shared decision refuses the item for every non-qualifying profile
source/bands/mordheim/orc-pirates-sar/equipment-access.yaml/@/equipment_lists/1/items/12/notes/unclassified,bands/mordheim/orc-pirates-sar/equipment-access.yaml,current,YES,bearer qualifier: Enjuneer only,,metadata_gap,bands/mordheim/orc-pirates-sar/equipment-access.yaml equipment_lists[1].items[12] (fire_bomb),none,"profileEquipmentItems reads lists/fixed kit, never item notes",source re-extracted with the maintained export (build/audit/reconciliation/B/extract.py): 507/507 hash match; classification by code inspection,per-item bearer/role qualifier is prose-only in equipment-access.yaml,,,"model the qualifier (list applies_to, a forbids token or a band exclusion)",the shared decision refuses the item for every non-qualifying profile
source/bands/mordheim/orc-pirates-sar/equipment-access.yaml/@/equipment_lists/1/items/4/notes/unclassified,bands/mordheim/orc-pirates-sar/equipment-access.yaml,current,YES,bearer qualifier: Heroes only,,metadata_gap,bands/mordheim/orc-pirates-sar/equipment-access.yaml equipment_lists[1].items[4] (cat_o_nine_tails),none,"profileEquipmentItems reads lists/fixed kit, never item notes",source re-extracted with the maintained export (build/audit/reconciliation/B/extract.py): 507/507 hash match; classification by code inspection,per-item bearer/role qualifier is prose-only in equipment-access.yaml,source/bands/mordheim/orc-pirates-sar/equipment-access.yaml/@/equipment_lists/0/items/2/notes/unclassified,,"model the qualifier (list applies_to, a forbids token or a band exclusion)",the shared decision refuses the item for every non-qualifying profile
source/bands/mordheim/orc-pirates-sar/equipment-access.yaml/@/equipment_lists/1/items/7/notes/unclassified,bands/mordheim/orc-pirates-sar/equipment-access.yaml,current,YES,bearer qualifier: 30 for a brace; Enjuneer only,,metadata_gap,bands/mordheim/orc-pirates-sar/equipment-access.yaml equipment_lists[1].items[7] (pistol),none,"profileEquipmentItems reads lists/fixed kit, never item notes",source re-extracted with the maintained export (build/audit/reconciliation/B/extract.py): 507/507 hash match; classification by code inspection,per-item bearer/role qualifier is prose-only in equipment-access.yaml,,,"model the qualifier (list applies_to, a forbids token or a band exclusion)",the shared decision refuses the item for every non-qualifying profile
source/bands/mordheim/orc-pirates-sar/equipment-access.yaml/@/equipment_lists/1/items/8/notes/unclassified,bands/mordheim/orc-pirates-sar/equipment-access.yaml,current,YES,bearer qualifier: 40 for a brace; Enjuneer only,,metadata_gap,bands/mordheim/orc-pirates-sar/equipment-access.yaml equipment_lists[1].items[8] (booma_pistol),none,"profileEquipmentItems reads lists/fixed kit, never item notes",source re-extracted with the maintained export (build/audit/reconciliation/B/extract.py): 507/507 hash match; classification by code inspection,per-item bearer/role qualifier is prose-only in equipment-access.yaml,,,"model the qualifier (list applies_to, a forbids token or a band exclusion)",the shared decision refuses the item for every non-qualifying profile
source/bands/mordheim/ostlanders/profiles.yaml/@/profiles/2/equipment_restrictions/0/unclassified,bands/mordheim/ostlanders/profiles.yaml,current,YES,heavy armour is refused,,covered,,forbids heavy-armour,index.ts equipmentIssue/skillIssue/equipmentSetIssues (batch construction contract),source re-extracted with the maintained export (build/audit/reconciliation/B/extract.py): 507/507 hash match; classification by code inspection,,,F019,none,equipmentIssue refuses the HEAVY_ARMOUR mechanics
source/bands/mordheim/ostlanders/profiles.yaml/@/profiles/5/equipment_restrictions/0/unclassified,bands/mordheim/ostlanders/profiles.yaml,current,YES,missile/ranged weapon selection is refused,,covered,,compiler.no-missile-weapons,index.ts equipmentIssue/skillIssue/equipmentSetIssues (batch construction contract),source re-extracted with the maintained export (build/audit/reconciliation/B/extract.py): 507/507 hash match; classification by code inspection,,,F020,none,equipmentIssue refuses every reachable ranged item
source/bands/mordheim/outlaws-of-stirwood-forest/equipment-access.yaml/@/equipment_lists/0/items/11/notes/unclassified,bands/mordheim/outlaws-of-stirwood-forest/equipment-access.yaml,current,YES,bearer qualifier: Heroes and Marksmen only,,metadata_gap,bands/mordheim/outlaws-of-stirwood-forest/equipment-access.yaml equipment_lists[0].items[11] (light_armour),none,"profileEquipmentItems reads lists/fixed kit, never item notes",source re-extracted with the maintained export (build/audit/reconciliation/B/extract.py): 507/507 hash match; classification by code inspection,per-item bearer/role qualifier is prose-only in equipment-access.yaml,,,"model the qualifier (list applies_to, a forbids token or a band exclusion)",the shared decision refuses the item for every non-qualifying profile
source/bands/mordheim/outlaws-of-stirwood-forest/equipment-access.yaml/@/equipment_lists/0/items/12/notes/unclassified,bands/mordheim/outlaws-of-stirwood-forest/equipment-access.yaml,current,YES,bearer qualifier: Heroes and Marksmen only,,metadata_gap,bands/mordheim/outlaws-of-stirwood-forest/equipment-access.yaml equipment_lists[0].items[12] (hunting_arrows),none,"profileEquipmentItems reads lists/fixed kit, never item notes",source re-extracted with the maintained export (build/audit/reconciliation/B/extract.py): 507/507 hash match; classification by code inspection,per-item bearer/role qualifier is prose-only in equipment-access.yaml,,,"model the qualifier (list applies_to, a forbids token or a band exclusion)",the shared decision refuses the item for every non-qualifying profile
source/bands/mordheim/outlaws-of-stirwood-forest/equipment-access.yaml/@/equipment_lists/0/items/13/notes/unclassified,bands/mordheim/outlaws-of-stirwood-forest/equipment-access.yaml,current,YES,bearer qualifier: Heroes only,,metadata_gap,bands/mordheim/outlaws-of-stirwood-forest/equipment-access.yaml equipment_lists[0].items[13] (forest_cloak),none,"profileEquipmentItems reads lists/fixed kit, never item notes",source re-extracted with the maintained export (build/audit/reconciliation/B/extract.py): 507/507 hash match; classification by code inspection,per-item bearer/role qualifier is prose-only in equipment-access.yaml,,,"model the qualifier (list applies_to, a forbids token or a band exclusion)",the shared decision refuses the item for every non-qualifying profile
source/bands/mordheim/outlaws-of-stirwood-forest/equipment-access.yaml/@/equipment_lists/0/items/8/notes/unclassified,bands/mordheim/outlaws-of-stirwood-forest/equipment-access.yaml,current,YES,bearer qualifier: Heroes and Marksmen only,,metadata_gap,bands/mordheim/outlaws-of-stirwood-forest/equipment-access.yaml equipment_lists[0].items[8] (long_bow),none,"profileEquipmentItems reads lists/fixed kit, never item notes",source re-extracted with the maintained export (build/audit/reconciliation/B/extract.py): 507/507 hash match; classification by code inspection,per-item bearer/role qualifier is prose-only in equipment-access.yaml,,,"model the qualifier (list applies_to, a forbids token or a band exclusion)",the shared decision refuses the item for every non-qualifying profile
source/bands/mordheim/outlaws-of-stirwood-forest/profiles.yaml/@/profiles/0/equipment_restrictions/0/unclassified,bands/mordheim/outlaws-of-stirwood-forest/profiles.yaml,current,YES,printed one-missile-weapon limit / bow requirement,,covered,,profile.equipment-restrictions max_missile_weapons/required_tag,index.ts equipmentIssue/skillIssue/equipmentSetIssues (batch construction contract),source re-extracted with the maintained export (build/audit/reconciliation/B/extract.py): 507/507 hash match; classification by code inspection,,source/bands/mordheim/outlaws-of-stirwood-forest/profiles.yaml/@/profiles/1/equipment_restrictions/0/unclassified;source/bands/mordheim/outlaws-of-stirwood-forest/profiles.yaml/@/profiles/3/equipment_restrictions/0/unclassified;source/bands/mordheim/outlaws-of-stirwood-forest/profiles.yaml/@/profiles/4/equipment_restrictions/0/unclassified;source/bands/mordheim/outlaws-of-stirwood-forest/profiles.yaml/@/profiles/5/equipment_restrictions/0/unclassified,F020,none,equipmentSetIssues enforces the printed missile limit and bow tag
source/bands/mordheim/outlaws-of-stirwood-forest/profiles.yaml/@/profiles/1/equipment_restrictions/0/unclassified,bands/mordheim/outlaws-of-stirwood-forest/profiles.yaml,current,YES,printed one-missile-weapon limit / bow requirement,,covered,,profile.equipment-restrictions max_missile_weapons/required_tag,index.ts equipmentIssue/skillIssue/equipmentSetIssues (batch construction contract),source re-extracted with the maintained export (build/audit/reconciliation/B/extract.py): 507/507 hash match; classification by code inspection,,source/bands/mordheim/outlaws-of-stirwood-forest/profiles.yaml/@/profiles/0/equipment_restrictions/0/unclassified;source/bands/mordheim/outlaws-of-stirwood-forest/profiles.yaml/@/profiles/3/equipment_restrictions/0/unclassified;source/bands/mordheim/outlaws-of-stirwood-forest/profiles.yaml/@/profiles/4/equipment_restrictions/0/unclassified;source/bands/mordheim/outlaws-of-stirwood-forest/profiles.yaml/@/profiles/5/equipment_restrictions/0/unclassified,F020,none,equipmentSetIssues enforces the printed missile limit and bow tag
source/bands/mordheim/outlaws-of-stirwood-forest/profiles.yaml/@/profiles/2/equipment_restrictions/0/unclassified,bands/mordheim/outlaws-of-stirwood-forest/profiles.yaml,current,YES,printed one-missile-weapon limit / bow requirement,,covered,,profile.equipment-restrictions max_missile_weapons/required_tag,index.ts equipmentIssue/skillIssue/equipmentSetIssues (batch construction contract),source re-extracted with the maintained export (build/audit/reconciliation/B/extract.py): 507/507 hash match; classification by code inspection,,,F020,none,equipmentSetIssues enforces the printed missile limit and bow tag
source/bands/mordheim/outlaws-of-stirwood-forest/profiles.yaml/@/profiles/2/equipment_restrictions/1/unclassified,bands/mordheim/outlaws-of-stirwood-forest/profiles.yaml,current,YES,permissive clarification: no armour restriction to enforce,prayer/spell interaction (magic lot),covered,,canonical access already offers/refuses armour without this clause,index.ts profileEquipmentItems/profileEquipment (declared lists + fixed kit),source re-extracted with the maintained export (build/audit/reconciliation/B/extract.py): 507/507 hash match; classification by code inspection,,,,none,no construction restriction is left outstanding for the profile
source/bands/mordheim/outlaws-of-stirwood-forest/profiles.yaml/@/profiles/3/equipment_restrictions/0/unclassified,bands/mordheim/outlaws-of-stirwood-forest/profiles.yaml,current,YES,printed one-missile-weapon limit / bow requirement,,covered,,profile.equipment-restrictions max_missile_weapons/required_tag,index.ts equipmentIssue/skillIssue/equipmentSetIssues (batch construction contract),source re-extracted with the maintained export (build/audit/reconciliation/B/extract.py): 507/507 hash match; classification by code inspection,,source/bands/mordheim/outlaws-of-stirwood-forest/profiles.yaml/@/profiles/0/equipment_restrictions/0/unclassified;source/bands/mordheim/outlaws-of-stirwood-forest/profiles.yaml/@/profiles/1/equipment_restrictions/0/unclassified;source/bands/mordheim/outlaws-of-stirwood-forest/profiles.yaml/@/profiles/4/equipment_restrictions/0/unclassified;source/bands/mordheim/outlaws-of-stirwood-forest/profiles.yaml/@/profiles/5/equipment_restrictions/0/unclassified,F020,none,equipmentSetIssues enforces the printed missile limit and bow tag
source/bands/mordheim/outlaws-of-stirwood-forest/profiles.yaml/@/profiles/4/equipment_restrictions/0/unclassified,bands/mordheim/outlaws-of-stirwood-forest/profiles.yaml,current,YES,printed one-missile-weapon limit / bow requirement,,covered,,profile.equipment-restrictions max_missile_weapons/required_tag,index.ts equipmentIssue/skillIssue/equipmentSetIssues (batch construction contract),source re-extracted with the maintained export (build/audit/reconciliation/B/extract.py): 507/507 hash match; classification by code inspection,,source/bands/mordheim/outlaws-of-stirwood-forest/profiles.yaml/@/profiles/0/equipment_restrictions/0/unclassified;source/bands/mordheim/outlaws-of-stirwood-forest/profiles.yaml/@/profiles/1/equipment_restrictions/0/unclassified;source/bands/mordheim/outlaws-of-stirwood-forest/profiles.yaml/@/profiles/3/equipment_restrictions/0/unclassified;source/bands/mordheim/outlaws-of-stirwood-forest/profiles.yaml/@/profiles/5/equipment_restrictions/0/unclassified,F020,none,equipmentSetIssues enforces the printed missile limit and bow tag
source/bands/mordheim/outlaws-of-stirwood-forest/profiles.yaml/@/profiles/5/equipment_restrictions/0/unclassified,bands/mordheim/outlaws-of-stirwood-forest/profiles.yaml,current,YES,printed one-missile-weapon limit / bow requirement,,covered,,profile.equipment-restrictions max_missile_weapons/required_tag,index.ts equipmentIssue/skillIssue/equipmentSetIssues (batch construction contract),source re-extracted with the maintained export (build/audit/reconciliation/B/extract.py): 507/507 hash match; classification by code inspection,,source/bands/mordheim/outlaws-of-stirwood-forest/profiles.yaml/@/profiles/0/equipment_restrictions/0/unclassified;source/bands/mordheim/outlaws-of-stirwood-forest/profiles.yaml/@/profiles/1/equipment_restrictions/0/unclassified;source/bands/mordheim/outlaws-of-stirwood-forest/profiles.yaml/@/profiles/3/equipment_restrictions/0/unclassified;source/bands/mordheim/outlaws-of-stirwood-forest/profiles.yaml/@/profiles/4/equipment_restrictions/0/unclassified,F020,none,equipmentSetIssues enforces the printed missile limit and bow tag
source/bands/mordheim/pirates-of-the-cathayan-sea-sar/profiles.yaml/@/profiles/0/equipment_restrictions/0/unclassified,bands/mordheim/pirates-of-the-cathayan-sea-sar/profiles.yaml,current,YES,armour selection refused,,metadata_gap,,none,index.ts equipmentIssue/skillIssue/equipmentSetIssues (batch construction contract),source re-extracted with the maintained export (build/audit/reconciliation/B/extract.py): 507/507 hash match; classification by code inspection,no profile.equipment-restrictions forbids token,source/bands/mordheim/estalian-corsairs-sar/profiles.yaml/@/profiles/0/equipment_restrictions/0/unclassified;source/bands/mordheim/estalian-corsairs-sar/profiles.yaml/@/profiles/1/equipment_restrictions/0/unclassified;source/bands/mordheim/estalian-corsairs-sar/profiles.yaml/@/profiles/2/equipment_restrictions/0/unclassified;source/bands/mordheim/estalian-corsairs-sar/profiles.yaml/@/profiles/3/equipment_restrictions/0/unclassified,F019,publish a forbids: armour binding,equipmentIssue refuses the armour/shield items reachable from the profile lists
source/bands/mordheim/pirates-of-the-cathayan-sea-sar/profiles.yaml/@/profiles/1/equipment_restrictions/0/unclassified,bands/mordheim/pirates-of-the-cathayan-sea-sar/profiles.yaml,current,YES,armour selection refused,,metadata_gap,,none,index.ts equipmentIssue/skillIssue/equipmentSetIssues (batch construction contract),source re-extracted with the maintained export (build/audit/reconciliation/B/extract.py): 507/507 hash match; classification by code inspection,no profile.equipment-restrictions forbids token,source/bands/mordheim/estalian-corsairs-sar/profiles.yaml/@/profiles/0/equipment_restrictions/0/unclassified;source/bands/mordheim/estalian-corsairs-sar/profiles.yaml/@/profiles/1/equipment_restrictions/0/unclassified;source/bands/mordheim/estalian-corsairs-sar/profiles.yaml/@/profiles/2/equipment_restrictions/0/unclassified;source/bands/mordheim/estalian-corsairs-sar/profiles.yaml/@/profiles/3/equipment_restrictions/0/unclassified,F019,publish a forbids: armour binding,equipmentIssue refuses the armour/shield items reachable from the profile lists
source/bands/mordheim/pirates-of-the-cathayan-sea-sar/profiles.yaml/@/profiles/2/equipment_restrictions/0/unclassified,bands/mordheim/pirates-of-the-cathayan-sea-sar/profiles.yaml,current,YES,weapons/armour selection refused,combat unarmed/natural-attack consequence (C/D lot),covered,,legacy prose branch (buildRestriction profileSelections),index.ts equipmentIssue/skillIssue/equipmentSetIssues (batch construction contract),source re-extracted with the maintained export (build/audit/reconciliation/B/extract.py): 507/507 hash match; classification by code inspection,,,F019,none,equipmentIssue refuses the armour/shield items reachable from the profile lists
source/bands/mordheim/pirates-of-the-cathayan-sea-sar/profiles.yaml/@/profiles/2/equipment_restrictions/2/unclassified,bands/mordheim/pirates-of-the-cathayan-sea-sar/profiles.yaml,current,YES,armour selection refused,,covered,,legacy prose branch (buildRestriction profileSelections),index.ts equipmentIssue/skillIssue/equipmentSetIssues (batch construction contract),source re-extracted with the maintained export (build/audit/reconciliation/B/extract.py): 507/507 hash match; classification by code inspection,,source/bands/mordheim/estalian-corsairs-sar/profiles.yaml/@/profiles/0/equipment_restrictions/0/unclassified;source/bands/mordheim/estalian-corsairs-sar/profiles.yaml/@/profiles/1/equipment_restrictions/0/unclassified;source/bands/mordheim/estalian-corsairs-sar/profiles.yaml/@/profiles/2/equipment_restrictions/0/unclassified;source/bands/mordheim/estalian-corsairs-sar/profiles.yaml/@/profiles/3/equipment_restrictions/0/unclassified,F019,none,equipmentIssue refuses the armour/shield items reachable from the profile lists
source/bands/mordheim/pirates-of-the-cathayan-sea-sar/profiles.yaml/@/profiles/3/equipment_restrictions/0/unclassified,bands/mordheim/pirates-of-the-cathayan-sea-sar/profiles.yaml,current,YES,armour selection refused,,metadata_gap,,none,index.ts equipmentIssue/skillIssue/equipmentSetIssues (batch construction contract),source re-extracted with the maintained export (build/audit/reconciliation/B/extract.py): 507/507 hash match; classification by code inspection,no profile.equipment-restrictions forbids token,source/bands/mordheim/estalian-corsairs-sar/profiles.yaml/@/profiles/0/equipment_restrictions/0/unclassified;source/bands/mordheim/estalian-corsairs-sar/profiles.yaml/@/profiles/1/equipment_restrictions/0/unclassified;source/bands/mordheim/estalian-corsairs-sar/profiles.yaml/@/profiles/2/equipment_restrictions/0/unclassified;source/bands/mordheim/estalian-corsairs-sar/profiles.yaml/@/profiles/3/equipment_restrictions/0/unclassified,F019,publish a forbids: armour binding,equipmentIssue refuses the armour/shield items reachable from the profile lists
source/bands/mordheim/pirates-of-the-cathayan-sea-sar/profiles.yaml/@/profiles/4/equipment_restrictions/0/unclassified,bands/mordheim/pirates-of-the-cathayan-sea-sar/profiles.yaml,current,YES,armour selection refused,,metadata_gap,,none,index.ts equipmentIssue/skillIssue/equipmentSetIssues (batch construction contract),source re-extracted with the maintained export (build/audit/reconciliation/B/extract.py): 507/507 hash match; classification by code inspection,no profile.equipment-restrictions forbids token,source/bands/mordheim/estalian-corsairs-sar/profiles.yaml/@/profiles/0/equipment_restrictions/0/unclassified;source/bands/mordheim/estalian-corsairs-sar/profiles.yaml/@/profiles/1/equipment_restrictions/0/unclassified;source/bands/mordheim/estalian-corsairs-sar/profiles.yaml/@/profiles/2/equipment_restrictions/0/unclassified;source/bands/mordheim/estalian-corsairs-sar/profiles.yaml/@/profiles/3/equipment_restrictions/0/unclassified,F019,publish a forbids: armour binding,equipmentIssue refuses the armour/shield items reachable from the profile lists
source/bands/mordheim/pirates-of-the-cathayan-sea-sar/profiles.yaml/@/profiles/5/equipment_restrictions/0/unclassified,bands/mordheim/pirates-of-the-cathayan-sea-sar/profiles.yaml,current,YES,armour selection refused,,metadata_gap,,none,index.ts equipmentIssue/skillIssue/equipmentSetIssues (batch construction contract),source re-extracted with the maintained export (build/audit/reconciliation/B/extract.py): 507/507 hash match; classification by code inspection,no profile.equipment-restrictions forbids token,source/bands/mordheim/estalian-corsairs-sar/profiles.yaml/@/profiles/0/equipment_restrictions/0/unclassified;source/bands/mordheim/estalian-corsairs-sar/profiles.yaml/@/profiles/1/equipment_restrictions/0/unclassified;source/bands/mordheim/estalian-corsairs-sar/profiles.yaml/@/profiles/2/equipment_restrictions/0/unclassified;source/bands/mordheim/estalian-corsairs-sar/profiles.yaml/@/profiles/3/equipment_restrictions/0/unclassified,F019,publish a forbids: armour binding,equipmentIssue refuses the armour/shield items reachable from the profile lists
source/bands/mordheim/pirates-of-the-cathayan-sea-sar/profiles.yaml/@/profiles/6/equipment_restrictions/0/unclassified,bands/mordheim/pirates-of-the-cathayan-sea-sar/profiles.yaml,current,YES,armour selection refused,,metadata_gap,,none,index.ts equipmentIssue/skillIssue/equipmentSetIssues (batch construction contract),source re-extracted with the maintained export (build/audit/reconciliation/B/extract.py): 507/507 hash match; classification by code inspection,no profile.equipment-restrictions forbids token,source/bands/mordheim/estalian-corsairs-sar/profiles.yaml/@/profiles/0/equipment_restrictions/0/unclassified;source/bands/mordheim/estalian-corsairs-sar/profiles.yaml/@/profiles/1/equipment_restrictions/0/unclassified;source/bands/mordheim/estalian-corsairs-sar/profiles.yaml/@/profiles/2/equipment_restrictions/0/unclassified;source/bands/mordheim/estalian-corsairs-sar/profiles.yaml/@/profiles/3/equipment_restrictions/0/unclassified,F019,publish a forbids: armour binding,equipmentIssue refuses the armour/shield items reachable from the profile lists
source/bands/mordheim/pirates/profiles.yaml/@/profiles/5/equipment_restrictions/1/unclassified,bands/mordheim/pirates/profiles.yaml,current,YES,named equipment-list access: Pirate,,covered,,profile.equipment_lists = pirate-equipment-list,index.ts profileEquipmentItems/profileEquipment (declared lists + fixed kit),source re-extracted with the maintained export (build/audit/reconciliation/B/extract.py): 507/507 hash match; classification by code inspection,,,,none,profileEquipment offers exactly the named list
source/bands/mordheim/protectorate-of-sigmar-lotd3/equipment-access.yaml/@/equipment_lists/0/items/15/notes/unclassified,bands/mordheim/protectorate-of-sigmar-lotd3/equipment-access.yaml,current,YES,bearer qualifier: Heroes only (marked * in the source list),,metadata_gap,bands/mordheim/protectorate-of-sigmar-lotd3/equipment-access.yaml equipment_lists[0].items[15] (shield_of_sigmar),none,"profileEquipmentItems reads lists/fixed kit, never item notes",source re-extracted with the maintained export (build/audit/reconciliation/B/extract.py): 507/507 hash match; classification by code inspection,per-item bearer/role qualifier is prose-only in equipment-access.yaml,,,"model the qualifier (list applies_to, a forbids token or a band exclusion)",the shared decision refuses the item for every non-qualifying profile
source/bands/mordheim/protectorate-of-sigmar-lotd3/equipment-access.yaml/@/equipment_lists/0/items/16/notes/unclassified,bands/mordheim/protectorate-of-sigmar-lotd3/equipment-access.yaml,current,YES,bearer qualifier: Holy Water; Heroes only (marked * in the source list),,metadata_gap,bands/mordheim/protectorate-of-sigmar-lotd3/equipment-access.yaml equipment_lists[0].items[16] (blessed_water),none,"profileEquipmentItems reads lists/fixed kit, never item notes",source re-extracted with the maintained export (build/audit/reconciliation/B/extract.py): 507/507 hash match; classification by code inspection,per-item bearer/role qualifier is prose-only in equipment-access.yaml,,,"model the qualifier (list applies_to, a forbids token or a band exclusion)",the shared decision refuses the item for every non-qualifying profile
source/bands/mordheim/protectorate-of-sigmar-lotd3/equipment-access.yaml/@/equipment_lists/0/items/17/notes/unclassified,bands/mordheim/protectorate-of-sigmar-lotd3/equipment-access.yaml,current,YES,bearer qualifier: Heroes only (marked * in the source list),,metadata_gap,bands/mordheim/protectorate-of-sigmar-lotd3/equipment-access.yaml equipment_lists[0].items[17] (blessed_bolts),none,"profileEquipmentItems reads lists/fixed kit, never item notes",source re-extracted with the maintained export (build/audit/reconciliation/B/extract.py): 507/507 hash match; classification by code inspection,per-item bearer/role qualifier is prose-only in equipment-access.yaml,,,"model the qualifier (list applies_to, a forbids token or a band exclusion)",the shared decision refuses the item for every non-qualifying profile
source/bands/mordheim/protectorate-of-sigmar-lotd3/equipment-access.yaml/@/equipment_lists/0/items/18/notes/unclassified,bands/mordheim/protectorate-of-sigmar-lotd3/equipment-access.yaml,current,YES,bearer qualifier: Heroes only (marked * in the source list),,metadata_gap,bands/mordheim/protectorate-of-sigmar-lotd3/equipment-access.yaml equipment_lists[0].items[18] (holy_relic),none,"profileEquipmentItems reads lists/fixed kit, never item notes",source re-extracted with the maintained export (build/audit/reconciliation/B/extract.py): 507/507 hash match; classification by code inspection,per-item bearer/role qualifier is prose-only in equipment-access.yaml,,,"model the qualifier (list applies_to, a forbids token or a band exclusion)",the shared decision refuses the item for every non-qualifying profile
source/bands/mordheim/protectorate-of-sigmar-lotd3/equipment-access.yaml/@/equipment_lists/0/items/6/notes/unclassified,bands/mordheim/protectorate-of-sigmar-lotd3/equipment-access.yaml,current,YES,bearer qualifier: Heroes only (marked * in the source list),,metadata_gap,bands/mordheim/protectorate-of-sigmar-lotd3/equipment-access.yaml equipment_lists[0].items[6] (sigmarite_hammer),none,"profileEquipmentItems reads lists/fixed kit, never item notes",source re-extracted with the maintained export (build/audit/reconciliation/B/extract.py): 507/507 hash match; classification by code inspection,per-item bearer/role qualifier is prose-only in equipment-access.yaml,,,"model the qualifier (list applies_to, a forbids token or a band exclusion)",the shared decision refuses the item for every non-qualifying profile
source/bands/mordheim/restless-dead/profiles.yaml/@/profiles/0/equipment_restrictions/0/unclassified,bands/mordheim/restless-dead/profiles.yaml,current,YES,permissive clarification: no armour restriction to enforce,prayer/spell interaction (magic lot),covered,,canonical access already offers/refuses armour without this clause,index.ts profileEquipmentItems/profileEquipment (declared lists + fixed kit),source re-extracted with the maintained export (build/audit/reconciliation/B/extract.py): 507/507 hash match; classification by code inspection,,,,none,no construction restriction is left outstanding for the profile
source/bands/mordheim/restless-dead/profiles.yaml/@/profiles/3/equipment_restrictions/0/unclassified,bands/mordheim/restless-dead/profiles.yaml,current,YES,weapons/armour selection refused,combat unarmed/natural-attack consequence (C/D lot),covered,,subsumed: no armour item reachable,index.ts equipmentIssue/skillIssue/equipmentSetIssues (batch construction contract),source re-extracted with the maintained export (build/audit/reconciliation/B/extract.py): 507/507 hash match; classification by code inspection,,,F019,none,equipmentIssue refuses the armour/shield items reachable from the profile lists
source/bands/mordheim/restless-dead/profiles.yaml/@/profiles/6/equipment_restrictions/0/unclassified,bands/mordheim/restless-dead/profiles.yaml,current,YES,printed no-equipment/natural-attack clause,combat unarmed/natural-attack consequence (C/D lot),covered,,canonical profile.equipment_lists == [] (no purchasable access),index.ts profileEquipmentItems/profileEquipment (declared lists + fixed kit),source re-extracted with the maintained export (build/audit/reconciliation/B/extract.py): 507/507 hash match; classification by code inspection,,,,none,"the profile offers no purchasable equipment, so the clause cannot be violated"
source/bands/mordheim/sartosan-pirates-sar/profiles.yaml/@/profiles/0/equipment_restrictions/0/unclassified,bands/mordheim/sartosan-pirates-sar/profiles.yaml,current,YES,armour selection refused,,metadata_gap,,none,index.ts equipmentIssue/skillIssue/equipmentSetIssues (batch construction contract),source re-extracted with the maintained export (build/audit/reconciliation/B/extract.py): 507/507 hash match; classification by code inspection,no profile.equipment-restrictions forbids token,source/bands/mordheim/estalian-corsairs-sar/profiles.yaml/@/profiles/0/equipment_restrictions/0/unclassified;source/bands/mordheim/estalian-corsairs-sar/profiles.yaml/@/profiles/1/equipment_restrictions/0/unclassified;source/bands/mordheim/estalian-corsairs-sar/profiles.yaml/@/profiles/2/equipment_restrictions/0/unclassified;source/bands/mordheim/estalian-corsairs-sar/profiles.yaml/@/profiles/3/equipment_restrictions/0/unclassified,F019,publish a forbids: armour binding,equipmentIssue refuses the armour/shield items reachable from the profile lists
source/bands/mordheim/sartosan-pirates-sar/profiles.yaml/@/profiles/1/equipment_restrictions/0/unclassified,bands/mordheim/sartosan-pirates-sar/profiles.yaml,current,YES,armour selection refused,,metadata_gap,,none,index.ts equipmentIssue/skillIssue/equipmentSetIssues (batch construction contract),source re-extracted with the maintained export (build/audit/reconciliation/B/extract.py): 507/507 hash match; classification by code inspection,no profile.equipment-restrictions forbids token,source/bands/mordheim/estalian-corsairs-sar/profiles.yaml/@/profiles/0/equipment_restrictions/0/unclassified;source/bands/mordheim/estalian-corsairs-sar/profiles.yaml/@/profiles/1/equipment_restrictions/0/unclassified;source/bands/mordheim/estalian-corsairs-sar/profiles.yaml/@/profiles/2/equipment_restrictions/0/unclassified;source/bands/mordheim/estalian-corsairs-sar/profiles.yaml/@/profiles/3/equipment_restrictions/0/unclassified,F019,publish a forbids: armour binding,equipmentIssue refuses the armour/shield items reachable from the profile lists
source/bands/mordheim/sartosan-pirates-sar/profiles.yaml/@/profiles/2/equipment_restrictions/0/unclassified,bands/mordheim/sartosan-pirates-sar/profiles.yaml,current,YES,armour selection refused,,metadata_gap,,none,index.ts equipmentIssue/skillIssue/equipmentSetIssues (batch construction contract),source re-extracted with the maintained export (build/audit/reconciliation/B/extract.py): 507/507 hash match; classification by code inspection,no profile.equipment-restrictions forbids token,source/bands/mordheim/estalian-corsairs-sar/profiles.yaml/@/profiles/0/equipment_restrictions/0/unclassified;source/bands/mordheim/estalian-corsairs-sar/profiles.yaml/@/profiles/1/equipment_restrictions/0/unclassified;source/bands/mordheim/estalian-corsairs-sar/profiles.yaml/@/profiles/2/equipment_restrictions/0/unclassified;source/bands/mordheim/estalian-corsairs-sar/profiles.yaml/@/profiles/3/equipment_restrictions/0/unclassified,F019,publish a forbids: armour binding,equipmentIssue refuses the armour/shield items reachable from the profile lists
source/bands/mordheim/sartosan-pirates-sar/profiles.yaml/@/profiles/3/equipment_restrictions/0/unclassified,bands/mordheim/sartosan-pirates-sar/profiles.yaml,current,YES,armour selection refused,,metadata_gap,,none,index.ts equipmentIssue/skillIssue/equipmentSetIssues (batch construction contract),source re-extracted with the maintained export (build/audit/reconciliation/B/extract.py): 507/507 hash match; classification by code inspection,no profile.equipment-restrictions forbids token,source/bands/mordheim/estalian-corsairs-sar/profiles.yaml/@/profiles/0/equipment_restrictions/0/unclassified;source/bands/mordheim/estalian-corsairs-sar/profiles.yaml/@/profiles/1/equipment_restrictions/0/unclassified;source/bands/mordheim/estalian-corsairs-sar/profiles.yaml/@/profiles/2/equipment_restrictions/0/unclassified;source/bands/mordheim/estalian-corsairs-sar/profiles.yaml/@/profiles/3/equipment_restrictions/0/unclassified,F019,publish a forbids: armour binding,equipmentIssue refuses the armour/shield items reachable from the profile lists
source/bands/mordheim/sartosan-pirates-sar/profiles.yaml/@/profiles/4/equipment_restrictions/0/unclassified,bands/mordheim/sartosan-pirates-sar/profiles.yaml,current,YES,armour selection refused,,metadata_gap,,none,index.ts equipmentIssue/skillIssue/equipmentSetIssues (batch construction contract),source re-extracted with the maintained export (build/audit/reconciliation/B/extract.py): 507/507 hash match; classification by code inspection,no profile.equipment-restrictions forbids token,source/bands/mordheim/estalian-corsairs-sar/profiles.yaml/@/profiles/0/equipment_restrictions/0/unclassified;source/bands/mordheim/estalian-corsairs-sar/profiles.yaml/@/profiles/1/equipment_restrictions/0/unclassified;source/bands/mordheim/estalian-corsairs-sar/profiles.yaml/@/profiles/2/equipment_restrictions/0/unclassified;source/bands/mordheim/estalian-corsairs-sar/profiles.yaml/@/profiles/3/equipment_restrictions/0/unclassified,F019,publish a forbids: armour binding,equipmentIssue refuses the armour/shield items reachable from the profile lists
source/bands/mordheim/sartosan-pirates-sar/profiles.yaml/@/profiles/5/equipment_restrictions/1/unclassified,bands/mordheim/sartosan-pirates-sar/profiles.yaml,current,YES,armour selection refused,,metadata_gap,,none,index.ts equipmentIssue/skillIssue/equipmentSetIssues (batch construction contract),source re-extracted with the maintained export (build/audit/reconciliation/B/extract.py): 507/507 hash match; classification by code inspection,no profile.equipment-restrictions forbids token,source/bands/mordheim/estalian-corsairs-sar/profiles.yaml/@/profiles/0/equipment_restrictions/0/unclassified;source/bands/mordheim/estalian-corsairs-sar/profiles.yaml/@/profiles/1/equipment_restrictions/0/unclassified;source/bands/mordheim/estalian-corsairs-sar/profiles.yaml/@/profiles/2/equipment_restrictions/0/unclassified;source/bands/mordheim/estalian-corsairs-sar/profiles.yaml/@/profiles/3/equipment_restrictions/0/unclassified,F019,publish a forbids: armour binding,equipmentIssue refuses the armour/shield items reachable from the profile lists
source/bands/mordheim/savage-orcs-kaz/equipment-access.yaml/@/equipment_lists/0/items/12/notes/unclassified,bands/mordheim/savage-orcs-kaz/equipment-access.yaml,current,NO,,mount/ridden clause (out of the 1v1 duel construction),out_of_scope,bands/mordheim/savage-orcs-kaz/equipment-access.yaml equipment_lists[0].items[12] (skull_busta),item record mount state,mounts are excluded by the governing 1v1 scope,source re-extracted with the maintained export (build/audit/reconciliation/B/extract.py): 507/507 hash match; classification by code inspection,,,,none in B,the mount clause stays excluded; profile items remain the only construction fact
source/bands/mordheim/savage-orcs-kaz/equipment-access.yaml/@/equipment_lists/0/items/13/notes/unclassified,bands/mordheim/savage-orcs-kaz/equipment-access.yaml,current,YES,"bearer qualifier: Rare 6, one use only; also useable by Savage Goblin Boyz",,metadata_gap,bands/mordheim/savage-orcs-kaz/equipment-access.yaml equipment_lists[0].items[13] (warpaint),none,"profileEquipmentItems reads lists/fixed kit, never item notes",source re-extracted with the maintained export (build/audit/reconciliation/B/extract.py): 507/507 hash match; classification by code inspection,per-item bearer/role qualifier is prose-only in equipment-access.yaml,,,"model the qualifier (list applies_to, a forbids token or a band exclusion)",the shared decision refuses the item for every non-qualifying profile
source/bands/mordheim/savage-orcs-kaz/equipment-access.yaml/@/equipment_lists/0/items/14/notes/unclassified,bands/mordheim/savage-orcs-kaz/equipment-access.yaml,current,YES,printed restriction on kumfy_gear: Any Orc warband (not Goblins); not with Warpaint or light armour.,,metadata_gap,bands/mordheim/savage-orcs-kaz/equipment-access.yaml equipment_lists[0].items[14] (kumfy_gear),item record kumfy_gear,index.ts profileEquipmentItems/profileEquipment (declared lists + fixed kit),source re-extracted with the maintained export (build/audit/reconciliation/B/extract.py): 507/507 hash match; classification by code inspection,item-note restriction is not carried by a structured fact,,,"model the restriction (list scope, forbids token or loadout caveat)",the restriction is enforced by the shared decision or explicitly excluded
source/bands/mordheim/savage-orcs-kaz/equipment-access.yaml/@/equipment_lists/0/items/7/notes/unclassified,bands/mordheim/savage-orcs-kaz/equipment-access.yaml,current,YES,item line annotation,,metadata_gap,bands/mordheim/savage-orcs-kaz/equipment-access.yaml equipment_lists[0].items[7] (bow),item record bow,index.ts profileEquipmentItems/profileEquipment (declared lists + fixed kit),source re-extracted with the maintained export (build/audit/reconciliation/B/extract.py): 507/507 hash match; classification by code inspection,unclassified note on bow: Not Gobbo Boyz.,,,classify the note and model it if it constrains construction,the note's construction content is carried by a structured fact
source/bands/mordheim/savage-orcs-kaz/equipment-access.yaml/@/equipment_lists/0/items/9/notes/unclassified,bands/mordheim/savage-orcs-kaz/equipment-access.yaml,current,YES,bearer qualifier: Heroes only,,metadata_gap,bands/mordheim/savage-orcs-kaz/equipment-access.yaml equipment_lists[0].items[9] (light_armour),none,"profileEquipmentItems reads lists/fixed kit, never item notes",source re-extracted with the maintained export (build/audit/reconciliation/B/extract.py): 507/507 hash match; classification by code inspection,per-item bearer/role qualifier is prose-only in equipment-access.yaml,,,"model the qualifier (list applies_to, a forbids token or a band exclusion)",the shared decision refuses the item for every non-qualifying profile
source/bands/mordheim/savage-orcs-kaz/equipment-access.yaml/@/equipment_lists/1/items/0/notes/unclassified,bands/mordheim/savage-orcs-kaz/equipment-access.yaml,current,NO,,mount/ridden clause (out of the 1v1 duel construction),out_of_scope,bands/mordheim/savage-orcs-kaz/equipment-access.yaml equipment_lists[1].items[0] (war_boar),item record mount state,mounts are excluded by the governing 1v1 scope,source re-extracted with the maintained export (build/audit/reconciliation/B/extract.py): 507/507 hash match; classification by code inspection,,,,none in B,the mount clause stays excluded; profile items remain the only construction fact
source/bands/mordheim/savage-orcs-kaz/equipment-access.yaml/@/equipment_lists/1/items/1/notes/unclassified,bands/mordheim/savage-orcs-kaz/equipment-access.yaml,current,NO,,mount/ridden clause (out of the 1v1 duel construction),out_of_scope,bands/mordheim/savage-orcs-kaz/equipment-access.yaml equipment_lists[1].items[1] (giant_wolf),item record mount state,mounts are excluded by the governing 1v1 scope,source re-extracted with the maintained export (build/audit/reconciliation/B/extract.py): 507/507 hash match; classification by code inspection,,,,none in B,the mount clause stays excluded; profile items remain the only construction fact
source/bands/mordheim/savage-orcs-kaz/equipment-access.yaml/@/equipment_lists/1/items/2/notes/unclassified,bands/mordheim/savage-orcs-kaz/equipment-access.yaml,current,NO,,mount/ridden clause (out of the 1v1 duel construction),out_of_scope,bands/mordheim/savage-orcs-kaz/equipment-access.yaml equipment_lists[1].items[2] (giant_spider),item record mount state,mounts are excluded by the governing 1v1 scope,source re-extracted with the maintained export (build/audit/reconciliation/B/extract.py): 507/507 hash match; classification by code inspection,,,,none in B,the mount clause stays excluded; profile items remain the only construction fact
source/bands/mordheim/savage-orcs-sar/profiles.yaml/@/profiles/1/equipment_restrictions/0/unclassified,bands/mordheim/savage-orcs-sar/profiles.yaml,current,YES,weapons/armour selection refused,combat unarmed/natural-attack consequence (C/D lot),covered,,legacy prose branch (buildRestriction profileSelections),index.ts equipmentIssue/skillIssue/equipmentSetIssues (batch construction contract),source re-extracted with the maintained export (build/audit/reconciliation/B/extract.py): 507/507 hash match; classification by code inspection,,,F019,none,equipmentIssue refuses the armour/shield items reachable from the profile lists
source/bands/mordheim/savage-orcs-sar/profiles.yaml/@/profiles/5/equipment_restrictions/0/unclassified,bands/mordheim/savage-orcs-sar/profiles.yaml,current,YES,weapons/armour selection refused,combat unarmed/natural-attack consequence (C/D lot),covered,,subsumed: no armour item reachable,index.ts equipmentIssue/skillIssue/equipmentSetIssues (batch construction contract),source re-extracted with the maintained export (build/audit/reconciliation/B/extract.py): 507/507 hash match; classification by code inspection,,source/bands/mordheim/night-goblins-web/profiles.yaml/@/profiles/6/equipment_restrictions/0/unclassified;source/bands/mordheim/orc-mob/profiles.yaml/@/profiles/5/equipment_restrictions/0/unclassified,F019,none,equipmentIssue refuses the armour/shield items reachable from the profile lists
source/bands/mordheim/savage-orcs-sar/profiles.yaml/@/profiles/6/equipment_restrictions/0/unclassified,bands/mordheim/savage-orcs-sar/profiles.yaml,current,YES,armour selection refused,,covered,,subsumed: no armour item reachable,index.ts equipmentIssue/skillIssue/equipmentSetIssues (batch construction contract),source re-extracted with the maintained export (build/audit/reconciliation/B/extract.py): 507/507 hash match; classification by code inspection,,source/bands/mordheim/black-orcs/profiles.yaml/@/profiles/6/equipment_restrictions/0/unclassified;source/bands/mordheim/night-goblins-web/profiles.yaml/@/profiles/9/equipment_restrictions/0/unclassified;source/bands/mordheim/orc-mob/profiles.yaml/@/profiles/6/equipment_restrictions/0/unclassified,F019,none,equipmentIssue refuses the armour/shield items reachable from the profile lists
source/bands/mordheim/sea-ghosts-mim/equipment-access.yaml/@/equipment_lists/0/items/17/notes/unclassified,bands/mordheim/sea-ghosts-mim/equipment-access.yaml,current,YES,bearer qualifier: Minstrels only,,metadata_gap,bands/mordheim/sea-ghosts-mim/equipment-access.yaml equipment_lists[0].items[17] (lyre),none,"profileEquipmentItems reads lists/fixed kit, never item notes",source re-extracted with the maintained export (build/audit/reconciliation/B/extract.py): 507/507 hash match; classification by code inspection,per-item bearer/role qualifier is prose-only in equipment-access.yaml,,,"model the qualifier (list applies_to, a forbids token or a band exclusion)",the shared decision refuses the item for every non-qualifying profile
source/bands/mordheim/sea-ghosts-mim/equipment-access.yaml/@/equipment_lists/0/items/4/notes/unclassified,bands/mordheim/sea-ghosts-mim/equipment-access.yaml,current,YES,printed equivalence resolves to the selected canonical item,,covered,bands/mordheim/sea-ghosts-mim/equipment-access.yaml equipment_lists[0].items[4] (sword),"item record sword (kind close-combat-weapon, mechanic weapon.sword)",index.ts profileEquipmentItems/profileEquipment (declared lists + fixed kit),source re-extracted with the maintained export (build/audit/reconciliation/B/extract.py): 507/507 hash match; classification by code inspection,,source/bands/mordheim/sea-ghosts-mim/equipment-access.yaml/@/equipment_lists/1/items/2/notes/unclassified,,none,the selected item id already carries the named equivalence
source/bands/mordheim/sea-ghosts-mim/equipment-access.yaml/@/equipment_lists/1/items/2/notes/unclassified,bands/mordheim/sea-ghosts-mim/equipment-access.yaml,current,YES,printed equivalence resolves to the selected canonical item,,covered,bands/mordheim/sea-ghosts-mim/equipment-access.yaml equipment_lists[1].items[2] (sword),"item record sword (kind close-combat-weapon, mechanic weapon.sword)",index.ts profileEquipmentItems/profileEquipment (declared lists + fixed kit),source re-extracted with the maintained export (build/audit/reconciliation/B/extract.py): 507/507 hash match; classification by code inspection,,source/bands/mordheim/sea-ghosts-mim/equipment-access.yaml/@/equipment_lists/0/items/4/notes/unclassified,,none,the selected item id already carries the named equivalence
source/bands/mordheim/sea-ghosts-mim/equipment-access.yaml/@/equipment_lists/1/items/3/notes/unclassified,bands/mordheim/sea-ghosts-mim/equipment-access.yaml,current,YES,printed equivalence resolves to the selected canonical item,,covered,bands/mordheim/sea-ghosts-mim/equipment-access.yaml equipment_lists[1].items[3] (spear_stave),"item record spear_stave (kind close-combat-weapon, mechanic weapon.halberd)",index.ts profileEquipmentItems/profileEquipment (declared lists + fixed kit),source re-extracted with the maintained export (build/audit/reconciliation/B/extract.py): 507/507 hash match; classification by code inspection,,,,none,the selected item id already carries the named equivalence
source/bands/mordheim/shadow-warriors/profiles.yaml/@/profiles/2/equipment_restrictions/0/unclassified,bands/mordheim/shadow-warriors/profiles.yaml,current,YES,named equipment-list access: Shadow Warrior,casting/spell interaction (magic lot),covered,,profile.equipment_lists = shadow-warrior-equipment-lists,index.ts profileEquipmentItems/profileEquipment (declared lists + fixed kit),source re-extracted with the maintained export (build/audit/reconciliation/B/extract.py): 507/507 hash match; classification by code inspection,,source/bands/trollheim/chaos-streets-sons-of-nagarythe/profiles.yaml/@/profiles/1/equipment_restrictions/0/unclassified,,none,profileEquipment offers exactly the named list
source/bands/mordheim/silent-brotherhood-sc/equipment-access.yaml/@/equipment_lists/0/items/12/notes/unclassified,bands/mordheim/silent-brotherhood-sc/equipment-access.yaml,current,YES,printed equivalence resolves to the selected canonical item,,covered,bands/mordheim/silent-brotherhood-sc/equipment-access.yaml equipment_lists[0].items[12] (buckler),"item record buckler (kind shield-or-defence, mechanic defence.buckler)",index.ts profileEquipmentItems/profileEquipment (declared lists + fixed kit),source re-extracted with the maintained export (build/audit/reconciliation/B/extract.py): 507/507 hash match; classification by code inspection,,,,none,the selected item id already carries the named equivalence
source/bands/mordheim/silent-brotherhood-sc/equipment-access.yaml/@/equipment_lists/0/items/3/notes/unclassified,bands/mordheim/silent-brotherhood-sc/equipment-access.yaml,current,YES,bearer qualifier: Heroes only; Rare 6,,covered,bands/mordheim/silent-brotherhood-sc/equipment-access.yaml equipment_lists[0].items[3] (long_daggers),index.ts profileEquipmentItems skips long_daggers for non-heroes,index.ts profileEquipmentItems/profileEquipment (declared lists + fixed kit),source re-extracted with the maintained export (build/audit/reconciliation/B/extract.py): 507/507 hash match; classification by code inspection,,,,none,the hardcoded hero-only exclusion stands for the band
source/bands/mordheim/silent-brotherhood-sc/equipment-access.yaml/@/equipment_lists/0/items/4/notes/unclassified,bands/mordheim/silent-brotherhood-sc/equipment-access.yaml,current,YES,printed equivalence resolves to the selected canonical item,,covered,bands/mordheim/silent-brotherhood-sc/equipment-access.yaml equipment_lists[0].items[4] (great_weapon),"item record great_weapon (kind close-combat-weapon, mechanic weapon.double-handed-weapon)",index.ts profileEquipmentItems/profileEquipment (declared lists + fixed kit),source re-extracted with the maintained export (build/audit/reconciliation/B/extract.py): 507/507 hash match; classification by code inspection,,,,none,the selected item id already carries the named equivalence
source/bands/mordheim/silent-brotherhood-sc/equipment-access.yaml/@/equipment_lists/0/items/7/notes/unclassified,bands/mordheim/silent-brotherhood-sc/equipment-access.yaml,current,YES,bearer qualifier: Sniper only,,metadata_gap,bands/mordheim/silent-brotherhood-sc/equipment-access.yaml equipment_lists[0].items[7] (crossbow),none,"profileEquipmentItems reads lists/fixed kit, never item notes",source re-extracted with the maintained export (build/audit/reconciliation/B/extract.py): 507/507 hash match; classification by code inspection,per-item bearer/role qualifier is prose-only in equipment-access.yaml,,,"model the qualifier (list applies_to, a forbids token or a band exclusion)",the shared decision refuses the item for every non-qualifying profile
source/bands/mordheim/silent-brotherhood-sc/equipment-access.yaml/@/equipment_lists/0/items/9/notes/unclassified,bands/mordheim/silent-brotherhood-sc/equipment-access.yaml,current,YES,bearer qualifier: Sniper only,,metadata_gap,bands/mordheim/silent-brotherhood-sc/equipment-access.yaml equipment_lists[0].items[9] (long_bow),none,"profileEquipmentItems reads lists/fixed kit, never item notes",source re-extracted with the maintained export (build/audit/reconciliation/B/extract.py): 507/507 hash match; classification by code inspection,per-item bearer/role qualifier is prose-only in equipment-access.yaml,,,"model the qualifier (list applies_to, a forbids token or a band exclusion)",the shared decision refuses the item for every non-qualifying profile
source/bands/mordheim/silent-brotherhood-sc/profiles.yaml/@/profiles/3/equipment_restrictions/0/unclassified,bands/mordheim/silent-brotherhood-sc/profiles.yaml,current,YES,printed hand/weapon-category restriction,,covered,,"forbids animal,blackpowder",index.ts equipmentIssue/skillIssue/equipmentSetIssues (batch construction contract),source re-extracted with the maintained export (build/audit/reconciliation/B/extract.py): 507/507 hash match; classification by code inspection,,source/bands/mordheim/silent-brotherhood-sc/profiles.yaml/@/profiles/4/equipment_restrictions/0/unclassified,F019,none,activeWeaponIssues/buildRestriction refuse the forbidden category
source/bands/mordheim/silent-brotherhood-sc/profiles.yaml/@/profiles/4/equipment_restrictions/0/unclassified,bands/mordheim/silent-brotherhood-sc/profiles.yaml,current,YES,printed hand/weapon-category restriction,,covered,,"forbids animal,blackpowder",index.ts equipmentIssue/skillIssue/equipmentSetIssues (batch construction contract),source re-extracted with the maintained export (build/audit/reconciliation/B/extract.py): 507/507 hash match; classification by code inspection,,source/bands/mordheim/silent-brotherhood-sc/profiles.yaml/@/profiles/3/equipment_restrictions/0/unclassified,F019,none,activeWeaponIssues/buildRestriction refuse the forbidden category
source/bands/mordheim/skaven-clan-pestilens/profiles.yaml/@/profiles/5/equipment_restrictions/0/unclassified,bands/mordheim/skaven-clan-pestilens/profiles.yaml,current,YES,weapons/armour selection refused,combat unarmed/natural-attack consequence (C/D lot),covered,,legacy prose branch (buildRestriction profileSelections),index.ts equipmentIssue/skillIssue/equipmentSetIssues (batch construction contract),source re-extracted with the maintained export (build/audit/reconciliation/B/extract.py): 507/507 hash match; classification by code inspection,,,F019,none,equipmentIssue refuses the armour/shield items reachable from the profile lists
source/bands/mordheim/skaven-clan-pestilens/profiles.yaml/@/profiles/6/equipment_restrictions/0/unclassified,bands/mordheim/skaven-clan-pestilens/profiles.yaml,current,YES,weapons/armour selection refused,combat unarmed/natural-attack consequence (C/D lot),covered,,legacy prose branch (buildRestriction profileSelections),index.ts equipmentIssue/skillIssue/equipmentSetIssues (batch construction contract),source re-extracted with the maintained export (build/audit/reconciliation/B/extract.py): 507/507 hash match; classification by code inspection,,,F019,none,equipmentIssue refuses the armour/shield items reachable from the profile lists
source/bands/mordheim/skaven-of-clan-moulder-web/profiles.yaml/@/profiles/4/equipment_restrictions/0/unclassified,bands/mordheim/skaven-of-clan-moulder-web/profiles.yaml,current,YES,weapons/armour selection refused,combat unarmed/natural-attack consequence (C/D lot),covered,,subsumed: no armour item reachable,index.ts equipmentIssue/skillIssue/equipmentSetIssues (batch construction contract),source re-extracted with the maintained export (build/audit/reconciliation/B/extract.py): 507/507 hash match; classification by code inspection,,,F019,none,equipmentIssue refuses the armour/shield items reachable from the profile lists
source/bands/mordheim/skaven-of-clan-moulder-web/profiles.yaml/@/profiles/5/equipment_restrictions/0/unclassified,bands/mordheim/skaven-of-clan-moulder-web/profiles.yaml,current,YES,weapons/armour selection refused,combat unarmed/natural-attack consequence (C/D lot),covered,,subsumed: no armour item reachable,index.ts equipmentIssue/skillIssue/equipmentSetIssues (batch construction contract),source re-extracted with the maintained export (build/audit/reconciliation/B/extract.py): 507/507 hash match; classification by code inspection,,,F019,none,equipmentIssue refuses the armour/shield items reachable from the profile lists
source/bands/mordheim/skaven-of-clan-moulder-web/profiles.yaml/@/profiles/6/equipment_restrictions/0/unclassified,bands/mordheim/skaven-of-clan-moulder-web/profiles.yaml,current,YES,weapons/armour selection refused,combat unarmed/natural-attack consequence (C/D lot),covered,,legacy prose branch (buildRestriction profileSelections),index.ts equipmentIssue/skillIssue/equipmentSetIssues (batch construction contract),source re-extracted with the maintained export (build/audit/reconciliation/B/extract.py): 507/507 hash match; classification by code inspection,,,F019,none,equipmentIssue refuses the armour/shield items reachable from the profile lists
source/bands/mordheim/skaven-of-clan-pestilens-lus/profiles.yaml/@/profiles/3/equipment_restrictions/0/unclassified,bands/mordheim/skaven-of-clan-pestilens-lus/profiles.yaml,current,YES,named equipment-list access,,covered,,profile.equipment_lists = henchmen-equipment-list,index.ts profileEquipmentItems/profileEquipment (declared lists + fixed kit),source re-extracted with the maintained export (build/audit/reconciliation/B/extract.py): 507/507 hash match; classification by code inspection,,,,none,profileEquipment offers exactly the named list
source/bands/mordheim/skaven-of-clan-pestilens-mou/profiles.yaml/@/profiles/0/equipment_restrictions/0/unclassified,bands/mordheim/skaven-of-clan-pestilens-mou/profiles.yaml,current,YES,mixed printed clause: kit/access part + non-construction consequence,combat/material consequence (C/D lot / item mechanics),partial,,canonical kit where declared,none for the non-construction consequence,source re-extracted with the maintained export (build/audit/reconciliation/B/extract.py): 507/507 hash match; classification by code inspection,combat/material consequence is outside the construction module,source/bands/mordheim/skaven-of-clan-pestilens-mou/profiles.yaml/@/profiles/1/equipment_restrictions/0/unclassified,,split the clause; keep the construction part canonical and route the rest,the construction sub-clause is canonical and the rest is explicitly excluded
source/bands/mordheim/skaven-of-clan-pestilens-mou/profiles.yaml/@/profiles/1/equipment_restrictions/0/unclassified,bands/mordheim/skaven-of-clan-pestilens-mou/profiles.yaml,current,YES,mixed printed clause: kit/access part + non-construction consequence,combat/material consequence (C/D lot / item mechanics),partial,,canonical kit where declared,none for the non-construction consequence,source re-extracted with the maintained export (build/audit/reconciliation/B/extract.py): 507/507 hash match; classification by code inspection,combat/material consequence is outside the construction module,source/bands/mordheim/skaven-of-clan-pestilens-mou/profiles.yaml/@/profiles/0/equipment_restrictions/0/unclassified,,split the clause; keep the construction part canonical and route the rest,the construction sub-clause is canonical and the rest is explicitly excluded
source/bands/mordheim/skaven-of-clan-pestilens-mou/profiles.yaml/@/profiles/4/equipment_restrictions/0/unclassified,bands/mordheim/skaven-of-clan-pestilens-mou/profiles.yaml,current,YES,printed no-equipment/natural-attack clause,combat unarmed/natural-attack consequence (C/D lot),covered,,canonical profile.equipment_lists == [] (no purchasable access),index.ts profileEquipmentItems/profileEquipment (declared lists + fixed kit),source re-extracted with the maintained export (build/audit/reconciliation/B/extract.py): 507/507 hash match; classification by code inspection,,,,none,"the profile offers no purchasable equipment, so the clause cannot be violated"
source/bands/mordheim/skaven-of-clan-pristekk-sc/profiles.yaml/@/profiles/5/equipment_restrictions/0/unclassified,bands/mordheim/skaven-of-clan-pristekk-sc/profiles.yaml,current,YES,weapons/armour selection refused,combat unarmed/natural-attack consequence (C/D lot),covered,,subsumed: no armour item reachable,index.ts equipmentIssue/skillIssue/equipmentSetIssues (batch construction contract),source re-extracted with the maintained export (build/audit/reconciliation/B/extract.py): 507/507 hash match; classification by code inspection,,source/bands/mordheim/underworld-alliance-mim/profiles.yaml/@/profiles/7/equipment_restrictions/0/unclassified,F019,none,equipmentIssue refuses the armour/shield items reachable from the profile lists
source/bands/mordheim/skaven-of-clan-pristekk-sc/profiles.yaml/@/profiles/6/equipment_restrictions/0/unclassified,bands/mordheim/skaven-of-clan-pristekk-sc/profiles.yaml,current,YES,weapons/armour selection refused,combat unarmed/natural-attack consequence (C/D lot),covered,,legacy prose branch (buildRestriction profileSelections),index.ts equipmentIssue/skillIssue/equipmentSetIssues (batch construction contract),source re-extracted with the maintained export (build/audit/reconciliation/B/extract.py): 507/507 hash match; classification by code inspection,,,F019,none,equipmentIssue refuses the armour/shield items reachable from the profile lists
source/bands/mordheim/skaven-of-clan-skryre-kaz/equipment-access.yaml/@/equipment_lists/0/items/11/notes/unclassified,bands/mordheim/skaven-of-clan-skryre-kaz/equipment-access.yaml,current,YES,"bearer qualifier: Rare 11, Skaven Clan Skryre heroes only; see band--jezzail",,metadata_gap,bands/mordheim/skaven-of-clan-skryre-kaz/equipment-access.yaml equipment_lists[0].items[11] (jezzail),none,"profileEquipmentItems reads lists/fixed kit, never item notes",source re-extracted with the maintained export (build/audit/reconciliation/B/extract.py): 507/507 hash match; classification by code inspection,per-item bearer/role qualifier is prose-only in equipment-access.yaml,,,"model the qualifier (list applies_to, a forbids token or a band exclusion)",the shared decision refuses the item for every non-qualifying profile
source/bands/mordheim/slavers-rel/equipment-access.yaml/@/equipment_lists/0/items/19/notes/unclassified,bands/mordheim/slavers-rel/equipment-access.yaml,current,YES,bearer qualifier: Heroes only; 20+D6 dinars; Rare 8; Slavers only,,metadata_gap,bands/mordheim/slavers-rel/equipment-access.yaml equipment_lists[0].items[19] (manacles),none,"profileEquipmentItems reads lists/fixed kit, never item notes",source re-extracted with the maintained export (build/audit/reconciliation/B/extract.py): 507/507 hash match; classification by code inspection,per-item bearer/role qualifier is prose-only in equipment-access.yaml,,,"model the qualifier (list applies_to, a forbids token or a band exclusion)",the shared decision refuses the item for every non-qualifying profile
source/bands/mordheim/slavers-rel/equipment-access.yaml/@/equipment_lists/0/items/20/notes/unclassified,bands/mordheim/slavers-rel/equipment-access.yaml,current,YES,bearer qualifier: Heroes only,,metadata_gap,bands/mordheim/slavers-rel/equipment-access.yaml equipment_lists[0].items[20] (slave),none,"profileEquipmentItems reads lists/fixed kit, never item notes",source re-extracted with the maintained export (build/audit/reconciliation/B/extract.py): 507/507 hash match; classification by code inspection,per-item bearer/role qualifier is prose-only in equipment-access.yaml,,,"model the qualifier (list applies_to, a forbids token or a band exclusion)",the shared decision refuses the item for every non-qualifying profile
source/bands/mordheim/slavers-rel/equipment-access.yaml/@/equipment_lists/0/items/7/notes/unclassified,bands/mordheim/slavers-rel/equipment-access.yaml,current,YES,bearer qualifier: Rare 6; Slavers only,,metadata_gap,bands/mordheim/slavers-rel/equipment-access.yaml equipment_lists[0].items[7] (trappers_pole),none,"profileEquipmentItems reads lists/fixed kit, never item notes",source re-extracted with the maintained export (build/audit/reconciliation/B/extract.py): 507/507 hash match; classification by code inspection,per-item bearer/role qualifier is prose-only in equipment-access.yaml,,,"model the qualifier (list applies_to, a forbids token or a band exclusion)",the shared decision refuses the item for every non-qualifying profile
source/bands/mordheim/slayer-pirates-sar/equipment-access.yaml/@/equipment_lists/0/items/1/notes/unclassified,bands/mordheim/slayer-pirates-sar/equipment-access.yaml,current,YES,printed equivalence resolves to the selected canonical item,,covered,bands/mordheim/slayer-pirates-sar/equipment-access.yaml equipment_lists[0].items[1] (hammer),"item record hammer (kind close-combat-weapon, mechanic weapon.mace)",index.ts profileEquipmentItems/profileEquipment (declared lists + fixed kit),source re-extracted with the maintained export (build/audit/reconciliation/B/extract.py): 507/507 hash match; classification by code inspection,,source/bands/mordheim/slayer-pirates-sar/equipment-access.yaml/@/equipment_lists/1/items/1/notes/unclassified;source/bands/mordheim/slayer-pirates-sar/equipment-access.yaml/@/equipment_lists/2/items/1/notes/unclassified,,none,the selected item id already carries the named equivalence
source/bands/mordheim/slayer-pirates-sar/equipment-access.yaml/@/equipment_lists/0/items/13/notes/unclassified,bands/mordheim/slayer-pirates-sar/equipment-access.yaml,current,YES,bearer qualifier: Miscellaneous Equipment; Heroes Only,,metadata_gap,bands/mordheim/slayer-pirates-sar/equipment-access.yaml equipment_lists[0].items[13] (rope_hook),none,"profileEquipmentItems reads lists/fixed kit, never item notes",source re-extracted with the maintained export (build/audit/reconciliation/B/extract.py): 507/507 hash match; classification by code inspection,per-item bearer/role qualifier is prose-only in equipment-access.yaml,,,"model the qualifier (list applies_to, a forbids token or a band exclusion)",the shared decision refuses the item for every non-qualifying profile
source/bands/mordheim/slayer-pirates-sar/equipment-access.yaml/@/equipment_lists/0/items/4/notes/unclassified,bands/mordheim/slayer-pirates-sar/equipment-access.yaml,current,YES,bearer qualifier: Heroes only,,metadata_gap,bands/mordheim/slayer-pirates-sar/equipment-access.yaml equipment_lists[0].items[4] (cat_o_nine_tails),none,"profileEquipmentItems reads lists/fixed kit, never item notes",source re-extracted with the maintained export (build/audit/reconciliation/B/extract.py): 507/507 hash match; classification by code inspection,per-item bearer/role qualifier is prose-only in equipment-access.yaml,,,"model the qualifier (list applies_to, a forbids token or a band exclusion)",the shared decision refuses the item for every non-qualifying profile
source/bands/mordheim/slayer-pirates-sar/equipment-access.yaml/@/equipment_lists/1/items/1/notes/unclassified,bands/mordheim/slayer-pirates-sar/equipment-access.yaml,current,YES,printed equivalence resolves to the selected canonical item,,covered,bands/mordheim/slayer-pirates-sar/equipment-access.yaml equipment_lists[1].items[1] (hammer),"item record hammer (kind close-combat-weapon, mechanic weapon.mace)",index.ts profileEquipmentItems/profileEquipment (declared lists + fixed kit),source re-extracted with the maintained export (build/audit/reconciliation/B/extract.py): 507/507 hash match; classification by code inspection,,source/bands/mordheim/slayer-pirates-sar/equipment-access.yaml/@/equipment_lists/0/items/1/notes/unclassified;source/bands/mordheim/slayer-pirates-sar/equipment-access.yaml/@/equipment_lists/2/items/1/notes/unclassified,,none,the selected item id already carries the named equivalence
source/bands/mordheim/slayer-pirates-sar/equipment-access.yaml/@/equipment_lists/2/items/1/notes/unclassified,bands/mordheim/slayer-pirates-sar/equipment-access.yaml,current,YES,printed equivalence resolves to the selected canonical item,,covered,bands/mordheim/slayer-pirates-sar/equipment-access.yaml equipment_lists[2].items[1] (hammer),"item record hammer (kind close-combat-weapon, mechanic weapon.mace)",index.ts profileEquipmentItems/profileEquipment (declared lists + fixed kit),source re-extracted with the maintained export (build/audit/reconciliation/B/extract.py): 507/507 hash match; classification by code inspection,,source/bands/mordheim/slayer-pirates-sar/equipment-access.yaml/@/equipment_lists/0/items/1/notes/unclassified;source/bands/mordheim/slayer-pirates-sar/equipment-access.yaml/@/equipment_lists/1/items/1/notes/unclassified,,none,the selected item id already carries the named equivalence
source/bands/mordheim/slayer-pirates-sar/equipment-access.yaml/@/equipment_lists/2/items/11/notes/unclassified,bands/mordheim/slayer-pirates-sar/equipment-access.yaml,current,YES,bearer qualifier: Heroes only,,metadata_gap,bands/mordheim/slayer-pirates-sar/equipment-access.yaml equipment_lists[2].items[11] (double_barreled_blunderbuss),none,"profileEquipmentItems reads lists/fixed kit, never item notes",source re-extracted with the maintained export (build/audit/reconciliation/B/extract.py): 507/507 hash match; classification by code inspection,per-item bearer/role qualifier is prose-only in equipment-access.yaml,,,"model the qualifier (list applies_to, a forbids token or a band exclusion)",the shared decision refuses the item for every non-qualifying profile
source/bands/mordheim/slayer-pirates-sar/profiles.yaml/@/profiles/0/equipment_restrictions/0/unclassified,bands/mordheim/slayer-pirates-sar/profiles.yaml,current,YES,weapons/armour selection refused,combat unarmed/natural-attack consequence (C/D lot),covered,,subsumed: no armour item reachable,index.ts equipmentIssue/skillIssue/equipmentSetIssues (batch construction contract),source re-extracted with the maintained export (build/audit/reconciliation/B/extract.py): 507/507 hash match; classification by code inspection,,source/bands/mordheim/slayer-pirates-sar/profiles.yaml/@/profiles/1/equipment_restrictions/0/unclassified;source/bands/mordheim/slayer-pirates-sar/profiles.yaml/@/profiles/2/equipment_restrictions/0/unclassified;source/bands/mordheim/slayer-pirates-sar/profiles.yaml/@/profiles/3/equipment_restrictions/0/unclassified;source/bands/mordheim/slayer-pirates-sar/profiles.yaml/@/profiles/4/equipment_restrictions/0/unclassified,F019,none,equipmentIssue refuses the armour/shield items reachable from the profile lists
source/bands/mordheim/slayer-pirates-sar/profiles.yaml/@/profiles/0/equipment_restrictions/1/unclassified,bands/mordheim/slayer-pirates-sar/profiles.yaml,current,YES,armour selection refused,,covered,,subsumed: no armour item reachable,index.ts equipmentIssue/skillIssue/equipmentSetIssues (batch construction contract),source re-extracted with the maintained export (build/audit/reconciliation/B/extract.py): 507/507 hash match; classification by code inspection,,source/bands/mordheim/estalian-corsairs-sar/profiles.yaml/@/profiles/0/equipment_restrictions/0/unclassified;source/bands/mordheim/estalian-corsairs-sar/profiles.yaml/@/profiles/1/equipment_restrictions/0/unclassified;source/bands/mordheim/estalian-corsairs-sar/profiles.yaml/@/profiles/2/equipment_restrictions/0/unclassified;source/bands/mordheim/estalian-corsairs-sar/profiles.yaml/@/profiles/3/equipment_restrictions/0/unclassified,F019,none,equipmentIssue refuses the armour/shield items reachable from the profile lists
source/bands/mordheim/slayer-pirates-sar/profiles.yaml/@/profiles/1/equipment_restrictions/0/unclassified,bands/mordheim/slayer-pirates-sar/profiles.yaml,current,YES,weapons/armour selection refused,combat unarmed/natural-attack consequence (C/D lot),covered,,subsumed: no armour item reachable,index.ts equipmentIssue/skillIssue/equipmentSetIssues (batch construction contract),source re-extracted with the maintained export (build/audit/reconciliation/B/extract.py): 507/507 hash match; classification by code inspection,,source/bands/mordheim/slayer-pirates-sar/profiles.yaml/@/profiles/0/equipment_restrictions/0/unclassified;source/bands/mordheim/slayer-pirates-sar/profiles.yaml/@/profiles/2/equipment_restrictions/0/unclassified;source/bands/mordheim/slayer-pirates-sar/profiles.yaml/@/profiles/3/equipment_restrictions/0/unclassified;source/bands/mordheim/slayer-pirates-sar/profiles.yaml/@/profiles/4/equipment_restrictions/0/unclassified,F019,none,equipmentIssue refuses the armour/shield items reachable from the profile lists
source/bands/mordheim/slayer-pirates-sar/profiles.yaml/@/profiles/1/equipment_restrictions/1/unclassified,bands/mordheim/slayer-pirates-sar/profiles.yaml,current,YES,armour selection refused,,covered,,subsumed: no armour item reachable,index.ts equipmentIssue/skillIssue/equipmentSetIssues (batch construction contract),source re-extracted with the maintained export (build/audit/reconciliation/B/extract.py): 507/507 hash match; classification by code inspection,,source/bands/mordheim/estalian-corsairs-sar/profiles.yaml/@/profiles/0/equipment_restrictions/0/unclassified;source/bands/mordheim/estalian-corsairs-sar/profiles.yaml/@/profiles/1/equipment_restrictions/0/unclassified;source/bands/mordheim/estalian-corsairs-sar/profiles.yaml/@/profiles/2/equipment_restrictions/0/unclassified;source/bands/mordheim/estalian-corsairs-sar/profiles.yaml/@/profiles/3/equipment_restrictions/0/unclassified,F019,none,equipmentIssue refuses the armour/shield items reachable from the profile lists
source/bands/mordheim/slayer-pirates-sar/profiles.yaml/@/profiles/2/equipment_restrictions/0/unclassified,bands/mordheim/slayer-pirates-sar/profiles.yaml,current,YES,weapons/armour selection refused,combat unarmed/natural-attack consequence (C/D lot),covered,,subsumed: no armour item reachable,index.ts equipmentIssue/skillIssue/equipmentSetIssues (batch construction contract),source re-extracted with the maintained export (build/audit/reconciliation/B/extract.py): 507/507 hash match; classification by code inspection,,source/bands/mordheim/slayer-pirates-sar/profiles.yaml/@/profiles/0/equipment_restrictions/0/unclassified;source/bands/mordheim/slayer-pirates-sar/profiles.yaml/@/profiles/1/equipment_restrictions/0/unclassified;source/bands/mordheim/slayer-pirates-sar/profiles.yaml/@/profiles/3/equipment_restrictions/0/unclassified;source/bands/mordheim/slayer-pirates-sar/profiles.yaml/@/profiles/4/equipment_restrictions/0/unclassified,F019,none,equipmentIssue refuses the armour/shield items reachable from the profile lists
source/bands/mordheim/slayer-pirates-sar/profiles.yaml/@/profiles/2/equipment_restrictions/1/unclassified,bands/mordheim/slayer-pirates-sar/profiles.yaml,current,YES,armour selection refused,,covered,,subsumed: no armour item reachable,index.ts equipmentIssue/skillIssue/equipmentSetIssues (batch construction contract),source re-extracted with the maintained export (build/audit/reconciliation/B/extract.py): 507/507 hash match; classification by code inspection,,source/bands/mordheim/estalian-corsairs-sar/profiles.yaml/@/profiles/0/equipment_restrictions/0/unclassified;source/bands/mordheim/estalian-corsairs-sar/profiles.yaml/@/profiles/1/equipment_restrictions/0/unclassified;source/bands/mordheim/estalian-corsairs-sar/profiles.yaml/@/profiles/2/equipment_restrictions/0/unclassified;source/bands/mordheim/estalian-corsairs-sar/profiles.yaml/@/profiles/3/equipment_restrictions/0/unclassified,F019,none,equipmentIssue refuses the armour/shield items reachable from the profile lists
source/bands/mordheim/slayer-pirates-sar/profiles.yaml/@/profiles/3/equipment_restrictions/0/unclassified,bands/mordheim/slayer-pirates-sar/profiles.yaml,current,YES,weapons/armour selection refused,combat unarmed/natural-attack consequence (C/D lot),covered,,subsumed: no armour item reachable,index.ts equipmentIssue/skillIssue/equipmentSetIssues (batch construction contract),source re-extracted with the maintained export (build/audit/reconciliation/B/extract.py): 507/507 hash match; classification by code inspection,,source/bands/mordheim/slayer-pirates-sar/profiles.yaml/@/profiles/0/equipment_restrictions/0/unclassified;source/bands/mordheim/slayer-pirates-sar/profiles.yaml/@/profiles/1/equipment_restrictions/0/unclassified;source/bands/mordheim/slayer-pirates-sar/profiles.yaml/@/profiles/2/equipment_restrictions/0/unclassified;source/bands/mordheim/slayer-pirates-sar/profiles.yaml/@/profiles/4/equipment_restrictions/0/unclassified,F019,none,equipmentIssue refuses the armour/shield items reachable from the profile lists
source/bands/mordheim/slayer-pirates-sar/profiles.yaml/@/profiles/3/equipment_restrictions/1/unclassified,bands/mordheim/slayer-pirates-sar/profiles.yaml,current,YES,armour selection refused,,covered,,subsumed: no armour item reachable,index.ts equipmentIssue/skillIssue/equipmentSetIssues (batch construction contract),source re-extracted with the maintained export (build/audit/reconciliation/B/extract.py): 507/507 hash match; classification by code inspection,,source/bands/mordheim/estalian-corsairs-sar/profiles.yaml/@/profiles/0/equipment_restrictions/0/unclassified;source/bands/mordheim/estalian-corsairs-sar/profiles.yaml/@/profiles/1/equipment_restrictions/0/unclassified;source/bands/mordheim/estalian-corsairs-sar/profiles.yaml/@/profiles/2/equipment_restrictions/0/unclassified;source/bands/mordheim/estalian-corsairs-sar/profiles.yaml/@/profiles/3/equipment_restrictions/0/unclassified,F019,none,equipmentIssue refuses the armour/shield items reachable from the profile lists
source/bands/mordheim/slayer-pirates-sar/profiles.yaml/@/profiles/4/equipment_restrictions/0/unclassified,bands/mordheim/slayer-pirates-sar/profiles.yaml,current,YES,weapons/armour selection refused,combat unarmed/natural-attack consequence (C/D lot),covered,,subsumed: no armour item reachable,index.ts equipmentIssue/skillIssue/equipmentSetIssues (batch construction contract),source re-extracted with the maintained export (build/audit/reconciliation/B/extract.py): 507/507 hash match; classification by code inspection,,source/bands/mordheim/slayer-pirates-sar/profiles.yaml/@/profiles/0/equipment_restrictions/0/unclassified;source/bands/mordheim/slayer-pirates-sar/profiles.yaml/@/profiles/1/equipment_restrictions/0/unclassified;source/bands/mordheim/slayer-pirates-sar/profiles.yaml/@/profiles/2/equipment_restrictions/0/unclassified;source/bands/mordheim/slayer-pirates-sar/profiles.yaml/@/profiles/3/equipment_restrictions/0/unclassified,F019,none,equipmentIssue refuses the armour/shield items reachable from the profile lists
source/bands/mordheim/slayer-pirates-sar/profiles.yaml/@/profiles/4/equipment_restrictions/1/unclassified,bands/mordheim/slayer-pirates-sar/profiles.yaml,current,YES,armour selection refused,,covered,,subsumed: no armour item reachable,index.ts equipmentIssue/skillIssue/equipmentSetIssues (batch construction contract),source re-extracted with the maintained export (build/audit/reconciliation/B/extract.py): 507/507 hash match; classification by code inspection,,source/bands/mordheim/estalian-corsairs-sar/profiles.yaml/@/profiles/0/equipment_restrictions/0/unclassified;source/bands/mordheim/estalian-corsairs-sar/profiles.yaml/@/profiles/1/equipment_restrictions/0/unclassified;source/bands/mordheim/estalian-corsairs-sar/profiles.yaml/@/profiles/2/equipment_restrictions/0/unclassified;source/bands/mordheim/estalian-corsairs-sar/profiles.yaml/@/profiles/3/equipment_restrictions/0/unclassified,F019,none,equipmentIssue refuses the armour/shield items reachable from the profile lists
source/bands/mordheim/slayer-pirates-sar/profiles.yaml/@/profiles/5/equipment_restrictions/0/unclassified,bands/mordheim/slayer-pirates-sar/profiles.yaml,current,YES,weapons/armour selection refused,combat unarmed/natural-attack consequence (C/D lot),covered,,subsumed: no armour item reachable,index.ts equipmentIssue/skillIssue/equipmentSetIssues (batch construction contract),source re-extracted with the maintained export (build/audit/reconciliation/B/extract.py): 507/507 hash match; classification by code inspection,,source/bands/mordheim/slayer-pirates-sar/profiles.yaml/@/profiles/0/equipment_restrictions/0/unclassified;source/bands/mordheim/slayer-pirates-sar/profiles.yaml/@/profiles/1/equipment_restrictions/0/unclassified;source/bands/mordheim/slayer-pirates-sar/profiles.yaml/@/profiles/2/equipment_restrictions/0/unclassified;source/bands/mordheim/slayer-pirates-sar/profiles.yaml/@/profiles/3/equipment_restrictions/0/unclassified,F019,none,equipmentIssue refuses the armour/shield items reachable from the profile lists
source/bands/mordheim/slayer-pirates-sar/profiles.yaml/@/profiles/5/equipment_restrictions/1/unclassified,bands/mordheim/slayer-pirates-sar/profiles.yaml,current,YES,armour selection refused,,covered,,subsumed: no armour item reachable,index.ts equipmentIssue/skillIssue/equipmentSetIssues (batch construction contract),source re-extracted with the maintained export (build/audit/reconciliation/B/extract.py): 507/507 hash match; classification by code inspection,,source/bands/mordheim/estalian-corsairs-sar/profiles.yaml/@/profiles/0/equipment_restrictions/0/unclassified;source/bands/mordheim/estalian-corsairs-sar/profiles.yaml/@/profiles/1/equipment_restrictions/0/unclassified;source/bands/mordheim/estalian-corsairs-sar/profiles.yaml/@/profiles/2/equipment_restrictions/0/unclassified;source/bands/mordheim/estalian-corsairs-sar/profiles.yaml/@/profiles/3/equipment_restrictions/0/unclassified,F019,none,equipmentIssue refuses the armour/shield items reachable from the profile lists
source/bands/mordheim/slayer-pirates-sar/profiles.yaml/@/profiles/6/equipment_restrictions/0/unclassified,bands/mordheim/slayer-pirates-sar/profiles.yaml,current,YES,printed composition/procurement/roster clause,,implementation_missing,,,none in the shared eligibility module,source re-extracted with the maintained export (build/audit/reconciliation/B/extract.py): 507/507 hash match; classification by code inspection,no construction contract for the clause category,,,decide whether the clause is construction; model it only if admitted,the admitted clause is either modelled or excluded with a ruling
source/bands/mordheim/snotlings-web/profiles.yaml/@/profiles/4/equipment_restrictions/0/unclassified,bands/mordheim/snotlings-web/profiles.yaml,current,YES,a named item/category is restricted to a named bearer/role,,metadata_gap,,none,index.ts equipmentIssue/skillIssue/equipmentSetIssues (batch construction contract),source re-extracted with the maintained export (build/audit/reconciliation/B/extract.py): 507/507 hash match; classification by code inspection,per-item bearer qualifier is prose-only (no qualifier field / forbids token),,,"model the bearer qualifier (list applies_to, a forbids token or a band exclusion)",the shared decision refuses the item for the non-qualifying profile
source/bands/mordheim/snotlings-web/profiles.yaml/@/profiles/7/equipment_restrictions/0/unclassified,bands/mordheim/snotlings-web/profiles.yaml,current,YES,printed no-equipment/natural-attack clause,,covered,,canonical profile.equipment_lists == [] (no purchasable access),index.ts profileEquipmentItems/profileEquipment (declared lists + fixed kit),source re-extracted with the maintained export (build/audit/reconciliation/B/extract.py): 507/507 hash match; classification by code inspection,,,,none,"the profile offers no purchasable equipment, so the clause cannot be violated"
source/bands/mordheim/sorcerous-society-lotd4/equipment-access.yaml/@/equipment_lists/0/items/17/notes/unclassified,bands/mordheim/sorcerous-society-lotd4/equipment-access.yaml,current,YES,bearer qualifier: List price 20 gc; the Special Equipment entry prices it 20 + 2D6 gc; Rare 9; Heroes only,,metadata_gap,bands/mordheim/sorcerous-society-lotd4/equipment-access.yaml equipment_lists[0].items[17] (society_familiar),none,"profileEquipmentItems reads lists/fixed kit, never item notes",source re-extracted with the maintained export (build/audit/reconciliation/B/extract.py): 507/507 hash match; classification by code inspection,per-item bearer/role qualifier is prose-only in equipment-access.yaml,,,"model the qualifier (list applies_to, a forbids token or a band exclusion)",the shared decision refuses the item for every non-qualifying profile
source/bands/mordheim/strigoi-kaz/equipment-access.yaml/@/equipment_lists/0/items/8/notes/unclassified,bands/mordheim/strigoi-kaz/equipment-access.yaml,current,YES,bearer qualifier: Strigany only (missile weapons are marked Strigani only),,metadata_gap,bands/mordheim/strigoi-kaz/equipment-access.yaml equipment_lists[0].items[8] (bow),none,"profileEquipmentItems reads lists/fixed kit, never item notes",source re-extracted with the maintained export (build/audit/reconciliation/B/extract.py): 507/507 hash match; classification by code inspection,per-item bearer/role qualifier is prose-only in equipment-access.yaml,,,"model the qualifier (list applies_to, a forbids token or a band exclusion)",the shared decision refuses the item for every non-qualifying profile
source/bands/mordheim/strigoi-kaz/equipment-access.yaml/@/equipment_lists/0/items/9/notes/unclassified,bands/mordheim/strigoi-kaz/equipment-access.yaml,current,YES,bearer qualifier: Strigany only (missile weapons are marked Strigani only),,metadata_gap,bands/mordheim/strigoi-kaz/equipment-access.yaml equipment_lists[0].items[9] (short_bow),none,"profileEquipmentItems reads lists/fixed kit, never item notes",source re-extracted with the maintained export (build/audit/reconciliation/B/extract.py): 507/507 hash match; classification by code inspection,per-item bearer/role qualifier is prose-only in equipment-access.yaml,,,"model the qualifier (list applies_to, a forbids token or a band exclusion)",the shared decision refuses the item for every non-qualifying profile
source/bands/mordheim/survivors-of-strigos-sylv/profiles.yaml/@/profiles/0/equipment_restrictions/0/unclassified,bands/mordheim/survivors-of-strigos-sylv/profiles.yaml,current,YES,printed no-equipment/natural-attack clause,combat unarmed/natural-attack consequence (C/D lot),covered,,canonical profile.equipment_lists == [] (no purchasable access),index.ts profileEquipmentItems/profileEquipment (declared lists + fixed kit),source re-extracted with the maintained export (build/audit/reconciliation/B/extract.py): 507/507 hash match; classification by code inspection,,,,none,"the profile offers no purchasable equipment, so the clause cannot be violated"
source/bands/mordheim/survivors-of-strigos-sylv/profiles.yaml/@/profiles/4/equipment_restrictions/0/unclassified,bands/mordheim/survivors-of-strigos-sylv/profiles.yaml,current,YES,printed no-equipment/natural-attack clause,combat unarmed/natural-attack consequence (C/D lot),covered,,canonical profile.equipment_lists == [] (no purchasable access),index.ts profileEquipmentItems/profileEquipment (declared lists + fixed kit),source re-extracted with the maintained export (build/audit/reconciliation/B/extract.py): 507/507 hash match; classification by code inspection,,,,none,"the profile offers no purchasable equipment, so the clause cannot be violated"
source/bands/mordheim/survivors-of-strigos-sylv/profiles.yaml/@/profiles/5/equipment_restrictions/0/unclassified,bands/mordheim/survivors-of-strigos-sylv/profiles.yaml,current,YES,printed no-equipment/natural-attack clause,combat unarmed/natural-attack consequence (C/D lot),covered,,canonical profile.equipment_lists == [] (no purchasable access),index.ts profileEquipmentItems/profileEquipment (declared lists + fixed kit),source re-extracted with the maintained export (build/audit/reconciliation/B/extract.py): 507/507 hash match; classification by code inspection,,,,none,"the profile offers no purchasable equipment, so the clause cannot be violated"
source/bands/mordheim/turjuk-rel/profiles.yaml/@/profiles/3/equipment_restrictions/0/unclassified,bands/mordheim/turjuk-rel/profiles.yaml,current,YES,a named item/category is restricted to a named bearer/role,,metadata_gap,,none,index.ts equipmentIssue/skillIssue/equipmentSetIssues (batch construction contract),source re-extracted with the maintained export (build/audit/reconciliation/B/extract.py): 507/507 hash match; classification by code inspection,per-item bearer qualifier is prose-only (no qualifier field / forbids token),source/bands/mordheim/ghutani-rel/profiles.yaml/@/profiles/3/equipment_restrictions/0/unclassified;source/bands/mordheim/ghutani-rel/profiles.yaml/@/profiles/4/equipment_restrictions/0/unclassified;source/bands/mordheim/muzil-rel/profiles.yaml/@/profiles/3/equipment_restrictions/0/unclassified,,"model the bearer qualifier (list applies_to, a forbids token or a band exclusion)",the shared decision refuses the item for the non-qualifying profile
source/bands/mordheim/undead/profiles.yaml/@/profiles/1/equipment_restrictions/0/unclassified,bands/mordheim/undead/profiles.yaml,current,YES,named equipment-list access: Undead,,covered,,profile.equipment_lists = undead-equipment-list,index.ts profileEquipmentItems/profileEquipment (declared lists + fixed kit),source re-extracted with the maintained export (build/audit/reconciliation/B/extract.py): 507/507 hash match; classification by code inspection,,,,none,profileEquipment offers exactly the named list
source/bands/mordheim/undead/profiles.yaml/@/profiles/3/equipment_restrictions/0/unclassified,bands/mordheim/undead/profiles.yaml,current,YES,printed no-equipment/natural-attack clause,combat unarmed/natural-attack consequence (C/D lot),covered,,canonical profile.equipment_lists == [] (no purchasable access),index.ts profileEquipmentItems/profileEquipment (declared lists + fixed kit),source re-extracted with the maintained export (build/audit/reconciliation/B/extract.py): 507/507 hash match; classification by code inspection,,,,none,"the profile offers no purchasable equipment, so the clause cannot be violated"
source/bands/mordheim/undead/profiles.yaml/@/profiles/4/equipment_restrictions/0/unclassified,bands/mordheim/undead/profiles.yaml,current,YES,weapons/armour selection refused,combat unarmed/natural-attack consequence (C/D lot),covered,,legacy prose branch (buildRestriction profileSelections),index.ts equipmentIssue/skillIssue/equipmentSetIssues (batch construction contract),source re-extracted with the maintained export (build/audit/reconciliation/B/extract.py): 507/507 hash match; classification by code inspection,,,F019,none,equipmentIssue refuses the armour/shield items reachable from the profile lists
source/bands/mordheim/undead/profiles.yaml/@/profiles/5/equipment_restrictions/0/unclassified,bands/mordheim/undead/profiles.yaml,current,YES,weapons/armour selection refused,combat unarmed/natural-attack consequence (C/D lot),covered,,subsumed: no armour item reachable,index.ts equipmentIssue/skillIssue/equipmentSetIssues (batch construction contract),source re-extracted with the maintained export (build/audit/reconciliation/B/extract.py): 507/507 hash match; classification by code inspection,,,F019,none,equipmentIssue refuses the armour/shield items reachable from the profile lists
source/bands/mordheim/underworld-alliance-mim/equipment-access.yaml/@/equipment_lists/0/items/5/notes/unclassified,bands/mordheim/underworld-alliance-mim/equipment-access.yaml,current,YES,bearer qualifier: Heroes only,,metadata_gap,bands/mordheim/underworld-alliance-mim/equipment-access.yaml equipment_lists[0].items[5] (ball_chain),none,"profileEquipmentItems reads lists/fixed kit, never item notes",source re-extracted with the maintained export (build/audit/reconciliation/B/extract.py): 507/507 hash match; classification by code inspection,per-item bearer/role qualifier is prose-only in equipment-access.yaml,,,"model the qualifier (list applies_to, a forbids token or a band exclusion)",the shared decision refuses the item for every non-qualifying profile
source/bands/mordheim/underworld-alliance-mim/equipment-access.yaml/@/equipment_lists/0/items/8/notes/unclassified,bands/mordheim/underworld-alliance-mim/equipment-access.yaml,current,YES,bearer qualifier: Throwing stars; Heroes only,,metadata_gap,bands/mordheim/underworld-alliance-mim/equipment-access.yaml equipment_lists[0].items[8] (throwing_stars),none,"profileEquipmentItems reads lists/fixed kit, never item notes",source re-extracted with the maintained export (build/audit/reconciliation/B/extract.py): 507/507 hash match; classification by code inspection,per-item bearer/role qualifier is prose-only in equipment-access.yaml,source/bands/mordheim/underworld-alliance-mim/equipment-access.yaml/@/equipment_lists/1/items/7/notes/unclassified,,"model the qualifier (list applies_to, a forbids token or a band exclusion)",the shared decision refuses the item for every non-qualifying profile
source/bands/mordheim/underworld-alliance-mim/equipment-access.yaml/@/equipment_lists/1/items/5/notes/unclassified,bands/mordheim/underworld-alliance-mim/equipment-access.yaml,current,YES,bearer qualifier: Heroes only,,metadata_gap,bands/mordheim/underworld-alliance-mim/equipment-access.yaml equipment_lists[1].items[5] (weeping_blades),none,"profileEquipmentItems reads lists/fixed kit, never item notes",source re-extracted with the maintained export (build/audit/reconciliation/B/extract.py): 507/507 hash match; classification by code inspection,per-item bearer/role qualifier is prose-only in equipment-access.yaml,,,"model the qualifier (list applies_to, a forbids token or a band exclusion)",the shared decision refuses the item for every non-qualifying profile
source/bands/mordheim/underworld-alliance-mim/equipment-access.yaml/@/equipment_lists/1/items/7/notes/unclassified,bands/mordheim/underworld-alliance-mim/equipment-access.yaml,current,YES,bearer qualifier: Throwing stars; Heroes only,,metadata_gap,bands/mordheim/underworld-alliance-mim/equipment-access.yaml equipment_lists[1].items[7] (throwing_stars),none,"profileEquipmentItems reads lists/fixed kit, never item notes",source re-extracted with the maintained export (build/audit/reconciliation/B/extract.py): 507/507 hash match; classification by code inspection,per-item bearer/role qualifier is prose-only in equipment-access.yaml,source/bands/mordheim/underworld-alliance-mim/equipment-access.yaml/@/equipment_lists/0/items/8/notes/unclassified,,"model the qualifier (list applies_to, a forbids token or a band exclusion)",the shared decision refuses the item for every non-qualifying profile
source/bands/mordheim/underworld-alliance-mim/equipment-access.yaml/@/equipment_lists/2/items/3/notes/unclassified,bands/mordheim/underworld-alliance-mim/equipment-access.yaml,current,YES,bearer qualifier: Leader only,,metadata_gap,bands/mordheim/underworld-alliance-mim/equipment-access.yaml equipment_lists[2].items[3] (man_catcher),none,"profileEquipmentItems reads lists/fixed kit, never item notes",source re-extracted with the maintained export (build/audit/reconciliation/B/extract.py): 507/507 hash match; classification by code inspection,per-item bearer/role qualifier is prose-only in equipment-access.yaml,,,"model the qualifier (list applies_to, a forbids token or a band exclusion)",the shared decision refuses the item for every non-qualifying profile
source/bands/mordheim/underworld-alliance-mim/profiles.yaml/@/profiles/6/equipment_restrictions/0/unclassified,bands/mordheim/underworld-alliance-mim/profiles.yaml,current,YES,weapons/armour selection refused,combat unarmed/natural-attack consequence (C/D lot),covered,,subsumed: no armour item reachable,index.ts equipmentIssue/skillIssue/equipmentSetIssues (batch construction contract),source re-extracted with the maintained export (build/audit/reconciliation/B/extract.py): 507/507 hash match; classification by code inspection,,,F019,none,equipmentIssue refuses the armour/shield items reachable from the profile lists
source/bands/mordheim/underworld-alliance-mim/profiles.yaml/@/profiles/7/equipment_restrictions/0/unclassified,bands/mordheim/underworld-alliance-mim/profiles.yaml,current,YES,weapons/armour selection refused,combat unarmed/natural-attack consequence (C/D lot),covered,,subsumed: no armour item reachable,index.ts equipmentIssue/skillIssue/equipmentSetIssues (batch construction contract),source re-extracted with the maintained export (build/audit/reconciliation/B/extract.py): 507/507 hash match; classification by code inspection,,source/bands/mordheim/skaven-of-clan-pristekk-sc/profiles.yaml/@/profiles/5/equipment_restrictions/0/unclassified,F019,none,equipmentIssue refuses the armour/shield items reachable from the profile lists
source/bands/mordheim/underworld-alliance-mim/profiles.yaml/@/profiles/8/equipment_restrictions/0/unclassified,bands/mordheim/underworld-alliance-mim/profiles.yaml,current,YES,printed no-equipment/natural-attack clause,combat unarmed/natural-attack consequence (C/D lot),covered,,canonical profile.equipment_lists == [] (no purchasable access),index.ts profileEquipmentItems/profileEquipment (declared lists + fixed kit),source re-extracted with the maintained export (build/audit/reconciliation/B/extract.py): 507/507 hash match; classification by code inspection,,,,none,"the profile offers no purchasable equipment, so the clause cannot be violated"
source/bands/mordheim/vampire-hunters-of-sylvania-lotd5/profiles.yaml/@/profiles/0/equipment_restrictions/0/unclassified,bands/mordheim/vampire-hunters-of-sylvania-lotd5/profiles.yaml,current,YES,named equipment-list access: Vampire Hunters,,covered,,profile.equipment_lists = vampire-hunters-hero-equipment-list,index.ts profileEquipmentItems/profileEquipment (declared lists + fixed kit),source re-extracted with the maintained export (build/audit/reconciliation/B/extract.py): 507/507 hash match; classification by code inspection,,,,none,profileEquipment offers exactly the named list
source/bands/mordheim/vampire-hunters-of-sylvania-lotd5/profiles.yaml/@/profiles/1/equipment_restrictions/0/unclassified,bands/mordheim/vampire-hunters-of-sylvania-lotd5/profiles.yaml,current,YES,weapons/armour selection refused,combat unarmed/natural-attack consequence (C/D lot),covered,,legacy prose branch (buildRestriction profileSelections),index.ts equipmentIssue/skillIssue/equipmentSetIssues (batch construction contract),source re-extracted with the maintained export (build/audit/reconciliation/B/extract.py): 507/507 hash match; classification by code inspection,,,F019,none,equipmentIssue refuses the armour/shield items reachable from the profile lists
source/bands/mordheim/vampire-hunters-of-sylvania-lotd5/profiles.yaml/@/profiles/2/equipment_restrictions/0/unclassified,bands/mordheim/vampire-hunters-of-sylvania-lotd5/profiles.yaml,current,YES,named equipment-list access: Vampire Hunters,,covered,,profile.equipment_lists = vampire-hunters-hero-equipment-list,index.ts profileEquipmentItems/profileEquipment (declared lists + fixed kit),source re-extracted with the maintained export (build/audit/reconciliation/B/extract.py): 507/507 hash match; classification by code inspection,,,,none,profileEquipment offers exactly the named list
source/bands/mordheim/vampire-hunters-of-sylvania-lotd5/profiles.yaml/@/profiles/3/equipment_restrictions/0/unclassified,bands/mordheim/vampire-hunters-of-sylvania-lotd5/profiles.yaml,current,YES,named equipment-list access: Villager,,covered,,profile.equipment_lists = villager-equipment-list,index.ts profileEquipmentItems/profileEquipment (declared lists + fixed kit),source re-extracted with the maintained export (build/audit/reconciliation/B/extract.py): 507/507 hash match; classification by code inspection,,,,none,profileEquipment offers exactly the named list
source/bands/mordheim/vampire-hunters-of-sylvania-lotd5/profiles.yaml/@/profiles/4/equipment_restrictions/0/unclassified,bands/mordheim/vampire-hunters-of-sylvania-lotd5/profiles.yaml,current,YES,named equipment-list access: Pilgrim,,covered,,profile.equipment_lists = pilgrim-equipment-list,index.ts profileEquipmentItems/profileEquipment (declared lists + fixed kit),source re-extracted with the maintained export (build/audit/reconciliation/B/extract.py): 507/507 hash match; classification by code inspection,,,,none,profileEquipment offers exactly the named list
source/bands/mordheim/vampire-hunters-of-sylvania-lotd5/profiles.yaml/@/profiles/5/equipment_restrictions/0/unclassified,bands/mordheim/vampire-hunters-of-sylvania-lotd5/profiles.yaml,current,YES,weapons/armour selection refused,combat unarmed/natural-attack consequence (C/D lot),covered,,subsumed: no armour item reachable,index.ts equipmentIssue/skillIssue/equipmentSetIssues (batch construction contract),source re-extracted with the maintained export (build/audit/reconciliation/B/extract.py): 507/507 hash match; classification by code inspection,,,F019,none,equipmentIssue refuses the armour/shield items reachable from the profile lists
source/bands/mordheim/wasteland-privateers-sar/equipment-access.yaml/@/equipment_lists/0/items/1/notes/unclassified,bands/mordheim/wasteland-privateers-sar/equipment-access.yaml,current,YES,printed equivalence resolves to the selected canonical item,,covered,bands/mordheim/wasteland-privateers-sar/equipment-access.yaml equipment_lists[0].items[1] (hammer),"item record hammer (kind close-combat-weapon, mechanic weapon.mace)",index.ts profileEquipmentItems/profileEquipment (declared lists + fixed kit),source re-extracted with the maintained export (build/audit/reconciliation/B/extract.py): 507/507 hash match; classification by code inspection,,source/bands/mordheim/wasteland-privateers-sar/equipment-access.yaml/@/equipment_lists/1/items/1/notes/unclassified;source/bands/mordheim/wasteland-privateers-sar/equipment-access.yaml/@/equipment_lists/2/items/1/notes/unclassified,,none,the selected item id already carries the named equivalence
source/bands/mordheim/wasteland-privateers-sar/equipment-access.yaml/@/equipment_lists/0/items/11/notes/unclassified,bands/mordheim/wasteland-privateers-sar/equipment-access.yaml,current,YES,bearer qualifier: Wastelanders only Wastelanders only,,metadata_gap,bands/mordheim/wasteland-privateers-sar/equipment-access.yaml equipment_lists[0].items[11] (handgun),none,"profileEquipmentItems reads lists/fixed kit, never item notes",source re-extracted with the maintained export (build/audit/reconciliation/B/extract.py): 507/507 hash match; classification by code inspection,per-item bearer/role qualifier is prose-only in equipment-access.yaml,,,"model the qualifier (list applies_to, a forbids token or a band exclusion)",the shared decision refuses the item for every non-qualifying profile
source/bands/mordheim/wasteland-privateers-sar/equipment-access.yaml/@/equipment_lists/0/items/4/notes/unclassified,bands/mordheim/wasteland-privateers-sar/equipment-access.yaml,current,YES,bearer qualifier: Heroes only,,metadata_gap,bands/mordheim/wasteland-privateers-sar/equipment-access.yaml equipment_lists[0].items[4] (cat_o_nine_tails),none,"profileEquipmentItems reads lists/fixed kit, never item notes",source re-extracted with the maintained export (build/audit/reconciliation/B/extract.py): 507/507 hash match; classification by code inspection,per-item bearer/role qualifier is prose-only in equipment-access.yaml,,,"model the qualifier (list applies_to, a forbids token or a band exclusion)",the shared decision refuses the item for every non-qualifying profile
source/bands/mordheim/wasteland-privateers-sar/equipment-access.yaml/@/equipment_lists/1/items/1/notes/unclassified,bands/mordheim/wasteland-privateers-sar/equipment-access.yaml,current,YES,printed equivalence resolves to the selected canonical item,,covered,bands/mordheim/wasteland-privateers-sar/equipment-access.yaml equipment_lists[1].items[1] (hammer),"item record hammer (kind close-combat-weapon, mechanic weapon.mace)",index.ts profileEquipmentItems/profileEquipment (declared lists + fixed kit),source re-extracted with the maintained export (build/audit/reconciliation/B/extract.py): 507/507 hash match; classification by code inspection,,source/bands/mordheim/wasteland-privateers-sar/equipment-access.yaml/@/equipment_lists/0/items/1/notes/unclassified;source/bands/mordheim/wasteland-privateers-sar/equipment-access.yaml/@/equipment_lists/2/items/1/notes/unclassified,,none,the selected item id already carries the named equivalence
source/bands/mordheim/wasteland-privateers-sar/equipment-access.yaml/@/equipment_lists/2/items/1/notes/unclassified,bands/mordheim/wasteland-privateers-sar/equipment-access.yaml,current,YES,printed equivalence resolves to the selected canonical item,,covered,bands/mordheim/wasteland-privateers-sar/equipment-access.yaml equipment_lists[2].items[1] (hammer),"item record hammer (kind close-combat-weapon, mechanic weapon.mace)",index.ts profileEquipmentItems/profileEquipment (declared lists + fixed kit),source re-extracted with the maintained export (build/audit/reconciliation/B/extract.py): 507/507 hash match; classification by code inspection,,source/bands/mordheim/wasteland-privateers-sar/equipment-access.yaml/@/equipment_lists/0/items/1/notes/unclassified;source/bands/mordheim/wasteland-privateers-sar/equipment-access.yaml/@/equipment_lists/1/items/1/notes/unclassified,,none,the selected item id already carries the named equivalence
source/bands/mordheim/wood-elves-of-athel-loren-web/equipment-access.yaml/@/equipment_lists/0/items/10/notes/unclassified,bands/mordheim/wood-elves-of-athel-loren-web/equipment-access.yaml,current,YES,bearer qualifier: Heroes only (*); same rarity note,,metadata_gap,bands/mordheim/wood-elves-of-athel-loren-web/equipment-access.yaml equipment_lists[0].items[10] (ithilmar_armour),none,"profileEquipmentItems reads lists/fixed kit, never item notes",source re-extracted with the maintained export (build/audit/reconciliation/B/extract.py): 507/507 hash match; classification by code inspection,per-item bearer/role qualifier is prose-only in equipment-access.yaml,source/bands/mordheim/wood-elves-of-athel-loren-web/equipment-access.yaml/@/equipment_lists/1/items/9/notes/unclassified,,"model the qualifier (list applies_to, a forbids token or a band exclusion)",the shared decision refuses the item for every non-qualifying profile
source/bands/mordheim/wood-elves-of-athel-loren-web/equipment-access.yaml/@/equipment_lists/0/items/4/notes/unclassified,bands/mordheim/wood-elves-of-athel-loren-web/equipment-access.yaml,current,YES,bearer qualifier: 2 x price; Heroes only (*). Special prices represent lower rarity in Ulthuan; in Mordheim/Lustria pay normal prices and roll as normal; no roll needed at warband creation,,metadata_gap,bands/mordheim/wood-elves-of-athel-loren-web/equipment-access.yaml equipment_lists[0].items[4] (ithilmar_weapon),none,"profileEquipmentItems reads lists/fixed kit, never item notes",source re-extracted with the maintained export (build/audit/reconciliation/B/extract.py): 507/507 hash match; classification by code inspection,per-item bearer/role qualifier is prose-only in equipment-access.yaml,,,"model the qualifier (list applies_to, a forbids token or a band exclusion)",the shared decision refuses the item for every non-qualifying profile
source/bands/mordheim/wood-elves-of-athel-loren-web/equipment-access.yaml/@/equipment_lists/1/items/4/notes/unclassified,bands/mordheim/wood-elves-of-athel-loren-web/equipment-access.yaml,current,YES,bearer qualifier: 2 x price; Heroes only (*); same rarity note as the Hero list,,metadata_gap,bands/mordheim/wood-elves-of-athel-loren-web/equipment-access.yaml equipment_lists[1].items[4] (ithilmar_weapon),none,"profileEquipmentItems reads lists/fixed kit, never item notes",source re-extracted with the maintained export (build/audit/reconciliation/B/extract.py): 507/507 hash match; classification by code inspection,per-item bearer/role qualifier is prose-only in equipment-access.yaml,,,"model the qualifier (list applies_to, a forbids token or a band exclusion)",the shared decision refuses the item for every non-qualifying profile
source/bands/mordheim/wood-elves-of-athel-loren-web/equipment-access.yaml/@/equipment_lists/1/items/9/notes/unclassified,bands/mordheim/wood-elves-of-athel-loren-web/equipment-access.yaml,current,YES,bearer qualifier: Heroes only (*); same rarity note,,metadata_gap,bands/mordheim/wood-elves-of-athel-loren-web/equipment-access.yaml equipment_lists[1].items[9] (ithilmar_armour),none,"profileEquipmentItems reads lists/fixed kit, never item notes",source re-extracted with the maintained export (build/audit/reconciliation/B/extract.py): 507/507 hash match; classification by code inspection,per-item bearer/role qualifier is prose-only in equipment-access.yaml,source/bands/mordheim/wood-elves-of-athel-loren-web/equipment-access.yaml/@/equipment_lists/0/items/10/notes/unclassified,,"model the qualifier (list applies_to, a forbids token or a band exclusion)",the shared decision refuses the item for every non-qualifying profile
source/bands/mordheim/woodsmen-de-artois-mou/profiles.yaml/@/profiles/7/equipment_restrictions/0/unclassified,bands/mordheim/woodsmen-de-artois-mou/profiles.yaml,current,YES,printed no-equipment/natural-attack clause,combat unarmed/natural-attack consequence (C/D lot),covered,,canonical profile.equipment_lists == [] (no purchasable access),index.ts profileEquipmentItems/profileEquipment (declared lists + fixed kit),source re-extracted with the maintained export (build/audit/reconciliation/B/extract.py): 507/507 hash match; classification by code inspection,,,,none,"the profile offers no purchasable equipment, so the clause cannot be violated"
source/bands/trollheim/chaos-streets-arcane-society/equipment-access.yaml/@/equipment_lists/0/items/19/notes/unclassified,bands/trollheim/chaos-streets-arcane-society/equipment-access.yaml,current,NO,,internal item mechanics explicitly not modelled,out_of_scope,bands/trollheim/chaos-streets-arcane-society/equipment-access.yaml equipment_lists[0].items[19] (arcane_familiar),item record + simulation-mappings,index.ts profileEquipmentItems/profileEquipment (declared lists + fixed kit),source re-extracted with the maintained export (build/audit/reconciliation/B/extract.py): 507/507 hash match; classification by code inspection,,,,none in B; item mechanics belong to the item/combat lot,item record keeps its declared state; no construction clause outstanding
source/bands/trollheim/chaos-streets-arcane-society/equipment-access.yaml/@/equipment_lists/0/items/4/notes/unclassified,bands/trollheim/chaos-streets-arcane-society/equipment-access.yaml,current,NO,,internal item mechanics explicitly not modelled,out_of_scope,bands/trollheim/chaos-streets-arcane-society/equipment-access.yaml equipment_lists[0].items[4] (travel_staff),item record + simulation-mappings,index.ts profileEquipmentItems/profileEquipment (declared lists + fixed kit),source re-extracted with the maintained export (build/audit/reconciliation/B/extract.py): 507/507 hash match; classification by code inspection,,,,none in B; item mechanics belong to the item/combat lot,item record keeps its declared state; no construction clause outstanding
source/bands/trollheim/chaos-streets-deathbringers/equipment-access.yaml/@/equipment_lists/0/items/11/notes/unclassified,bands/trollheim/chaos-streets-deathbringers/equipment-access.yaml,current,NO,,internal item mechanics explicitly not modelled,out_of_scope,bands/trollheim/chaos-streets-deathbringers/equipment-access.yaml equipment_lists[0].items[11] (poison_darts),item record + simulation-mappings,index.ts profileEquipmentItems/profileEquipment (declared lists + fixed kit),source re-extracted with the maintained export (build/audit/reconciliation/B/extract.py): 507/507 hash match; classification by code inspection,,source/bands/trollheim/chaos-streets-deathbringers/equipment-access.yaml/@/equipment_lists/1/items/5/notes/unclassified,,none in B; item mechanics belong to the item/combat lot,item record keeps its declared state; no construction clause outstanding
source/bands/trollheim/chaos-streets-deathbringers/equipment-access.yaml/@/equipment_lists/0/items/15/notes/unclassified,bands/trollheim/chaos-streets-deathbringers/equipment-access.yaml,current,NO,,internal item mechanics explicitly not modelled,out_of_scope,bands/trollheim/chaos-streets-deathbringers/equipment-access.yaml equipment_lists[0].items[15] (eshin_assassin_clothes),item record + simulation-mappings,index.ts profileEquipmentItems/profileEquipment (declared lists + fixed kit),source re-extracted with the maintained export (build/audit/reconciliation/B/extract.py): 507/507 hash match; classification by code inspection,,,,none in B; item mechanics belong to the item/combat lot,item record keeps its declared state; no construction clause outstanding
source/bands/trollheim/chaos-streets-deathbringers/equipment-access.yaml/@/equipment_lists/0/items/4/notes/unclassified,bands/trollheim/chaos-streets-deathbringers/equipment-access.yaml,current,NO,,internal item mechanics explicitly not modelled,out_of_scope,bands/trollheim/chaos-streets-deathbringers/equipment-access.yaml equipment_lists[0].items[4] (kusara_kama),item record + simulation-mappings,index.ts profileEquipmentItems/profileEquipment (declared lists + fixed kit),source re-extracted with the maintained export (build/audit/reconciliation/B/extract.py): 507/507 hash match; classification by code inspection,,,,none in B; item mechanics belong to the item/combat lot,item record keeps its declared state; no construction clause outstanding
source/bands/trollheim/chaos-streets-deathbringers/equipment-access.yaml/@/equipment_lists/0/items/5/notes/unclassified,bands/trollheim/chaos-streets-deathbringers/equipment-access.yaml,current,NO,,internal item mechanics explicitly not modelled,out_of_scope,bands/trollheim/chaos-streets-deathbringers/equipment-access.yaml equipment_lists[0].items[5] (death_knife),item record + simulation-mappings,index.ts profileEquipmentItems/profileEquipment (declared lists + fixed kit),source re-extracted with the maintained export (build/audit/reconciliation/B/extract.py): 507/507 hash match; classification by code inspection,,,,none in B; item mechanics belong to the item/combat lot,item record keeps its declared state; no construction clause outstanding
source/bands/trollheim/chaos-streets-deathbringers/equipment-access.yaml/@/equipment_lists/0/items/6/notes/unclassified,bands/trollheim/chaos-streets-deathbringers/equipment-access.yaml,current,NO,,internal item mechanics explicitly not modelled,out_of_scope,bands/trollheim/chaos-streets-deathbringers/equipment-access.yaml equipment_lists[0].items[6] (yari),item record + simulation-mappings,index.ts profileEquipmentItems/profileEquipment (declared lists + fixed kit),source re-extracted with the maintained export (build/audit/reconciliation/B/extract.py): 507/507 hash match; classification by code inspection,,,,none in B; item mechanics belong to the item/combat lot,item record keeps its declared state; no construction clause outstanding
source/bands/trollheim/chaos-streets-deathbringers/equipment-access.yaml/@/equipment_lists/0/items/7/notes/unclassified,bands/trollheim/chaos-streets-deathbringers/equipment-access.yaml,current,NO,,internal item mechanics explicitly not modelled,out_of_scope,bands/trollheim/chaos-streets-deathbringers/equipment-access.yaml equipment_lists[0].items[7] (witch_sword),item record + simulation-mappings,index.ts profileEquipmentItems/profileEquipment (declared lists + fixed kit),source re-extracted with the maintained export (build/audit/reconciliation/B/extract.py): 507/507 hash match; classification by code inspection,,,,none in B; item mechanics belong to the item/combat lot,item record keeps its declared state; no construction clause outstanding
source/bands/trollheim/chaos-streets-deathbringers/equipment-access.yaml/@/equipment_lists/0/items/8/notes/unclassified,bands/trollheim/chaos-streets-deathbringers/equipment-access.yaml,current,NO,,internal item mechanics explicitly not modelled,out_of_scope,bands/trollheim/chaos-streets-deathbringers/equipment-access.yaml equipment_lists[0].items[8] (fighting_claws),item record + simulation-mappings,index.ts profileEquipmentItems/profileEquipment (declared lists + fixed kit),source re-extracted with the maintained export (build/audit/reconciliation/B/extract.py): 507/507 hash match; classification by code inspection,,,,none in B; item mechanics belong to the item/combat lot,item record keeps its declared state; no construction clause outstanding
source/bands/trollheim/chaos-streets-deathbringers/equipment-access.yaml/@/equipment_lists/0/items/9/notes/unclassified,bands/trollheim/chaos-streets-deathbringers/equipment-access.yaml,current,NO,,internal item mechanics explicitly not modelled,out_of_scope,bands/trollheim/chaos-streets-deathbringers/equipment-access.yaml equipment_lists[0].items[9] (weeping_blades),item record + simulation-mappings,index.ts profileEquipmentItems/profileEquipment (declared lists + fixed kit),source re-extracted with the maintained export (build/audit/reconciliation/B/extract.py): 507/507 hash match; classification by code inspection,,,,none in B; item mechanics belong to the item/combat lot,item record keeps its declared state; no construction clause outstanding
source/bands/trollheim/chaos-streets-deathbringers/equipment-access.yaml/@/equipment_lists/1/items/5/notes/unclassified,bands/trollheim/chaos-streets-deathbringers/equipment-access.yaml,current,NO,,internal item mechanics explicitly not modelled,out_of_scope,bands/trollheim/chaos-streets-deathbringers/equipment-access.yaml equipment_lists[1].items[5] (poison_darts),item record + simulation-mappings,index.ts profileEquipmentItems/profileEquipment (declared lists + fixed kit),source re-extracted with the maintained export (build/audit/reconciliation/B/extract.py): 507/507 hash match; classification by code inspection,,source/bands/trollheim/chaos-streets-deathbringers/equipment-access.yaml/@/equipment_lists/0/items/11/notes/unclassified,,none in B; item mechanics belong to the item/combat lot,item record keeps its declared state; no construction clause outstanding
source/bands/trollheim/chaos-streets-mordheim-inhabitants/profiles.yaml/@/profiles/0/equipment_restrictions/0/unclassified,bands/trollheim/chaos-streets-mordheim-inhabitants/profiles.yaml,current,YES,permissive clarification: no armour restriction to enforce,prayer/spell interaction (magic lot),covered,,canonical access already offers/refuses armour without this clause,index.ts profileEquipmentItems/profileEquipment (declared lists + fixed kit),source re-extracted with the maintained export (build/audit/reconciliation/B/extract.py): 507/507 hash match; classification by code inspection,,,,none,no construction restriction is left outstanding for the profile
source/bands/trollheim/chaos-streets-mordheim-inhabitants/profiles.yaml/@/profiles/6/equipment_restrictions/0/unclassified,bands/trollheim/chaos-streets-mordheim-inhabitants/profiles.yaml,current,YES,weapons/armour selection refused,combat unarmed/natural-attack consequence (C/D lot),covered,,subsumed: no armour item reachable,index.ts equipmentIssue/skillIssue/equipmentSetIssues (batch construction contract),source re-extracted with the maintained export (build/audit/reconciliation/B/extract.py): 507/507 hash match; classification by code inspection,,,F019,none,equipmentIssue refuses the armour/shield items reachable from the profile lists
source/bands/trollheim/chaos-streets-sigmar-protectorate/equipment-access.yaml/@/equipment_lists/0/items/13/notes/unclassified,bands/trollheim/chaos-streets-sigmar-protectorate/equipment-access.yaml,current,NO,,internal item mechanics explicitly not modelled,out_of_scope,bands/trollheim/chaos-streets-sigmar-protectorate/equipment-access.yaml equipment_lists[0].items[13] (sigmar_shield),item record + simulation-mappings,index.ts profileEquipmentItems/profileEquipment (declared lists + fixed kit),source re-extracted with the maintained export (build/audit/reconciliation/B/extract.py): 507/507 hash match; classification by code inspection,,source/bands/trollheim/chaos-streets-sigmar-protectorate/equipment-access.yaml/@/equipment_lists/1/items/11/notes/unclassified,,none in B; item mechanics belong to the item/combat lot,item record keeps its declared state; no construction clause outstanding
source/bands/trollheim/chaos-streets-sigmar-protectorate/equipment-access.yaml/@/equipment_lists/0/items/5/notes/unclassified,bands/trollheim/chaos-streets-sigmar-protectorate/equipment-access.yaml,current,NO,,internal item mechanics explicitly not modelled,out_of_scope,bands/trollheim/chaos-streets-sigmar-protectorate/equipment-access.yaml equipment_lists[0].items[5] (sigmarite_hammer),item record + simulation-mappings,index.ts profileEquipmentItems/profileEquipment (declared lists + fixed kit),source re-extracted with the maintained export (build/audit/reconciliation/B/extract.py): 507/507 hash match; classification by code inspection,,source/bands/trollheim/chaos-streets-sigmar-protectorate/equipment-access.yaml/@/equipment_lists/1/items/6/notes/unclassified,,none in B; item mechanics belong to the item/combat lot,item record keeps its declared state; no construction clause outstanding
source/bands/trollheim/chaos-streets-sigmar-protectorate/equipment-access.yaml/@/equipment_lists/1/items/11/notes/unclassified,bands/trollheim/chaos-streets-sigmar-protectorate/equipment-access.yaml,current,NO,,internal item mechanics explicitly not modelled,out_of_scope,bands/trollheim/chaos-streets-sigmar-protectorate/equipment-access.yaml equipment_lists[1].items[11] (sigmar_shield),item record + simulation-mappings,index.ts profileEquipmentItems/profileEquipment (declared lists + fixed kit),source re-extracted with the maintained export (build/audit/reconciliation/B/extract.py): 507/507 hash match; classification by code inspection,,source/bands/trollheim/chaos-streets-sigmar-protectorate/equipment-access.yaml/@/equipment_lists/0/items/13/notes/unclassified,,none in B; item mechanics belong to the item/combat lot,item record keeps its declared state; no construction clause outstanding
source/bands/trollheim/chaos-streets-sigmar-protectorate/equipment-access.yaml/@/equipment_lists/1/items/6/notes/unclassified,bands/trollheim/chaos-streets-sigmar-protectorate/equipment-access.yaml,current,NO,,internal item mechanics explicitly not modelled,out_of_scope,bands/trollheim/chaos-streets-sigmar-protectorate/equipment-access.yaml equipment_lists[1].items[6] (sigmarite_hammer),item record + simulation-mappings,index.ts profileEquipmentItems/profileEquipment (declared lists + fixed kit),source re-extracted with the maintained export (build/audit/reconciliation/B/extract.py): 507/507 hash match; classification by code inspection,,source/bands/trollheim/chaos-streets-sigmar-protectorate/equipment-access.yaml/@/equipment_lists/0/items/5/notes/unclassified,,none in B; item mechanics belong to the item/combat lot,item record keeps its declared state; no construction clause outstanding
source/bands/trollheim/chaos-streets-sigmar-protectorate/equipment-access.yaml/@/equipment_lists/2/items/4/notes/unclassified,bands/trollheim/chaos-streets-sigmar-protectorate/equipment-access.yaml,current,YES,bearer qualifier: Ranger only,,metadata_gap,bands/trollheim/chaos-streets-sigmar-protectorate/equipment-access.yaml equipment_lists[2].items[4] (great_weapon),none,"profileEquipmentItems reads lists/fixed kit, never item notes",source re-extracted with the maintained export (build/audit/reconciliation/B/extract.py): 507/507 hash match; classification by code inspection,per-item bearer/role qualifier is prose-only in equipment-access.yaml,,,"model the qualifier (list applies_to, a forbids token or a band exclusion)",the shared decision refuses the item for every non-qualifying profile
source/bands/trollheim/chaos-streets-sigmar-protectorate/equipment-access.yaml/@/equipment_lists/2/items/6/notes/unclassified,bands/trollheim/chaos-streets-sigmar-protectorate/equipment-access.yaml,current,YES,bearer qualifier: Ranger only,,metadata_gap,bands/trollheim/chaos-streets-sigmar-protectorate/equipment-access.yaml equipment_lists[2].items[6] (long_bow),none,"profileEquipmentItems reads lists/fixed kit, never item notes",source re-extracted with the maintained export (build/audit/reconciliation/B/extract.py): 507/507 hash match; classification by code inspection,per-item bearer/role qualifier is prose-only in equipment-access.yaml,,,"model the qualifier (list applies_to, a forbids token or a band exclusion)",the shared decision refuses the item for every non-qualifying profile
source/bands/trollheim/chaos-streets-sigmar-protectorate/profiles.yaml/@/profiles/0/equipment_restrictions/0/unclassified,bands/trollheim/chaos-streets-sigmar-protectorate/profiles.yaml,current,YES,permissive clarification: no armour restriction to enforce,prayer/spell interaction (magic lot),covered,,canonical access already offers/refuses armour without this clause,index.ts profileEquipmentItems/profileEquipment (declared lists + fixed kit),source re-extracted with the maintained export (build/audit/reconciliation/B/extract.py): 507/507 hash match; classification by code inspection,,,,none,no construction restriction is left outstanding for the profile
source/bands/trollheim/chaos-streets-sigmar-protectorate/profiles.yaml/@/profiles/4/equipment_restrictions/0/unclassified,bands/trollheim/chaos-streets-sigmar-protectorate/profiles.yaml,current,YES,named equipment-list access: Shooter,,covered,,profile.equipment_lists = protectorate-shooter-equipment-list,index.ts profileEquipmentItems/profileEquipment (declared lists + fixed kit),source re-extracted with the maintained export (build/audit/reconciliation/B/extract.py): 507/507 hash match; classification by code inspection,,,,none,profileEquipment offers exactly the named list
source/bands/trollheim/chaos-streets-sigmar-protectorate/profiles.yaml/@/profiles/6/equipment_restrictions/0/unclassified,bands/trollheim/chaos-streets-sigmar-protectorate/profiles.yaml,current,YES,weapons/armour selection refused,combat unarmed/natural-attack consequence (C/D lot),covered,,subsumed: no armour item reachable,index.ts equipmentIssue/skillIssue/equipmentSetIssues (batch construction contract),source re-extracted with the maintained export (build/audit/reconciliation/B/extract.py): 507/507 hash match; classification by code inspection,,,F019,none,equipmentIssue refuses the armour/shield items reachable from the profile lists
source/bands/trollheim/chaos-streets-sons-of-nagarythe/equipment-access.yaml/@/equipment_lists/0/items/12/notes/unclassified,bands/trollheim/chaos-streets-sons-of-nagarythe/equipment-access.yaml,current,YES,bearer qualifier: Sons of Nagarythe only. Post-creation cost is 25 + 1D6 gc; Rare 6,,metadata_gap,bands/trollheim/chaos-streets-sons-of-nagarythe/equipment-access.yaml equipment_lists[0].items[12] (nagarythe_war_horn),none,"profileEquipmentItems reads lists/fixed kit, never item notes",source re-extracted with the maintained export (build/audit/reconciliation/B/extract.py): 507/507 hash match; classification by code inspection,per-item bearer/role qualifier is prose-only in equipment-access.yaml,,,"model the qualifier (list applies_to, a forbids token or a band exclusion)",the shared decision refuses the item for every non-qualifying profile
source/bands/trollheim/chaos-streets-sons-of-nagarythe/equipment-access.yaml/@/equipment_lists/0/items/13/notes/unclassified,bands/trollheim/chaos-streets-sons-of-nagarythe/equipment-access.yaml,current,YES,bearer qualifier: Sons of Nagarythe only. Post-creation cost is 50 + 3D6 gc; Rare 10. Source label: elf wine,,metadata_gap,bands/trollheim/chaos-streets-sons-of-nagarythe/equipment-access.yaml equipment_lists[0].items[13] (elven_wine),none,"profileEquipmentItems reads lists/fixed kit, never item notes",source re-extracted with the maintained export (build/audit/reconciliation/B/extract.py): 507/507 hash match; classification by code inspection,per-item bearer/role qualifier is prose-only in equipment-access.yaml,,,"model the qualifier (list applies_to, a forbids token or a band exclusion)",the shared decision refuses the item for every non-qualifying profile
source/bands/trollheim/chaos-streets-sons-of-nagarythe/equipment-access.yaml/@/equipment_lists/0/items/14/notes/unclassified,bands/trollheim/chaos-streets-sons-of-nagarythe/equipment-access.yaml,current,YES,bearer qualifier: Shadow Weaver only. Post-creation cost is 50 + 2D6 gc; Rare 11. Source label: elf runestones,,metadata_gap,bands/trollheim/chaos-streets-sons-of-nagarythe/equipment-access.yaml equipment_lists[0].items[14] (elven_runestones),none,"profileEquipmentItems reads lists/fixed kit, never item notes",source re-extracted with the maintained export (build/audit/reconciliation/B/extract.py): 507/507 hash match; classification by code inspection,per-item bearer/role qualifier is prose-only in equipment-access.yaml,,,"model the qualifier (list applies_to, a forbids token or a band exclusion)",the shared decision refuses the item for every non-qualifying profile
source/bands/trollheim/chaos-streets-sons-of-nagarythe/equipment-access.yaml/@/equipment_lists/0/items/15/notes/unclassified,bands/trollheim/chaos-streets-sons-of-nagarythe/equipment-access.yaml,current,YES,bearer qualifier: Sons of Nagarythe only. Post-creation cost is 75 + 3D6 gc; Rare 9,,metadata_gap,bands/trollheim/chaos-streets-sons-of-nagarythe/equipment-access.yaml equipment_lists[0].items[15] (nagarythe_standard),none,"profileEquipmentItems reads lists/fixed kit, never item notes",source re-extracted with the maintained export (build/audit/reconciliation/B/extract.py): 507/507 hash match; classification by code inspection,per-item bearer/role qualifier is prose-only in equipment-access.yaml,,,"model the qualifier (list applies_to, a forbids token or a band exclusion)",the shared decision refuses the item for every non-qualifying profile
source/bands/trollheim/chaos-streets-sons-of-nagarythe/profiles.yaml/@/profiles/1/equipment_restrictions/0/unclassified,bands/trollheim/chaos-streets-sons-of-nagarythe/profiles.yaml,current,YES,named equipment-list access: Shadow Warrior,casting/spell interaction (magic lot),covered,,profile.equipment_lists = shadow-warrior-equipment-list,index.ts profileEquipmentItems/profileEquipment (declared lists + fixed kit),source re-extracted with the maintained export (build/audit/reconciliation/B/extract.py): 507/507 hash match; classification by code inspection,,source/bands/mordheim/shadow-warriors/profiles.yaml/@/profiles/2/equipment_restrictions/0/unclassified,,none,profileEquipment offers exactly the named list
source/bands/trollheim/chaos-streets-undead-bloodlines/profiles.yaml/@/profiles/1/equipment_restrictions/0/unclassified,bands/trollheim/chaos-streets-undead-bloodlines/profiles.yaml,current,YES,heavy armour is refused,,metadata_gap,,none,index.ts equipmentIssue/skillIssue/equipmentSetIssues (batch construction contract),source re-extracted with the maintained export (build/audit/reconciliation/B/extract.py): 507/507 hash match; classification by code inspection,no heavy-armour forbids token,,F019,add forbids: heavy-armour,equipmentIssue refuses the HEAVY_ARMOUR mechanics
source/bands/trollheim/chaos-streets-undead-bloodlines/profiles.yaml/@/profiles/10/equipment_restrictions/0/unclassified,bands/trollheim/chaos-streets-undead-bloodlines/profiles.yaml,current,YES,printed no-equipment/natural-attack clause,combat unarmed/natural-attack consequence (C/D lot),covered,,canonical profile.equipment_lists == [] (no purchasable access),index.ts profileEquipmentItems/profileEquipment (declared lists + fixed kit),source re-extracted with the maintained export (build/audit/reconciliation/B/extract.py): 507/507 hash match; classification by code inspection,,,,none,"the profile offers no purchasable equipment, so the clause cannot be violated"
source/bands/trollheim/chaos-streets-undead-bloodlines/profiles.yaml/@/profiles/11/equipment_restrictions/0/unclassified,bands/trollheim/chaos-streets-undead-bloodlines/profiles.yaml,current,YES,printed no-equipment/natural-attack clause,combat unarmed/natural-attack consequence (C/D lot),covered,,canonical profile.equipment_lists == [] (no purchasable access),index.ts profileEquipmentItems/profileEquipment (declared lists + fixed kit),source re-extracted with the maintained export (build/audit/reconciliation/B/extract.py): 507/507 hash match; classification by code inspection,,,,none,"the profile offers no purchasable equipment, so the clause cannot be violated"
source/bands/trollheim/chaos-streets-undead-bloodlines/profiles.yaml/@/profiles/3/equipment_restrictions/0/unclassified,bands/trollheim/chaos-streets-undead-bloodlines/profiles.yaml,current,YES,printed hand/weapon-category restriction,,metadata_gap,,none,index.ts equipmentIssue/skillIssue/equipmentSetIssues (batch construction contract),source re-extracted with the maintained export (build/audit/reconciliation/B/extract.py): 507/507 hash match; classification by code inspection,no active-weapon-restrictions/forbids binding,,F019,publish the active-weapon-restrictions/forbids binding,activeWeaponIssues/buildRestriction refuse the forbidden category
source/bands/trollheim/chaos-streets-undead-bloodlines/profiles.yaml/@/profiles/3/equipment_restrictions/1/unclassified,bands/trollheim/chaos-streets-undead-bloodlines/profiles.yaml,current,YES,printed hand/weapon-category restriction,,metadata_gap,,none,index.ts equipmentIssue/skillIssue/equipmentSetIssues (batch construction contract),source re-extracted with the maintained export (build/audit/reconciliation/B/extract.py): 507/507 hash match; classification by code inspection,no active-weapon-restrictions/forbids binding,,F019,publish the active-weapon-restrictions/forbids binding,activeWeaponIssues/buildRestriction refuse the forbidden category
source/bands/trollheim/chaos-streets-undead-bloodlines/profiles.yaml/@/profiles/3/equipment_restrictions/2/unclassified,bands/trollheim/chaos-streets-undead-bloodlines/profiles.yaml,current,YES,Strength skill category is not selectable,,covered,,compiler.forbid-skill-categories,index.ts equipmentIssue/skillIssue/equipmentSetIssues (batch construction contract),source re-extracted with the maintained export (build/audit/reconciliation/B/extract.py): 507/507 hash match; classification by code inspection,,,,none,bannedSkillCategories/skillIssue refuse the category
source/bands/trollheim/chaos-streets-undead-bloodlines/profiles.yaml/@/profiles/4/equipment_restrictions/0/unclassified,bands/trollheim/chaos-streets-undead-bloodlines/profiles.yaml,current,YES,weapons/armour selection refused,combat unarmed/natural-attack consequence (C/D lot),covered,,subsumed: no armour item reachable,index.ts equipmentIssue/skillIssue/equipmentSetIssues (batch construction contract),source re-extracted with the maintained export (build/audit/reconciliation/B/extract.py): 507/507 hash match; classification by code inspection,,,F019,none,equipmentIssue refuses the armour/shield items reachable from the profile lists
source/bands/trollheim/chaos-streets-undead-bloodlines/profiles.yaml/@/profiles/6/equipment_restrictions/1/unclassified,bands/trollheim/chaos-streets-undead-bloodlines/profiles.yaml,current,YES,printed no-equipment/natural-attack clause,combat unarmed/natural-attack consequence (C/D lot),covered,,canonical profile.equipment_lists == [] (no purchasable access),index.ts profileEquipmentItems/profileEquipment (declared lists + fixed kit),source re-extracted with the maintained export (build/audit/reconciliation/B/extract.py): 507/507 hash match; classification by code inspection,,,,none,"the profile offers no purchasable equipment, so the clause cannot be violated"
source/bands/trollheim/chaos-streets-undead-bloodlines/profiles.yaml/@/profiles/8/equipment_restrictions/0/unclassified,bands/trollheim/chaos-streets-undead-bloodlines/profiles.yaml,current,YES,weapons/armour selection refused,combat unarmed/natural-attack consequence (C/D lot),covered,,subsumed: no armour item reachable,index.ts equipmentIssue/skillIssue/equipmentSetIssues (batch construction contract),source re-extracted with the maintained export (build/audit/reconciliation/B/extract.py): 507/507 hash match; classification by code inspection,,,F019,none,equipmentIssue refuses the armour/shield items reachable from the profile lists
source/bands/trollheim/chaos-streets-undead-bloodlines/profiles.yaml/@/profiles/9/equipment_restrictions/0/unclassified,bands/trollheim/chaos-streets-undead-bloodlines/profiles.yaml,current,YES,weapons/armour selection refused,combat unarmed/natural-attack consequence (C/D lot),covered,,legacy prose branch (buildRestriction profileSelections),index.ts equipmentIssue/skillIssue/equipmentSetIssues (batch construction contract),source re-extracted with the maintained export (build/audit/reconciliation/B/extract.py): 507/507 hash match; classification by code inspection,,,F019,none,equipmentIssue refuses the armour/shield items reachable from the profile lists
source/bands/trollheim/khemri-hobgoblin-raiders/profiles.yaml/@/profiles/1/equipment_restrictions/0/unclassified,bands/trollheim/khemri-hobgoblin-raiders/profiles.yaml,current,YES,named equipment-list access: Raider,casting/spell interaction (magic lot),covered,,profile.equipment_lists = hobgoblin-raider-equipment-list,index.ts profileEquipmentItems/profileEquipment (declared lists + fixed kit),source re-extracted with the maintained export (build/audit/reconciliation/B/extract.py): 507/507 hash match; classification by code inspection,,,,none,profileEquipment offers exactly the named list
source/bands/trollheim/khemri-hobgoblin-raiders/profiles.yaml/@/profiles/6/equipment_restrictions/0/unclassified,bands/trollheim/khemri-hobgoblin-raiders/profiles.yaml,current,YES,weapons/armour selection refused,combat unarmed/natural-attack consequence (C/D lot),covered,,legacy prose branch (buildRestriction profileSelections),index.ts equipmentIssue/skillIssue/equipmentSetIssues (batch construction contract),source re-extracted with the maintained export (build/audit/reconciliation/B/extract.py): 507/507 hash match; classification by code inspection,,,F019,none,equipmentIssue refuses the armour/shield items reachable from the profile lists
source/bands/trollheim/khemri-lahmian-brotherhood/profiles.yaml/@/profiles/0/equipment_restrictions/0/unclassified,bands/trollheim/khemri-lahmian-brotherhood/profiles.yaml,current,YES,the selected Foreign/Native background picks the equipment list,,covered,,compiler.foreign-or-native-background / buildAccess background lists,index.ts profileEquipmentItems/profileEquipment (declared lists + fixed kit),source re-extracted with the maintained export (build/audit/reconciliation/B/extract.py): 507/507 hash match; classification by code inspection,,source/bands/trollheim/khemri-lahmian-brotherhood/profiles.yaml/@/profiles/1/equipment_restrictions/0/unclassified;source/bands/trollheim/khemri-lahmian-brotherhood/profiles.yaml/@/profiles/3/equipment_restrictions/0/unclassified;source/bands/trollheim/khemri-lahmian-brotherhood/profiles.yaml/@/profiles/4/equipment_restrictions/0/unclassified;source/bands/trollheim/khemri-lahmian-brotherhood/profiles.yaml/@/profiles/5/equipment_restrictions/0/unclassified,,none,buildAccess offers exactly the background list
source/bands/trollheim/khemri-lahmian-brotherhood/profiles.yaml/@/profiles/1/equipment_restrictions/0/unclassified,bands/trollheim/khemri-lahmian-brotherhood/profiles.yaml,current,YES,the selected Foreign/Native background picks the equipment list,,covered,,compiler.foreign-or-native-background / buildAccess background lists,index.ts profileEquipmentItems/profileEquipment (declared lists + fixed kit),source re-extracted with the maintained export (build/audit/reconciliation/B/extract.py): 507/507 hash match; classification by code inspection,,source/bands/trollheim/khemri-lahmian-brotherhood/profiles.yaml/@/profiles/0/equipment_restrictions/0/unclassified;source/bands/trollheim/khemri-lahmian-brotherhood/profiles.yaml/@/profiles/3/equipment_restrictions/0/unclassified;source/bands/trollheim/khemri-lahmian-brotherhood/profiles.yaml/@/profiles/4/equipment_restrictions/0/unclassified;source/bands/trollheim/khemri-lahmian-brotherhood/profiles.yaml/@/profiles/5/equipment_restrictions/0/unclassified,,none,buildAccess offers exactly the background list
source/bands/trollheim/khemri-lahmian-brotherhood/profiles.yaml/@/profiles/1/equipment_restrictions/1/unclassified,bands/trollheim/khemri-lahmian-brotherhood/profiles.yaml,current,YES,a named item/category is restricted to a named bearer/role,,metadata_gap,,none,index.ts equipmentIssue/skillIssue/equipmentSetIssues (batch construction contract),source re-extracted with the maintained export (build/audit/reconciliation/B/extract.py): 507/507 hash match; classification by code inspection,per-item bearer qualifier is prose-only (no qualifier field / forbids token),source/bands/trollheim/khemri-lahmian-brotherhood/profiles.yaml/@/profiles/4/equipment_restrictions/1/unclassified;source/bands/trollheim/khemri-lahmian-brotherhood/profiles.yaml/@/profiles/5/equipment_restrictions/1/unclassified;source/bands/trollheim/khemri-lahmian-brotherhood/profiles.yaml/@/profiles/6/equipment_restrictions/2/unclassified;source/bands/trollheim/khemri-lahmian-brotherhood/profiles.yaml/@/profiles/8/equipment_restrictions/2/unclassified,,"model the bearer qualifier (list applies_to, a forbids token or a band exclusion)",the shared decision refuses the item for the non-qualifying profile
source/bands/trollheim/khemri-lahmian-brotherhood/profiles.yaml/@/profiles/2/equipment_restrictions/0/unclassified,bands/trollheim/khemri-lahmian-brotherhood/profiles.yaml,current,YES,the selected Foreign/Native background picks the equipment list,,covered,,compiler.foreign-or-native-background / buildAccess background lists,index.ts profileEquipmentItems/profileEquipment (declared lists + fixed kit),source re-extracted with the maintained export (build/audit/reconciliation/B/extract.py): 507/507 hash match; classification by code inspection,,,,none,buildAccess offers exactly the background list
source/bands/trollheim/khemri-lahmian-brotherhood/profiles.yaml/@/profiles/3/equipment_restrictions/0/unclassified,bands/trollheim/khemri-lahmian-brotherhood/profiles.yaml,current,YES,the selected Foreign/Native background picks the equipment list,,covered,,compiler.foreign-or-native-background / buildAccess background lists,index.ts profileEquipmentItems/profileEquipment (declared lists + fixed kit),source re-extracted with the maintained export (build/audit/reconciliation/B/extract.py): 507/507 hash match; classification by code inspection,,source/bands/trollheim/khemri-lahmian-brotherhood/profiles.yaml/@/profiles/0/equipment_restrictions/0/unclassified;source/bands/trollheim/khemri-lahmian-brotherhood/profiles.yaml/@/profiles/1/equipment_restrictions/0/unclassified;source/bands/trollheim/khemri-lahmian-brotherhood/profiles.yaml/@/profiles/4/equipment_restrictions/0/unclassified;source/bands/trollheim/khemri-lahmian-brotherhood/profiles.yaml/@/profiles/5/equipment_restrictions/0/unclassified,,none,buildAccess offers exactly the background list
source/bands/trollheim/khemri-lahmian-brotherhood/profiles.yaml/@/profiles/4/equipment_restrictions/0/unclassified,bands/trollheim/khemri-lahmian-brotherhood/profiles.yaml,current,YES,the selected Foreign/Native background picks the equipment list,,covered,,compiler.foreign-or-native-background / buildAccess background lists,index.ts profileEquipmentItems/profileEquipment (declared lists + fixed kit),source re-extracted with the maintained export (build/audit/reconciliation/B/extract.py): 507/507 hash match; classification by code inspection,,source/bands/trollheim/khemri-lahmian-brotherhood/profiles.yaml/@/profiles/0/equipment_restrictions/0/unclassified;source/bands/trollheim/khemri-lahmian-brotherhood/profiles.yaml/@/profiles/1/equipment_restrictions/0/unclassified;source/bands/trollheim/khemri-lahmian-brotherhood/profiles.yaml/@/profiles/3/equipment_restrictions/0/unclassified;source/bands/trollheim/khemri-lahmian-brotherhood/profiles.yaml/@/profiles/5/equipment_restrictions/0/unclassified,,none,buildAccess offers exactly the background list
source/bands/trollheim/khemri-lahmian-brotherhood/profiles.yaml/@/profiles/4/equipment_restrictions/1/unclassified,bands/trollheim/khemri-lahmian-brotherhood/profiles.yaml,current,YES,a named item/category is restricted to a named bearer/role,,metadata_gap,,none,index.ts equipmentIssue/skillIssue/equipmentSetIssues (batch construction contract),source re-extracted with the maintained export (build/audit/reconciliation/B/extract.py): 507/507 hash match; classification by code inspection,per-item bearer qualifier is prose-only (no qualifier field / forbids token),source/bands/trollheim/khemri-lahmian-brotherhood/profiles.yaml/@/profiles/1/equipment_restrictions/1/unclassified;source/bands/trollheim/khemri-lahmian-brotherhood/profiles.yaml/@/profiles/5/equipment_restrictions/1/unclassified;source/bands/trollheim/khemri-lahmian-brotherhood/profiles.yaml/@/profiles/6/equipment_restrictions/2/unclassified;source/bands/trollheim/khemri-lahmian-brotherhood/profiles.yaml/@/profiles/8/equipment_restrictions/2/unclassified,,"model the bearer qualifier (list applies_to, a forbids token or a band exclusion)",the shared decision refuses the item for the non-qualifying profile
source/bands/trollheim/khemri-lahmian-brotherhood/profiles.yaml/@/profiles/5/equipment_restrictions/0/unclassified,bands/trollheim/khemri-lahmian-brotherhood/profiles.yaml,current,YES,the selected Foreign/Native background picks the equipment list,,covered,,compiler.foreign-or-native-background / buildAccess background lists,index.ts profileEquipmentItems/profileEquipment (declared lists + fixed kit),source re-extracted with the maintained export (build/audit/reconciliation/B/extract.py): 507/507 hash match; classification by code inspection,,source/bands/trollheim/khemri-lahmian-brotherhood/profiles.yaml/@/profiles/0/equipment_restrictions/0/unclassified;source/bands/trollheim/khemri-lahmian-brotherhood/profiles.yaml/@/profiles/1/equipment_restrictions/0/unclassified;source/bands/trollheim/khemri-lahmian-brotherhood/profiles.yaml/@/profiles/3/equipment_restrictions/0/unclassified;source/bands/trollheim/khemri-lahmian-brotherhood/profiles.yaml/@/profiles/4/equipment_restrictions/0/unclassified,,none,buildAccess offers exactly the background list
source/bands/trollheim/khemri-lahmian-brotherhood/profiles.yaml/@/profiles/5/equipment_restrictions/1/unclassified,bands/trollheim/khemri-lahmian-brotherhood/profiles.yaml,current,YES,a named item/category is restricted to a named bearer/role,,metadata_gap,,none,index.ts equipmentIssue/skillIssue/equipmentSetIssues (batch construction contract),source re-extracted with the maintained export (build/audit/reconciliation/B/extract.py): 507/507 hash match; classification by code inspection,per-item bearer qualifier is prose-only (no qualifier field / forbids token),source/bands/trollheim/khemri-lahmian-brotherhood/profiles.yaml/@/profiles/1/equipment_restrictions/1/unclassified;source/bands/trollheim/khemri-lahmian-brotherhood/profiles.yaml/@/profiles/4/equipment_restrictions/1/unclassified;source/bands/trollheim/khemri-lahmian-brotherhood/profiles.yaml/@/profiles/6/equipment_restrictions/2/unclassified;source/bands/trollheim/khemri-lahmian-brotherhood/profiles.yaml/@/profiles/8/equipment_restrictions/2/unclassified,,"model the bearer qualifier (list applies_to, a forbids token or a band exclusion)",the shared decision refuses the item for the non-qualifying profile
source/bands/trollheim/khemri-lahmian-brotherhood/profiles.yaml/@/profiles/6/equipment_restrictions/0/unclassified,bands/trollheim/khemri-lahmian-brotherhood/profiles.yaml,current,YES,the selected Foreign/Native background picks the equipment list,,covered,,compiler.foreign-or-native-background / buildAccess background lists,index.ts profileEquipmentItems/profileEquipment (declared lists + fixed kit),source re-extracted with the maintained export (build/audit/reconciliation/B/extract.py): 507/507 hash match; classification by code inspection,,source/bands/trollheim/khemri-lahmian-brotherhood/profiles.yaml/@/profiles/7/equipment_restrictions/0/unclassified,,none,buildAccess offers exactly the background list
source/bands/trollheim/khemri-lahmian-brotherhood/profiles.yaml/@/profiles/6/equipment_restrictions/1/unclassified,bands/trollheim/khemri-lahmian-brotherhood/profiles.yaml,current,YES,the selected Foreign/Native background picks the equipment list,,covered,,compiler.foreign-or-native-background / buildAccess background lists,index.ts profileEquipmentItems/profileEquipment (declared lists + fixed kit),source re-extracted with the maintained export (build/audit/reconciliation/B/extract.py): 507/507 hash match; classification by code inspection,,,,none,buildAccess offers exactly the background list
source/bands/trollheim/khemri-lahmian-brotherhood/profiles.yaml/@/profiles/6/equipment_restrictions/2/unclassified,bands/trollheim/khemri-lahmian-brotherhood/profiles.yaml,current,YES,a named item/category is restricted to a named bearer/role,,metadata_gap,,none,index.ts equipmentIssue/skillIssue/equipmentSetIssues (batch construction contract),source re-extracted with the maintained export (build/audit/reconciliation/B/extract.py): 507/507 hash match; classification by code inspection,per-item bearer qualifier is prose-only (no qualifier field / forbids token),source/bands/trollheim/khemri-lahmian-brotherhood/profiles.yaml/@/profiles/1/equipment_restrictions/1/unclassified;source/bands/trollheim/khemri-lahmian-brotherhood/profiles.yaml/@/profiles/4/equipment_restrictions/1/unclassified;source/bands/trollheim/khemri-lahmian-brotherhood/profiles.yaml/@/profiles/5/equipment_restrictions/1/unclassified;source/bands/trollheim/khemri-lahmian-brotherhood/profiles.yaml/@/profiles/8/equipment_restrictions/2/unclassified,,"model the bearer qualifier (list applies_to, a forbids token or a band exclusion)",the shared decision refuses the item for the non-qualifying profile
source/bands/trollheim/khemri-lahmian-brotherhood/profiles.yaml/@/profiles/7/equipment_restrictions/0/unclassified,bands/trollheim/khemri-lahmian-brotherhood/profiles.yaml,current,YES,the selected Foreign/Native background picks the equipment list,,covered,,compiler.foreign-or-native-background / buildAccess background lists,index.ts profileEquipmentItems/profileEquipment (declared lists + fixed kit),source re-extracted with the maintained export (build/audit/reconciliation/B/extract.py): 507/507 hash match; classification by code inspection,,source/bands/trollheim/khemri-lahmian-brotherhood/profiles.yaml/@/profiles/6/equipment_restrictions/0/unclassified,,none,buildAccess offers exactly the background list
source/bands/trollheim/khemri-lahmian-brotherhood/profiles.yaml/@/profiles/7/equipment_restrictions/1/unclassified,bands/trollheim/khemri-lahmian-brotherhood/profiles.yaml,current,YES,weapons/armour selection refused,combat unarmed/natural-attack consequence (C/D lot),covered,,legacy prose branch (buildRestriction profileSelections),index.ts equipmentIssue/skillIssue/equipmentSetIssues (batch construction contract),source re-extracted with the maintained export (build/audit/reconciliation/B/extract.py): 507/507 hash match; classification by code inspection,,,F019,none,equipmentIssue refuses the armour/shield items reachable from the profile lists
source/bands/trollheim/khemri-lahmian-brotherhood/profiles.yaml/@/profiles/8/equipment_restrictions/0/unclassified,bands/trollheim/khemri-lahmian-brotherhood/profiles.yaml,current,YES,the selected Foreign/Native background picks the equipment list,,covered,,compiler.foreign-or-native-background / buildAccess background lists,index.ts profileEquipmentItems/profileEquipment (declared lists + fixed kit),source re-extracted with the maintained export (build/audit/reconciliation/B/extract.py): 507/507 hash match; classification by code inspection,,source/bands/trollheim/khemri-lahmian-brotherhood/profiles.yaml/@/profiles/9/equipment_restrictions/0/unclassified,,none,buildAccess offers exactly the background list
source/bands/trollheim/khemri-lahmian-brotherhood/profiles.yaml/@/profiles/8/equipment_restrictions/1/unclassified,bands/trollheim/khemri-lahmian-brotherhood/profiles.yaml,current,YES,the selected Foreign/Native background picks the equipment list,,covered,,compiler.foreign-or-native-background / buildAccess background lists,index.ts profileEquipmentItems/profileEquipment (declared lists + fixed kit),source re-extracted with the maintained export (build/audit/reconciliation/B/extract.py): 507/507 hash match; classification by code inspection,,,,none,buildAccess offers exactly the background list
source/bands/trollheim/khemri-lahmian-brotherhood/profiles.yaml/@/profiles/8/equipment_restrictions/2/unclassified,bands/trollheim/khemri-lahmian-brotherhood/profiles.yaml,current,YES,a named item/category is restricted to a named bearer/role,,metadata_gap,,none,index.ts equipmentIssue/skillIssue/equipmentSetIssues (batch construction contract),source re-extracted with the maintained export (build/audit/reconciliation/B/extract.py): 507/507 hash match; classification by code inspection,per-item bearer qualifier is prose-only (no qualifier field / forbids token),source/bands/trollheim/khemri-lahmian-brotherhood/profiles.yaml/@/profiles/1/equipment_restrictions/1/unclassified;source/bands/trollheim/khemri-lahmian-brotherhood/profiles.yaml/@/profiles/4/equipment_restrictions/1/unclassified;source/bands/trollheim/khemri-lahmian-brotherhood/profiles.yaml/@/profiles/5/equipment_restrictions/1/unclassified;source/bands/trollheim/khemri-lahmian-brotherhood/profiles.yaml/@/profiles/6/equipment_restrictions/2/unclassified,,"model the bearer qualifier (list applies_to, a forbids token or a band exclusion)",the shared decision refuses the item for the non-qualifying profile
source/bands/trollheim/khemri-lahmian-brotherhood/profiles.yaml/@/profiles/9/equipment_restrictions/0/unclassified,bands/trollheim/khemri-lahmian-brotherhood/profiles.yaml,current,YES,the selected Foreign/Native background picks the equipment list,,covered,,compiler.foreign-or-native-background / buildAccess background lists,index.ts profileEquipmentItems/profileEquipment (declared lists + fixed kit),source re-extracted with the maintained export (build/audit/reconciliation/B/extract.py): 507/507 hash match; classification by code inspection,,source/bands/trollheim/khemri-lahmian-brotherhood/profiles.yaml/@/profiles/8/equipment_restrictions/0/unclassified,,none,buildAccess offers exactly the background list
source/bands/trollheim/khemri-lahmian-brotherhood/profiles.yaml/@/profiles/9/equipment_restrictions/1/unclassified,bands/trollheim/khemri-lahmian-brotherhood/profiles.yaml,current,YES,weapons/armour selection refused,combat unarmed/natural-attack consequence (C/D lot),covered,,legacy prose branch (buildRestriction profileSelections),index.ts equipmentIssue/skillIssue/equipmentSetIssues (batch construction contract),source re-extracted with the maintained export (build/audit/reconciliation/B/extract.py): 507/507 hash match; classification by code inspection,,,F019,none,equipmentIssue refuses the armour/shield items reachable from the profile lists
source/bands/trollheim/khemri-mages/equipment-access.yaml/@/equipment_lists/0/items/3/notes/unclassified,bands/trollheim/khemri-mages/equipment-access.yaml,current,YES,bearer qualifier: Pupils only,,metadata_gap,bands/trollheim/khemri-mages/equipment-access.yaml equipment_lists[0].items[3] (sling),none,"profileEquipmentItems reads lists/fixed kit, never item notes",source re-extracted with the maintained export (build/audit/reconciliation/B/extract.py): 507/507 hash match; classification by code inspection,per-item bearer/role qualifier is prose-only in equipment-access.yaml,,,"model the qualifier (list applies_to, a forbids token or a band exclusion)",the shared decision refuses the item for every non-qualifying profile
source/bands/trollheim/khemri-mages/equipment-access.yaml/@/equipment_lists/0/items/7/notes/unclassified,bands/trollheim/khemri-mages/equipment-access.yaml,current,NO,,internal item mechanics explicitly not modelled,out_of_scope,bands/trollheim/khemri-mages/equipment-access.yaml equipment_lists[0].items[7] (familiar),item record + simulation-mappings,index.ts profileEquipmentItems/profileEquipment (declared lists + fixed kit),source re-extracted with the maintained export (build/audit/reconciliation/B/extract.py): 507/507 hash match; classification by code inspection,,,,none in B; item mechanics belong to the item/combat lot,item record keeps its declared state; no construction clause outstanding
source/bands/trollheim/khemri-necromancers/profiles.yaml/@/profiles/4/equipment_restrictions/0/unclassified,bands/trollheim/khemri-necromancers/profiles.yaml,current,YES,weapons/armour selection refused,combat unarmed/natural-attack consequence (C/D lot),covered,,legacy prose branch (buildRestriction profileSelections),index.ts equipmentIssue/skillIssue/equipmentSetIssues (batch construction contract),source re-extracted with the maintained export (build/audit/reconciliation/B/extract.py): 507/507 hash match; classification by code inspection,,,F019,none,equipmentIssue refuses the armour/shield items reachable from the profile lists
source/bands/trollheim/khemri-tomb-guardians/equipment-access.yaml/@/equipment_lists/0/items/10/notes/unclassified,bands/trollheim/khemri-tomb-guardians/equipment-access.yaml,current,NO,,internal item mechanics explicitly not modelled,out_of_scope,bands/trollheim/khemri-tomb-guardians/equipment-access.yaml equipment_lists[0].items[10] (asp_arrows),item record + simulation-mappings,index.ts profileEquipmentItems/profileEquipment (declared lists + fixed kit),source re-extracted with the maintained export (build/audit/reconciliation/B/extract.py): 507/507 hash match; classification by code inspection,,,,none in B; item mechanics belong to the item/combat lot,item record keeps its declared state; no construction clause outstanding
source/bands/trollheim/khemri-tomb-guardians/equipment-access.yaml/@/equipment_lists/0/items/11/notes/unclassified,bands/trollheim/khemri-tomb-guardians/equipment-access.yaml,current,NO,,internal item mechanics explicitly not modelled,out_of_scope,bands/trollheim/khemri-tomb-guardians/equipment-access.yaml equipment_lists[0].items[11] (nehekharan_javelin),item record + simulation-mappings,index.ts profileEquipmentItems/profileEquipment (declared lists + fixed kit),source re-extracted with the maintained export (build/audit/reconciliation/B/extract.py): 507/507 hash match; classification by code inspection,,,,none in B; item mechanics belong to the item/combat lot,item record keeps its declared state; no construction clause outstanding
source/bands/trollheim/khemri-tomb-guardians/equipment-access.yaml/@/equipment_lists/0/items/14/notes/unclassified,bands/trollheim/khemri-tomb-guardians/equipment-access.yaml,current,YES,printed equivalence resolves to the selected canonical item,,covered,bands/trollheim/khemri-tomb-guardians/equipment-access.yaml equipment_lists[0].items[14] (bronze_breastplate),"item record bronze_breastplate (kind trollheim-equipment, mechanic None)",index.ts profileEquipmentItems/profileEquipment (declared lists + fixed kit),source re-extracted with the maintained export (build/audit/reconciliation/B/extract.py): 507/507 hash match; classification by code inspection,,,,none,the selected item id already carries the named equivalence
source/bands/trollheim/khemri-tomb-guardians/equipment-access.yaml/@/equipment_lists/1/items/5/notes/unclassified,bands/trollheim/khemri-tomb-guardians/equipment-access.yaml,current,NO,,internal item mechanics explicitly not modelled,out_of_scope,bands/trollheim/khemri-tomb-guardians/equipment-access.yaml equipment_lists[1].items[5] (serpent_staff),item record + simulation-mappings,index.ts profileEquipmentItems/profileEquipment (declared lists + fixed kit),source re-extracted with the maintained export (build/audit/reconciliation/B/extract.py): 507/507 hash match; classification by code inspection,,,,none in B; item mechanics belong to the item/combat lot,item record keeps its declared state; no construction clause outstanding
source/bands/trollheim/lustria-clan-pestilens/equipment-access.yaml/@/equipment_lists/0/items/13/notes/unclassified,bands/trollheim/lustria-clan-pestilens/equipment-access.yaml,current,NO,,internal item mechanics explicitly not modelled,out_of_scope,bands/trollheim/lustria-clan-pestilens/equipment-access.yaml equipment_lists[0].items[13] (horned_rat_amulet),item record + simulation-mappings,index.ts profileEquipmentItems/profileEquipment (declared lists + fixed kit),source re-extracted with the maintained export (build/audit/reconciliation/B/extract.py): 507/507 hash match; classification by code inspection,,,,none in B; item mechanics belong to the item/combat lot,item record keeps its declared state; no construction clause outstanding
source/bands/trollheim/lustria-clan-pestilens/equipment-access.yaml/@/equipment_lists/0/items/15/notes/unclassified,bands/trollheim/lustria-clan-pestilens/equipment-access.yaml,current,NO,,internal item mechanics explicitly not modelled,out_of_scope,bands/trollheim/lustria-clan-pestilens/equipment-access.yaml equipment_lists[0].items[15] (liturgicus_infecticus),item record + simulation-mappings,index.ts profileEquipmentItems/profileEquipment (declared lists + fixed kit),source re-extracted with the maintained export (build/audit/reconciliation/B/extract.py): 507/507 hash match; classification by code inspection,,,,none in B; item mechanics belong to the item/combat lot,item record keeps its declared state; no construction clause outstanding
source/bands/trollheim/lustria-clan-pestilens/equipment-access.yaml/@/equipment_lists/0/items/16/notes/unclassified,bands/trollheim/lustria-clan-pestilens/equipment-access.yaml,current,NO,,internal item mechanics explicitly not modelled,out_of_scope,bands/trollheim/lustria-clan-pestilens/equipment-access.yaml equipment_lists[0].items[16] (fog_warpstone_fragments),item record + simulation-mappings,index.ts profileEquipmentItems/profileEquipment (declared lists + fixed kit),source re-extracted with the maintained export (build/audit/reconciliation/B/extract.py): 507/507 hash match; classification by code inspection,,,,none in B; item mechanics belong to the item/combat lot,item record keeps its declared state; no construction clause outstanding
source/bands/trollheim/lustria-clan-pestilens/equipment-access.yaml/@/equipment_lists/0/items/6/notes/unclassified,bands/trollheim/lustria-clan-pestilens/equipment-access.yaml,current,NO,,internal item mechanics explicitly not modelled,out_of_scope,bands/trollheim/lustria-clan-pestilens/equipment-access.yaml equipment_lists[0].items[6] (disease_dagger),item record + simulation-mappings,index.ts profileEquipmentItems/profileEquipment (declared lists + fixed kit),source re-extracted with the maintained export (build/audit/reconciliation/B/extract.py): 507/507 hash match; classification by code inspection,,,,none in B; item mechanics belong to the item/combat lot,item record keeps its declared state; no construction clause outstanding
source/bands/trollheim/lustria-clan-pestilens/equipment-access.yaml/@/equipment_lists/0/items/7/notes/unclassified,bands/trollheim/lustria-clan-pestilens/equipment-access.yaml,current,NO,,internal item mechanics explicitly not modelled,out_of_scope,bands/trollheim/lustria-clan-pestilens/equipment-access.yaml equipment_lists[0].items[7] (censer),item record + simulation-mappings,index.ts profileEquipmentItems/profileEquipment (declared lists + fixed kit),source re-extracted with the maintained export (build/audit/reconciliation/B/extract.py): 507/507 hash match; classification by code inspection,,,,none in B; item mechanics belong to the item/combat lot,item record keeps its declared state; no construction clause outstanding
source/bands/trollheim/lustria-dark-elves/equipment-access.yaml/@/equipment_lists/0/items/14/notes/unclassified,bands/trollheim/lustria-dark-elves/equipment-access.yaml,current,NO,,internal item mechanics explicitly not modelled,out_of_scope,bands/trollheim/lustria-dark-elves/equipment-access.yaml equipment_lists[0].items[14] (dark_venom),item record + simulation-mappings,index.ts profileEquipmentItems/profileEquipment (declared lists + fixed kit),source re-extracted with the maintained export (build/audit/reconciliation/B/extract.py): 507/507 hash match; classification by code inspection,,,,none in B; item mechanics belong to the item/combat lot,item record keeps its declared state; no construction clause outstanding
source/bands/trollheim/lustria-dark-elves/equipment-access.yaml/@/equipment_lists/0/items/15/notes/unclassified,bands/trollheim/lustria-dark-elves/equipment-access.yaml,current,NO,,internal item mechanics explicitly not modelled,out_of_scope,bands/trollheim/lustria-dark-elves/equipment-access.yaml equipment_lists[0].items[15] (sea_dragon_cloak),item record + simulation-mappings,index.ts profileEquipmentItems/profileEquipment (declared lists + fixed kit),source re-extracted with the maintained export (build/audit/reconciliation/B/extract.py): 507/507 hash match; classification by code inspection,,,,none in B; item mechanics belong to the item/combat lot,item record keeps its declared state; no construction clause outstanding
source/bands/trollheim/lustria-dark-elves/equipment-access.yaml/@/equipment_lists/0/items/16/notes/unclassified,bands/trollheim/lustria-dark-elves/equipment-access.yaml,current,NO,,internal item mechanics explicitly not modelled,out_of_scope,bands/trollheim/lustria-dark-elves/equipment-access.yaml equipment_lists[0].items[16] (draich),item record + simulation-mappings,index.ts profileEquipmentItems/profileEquipment (declared lists + fixed kit),source re-extracted with the maintained export (build/audit/reconciliation/B/extract.py): 507/507 hash match; classification by code inspection,,,,none in B; item mechanics belong to the item/combat lot,item record keeps its declared state; no construction clause outstanding
source/bands/trollheim/lustria-dark-elves/equipment-access.yaml/@/equipment_lists/0/items/5/notes/unclassified,bands/trollheim/lustria-dark-elves/equipment-access.yaml,current,NO,,internal item mechanics explicitly not modelled,out_of_scope,bands/trollheim/lustria-dark-elves/equipment-access.yaml equipment_lists[0].items[5] (beastmaster_whip),item record + simulation-mappings,index.ts profileEquipmentItems/profileEquipment (declared lists + fixed kit),source re-extracted with the maintained export (build/audit/reconciliation/B/extract.py): 507/507 hash match; classification by code inspection,,,,none in B; item mechanics belong to the item/combat lot,item record keeps its declared state; no construction clause outstanding
source/bands/trollheim/lustria-dark-elves/profiles.yaml/@/profiles/0/equipment_restrictions/0/unclassified,bands/trollheim/lustria-dark-elves/profiles.yaml,current,YES,blackpowder weapons are refused,,covered,,compiler.no-blackpowder-weapons,index.ts equipmentIssue/skillIssue/equipmentSetIssues (batch construction contract),source re-extracted with the maintained export (build/audit/reconciliation/B/extract.py): 507/507 hash match; classification by code inspection,,source/bands/trollheim/lustria-dark-elves/profiles.yaml/@/profiles/1/equipment_restrictions/0/unclassified;source/bands/trollheim/lustria-dark-elves/profiles.yaml/@/profiles/2/equipment_restrictions/0/unclassified;source/bands/trollheim/lustria-dark-elves/profiles.yaml/@/profiles/3/equipment_restrictions/0/unclassified;source/bands/trollheim/lustria-dark-elves/profiles.yaml/@/profiles/4/equipment_restrictions/0/unclassified,,none,categoryProhibitions refuses pistol/duelling-pistol
source/bands/trollheim/lustria-dark-elves/profiles.yaml/@/profiles/0/equipment_restrictions/1/unclassified,bands/trollheim/lustria-dark-elves/profiles.yaml,current,YES,a named item/category is restricted to a named bearer/role,,metadata_gap,,none,index.ts equipmentIssue/skillIssue/equipmentSetIssues (batch construction contract),source re-extracted with the maintained export (build/audit/reconciliation/B/extract.py): 507/507 hash match; classification by code inspection,per-item bearer qualifier is prose-only (no qualifier field / forbids token),source/bands/trollheim/lustria-dark-elves/profiles.yaml/@/profiles/1/equipment_restrictions/2/unclassified;source/bands/trollheim/lustria-dark-elves/profiles.yaml/@/profiles/3/equipment_restrictions/1/unclassified;source/bands/trollheim/lustria-dark-elves/profiles.yaml/@/profiles/4/equipment_restrictions/3/unclassified,,"model the bearer qualifier (list applies_to, a forbids token or a band exclusion)",the shared decision refuses the item for the non-qualifying profile
source/bands/trollheim/lustria-dark-elves/profiles.yaml/@/profiles/1/equipment_restrictions/0/unclassified,bands/trollheim/lustria-dark-elves/profiles.yaml,current,YES,blackpowder weapons are refused,,covered,,compiler.no-blackpowder-weapons,index.ts equipmentIssue/skillIssue/equipmentSetIssues (batch construction contract),source re-extracted with the maintained export (build/audit/reconciliation/B/extract.py): 507/507 hash match; classification by code inspection,,source/bands/trollheim/lustria-dark-elves/profiles.yaml/@/profiles/0/equipment_restrictions/0/unclassified;source/bands/trollheim/lustria-dark-elves/profiles.yaml/@/profiles/2/equipment_restrictions/0/unclassified;source/bands/trollheim/lustria-dark-elves/profiles.yaml/@/profiles/3/equipment_restrictions/0/unclassified;source/bands/trollheim/lustria-dark-elves/profiles.yaml/@/profiles/4/equipment_restrictions/0/unclassified,,none,categoryProhibitions refuses pistol/duelling-pistol
source/bands/trollheim/lustria-dark-elves/profiles.yaml/@/profiles/1/equipment_restrictions/1/unclassified,bands/trollheim/lustria-dark-elves/profiles.yaml,current,YES,missile/ranged weapon selection is refused,,covered,,compiler.no-missile-weapons,index.ts equipmentIssue/skillIssue/equipmentSetIssues (batch construction contract),source re-extracted with the maintained export (build/audit/reconciliation/B/extract.py): 507/507 hash match; classification by code inspection,,,F020,none,equipmentIssue refuses every reachable ranged item
source/bands/trollheim/lustria-dark-elves/profiles.yaml/@/profiles/1/equipment_restrictions/2/unclassified,bands/trollheim/lustria-dark-elves/profiles.yaml,current,YES,a named item/category is restricted to a named bearer/role,,metadata_gap,,none,index.ts equipmentIssue/skillIssue/equipmentSetIssues (batch construction contract),source re-extracted with the maintained export (build/audit/reconciliation/B/extract.py): 507/507 hash match; classification by code inspection,per-item bearer qualifier is prose-only (no qualifier field / forbids token),source/bands/trollheim/lustria-dark-elves/profiles.yaml/@/profiles/0/equipment_restrictions/1/unclassified;source/bands/trollheim/lustria-dark-elves/profiles.yaml/@/profiles/3/equipment_restrictions/1/unclassified;source/bands/trollheim/lustria-dark-elves/profiles.yaml/@/profiles/4/equipment_restrictions/3/unclassified,,"model the bearer qualifier (list applies_to, a forbids token or a band exclusion)",the shared decision refuses the item for the non-qualifying profile
source/bands/trollheim/lustria-dark-elves/profiles.yaml/@/profiles/2/equipment_restrictions/0/unclassified,bands/trollheim/lustria-dark-elves/profiles.yaml,current,YES,blackpowder weapons are refused,,covered,,compiler.no-blackpowder-weapons,index.ts equipmentIssue/skillIssue/equipmentSetIssues (batch construction contract),source re-extracted with the maintained export (build/audit/reconciliation/B/extract.py): 507/507 hash match; classification by code inspection,,source/bands/trollheim/lustria-dark-elves/profiles.yaml/@/profiles/0/equipment_restrictions/0/unclassified;source/bands/trollheim/lustria-dark-elves/profiles.yaml/@/profiles/1/equipment_restrictions/0/unclassified;source/bands/trollheim/lustria-dark-elves/profiles.yaml/@/profiles/3/equipment_restrictions/0/unclassified;source/bands/trollheim/lustria-dark-elves/profiles.yaml/@/profiles/4/equipment_restrictions/0/unclassified,,none,categoryProhibitions refuses pistol/duelling-pistol
source/bands/trollheim/lustria-dark-elves/profiles.yaml/@/profiles/3/equipment_restrictions/0/unclassified,bands/trollheim/lustria-dark-elves/profiles.yaml,current,YES,blackpowder weapons are refused,,covered,,compiler.no-blackpowder-weapons,index.ts equipmentIssue/skillIssue/equipmentSetIssues (batch construction contract),source re-extracted with the maintained export (build/audit/reconciliation/B/extract.py): 507/507 hash match; classification by code inspection,,source/bands/trollheim/lustria-dark-elves/profiles.yaml/@/profiles/0/equipment_restrictions/0/unclassified;source/bands/trollheim/lustria-dark-elves/profiles.yaml/@/profiles/1/equipment_restrictions/0/unclassified;source/bands/trollheim/lustria-dark-elves/profiles.yaml/@/profiles/2/equipment_restrictions/0/unclassified;source/bands/trollheim/lustria-dark-elves/profiles.yaml/@/profiles/4/equipment_restrictions/0/unclassified,,none,categoryProhibitions refuses pistol/duelling-pistol
source/bands/trollheim/lustria-dark-elves/profiles.yaml/@/profiles/3/equipment_restrictions/1/unclassified,bands/trollheim/lustria-dark-elves/profiles.yaml,current,YES,a named item/category is restricted to a named bearer/role,,metadata_gap,,none,index.ts equipmentIssue/skillIssue/equipmentSetIssues (batch construction contract),source re-extracted with the maintained export (build/audit/reconciliation/B/extract.py): 507/507 hash match; classification by code inspection,per-item bearer qualifier is prose-only (no qualifier field / forbids token),source/bands/trollheim/lustria-dark-elves/profiles.yaml/@/profiles/0/equipment_restrictions/1/unclassified;source/bands/trollheim/lustria-dark-elves/profiles.yaml/@/profiles/1/equipment_restrictions/2/unclassified;source/bands/trollheim/lustria-dark-elves/profiles.yaml/@/profiles/4/equipment_restrictions/3/unclassified,,"model the bearer qualifier (list applies_to, a forbids token or a band exclusion)",the shared decision refuses the item for the non-qualifying profile
source/bands/trollheim/lustria-dark-elves/profiles.yaml/@/profiles/4/equipment_restrictions/0/unclassified,bands/trollheim/lustria-dark-elves/profiles.yaml,current,YES,blackpowder weapons are refused,,covered,,compiler.no-blackpowder-weapons,index.ts equipmentIssue/skillIssue/equipmentSetIssues (batch construction contract),source re-extracted with the maintained export (build/audit/reconciliation/B/extract.py): 507/507 hash match; classification by code inspection,,source/bands/trollheim/lustria-dark-elves/profiles.yaml/@/profiles/0/equipment_restrictions/0/unclassified;source/bands/trollheim/lustria-dark-elves/profiles.yaml/@/profiles/1/equipment_restrictions/0/unclassified;source/bands/trollheim/lustria-dark-elves/profiles.yaml/@/profiles/2/equipment_restrictions/0/unclassified;source/bands/trollheim/lustria-dark-elves/profiles.yaml/@/profiles/3/equipment_restrictions/0/unclassified,,none,categoryProhibitions refuses pistol/duelling-pistol
source/bands/trollheim/lustria-dark-elves/profiles.yaml/@/profiles/4/equipment_restrictions/1/unclassified,bands/trollheim/lustria-dark-elves/profiles.yaml,current,YES,printed equipment access/allowance or starting kit,,covered,,canonical profile.equipment_lists/fixed_equipment = dark-elf-equipment-list,index.ts profileEquipmentItems/profileEquipment (declared lists + fixed kit),source re-extracted with the maintained export (build/audit/reconciliation/B/extract.py): 507/507 hash match; classification by code inspection,,,,none,the declared lists/fixed kit offer exactly the printed access
source/bands/trollheim/lustria-dark-elves/profiles.yaml/@/profiles/4/equipment_restrictions/2/unclassified,bands/trollheim/lustria-dark-elves/profiles.yaml,current,YES,a named item/category is restricted to a named bearer/role,,metadata_gap,,none,index.ts equipmentIssue/skillIssue/equipmentSetIssues (batch construction contract),source re-extracted with the maintained export (build/audit/reconciliation/B/extract.py): 507/507 hash match; classification by code inspection,per-item bearer qualifier is prose-only (no qualifier field / forbids token),,,"model the bearer qualifier (list applies_to, a forbids token or a band exclusion)",the shared decision refuses the item for the non-qualifying profile
source/bands/trollheim/lustria-dark-elves/profiles.yaml/@/profiles/4/equipment_restrictions/3/unclassified,bands/trollheim/lustria-dark-elves/profiles.yaml,current,YES,a named item/category is restricted to a named bearer/role,,metadata_gap,,none,index.ts equipmentIssue/skillIssue/equipmentSetIssues (batch construction contract),source re-extracted with the maintained export (build/audit/reconciliation/B/extract.py): 507/507 hash match; classification by code inspection,per-item bearer qualifier is prose-only (no qualifier field / forbids token),source/bands/trollheim/lustria-dark-elves/profiles.yaml/@/profiles/0/equipment_restrictions/1/unclassified;source/bands/trollheim/lustria-dark-elves/profiles.yaml/@/profiles/1/equipment_restrictions/2/unclassified;source/bands/trollheim/lustria-dark-elves/profiles.yaml/@/profiles/3/equipment_restrictions/1/unclassified,,"model the bearer qualifier (list applies_to, a forbids token or a band exclusion)",the shared decision refuses the item for the non-qualifying profile
source/bands/trollheim/lustria-dark-elves/profiles.yaml/@/profiles/5/equipment_restrictions/0/unclassified,bands/trollheim/lustria-dark-elves/profiles.yaml,current,YES,blackpowder weapons are refused,,covered,,compiler.no-blackpowder-weapons,index.ts equipmentIssue/skillIssue/equipmentSetIssues (batch construction contract),source re-extracted with the maintained export (build/audit/reconciliation/B/extract.py): 507/507 hash match; classification by code inspection,,source/bands/trollheim/lustria-dark-elves/profiles.yaml/@/profiles/0/equipment_restrictions/0/unclassified;source/bands/trollheim/lustria-dark-elves/profiles.yaml/@/profiles/1/equipment_restrictions/0/unclassified;source/bands/trollheim/lustria-dark-elves/profiles.yaml/@/profiles/2/equipment_restrictions/0/unclassified;source/bands/trollheim/lustria-dark-elves/profiles.yaml/@/profiles/3/equipment_restrictions/0/unclassified,,none,categoryProhibitions refuses pistol/duelling-pistol
source/bands/trollheim/lustria-dark-elves/profiles.yaml/@/profiles/6/equipment_restrictions/0/unclassified,bands/trollheim/lustria-dark-elves/profiles.yaml,current,YES,weapons/armour selection refused,combat unarmed/natural-attack consequence (C/D lot),covered,,legacy prose branch (buildRestriction profileSelections),index.ts equipmentIssue/skillIssue/equipmentSetIssues (batch construction contract),source re-extracted with the maintained export (build/audit/reconciliation/B/extract.py): 507/507 hash match; classification by code inspection,,,F019,none,equipmentIssue refuses the armour/shield items reachable from the profile lists
source/bands/trollheim/lustria-high-elves/equipment-access.yaml/@/equipment_lists/0/items/15/notes/unclassified,bands/trollheim/lustria-high-elves/equipment-access.yaml,current,NO,,internal item mechanics explicitly not modelled,out_of_scope,bands/trollheim/lustria-high-elves/equipment-access.yaml equipment_lists[0].items[15] (elven_wine),item record + simulation-mappings,index.ts profileEquipmentItems/profileEquipment (declared lists + fixed kit),source re-extracted with the maintained export (build/audit/reconciliation/B/extract.py): 507/507 hash match; classification by code inspection,,,,none in B; item mechanics belong to the item/combat lot,item record keeps its declared state; no construction clause outstanding
source/bands/trollheim/lustria-high-elves/equipment-access.yaml/@/equipment_lists/0/items/16/notes/unclassified,bands/trollheim/lustria-high-elves/equipment-access.yaml,current,NO,,internal item mechanics explicitly not modelled,out_of_scope,bands/trollheim/lustria-high-elves/equipment-access.yaml equipment_lists[0].items[16] (elven_runestones),item record + simulation-mappings,index.ts profileEquipmentItems/profileEquipment (declared lists + fixed kit),source re-extracted with the maintained export (build/audit/reconciliation/B/extract.py): 507/507 hash match; classification by code inspection,,,,none in B; item mechanics belong to the item/combat lot,item record keeps its declared state; no construction clause outstanding
source/bands/trollheim/lustria-high-elves/equipment-access.yaml/@/equipment_lists/0/items/6/notes/unclassified,bands/trollheim/lustria-high-elves/equipment-access.yaml,current,NO,,internal item mechanics explicitly not modelled,out_of_scope,bands/trollheim/lustria-high-elves/equipment-access.yaml equipment_lists[0].items[6] (mage_staff),item record + simulation-mappings,index.ts profileEquipmentItems/profileEquipment (declared lists + fixed kit),source re-extracted with the maintained export (build/audit/reconciliation/B/extract.py): 507/507 hash match; classification by code inspection,,,,none in B; item mechanics belong to the item/combat lot,item record keeps its declared state; no construction clause outstanding
source/bands/trollheim/lustria-high-elves/profiles.yaml/@/profiles/0/equipment_restrictions/0/unclassified,bands/trollheim/lustria-high-elves/profiles.yaml,current,YES,blackpowder weapons are refused,,covered,,compiler.no-blackpowder-weapons,index.ts equipmentIssue/skillIssue/equipmentSetIssues (batch construction contract),source re-extracted with the maintained export (build/audit/reconciliation/B/extract.py): 507/507 hash match; classification by code inspection,,source/bands/trollheim/lustria-dark-elves/profiles.yaml/@/profiles/0/equipment_restrictions/0/unclassified;source/bands/trollheim/lustria-dark-elves/profiles.yaml/@/profiles/1/equipment_restrictions/0/unclassified;source/bands/trollheim/lustria-dark-elves/profiles.yaml/@/profiles/2/equipment_restrictions/0/unclassified;source/bands/trollheim/lustria-dark-elves/profiles.yaml/@/profiles/3/equipment_restrictions/0/unclassified,,none,categoryProhibitions refuses pistol/duelling-pistol
source/bands/trollheim/lustria-high-elves/profiles.yaml/@/profiles/0/equipment_restrictions/1/unclassified,bands/trollheim/lustria-high-elves/profiles.yaml,current,YES,poisons/drugs are refused,,covered,,compiler.forbid-item-categories,index.ts equipmentIssue/skillIssue/equipmentSetIssues (batch construction contract),source re-extracted with the maintained export (build/audit/reconciliation/B/extract.py): 507/507 hash match; classification by code inspection,,source/bands/trollheim/lustria-high-elves/profiles.yaml/@/profiles/1/equipment_restrictions/1/unclassified;source/bands/trollheim/lustria-high-elves/profiles.yaml/@/profiles/2/equipment_restrictions/1/unclassified;source/bands/trollheim/lustria-high-elves/profiles.yaml/@/profiles/3/equipment_restrictions/1/unclassified;source/bands/trollheim/lustria-high-elves/profiles.yaml/@/profiles/4/equipment_restrictions/1/unclassified,,none,categoryProhibitions refuses the preparation
source/bands/trollheim/lustria-high-elves/profiles.yaml/@/profiles/0/equipment_restrictions/2/unclassified,bands/trollheim/lustria-high-elves/profiles.yaml,current,YES,Dwarf-made equipment is refused,,covered,,compiler.haughty,index.ts equipmentIssue/skillIssue/equipmentSetIssues (batch construction contract),source re-extracted with the maintained export (build/audit/reconciliation/B/extract.py): 507/507 hash match; classification by code inspection,,source/bands/trollheim/lustria-high-elves/profiles.yaml/@/profiles/1/equipment_restrictions/2/unclassified;source/bands/trollheim/lustria-high-elves/profiles.yaml/@/profiles/2/equipment_restrictions/2/unclassified;source/bands/trollheim/lustria-high-elves/profiles.yaml/@/profiles/3/equipment_restrictions/2/unclassified;source/bands/trollheim/lustria-high-elves/profiles.yaml/@/profiles/4/equipment_restrictions/2/unclassified,,none,profileSelections refuses material.gromril/obsidian and gromril armour
source/bands/trollheim/lustria-high-elves/profiles.yaml/@/profiles/1/equipment_restrictions/0/unclassified,bands/trollheim/lustria-high-elves/profiles.yaml,current,YES,blackpowder weapons are refused,,covered,,compiler.no-blackpowder-weapons,index.ts equipmentIssue/skillIssue/equipmentSetIssues (batch construction contract),source re-extracted with the maintained export (build/audit/reconciliation/B/extract.py): 507/507 hash match; classification by code inspection,,source/bands/trollheim/lustria-dark-elves/profiles.yaml/@/profiles/0/equipment_restrictions/0/unclassified;source/bands/trollheim/lustria-dark-elves/profiles.yaml/@/profiles/1/equipment_restrictions/0/unclassified;source/bands/trollheim/lustria-dark-elves/profiles.yaml/@/profiles/2/equipment_restrictions/0/unclassified;source/bands/trollheim/lustria-dark-elves/profiles.yaml/@/profiles/3/equipment_restrictions/0/unclassified,,none,categoryProhibitions refuses pistol/duelling-pistol
source/bands/trollheim/lustria-high-elves/profiles.yaml/@/profiles/1/equipment_restrictions/1/unclassified,bands/trollheim/lustria-high-elves/profiles.yaml,current,YES,poisons/drugs are refused,,covered,,compiler.forbid-item-categories,index.ts equipmentIssue/skillIssue/equipmentSetIssues (batch construction contract),source re-extracted with the maintained export (build/audit/reconciliation/B/extract.py): 507/507 hash match; classification by code inspection,,source/bands/trollheim/lustria-high-elves/profiles.yaml/@/profiles/0/equipment_restrictions/1/unclassified;source/bands/trollheim/lustria-high-elves/profiles.yaml/@/profiles/2/equipment_restrictions/1/unclassified;source/bands/trollheim/lustria-high-elves/profiles.yaml/@/profiles/3/equipment_restrictions/1/unclassified;source/bands/trollheim/lustria-high-elves/profiles.yaml/@/profiles/4/equipment_restrictions/1/unclassified,,none,categoryProhibitions refuses the preparation
source/bands/trollheim/lustria-high-elves/profiles.yaml/@/profiles/1/equipment_restrictions/2/unclassified,bands/trollheim/lustria-high-elves/profiles.yaml,current,YES,Dwarf-made equipment is refused,,covered,,compiler.haughty,index.ts equipmentIssue/skillIssue/equipmentSetIssues (batch construction contract),source re-extracted with the maintained export (build/audit/reconciliation/B/extract.py): 507/507 hash match; classification by code inspection,,source/bands/trollheim/lustria-high-elves/profiles.yaml/@/profiles/0/equipment_restrictions/2/unclassified;source/bands/trollheim/lustria-high-elves/profiles.yaml/@/profiles/2/equipment_restrictions/2/unclassified;source/bands/trollheim/lustria-high-elves/profiles.yaml/@/profiles/3/equipment_restrictions/2/unclassified;source/bands/trollheim/lustria-high-elves/profiles.yaml/@/profiles/4/equipment_restrictions/2/unclassified,,none,profileSelections refuses material.gromril/obsidian and gromril armour
source/bands/trollheim/lustria-high-elves/profiles.yaml/@/profiles/1/equipment_restrictions/3/unclassified,bands/trollheim/lustria-high-elves/profiles.yaml,current,YES,missile/ranged weapon selection is refused,,metadata_gap,,none,index.ts equipmentIssue/skillIssue/equipmentSetIssues (batch construction contract),source re-extracted with the maintained export (build/audit/reconciliation/B/extract.py): 507/507 hash match; classification by code inspection,no ranged-forbids token and no no-missile-weapons contract,source/bands/trollheim/lustria-lizardmen/profiles.yaml/@/profiles/1/equipment_restrictions/0/unclassified;source/bands/trollheim/lustria-lizardmen/profiles.yaml/@/profiles/4/equipment_restrictions/0/unclassified,F020,add the ranged-weapons forbids token,equipmentIssue refuses every reachable ranged item
source/bands/trollheim/lustria-high-elves/profiles.yaml/@/profiles/1/equipment_restrictions/4/unclassified,bands/trollheim/lustria-high-elves/profiles.yaml,current,YES,a named item/category is restricted to a named bearer/role,,metadata_gap,,none,index.ts equipmentIssue/skillIssue/equipmentSetIssues (batch construction contract),source re-extracted with the maintained export (build/audit/reconciliation/B/extract.py): 507/507 hash match; classification by code inspection,per-item bearer qualifier is prose-only (no qualifier field / forbids token),source/bands/trollheim/lustria-high-elves/profiles.yaml/@/profiles/2/equipment_restrictions/3/unclassified;source/bands/trollheim/lustria-high-elves/profiles.yaml/@/profiles/3/equipment_restrictions/3/unclassified,,"model the bearer qualifier (list applies_to, a forbids token or a band exclusion)",the shared decision refuses the item for the non-qualifying profile
source/bands/trollheim/lustria-high-elves/profiles.yaml/@/profiles/2/equipment_restrictions/0/unclassified,bands/trollheim/lustria-high-elves/profiles.yaml,current,YES,blackpowder weapons are refused,,covered,,compiler.no-blackpowder-weapons,index.ts equipmentIssue/skillIssue/equipmentSetIssues (batch construction contract),source re-extracted with the maintained export (build/audit/reconciliation/B/extract.py): 507/507 hash match; classification by code inspection,,source/bands/trollheim/lustria-dark-elves/profiles.yaml/@/profiles/0/equipment_restrictions/0/unclassified;source/bands/trollheim/lustria-dark-elves/profiles.yaml/@/profiles/1/equipment_restrictions/0/unclassified;source/bands/trollheim/lustria-dark-elves/profiles.yaml/@/profiles/2/equipment_restrictions/0/unclassified;source/bands/trollheim/lustria-dark-elves/profiles.yaml/@/profiles/3/equipment_restrictions/0/unclassified,,none,categoryProhibitions refuses pistol/duelling-pistol
source/bands/trollheim/lustria-high-elves/profiles.yaml/@/profiles/2/equipment_restrictions/1/unclassified,bands/trollheim/lustria-high-elves/profiles.yaml,current,YES,poisons/drugs are refused,,covered,,compiler.forbid-item-categories,index.ts equipmentIssue/skillIssue/equipmentSetIssues (batch construction contract),source re-extracted with the maintained export (build/audit/reconciliation/B/extract.py): 507/507 hash match; classification by code inspection,,source/bands/trollheim/lustria-high-elves/profiles.yaml/@/profiles/0/equipment_restrictions/1/unclassified;source/bands/trollheim/lustria-high-elves/profiles.yaml/@/profiles/1/equipment_restrictions/1/unclassified;source/bands/trollheim/lustria-high-elves/profiles.yaml/@/profiles/3/equipment_restrictions/1/unclassified;source/bands/trollheim/lustria-high-elves/profiles.yaml/@/profiles/4/equipment_restrictions/1/unclassified,,none,categoryProhibitions refuses the preparation
source/bands/trollheim/lustria-high-elves/profiles.yaml/@/profiles/2/equipment_restrictions/2/unclassified,bands/trollheim/lustria-high-elves/profiles.yaml,current,YES,Dwarf-made equipment is refused,,covered,,compiler.haughty,index.ts equipmentIssue/skillIssue/equipmentSetIssues (batch construction contract),source re-extracted with the maintained export (build/audit/reconciliation/B/extract.py): 507/507 hash match; classification by code inspection,,source/bands/trollheim/lustria-high-elves/profiles.yaml/@/profiles/0/equipment_restrictions/2/unclassified;source/bands/trollheim/lustria-high-elves/profiles.yaml/@/profiles/1/equipment_restrictions/2/unclassified;source/bands/trollheim/lustria-high-elves/profiles.yaml/@/profiles/3/equipment_restrictions/2/unclassified;source/bands/trollheim/lustria-high-elves/profiles.yaml/@/profiles/4/equipment_restrictions/2/unclassified,,none,profileSelections refuses material.gromril/obsidian and gromril armour
source/bands/trollheim/lustria-high-elves/profiles.yaml/@/profiles/2/equipment_restrictions/3/unclassified,bands/trollheim/lustria-high-elves/profiles.yaml,current,YES,a named item/category is restricted to a named bearer/role,,metadata_gap,,none,index.ts equipmentIssue/skillIssue/equipmentSetIssues (batch construction contract),source re-extracted with the maintained export (build/audit/reconciliation/B/extract.py): 507/507 hash match; classification by code inspection,per-item bearer qualifier is prose-only (no qualifier field / forbids token),source/bands/trollheim/lustria-high-elves/profiles.yaml/@/profiles/1/equipment_restrictions/4/unclassified;source/bands/trollheim/lustria-high-elves/profiles.yaml/@/profiles/3/equipment_restrictions/3/unclassified,,"model the bearer qualifier (list applies_to, a forbids token or a band exclusion)",the shared decision refuses the item for the non-qualifying profile
source/bands/trollheim/lustria-high-elves/profiles.yaml/@/profiles/3/equipment_restrictions/0/unclassified,bands/trollheim/lustria-high-elves/profiles.yaml,current,YES,blackpowder weapons are refused,,covered,,compiler.no-blackpowder-weapons,index.ts equipmentIssue/skillIssue/equipmentSetIssues (batch construction contract),source re-extracted with the maintained export (build/audit/reconciliation/B/extract.py): 507/507 hash match; classification by code inspection,,source/bands/trollheim/lustria-dark-elves/profiles.yaml/@/profiles/0/equipment_restrictions/0/unclassified;source/bands/trollheim/lustria-dark-elves/profiles.yaml/@/profiles/1/equipment_restrictions/0/unclassified;source/bands/trollheim/lustria-dark-elves/profiles.yaml/@/profiles/2/equipment_restrictions/0/unclassified;source/bands/trollheim/lustria-dark-elves/profiles.yaml/@/profiles/3/equipment_restrictions/0/unclassified,,none,categoryProhibitions refuses pistol/duelling-pistol
source/bands/trollheim/lustria-high-elves/profiles.yaml/@/profiles/3/equipment_restrictions/1/unclassified,bands/trollheim/lustria-high-elves/profiles.yaml,current,YES,poisons/drugs are refused,,covered,,compiler.forbid-item-categories,index.ts equipmentIssue/skillIssue/equipmentSetIssues (batch construction contract),source re-extracted with the maintained export (build/audit/reconciliation/B/extract.py): 507/507 hash match; classification by code inspection,,source/bands/trollheim/lustria-high-elves/profiles.yaml/@/profiles/0/equipment_restrictions/1/unclassified;source/bands/trollheim/lustria-high-elves/profiles.yaml/@/profiles/1/equipment_restrictions/1/unclassified;source/bands/trollheim/lustria-high-elves/profiles.yaml/@/profiles/2/equipment_restrictions/1/unclassified;source/bands/trollheim/lustria-high-elves/profiles.yaml/@/profiles/4/equipment_restrictions/1/unclassified,,none,categoryProhibitions refuses the preparation
source/bands/trollheim/lustria-high-elves/profiles.yaml/@/profiles/3/equipment_restrictions/2/unclassified,bands/trollheim/lustria-high-elves/profiles.yaml,current,YES,Dwarf-made equipment is refused,,covered,,compiler.haughty,index.ts equipmentIssue/skillIssue/equipmentSetIssues (batch construction contract),source re-extracted with the maintained export (build/audit/reconciliation/B/extract.py): 507/507 hash match; classification by code inspection,,source/bands/trollheim/lustria-high-elves/profiles.yaml/@/profiles/0/equipment_restrictions/2/unclassified;source/bands/trollheim/lustria-high-elves/profiles.yaml/@/profiles/1/equipment_restrictions/2/unclassified;source/bands/trollheim/lustria-high-elves/profiles.yaml/@/profiles/2/equipment_restrictions/2/unclassified;source/bands/trollheim/lustria-high-elves/profiles.yaml/@/profiles/4/equipment_restrictions/2/unclassified,,none,profileSelections refuses material.gromril/obsidian and gromril armour
source/bands/trollheim/lustria-high-elves/profiles.yaml/@/profiles/3/equipment_restrictions/3/unclassified,bands/trollheim/lustria-high-elves/profiles.yaml,current,YES,a named item/category is restricted to a named bearer/role,,metadata_gap,,none,index.ts equipmentIssue/skillIssue/equipmentSetIssues (batch construction contract),source re-extracted with the maintained export (build/audit/reconciliation/B/extract.py): 507/507 hash match; classification by code inspection,per-item bearer qualifier is prose-only (no qualifier field / forbids token),source/bands/trollheim/lustria-high-elves/profiles.yaml/@/profiles/1/equipment_restrictions/4/unclassified;source/bands/trollheim/lustria-high-elves/profiles.yaml/@/profiles/2/equipment_restrictions/3/unclassified,,"model the bearer qualifier (list applies_to, a forbids token or a band exclusion)",the shared decision refuses the item for the non-qualifying profile
source/bands/trollheim/lustria-high-elves/profiles.yaml/@/profiles/4/equipment_restrictions/0/unclassified,bands/trollheim/lustria-high-elves/profiles.yaml,current,YES,blackpowder weapons are refused,,covered,,compiler.no-blackpowder-weapons,index.ts equipmentIssue/skillIssue/equipmentSetIssues (batch construction contract),source re-extracted with the maintained export (build/audit/reconciliation/B/extract.py): 507/507 hash match; classification by code inspection,,source/bands/trollheim/lustria-dark-elves/profiles.yaml/@/profiles/0/equipment_restrictions/0/unclassified;source/bands/trollheim/lustria-dark-elves/profiles.yaml/@/profiles/1/equipment_restrictions/0/unclassified;source/bands/trollheim/lustria-dark-elves/profiles.yaml/@/profiles/2/equipment_restrictions/0/unclassified;source/bands/trollheim/lustria-dark-elves/profiles.yaml/@/profiles/3/equipment_restrictions/0/unclassified,,none,categoryProhibitions refuses pistol/duelling-pistol
source/bands/trollheim/lustria-high-elves/profiles.yaml/@/profiles/4/equipment_restrictions/1/unclassified,bands/trollheim/lustria-high-elves/profiles.yaml,current,YES,poisons/drugs are refused,,covered,,compiler.forbid-item-categories,index.ts equipmentIssue/skillIssue/equipmentSetIssues (batch construction contract),source re-extracted with the maintained export (build/audit/reconciliation/B/extract.py): 507/507 hash match; classification by code inspection,,source/bands/trollheim/lustria-high-elves/profiles.yaml/@/profiles/0/equipment_restrictions/1/unclassified;source/bands/trollheim/lustria-high-elves/profiles.yaml/@/profiles/1/equipment_restrictions/1/unclassified;source/bands/trollheim/lustria-high-elves/profiles.yaml/@/profiles/2/equipment_restrictions/1/unclassified;source/bands/trollheim/lustria-high-elves/profiles.yaml/@/profiles/3/equipment_restrictions/1/unclassified,,none,categoryProhibitions refuses the preparation
source/bands/trollheim/lustria-high-elves/profiles.yaml/@/profiles/4/equipment_restrictions/2/unclassified,bands/trollheim/lustria-high-elves/profiles.yaml,current,YES,Dwarf-made equipment is refused,,covered,,compiler.haughty,index.ts equipmentIssue/skillIssue/equipmentSetIssues (batch construction contract),source re-extracted with the maintained export (build/audit/reconciliation/B/extract.py): 507/507 hash match; classification by code inspection,,source/bands/trollheim/lustria-high-elves/profiles.yaml/@/profiles/0/equipment_restrictions/2/unclassified;source/bands/trollheim/lustria-high-elves/profiles.yaml/@/profiles/1/equipment_restrictions/2/unclassified;source/bands/trollheim/lustria-high-elves/profiles.yaml/@/profiles/2/equipment_restrictions/2/unclassified;source/bands/trollheim/lustria-high-elves/profiles.yaml/@/profiles/3/equipment_restrictions/2/unclassified,,none,profileSelections refuses material.gromril/obsidian and gromril armour
source/bands/trollheim/lustria-lizardmen/equipment-access.yaml/@/equipment_lists/0/items/11/notes/unclassified,bands/trollheim/lustria-lizardmen/equipment-access.yaml,current,YES,bearer qualifier: Skink Priest only,,metadata_gap,bands/trollheim/lustria-lizardmen/equipment-access.yaml equipment_lists[0].items[11] (helmet),none,"profileEquipmentItems reads lists/fixed kit, never item notes",source re-extracted with the maintained export (build/audit/reconciliation/B/extract.py): 507/507 hash match; classification by code inspection,per-item bearer/role qualifier is prose-only in equipment-access.yaml,,,"model the qualifier (list applies_to, a forbids token or a band exclusion)",the shared decision refuses the item for every non-qualifying profile
source/bands/trollheim/lustria-lizardmen/equipment-access.yaml/@/equipment_lists/0/items/3/notes/unclassified,bands/trollheim/lustria-lizardmen/equipment-access.yaml,current,YES,bearer qualifier: Heroes only,,metadata_gap,bands/trollheim/lustria-lizardmen/equipment-access.yaml equipment_lists[0].items[3] (sword),none,"profileEquipmentItems reads lists/fixed kit, never item notes",source re-extracted with the maintained export (build/audit/reconciliation/B/extract.py): 507/507 hash match; classification by code inspection,per-item bearer/role qualifier is prose-only in equipment-access.yaml,,,"model the qualifier (list applies_to, a forbids token or a band exclusion)",the shared decision refuses the item for every non-qualifying profile
source/bands/trollheim/lustria-lizardmen/profiles.yaml/@/profiles/1/equipment_restrictions/0/unclassified,bands/trollheim/lustria-lizardmen/profiles.yaml,current,YES,missile/ranged weapon selection is refused,,covered,,compiler.no-missile-weapons,index.ts equipmentIssue/skillIssue/equipmentSetIssues (batch construction contract),source re-extracted with the maintained export (build/audit/reconciliation/B/extract.py): 507/507 hash match; classification by code inspection,,source/bands/trollheim/lustria-high-elves/profiles.yaml/@/profiles/1/equipment_restrictions/3/unclassified;source/bands/trollheim/lustria-lizardmen/profiles.yaml/@/profiles/4/equipment_restrictions/0/unclassified,F020,none,equipmentIssue refuses every reachable ranged item
source/bands/trollheim/lustria-lizardmen/profiles.yaml/@/profiles/1/equipment_restrictions/1/unclassified,bands/trollheim/lustria-lizardmen/profiles.yaml,current,YES,Academic skill category is not selectable,,covered,,compiler.forbid-skill-categories,index.ts equipmentIssue/skillIssue/equipmentSetIssues (batch construction contract),source re-extracted with the maintained export (build/audit/reconciliation/B/extract.py): 507/507 hash match; classification by code inspection,,,,none,bannedSkillCategories/skillIssue refuse the category
source/bands/trollheim/lustria-lizardmen/profiles.yaml/@/profiles/2/equipment_restrictions/0/unclassified,bands/trollheim/lustria-lizardmen/profiles.yaml,current,YES,a named item/category is restricted to a named bearer/role,,metadata_gap,,none,index.ts equipmentIssue/skillIssue/equipmentSetIssues (batch construction contract),source re-extracted with the maintained export (build/audit/reconciliation/B/extract.py): 507/507 hash match; classification by code inspection,per-item bearer qualifier is prose-only (no qualifier field / forbids token),source/bands/trollheim/lustria-lizardmen/profiles.yaml/@/profiles/3/equipment_restrictions/1/unclassified,,"model the bearer qualifier (list applies_to, a forbids token or a band exclusion)",the shared decision refuses the item for the non-qualifying profile
source/bands/trollheim/lustria-lizardmen/profiles.yaml/@/profiles/3/equipment_restrictions/0/unclassified,bands/trollheim/lustria-lizardmen/profiles.yaml,current,YES,a named item/category is restricted to a named bearer/role,,metadata_gap,,none,index.ts equipmentIssue/skillIssue/equipmentSetIssues (batch construction contract),source re-extracted with the maintained export (build/audit/reconciliation/B/extract.py): 507/507 hash match; classification by code inspection,per-item bearer qualifier is prose-only (no qualifier field / forbids token),,,"model the bearer qualifier (list applies_to, a forbids token or a band exclusion)",the shared decision refuses the item for the non-qualifying profile
source/bands/trollheim/lustria-lizardmen/profiles.yaml/@/profiles/3/equipment_restrictions/1/unclassified,bands/trollheim/lustria-lizardmen/profiles.yaml,current,YES,a named item/category is restricted to a named bearer/role,,metadata_gap,,none,index.ts equipmentIssue/skillIssue/equipmentSetIssues (batch construction contract),source re-extracted with the maintained export (build/audit/reconciliation/B/extract.py): 507/507 hash match; classification by code inspection,per-item bearer qualifier is prose-only (no qualifier field / forbids token),source/bands/trollheim/lustria-lizardmen/profiles.yaml/@/profiles/2/equipment_restrictions/0/unclassified,,"model the bearer qualifier (list applies_to, a forbids token or a band exclusion)",the shared decision refuses the item for the non-qualifying profile
source/bands/trollheim/lustria-lizardmen/profiles.yaml/@/profiles/4/equipment_restrictions/0/unclassified,bands/trollheim/lustria-lizardmen/profiles.yaml,current,YES,missile/ranged weapon selection is refused,,covered,,compiler.no-missile-weapons,index.ts equipmentIssue/skillIssue/equipmentSetIssues (batch construction contract),source re-extracted with the maintained export (build/audit/reconciliation/B/extract.py): 507/507 hash match; classification by code inspection,,source/bands/trollheim/lustria-high-elves/profiles.yaml/@/profiles/1/equipment_restrictions/3/unclassified;source/bands/trollheim/lustria-lizardmen/profiles.yaml/@/profiles/1/equipment_restrictions/0/unclassified,F020,none,equipmentIssue refuses every reachable ranged item
source/bands/trollheim/lustria-lizardmen/profiles.yaml/@/profiles/5/equipment_restrictions/0/unclassified,bands/trollheim/lustria-lizardmen/profiles.yaml,current,YES,printed equipment access/allowance or starting kit,,covered,,canonical profile.equipment_lists/fixed_equipment = kroxigor-equipment-list,index.ts profileEquipmentItems/profileEquipment (declared lists + fixed kit),source re-extracted with the maintained export (build/audit/reconciliation/B/extract.py): 507/507 hash match; classification by code inspection,,,,none,the declared lists/fixed kit offer exactly the printed access
source/bands/trollheim/lustria-pirates/equipment-access.yaml/@/equipment_lists/0/items/18/notes/unclassified,bands/trollheim/lustria-pirates/equipment-access.yaml,current,NO,,internal item mechanics explicitly not modelled,out_of_scope,bands/trollheim/lustria-pirates/equipment-access.yaml equipment_lists[0].items[18] (hook_hand),item record + simulation-mappings,index.ts profileEquipmentItems/profileEquipment (declared lists + fixed kit),source re-extracted with the maintained export (build/audit/reconciliation/B/extract.py): 507/507 hash match; classification by code inspection,,,,none in B; item mechanics belong to the item/combat lot,item record keeps its declared state; no construction clause outstanding
source/bands/trollheim/lustria-pirates/equipment-access.yaml/@/equipment_lists/0/items/19/notes/unclassified,bands/trollheim/lustria-pirates/equipment-access.yaml,current,NO,,internal item mechanics explicitly not modelled,out_of_scope,bands/trollheim/lustria-pirates/equipment-access.yaml equipment_lists[0].items[19] (peg_leg),item record + simulation-mappings,index.ts profileEquipmentItems/profileEquipment (declared lists + fixed kit),source re-extracted with the maintained export (build/audit/reconciliation/B/extract.py): 507/507 hash match; classification by code inspection,,,,none in B; item mechanics belong to the item/combat lot,item record keeps its declared state; no construction clause outstanding
source/bands/trollheim/lustria-pirates/equipment-access.yaml/@/equipment_lists/0/items/20/notes/unclassified,bands/trollheim/lustria-pirates/equipment-access.yaml,current,NO,,internal item mechanics explicitly not modelled,out_of_scope,bands/trollheim/lustria-pirates/equipment-access.yaml equipment_lists[0].items[20] (parrot),item record + simulation-mappings,index.ts profileEquipmentItems/profileEquipment (declared lists + fixed kit),source re-extracted with the maintained export (build/audit/reconciliation/B/extract.py): 507/507 hash match; classification by code inspection,,,,none in B; item mechanics belong to the item/combat lot,item record keeps its declared state; no construction clause outstanding
source/bands/trollheim/lustria-pirates/equipment-access.yaml/@/equipment_lists/0/items/21/notes/unclassified,bands/trollheim/lustria-pirates/equipment-access.yaml,current,NO,,internal item mechanics explicitly not modelled,out_of_scope,bands/trollheim/lustria-pirates/equipment-access.yaml equipment_lists[0].items[21] (pirate_flag),item record + simulation-mappings,index.ts profileEquipmentItems/profileEquipment (declared lists + fixed kit),source re-extracted with the maintained export (build/audit/reconciliation/B/extract.py): 507/507 hash match; classification by code inspection,,,,none in B; item mechanics belong to the item/combat lot,item record keeps its declared state; no construction clause outstanding
source/bands/trollheim/lustria-pirates/equipment-access.yaml/@/equipment_lists/0/items/3/notes/unclassified,bands/trollheim/lustria-pirates/equipment-access.yaml,current,NO,,internal item mechanics explicitly not modelled,out_of_scope,bands/trollheim/lustria-pirates/equipment-access.yaml equipment_lists[0].items[3] (long_boathook),item record + simulation-mappings,index.ts profileEquipmentItems/profileEquipment (declared lists + fixed kit),source re-extracted with the maintained export (build/audit/reconciliation/B/extract.py): 507/507 hash match; classification by code inspection,,source/bands/trollheim/lustria-pirates/equipment-access.yaml/@/equipment_lists/1/items/3/notes/unclassified,,none in B; item mechanics belong to the item/combat lot,item record keeps its declared state; no construction clause outstanding
source/bands/trollheim/lustria-pirates/equipment-access.yaml/@/equipment_lists/0/items/4/notes/unclassified,bands/trollheim/lustria-pirates/equipment-access.yaml,current,NO,,internal item mechanics explicitly not modelled,out_of_scope,bands/trollheim/lustria-pirates/equipment-access.yaml equipment_lists[0].items[4] (scourge),item record + simulation-mappings,index.ts profileEquipmentItems/profileEquipment (declared lists + fixed kit),source re-extracted with the maintained export (build/audit/reconciliation/B/extract.py): 507/507 hash match; classification by code inspection,,,,none in B; item mechanics belong to the item/combat lot,item record keeps its declared state; no construction clause outstanding
source/bands/trollheim/lustria-pirates/equipment-access.yaml/@/equipment_lists/0/items/8/notes/unclassified,bands/trollheim/lustria-pirates/equipment-access.yaml,current,NO,,internal item mechanics explicitly not modelled,out_of_scope,bands/trollheim/lustria-pirates/equipment-access.yaml equipment_lists[0].items[8] (belaying_pin),item record + simulation-mappings,index.ts profileEquipmentItems/profileEquipment (declared lists + fixed kit),source re-extracted with the maintained export (build/audit/reconciliation/B/extract.py): 507/507 hash match; classification by code inspection,,source/bands/trollheim/lustria-pirates/equipment-access.yaml/@/equipment_lists/1/items/7/notes/unclassified,,none in B; item mechanics belong to the item/combat lot,item record keeps its declared state; no construction clause outstanding
source/bands/trollheim/lustria-pirates/equipment-access.yaml/@/equipment_lists/1/items/3/notes/unclassified,bands/trollheim/lustria-pirates/equipment-access.yaml,current,NO,,internal item mechanics explicitly not modelled,out_of_scope,bands/trollheim/lustria-pirates/equipment-access.yaml equipment_lists[1].items[3] (long_boathook),item record + simulation-mappings,index.ts profileEquipmentItems/profileEquipment (declared lists + fixed kit),source re-extracted with the maintained export (build/audit/reconciliation/B/extract.py): 507/507 hash match; classification by code inspection,,source/bands/trollheim/lustria-pirates/equipment-access.yaml/@/equipment_lists/0/items/3/notes/unclassified,,none in B; item mechanics belong to the item/combat lot,item record keeps its declared state; no construction clause outstanding
source/bands/trollheim/lustria-pirates/equipment-access.yaml/@/equipment_lists/1/items/7/notes/unclassified,bands/trollheim/lustria-pirates/equipment-access.yaml,current,NO,,internal item mechanics explicitly not modelled,out_of_scope,bands/trollheim/lustria-pirates/equipment-access.yaml equipment_lists[1].items[7] (belaying_pin),item record + simulation-mappings,index.ts profileEquipmentItems/profileEquipment (declared lists + fixed kit),source re-extracted with the maintained export (build/audit/reconciliation/B/extract.py): 507/507 hash match; classification by code inspection,,source/bands/trollheim/lustria-pirates/equipment-access.yaml/@/equipment_lists/0/items/8/notes/unclassified,,none in B; item mechanics belong to the item/combat lot,item record keeps its declared state; no construction clause outstanding
source/bands/trollheim/lustria-pirates/equipment-access.yaml/@/equipment_lists/2/items/11/notes/unclassified,bands/trollheim/lustria-pirates/equipment-access.yaml,current,NO,,internal item mechanics explicitly not modelled,out_of_scope,bands/trollheim/lustria-pirates/equipment-access.yaml equipment_lists[2].items[11] (carronade),item record + simulation-mappings,index.ts profileEquipmentItems/profileEquipment (declared lists + fixed kit),source re-extracted with the maintained export (build/audit/reconciliation/B/extract.py): 507/507 hash match; classification by code inspection,,,,none in B; item mechanics belong to the item/combat lot,item record keeps its declared state; no construction clause outstanding
source/bands/trollheim/lustria-savage-goblins/equipment-access.yaml/@/equipment_lists/0/items/10/notes/unclassified,bands/trollheim/lustria-savage-goblins/equipment-access.yaml,current,NO,,internal item mechanics explicitly not modelled,out_of_scope,bands/trollheim/lustria-savage-goblins/equipment-access.yaml equipment_lists[0].items[10] (shrunken_head),item record + simulation-mappings,index.ts profileEquipmentItems/profileEquipment (declared lists + fixed kit),source re-extracted with the maintained export (build/audit/reconciliation/B/extract.py): 507/507 hash match; classification by code inspection,,,,none in B; item mechanics belong to the item/combat lot,item record keeps its declared state; no construction clause outstanding
source/bands/trollheim/lustria-savage-goblins/equipment-access.yaml/@/equipment_lists/0/items/14/notes/unclassified,bands/trollheim/lustria-savage-goblins/equipment-access.yaml,current,NO,,internal item mechanics explicitly not modelled,out_of_scope,bands/trollheim/lustria-savage-goblins/equipment-access.yaml equipment_lists[0].items[14] (feather_headdress),item record + simulation-mappings,index.ts profileEquipmentItems/profileEquipment (declared lists + fixed kit),source re-extracted with the maintained export (build/audit/reconciliation/B/extract.py): 507/507 hash match; classification by code inspection,,,,none in B; item mechanics belong to the item/combat lot,item record keeps its declared state; no construction clause outstanding
source/bands/trollheim/lustria-savage-goblins/equipment-access.yaml/@/equipment_lists/0/items/2/notes/unclassified,bands/trollheim/lustria-savage-goblins/equipment-access.yaml,current,NO,,internal item mechanics explicitly not modelled,out_of_scope,bands/trollheim/lustria-savage-goblins/equipment-access.yaml equipment_lists[0].items[2] (sacrifice_dagger),item record + simulation-mappings,index.ts profileEquipmentItems/profileEquipment (declared lists + fixed kit),source re-extracted with the maintained export (build/audit/reconciliation/B/extract.py): 507/507 hash match; classification by code inspection,,,,none in B; item mechanics belong to the item/combat lot,item record keeps its declared state; no construction clause outstanding
source/bands/trollheim/lustria-savage-goblins/profiles.yaml/@/profiles/1/equipment_restrictions/0/unclassified,bands/trollheim/lustria-savage-goblins/profiles.yaml,current,YES,a named item/category is restricted to a named bearer/role,,metadata_gap,,none,index.ts equipmentIssue/skillIssue/equipmentSetIssues (batch construction contract),source re-extracted with the maintained export (build/audit/reconciliation/B/extract.py): 507/507 hash match; classification by code inspection,per-item bearer qualifier is prose-only (no qualifier field / forbids token),source/bands/trollheim/lustria-savage-goblins/profiles.yaml/@/profiles/2/equipment_restrictions/1/unclassified;source/bands/trollheim/lustria-savage-goblins/profiles.yaml/@/profiles/3/equipment_restrictions/1/unclassified,,"model the bearer qualifier (list applies_to, a forbids token or a band exclusion)",the shared decision refuses the item for the non-qualifying profile
source/bands/trollheim/lustria-savage-goblins/profiles.yaml/@/profiles/1/equipment_restrictions/1/unclassified,bands/trollheim/lustria-savage-goblins/profiles.yaml,current,YES,printed composition/procurement/roster clause,,implementation_missing,,,none in the shared eligibility module,source re-extracted with the maintained export (build/audit/reconciliation/B/extract.py): 507/507 hash match; classification by code inspection,no construction contract for the clause category,,,decide whether the clause is construction; model it only if admitted,the admitted clause is either modelled or excluded with a ruling
source/bands/trollheim/lustria-savage-goblins/profiles.yaml/@/profiles/2/equipment_restrictions/0/unclassified,bands/trollheim/lustria-savage-goblins/profiles.yaml,current,YES,missile/ranged weapon selection is refused,,metadata_gap,,none,index.ts equipmentIssue/skillIssue/equipmentSetIssues (batch construction contract),source re-extracted with the maintained export (build/audit/reconciliation/B/extract.py): 507/507 hash match; classification by code inspection,no ranged-forbids token and no no-missile-weapons contract,,F020,add the ranged-weapons forbids token,equipmentIssue refuses every reachable ranged item
source/bands/trollheim/lustria-savage-goblins/profiles.yaml/@/profiles/2/equipment_restrictions/1/unclassified,bands/trollheim/lustria-savage-goblins/profiles.yaml,current,YES,a named item/category is restricted to a named bearer/role,,metadata_gap,,none,index.ts equipmentIssue/skillIssue/equipmentSetIssues (batch construction contract),source re-extracted with the maintained export (build/audit/reconciliation/B/extract.py): 507/507 hash match; classification by code inspection,per-item bearer qualifier is prose-only (no qualifier field / forbids token),source/bands/trollheim/lustria-savage-goblins/profiles.yaml/@/profiles/1/equipment_restrictions/0/unclassified;source/bands/trollheim/lustria-savage-goblins/profiles.yaml/@/profiles/3/equipment_restrictions/1/unclassified,,"model the bearer qualifier (list applies_to, a forbids token or a band exclusion)",the shared decision refuses the item for the non-qualifying profile
source/bands/trollheim/lustria-savage-goblins/profiles.yaml/@/profiles/2/equipment_restrictions/2/unclassified,bands/trollheim/lustria-savage-goblins/profiles.yaml,current,YES,printed composition/procurement/roster clause,,implementation_missing,,,none in the shared eligibility module,source re-extracted with the maintained export (build/audit/reconciliation/B/extract.py): 507/507 hash match; classification by code inspection,no construction contract for the clause category,source/bands/trollheim/lustria-savage-goblins/profiles.yaml/@/profiles/3/equipment_restrictions/2/unclassified,,decide whether the clause is construction; model it only if admitted,the admitted clause is either modelled or excluded with a ruling
source/bands/trollheim/lustria-savage-goblins/profiles.yaml/@/profiles/3/equipment_restrictions/1/unclassified,bands/trollheim/lustria-savage-goblins/profiles.yaml,current,YES,a named item/category is restricted to a named bearer/role,,metadata_gap,,none,index.ts equipmentIssue/skillIssue/equipmentSetIssues (batch construction contract),source re-extracted with the maintained export (build/audit/reconciliation/B/extract.py): 507/507 hash match; classification by code inspection,per-item bearer qualifier is prose-only (no qualifier field / forbids token),source/bands/trollheim/lustria-savage-goblins/profiles.yaml/@/profiles/1/equipment_restrictions/0/unclassified;source/bands/trollheim/lustria-savage-goblins/profiles.yaml/@/profiles/2/equipment_restrictions/1/unclassified,,"model the bearer qualifier (list applies_to, a forbids token or a band exclusion)",the shared decision refuses the item for the non-qualifying profile
source/bands/trollheim/lustria-savage-goblins/profiles.yaml/@/profiles/3/equipment_restrictions/2/unclassified,bands/trollheim/lustria-savage-goblins/profiles.yaml,current,YES,printed composition/procurement/roster clause,,implementation_missing,,,none in the shared eligibility module,source re-extracted with the maintained export (build/audit/reconciliation/B/extract.py): 507/507 hash match; classification by code inspection,no construction contract for the clause category,source/bands/trollheim/lustria-savage-goblins/profiles.yaml/@/profiles/2/equipment_restrictions/2/unclassified,,decide whether the clause is construction; model it only if admitted,the admitted clause is either modelled or excluded with a ruling
source/bands/trollheim/lustria-savage-goblins/profiles.yaml/@/profiles/7/equipment_restrictions/0/unclassified,bands/trollheim/lustria-savage-goblins/profiles.yaml,current,YES,weapons/armour selection refused,combat unarmed/natural-attack consequence (C/D lot),covered,,legacy prose branch (buildRestriction profileSelections),index.ts equipmentIssue/skillIssue/equipmentSetIssues (batch construction contract),source re-extracted with the maintained export (build/audit/reconciliation/B/extract.py): 507/507 hash match; classification by code inspection,,,F019,none,equipmentIssue refuses the armour/shield items reachable from the profile lists
source/bands/trollheim/lustria-savage-goblins/profiles.yaml/@/profiles/8/equipment_restrictions/0/unclassified,bands/trollheim/lustria-savage-goblins/profiles.yaml,current,YES,printed no-equipment/natural-attack clause,combat unarmed/natural-attack consequence (C/D lot),covered,,canonical profile.equipment_lists == [] (no purchasable access),index.ts profileEquipmentItems/profileEquipment (declared lists + fixed kit),source re-extracted with the maintained export (build/audit/reconciliation/B/extract.py): 507/507 hash match; classification by code inspection,,,,none,"the profile offers no purchasable equipment, so the clause cannot be violated"
source/bands/trollheim/trollheim-cult-of-the-possessed/profiles.yaml/@/profiles/1/equipment_restrictions/0/unclassified,bands/trollheim/trollheim-cult-of-the-possessed/profiles.yaml,current,YES,weapons/armour selection refused,combat unarmed/natural-attack consequence (C/D lot),covered,,legacy prose branch (buildRestriction profileSelections),index.ts equipmentIssue/skillIssue/equipmentSetIssues (batch construction contract),source re-extracted with the maintained export (build/audit/reconciliation/B/extract.py): 507/507 hash match; classification by code inspection,,source/bands/mordheim/cult-of-the-possessed/profiles.yaml/@/profiles/1/equipment_restrictions/0/unclassified,F019,none,equipmentIssue refuses the armour/shield items reachable from the profile lists
source/bands/trollheim/trollheim-skaven-clan-eshin/profiles.yaml/@/profiles/5/equipment_restrictions/0/unclassified,bands/trollheim/trollheim-skaven-clan-eshin/profiles.yaml,current,YES,weapons/armour selection refused,combat unarmed/natural-attack consequence (C/D lot),covered,,legacy prose branch (buildRestriction profileSelections),index.ts equipmentIssue/skillIssue/equipmentSetIssues (batch construction contract),source re-extracted with the maintained export (build/audit/reconciliation/B/extract.py): 507/507 hash match; classification by code inspection,,,F019,none,equipmentIssue refuses the armour/shield items reachable from the profile lists
source/bands/trollheim/trollheim-skaven-clan-eshin/profiles.yaml/@/profiles/6/equipment_restrictions/0/unclassified,bands/trollheim/trollheim-skaven-clan-eshin/profiles.yaml,current,YES,weapons/armour selection refused,combat unarmed/natural-attack consequence (C/D lot),covered,,legacy prose branch (buildRestriction profileSelections),index.ts equipmentIssue/skillIssue/equipmentSetIssues (batch construction contract),source re-extracted with the maintained export (build/audit/reconciliation/B/extract.py): 507/507 hash match; classification by code inspection,,,F019,none,equipmentIssue refuses the armour/shield items reachable from the profile lists
source/bands/trollheim/trollheim-witch-hunters/profiles.yaml/@/profiles/3/equipment_restrictions/0/unclassified,bands/trollheim/trollheim-witch-hunters/profiles.yaml,current,YES,named equipment-list access: Flagellant,,covered,,profile.equipment_lists = flagellant-equipment-list,index.ts profileEquipmentItems/profileEquipment (declared lists + fixed kit),source re-extracted with the maintained export (build/audit/reconciliation/B/extract.py): 507/507 hash match; classification by code inspection,,,,none,profileEquipment offers exactly the named list
source/bands/trollheim/trollheim-witch-hunters/profiles.yaml/@/profiles/3/equipment_restrictions/1/unclassified,bands/trollheim/trollheim-witch-hunters/profiles.yaml,current,YES,missile/ranged weapon selection is refused,,covered,,compiler.no-missile-weapons,index.ts equipmentIssue/skillIssue/equipmentSetIssues (batch construction contract),source re-extracted with the maintained export (build/audit/reconciliation/B/extract.py): 507/507 hash match; classification by code inspection,,,F020,none,equipmentIssue refuses every reachable ranged item
source/bands/trollheim/trollheim-witch-hunters/profiles.yaml/@/profiles/4/equipment_restrictions/0/unclassified,bands/trollheim/trollheim-witch-hunters/profiles.yaml,current,YES,named equipment-list access: Zealot,,covered,,profile.equipment_lists = zealot-equipment-list,index.ts profileEquipmentItems/profileEquipment (declared lists + fixed kit),source re-extracted with the maintained export (build/audit/reconciliation/B/extract.py): 507/507 hash match; classification by code inspection,,,,none,profileEquipment offers exactly the named list
source/bands/trollheim/trollheim-witch-hunters/profiles.yaml/@/profiles/5/equipment_restrictions/0/unclassified,bands/trollheim/trollheim-witch-hunters/profiles.yaml,current,YES,weapons/armour selection refused,combat unarmed/natural-attack consequence (C/D lot),covered,,subsumed: no armour item reachable,index.ts equipmentIssue/skillIssue/equipmentSetIssues (batch construction contract),source re-extracted with the maintained export (build/audit/reconciliation/B/extract.py): 507/507 hash match; classification by code inspection,,,F019,none,equipmentIssue refuses the armour/shield items reachable from the profile lists
source/catalog/campaign/mutations.yaml/campaign.mutation.grant.aquatic-mutants/unclassified,catalog/campaign/mutations.yaml,current,NO,,"campaign mutation purchase (campaign catalogue, not the duel runtime)",out_of_scope,catalog/campaign/mutations.yaml/campaign.mutation.grant.aquatic-mutants,runtime.effects[].binding == null,mordheim_knowledge loader validate_rule_runtime,source re-extracted with the maintained export (build/audit/reconciliation/B/extract.py): 507/507 hash match; classification by code inspection,,,,none in B; campaign acquisition belongs to the campaign runtime,the mutation grant stays published campaign data
source/catalog/hirelings/dramatis-personae/grade-1c.yaml/@/profiles/0/unresolved_references/0/unclassified,catalog/hirelings/dramatis-personae/grade-1c.yaml,current,YES,source reference (random_profile): Belandysh M4 WS D6 BS0 S D6 T D6 W3 I D6 A D3 Ld10,,metadata_gap,catalog/hirelings/dramatis-personae/grade-1c.yaml profiles[hirelings].unresolved_references,none (recorded under unresolved_references),hireling projection refuses pending intrinsic references before compilation,source re-extracted with the maintained export (build/audit/reconciliation/B/extract.py): 507/507 hash match; classification by code inspection,unresolved random_profile reference: Belandysh M4 WS D6 BS0 S D6 T D6 W3 I D6 A D3 Ld10,,F036,resolve the random_profile reference to a canonical id or an explicit exclusion,the random_profile resolves to a canonical record and is offered by the hireling projection
source/catalog/hirelings/dramatis-personae/grade-1c.yaml/@/profiles/0/unresolved_references/1/unclassified,catalog/hirelings/dramatis-personae/grade-1c.yaml,current,NO,,mount/ridden clause (not simulated by the 1v1 duel runtime),out_of_scope,catalog/hirelings/dramatis-personae/grade-1c.yaml profiles[hirelings].unresolved_references,none (recorded under unresolved_references),hireling projection refuses pending intrinsic references before compilation,source re-extracted with the maintained export (build/audit/reconciliation/B/extract.py): 507/507 hash match; classification by code inspection,,,F036,none in B; the mount is outside the duel construction scope,the mount stays an explicit exclusion; the rider profile is the only participant
source/catalog/hirelings/dramatis-personae/grade-1c.yaml/@/profiles/0/unresolved_references/2/unclassified,catalog/hirelings/dramatis-personae/grade-1c.yaml,current,YES,source reference (skill): Ride Tol'Agath,,metadata_gap,catalog/hirelings/dramatis-personae/grade-1c.yaml profiles[hirelings].unresolved_references,none (recorded under unresolved_references),hireling projection refuses pending intrinsic references before compilation,source re-extracted with the maintained export (build/audit/reconciliation/B/extract.py): 507/507 hash match; classification by code inspection,unresolved skill reference: Ride Tol'Agath,,F036,resolve the skill reference to a canonical id or an explicit exclusion,the skill resolves to a canonical record and is offered by the hireling projection
source/catalog/hirelings/dramatis-personae/grade-1c.yaml/@/profiles/1/unresolved_references/0/unclassified,catalog/hirelings/dramatis-personae/grade-1c.yaml,current,YES,source reference (skill): Art of Silent Death,,metadata_gap,catalog/hirelings/dramatis-personae/grade-1c.yaml profiles[hirelings].unresolved_references,none (recorded under unresolved_references),hireling projection refuses pending intrinsic references before compilation,source re-extracted with the maintained export (build/audit/reconciliation/B/extract.py): 507/507 hash match; classification by code inspection,unresolved skill reference: Art of Silent Death,,F036,resolve the skill reference to a canonical id or an explicit exclusion,the skill resolves to a canonical record and is offered by the hireling projection
source/catalog/hirelings/dramatis-personae/grade-1c.yaml/@/profiles/1/unresolved_references/1/unclassified,catalog/hirelings/dramatis-personae/grade-1c.yaml,current,YES,source reference (skill_set): all Speed skills and Battle Monk special skills except Warmonger,,metadata_gap,catalog/hirelings/dramatis-personae/grade-1c.yaml profiles[hirelings].unresolved_references,none (recorded under unresolved_references),hireling projection refuses pending intrinsic references before compilation,source re-extracted with the maintained export (build/audit/reconciliation/B/extract.py): 507/507 hash match; classification by code inspection,unresolved skill_set reference: all Speed skills and Battle Monk special skills except Warmonger,,F036,resolve the skill_set reference to a canonical id or an explicit exclusion,the skill_set resolves to a canonical record and is offered by the hireling projection
source/catalog/hirelings/dramatis-personae/grade-1c.yaml/@/profiles/3/unresolved_references/0/unclassified,catalog/hirelings/dramatis-personae/grade-1c.yaml,current,YES,source reference (multi_loadout_persona): multiple selectable personas/equipment sets,,metadata_gap,catalog/hirelings/dramatis-personae/grade-1c.yaml profiles[hirelings].unresolved_references,none (recorded under unresolved_references),hireling projection refuses pending intrinsic references before compilation,source re-extracted with the maintained export (build/audit/reconciliation/B/extract.py): 507/507 hash match; classification by code inspection,unresolved multi_loadout_persona reference: multiple selectable personas/equipment sets,,F036,resolve the multi_loadout_persona reference to a canonical id or an explicit exclusion,the multi_loadout_persona resolves to a canonical record and is offered by the hireling projection
source/catalog/hirelings/dramatis-personae/grade-1c.yaml/@/profiles/5/unresolved_references/0/unclassified,catalog/hirelings/dramatis-personae/grade-1c.yaml,current,NO,,mount/ridden clause (not simulated by the 1v1 duel runtime),out_of_scope,catalog/hirelings/dramatis-personae/grade-1c.yaml profiles[hirelings].unresolved_references,none (recorded under unresolved_references),hireling projection refuses pending intrinsic references before compilation,source re-extracted with the maintained export (build/audit/reconciliation/B/extract.py): 507/507 hash match; classification by code inspection,,,F036,none in B; the mount is outside the duel construction scope,the mount stays an explicit exclusion; the rider profile is the only participant
source/catalog/hirelings/dramatis-personae/grade-1c.yaml/hireling.dramatis.belandysh-condemned-champion-of-chen.rule.tol-agath/unclassified,catalog/hirelings/dramatis-personae/grade-1c.yaml,current,NO,,mount/ridden clause (not simulated by the 1v1 duel runtime),out_of_scope,catalog/hirelings/dramatis-personae/grade-1c.yaml/hireling.dramatis.belandysh-condemned-champion-of-chen.rule.tol-agath,runtime.effects[].binding == null,mordheim_knowledge loader validate_rule_runtime,source re-extracted with the maintained export (build/audit/reconciliation/B/extract.py): 507/507 hash match; classification by code inspection,,,,none in B,the mount rule stays an explicit exclusion
source/catalog/hirelings/dramatis-personae/grade-1c.yaml/hireling.dramatis.luthor-wolfenbaum.rule.i-am-everywhere/unclassified,catalog/hirelings/dramatis-personae/grade-1c.yaml,current,YES,Uses source persona rule.,,metadata_gap,catalog/hirelings/dramatis-personae/grade-1c.yaml/hireling.dramatis.luthor-wolfenbaum.rule.i-am-everywhere,runtime.effects[].binding == null,mordheim_knowledge loader validate_rule_runtime,source re-extracted with the maintained export (build/audit/reconciliation/B/extract.py): 507/507 hash match; classification by code inspection,rule has no executable binding yet,,,classify the clause and bind it to a shared mechanic/trait/profile contract,the rule carries an executable binding honoured by the current consumer
source/catalog/hirelings/dramatis-personae/grade-1c.yaml/hireling.dramatis.maglah-khan-s-horde.rule.ride-giant-wolf/unclassified,catalog/hirelings/dramatis-personae/grade-1c.yaml,current,NO,,mount/ridden clause (not simulated by the 1v1 duel runtime),out_of_scope,catalog/hirelings/dramatis-personae/grade-1c.yaml/hireling.dramatis.maglah-khan-s-horde.rule.ride-giant-wolf,runtime.effects[].binding == null,mordheim_knowledge loader validate_rule_runtime,source re-extracted with the maintained export (build/audit/reconciliation/B/extract.py): 507/507 hash match; classification by code inspection,,,,none in B,the mount rule stays an explicit exclusion
source/catalog/hirelings/dramatis-personae/grade-2a.yaml/@/profiles/3/unresolved_references/0/unclassified,catalog/hirelings/dramatis-personae/grade-2a.yaml,current,YES,source reference (multi_profile_entity): Horseman M- WS4 BS5 S4 T4 W2 I6 A2 Ld8; Steed M8 WS2 BS0 S3 T4 W2 I2 A1 Ld5,,metadata_gap,catalog/hirelings/dramatis-personae/grade-2a.yaml profiles[hirelings].unresolved_references,none (recorded under unresolved_references),hireling projection refuses pending intrinsic references before compilation,source re-extracted with the maintained export (build/audit/reconciliation/B/extract.py): 507/507 hash match; classification by code inspection,unresolved multi_profile_entity reference: Horseman M- WS4 BS5 S4 T4 W2 I6 A2 Ld8; Steed M8 WS2 BS0 S3 T4 W2 I2 A1 Ld5,,F036,resolve the multi_profile_entity reference to a canonical id or an explicit exclusion,the multi_profile_entity resolves to a canonical record and is offered by the hireling projection
source/catalog/hirelings/dramatis-personae/grade-2a.yaml/@/profiles/6/unresolved_references/0/unclassified,catalog/hirelings/dramatis-personae/grade-2a.yaml,current,YES,source reference (skill): Ride Pantomime Horse,,metadata_gap,catalog/hirelings/dramatis-personae/grade-2a.yaml profiles[hirelings].unresolved_references,none (recorded under unresolved_references),hireling projection refuses pending intrinsic references before compilation,source re-extracted with the maintained export (build/audit/reconciliation/B/extract.py): 507/507 hash match; classification by code inspection,unresolved skill reference: Ride Pantomime Horse,,F036,resolve the skill reference to a canonical id or an explicit exclusion,the skill resolves to a canonical record and is offered by the hireling projection
source/catalog/hirelings/dramatis-personae/grade-2a.yaml/@/profiles/6/unresolved_references/2/unclassified,catalog/hirelings/dramatis-personae/grade-2a.yaml,current,NO,,mount/ridden clause (not simulated by the 1v1 duel runtime),out_of_scope,catalog/hirelings/dramatis-personae/grade-2a.yaml profiles[hirelings].unresolved_references,none (recorded under unresolved_references),hireling projection refuses pending intrinsic references before compilation,source re-extracted with the maintained export (build/audit/reconciliation/B/extract.py): 507/507 hash match; classification by code inspection,,,F036,none in B; the mount is outside the duel construction scope,the mount stays an explicit exclusion; the rider profile is the only participant
source/catalog/hirelings/dramatis-personae/grade-2a.yaml/hireling.dramatis.the-headless-horseman.rule.faithful-steed/unclassified,catalog/hirelings/dramatis-personae/grade-2a.yaml,current,NO,,mount/ridden clause (not simulated by the 1v1 duel runtime),out_of_scope,catalog/hirelings/dramatis-personae/grade-2a.yaml/hireling.dramatis.the-headless-horseman.rule.faithful-steed,runtime.effects[].binding == null,mordheim_knowledge loader validate_rule_runtime,source re-extracted with the maintained export (build/audit/reconciliation/B/extract.py): 507/507 hash match; classification by code inspection,,,,none in B,the mount rule stays an explicit exclusion
source/catalog/hirelings/dramatis-personae/grade-2a.yaml/hireling.dramatis.william-schakestange-master-bard.rule.pantomime-horse/unclassified,catalog/hirelings/dramatis-personae/grade-2a.yaml,current,NO,,mount/ridden clause (not simulated by the 1v1 duel runtime),out_of_scope,catalog/hirelings/dramatis-personae/grade-2a.yaml/hireling.dramatis.william-schakestange-master-bard.rule.pantomime-horse,runtime.effects[].binding == null,mordheim_knowledge loader validate_rule_runtime,source re-extracted with the maintained export (build/audit/reconciliation/B/extract.py): 507/507 hash match; classification by code inspection,,,,none in B,the mount rule stays an explicit exclusion
source/catalog/hirelings/dramatis-personae/grade-2b.yaml/@/profiles/0/equipment/fixed_items/0/notes/unclassified,catalog/hirelings/dramatis-personae/grade-2b.yaml,current,YES,printed kit item resolved to a canonical record,,covered,catalog/hirelings/dramatis-personae/grade-2b.yaml profiles[hirelings].equipment.fixed_items[@],structured equipment.fixed_items[].item_id,index.ts resolveHirelingKit/hirelingKit + profileFactsProjection fixed_equipment,source re-extracted with the maintained export (build/audit/reconciliation/B/extract.py): 507/507 hash match; classification by code inspection,,,F036,none,the structured fixed item matches the printed kit
source/catalog/hirelings/dramatis-personae/grade-2b.yaml/@/profiles/2/equipment/fixed_items/0/notes/unclassified,catalog/hirelings/dramatis-personae/grade-2b.yaml,current,YES,printed kit item resolved to a canonical record,,covered,catalog/hirelings/dramatis-personae/grade-2b.yaml profiles[hirelings].equipment.fixed_items[@],structured equipment.fixed_items[].item_id,index.ts resolveHirelingKit/hirelingKit + profileFactsProjection fixed_equipment,source re-extracted with the maintained export (build/audit/reconciliation/B/extract.py): 507/507 hash match; classification by code inspection,,,F036,none,the structured fixed item matches the printed kit
source/catalog/hirelings/dramatis-personae/grade-2b.yaml/@/profiles/2/equipment/fixed_items/1/notes/unclassified,catalog/hirelings/dramatis-personae/grade-2b.yaml,current,YES,printed kit item resolved to a canonical record,,covered,catalog/hirelings/dramatis-personae/grade-2b.yaml profiles[hirelings].equipment.fixed_items[@],structured equipment.fixed_items[].item_id,index.ts resolveHirelingKit/hirelingKit + profileFactsProjection fixed_equipment,source re-extracted with the maintained export (build/audit/reconciliation/B/extract.py): 507/507 hash match; classification by code inspection,,,F036,none,the structured fixed item matches the printed kit
source/catalog/hirelings/dramatis-personae/rules.yaml/hireling.dramatis.rule.fixed-equipment/unclassified,catalog/hirelings/dramatis-personae/rules.yaml,current,YES,"A special character's equipment is personal, cannot be transferred to other warriors, and extra equipment cannot be bought for the character.",,metadata_gap,catalog/hirelings/dramatis-personae/rules.yaml/hireling.dramatis.rule.fixed-equipment,runtime.effects[].binding == null,mordheim_knowledge loader validate_rule_runtime,source re-extracted with the maintained export (build/audit/reconciliation/B/extract.py): 507/507 hash match; classification by code inspection,rule has no executable binding yet,,,classify the clause and bind it to a shared mechanic/trait/profile contract,the rule carries an executable binding honoured by the current consumer
source/catalog/hirelings/hired-swords/grade-1a.yaml/@/profiles/4/unresolved_references/0/unclassified,catalog/hirelings/hired-swords/grade-1a.yaml,current,YES,source reference (equipment_mapping): three Torches,,metadata_gap,catalog/hirelings/hired-swords/grade-1a.yaml profiles[hirelings].unresolved_references,none (recorded under unresolved_references),hireling projection refuses pending intrinsic references before compilation,source re-extracted with the maintained export (build/audit/reconciliation/B/extract.py): 507/507 hash match; classification by code inspection,unresolved equipment_mapping reference: three Torches,,F036,resolve the equipment_mapping reference to a canonical id or an explicit exclusion,the equipment_mapping resolves to a canonical record and is offered by the hireling projection
source/catalog/hirelings/hired-swords/grade-1b.yaml/@/profiles/11/unresolved_references/0/unclassified,catalog/hirelings/hired-swords/grade-1b.yaml,current,YES,source reference (equipment_choice): heavy chain (counts as flail) or two Hammers/Clubs,,metadata_gap,catalog/hirelings/hired-swords/grade-1b.yaml profiles[hirelings].unresolved_references,none (recorded under unresolved_references),hireling projection refuses pending intrinsic references before compilation,source re-extracted with the maintained export (build/audit/reconciliation/B/extract.py): 507/507 hash match; classification by code inspection,unresolved equipment_choice reference: heavy chain (counts as flail) or two Hammers/Clubs,,F036,resolve the equipment_choice reference to a canonical id or an explicit exclusion,the equipment_choice resolves to a canonical record and is offered by the hireling projection
source/catalog/hirelings/hired-swords/grade-1b.yaml/@/profiles/17/unresolved_references/0/unclassified,catalog/hirelings/hired-swords/grade-1b.yaml,current,YES,source reference (equipment_choice): Sword or Axe,,metadata_gap,catalog/hirelings/hired-swords/grade-1b.yaml profiles[hirelings].unresolved_references,none (recorded under unresolved_references),hireling projection refuses pending intrinsic references before compilation,source re-extracted with the maintained export (build/audit/reconciliation/B/extract.py): 507/507 hash match; classification by code inspection,unresolved equipment_choice reference: Sword or Axe,,F036,resolve the equipment_choice reference to a canonical id or an explicit exclusion,the equipment_choice resolves to a canonical record and is offered by the hireling projection
source/catalog/hirelings/hired-swords/grade-1b.yaml/@/profiles/2/unresolved_references/0/unclassified,catalog/hirelings/hired-swords/grade-1b.yaml,current,YES,source reference (equipment_choice): two Axes or Double-handed Weapon,,metadata_gap,catalog/hirelings/hired-swords/grade-1b.yaml profiles[hirelings].unresolved_references,none (recorded under unresolved_references),hireling projection refuses pending intrinsic references before compilation,source re-extracted with the maintained export (build/audit/reconciliation/B/extract.py): 507/507 hash match; classification by code inspection,unresolved equipment_choice reference: two Axes or Double-handed Weapon,,F036,resolve the equipment_choice reference to a canonical id or an explicit exclusion,the equipment_choice resolves to a canonical record and is offered by the hireling projection
source/catalog/hirelings/hired-swords/grade-1b.yaml/@/profiles/28/unresolved_references/0/unclassified,catalog/hirelings/hired-swords/grade-1b.yaml,current,YES,source reference (equipment_choice): Duelling Pistol or Crossbow Pistol,,metadata_gap,catalog/hirelings/hired-swords/grade-1b.yaml profiles[hirelings].unresolved_references,none (recorded under unresolved_references),hireling projection refuses pending intrinsic references before compilation,source re-extracted with the maintained export (build/audit/reconciliation/B/extract.py): 507/507 hash match; classification by code inspection,unresolved equipment_choice reference: Duelling Pistol or Crossbow Pistol,,F036,resolve the equipment_choice reference to a canonical id or an explicit exclusion,the equipment_choice resolves to a canonical record and is offered by the hireling projection
source/catalog/hirelings/hired-swords/grade-1b.yaml/@/profiles/29/unresolved_references/1/unclassified,catalog/hirelings/hired-swords/grade-1b.yaml,current,YES,source reference (equipment_restriction): blunt weapons only except dagger; no armour except white wolf cloak,,metadata_gap,catalog/hirelings/hired-swords/grade-1b.yaml profiles[hirelings].unresolved_references,none (recorded under unresolved_references),hireling projection refuses pending intrinsic references before compilation,source re-extracted with the maintained export (build/audit/reconciliation/B/extract.py): 507/507 hash match; classification by code inspection,unresolved equipment_restriction reference: blunt weapons only except dagger; no armour except white wolf cloak,,F036,resolve the equipment_restriction reference to a canonical id or an explicit exclusion,the equipment_restriction resolves to a canonical record and is offered by the hireling projection
source/catalog/hirelings/hired-swords/grade-1b.yaml/@/profiles/3/unresolved_references/0/unclassified,catalog/hirelings/hired-swords/grade-1b.yaml,current,YES,source reference (equipment_mapping): Lantern,,metadata_gap,catalog/hirelings/hired-swords/grade-1b.yaml profiles[hirelings].unresolved_references,none (recorded under unresolved_references),hireling projection refuses pending intrinsic references before compilation,source re-extracted with the maintained export (build/audit/reconciliation/B/extract.py): 507/507 hash match; classification by code inspection,unresolved equipment_mapping reference: Lantern,,F036,resolve the equipment_mapping reference to a canonical id or an explicit exclusion,the equipment_mapping resolves to a canonical record and is offered by the hireling projection
source/catalog/hirelings/hired-swords/grade-1b.yaml/@/profiles/6/unresolved_references/0/unclassified,catalog/hirelings/hired-swords/grade-1b.yaml,current,YES,source reference (equipment_mapping): Repeater Crossbow,,metadata_gap,catalog/hirelings/hired-swords/grade-1b.yaml profiles[hirelings].unresolved_references,none (recorded under unresolved_references),hireling projection refuses pending intrinsic references before compilation,source re-extracted with the maintained export (build/audit/reconciliation/B/extract.py): 507/507 hash match; classification by code inspection,unresolved equipment_mapping reference: Repeater Crossbow,,F036,resolve the equipment_mapping reference to a canonical id or an explicit exclusion,the equipment_mapping resolves to a canonical record and is offered by the hireling projection
source/catalog/hirelings/hired-swords/grade-2b.yaml/@/profiles/10/equipment/fixed_items/0/notes/unclassified,catalog/hirelings/hired-swords/grade-2b.yaml,current,YES,printed kit item resolved to a canonical record,,covered,catalog/hirelings/hired-swords/grade-2b.yaml profiles[hirelings].equipment.fixed_items[@],structured equipment.fixed_items[].item_id,index.ts resolveHirelingKit/hirelingKit + profileFactsProjection fixed_equipment,source re-extracted with the maintained export (build/audit/reconciliation/B/extract.py): 507/507 hash match; classification by code inspection,,,F036,none,the structured fixed item matches the printed kit
source/catalog/hirelings/hired-swords/grade-2b.yaml/@/profiles/10/equipment/fixed_items/3/notes/unclassified,catalog/hirelings/hired-swords/grade-2b.yaml,current,YES,a printed fixed item has no canonical item record,,metadata_gap,catalog/hirelings/hired-swords/grade-2b.yaml profiles[hirelings].equipment.fixed_items[@],none (item id absent from catalog/items),index.ts resolveHirelingKit / equipmentIssue equipment_unknown_item,source re-extracted with the maintained export (build/audit/reconciliation/B/extract.py): 507/507 hash match; classification by code inspection,"MiM-specific item (see the Candle Tree rule); no KB or 2B catalog equivalent — deliberate dangling ref, define at promotion.",,F036,add the item record or an explicit governed placeholder,resolveHirelingKit resolves the fixed item to a canonical record
source/catalog/hirelings/hired-swords/grade-2b.yaml/@/profiles/11/equipment/fixed_items/0/notes/unclassified,catalog/hirelings/hired-swords/grade-2b.yaml,current,YES,printed kit item resolved to a canonical record,,covered,catalog/hirelings/hired-swords/grade-2b.yaml profiles[hirelings].equipment.fixed_items[@],structured equipment.fixed_items[].item_id,index.ts resolveHirelingKit/hirelingKit + profileFactsProjection fixed_equipment,source re-extracted with the maintained export (build/audit/reconciliation/B/extract.py): 507/507 hash match; classification by code inspection,,,F036,none,the structured fixed item matches the printed kit
source/catalog/hirelings/hired-swords/grade-2b.yaml/@/profiles/11/equipment/fixed_items/1/notes/unclassified,catalog/hirelings/hired-swords/grade-2b.yaml,current,YES,printed kit item resolved to a canonical record,,covered,catalog/hirelings/hired-swords/grade-2b.yaml profiles[hirelings].equipment.fixed_items[@],structured equipment.fixed_items[].item_id,index.ts resolveHirelingKit/hirelingKit + profileFactsProjection fixed_equipment,source re-extracted with the maintained export (build/audit/reconciliation/B/extract.py): 507/507 hash match; classification by code inspection,,,F036,none,the structured fixed item matches the printed kit
source/catalog/hirelings/hired-swords/grade-2b.yaml/@/profiles/12/equipment/fixed_items/0/notes/unclassified,catalog/hirelings/hired-swords/grade-2b.yaml,current,YES,printed kit item resolved to a canonical record,,covered,catalog/hirelings/hired-swords/grade-2b.yaml profiles[hirelings].equipment.fixed_items[@],structured equipment.fixed_items[].item_id,index.ts resolveHirelingKit/hirelingKit + profileFactsProjection fixed_equipment,source re-extracted with the maintained export (build/audit/reconciliation/B/extract.py): 507/507 hash match; classification by code inspection,,,F036,none,the structured fixed item matches the printed kit
source/catalog/hirelings/hired-swords/grade-2b.yaml/@/profiles/13/equipment/fixed_items/0/notes/unclassified,catalog/hirelings/hired-swords/grade-2b.yaml,current,YES,printed kit item resolved to a canonical record,,covered,catalog/hirelings/hired-swords/grade-2b.yaml profiles[hirelings].equipment.fixed_items[@],structured equipment.fixed_items[].item_id,index.ts resolveHirelingKit/hirelingKit + profileFactsProjection fixed_equipment,source re-extracted with the maintained export (build/audit/reconciliation/B/extract.py): 507/507 hash match; classification by code inspection,,,F036,none,the structured fixed item matches the printed kit
source/catalog/hirelings/hired-swords/grade-2b.yaml/@/profiles/14/equipment/fixed_items/0/notes/unclassified,catalog/hirelings/hired-swords/grade-2b.yaml,current,YES,printed kit item resolved to a canonical record,,covered,catalog/hirelings/hired-swords/grade-2b.yaml profiles[hirelings].equipment.fixed_items[@],structured equipment.fixed_items[].item_id,index.ts resolveHirelingKit/hirelingKit + profileFactsProjection fixed_equipment,source re-extracted with the maintained export (build/audit/reconciliation/B/extract.py): 507/507 hash match; classification by code inspection,,,F036,none,the structured fixed item matches the printed kit
source/catalog/hirelings/hired-swords/grade-2b.yaml/@/profiles/15/equipment/fixed_items/0/notes/unclassified,catalog/hirelings/hired-swords/grade-2b.yaml,current,YES,printed kit item resolved to a canonical record,,covered,catalog/hirelings/hired-swords/grade-2b.yaml profiles[hirelings].equipment.fixed_items[@],structured equipment.fixed_items[].item_id,index.ts resolveHirelingKit/hirelingKit + profileFactsProjection fixed_equipment,source re-extracted with the maintained export (build/audit/reconciliation/B/extract.py): 507/507 hash match; classification by code inspection,,,F036,none,the structured fixed item matches the printed kit
source/catalog/hirelings/hired-swords/grade-2b.yaml/@/profiles/15/equipment/fixed_items/1/notes/unclassified,catalog/hirelings/hired-swords/grade-2b.yaml,current,YES,printed kit item resolved to a canonical record,,covered,catalog/hirelings/hired-swords/grade-2b.yaml profiles[hirelings].equipment.fixed_items[@],structured equipment.fixed_items[].item_id,index.ts resolveHirelingKit/hirelingKit + profileFactsProjection fixed_equipment,source re-extracted with the maintained export (build/audit/reconciliation/B/extract.py): 507/507 hash match; classification by code inspection,,,F036,none,the structured fixed item matches the printed kit
source/catalog/hirelings/hired-swords/grade-2b.yaml/@/profiles/15/equipment/fixed_items/2/notes/unclassified,catalog/hirelings/hired-swords/grade-2b.yaml,current,YES,printed kit item resolved to a canonical record,,covered,catalog/hirelings/hired-swords/grade-2b.yaml profiles[hirelings].equipment.fixed_items[@],structured equipment.fixed_items[].item_id,index.ts resolveHirelingKit/hirelingKit + profileFactsProjection fixed_equipment,source re-extracted with the maintained export (build/audit/reconciliation/B/extract.py): 507/507 hash match; classification by code inspection,,,F036,none,the structured fixed item matches the printed kit
source/catalog/hirelings/hired-swords/grade-2b.yaml/@/profiles/16/equipment/fixed_items/0/notes/unclassified,catalog/hirelings/hired-swords/grade-2b.yaml,current,YES,printed kit item resolved to a canonical record,,covered,catalog/hirelings/hired-swords/grade-2b.yaml profiles[hirelings].equipment.fixed_items[@],structured equipment.fixed_items[].item_id,index.ts resolveHirelingKit/hirelingKit + profileFactsProjection fixed_equipment,source re-extracted with the maintained export (build/audit/reconciliation/B/extract.py): 507/507 hash match; classification by code inspection,,,F036,none,the structured fixed item matches the printed kit
source/catalog/hirelings/hired-swords/grade-2b.yaml/@/profiles/16/equipment/fixed_items/1/notes/unclassified,catalog/hirelings/hired-swords/grade-2b.yaml,current,YES,printed kit item resolved to a canonical record,,covered,catalog/hirelings/hired-swords/grade-2b.yaml profiles[hirelings].equipment.fixed_items[@],structured equipment.fixed_items[].item_id,index.ts resolveHirelingKit/hirelingKit + profileFactsProjection fixed_equipment,source re-extracted with the maintained export (build/audit/reconciliation/B/extract.py): 507/507 hash match; classification by code inspection,,,F036,none,the structured fixed item matches the printed kit
source/catalog/hirelings/hired-swords/grade-2b.yaml/@/profiles/17/equipment/fixed_items/0/notes/unclassified,catalog/hirelings/hired-swords/grade-2b.yaml,current,YES,printed kit item resolved to a canonical record,,covered,catalog/hirelings/hired-swords/grade-2b.yaml profiles[hirelings].equipment.fixed_items[@],structured equipment.fixed_items[].item_id,index.ts resolveHirelingKit/hirelingKit + profileFactsProjection fixed_equipment,source re-extracted with the maintained export (build/audit/reconciliation/B/extract.py): 507/507 hash match; classification by code inspection,,,F036,none,the structured fixed item matches the printed kit
source/catalog/hirelings/hired-swords/grade-2b.yaml/@/profiles/18/equipment/fixed_items/0/notes/unclassified,catalog/hirelings/hired-swords/grade-2b.yaml,current,YES,printed kit item resolved to a canonical record,,covered,catalog/hirelings/hired-swords/grade-2b.yaml profiles[hirelings].equipment.fixed_items[@],structured equipment.fixed_items[].item_id,index.ts resolveHirelingKit/hirelingKit + profileFactsProjection fixed_equipment,source re-extracted with the maintained export (build/audit/reconciliation/B/extract.py): 507/507 hash match; classification by code inspection,,,F036,none,the structured fixed item matches the printed kit
source/catalog/hirelings/hired-swords/grade-2b.yaml/@/profiles/19/equipment/fixed_items/0/notes/unclassified,catalog/hirelings/hired-swords/grade-2b.yaml,current,YES,printed kit item resolved to a canonical record,,covered,catalog/hirelings/hired-swords/grade-2b.yaml profiles[hirelings].equipment.fixed_items[@],structured equipment.fixed_items[].item_id,index.ts resolveHirelingKit/hirelingKit + profileFactsProjection fixed_equipment,source re-extracted with the maintained export (build/audit/reconciliation/B/extract.py): 507/507 hash match; classification by code inspection,,,F036,none,the structured fixed item matches the printed kit
source/catalog/hirelings/hired-swords/grade-2b.yaml/@/profiles/2/equipment/fixed_items/2/notes/unclassified,catalog/hirelings/hired-swords/grade-2b.yaml,current,YES,printed kit item resolved to a canonical record,,covered,catalog/hirelings/hired-swords/grade-2b.yaml profiles[hirelings].equipment.fixed_items[@],structured equipment.fixed_items[].item_id,index.ts resolveHirelingKit/hirelingKit + profileFactsProjection fixed_equipment,source re-extracted with the maintained export (build/audit/reconciliation/B/extract.py): 507/507 hash match; classification by code inspection,,,F036,none,the structured fixed item matches the printed kit
source/catalog/hirelings/hired-swords/grade-2b.yaml/@/profiles/2/equipment/fixed_items/3/notes/unclassified,catalog/hirelings/hired-swords/grade-2b.yaml,current,YES,printed kit item resolved to a canonical record,,covered,catalog/hirelings/hired-swords/grade-2b.yaml profiles[hirelings].equipment.fixed_items[@],structured equipment.fixed_items[].item_id,index.ts resolveHirelingKit/hirelingKit + profileFactsProjection fixed_equipment,source re-extracted with the maintained export (build/audit/reconciliation/B/extract.py): 507/507 hash match; classification by code inspection,,,F036,none,the structured fixed item matches the printed kit
source/catalog/hirelings/hired-swords/grade-2b.yaml/@/profiles/20/equipment/fixed_items/0/notes/unclassified,catalog/hirelings/hired-swords/grade-2b.yaml,current,YES,printed kit item resolved to a canonical record,,covered,catalog/hirelings/hired-swords/grade-2b.yaml profiles[hirelings].equipment.fixed_items[@],structured equipment.fixed_items[].item_id,index.ts resolveHirelingKit/hirelingKit + profileFactsProjection fixed_equipment,source re-extracted with the maintained export (build/audit/reconciliation/B/extract.py): 507/507 hash match; classification by code inspection,,,F036,none,the structured fixed item matches the printed kit
source/catalog/hirelings/hired-swords/grade-2b.yaml/@/profiles/20/equipment/fixed_items/1/notes/unclassified,catalog/hirelings/hired-swords/grade-2b.yaml,current,YES,printed kit item resolved to a canonical record,,covered,catalog/hirelings/hired-swords/grade-2b.yaml profiles[hirelings].equipment.fixed_items[@],structured equipment.fixed_items[].item_id,index.ts resolveHirelingKit/hirelingKit + profileFactsProjection fixed_equipment,source re-extracted with the maintained export (build/audit/reconciliation/B/extract.py): 507/507 hash match; classification by code inspection,,,F036,none,the structured fixed item matches the printed kit
source/catalog/hirelings/hired-swords/grade-2b.yaml/@/profiles/21/equipment/fixed_items/0/notes/unclassified,catalog/hirelings/hired-swords/grade-2b.yaml,current,YES,printed kit item resolved to a canonical record,,covered,catalog/hirelings/hired-swords/grade-2b.yaml profiles[hirelings].equipment.fixed_items[@],structured equipment.fixed_items[].item_id,index.ts resolveHirelingKit/hirelingKit + profileFactsProjection fixed_equipment,source re-extracted with the maintained export (build/audit/reconciliation/B/extract.py): 507/507 hash match; classification by code inspection,,,F036,none,the structured fixed item matches the printed kit
source/catalog/hirelings/hired-swords/grade-2b.yaml/@/profiles/22/equipment/fixed_items/0/notes/unclassified,catalog/hirelings/hired-swords/grade-2b.yaml,current,YES,printed kit item resolved to a canonical record,,covered,catalog/hirelings/hired-swords/grade-2b.yaml profiles[hirelings].equipment.fixed_items[@],structured equipment.fixed_items[].item_id,index.ts resolveHirelingKit/hirelingKit + profileFactsProjection fixed_equipment,source re-extracted with the maintained export (build/audit/reconciliation/B/extract.py): 507/507 hash match; classification by code inspection,,,F036,none,the structured fixed item matches the printed kit
source/catalog/hirelings/hired-swords/grade-2b.yaml/@/profiles/22/equipment/fixed_items/1/notes/unclassified,catalog/hirelings/hired-swords/grade-2b.yaml,current,YES,printed kit item resolved to a canonical record,,covered,catalog/hirelings/hired-swords/grade-2b.yaml profiles[hirelings].equipment.fixed_items[@],structured equipment.fixed_items[].item_id,index.ts resolveHirelingKit/hirelingKit + profileFactsProjection fixed_equipment,source re-extracted with the maintained export (build/audit/reconciliation/B/extract.py): 507/507 hash match; classification by code inspection,,,F036,none,the structured fixed item matches the printed kit
source/catalog/hirelings/hired-swords/grade-2b.yaml/@/profiles/3/equipment/fixed_items/0/notes/unclassified,catalog/hirelings/hired-swords/grade-2b.yaml,current,YES,printed kit item resolved to a canonical record,,covered,catalog/hirelings/hired-swords/grade-2b.yaml profiles[hirelings].equipment.fixed_items[@],structured equipment.fixed_items[].item_id,index.ts resolveHirelingKit/hirelingKit + profileFactsProjection fixed_equipment,source re-extracted with the maintained export (build/audit/reconciliation/B/extract.py): 507/507 hash match; classification by code inspection,,,F036,none,the structured fixed item matches the printed kit
source/catalog/hirelings/hired-swords/grade-2b.yaml/@/profiles/3/equipment/fixed_items/1/notes/unclassified,catalog/hirelings/hired-swords/grade-2b.yaml,current,YES,printed kit item resolved to a canonical record,,covered,catalog/hirelings/hired-swords/grade-2b.yaml profiles[hirelings].equipment.fixed_items[@],structured equipment.fixed_items[].item_id,index.ts resolveHirelingKit/hirelingKit + profileFactsProjection fixed_equipment,source re-extracted with the maintained export (build/audit/reconciliation/B/extract.py): 507/507 hash match; classification by code inspection,,,F036,none,the structured fixed item matches the printed kit
source/catalog/hirelings/hired-swords/grade-2b.yaml/@/profiles/3/equipment/fixed_items/2/notes/unclassified,catalog/hirelings/hired-swords/grade-2b.yaml,current,YES,printed kit item resolved to a canonical record,,covered,catalog/hirelings/hired-swords/grade-2b.yaml profiles[hirelings].equipment.fixed_items[@],structured equipment.fixed_items[].item_id,index.ts resolveHirelingKit/hirelingKit + profileFactsProjection fixed_equipment,source re-extracted with the maintained export (build/audit/reconciliation/B/extract.py): 507/507 hash match; classification by code inspection,,,F036,none,the structured fixed item matches the printed kit
source/catalog/hirelings/hired-swords/grade-2b.yaml/@/profiles/4/equipment/fixed_items/0/notes/unclassified,catalog/hirelings/hired-swords/grade-2b.yaml,current,YES,a printed fixed item has no canonical item record,,metadata_gap,catalog/hirelings/hired-swords/grade-2b.yaml profiles[hirelings].equipment.fixed_items[@],none (item id absent from catalog/items),index.ts resolveHirelingKit / equipmentIssue equipment_unknown_item,source re-extracted with the maintained export (build/audit/reconciliation/B/extract.py): 507/507 hash match; classification by code inspection,"Counts as an axe; MiM-specific item, no KB equivalent — deliberate dangling ref, define at promotion if ever needed mechanically.",,F036,add the item record or an explicit governed placeholder,resolveHirelingKit resolves the fixed item to a canonical record
source/catalog/hirelings/hired-swords/grade-2b.yaml/@/profiles/6/equipment/fixed_items/1/notes/unclassified,catalog/hirelings/hired-swords/grade-2b.yaml,current,YES,printed kit item resolved to a canonical record,,covered,catalog/hirelings/hired-swords/grade-2b.yaml profiles[hirelings].equipment.fixed_items[@],structured equipment.fixed_items[].item_id,index.ts resolveHirelingKit/hirelingKit + profileFactsProjection fixed_equipment,source re-extracted with the maintained export (build/audit/reconciliation/B/extract.py): 507/507 hash match; classification by code inspection,,,F036,none,the structured fixed item matches the printed kit
