id,source_file,effect_sha256,scope,category,reason,related_target,effect_text
source/bands/mordheim/battle-monks-of-cathay/profiles.yaml/@/profiles/1/equipment_restrictions/0/unclassified,bands/mordheim/battle-monks-of-cathay/profiles.yaml,c06269da77f2c001eac517e464e311ff81d5a1ce7912edac8e7fc2fa971b7d4d,YES,construction,"Printed kit/access, hand/armour restriction or intrinsic unarmed attack affects the constructed melee duelist; any movement/campaign clauses remain excluded.",,May only select weapons from the Soldier Equipment List.
source/bands/mordheim/beastmen-raiders/profiles.yaml/@/profiles/2/equipment_restrictions/0/unclassified,bands/mordheim/beastmen-raiders/profiles.yaml,55695ed243194ea3ae947e21e79b4a5cc4b6de74a24639c433f7b7a7f501b4d4,YES,construction,"Printed kit/access, hand/armour restriction or intrinsic unarmed attack affects the constructed melee duelist; any movement/campaign clauses remain excluded.",,May select weapons from the Beastmen Equipment List; armour is not allowed.
source/bands/mordheim/black-dwarfs/profiles.yaml/@/profiles/0/equipment_restrictions/0/unclassified,bands/mordheim/black-dwarfs/profiles.yaml,dadf7544d44a7204086ca53d05688845b575bce920893250b3807dd15385cefb,YES,construction,"Printed kit/access, hand/armour restriction or intrinsic unarmed attack affects the constructed melee duelist; any movement/campaign clauses remain excluded.",,May select weapons from the Chaos Dwarf Equipment List; the profile entry does not allow armour.
source/bands/mordheim/black-dwarfs/profiles.yaml/@/profiles/1/equipment_restrictions/0/unclassified,bands/mordheim/black-dwarfs/profiles.yaml,ffe5ac6ab252eb26cdbc42ada507e8061a2289d9b81d47aa23df38ed039aacd5,YES,construction,"Printed kit/access, hand/armour restriction or intrinsic unarmed attack affects the constructed melee duelist; any movement/campaign clauses remain excluded.",,"May select weapons and armour from the Chaos Dwarf Equipment List, but may never use missile weapons."
source/bands/mordheim/black-orcs/profiles.yaml/@/profiles/2/equipment_restrictions/0/unclassified,bands/mordheim/black-orcs/profiles.yaml,aba7d7b51dfab8050a630e4243901da42c6a8a2cecfbb5ca0672dedc4d10cb46,YES,construction,"Printed kit/access, hand/armour restriction or intrinsic unarmed attack affects the constructed melee duelist; any movement/campaign clauses remain excluded.",,"May use the Henchmen List, but Double-handed weapons are for Boyz and Nuttaz only and Crossbows are for Shootaz only."
source/bands/mordheim/black-orcs/profiles.yaml/@/profiles/3/equipment_restrictions/0/unclassified,bands/mordheim/black-orcs/profiles.yaml,5f14ab45097803d15d605def6a4bcd757f488db75a190e9263b70bd96b0f74f6,YES,construction,"Printed kit/access, hand/armour restriction or intrinsic unarmed attack affects the constructed melee duelist; any movement/campaign clauses remain excluded.",,May not use Crossbows; they are restricted to Shootaz.
source/bands/mordheim/black-orcs/profiles.yaml/@/profiles/4/equipment_restrictions/0/unclassified,bands/mordheim/black-orcs/profiles.yaml,f8dc9ecbe64966e9b7073f28f77ae412fbd868585f1abc2a7a887b74ec304303,YES,construction,"Printed kit/access, hand/armour restriction or intrinsic unarmed attack affects the constructed melee duelist; any movement/campaign clauses remain excluded.",,May not use Double-handed weapons; they are restricted to Boyz and Nuttaz.
source/bands/mordheim/black-orcs/profiles.yaml/@/profiles/6/equipment_restrictions/0/unclassified,bands/mordheim/black-orcs/profiles.yaml,2fee864d92549f8ba904e3019e021e9c21396791c669f3045f5847934614c142,YES,construction,"Printed kit/access, hand/armour restriction or intrinsic unarmed attack affects the constructed melee duelist; any movement/campaign clauses remain excluded.",,Trolls can never be given weapons or armour.
source/bands/mordheim/blood-dragons-mou/equipment-access.yaml/@/equipment_lists/0/items/12/notes/unclassified,bands/mordheim/blood-dragons-mou/equipment-access.yaml,8b94929ddad94581eef05b5825a6d7a213336d70fc5c2c9de395a95a82f126fa,YES,construction,Bearer/slot/combination restriction or explicit equipment equivalence affects construction of a legal duelist; pricing and shooting execution are excluded.,,Vampire Only Vampire only.
source/bands/mordheim/blood-dragons-mou/equipment-access.yaml/@/equipment_lists/0/items/13/notes/unclassified,bands/mordheim/blood-dragons-mou/equipment-access.yaml,8b94929ddad94581eef05b5825a6d7a213336d70fc5c2c9de395a95a82f126fa,YES,construction,Bearer/slot/combination restriction or explicit equipment equivalence affects construction of a legal duelist; pricing and shooting execution are excluded.,,Vampire Only Vampire only.
source/bands/mordheim/blood-dragons-mou/profiles.yaml/@/profiles/0/equipment_restrictions/0/unclassified,bands/mordheim/blood-dragons-mou/profiles.yaml,613279e22a08b4c57b78bcbf001a56222b0e80bf3558c36d4c41e1d19159ca1c,YES,construction,"Printed kit/access, hand/armour restriction or intrinsic unarmed attack affects the constructed melee duelist; any movement/campaign clauses remain excluded.",,May not use missile weapons.
source/bands/mordheim/blood-dragons-mou/profiles.yaml/@/profiles/1/equipment_restrictions/0/unclassified,bands/mordheim/blood-dragons-mou/profiles.yaml,613279e22a08b4c57b78bcbf001a56222b0e80bf3558c36d4c41e1d19159ca1c,YES,construction,"Printed kit/access, hand/armour restriction or intrinsic unarmed attack affects the constructed melee duelist; any movement/campaign clauses remain excluded.",,May not use missile weapons.
source/bands/mordheim/blood-dragons-mou/profiles.yaml/@/profiles/5/equipment_restrictions/0/unclassified,bands/mordheim/blood-dragons-mou/profiles.yaml,6216d28902d86fd7acb89ee669be2ff790b2b8eeebcdb3a3359d89f071593c94,YES,construction,"Printed kit/access, hand/armour restriction or intrinsic unarmed attack affects the constructed melee duelist; any movement/campaign clauses remain excluded.",,Animals cannot use weapons or armour.
source/bands/mordheim/bretonnian-buccaneers-sar/equipment-access.yaml/@/equipment_lists/0/items/1/notes/unclassified,bands/mordheim/bretonnian-buccaneers-sar/equipment-access.yaml,2b037a2ec00aea05acc9e6c8eafa5a189dca06b0fbd1c27536e9f3a8b0e2eaf2,YES,construction,Bearer/slot/combination restriction or explicit equipment equivalence affects construction of a legal duelist; pricing and shooting execution are excluded.,,Hammer/Mace
source/bands/mordheim/bretonnian-buccaneers-sar/equipment-access.yaml/@/equipment_lists/0/items/4/notes/unclassified,bands/mordheim/bretonnian-buccaneers-sar/equipment-access.yaml,90583feeab9764ccd61a58404cd743db80ea9c60ffdf97290ebebecc4e808522,YES,construction,Bearer/slot/combination restriction or explicit equipment equivalence affects construction of a legal duelist; pricing and shooting execution are excluded.,,Heroes only
source/bands/mordheim/bretonnian-buccaneers-sar/equipment-access.yaml/@/equipment_lists/1/items/1/notes/unclassified,bands/mordheim/bretonnian-buccaneers-sar/equipment-access.yaml,2b037a2ec00aea05acc9e6c8eafa5a189dca06b0fbd1c27536e9f3a8b0e2eaf2,YES,construction,Bearer/slot/combination restriction or explicit equipment equivalence affects construction of a legal duelist; pricing and shooting execution are excluded.,,Hammer/Mace
source/bands/mordheim/bretonnian-buccaneers-sar/equipment-access.yaml/@/equipment_lists/2/items/1/notes/unclassified,bands/mordheim/bretonnian-buccaneers-sar/equipment-access.yaml,2b037a2ec00aea05acc9e6c8eafa5a189dca06b0fbd1c27536e9f3a8b0e2eaf2,YES,construction,Bearer/slot/combination restriction or explicit equipment equivalence affects construction of a legal duelist; pricing and shooting execution are excluded.,,Hammer/Mace
source/bands/mordheim/bretonnian-knights-errant-mou/profiles.yaml/@/profiles/0/equipment_restrictions/0/unclassified,bands/mordheim/bretonnian-knights-errant-mou/profiles.yaml,917b155c822d60b515709ae71a10d1a79d154d3b7caff9a2108589e2b766c513,YES,construction,"Printed kit/access, hand/armour restriction or intrinsic unarmed attack affects the constructed melee duelist; any movement/campaign clauses remain excluded.",,Must buy a weapon from the hand-to-hand combat list; a simple dagger is not acceptable.
source/bands/mordheim/brood-of-ghurash-the-sc/profiles.yaml/@/profiles/5/equipment_restrictions/0/unclassified,bands/mordheim/brood-of-ghurash-the-sc/profiles.yaml,d4b2e1bdee27bb88fabd98dc4aaa625837bcb5fe437d486363ac8490040fb02d,YES,construction,"Printed kit/access, hand/armour restriction or intrinsic unarmed attack affects the constructed melee duelist; any movement/campaign clauses remain excluded.",,Baneworms can never use weapons or armour.
source/bands/mordheim/call-of-the-night-haint-mim/equipment-access.yaml/@/equipment_lists/0/items/1/notes/unclassified,bands/mordheim/call-of-the-night-haint-mim/equipment-access.yaml,5aa632b5334913cf116a8645abc112b59e0461cf51dcd2b07cb7b208a1e39c9e,YES,construction,Bearer/slot/combination restriction or explicit equipment equivalence affects construction of a legal duelist; pricing and shooting execution are excluded.,,Ethereal Heroes only
source/bands/mordheim/call-of-the-night-haint-mim/equipment-access.yaml/@/equipment_lists/0/items/13/notes/unclassified,bands/mordheim/call-of-the-night-haint-mim/equipment-access.yaml,60802f2c5c1af9d983119cee537a6fddfef3e1ab9e82f5473e369fc9fce2f91c,YES,construction,Bearer/slot/combination restriction or explicit equipment equivalence affects construction of a legal duelist; pricing and shooting execution are excluded.,,Malignant Spirits only
source/bands/mordheim/call-of-the-night-haint-mim/profiles.yaml/@/profiles/3/equipment_restrictions/0/unclassified,bands/mordheim/call-of-the-night-haint-mim/profiles.yaml,d371e42429e00dd58871d22def5aa94b7bbad93a8347d1ef19b61438e2659008,YES,construction,"Printed kit/access, hand/armour restriction or intrinsic unarmed attack affects the constructed melee duelist; any movement/campaign clauses remain excluded.",,Heavy armour is Malignant Spirits only.
source/bands/mordheim/call-of-the-night-haint-mim/profiles.yaml/@/profiles/5/equipment_restrictions/0/unclassified,bands/mordheim/call-of-the-night-haint-mim/profiles.yaml,efd8900bfc641c331e9c76784d0b764604002e0e3bb1789a03b618ca91f97491,YES,construction,"Printed kit/access, hand/armour restriction or intrinsic unarmed attack affects the constructed melee duelist; any movement/campaign clauses remain excluded.",,Spirit Hosts fight with spectral claws and daggers.
source/bands/mordheim/call-of-the-night-haint-mim/profiles.yaml/@/profiles/6/equipment_restrictions/0/unclassified,bands/mordheim/call-of-the-night-haint-mim/profiles.yaml,1e0671a46d5b9b67d7a8d1d3adedbd417e30face0ef123220a5905e2cb0fa831,YES,construction,"Printed kit/access, hand/armour restriction or intrinsic unarmed attack affects the constructed melee duelist; any movement/campaign clauses remain excluded.",,Poltergeists fight unarmed without penalty.
source/bands/mordheim/call-of-the-night-haint-mim/profiles.yaml/@/profiles/7/equipment_restrictions/0/unclassified,bands/mordheim/call-of-the-night-haint-mim/profiles.yaml,9395fe723544c157cc47eb68dff3168dd7bcaf5fca82adb9db208f53b7a4f841,YES,construction,"Printed kit/access, hand/armour restriction or intrinsic unarmed attack affects the constructed melee duelist; any movement/campaign clauses remain excluded.",,The Mourngul fights with Nightmarish Claws and Fangs.
source/bands/mordheim/channel-rats-mim/equipment-access.yaml/@/equipment_lists/0/items/11/notes/unclassified,bands/mordheim/channel-rats-mim/equipment-access.yaml,96598914cba19bbbbf988c5fe366ce852c798153e132d9d32faca40b17ff4112,YES,construction,Bearer/slot/combination restriction or explicit equipment equivalence affects construction of a legal duelist; pricing and shooting execution are excluded.,,Tinker only.
source/bands/mordheim/channel-rats-mim/equipment-access.yaml/@/equipment_lists/0/items/12/notes/unclassified,bands/mordheim/channel-rats-mim/equipment-access.yaml,96598914cba19bbbbf988c5fe366ce852c798153e132d9d32faca40b17ff4112,YES,construction,Bearer/slot/combination restriction or explicit equipment equivalence affects construction of a legal duelist; pricing and shooting execution are excluded.,,Tinker only.
source/bands/mordheim/channel-rats-mim/equipment-access.yaml/@/equipment_lists/0/items/17/notes/unclassified,bands/mordheim/channel-rats-mim/equipment-access.yaml,e615ee1f099c709d30e93276444ca16261ef73fae1d264b1183a7efafb3b0834,YES,construction,Bearer/slot/combination restriction or explicit equipment equivalence affects construction of a legal duelist; pricing and shooting execution are excluded.,,Heroes only.
source/bands/mordheim/channel-rats-mim/equipment-access.yaml/@/equipment_lists/0/items/18/notes/unclassified,bands/mordheim/channel-rats-mim/equipment-access.yaml,ef7dcb005fd4f1c7cc00b2db697307ce6eda168422f962678857c7da67599398,YES,construction,Bearer/slot/combination restriction or explicit equipment equivalence affects construction of a legal duelist; pricing and shooting execution are excluded.,,Tinker only. Rare 9.
source/bands/mordheim/channel-rats-mim/equipment-access.yaml/@/equipment_lists/0/items/19/notes/unclassified,bands/mordheim/channel-rats-mim/equipment-access.yaml,96598914cba19bbbbf988c5fe366ce852c798153e132d9d32faca40b17ff4112,YES,construction,Bearer/slot/combination restriction or explicit equipment equivalence affects construction of a legal duelist; pricing and shooting execution are excluded.,,Tinker only.
source/bands/mordheim/channel-rats-mim/equipment-access.yaml/@/equipment_lists/0/items/3/notes/unclassified,bands/mordheim/channel-rats-mim/equipment-access.yaml,1fea429865f202ada6e12ed6a20207f14d38a719066bf9ec89906e0c1bfd6096,YES,construction,Bearer/slot/combination restriction or explicit equipment equivalence affects construction of a legal duelist; pricing and shooting execution are excluded.,,Cutlass/Sword.
source/bands/mordheim/channel-rats-mim/equipment-access.yaml/@/equipment_lists/1/items/1/notes/unclassified,bands/mordheim/channel-rats-mim/equipment-access.yaml,b235d0639f75a6637268bddd534509e2eab5a91d545e75ae63008a84162bd9ca,YES,construction,Bearer/slot/combination restriction or explicit equipment equivalence affects construction of a legal duelist; pricing and shooting execution are excluded.,,Mace/Staff.
source/bands/mordheim/channel-rats-mim/equipment-access.yaml/@/equipment_lists/1/items/2/notes/unclassified,bands/mordheim/channel-rats-mim/equipment-access.yaml,1fea429865f202ada6e12ed6a20207f14d38a719066bf9ec89906e0c1bfd6096,YES,construction,Bearer/slot/combination restriction or explicit equipment equivalence affects construction of a legal duelist; pricing and shooting execution are excluded.,,Cutlass/Sword.
source/bands/mordheim/clan-angrund-kep/profiles.yaml/@/profiles/2/equipment_restrictions/0/unclassified,bands/mordheim/clan-angrund-kep/profiles.yaml,4f6b163a5ae3a1d37b9561f171992f952c7683afc5c5581f80bdbbb8ade5496d,YES,construction,"Printed kit/access, hand/armour restriction or intrinsic unarmed attack affects the constructed melee duelist; any movement/campaign clauses remain excluded.",,Slayers may never carry or use missile weapons or any form of armour.
source/bands/mordheim/clan-angrund-kep/profiles.yaml/@/profiles/3/equipment_restrictions/0/unclassified,bands/mordheim/clan-angrund-kep/profiles.yaml,d8fd34df8971e7b4e8a65fc4158f75b23996e0c749b0e10c0fe8acb672891d56,YES,construction,"Printed kit/access, hand/armour restriction or intrinsic unarmed attack affects the constructed melee duelist; any movement/campaign clauses remain excluded.",,Ironbreakers are always equipped with Gromril Armour.
source/bands/mordheim/clockworkers-sc/equipment-access.yaml/@/equipment_lists/0/items/6/notes/unclassified,bands/mordheim/clockworkers-sc/equipment-access.yaml,93fd0b3297fdcfe60d513bba9f5e7a9b36e2294adcbe04a63b2ed60e9957bdd1,YES,construction,Bearer/slot/combination restriction or explicit equipment equivalence affects construction of a legal duelist; pricing and shooting execution are excluded.,,Master of Clocks & Dwarf engineer only
source/bands/mordheim/clockworkers-sc/equipment-access.yaml/@/equipment_lists/0/items/8/notes/unclassified,bands/mordheim/clockworkers-sc/equipment-access.yaml,93fd0b3297fdcfe60d513bba9f5e7a9b36e2294adcbe04a63b2ed60e9957bdd1,YES,construction,Bearer/slot/combination restriction or explicit equipment equivalence affects construction of a legal duelist; pricing and shooting execution are excluded.,,Master of Clocks & Dwarf engineer only
source/bands/mordheim/clockworkers-sc/equipment-access.yaml/@/equipment_lists/2/items/0/notes/unclassified,bands/mordheim/clockworkers-sc/equipment-access.yaml,951b09258b78aac3e1fa10aa4b8a12a81e7112cf84fbe55ca31fc75868f9312f,YES,construction,Bearer/slot/combination restriction or explicit equipment equivalence affects construction of a legal duelist; pricing and shooting execution are excluded.,,1-slot
source/bands/mordheim/clockworkers-sc/equipment-access.yaml/@/equipment_lists/2/items/1/notes/unclassified,bands/mordheim/clockworkers-sc/equipment-access.yaml,951b09258b78aac3e1fa10aa4b8a12a81e7112cf84fbe55ca31fc75868f9312f,YES,construction,Bearer/slot/combination restriction or explicit equipment equivalence affects construction of a legal duelist; pricing and shooting execution are excluded.,,1-slot
source/bands/mordheim/clockworkers-sc/equipment-access.yaml/@/equipment_lists/2/items/2/notes/unclassified,bands/mordheim/clockworkers-sc/equipment-access.yaml,951b09258b78aac3e1fa10aa4b8a12a81e7112cf84fbe55ca31fc75868f9312f,YES,construction,Bearer/slot/combination restriction or explicit equipment equivalence affects construction of a legal duelist; pricing and shooting execution are excluded.,,1-slot
source/bands/mordheim/clockworkers-sc/equipment-access.yaml/@/equipment_lists/2/items/3/notes/unclassified,bands/mordheim/clockworkers-sc/equipment-access.yaml,951b09258b78aac3e1fa10aa4b8a12a81e7112cf84fbe55ca31fc75868f9312f,YES,construction,Bearer/slot/combination restriction or explicit equipment equivalence affects construction of a legal duelist; pricing and shooting execution are excluded.,,1-slot
source/bands/mordheim/clockworkers-sc/equipment-access.yaml/@/equipment_lists/2/items/4/notes/unclassified,bands/mordheim/clockworkers-sc/equipment-access.yaml,951b09258b78aac3e1fa10aa4b8a12a81e7112cf84fbe55ca31fc75868f9312f,YES,construction,Bearer/slot/combination restriction or explicit equipment equivalence affects construction of a legal duelist; pricing and shooting execution are excluded.,,1-slot
source/bands/mordheim/clockworkers-sc/equipment-access.yaml/@/equipment_lists/2/items/5/notes/unclassified,bands/mordheim/clockworkers-sc/equipment-access.yaml,951b09258b78aac3e1fa10aa4b8a12a81e7112cf84fbe55ca31fc75868f9312f,YES,construction,Bearer/slot/combination restriction or explicit equipment equivalence affects construction of a legal duelist; pricing and shooting execution are excluded.,,1-slot
source/bands/mordheim/clockworkers-sc/equipment-access.yaml/@/equipment_lists/2/items/6/notes/unclassified,bands/mordheim/clockworkers-sc/equipment-access.yaml,94d4f1f20bc146c854c92b0b9591202d0df166c7f8db1e79628a287ade3874ab,YES,construction,Bearer/slot/combination restriction or explicit equipment equivalence affects construction of a legal duelist; pricing and shooting execution are excluded.,,2-slot
source/bands/mordheim/clockworkers-sc/equipment-access.yaml/@/equipment_lists/2/items/7/notes/unclassified,bands/mordheim/clockworkers-sc/equipment-access.yaml,da16437df89f7d54120cbb1f2a538600da534cde86fa088a3f24fb34a85c2103,YES,construction,Bearer/slot/combination restriction or explicit equipment equivalence affects construction of a legal duelist; pricing and shooting execution are excluded.,,Double-handed weapon; 2-slot
source/bands/mordheim/clockworkers-sc/equipment-access.yaml/@/equipment_lists/2/items/8/notes/unclassified,bands/mordheim/clockworkers-sc/equipment-access.yaml,94d4f1f20bc146c854c92b0b9591202d0df166c7f8db1e79628a287ade3874ab,YES,construction,Bearer/slot/combination restriction or explicit equipment equivalence affects construction of a legal duelist; pricing and shooting execution are excluded.,,2-slot
source/bands/mordheim/cult-of-the-possessed/profiles.yaml/@/profiles/1/equipment_restrictions/0/unclassified,bands/mordheim/cult-of-the-possessed/profiles.yaml,e1ca2a8df427324655546ba1ef1da71d8f4e517bfd9a7bcc4e0db6ba5a8bf9e8,YES,construction,"Printed kit/access, hand/armour restriction or intrinsic unarmed attack affects the constructed melee duelist; any movement/campaign clauses remain excluded.",,The Possessed never use weapons or armour.
source/bands/mordheim/dark-elf-corsairs-mou/profiles.yaml/@/profiles/4/equipment_restrictions/0/unclassified,bands/mordheim/dark-elf-corsairs-mou/profiles.yaml,edd8ce468ab6b2334ef50e428ad1bee602bfd5fd0e5a782eaa82c528c875397d,YES,construction,"Printed kit/access, hand/armour restriction or intrinsic unarmed attack affects the constructed melee duelist; any movement/campaign clauses remain excluded.",,"Is a wizard and uses Dark Magic, as per TC 12, with 2 randomly determined spells; equipped with a dark elven blade and dagger."
source/bands/mordheim/dark-elf-corsairs-mou/profiles.yaml/@/profiles/5/equipment_restrictions/0/unclassified,bands/mordheim/dark-elf-corsairs-mou/profiles.yaml,92b922a3a163ff6e76ce794864d14c35b87bb6f13be3c9fa6f541db77bc988f6,YES,construction,"Printed kit/access, hand/armour restriction or intrinsic unarmed attack affects the constructed melee duelist; any movement/campaign clauses remain excluded.",,"Accompanied by two Cold One Beasthounds; equipped with light armour, a dark elven blade and a beastlash."
source/bands/mordheim/dark-elf-corsairs-mou/profiles.yaml/@/profiles/6/equipment_restrictions/0/unclassified,bands/mordheim/dark-elf-corsairs-mou/profiles.yaml,4b39ff297fa04a319e80a845631d31caca86cafd6bfd99ad08cfaa09d3b6c25f,YES,construction,"Printed kit/access, hand/armour restriction or intrinsic unarmed attack affects the constructed melee duelist; any movement/campaign clauses remain excluded.",,Uses drugs and is therefore subject to frenzy; equipped with two dark elven blades coated in dark venom; 5+ save against all wounds suffered.
source/bands/mordheim/dark-elf-corsairs-mou/profiles.yaml/@/profiles/7/equipment_restrictions/0/unclassified,bands/mordheim/dark-elf-corsairs-mou/profiles.yaml,3a5dd9f79c8956beb81ba6b9615d3c167c9d06c973f12c3949348c3d22e8a063,YES,construction,"Printed kit/access, hand/armour restriction or intrinsic unarmed attack affects the constructed melee duelist; any movement/campaign clauses remain excluded.",,No missile weapons.
source/bands/mordheim/dark-elves/equipment-access.yaml/@/equipment_lists/0/items/14/notes/unclassified,bands/mordheim/dark-elves/equipment-access.yaml,e615ee1f099c709d30e93276444ca16261ef73fae1d264b1183a7efafb3b0834,YES,construction,Bearer/slot/combination restriction or explicit equipment equivalence affects construction of a legal duelist; pricing and shooting execution are excluded.,,Heroes only.
source/bands/mordheim/dark-elves/equipment-access.yaml/@/equipment_lists/0/items/15/notes/unclassified,bands/mordheim/dark-elves/equipment-access.yaml,b1c0e24d37348db2bd58a08a29a982b3db90fcb5939ea57d0ffbd84e41f3c90a,YES,construction,Bearer/slot/combination restriction or explicit equipment equivalence affects construction of a legal duelist; pricing and shooting execution are excluded.,,Heroes and Corsairs only.
source/bands/mordheim/dark-elves/equipment-access.yaml/@/equipment_lists/0/items/5/notes/unclassified,bands/mordheim/dark-elves/equipment-access.yaml,87369876964b591668bde170c9c24c06b357dc9b791b352373feb98447dc8c5f,YES,construction,Bearer/slot/combination restriction or explicit equipment equivalence affects construction of a legal duelist; pricing and shooting execution are excluded.,,Beastmaster only.
source/bands/mordheim/disciples-of-maldred-mou/profiles.yaml/@/profiles/0/equipment_restrictions/0/unclassified,bands/mordheim/disciples-of-maldred-mou/profiles.yaml,613279e22a08b4c57b78bcbf001a56222b0e80bf3558c36d4c41e1d19159ca1c,YES,construction,"Printed kit/access, hand/armour restriction or intrinsic unarmed attack affects the constructed melee duelist; any movement/campaign clauses remain excluded.",,May not use missile weapons.
source/bands/mordheim/disciples-of-maldred-mou/profiles.yaml/@/profiles/1/equipment_restrictions/0/unclassified,bands/mordheim/disciples-of-maldred-mou/profiles.yaml,613279e22a08b4c57b78bcbf001a56222b0e80bf3558c36d4c41e1d19159ca1c,YES,construction,"Printed kit/access, hand/armour restriction or intrinsic unarmed attack affects the constructed melee duelist; any movement/campaign clauses remain excluded.",,May not use missile weapons.
source/bands/mordheim/disciples-of-maldred-mou/profiles.yaml/@/profiles/3/equipment_restrictions/0/unclassified,bands/mordheim/disciples-of-maldred-mou/profiles.yaml,28ae4a9d5824006bd085b3dcb18b24801b1b03739d1e947c4d78b34542e90d93,YES,construction,"Printed kit/access, hand/armour restriction or intrinsic unarmed attack affects the constructed melee duelist; any movement/campaign clauses remain excluded.",,May be equipped from the Mercenary Equipment list before the first game of a new campaign; after that only from the Squire or Men-at-Arms Equipment Lists.
source/bands/mordheim/disciples-of-maldred-mou/profiles.yaml/@/profiles/3/equipment_restrictions/1/unclassified,bands/mordheim/disciples-of-maldred-mou/profiles.yaml,613279e22a08b4c57b78bcbf001a56222b0e80bf3558c36d4c41e1d19159ca1c,YES,construction,"Printed kit/access, hand/armour restriction or intrinsic unarmed attack affects the constructed melee duelist; any movement/campaign clauses remain excluded.",,May not use missile weapons.
source/bands/mordheim/disciples-of-maldred-mou/profiles.yaml/@/profiles/4/equipment_restrictions/1/unclassified,bands/mordheim/disciples-of-maldred-mou/profiles.yaml,613279e22a08b4c57b78bcbf001a56222b0e80bf3558c36d4c41e1d19159ca1c,YES,construction,"Printed kit/access, hand/armour restriction or intrinsic unarmed attack affects the constructed melee duelist; any movement/campaign clauses remain excluded.",,May not use missile weapons.
source/bands/mordheim/dreamwalkers-cult-of-morr-fbg/equipment-access.yaml/@/equipment_lists/0/items/7/notes/unclassified,bands/mordheim/dreamwalkers-cult-of-morr-fbg/equipment-access.yaml,f026486129d6dc6a425e69edcede8a4bf32d78a99b4e0a7b733b684a0dc2eadf,YES,construction,Bearer/slot/combination restriction or explicit equipment equivalence affects construction of a legal duelist; pricing and shooting execution are excluded.,,Only Andanti
source/bands/mordheim/dreamwalkers-cult-of-morr-fbg/equipment-access.yaml/@/equipment_lists/0/items/8/notes/unclassified,bands/mordheim/dreamwalkers-cult-of-morr-fbg/equipment-access.yaml,f026486129d6dc6a425e69edcede8a4bf32d78a99b4e0a7b733b684a0dc2eadf,YES,construction,Bearer/slot/combination restriction or explicit equipment equivalence affects construction of a legal duelist; pricing and shooting execution are excluded.,,Only Andanti
source/bands/mordheim/druchii-mic/equipment-access.yaml/@/equipment_lists/0/items/6/notes/unclassified,bands/mordheim/druchii-mic/equipment-access.yaml,83625296b96ba27a14098601f511db1daa841d860d63d40a7b41dc816ed78172,YES,construction,Bearer/slot/combination restriction or explicit equipment equivalence affects construction of a legal duelist; pricing and shooting execution are excluded.,,Beastmaster only; 10 + D6 gc; Rare 8
source/bands/mordheim/druchii-mic/equipment-access.yaml/@/equipment_lists/3/items/7/notes/unclassified,bands/mordheim/druchii-mic/equipment-access.yaml,d84a1c54d424e117d131679298a99e51d159d44e069a6a32dc78c4c5a221bff8,YES,construction,Bearer/slot/combination restriction or explicit equipment equivalence affects construction of a legal duelist; pricing and shooting execution are excluded.,,Common for warbands with Witch Elves; Witch Elves only. See the Maibd Poison rule.
source/bands/mordheim/dwarf-slayer-cult-web/equipment-access.yaml/@/equipment_lists/1/items/7/notes/unclassified,bands/mordheim/dwarf-slayer-cult-web/equipment-access.yaml,c86171cd7255979427e8dc8ef18daeb4ac3f5c0bf59d570bfece4534673b332f,YES,construction,Bearer/slot/combination restriction or explicit equipment equivalence affects construction of a legal duelist; pricing and shooting execution are excluded.,,per pair; Rare 9 (Slayers only)
source/bands/mordheim/dwarf-slayer-cult-web/equipment-access.yaml/@/equipment_lists/2/items/3/notes/unclassified,bands/mordheim/dwarf-slayer-cult-web/equipment-access.yaml,55c2d4a2c31417c075f26fded55481f28be1efe17d589d0eed3982c391182ca2,YES,construction,Bearer/slot/combination restriction or explicit equipment equivalence affects construction of a legal duelist; pricing and shooting execution are excluded.,,Dwarf only
source/bands/mordheim/dwarf-slayers-kaz/equipment-access.yaml/@/equipment_lists/0/items/10/notes/unclassified,bands/mordheim/dwarf-slayers-kaz/equipment-access.yaml,adbecf96a80258234f3565d79afed0e4e54f76e369231c4e275434250f7d7333,YES,construction,Bearer/slot/combination restriction or explicit equipment equivalence affects construction of a legal duelist; pricing and shooting execution are excluded.,,15 gc (30 for a brace). Slayers may never take missile weapons.
source/bands/mordheim/dwarf-slayers-kaz/equipment-access.yaml/@/equipment_lists/0/items/11/notes/unclassified,bands/mordheim/dwarf-slayers-kaz/equipment-access.yaml,05dbd6158ed74979c70c84ff54570285549760aefd8cc492314dd574c3710236,YES,construction,Bearer/slot/combination restriction or explicit equipment equivalence affects construction of a legal duelist; pricing and shooting execution are excluded.,,Slayers may never take armour.
source/bands/mordheim/dwarf-slayers-kaz/equipment-access.yaml/@/equipment_lists/0/items/12/notes/unclassified,bands/mordheim/dwarf-slayers-kaz/equipment-access.yaml,05dbd6158ed74979c70c84ff54570285549760aefd8cc492314dd574c3710236,YES,construction,Bearer/slot/combination restriction or explicit equipment equivalence affects construction of a legal duelist; pricing and shooting execution are excluded.,,Slayers may never take armour.
source/bands/mordheim/dwarf-slayers-kaz/equipment-access.yaml/@/equipment_lists/0/items/13/notes/unclassified,bands/mordheim/dwarf-slayers-kaz/equipment-access.yaml,05dbd6158ed74979c70c84ff54570285549760aefd8cc492314dd574c3710236,YES,construction,Bearer/slot/combination restriction or explicit equipment equivalence affects construction of a legal duelist; pricing and shooting execution are excluded.,,Slayers may never take armour.
source/bands/mordheim/dwarf-slayers-kaz/equipment-access.yaml/@/equipment_lists/0/items/14/notes/unclassified,bands/mordheim/dwarf-slayers-kaz/equipment-access.yaml,05dbd6158ed74979c70c84ff54570285549760aefd8cc492314dd574c3710236,YES,construction,Bearer/slot/combination restriction or explicit equipment equivalence affects construction of a legal duelist; pricing and shooting execution are excluded.,,Slayers may never take armour.
source/bands/mordheim/dwarf-slayers-kaz/equipment-access.yaml/@/equipment_lists/0/items/15/notes/unclassified,bands/mordheim/dwarf-slayers-kaz/equipment-access.yaml,05dbd6158ed74979c70c84ff54570285549760aefd8cc492314dd574c3710236,YES,construction,Bearer/slot/combination restriction or explicit equipment equivalence affects construction of a legal duelist; pricing and shooting execution are excluded.,,Slayers may never take armour.
source/bands/mordheim/estalian-corsairs-sar/profiles.yaml/@/profiles/0/equipment_restrictions/0/unclassified,bands/mordheim/estalian-corsairs-sar/profiles.yaml,f601314d8ab6d0e503f71cfeec6845c6340b625b87fc9851b7b3b8a536c263b8,YES,construction,"Printed kit/access, hand/armour restriction or intrinsic unarmed attack affects the constructed melee duelist; any movement/campaign clauses remain excluded.",,May not wear armour.
source/bands/mordheim/estalian-corsairs-sar/profiles.yaml/@/profiles/1/equipment_restrictions/0/unclassified,bands/mordheim/estalian-corsairs-sar/profiles.yaml,f601314d8ab6d0e503f71cfeec6845c6340b625b87fc9851b7b3b8a536c263b8,YES,construction,"Printed kit/access, hand/armour restriction or intrinsic unarmed attack affects the constructed melee duelist; any movement/campaign clauses remain excluded.",,May not wear armour.
source/bands/mordheim/estalian-corsairs-sar/profiles.yaml/@/profiles/2/equipment_restrictions/0/unclassified,bands/mordheim/estalian-corsairs-sar/profiles.yaml,f601314d8ab6d0e503f71cfeec6845c6340b625b87fc9851b7b3b8a536c263b8,YES,construction,"Printed kit/access, hand/armour restriction or intrinsic unarmed attack affects the constructed melee duelist; any movement/campaign clauses remain excluded.",,May not wear armour.
source/bands/mordheim/estalian-corsairs-sar/profiles.yaml/@/profiles/3/equipment_restrictions/0/unclassified,bands/mordheim/estalian-corsairs-sar/profiles.yaml,f601314d8ab6d0e503f71cfeec6845c6340b625b87fc9851b7b3b8a536c263b8,YES,construction,"Printed kit/access, hand/armour restriction or intrinsic unarmed attack affects the constructed melee duelist; any movement/campaign clauses remain excluded.",,May not wear armour.
source/bands/mordheim/estalian-corsairs-sar/profiles.yaml/@/profiles/4/equipment_restrictions/0/unclassified,bands/mordheim/estalian-corsairs-sar/profiles.yaml,f601314d8ab6d0e503f71cfeec6845c6340b625b87fc9851b7b3b8a536c263b8,YES,construction,"Printed kit/access, hand/armour restriction or intrinsic unarmed attack affects the constructed melee duelist; any movement/campaign clauses remain excluded.",,May not wear armour.
source/bands/mordheim/estalian-corsairs-sar/profiles.yaml/@/profiles/5/equipment_restrictions/1/unclassified,bands/mordheim/estalian-corsairs-sar/profiles.yaml,f601314d8ab6d0e503f71cfeec6845c6340b625b87fc9851b7b3b8a536c263b8,YES,construction,"Printed kit/access, hand/armour restriction or intrinsic unarmed attack affects the constructed melee duelist; any movement/campaign clauses remain excluded.",,May not wear armour.
source/bands/mordheim/fallen-the-rel/profiles.yaml/@/profiles/3/equipment_restrictions/0/unclassified,bands/mordheim/fallen-the-rel/profiles.yaml,760df2babb7adf7f1e6ce87967718d23f4f92fd06b09ca42097ac7094a24735e,YES,construction,"Printed kit/access, hand/armour restriction or intrinsic unarmed attack affects the constructed melee duelist; any movement/campaign clauses remain excluded.",,"Ghouls never carry equipment as henchmen. However, if promoted to a Hero they may choose weapons and armour from the Fallen equipment list."
source/bands/mordheim/fallen-the-rel/profiles.yaml/@/profiles/4/equipment_restrictions/0/unclassified,bands/mordheim/fallen-the-rel/profiles.yaml,b6af02153c8284ce61e748c154995947f1bd4b92578cb5ac60c5355b21a15863,YES,construction,"Printed kit/access, hand/armour restriction or intrinsic unarmed attack affects the constructed melee duelist; any movement/campaign clauses remain excluded.",,Sgulls never use any armour or weapons.
source/bands/mordheim/fallen-the-rel/profiles.yaml/@/profiles/5/equipment_restrictions/0/unclassified,bands/mordheim/fallen-the-rel/profiles.yaml,e9f7629610087daf9cc669573e0eb0fbd391905927db3c210216040ac7f6b894,YES,construction,"Printed kit/access, hand/armour restriction or intrinsic unarmed attack affects the constructed melee duelist; any movement/campaign clauses remain excluded.",,Wild dogs never use any armour or weapons.
source/bands/mordheim/fen-guard-mim/equipment-access.yaml/@/equipment_lists/0/items/10/notes/unclassified,bands/mordheim/fen-guard-mim/equipment-access.yaml,90583feeab9764ccd61a58404cd743db80ea9c60ffdf97290ebebecc4e808522,YES,construction,Bearer/slot/combination restriction or explicit equipment equivalence affects construction of a legal duelist; pricing and shooting execution are excluded.,,Heroes only
source/bands/mordheim/fen-guard-mim/equipment-access.yaml/@/equipment_lists/0/items/11/notes/unclassified,bands/mordheim/fen-guard-mim/equipment-access.yaml,90583feeab9764ccd61a58404cd743db80ea9c60ffdf97290ebebecc4e808522,YES,construction,Bearer/slot/combination restriction or explicit equipment equivalence affects construction of a legal duelist; pricing and shooting execution are excluded.,,Heroes only
source/bands/mordheim/fen-guard-mim/equipment-access.yaml/@/equipment_lists/0/items/13/notes/unclassified,bands/mordheim/fen-guard-mim/equipment-access.yaml,d91f274645c73ef7161ebeb6a69583436d925928bf0c4136600ea3f3ed754394,YES,construction,Bearer/slot/combination restriction or explicit equipment equivalence affects construction of a legal duelist; pricing and shooting execution are excluded.,,text lists 120 gc under Special Equipment; Branchnymph only; Rare 12
source/bands/mordheim/fen-guard-mim/equipment-access.yaml/@/equipment_lists/0/items/14/notes/unclassified,bands/mordheim/fen-guard-mim/equipment-access.yaml,7d27a184dac45412d3e4ceb3b031d58dae4fa0a9a250d6cdd9fb532b575d3d22,YES,construction,Bearer/slot/combination restriction or explicit equipment equivalence affects construction of a legal duelist; pricing and shooting execution are excluded.,,Branchwych only
source/bands/mordheim/fen-guard-mim/equipment-access.yaml/@/equipment_lists/0/items/4/notes/unclassified,bands/mordheim/fen-guard-mim/equipment-access.yaml,90583feeab9764ccd61a58404cd743db80ea9c60ffdf97290ebebecc4e808522,YES,construction,Bearer/slot/combination restriction or explicit equipment equivalence affects construction of a legal duelist; pricing and shooting execution are excluded.,,Heroes only
source/bands/mordheim/fen-guard-mim/equipment-access.yaml/@/equipment_lists/0/items/5/notes/unclassified,bands/mordheim/fen-guard-mim/equipment-access.yaml,eb820243ddbbd707d64cc9c736211c4b0fa894dfe45cb4c681f5001129ef65b7,YES,construction,Bearer/slot/combination restriction or explicit equipment equivalence affects construction of a legal duelist; pricing and shooting execution are excluded.,,Branchwych only; Rare 10
source/bands/mordheim/fen-guard-mim/equipment-access.yaml/@/equipment_lists/0/items/6/notes/unclassified,bands/mordheim/fen-guard-mim/equipment-access.yaml,c629f98bdccfe853ee8852c05cc8cca174f54a273dd7b5ad82fc5a2aa5d894f9,YES,construction,Bearer/slot/combination restriction or explicit equipment equivalence affects construction of a legal duelist; pricing and shooting execution are excluded.,,Splinters; Heroes only
source/bands/mordheim/fen-guard-mim/equipment-access.yaml/@/equipment_lists/0/items/7/notes/unclassified,bands/mordheim/fen-guard-mim/equipment-access.yaml,25721836efb0694efdc9ca5d2f9bbc2c0b54eda4417f7b0f8f1fc2108df72f78,YES,construction,Bearer/slot/combination restriction or explicit equipment equivalence affects construction of a legal duelist; pricing and shooting execution are excluded.,,Vine Tendril; Heroes only
source/bands/mordheim/fen-guard-mim/equipment-access.yaml/@/equipment_lists/0/items/9/notes/unclassified,bands/mordheim/fen-guard-mim/equipment-access.yaml,d6e8360d5b381999f76ebb893d951434f227fc589e286fba48dc9d9593472a31,YES,construction,Bearer/slot/combination restriction or explicit equipment equivalence affects construction of a legal duelist; pricing and shooting execution are excluded.,,Heroes only; Rare 5
source/bands/mordheim/fen-guard-mim/profiles.yaml/@/profiles/4/equipment_restrictions/0/unclassified,bands/mordheim/fen-guard-mim/profiles.yaml,63a441b17a66de4596a4445fa32219ea90a3359c1059cc0524a8088d3bead6e0,YES,construction,"Printed kit/access, hand/armour restriction or intrinsic unarmed attack affects the constructed melee duelist; any movement/campaign clauses remain excluded.",,Treekin cannot use weapons and fight unarmed without penalty.
source/bands/mordheim/forest-goblins/profiles.yaml/@/profiles/3/equipment_restrictions/0/unclassified,bands/mordheim/forest-goblins/profiles.yaml,1a0293911e037855e2d21548fb6201e6586c862a3b258cde8fcd7a0e17946508,YES,construction,"Printed kit/access, hand/armour restriction or intrinsic unarmed attack affects the constructed melee duelist; any movement/campaign clauses remain excluded.",,May select weapons from the Henchmen Equipment List; the profile entry does not allow armour.
source/bands/mordheim/forest-goblins/profiles.yaml/@/profiles/4/equipment_restrictions/0/unclassified,bands/mordheim/forest-goblins/profiles.yaml,1a0293911e037855e2d21548fb6201e6586c862a3b258cde8fcd7a0e17946508,YES,construction,"Printed kit/access, hand/armour restriction or intrinsic unarmed attack affects the constructed melee duelist; any movement/campaign clauses remain excluded.",,May select weapons from the Henchmen Equipment List; the profile entry does not allow armour.
source/bands/mordheim/forest-goblins/profiles.yaml/@/profiles/5/equipment_restrictions/0/unclassified,bands/mordheim/forest-goblins/profiles.yaml,1a0293911e037855e2d21548fb6201e6586c862a3b258cde8fcd7a0e17946508,YES,construction,"Printed kit/access, hand/armour restriction or intrinsic unarmed attack affects the constructed melee duelist; any movement/campaign clauses remain excluded.",,May select weapons from the Henchmen Equipment List; the profile entry does not allow armour.
source/bands/mordheim/forest-goblins/profiles.yaml/@/profiles/6/equipment_restrictions/0/unclassified,bands/mordheim/forest-goblins/profiles.yaml,a330bb95cfc8c4da57861ab989870b6a7bb8aa4bd3bd2e813c45c4d1b69a3d4d,YES,construction,"Printed kit/access, hand/armour restriction or intrinsic unarmed attack affects the constructed melee duelist; any movement/campaign clauses remain excluded.",,A Gigantic Spider never needs or uses weapons or armour.
source/bands/mordheim/ghutani-rel/profiles.yaml/@/profiles/3/equipment_restrictions/0/unclassified,bands/mordheim/ghutani-rel/profiles.yaml,c46a57b888d60da5a9863e6390ef756eef0d2603183c28e4cf43526106f59282,YES,construction,"Profile/background eligibility affects the constructed duelist, not a new melee operator.",,Restricted to Townsmen.
source/bands/mordheim/ghutani-rel/profiles.yaml/@/profiles/4/equipment_restrictions/0/unclassified,bands/mordheim/ghutani-rel/profiles.yaml,c46a57b888d60da5a9863e6390ef756eef0d2603183c28e4cf43526106f59282,YES,construction,"Profile/background eligibility affects the constructed duelist, not a new melee operator.",,Restricted to Townsmen.
source/bands/mordheim/guild-of-disgraced-engineers-mim/equipment-access.yaml/@/equipment_lists/0/items/15/notes/unclassified,bands/mordheim/guild-of-disgraced-engineers-mim/equipment-access.yaml,2bcbecb3de9440bf8155f5c6bd5c5045a5773df725fd4b829d691eab600f5478,YES,construction,Bearer/slot/combination restriction or explicit equipment equivalence affects construction of a legal duelist; pricing and shooting execution are excluded.,,Expelled Engineer only
source/bands/mordheim/high-elves-lus/equipment-access.yaml/@/equipment_lists/0/items/12/notes/unclassified,bands/mordheim/high-elves-lus/equipment-access.yaml,55897bc647bc22b6247d7c9e857a90d939196dca7b94db6c6b971eab42930027,YES,construction,Bearer/slot/combination restriction or explicit equipment equivalence affects construction of a legal duelist; pricing and shooting execution are excluded.,,High Elf Heroes only; starting warband price only
source/bands/mordheim/high-elves-lus/equipment-access.yaml/@/equipment_lists/0/items/5/notes/unclassified,bands/mordheim/high-elves-lus/equipment-access.yaml,c920382f4a3df4f258ca5078f44ba2e1e03a9c0466d193fb397ffdc8a3a23edb,YES,construction,Bearer/slot/combination restriction or explicit equipment equivalence affects construction of a legal duelist; pricing and shooting execution are excluded.,,Loremaster only
source/bands/mordheim/high-elves-lus/equipment-access.yaml/@/equipment_lists/0/items/7/notes/unclassified,bands/mordheim/high-elves-lus/equipment-access.yaml,9761af1093532cc131fc757e11aa00e7e9407c596a9670f3588a11039388c0ad,YES,construction,Bearer/slot/combination restriction or explicit equipment equivalence affects construction of a legal duelist; pricing and shooting execution are excluded.,,Sword Warden only
source/bands/mordheim/high-elves-lus/equipment-access.yaml/@/equipment_lists/1/items/6/notes/unclassified,bands/mordheim/high-elves-lus/equipment-access.yaml,7ced8ff8fda80d9ae98c50a482cd6a7d8f4dbd75c64d47a3684e537235d35f85,YES,construction,Bearer/slot/combination restriction or explicit equipment equivalence affects construction of a legal duelist; pricing and shooting execution are excluded.,,Ranger only
source/bands/mordheim/high-elves-lus/equipment-access.yaml/@/equipment_lists/2/items/0/notes/unclassified,bands/mordheim/high-elves-lus/equipment-access.yaml,6cd0c69d879ea1f9b8932bffc68e68d060333f53a0f3f4b7b8d886906f94ab98,YES,construction,Bearer/slot/combination restriction or explicit equipment equivalence affects construction of a legal duelist; pricing and shooting execution are excluded.,,Rare 10; High Elves only
source/bands/mordheim/house-guard-sc/equipment-access.yaml/@/equipment_lists/0/items/10/notes/unclassified,bands/mordheim/house-guard-sc/equipment-access.yaml,4fadcd4170e5390db426aa7393601a9b9722771cbee6cae806338eb24d6e59dd,YES,construction,Bearer/slot/combination restriction or explicit equipment equivalence affects construction of a legal duelist; pricing and shooting execution are excluded.,,House Halcon only
source/bands/mordheim/house-guard-sc/equipment-access.yaml/@/equipment_lists/0/items/12/notes/unclassified,bands/mordheim/house-guard-sc/equipment-access.yaml,a2f5bd6be2005083f301629a93fca60637e296d030a862ae99e1ca5a8d5d02bd,YES,construction,Bearer/slot/combination restriction or explicit equipment equivalence affects construction of a legal duelist; pricing and shooting execution are excluded.,,House Baluardo only; special equipment lists 70 gc; Rare 7
source/bands/mordheim/house-guard-sc/equipment-access.yaml/@/equipment_lists/0/items/15/notes/unclassified,bands/mordheim/house-guard-sc/equipment-access.yaml,b96ec189e1350e41a303c97179910e5ef347f16cbd2fc8d3ca8ff1158d648940,YES,construction,Bearer/slot/combination restriction or explicit equipment equivalence affects construction of a legal duelist; pricing and shooting execution are excluded.,,House Baluardo only
source/bands/mordheim/house-guard-sc/equipment-access.yaml/@/equipment_lists/0/items/4/notes/unclassified,bands/mordheim/house-guard-sc/equipment-access.yaml,5768cee2a7debe483801283753155d64efabb91b3c5843485cb00abe1d0386e6,YES,construction,Bearer/slot/combination restriction or explicit equipment equivalence affects construction of a legal duelist; pricing and shooting execution are excluded.,,House Fierezza only
source/bands/mordheim/house-guard-sc/equipment-access.yaml/@/equipment_lists/0/items/7/notes/unclassified,bands/mordheim/house-guard-sc/equipment-access.yaml,5768cee2a7debe483801283753155d64efabb91b3c5843485cb00abe1d0386e6,YES,construction,Bearer/slot/combination restriction or explicit equipment equivalence affects construction of a legal duelist; pricing and shooting execution are excluded.,,House Fierezza only
source/bands/mordheim/house-guard-sc/equipment-access.yaml/@/equipment_lists/0/items/9/notes/unclassified,bands/mordheim/house-guard-sc/equipment-access.yaml,4fadcd4170e5390db426aa7393601a9b9722771cbee6cae806338eb24d6e59dd,YES,construction,Bearer/slot/combination restriction or explicit equipment equivalence affects construction of a legal duelist; pricing and shooting execution are excluded.,,House Halcon only
source/bands/mordheim/house-guard-sc/profiles.yaml/@/profiles/5/equipment_restrictions/0/unclassified,bands/mordheim/house-guard-sc/profiles.yaml,41f9c707bb4fbc3aec6b579b34d23f38dd98394d72ab8d9da561580257e32f31,YES,construction,"Printed kit/access, hand/armour restriction or intrinsic unarmed attack affects the constructed melee duelist; any movement/campaign clauses remain excluded.",,Warhounds never use or need weapons and armour.
source/bands/mordheim/khorne-raiders-sar/profiles.yaml/@/profiles/0/equipment_restrictions/0/unclassified,bands/mordheim/khorne-raiders-sar/profiles.yaml,f601314d8ab6d0e503f71cfeec6845c6340b625b87fc9851b7b3b8a536c263b8,YES,construction,"Printed kit/access, hand/armour restriction or intrinsic unarmed attack affects the constructed melee duelist; any movement/campaign clauses remain excluded.",,May not wear armour.
source/bands/mordheim/khorne-raiders-sar/profiles.yaml/@/profiles/1/equipment_restrictions/0/unclassified,bands/mordheim/khorne-raiders-sar/profiles.yaml,4d3c0132474c0ae246c8b3bb37a744e1d41ec454edb4614ae280e73fea7ba4a3,YES,construction,"Printed kit/access, hand/armour restriction or intrinsic unarmed attack affects the constructed melee duelist; any movement/campaign clauses remain excluded.",,The Armour section is available to Quartermasters and Flayerkin only.
source/bands/mordheim/khorne-raiders-sar/profiles.yaml/@/profiles/2/equipment_restrictions/0/unclassified,bands/mordheim/khorne-raiders-sar/profiles.yaml,f601314d8ab6d0e503f71cfeec6845c6340b625b87fc9851b7b3b8a536c263b8,YES,construction,"Printed kit/access, hand/armour restriction or intrinsic unarmed attack affects the constructed melee duelist; any movement/campaign clauses remain excluded.",,May not wear armour.
source/bands/mordheim/khorne-raiders-sar/profiles.yaml/@/profiles/3/equipment_restrictions/0/unclassified,bands/mordheim/khorne-raiders-sar/profiles.yaml,f601314d8ab6d0e503f71cfeec6845c6340b625b87fc9851b7b3b8a536c263b8,YES,construction,"Printed kit/access, hand/armour restriction or intrinsic unarmed attack affects the constructed melee duelist; any movement/campaign clauses remain excluded.",,May not wear armour.
source/bands/mordheim/khorne-raiders-sar/profiles.yaml/@/profiles/4/equipment_restrictions/0/unclassified,bands/mordheim/khorne-raiders-sar/profiles.yaml,4d3c0132474c0ae246c8b3bb37a744e1d41ec454edb4614ae280e73fea7ba4a3,YES,construction,"Printed kit/access, hand/armour restriction or intrinsic unarmed attack affects the constructed melee duelist; any movement/campaign clauses remain excluded.",,The Armour section is available to Quartermasters and Flayerkin only.
source/bands/mordheim/khorne-raiders-sar/profiles.yaml/@/profiles/5/equipment_restrictions/0/unclassified,bands/mordheim/khorne-raiders-sar/profiles.yaml,c4ea53a896b727bcdc29d4bea49c794f81511de47413f8fae16e6822c1966676,YES,construction,"Printed kit/access, hand/armour restriction or intrinsic unarmed attack affects the constructed melee duelist; any movement/campaign clauses remain excluded.",,May not use any weapons other than their Hooks.
source/bands/mordheim/khorne-raiders-sar/profiles.yaml/@/profiles/5/equipment_restrictions/1/unclassified,bands/mordheim/khorne-raiders-sar/profiles.yaml,8770325f7074c7b39da537a9025bbdc04fcd5a1258e67075f301b08c6d2b535b,YES,construction,"Printed kit/access, hand/armour restriction or intrinsic unarmed attack affects the constructed melee duelist; any movement/campaign clauses remain excluded.",,May only use armour from the Madbrain Equipment list; the Hooks are fixed (see Hooks).
source/bands/mordheim/khorne-raiders-sar/profiles.yaml/@/profiles/5/equipment_restrictions/2/unclassified,bands/mordheim/khorne-raiders-sar/profiles.yaml,4d3c0132474c0ae246c8b3bb37a744e1d41ec454edb4614ae280e73fea7ba4a3,YES,construction,"Printed kit/access, hand/armour restriction or intrinsic unarmed attack affects the constructed melee duelist; any movement/campaign clauses remain excluded.",,The Armour section is available to Quartermasters and Flayerkin only.
source/bands/mordheim/kislevites/profiles.yaml/@/profiles/1/equipment_restrictions/0/unclassified,bands/mordheim/kislevites/profiles.yaml,9c17d32128295299cd154726539b5f6d690f08d7af64d77c266629bb58460bea,YES,construction,"Printed kit/access, hand/armour restriction or intrinsic unarmed attack affects the constructed melee duelist; any movement/campaign clauses remain excluded.",,May select weapons from the Kislevite Warrior Equipment List; the profile entry does not allow armour.
source/bands/mordheim/kislevites/profiles.yaml/@/profiles/2/equipment_restrictions/0/unclassified,bands/mordheim/kislevites/profiles.yaml,9c17d32128295299cd154726539b5f6d690f08d7af64d77c266629bb58460bea,YES,construction,"Printed kit/access, hand/armour restriction or intrinsic unarmed attack affects the constructed melee duelist; any movement/campaign clauses remain excluded.",,May select weapons from the Kislevite Warrior Equipment List; the profile entry does not allow armour.
source/bands/mordheim/kislevites/profiles.yaml/@/profiles/3/equipment_restrictions/0/unclassified,bands/mordheim/kislevites/profiles.yaml,9c17d32128295299cd154726539b5f6d690f08d7af64d77c266629bb58460bea,YES,construction,"Printed kit/access, hand/armour restriction or intrinsic unarmed attack affects the constructed melee duelist; any movement/campaign clauses remain excluded.",,May select weapons from the Kislevite Warrior Equipment List; the profile entry does not allow armour.
source/bands/mordheim/kislevites/profiles.yaml/@/profiles/7/equipment_restrictions/0/unclassified,bands/mordheim/kislevites/profiles.yaml,a7724307d814b8fec44249425f6230f1706b8c93586b8f7121e147d25071c498,YES,construction,"Printed kit/access, hand/armour restriction or intrinsic unarmed attack affects the constructed melee duelist; any movement/campaign clauses remain excluded.",,Uses only its claws and teeth; it cannot use weapons or armour.
source/bands/mordheim/knights-of-the-bitter-moors-mim/profiles.yaml/@/profiles/3/equipment_restrictions/0/unclassified,bands/mordheim/knights-of-the-bitter-moors-mim/profiles.yaml,613279e22a08b4c57b78bcbf001a56222b0e80bf3558c36d4c41e1d19159ca1c,YES,construction,"Printed kit/access, hand/armour restriction or intrinsic unarmed attack affects the constructed melee duelist; any movement/campaign clauses remain excluded.",,May not use missile weapons.
source/bands/mordheim/knights-of-the-bitter-moors-mim/profiles.yaml/@/profiles/5/equipment_restrictions/0/unclassified,bands/mordheim/knights-of-the-bitter-moors-mim/profiles.yaml,613279e22a08b4c57b78bcbf001a56222b0e80bf3558c36d4c41e1d19159ca1c,YES,construction,"Printed kit/access, hand/armour restriction or intrinsic unarmed attack affects the constructed melee duelist; any movement/campaign clauses remain excluded.",,May not use missile weapons.
source/bands/mordheim/lizardmen-lus/equipment-access.yaml/@/equipment_lists/0/items/1/notes/unclassified,bands/mordheim/lizardmen-lus/equipment-access.yaml,c13f36687266dea3bebbe587df61459241344ee695c8940c67500eb7d3438a51,YES,construction,Bearer/slot/combination restriction or explicit equipment equivalence affects construction of a legal duelist; pricing and shooting execution are excluded.,,counts as a club
source/bands/mordheim/lizardmen-lus/equipment-access.yaml/@/equipment_lists/1/items/1/notes/unclassified,bands/mordheim/lizardmen-lus/equipment-access.yaml,c13f36687266dea3bebbe587df61459241344ee695c8940c67500eb7d3438a51,YES,construction,Bearer/slot/combination restriction or explicit equipment equivalence affects construction of a legal duelist; pricing and shooting execution are excluded.,,counts as a club
source/bands/mordheim/lizardmen-lus/equipment-access.yaml/@/equipment_lists/1/items/10/notes/unclassified,bands/mordheim/lizardmen-lus/equipment-access.yaml,0a641f0c2f7db349d7701e3b005248098658c70ddb5fa8762fbd51a312c0c7e1,YES,construction,Bearer/slot/combination restriction or explicit equipment equivalence affects construction of a legal duelist; pricing and shooting execution are excluded.,,Skink Priest only
source/bands/mordheim/lizardmen-lus/equipment-access.yaml/@/equipment_lists/1/items/3/notes/unclassified,bands/mordheim/lizardmen-lus/equipment-access.yaml,90583feeab9764ccd61a58404cd743db80ea9c60ffdf97290ebebecc4e808522,YES,construction,Bearer/slot/combination restriction or explicit equipment equivalence affects construction of a legal duelist; pricing and shooting execution are excluded.,,Heroes only
source/bands/mordheim/lizardmen-lus/equipment-access.yaml/@/equipment_lists/2/items/0/notes/unclassified,bands/mordheim/lizardmen-lus/equipment-access.yaml,23691a163d068eeda971b78638942e87e08c691ae07e301474dbeae53ee81c00,YES,construction,Bearer/slot/combination restriction or explicit equipment equivalence affects construction of a legal duelist; pricing and shooting execution are excluded.,,Skink Heroes on missile weapons; Saurus on close combat weapons via Trading Chart
source/bands/mordheim/lizardmen-lus/equipment-access.yaml/@/equipment_lists/2/items/1/notes/unclassified,bands/mordheim/lizardmen-lus/equipment-access.yaml,23691a163d068eeda971b78638942e87e08c691ae07e301474dbeae53ee81c00,YES,construction,Bearer/slot/combination restriction or explicit equipment equivalence affects construction of a legal duelist; pricing and shooting execution are excluded.,,Skink Heroes on missile weapons; Saurus on close combat weapons via Trading Chart
source/bands/mordheim/lizardmen-lus/equipment-access.yaml/@/equipment_lists/2/items/2/notes/unclassified,bands/mordheim/lizardmen-lus/equipment-access.yaml,26502a5bc0000e08198fbe6a862a680649345c5ee1f6241b29cd0719b910f4ec,YES,construction,Bearer/slot/combination restriction or explicit equipment equivalence affects construction of a legal duelist; pricing and shooting execution are excluded.,,Skink henchmen; missile weapons; one battle
source/bands/mordheim/lizardmen-lus/equipment-access.yaml/@/equipment_lists/2/items/3/notes/unclassified,bands/mordheim/lizardmen-lus/equipment-access.yaml,5399b97174865dc26f6fe9badebc0d054c6df5d1fdfc79137321706e64264eee,YES,construction,Bearer/slot/combination restriction or explicit equipment equivalence affects construction of a legal duelist; pricing and shooting execution are excluded.,,Sacred Marking; Saurus only
source/bands/mordheim/lizardmen-lus/equipment-access.yaml/@/equipment_lists/2/items/4/notes/unclassified,bands/mordheim/lizardmen-lus/equipment-access.yaml,411effa013c9135ccf5894db5b9b9b5304318437f4d4267e4bfb0acb837a3b63,YES,construction,Bearer/slot/combination restriction or explicit equipment equivalence affects construction of a legal duelist; pricing and shooting execution are excluded.,,Sacred Marking; Skinks only
source/bands/mordheim/lords-of-the-marsh-mim/equipment-access.yaml/@/equipment_lists/0/items/1/notes/unclassified,bands/mordheim/lords-of-the-marsh-mim/equipment-access.yaml,6b7a702e63bf16cac9afdc36e1ef39d3a04459fd7ae022f2291bf7c1136fce49,YES,construction,Bearer/slot/combination restriction or explicit equipment equivalence affects construction of a legal duelist; pricing and shooting execution are excluded.,,Mace/Staff
source/bands/mordheim/lost-the-mou/equipment-access.yaml/@/equipment_lists/0/items/1/notes/unclassified,bands/mordheim/lost-the-mou/equipment-access.yaml,90583feeab9764ccd61a58404cd743db80ea9c60ffdf97290ebebecc4e808522,YES,construction,Bearer/slot/combination restriction or explicit equipment equivalence affects construction of a legal duelist; pricing and shooting execution are excluded.,,Heroes only
source/bands/mordheim/maneaters/equipment-access.yaml/@/equipment_lists/0/items/7/notes/unclassified,bands/mordheim/maneaters/equipment-access.yaml,cefb273b3dea2f48f31b695b5b095902a66ed412cc6f327192c887ff93d64175,YES,construction,Bearer/slot/combination restriction or explicit equipment equivalence affects construction of a legal duelist; pricing and shooting execution are excluded.,,Captain only.
source/bands/mordheim/masters-of-horror-sylv/profiles.yaml/@/profiles/2/equipment_restrictions/0/unclassified,bands/mordheim/masters-of-horror-sylv/profiles.yaml,c2de5d66744ada3159cb13c8b0c83f9cc77df7756bcf4d0a58e42ba4d8c3e9f6,YES,construction,"Printed kit/access, hand/armour restriction or intrinsic unarmed attack affects the constructed melee duelist; any movement/campaign clauses remain excluded.",,"A werewolf cannot bear equipment. They attack with tooth and claw, and suffer no penalties for doing so."
source/bands/mordheim/masters-of-horror-sylv/profiles.yaml/@/profiles/4/equipment_restrictions/0/unclassified,bands/mordheim/masters-of-horror-sylv/profiles.yaml,f33a3db50009b0a8e04a236768c925045376ed2ddcc59c94956611255aac087a,YES,construction,"Printed kit/access, hand/armour restriction or intrinsic unarmed attack affects the constructed melee duelist; any movement/campaign clauses remain excluded.",,"Zombies never carry any equipment, and do not suffer any penalties for this."
source/bands/mordheim/masters-of-horror-sylv/profiles.yaml/@/profiles/5/equipment_restrictions/0/unclassified,bands/mordheim/masters-of-horror-sylv/profiles.yaml,c17589b8cb90fd1d5e4544c5f8f2b1b584e7284e2628ff7de78d9ea80baace92,YES,construction,"Printed kit/access, hand/armour restriction or intrinsic unarmed attack affects the constructed melee duelist; any movement/campaign clauses remain excluded.",,"Flesh Constructs do not use weapons, and suffer no penalties."
source/bands/mordheim/mazzalupo-web/equipment-access.yaml/@/equipment_lists/0/items/14/notes/unclassified,bands/mordheim/mazzalupo-web/equipment-access.yaml,79274029f481a9f91556b74f386e0635719975b3b4a9fc1927c1ee3130d2ba15,YES,construction,Bearer/slot/combination restriction or explicit equipment equivalence affects construction of a legal duelist; pricing and shooting execution are excluded.,,* Fallen nobles may not ride a horse unless the Captain of the warband is riding a horse.
source/bands/mordheim/mazzalupo-web/equipment-access.yaml/@/equipment_lists/2/items/13/notes/unclassified,bands/mordheim/mazzalupo-web/equipment-access.yaml,9ba0925414fe51309b652a422488b5a7d39338a5cd917db98ac48939473f8e96,YES,construction,Bearer/slot/combination restriction or explicit equipment equivalence affects construction of a legal duelist; pricing and shooting execution are excluded.,,Sheepherders only; see Special Equipment (Strength test to acquire at warband creation exempt).
source/bands/mordheim/metal-mongers-mim/equipment-access.yaml/@/equipment_lists/0/items/1/notes/unclassified,bands/mordheim/metal-mongers-mim/equipment-access.yaml,1436498185f0dc1af3951cdd81b0cca7e87618f4a8194ccbcb5756c9e2846119,YES,construction,Bearer/slot/combination restriction or explicit equipment equivalence affects construction of a legal duelist; pricing and shooting execution are excluded.,,Counts as club
source/bands/mordheim/metal-mongers-mim/equipment-access.yaml/@/equipment_lists/0/items/15/notes/unclassified,bands/mordheim/metal-mongers-mim/equipment-access.yaml,087a2e1e6c47266bbc73454a4a496813aac310c3d47c0e5c7cb5f619dec9b1d9,YES,construction,Bearer/slot/combination restriction or explicit equipment equivalence affects construction of a legal duelist; pricing and shooting execution are excluded.,,Engineer Adept only; Rare 13
source/bands/mordheim/metal-mongers-mim/equipment-access.yaml/@/equipment_lists/0/items/2/notes/unclassified,bands/mordheim/metal-mongers-mim/equipment-access.yaml,bd62fdf72af34b53695aae0f1095d7895107e1e26c2a2e283cd4ec8b7ac7eaa0,YES,construction,Bearer/slot/combination restriction or explicit equipment equivalence affects construction of a legal duelist; pricing and shooting execution are excluded.,,Cutlass/Sword
source/bands/mordheim/metal-mongers-mim/equipment-access.yaml/@/equipment_lists/0/items/8/notes/unclassified,bands/mordheim/metal-mongers-mim/equipment-access.yaml,29cfeccbff8278a94ff85cbb360682ad042cd82cfafbed643fe4d0e0a89b186a,YES,construction,Bearer/slot/combination restriction or explicit equipment equivalence affects construction of a legal duelist; pricing and shooting execution are excluded.,,Counts as Handgun
source/bands/mordheim/metal-mongers-mim/equipment-access.yaml/@/equipment_lists/0/items/9/notes/unclassified,bands/mordheim/metal-mongers-mim/equipment-access.yaml,c00cbd87447f017283a5febfd9f3aa6720a4a14664e95ac56bce4c7688ebf1f4,YES,construction,Bearer/slot/combination restriction or explicit equipment equivalence affects construction of a legal duelist; pricing and shooting execution are excluded.,,Counts as Hochland long rifle
source/bands/mordheim/metal-mongers-mim/equipment-access.yaml/@/equipment_lists/1/items/1/notes/unclassified,bands/mordheim/metal-mongers-mim/equipment-access.yaml,1436498185f0dc1af3951cdd81b0cca7e87618f4a8194ccbcb5756c9e2846119,YES,construction,Bearer/slot/combination restriction or explicit equipment equivalence affects construction of a legal duelist; pricing and shooting execution are excluded.,,Counts as club
source/bands/mordheim/metal-mongers-mim/equipment-access.yaml/@/equipment_lists/1/items/2/notes/unclassified,bands/mordheim/metal-mongers-mim/equipment-access.yaml,bd62fdf72af34b53695aae0f1095d7895107e1e26c2a2e283cd4ec8b7ac7eaa0,YES,construction,Bearer/slot/combination restriction or explicit equipment equivalence affects construction of a legal duelist; pricing and shooting execution are excluded.,,Cutlass/Sword
source/bands/mordheim/metal-mongers-mim/profiles.yaml/@/profiles/5/equipment_restrictions/0/unclassified,bands/mordheim/metal-mongers-mim/profiles.yaml,b347834aaad7ea1874d233b1d82a68d67589ce34c12884fa0f7bd87db33bb4aa,YES,construction,"Printed kit/access, hand/armour restriction or intrinsic unarmed attack affects the constructed melee duelist; any movement/campaign clauses remain excluded.",,"Jaws, claws and brute force! A Machine-Ogre can be customised by a Skaven Hero with the Tinker-Rat special skill."
source/bands/mordheim/muzil-rel/profiles.yaml/@/profiles/3/equipment_restrictions/0/unclassified,bands/mordheim/muzil-rel/profiles.yaml,c46a57b888d60da5a9863e6390ef756eef0d2603183c28e4cf43526106f59282,YES,construction,"Profile/background eligibility affects the constructed duelist, not a new melee operator.",,Restricted to Townsmen.
source/bands/mordheim/necrarchs-mou/equipment-access.yaml/@/equipment_lists/0/items/10/notes/unclassified,bands/mordheim/necrarchs-mou/equipment-access.yaml,79c62cdb64e6a45a0f6490cb53793da3e7892618a7407457d5a1268f1680ab52,YES,construction,Bearer/slot/combination restriction or explicit equipment equivalence affects construction of a legal duelist; pricing and shooting execution are excluded.,,Nosferatu will never wear armour
source/bands/mordheim/necrarchs-mou/equipment-access.yaml/@/equipment_lists/0/items/9/notes/unclassified,bands/mordheim/necrarchs-mou/equipment-access.yaml,79c62cdb64e6a45a0f6490cb53793da3e7892618a7407457d5a1268f1680ab52,YES,construction,Bearer/slot/combination restriction or explicit equipment equivalence affects construction of a legal duelist; pricing and shooting execution are excluded.,,Nosferatu will never wear armour
source/bands/mordheim/necrarchs-mou/equipment-access.yaml/@/equipment_lists/1/items/12/notes/unclassified,bands/mordheim/necrarchs-mou/equipment-access.yaml,0684eceb7f435dd68ca1a9f2a136634fba62ead0c19ee236de5840522baf8cd5,YES,construction,Bearer/slot/combination restriction or explicit equipment equivalence affects construction of a legal duelist; pricing and shooting execution are excluded.,,Defiled only Defiled only.
source/bands/mordheim/necrarchs-mou/equipment-access.yaml/@/equipment_lists/1/items/13/notes/unclassified,bands/mordheim/necrarchs-mou/equipment-access.yaml,0684eceb7f435dd68ca1a9f2a136634fba62ead0c19ee236de5840522baf8cd5,YES,construction,Bearer/slot/combination restriction or explicit equipment equivalence affects construction of a legal duelist; pricing and shooting execution are excluded.,,Defiled only Defiled only.
source/bands/mordheim/night-goblins-kaz/equipment-access.yaml/@/equipment_lists/1/items/2/notes/unclassified,bands/mordheim/night-goblins-kaz/equipment-access.yaml,41e1ee14ad7426413d92d5d532fe94f59ecb668daa1a9f261cb9b1cf2f4b626f,YES,construction,Bearer/slot/combination restriction or explicit equipment equivalence affects construction of a legal duelist; pricing and shooting execution are excluded.,,Common (Fanatics only); rules as Best of TC.
source/bands/mordheim/night-goblins-kaz/equipment-access.yaml/@/equipment_lists/1/items/3/notes/unclassified,bands/mordheim/night-goblins-kaz/equipment-access.yaml,b00f29af08ca59bc241ee526e1d3f8b91031648d600b2c2ef48789c1b3b4bd42,YES,construction,Bearer/slot/combination restriction or explicit equipment equivalence affects construction of a legal duelist; pricing and shooting execution are excluded.,,Common (all Night Goblins); rules as Mordheim rulebook.
source/bands/mordheim/night-goblins-kaz/profiles.yaml/@/profiles/5/equipment_restrictions/0/unclassified,bands/mordheim/night-goblins-kaz/profiles.yaml,428c1ef7d48dad5780f62b89fadccbdc84dd3a33f77444f28f2d1765d488f199,YES,construction,"Printed kit/access, hand/armour restriction or intrinsic unarmed attack affects the constructed melee duelist; any movement/campaign clauses remain excluded.",,Big gob and brutality! Cave Squigs never use or need weapons or armour.
source/bands/mordheim/night-goblins-kaz/profiles.yaml/@/profiles/6/equipment_restrictions/0/unclassified,bands/mordheim/night-goblins-kaz/profiles.yaml,540590f63da251a8c249b69965b1d9bfb5cce5ba0ae3c6cb586d000545b7b50c,YES,construction,"Printed kit/access, hand/armour restriction or intrinsic unarmed attack affects the constructed melee duelist; any movement/campaign clauses remain excluded.",,"Trolls do not require weapons to fight but often carry a big club. In any event, Trolls can never be given weapons or armour."
source/bands/mordheim/night-goblins-kaz/profiles.yaml/@/profiles/7/equipment_restrictions/0/unclassified,bands/mordheim/night-goblins-kaz/profiles.yaml,fe8df2cfd240dc337e8466c0afc0b00c03916be94226d6d8d23bca5efa301199,YES,construction,"Printed kit/access, hand/armour restriction or intrinsic unarmed attack affects the constructed melee duelist; any movement/campaign clauses remain excluded.",,"Snotlings may only ever use a pointy stick, which they will find for themselves at no cost. This counts as a dagger and gives the enemy a +1 to his armour save or a 6+ save if he had none."
source/bands/mordheim/night-goblins-web/profiles.yaml/@/profiles/6/equipment_restrictions/0/unclassified,bands/mordheim/night-goblins-web/profiles.yaml,dae0faf843e8e4b697397e5482e8824175a43e7cd7189d5caf359aa8c1e77696,YES,construction,"Printed kit/access, hand/armour restriction or intrinsic unarmed attack affects the constructed melee duelist; any movement/campaign clauses remain excluded.",,Cave Squigs never use or need weapons or armour.
source/bands/mordheim/night-goblins-web/profiles.yaml/@/profiles/7/equipment_restrictions/0/unclassified,bands/mordheim/night-goblins-web/profiles.yaml,ef0937f50c595a1b614d105a5647c76faf054379b88862d9168235ab807a633f,YES,construction,"Printed kit/access, hand/armour restriction or intrinsic unarmed attack affects the constructed melee duelist; any movement/campaign clauses remain excluded.",,"Snotlings may only ever use their free pointy stick or similar mundane object, which counts as a dagger."
source/bands/mordheim/night-goblins-web/profiles.yaml/@/profiles/8/equipment_restrictions/0/unclassified,bands/mordheim/night-goblins-web/profiles.yaml,0f4408294b3c9b0245a786f4e432a4226d549a03cb22491846403208f0f4d322,YES,construction,"Printed kit/access, hand/armour restriction or intrinsic unarmed attack affects the constructed melee duelist; any movement/campaign clauses remain excluded.",,Great Squigs never use or need weapons or armour.
source/bands/mordheim/night-goblins-web/profiles.yaml/@/profiles/9/equipment_restrictions/0/unclassified,bands/mordheim/night-goblins-web/profiles.yaml,2fee864d92549f8ba904e3019e021e9c21396791c669f3045f5847934614c142,YES,construction,"Printed kit/access, hand/armour restriction or intrinsic unarmed attack affects the constructed melee duelist; any movement/campaign clauses remain excluded.",,Trolls can never be given weapons or armour.
source/bands/mordheim/nipponese-expedition-web/profiles.yaml/@/profiles/1/equipment_restrictions/0/unclassified,bands/mordheim/nipponese-expedition-web/profiles.yaml,fee602bccc4a81f7efafbabc3402e96ad9a2f4bf33576e911ee0e6fef1b3da5a,YES,construction,"Printed kit/access, hand/armour restriction or intrinsic unarmed attack affects the constructed melee duelist; any movement/campaign clauses remain excluded.",,Tenants of the Order: with the exception of a walking staff (club) and a dagger the Vim-To Mage may never have any equipment.
source/bands/mordheim/nipponese-expedition-web/profiles.yaml/@/profiles/1/equipment_restrictions/1/unclassified,bands/mordheim/nipponese-expedition-web/profiles.yaml,f93fc348ee1922a57da8f457199383492a8a3b574ac1e6c24a7934feb3b9b134,YES,construction,"Printed kit/access, hand/armour restriction or intrinsic unarmed attack affects the constructed melee duelist; any movement/campaign clauses remain excluded.",,Walking staff (club)
source/bands/mordheim/nipponese-expedition-web/profiles.yaml/@/profiles/6/equipment_restrictions/0/unclassified,bands/mordheim/nipponese-expedition-web/profiles.yaml,f601314d8ab6d0e503f71cfeec6845c6340b625b87fc9851b7b3b8a536c263b8,YES,construction,"Printed kit/access, hand/armour restriction or intrinsic unarmed attack affects the constructed melee duelist; any movement/campaign clauses remain excluded.",,May not wear armour.
source/bands/mordheim/norse-explorers-lustria/profiles.yaml/@/profiles/2/equipment_restrictions/0/unclassified,bands/mordheim/norse-explorers-lustria/profiles.yaml,57b7c015620850e387c3f5ed1d34f3657135d55a6de365ad3023ae4a7228ea6b,YES,construction,"Printed kit/access, hand/armour restriction or intrinsic unarmed attack affects the constructed melee duelist; any movement/campaign clauses remain excluded.",,May never use weapons or armour and suffers no penalty for fighting unarmed.
source/bands/mordheim/norse-explorers-lustria/profiles.yaml/@/profiles/6/equipment_restrictions/0/unclassified,bands/mordheim/norse-explorers-lustria/profiles.yaml,7ab79fac3361e9f579212c3f0d349ff6343c8781147e9acbf0ea9b9b47605e98,YES,construction,"Printed kit/access, hand/armour restriction or intrinsic unarmed attack affects the constructed melee duelist; any movement/campaign clauses remain excluded.",,Wolves never use or need weapons or armour and fight with their natural fangs.
source/bands/mordheim/orc-mob/profiles.yaml/@/profiles/5/equipment_restrictions/0/unclassified,bands/mordheim/orc-mob/profiles.yaml,dae0faf843e8e4b697397e5482e8824175a43e7cd7189d5caf359aa8c1e77696,YES,construction,"Printed kit/access, hand/armour restriction or intrinsic unarmed attack affects the constructed melee duelist; any movement/campaign clauses remain excluded.",,Cave Squigs never use or need weapons or armour.
source/bands/mordheim/orc-mob/profiles.yaml/@/profiles/6/equipment_restrictions/0/unclassified,bands/mordheim/orc-mob/profiles.yaml,2fee864d92549f8ba904e3019e021e9c21396791c669f3045f5847934614c142,YES,construction,"Printed kit/access, hand/armour restriction or intrinsic unarmed attack affects the constructed melee duelist; any movement/campaign clauses remain excluded.",,Trolls can never be given weapons or armour.
source/bands/mordheim/orc-pirates-sar/equipment-access.yaml/@/equipment_lists/0/items/2/notes/unclassified,bands/mordheim/orc-pirates-sar/equipment-access.yaml,90583feeab9764ccd61a58404cd743db80ea9c60ffdf97290ebebecc4e808522,YES,construction,Bearer/slot/combination restriction or explicit equipment equivalence affects construction of a legal duelist; pricing and shooting execution are excluded.,,Heroes only
source/bands/mordheim/orc-pirates-sar/equipment-access.yaml/@/equipment_lists/1/items/12/notes/unclassified,bands/mordheim/orc-pirates-sar/equipment-access.yaml,0bce24d50badcc612205c8e6a5b4fcf6f3b3c8bac49ce090c698fd8ce7df2f98,YES,construction,Bearer/slot/combination restriction or explicit equipment equivalence affects construction of a legal duelist; pricing and shooting execution are excluded.,,Enjuneer only
source/bands/mordheim/orc-pirates-sar/equipment-access.yaml/@/equipment_lists/1/items/4/notes/unclassified,bands/mordheim/orc-pirates-sar/equipment-access.yaml,90583feeab9764ccd61a58404cd743db80ea9c60ffdf97290ebebecc4e808522,YES,construction,Bearer/slot/combination restriction or explicit equipment equivalence affects construction of a legal duelist; pricing and shooting execution are excluded.,,Heroes only
source/bands/mordheim/orc-pirates-sar/equipment-access.yaml/@/equipment_lists/1/items/7/notes/unclassified,bands/mordheim/orc-pirates-sar/equipment-access.yaml,0c8950ac52dc47a0912599be46308e7907317802c06352659d8d721de7885edf,YES,construction,Bearer/slot/combination restriction or explicit equipment equivalence affects construction of a legal duelist; pricing and shooting execution are excluded.,,30 for a brace; Enjuneer only
source/bands/mordheim/orc-pirates-sar/equipment-access.yaml/@/equipment_lists/1/items/8/notes/unclassified,bands/mordheim/orc-pirates-sar/equipment-access.yaml,35b79a518005cfb7a27c7ab2397ed1e8f95ec14873f8c6665e56f75e5910c381,YES,construction,Bearer/slot/combination restriction or explicit equipment equivalence affects construction of a legal duelist; pricing and shooting execution are excluded.,,40 for a brace; Enjuneer only
source/bands/mordheim/ostlanders/profiles.yaml/@/profiles/2/equipment_restrictions/0/unclassified,bands/mordheim/ostlanders/profiles.yaml,d8714608c5be97abe59584021d8c203606b3b9456c6999646e2d7efcb79899a5,YES,construction,"Printed kit/access, hand/armour restriction or intrinsic unarmed attack affects the constructed melee duelist; any movement/campaign clauses remain excluded.",,"May select weapons and armour from the Ostlander Equipment List, but may never wear heavy armour."
source/bands/mordheim/ostlanders/profiles.yaml/@/profiles/5/equipment_restrictions/0/unclassified,bands/mordheim/ostlanders/profiles.yaml,307aaffcc36159d3a8cfbe70827ecdd254b836297c4e536c5240945d35a27b95,YES,construction,"Printed kit/access, hand/armour restriction or intrinsic unarmed attack affects the constructed melee duelist; any movement/campaign clauses remain excluded.",,"Ruffians may never use missile weapons, even if an Advance would otherwise allow them to do so."
source/bands/mordheim/outlaws-of-stirwood-forest/equipment-access.yaml/@/equipment_lists/0/items/11/notes/unclassified,bands/mordheim/outlaws-of-stirwood-forest/equipment-access.yaml,113304bdbcdf287f191d916705c48a70658eb5aa5c5149de7ee3b62b70ce79d2,YES,construction,Bearer/slot/combination restriction or explicit equipment equivalence affects construction of a legal duelist; pricing and shooting execution are excluded.,,Heroes and Marksmen only.
source/bands/mordheim/outlaws-of-stirwood-forest/equipment-access.yaml/@/equipment_lists/0/items/12/notes/unclassified,bands/mordheim/outlaws-of-stirwood-forest/equipment-access.yaml,113304bdbcdf287f191d916705c48a70658eb5aa5c5149de7ee3b62b70ce79d2,YES,construction,Bearer/slot/combination restriction or explicit equipment equivalence affects construction of a legal duelist; pricing and shooting execution are excluded.,,Heroes and Marksmen only.
source/bands/mordheim/outlaws-of-stirwood-forest/equipment-access.yaml/@/equipment_lists/0/items/13/notes/unclassified,bands/mordheim/outlaws-of-stirwood-forest/equipment-access.yaml,e615ee1f099c709d30e93276444ca16261ef73fae1d264b1183a7efafb3b0834,YES,construction,Bearer/slot/combination restriction or explicit equipment equivalence affects construction of a legal duelist; pricing and shooting execution are excluded.,,Heroes only.
source/bands/mordheim/outlaws-of-stirwood-forest/equipment-access.yaml/@/equipment_lists/0/items/8/notes/unclassified,bands/mordheim/outlaws-of-stirwood-forest/equipment-access.yaml,113304bdbcdf287f191d916705c48a70658eb5aa5c5149de7ee3b62b70ce79d2,YES,construction,Bearer/slot/combination restriction or explicit equipment equivalence affects construction of a legal duelist; pricing and shooting execution are excluded.,,Heroes and Marksmen only.
source/bands/mordheim/outlaws-of-stirwood-forest/profiles.yaml/@/profiles/0/equipment_restrictions/0/unclassified,bands/mordheim/outlaws-of-stirwood-forest/profiles.yaml,37461261caab634d27a181789c351eff13ec8c04268bc87a29fca467109e263b,YES,construction,"Printed kit/access, hand/armour restriction or intrinsic unarmed attack affects the constructed melee duelist; any movement/campaign clauses remain excluded.",,"May carry only one missile weapon at a time and must carry a bow-type missile weapon (short bow, bow, or long bow where eligible). Crossbows are not permitted."
source/bands/mordheim/outlaws-of-stirwood-forest/profiles.yaml/@/profiles/1/equipment_restrictions/0/unclassified,bands/mordheim/outlaws-of-stirwood-forest/profiles.yaml,37461261caab634d27a181789c351eff13ec8c04268bc87a29fca467109e263b,YES,construction,"Printed kit/access, hand/armour restriction or intrinsic unarmed attack affects the constructed melee duelist; any movement/campaign clauses remain excluded.",,"May carry only one missile weapon at a time and must carry a bow-type missile weapon (short bow, bow, or long bow where eligible). Crossbows are not permitted."
source/bands/mordheim/outlaws-of-stirwood-forest/profiles.yaml/@/profiles/2/equipment_restrictions/0/unclassified,bands/mordheim/outlaws-of-stirwood-forest/profiles.yaml,7c0af88cc0811a4064e6eccfaa5565cc48e80390cea789c475a5c3070f3c7ae2,YES,construction,"Printed kit/access, hand/armour restriction or intrinsic unarmed attack affects the constructed melee duelist; any movement/campaign clauses remain excluded.",,"May carry only one missile weapon at a time. Unlike other Outlaws, the Cleric is not required to carry a bow."
source/bands/mordheim/outlaws-of-stirwood-forest/profiles.yaml/@/profiles/2/equipment_restrictions/1/unclassified,bands/mordheim/outlaws-of-stirwood-forest/profiles.yaml,f0048de1b029f6318f44f5b2364d79e22ef39b59261aab55675dd587843ae1c0,YES,construction,"Printed kit/access, hand/armour restriction or intrinsic unarmed attack affects the constructed melee duelist; any movement/campaign clauses remain excluded.",,May wear armour; Prayers of Sigmar do not prevent the Cleric from wearing armour.
source/bands/mordheim/outlaws-of-stirwood-forest/profiles.yaml/@/profiles/3/equipment_restrictions/0/unclassified,bands/mordheim/outlaws-of-stirwood-forest/profiles.yaml,37461261caab634d27a181789c351eff13ec8c04268bc87a29fca467109e263b,YES,construction,"Printed kit/access, hand/armour restriction or intrinsic unarmed attack affects the constructed melee duelist; any movement/campaign clauses remain excluded.",,"May carry only one missile weapon at a time and must carry a bow-type missile weapon (short bow, bow, or long bow where eligible). Crossbows are not permitted."
source/bands/mordheim/outlaws-of-stirwood-forest/profiles.yaml/@/profiles/4/equipment_restrictions/0/unclassified,bands/mordheim/outlaws-of-stirwood-forest/profiles.yaml,37461261caab634d27a181789c351eff13ec8c04268bc87a29fca467109e263b,YES,construction,"Printed kit/access, hand/armour restriction or intrinsic unarmed attack affects the constructed melee duelist; any movement/campaign clauses remain excluded.",,"May carry only one missile weapon at a time and must carry a bow-type missile weapon (short bow, bow, or long bow where eligible). Crossbows are not permitted."
source/bands/mordheim/outlaws-of-stirwood-forest/profiles.yaml/@/profiles/5/equipment_restrictions/0/unclassified,bands/mordheim/outlaws-of-stirwood-forest/profiles.yaml,37461261caab634d27a181789c351eff13ec8c04268bc87a29fca467109e263b,YES,construction,"Printed kit/access, hand/armour restriction or intrinsic unarmed attack affects the constructed melee duelist; any movement/campaign clauses remain excluded.",,"May carry only one missile weapon at a time and must carry a bow-type missile weapon (short bow, bow, or long bow where eligible). Crossbows are not permitted."
source/bands/mordheim/pirates-of-the-cathayan-sea-sar/profiles.yaml/@/profiles/0/equipment_restrictions/0/unclassified,bands/mordheim/pirates-of-the-cathayan-sea-sar/profiles.yaml,f601314d8ab6d0e503f71cfeec6845c6340b625b87fc9851b7b3b8a536c263b8,YES,construction,"Printed kit/access, hand/armour restriction or intrinsic unarmed attack affects the constructed melee duelist; any movement/campaign clauses remain excluded.",,May not wear armour.
source/bands/mordheim/pirates-of-the-cathayan-sea-sar/profiles.yaml/@/profiles/1/equipment_restrictions/0/unclassified,bands/mordheim/pirates-of-the-cathayan-sea-sar/profiles.yaml,f601314d8ab6d0e503f71cfeec6845c6340b625b87fc9851b7b3b8a536c263b8,YES,construction,"Printed kit/access, hand/armour restriction or intrinsic unarmed attack affects the constructed melee duelist; any movement/campaign clauses remain excluded.",,May not wear armour.
source/bands/mordheim/pirates-of-the-cathayan-sea-sar/profiles.yaml/@/profiles/2/equipment_restrictions/0/unclassified,bands/mordheim/pirates-of-the-cathayan-sea-sar/profiles.yaml,6bc39639ce3e97ff9c2f3018affd91410f5cebb0dc54b6671187fb6c0181511b,YES,construction,"Printed kit/access, hand/armour restriction or intrinsic unarmed attack affects the constructed melee duelist; any movement/campaign clauses remain excluded.",,May never wear armour. Suffers no penalties for fighting unarmed and receives +1 Attack when doing so.
source/bands/mordheim/pirates-of-the-cathayan-sea-sar/profiles.yaml/@/profiles/2/equipment_restrictions/2/unclassified,bands/mordheim/pirates-of-the-cathayan-sea-sar/profiles.yaml,f601314d8ab6d0e503f71cfeec6845c6340b625b87fc9851b7b3b8a536c263b8,YES,construction,"Printed kit/access, hand/armour restriction or intrinsic unarmed attack affects the constructed melee duelist; any movement/campaign clauses remain excluded.",,May not wear armour.
source/bands/mordheim/pirates-of-the-cathayan-sea-sar/profiles.yaml/@/profiles/3/equipment_restrictions/0/unclassified,bands/mordheim/pirates-of-the-cathayan-sea-sar/profiles.yaml,f601314d8ab6d0e503f71cfeec6845c6340b625b87fc9851b7b3b8a536c263b8,YES,construction,"Printed kit/access, hand/armour restriction or intrinsic unarmed attack affects the constructed melee duelist; any movement/campaign clauses remain excluded.",,May not wear armour.
source/bands/mordheim/pirates-of-the-cathayan-sea-sar/profiles.yaml/@/profiles/4/equipment_restrictions/0/unclassified,bands/mordheim/pirates-of-the-cathayan-sea-sar/profiles.yaml,f601314d8ab6d0e503f71cfeec6845c6340b625b87fc9851b7b3b8a536c263b8,YES,construction,"Printed kit/access, hand/armour restriction or intrinsic unarmed attack affects the constructed melee duelist; any movement/campaign clauses remain excluded.",,May not wear armour.
source/bands/mordheim/pirates-of-the-cathayan-sea-sar/profiles.yaml/@/profiles/5/equipment_restrictions/0/unclassified,bands/mordheim/pirates-of-the-cathayan-sea-sar/profiles.yaml,f601314d8ab6d0e503f71cfeec6845c6340b625b87fc9851b7b3b8a536c263b8,YES,construction,"Printed kit/access, hand/armour restriction or intrinsic unarmed attack affects the constructed melee duelist; any movement/campaign clauses remain excluded.",,May not wear armour.
source/bands/mordheim/pirates-of-the-cathayan-sea-sar/profiles.yaml/@/profiles/6/equipment_restrictions/0/unclassified,bands/mordheim/pirates-of-the-cathayan-sea-sar/profiles.yaml,f601314d8ab6d0e503f71cfeec6845c6340b625b87fc9851b7b3b8a536c263b8,YES,construction,"Printed kit/access, hand/armour restriction or intrinsic unarmed attack affects the constructed melee duelist; any movement/campaign clauses remain excluded.",,May not wear armour.
source/bands/mordheim/pirates/profiles.yaml/@/profiles/5/equipment_restrictions/1/unclassified,bands/mordheim/pirates/profiles.yaml,3f276b3b6e034cc3bc2d8a5e71895c9421532aa4162401a0fce18a71dc8ecd19,YES,construction,"Printed kit/access, hand/armour restriction or intrinsic unarmed attack affects the constructed melee duelist; any movement/campaign clauses remain excluded.",,May additionally select weapons and armour from the Pirate Equipment List.
source/bands/mordheim/protectorate-of-sigmar-lotd3/equipment-access.yaml/@/equipment_lists/0/items/15/notes/unclassified,bands/mordheim/protectorate-of-sigmar-lotd3/equipment-access.yaml,955a3ef88e68511de97d7e800e4fa96c9ef3c0c6c186dcac67b6c8ede8950d04,YES,construction,Bearer/slot/combination restriction or explicit equipment equivalence affects construction of a legal duelist; pricing and shooting execution are excluded.,,Heroes only (marked * in the source list).
source/bands/mordheim/protectorate-of-sigmar-lotd3/equipment-access.yaml/@/equipment_lists/0/items/16/notes/unclassified,bands/mordheim/protectorate-of-sigmar-lotd3/equipment-access.yaml,6354059ddd27fb07ce5a14e0af831a1089225bc26059dd983fa0233b31aa4b03,YES,construction,Bearer/slot/combination restriction or explicit equipment equivalence affects construction of a legal duelist; pricing and shooting execution are excluded.,,Holy Water; Heroes only (marked * in the source list).
source/bands/mordheim/protectorate-of-sigmar-lotd3/equipment-access.yaml/@/equipment_lists/0/items/17/notes/unclassified,bands/mordheim/protectorate-of-sigmar-lotd3/equipment-access.yaml,955a3ef88e68511de97d7e800e4fa96c9ef3c0c6c186dcac67b6c8ede8950d04,YES,construction,Bearer/slot/combination restriction or explicit equipment equivalence affects construction of a legal duelist; pricing and shooting execution are excluded.,,Heroes only (marked * in the source list).
source/bands/mordheim/protectorate-of-sigmar-lotd3/equipment-access.yaml/@/equipment_lists/0/items/18/notes/unclassified,bands/mordheim/protectorate-of-sigmar-lotd3/equipment-access.yaml,955a3ef88e68511de97d7e800e4fa96c9ef3c0c6c186dcac67b6c8ede8950d04,YES,construction,Bearer/slot/combination restriction or explicit equipment equivalence affects construction of a legal duelist; pricing and shooting execution are excluded.,,Heroes only (marked * in the source list).
source/bands/mordheim/protectorate-of-sigmar-lotd3/equipment-access.yaml/@/equipment_lists/0/items/6/notes/unclassified,bands/mordheim/protectorate-of-sigmar-lotd3/equipment-access.yaml,955a3ef88e68511de97d7e800e4fa96c9ef3c0c6c186dcac67b6c8ede8950d04,YES,construction,Bearer/slot/combination restriction or explicit equipment equivalence affects construction of a legal duelist; pricing and shooting execution are excluded.,,Heroes only (marked * in the source list).
source/bands/mordheim/restless-dead/profiles.yaml/@/profiles/0/equipment_restrictions/0/unclassified,bands/mordheim/restless-dead/profiles.yaml,3d8245b74606c4b1e079f20c8957085563222e538d1caf3a067e6b0819f6817b,YES,construction,"Printed kit/access, hand/armour restriction or intrinsic unarmed attack affects the constructed melee duelist; any movement/campaign clauses remain excluded.",,May wear armour from the Restless Dead Equipment List.
source/bands/mordheim/restless-dead/profiles.yaml/@/profiles/3/equipment_restrictions/0/unclassified,bands/mordheim/restless-dead/profiles.yaml,5bb2e78ffa87e6c79a490be8bdbd462e095f141fcd1e4dbc91a3ab201164f75f,YES,construction,"Printed kit/access, hand/armour restriction or intrinsic unarmed attack affects the constructed melee duelist; any movement/campaign clauses remain excluded.",,May not carry weapons or wear armour and suffers no penalty for fighting unarmed.
source/bands/mordheim/restless-dead/profiles.yaml/@/profiles/6/equipment_restrictions/0/unclassified,bands/mordheim/restless-dead/profiles.yaml,759230c1f84e0d24d4ae97d2ea5ec2bd0e5e7499933d1fc3642b62460454fcec,YES,construction,"Printed kit/access, hand/armour restriction or intrinsic unarmed attack affects the constructed melee duelist; any movement/campaign clauses remain excluded.",,Carries no equipment and suffers no penalty for fighting unarmed.
source/bands/mordheim/sartosan-pirates-sar/profiles.yaml/@/profiles/0/equipment_restrictions/0/unclassified,bands/mordheim/sartosan-pirates-sar/profiles.yaml,f601314d8ab6d0e503f71cfeec6845c6340b625b87fc9851b7b3b8a536c263b8,YES,construction,"Printed kit/access, hand/armour restriction or intrinsic unarmed attack affects the constructed melee duelist; any movement/campaign clauses remain excluded.",,May not wear armour.
source/bands/mordheim/sartosan-pirates-sar/profiles.yaml/@/profiles/1/equipment_restrictions/0/unclassified,bands/mordheim/sartosan-pirates-sar/profiles.yaml,f601314d8ab6d0e503f71cfeec6845c6340b625b87fc9851b7b3b8a536c263b8,YES,construction,"Printed kit/access, hand/armour restriction or intrinsic unarmed attack affects the constructed melee duelist; any movement/campaign clauses remain excluded.",,May not wear armour.
source/bands/mordheim/sartosan-pirates-sar/profiles.yaml/@/profiles/2/equipment_restrictions/0/unclassified,bands/mordheim/sartosan-pirates-sar/profiles.yaml,f601314d8ab6d0e503f71cfeec6845c6340b625b87fc9851b7b3b8a536c263b8,YES,construction,"Printed kit/access, hand/armour restriction or intrinsic unarmed attack affects the constructed melee duelist; any movement/campaign clauses remain excluded.",,May not wear armour.
source/bands/mordheim/sartosan-pirates-sar/profiles.yaml/@/profiles/3/equipment_restrictions/0/unclassified,bands/mordheim/sartosan-pirates-sar/profiles.yaml,f601314d8ab6d0e503f71cfeec6845c6340b625b87fc9851b7b3b8a536c263b8,YES,construction,"Printed kit/access, hand/armour restriction or intrinsic unarmed attack affects the constructed melee duelist; any movement/campaign clauses remain excluded.",,May not wear armour.
source/bands/mordheim/sartosan-pirates-sar/profiles.yaml/@/profiles/4/equipment_restrictions/0/unclassified,bands/mordheim/sartosan-pirates-sar/profiles.yaml,f601314d8ab6d0e503f71cfeec6845c6340b625b87fc9851b7b3b8a536c263b8,YES,construction,"Printed kit/access, hand/armour restriction or intrinsic unarmed attack affects the constructed melee duelist; any movement/campaign clauses remain excluded.",,May not wear armour.
source/bands/mordheim/sartosan-pirates-sar/profiles.yaml/@/profiles/5/equipment_restrictions/1/unclassified,bands/mordheim/sartosan-pirates-sar/profiles.yaml,f601314d8ab6d0e503f71cfeec6845c6340b625b87fc9851b7b3b8a536c263b8,YES,construction,"Printed kit/access, hand/armour restriction or intrinsic unarmed attack affects the constructed melee duelist; any movement/campaign clauses remain excluded.",,May not wear armour.
source/bands/mordheim/savage-orcs-kaz/equipment-access.yaml/@/equipment_lists/0/items/12/notes/unclassified,bands/mordheim/savage-orcs-kaz/equipment-access.yaml,f07d526e05763b85800eae1afb1c6da4253be6446a481238ec1749e70d29f720,YES,construction,Bearer/slot/combination restriction or explicit equipment equivalence affects construction of a legal duelist; pricing and shooting execution are excluded.,,"Rare 6; not while mounted, not goblins, no other weapon combinations."
source/bands/mordheim/savage-orcs-kaz/equipment-access.yaml/@/equipment_lists/0/items/13/notes/unclassified,bands/mordheim/savage-orcs-kaz/equipment-access.yaml,407e67aa44ec5dab3b8833efb3843936cd60151fdef68edacf860ebbab4a70aa,YES,construction,Bearer/slot/combination restriction or explicit equipment equivalence affects construction of a legal duelist; pricing and shooting execution are excluded.,,"Rare 6, one use only; also useable by Savage Goblin Boyz."
source/bands/mordheim/savage-orcs-kaz/equipment-access.yaml/@/equipment_lists/0/items/14/notes/unclassified,bands/mordheim/savage-orcs-kaz/equipment-access.yaml,29831cddbc2a2a3ccd63839fe74209995f4e8ba72fd27e35faabb0e274183cf7,YES,construction,Bearer/slot/combination restriction or explicit equipment equivalence affects construction of a legal duelist; pricing and shooting execution are excluded.,,Any Orc warband (not Goblins); not with Warpaint or light armour.
source/bands/mordheim/savage-orcs-kaz/equipment-access.yaml/@/equipment_lists/0/items/7/notes/unclassified,bands/mordheim/savage-orcs-kaz/equipment-access.yaml,144d669d1e3de6e4ed726c3b4a7d3bff6042f117e12f43a72161461fc9146327,YES,construction,Bearer/slot/combination restriction or explicit equipment equivalence affects construction of a legal duelist; pricing and shooting execution are excluded.,,Not Gobbo Boyz.
source/bands/mordheim/savage-orcs-kaz/equipment-access.yaml/@/equipment_lists/0/items/9/notes/unclassified,bands/mordheim/savage-orcs-kaz/equipment-access.yaml,e615ee1f099c709d30e93276444ca16261ef73fae1d264b1183a7efafb3b0834,YES,construction,Bearer/slot/combination restriction or explicit equipment equivalence affects construction of a legal duelist; pricing and shooting execution are excluded.,,Heroes only.
source/bands/mordheim/savage-orcs-kaz/equipment-access.yaml/@/equipment_lists/1/items/0/notes/unclassified,bands/mordheim/savage-orcs-kaz/equipment-access.yaml,b37dc3ac65ef3529c12f3c415dde449ebc39c7a421a6c1968ad2d8872719d8c4,YES,construction,Bearer/slot/combination restriction or explicit equipment equivalence affects construction of a legal duelist; pricing and shooting execution are excluded.,,Rare 11; mount for one Savage Orc hero.
source/bands/mordheim/savage-orcs-kaz/equipment-access.yaml/@/equipment_lists/1/items/1/notes/unclassified,bands/mordheim/savage-orcs-kaz/equipment-access.yaml,c75955817c4b033f2c13368256a0e04e6bdeada37bffa810c4a84c3ea44a44bc,YES,construction,Bearer/slot/combination restriction or explicit equipment equivalence affects construction of a legal duelist; pricing and shooting execution are excluded.,,Rare 10; cannot be ridden; not in a warband that already contains Giant Spiders.
source/bands/mordheim/savage-orcs-kaz/equipment-access.yaml/@/equipment_lists/1/items/2/notes/unclassified,bands/mordheim/savage-orcs-kaz/equipment-access.yaml,c18922b194c4f619c5f10ef854c4bd0a9a1265254521a21950544186eddc742a,YES,construction,Bearer/slot/combination restriction or explicit equipment equivalence affects construction of a legal duelist; pricing and shooting execution are excluded.,,Rare 11; cannot be ridden; not in a warband that already contains Giant Wolves.
source/bands/mordheim/savage-orcs-sar/profiles.yaml/@/profiles/1/equipment_restrictions/0/unclassified,bands/mordheim/savage-orcs-sar/profiles.yaml,9a378f1d5fdbfb5609af913c34f7b4a7d5b2889b1b9675404588edae5281a65d,YES,construction,"Printed kit/access, hand/armour restriction or intrinsic unarmed attack affects the constructed melee duelist; any movement/campaign clauses remain excluded.",,"May select weapons from the Orc Equipment List, but may never wear armour."
source/bands/mordheim/savage-orcs-sar/profiles.yaml/@/profiles/5/equipment_restrictions/0/unclassified,bands/mordheim/savage-orcs-sar/profiles.yaml,dae0faf843e8e4b697397e5482e8824175a43e7cd7189d5caf359aa8c1e77696,YES,construction,"Printed kit/access, hand/armour restriction or intrinsic unarmed attack affects the constructed melee duelist; any movement/campaign clauses remain excluded.",,Cave Squigs never use or need weapons or armour.
source/bands/mordheim/savage-orcs-sar/profiles.yaml/@/profiles/6/equipment_restrictions/0/unclassified,bands/mordheim/savage-orcs-sar/profiles.yaml,2fee864d92549f8ba904e3019e021e9c21396791c669f3045f5847934614c142,YES,construction,"Printed kit/access, hand/armour restriction or intrinsic unarmed attack affects the constructed melee duelist; any movement/campaign clauses remain excluded.",,Trolls can never be given weapons or armour.
source/bands/mordheim/sea-ghosts-mim/equipment-access.yaml/@/equipment_lists/0/items/17/notes/unclassified,bands/mordheim/sea-ghosts-mim/equipment-access.yaml,45aae3af027a5bc10354257dec7874dfbdefd3f7d5528bf4fb0f7519a85e41a2,YES,construction,Bearer/slot/combination restriction or explicit equipment equivalence affects construction of a legal duelist; pricing and shooting execution are excluded.,,Minstrels only
source/bands/mordheim/sea-ghosts-mim/equipment-access.yaml/@/equipment_lists/0/items/4/notes/unclassified,bands/mordheim/sea-ghosts-mim/equipment-access.yaml,2a57f13b4bb7562e88922850daa92a6ad20b23616fdf837934b20f41d8d2b8d7,YES,construction,Bearer/slot/combination restriction or explicit equipment equivalence affects construction of a legal duelist; pricing and shooting execution are excluded.,,Sword/Glaive
source/bands/mordheim/sea-ghosts-mim/equipment-access.yaml/@/equipment_lists/1/items/2/notes/unclassified,bands/mordheim/sea-ghosts-mim/equipment-access.yaml,2a57f13b4bb7562e88922850daa92a6ad20b23616fdf837934b20f41d8d2b8d7,YES,construction,Bearer/slot/combination restriction or explicit equipment equivalence affects construction of a legal duelist; pricing and shooting execution are excluded.,,Sword/Glaive
source/bands/mordheim/sea-ghosts-mim/equipment-access.yaml/@/equipment_lists/1/items/3/notes/unclassified,bands/mordheim/sea-ghosts-mim/equipment-access.yaml,91c4cfbda1e8ac33ccc4dca82c62724f628f1eefe3abaf2b27d6e4c4d3436d2b,YES,construction,Bearer/slot/combination restriction or explicit equipment equivalence affects construction of a legal duelist; pricing and shooting execution are excluded.,,Counts as Halberd
source/bands/mordheim/shadow-warriors/profiles.yaml/@/profiles/2/equipment_restrictions/0/unclassified,bands/mordheim/shadow-warriors/profiles.yaml,b20554195567c92a3c643f2ed08fe45c07fe68bf4d67201366c9f65bf5a15b69,YES,construction,"Printed kit/access, hand/armour restriction or intrinsic unarmed attack affects the constructed melee duelist; any movement/campaign clauses remain excluded.",,"May select weapons and armour from the Shadow Warrior Equipment List, but may not cast spells while wearing armour."
source/bands/mordheim/silent-brotherhood-sc/equipment-access.yaml/@/equipment_lists/0/items/12/notes/unclassified,bands/mordheim/silent-brotherhood-sc/equipment-access.yaml,3f16ef2e6889611d8f3e75b719dd6fad9234693931eb6bc0093364b8aba1e621,YES,construction,Bearer/slot/combination restriction or explicit equipment equivalence affects construction of a legal duelist; pricing and shooting execution are excluded.,,Cloak (counts as buckler)
source/bands/mordheim/silent-brotherhood-sc/equipment-access.yaml/@/equipment_lists/0/items/3/notes/unclassified,bands/mordheim/silent-brotherhood-sc/equipment-access.yaml,e1cc383d0ecfc2f2811410b9820ac07d2de1a316369cbb4ec7610962b6a3ad93,YES,construction,Bearer/slot/combination restriction or explicit equipment equivalence affects construction of a legal duelist; pricing and shooting execution are excluded.,,Heroes only; Rare 6
source/bands/mordheim/silent-brotherhood-sc/equipment-access.yaml/@/equipment_lists/0/items/4/notes/unclassified,bands/mordheim/silent-brotherhood-sc/equipment-access.yaml,7be0965bfeea15bfd60f00b0c8818a4d81adafcfff4e0238a8cf2b757166d99d,YES,construction,Bearer/slot/combination restriction or explicit equipment equivalence affects construction of a legal duelist; pricing and shooting execution are excluded.,,Two-handed weapon; Heroes only
source/bands/mordheim/silent-brotherhood-sc/equipment-access.yaml/@/equipment_lists/0/items/7/notes/unclassified,bands/mordheim/silent-brotherhood-sc/equipment-access.yaml,ade1a3bbfeb337ec011fafe265dd9ae3cba9ee9029b157831fd5422fbf2ca50f,YES,construction,Bearer/slot/combination restriction or explicit equipment equivalence affects construction of a legal duelist; pricing and shooting execution are excluded.,,Sniper only
source/bands/mordheim/silent-brotherhood-sc/equipment-access.yaml/@/equipment_lists/0/items/9/notes/unclassified,bands/mordheim/silent-brotherhood-sc/equipment-access.yaml,ade1a3bbfeb337ec011fafe265dd9ae3cba9ee9029b157831fd5422fbf2ca50f,YES,construction,Bearer/slot/combination restriction or explicit equipment equivalence affects construction of a legal duelist; pricing and shooting execution are excluded.,,Sniper only
source/bands/mordheim/silent-brotherhood-sc/profiles.yaml/@/profiles/3/equipment_restrictions/0/unclassified,bands/mordheim/silent-brotherhood-sc/profiles.yaml,5a489d9a780074d09330e687dbdf46b3f8b97e959cdad3a3affd90ff70c4956b,YES,construction,"Printed kit/access, hand/armour restriction or intrinsic unarmed attack affects the constructed melee duelist; any movement/campaign clauses remain excluded.",,"Heroes-only entries (long daggers, two-handed weapon, underground contacts) are excluded."
source/bands/mordheim/silent-brotherhood-sc/profiles.yaml/@/profiles/4/equipment_restrictions/0/unclassified,bands/mordheim/silent-brotherhood-sc/profiles.yaml,5a489d9a780074d09330e687dbdf46b3f8b97e959cdad3a3affd90ff70c4956b,YES,construction,"Printed kit/access, hand/armour restriction or intrinsic unarmed attack affects the constructed melee duelist; any movement/campaign clauses remain excluded.",,"Heroes-only entries (long daggers, two-handed weapon, underground contacts) are excluded."
source/bands/mordheim/skaven-clan-pestilens/profiles.yaml/@/profiles/5/equipment_restrictions/0/unclassified,bands/mordheim/skaven-clan-pestilens/profiles.yaml,44436b49b516608b8e568bfee6eadcf69d9a0af2a508eea43b563c3e06350c07,YES,construction,"Printed kit/access, hand/armour restriction or intrinsic unarmed attack affects the constructed melee duelist; any movement/campaign clauses remain excluded.",,Giant Rats never use weapons or armour.
source/bands/mordheim/skaven-clan-pestilens/profiles.yaml/@/profiles/6/equipment_restrictions/0/unclassified,bands/mordheim/skaven-clan-pestilens/profiles.yaml,f4e70848f5c53e6f2bb28d64c4a484039056a1442a56a6e64ae7badd396e16a5,YES,construction,"Printed kit/access, hand/armour restriction or intrinsic unarmed attack affects the constructed melee duelist; any movement/campaign clauses remain excluded.",,"Rat Ogres fight with jaws, claws and brute force and can never use weapons or armour."
source/bands/mordheim/skaven-of-clan-moulder-web/profiles.yaml/@/profiles/4/equipment_restrictions/0/unclassified,bands/mordheim/skaven-of-clan-moulder-web/profiles.yaml,e286e43d6712da1f1c5e5eccc406147ac307e28216c1895003fbdc802afd75cd,YES,construction,"Printed kit/access, hand/armour restriction or intrinsic unarmed attack affects the constructed melee duelist; any movement/campaign clauses remain excluded.",,"None, Giant Rats never use any armour or weapons."
source/bands/mordheim/skaven-of-clan-moulder-web/profiles.yaml/@/profiles/5/equipment_restrictions/0/unclassified,bands/mordheim/skaven-of-clan-moulder-web/profiles.yaml,a4e6f0920fbe24d4e17fd242a2a432b702c31a5791738515d134024218c6961a,YES,construction,"Printed kit/access, hand/armour restriction or intrinsic unarmed attack affects the constructed melee duelist; any movement/campaign clauses remain excluded.",,"None, Wolf Rats never use any armour or weapons."
source/bands/mordheim/skaven-of-clan-moulder-web/profiles.yaml/@/profiles/6/equipment_restrictions/0/unclassified,bands/mordheim/skaven-of-clan-moulder-web/profiles.yaml,c1fb2e96056b2332100ab70b97eb6c6eb1868a2f53a2587298055dad6f7bf441,YES,construction,"Printed kit/access, hand/armour restriction or intrinsic unarmed attack affects the constructed melee duelist; any movement/campaign clauses remain excluded.",,"Jaws, claws, and brute force! Rat Ogres can never use weapons or armour."
source/bands/mordheim/skaven-of-clan-pestilens-lus/profiles.yaml/@/profiles/3/equipment_restrictions/0/unclassified,bands/mordheim/skaven-of-clan-pestilens-lus/profiles.yaml,65d1c4bb62ce6c84e26377c61736ef21e9c56478f93d3122de7ac64c3af8671f,YES,construction,"Printed kit/access, hand/armour restriction or intrinsic unarmed attack affects the constructed melee duelist; any movement/campaign clauses remain excluded.",,Flail is available to Plague Monks only on the Henchmen Equipment List.
source/bands/mordheim/skaven-of-clan-pestilens-mou/profiles.yaml/@/profiles/0/equipment_restrictions/0/unclassified,bands/mordheim/skaven-of-clan-pestilens-mou/profiles.yaml,d39052af170d3da493589b079624b82910ab63fa58f156eb4c4c7947712d020d,YES,construction,"Printed kit/access, hand/armour restriction or intrinsic unarmed attack affects the constructed melee duelist; any movement/campaign clauses remain excluded.",,The robes offer protection equal to soft leather and count as light armour when combined with the scattered pieces of chain mail or plate some plague monks wear underneath.
source/bands/mordheim/skaven-of-clan-pestilens-mou/profiles.yaml/@/profiles/1/equipment_restrictions/0/unclassified,bands/mordheim/skaven-of-clan-pestilens-mou/profiles.yaml,d39052af170d3da493589b079624b82910ab63fa58f156eb4c4c7947712d020d,YES,construction,"Printed kit/access, hand/armour restriction or intrinsic unarmed attack affects the constructed melee duelist; any movement/campaign clauses remain excluded.",,The robes offer protection equal to soft leather and count as light armour when combined with the scattered pieces of chain mail or plate some plague monks wear underneath.
source/bands/mordheim/skaven-of-clan-pestilens-mou/profiles.yaml/@/profiles/4/equipment_restrictions/0/unclassified,bands/mordheim/skaven-of-clan-pestilens-mou/profiles.yaml,f8ec61011a8052f53a6084158f0fed35ae9b13f10f08dd1608a76f5cd3853948,YES,construction,"Printed natural armament is relevant to the duelist kit. This admits the source fact only; attack values/unarmed penalties must come from the profile and its explicit rules, never from flavour wording.",,Teeth and Claws.
source/bands/mordheim/skaven-of-clan-pristekk-sc/profiles.yaml/@/profiles/5/equipment_restrictions/0/unclassified,bands/mordheim/skaven-of-clan-pristekk-sc/profiles.yaml,fdec0c6c0f2c82b703963b58010f797067d04a925f217b3e525ca69cd90aed51,YES,construction,"Printed kit/access, hand/armour restriction or intrinsic unarmed attack affects the constructed melee duelist; any movement/campaign clauses remain excluded.",,Giant Rats never use any armour or weapons.
source/bands/mordheim/skaven-of-clan-pristekk-sc/profiles.yaml/@/profiles/6/equipment_restrictions/0/unclassified,bands/mordheim/skaven-of-clan-pristekk-sc/profiles.yaml,a27d3714d2431cbfb47c450d471e9998a773b9eb869bea766ee6d8c478c93cea,YES,construction,"Printed kit/access, hand/armour restriction or intrinsic unarmed attack affects the constructed melee duelist; any movement/campaign clauses remain excluded.",,Rat Ogres can never use weapons or armour.
source/bands/mordheim/skaven-of-clan-skryre-kaz/equipment-access.yaml/@/equipment_lists/0/items/11/notes/unclassified,bands/mordheim/skaven-of-clan-skryre-kaz/equipment-access.yaml,187c11f9d8e4871f5ec5ace5497d325572f1518cf9c378322cdf828234573287,YES,construction,Bearer/slot/combination restriction or explicit equipment equivalence affects construction of a legal duelist; pricing and shooting execution are excluded.,,"Rare 11, Skaven Clan Skryre heroes only; see band--jezzail."
source/bands/mordheim/slavers-rel/equipment-access.yaml/@/equipment_lists/0/items/19/notes/unclassified,bands/mordheim/slavers-rel/equipment-access.yaml,2d973303fae10aec1ad89dff1853e02140443317c3ee84cf8729aa7e127e3ad6,YES,construction,Bearer/slot/combination restriction or explicit equipment equivalence affects construction of a legal duelist; pricing and shooting execution are excluded.,,Heroes only; 20+D6 dinars; Rare 8; Slavers only
source/bands/mordheim/slavers-rel/equipment-access.yaml/@/equipment_lists/0/items/20/notes/unclassified,bands/mordheim/slavers-rel/equipment-access.yaml,90583feeab9764ccd61a58404cd743db80ea9c60ffdf97290ebebecc4e808522,YES,construction,Bearer/slot/combination restriction or explicit equipment equivalence affects construction of a legal duelist; pricing and shooting execution are excluded.,,Heroes only
source/bands/mordheim/slavers-rel/equipment-access.yaml/@/equipment_lists/0/items/7/notes/unclassified,bands/mordheim/slavers-rel/equipment-access.yaml,28df5a6be4bc5e3531b1bdc95bb7ce7b3ff90b2b522c745daeadfe80a3cd649d,YES,construction,Bearer/slot/combination restriction or explicit equipment equivalence affects construction of a legal duelist; pricing and shooting execution are excluded.,,Rare 6; Slavers only
source/bands/mordheim/slayer-pirates-sar/equipment-access.yaml/@/equipment_lists/0/items/1/notes/unclassified,bands/mordheim/slayer-pirates-sar/equipment-access.yaml,2b037a2ec00aea05acc9e6c8eafa5a189dca06b0fbd1c27536e9f3a8b0e2eaf2,YES,construction,Bearer/slot/combination restriction or explicit equipment equivalence affects construction of a legal duelist; pricing and shooting execution are excluded.,,Hammer/Mace
source/bands/mordheim/slayer-pirates-sar/equipment-access.yaml/@/equipment_lists/0/items/13/notes/unclassified,bands/mordheim/slayer-pirates-sar/equipment-access.yaml,f713f11745c491aefe76fdf0a531a0ae29a7a114e65d4c69a782482a586a9ef0,YES,construction,Bearer/slot/combination restriction or explicit equipment equivalence affects construction of a legal duelist; pricing and shooting execution are excluded.,,Miscellaneous Equipment; Heroes Only
source/bands/mordheim/slayer-pirates-sar/equipment-access.yaml/@/equipment_lists/0/items/4/notes/unclassified,bands/mordheim/slayer-pirates-sar/equipment-access.yaml,90583feeab9764ccd61a58404cd743db80ea9c60ffdf97290ebebecc4e808522,YES,construction,Bearer/slot/combination restriction or explicit equipment equivalence affects construction of a legal duelist; pricing and shooting execution are excluded.,,Heroes only
source/bands/mordheim/slayer-pirates-sar/equipment-access.yaml/@/equipment_lists/1/items/1/notes/unclassified,bands/mordheim/slayer-pirates-sar/equipment-access.yaml,2b037a2ec00aea05acc9e6c8eafa5a189dca06b0fbd1c27536e9f3a8b0e2eaf2,YES,construction,Bearer/slot/combination restriction or explicit equipment equivalence affects construction of a legal duelist; pricing and shooting execution are excluded.,,Hammer/Mace
source/bands/mordheim/slayer-pirates-sar/equipment-access.yaml/@/equipment_lists/2/items/1/notes/unclassified,bands/mordheim/slayer-pirates-sar/equipment-access.yaml,2b037a2ec00aea05acc9e6c8eafa5a189dca06b0fbd1c27536e9f3a8b0e2eaf2,YES,construction,Bearer/slot/combination restriction or explicit equipment equivalence affects construction of a legal duelist; pricing and shooting execution are excluded.,,Hammer/Mace
source/bands/mordheim/slayer-pirates-sar/equipment-access.yaml/@/equipment_lists/2/items/11/notes/unclassified,bands/mordheim/slayer-pirates-sar/equipment-access.yaml,90583feeab9764ccd61a58404cd743db80ea9c60ffdf97290ebebecc4e808522,YES,construction,Bearer/slot/combination restriction or explicit equipment equivalence affects construction of a legal duelist; pricing and shooting execution are excluded.,,Heroes only
source/bands/mordheim/slayer-pirates-sar/profiles.yaml/@/profiles/0/equipment_restrictions/0/unclassified,bands/mordheim/slayer-pirates-sar/profiles.yaml,54bfe79bafe4702a65e0a7f9cbd5272d94f5a7cedbc30384a429cd74794d43bc,YES,construction,"Printed kit/access, hand/armour restriction or intrinsic unarmed attack affects the constructed melee duelist; any movement/campaign clauses remain excluded.",,Slayers may never use armour of any kind.
source/bands/mordheim/slayer-pirates-sar/profiles.yaml/@/profiles/0/equipment_restrictions/1/unclassified,bands/mordheim/slayer-pirates-sar/profiles.yaml,f601314d8ab6d0e503f71cfeec6845c6340b625b87fc9851b7b3b8a536c263b8,YES,construction,"Printed kit/access, hand/armour restriction or intrinsic unarmed attack affects the constructed melee duelist; any movement/campaign clauses remain excluded.",,May not wear armour.
source/bands/mordheim/slayer-pirates-sar/profiles.yaml/@/profiles/1/equipment_restrictions/0/unclassified,bands/mordheim/slayer-pirates-sar/profiles.yaml,54bfe79bafe4702a65e0a7f9cbd5272d94f5a7cedbc30384a429cd74794d43bc,YES,construction,"Printed kit/access, hand/armour restriction or intrinsic unarmed attack affects the constructed melee duelist; any movement/campaign clauses remain excluded.",,Slayers may never use armour of any kind.
source/bands/mordheim/slayer-pirates-sar/profiles.yaml/@/profiles/1/equipment_restrictions/1/unclassified,bands/mordheim/slayer-pirates-sar/profiles.yaml,f601314d8ab6d0e503f71cfeec6845c6340b625b87fc9851b7b3b8a536c263b8,YES,construction,"Printed kit/access, hand/armour restriction or intrinsic unarmed attack affects the constructed melee duelist; any movement/campaign clauses remain excluded.",,May not wear armour.
source/bands/mordheim/slayer-pirates-sar/profiles.yaml/@/profiles/2/equipment_restrictions/0/unclassified,bands/mordheim/slayer-pirates-sar/profiles.yaml,54bfe79bafe4702a65e0a7f9cbd5272d94f5a7cedbc30384a429cd74794d43bc,YES,construction,"Printed kit/access, hand/armour restriction or intrinsic unarmed attack affects the constructed melee duelist; any movement/campaign clauses remain excluded.",,Slayers may never use armour of any kind.
source/bands/mordheim/slayer-pirates-sar/profiles.yaml/@/profiles/2/equipment_restrictions/1/unclassified,bands/mordheim/slayer-pirates-sar/profiles.yaml,f601314d8ab6d0e503f71cfeec6845c6340b625b87fc9851b7b3b8a536c263b8,YES,construction,"Printed kit/access, hand/armour restriction or intrinsic unarmed attack affects the constructed melee duelist; any movement/campaign clauses remain excluded.",,May not wear armour.
source/bands/mordheim/slayer-pirates-sar/profiles.yaml/@/profiles/3/equipment_restrictions/0/unclassified,bands/mordheim/slayer-pirates-sar/profiles.yaml,54bfe79bafe4702a65e0a7f9cbd5272d94f5a7cedbc30384a429cd74794d43bc,YES,construction,"Printed kit/access, hand/armour restriction or intrinsic unarmed attack affects the constructed melee duelist; any movement/campaign clauses remain excluded.",,Slayers may never use armour of any kind.
source/bands/mordheim/slayer-pirates-sar/profiles.yaml/@/profiles/3/equipment_restrictions/1/unclassified,bands/mordheim/slayer-pirates-sar/profiles.yaml,f601314d8ab6d0e503f71cfeec6845c6340b625b87fc9851b7b3b8a536c263b8,YES,construction,"Printed kit/access, hand/armour restriction or intrinsic unarmed attack affects the constructed melee duelist; any movement/campaign clauses remain excluded.",,May not wear armour.
source/bands/mordheim/slayer-pirates-sar/profiles.yaml/@/profiles/4/equipment_restrictions/0/unclassified,bands/mordheim/slayer-pirates-sar/profiles.yaml,54bfe79bafe4702a65e0a7f9cbd5272d94f5a7cedbc30384a429cd74794d43bc,YES,construction,"Printed kit/access, hand/armour restriction or intrinsic unarmed attack affects the constructed melee duelist; any movement/campaign clauses remain excluded.",,Slayers may never use armour of any kind.
source/bands/mordheim/slayer-pirates-sar/profiles.yaml/@/profiles/4/equipment_restrictions/1/unclassified,bands/mordheim/slayer-pirates-sar/profiles.yaml,f601314d8ab6d0e503f71cfeec6845c6340b625b87fc9851b7b3b8a536c263b8,YES,construction,"Printed kit/access, hand/armour restriction or intrinsic unarmed attack affects the constructed melee duelist; any movement/campaign clauses remain excluded.",,May not wear armour.
source/bands/mordheim/slayer-pirates-sar/profiles.yaml/@/profiles/5/equipment_restrictions/0/unclassified,bands/mordheim/slayer-pirates-sar/profiles.yaml,54bfe79bafe4702a65e0a7f9cbd5272d94f5a7cedbc30384a429cd74794d43bc,YES,construction,"Printed kit/access, hand/armour restriction or intrinsic unarmed attack affects the constructed melee duelist; any movement/campaign clauses remain excluded.",,Slayers may never use armour of any kind.
source/bands/mordheim/slayer-pirates-sar/profiles.yaml/@/profiles/5/equipment_restrictions/1/unclassified,bands/mordheim/slayer-pirates-sar/profiles.yaml,f601314d8ab6d0e503f71cfeec6845c6340b625b87fc9851b7b3b8a536c263b8,YES,construction,"Printed kit/access, hand/armour restriction or intrinsic unarmed attack affects the constructed melee duelist; any movement/campaign clauses remain excluded.",,May not wear armour.
source/bands/mordheim/slayer-pirates-sar/profiles.yaml/@/profiles/6/equipment_restrictions/0/unclassified,bands/mordheim/slayer-pirates-sar/profiles.yaml,b8068d2a34df28085085f06e5c6bcf821bd6d50ef0a16c225d4babab2bde1e01,YES,construction,"Printed kit/access, hand/armour restriction or intrinsic unarmed attack affects the constructed melee duelist; any movement/campaign clauses remain excluded.",,May not have more Thaggi than other Henchmen
source/bands/mordheim/snotlings-web/profiles.yaml/@/profiles/4/equipment_restrictions/0/unclassified,bands/mordheim/snotlings-web/profiles.yaml,8488139f850ac73d3be5c78462e0a401afde5467855b856a973c57c2a932c29d,YES,construction,"Printed kit/access, hand/armour restriction or intrinsic unarmed attack affects the constructed melee duelist; any movement/campaign clauses remain excluded.",,May only purchase ONE non-pebble or non-slingshot missile weapon (they cannot buy a crossbow AND a blunderbuss).
source/bands/mordheim/snotlings-web/profiles.yaml/@/profiles/7/equipment_restrictions/0/unclassified,bands/mordheim/snotlings-web/profiles.yaml,f6d1a8582ba7216d0c342f19f05b05a5b13982a5b5d937c6b349383c0899c2ce,YES,construction,"Printed kit/access, hand/armour restriction or intrinsic unarmed attack affects the constructed melee duelist; any movement/campaign clauses remain excluded.",,"The Crew of the Wheelo are armed with a Dagger and 1 Pebble. Movement 0 (1D6"" walking / 2D6"" run or charge, rolled each turn). Uses a 40mm base."
source/bands/mordheim/sorcerous-society-lotd4/equipment-access.yaml/@/equipment_lists/0/items/17/notes/unclassified,bands/mordheim/sorcerous-society-lotd4/equipment-access.yaml,343883905bcbb0f24dbebd638dbfb1bae61bdb394cb2c37c6c00093cfd8177d5,YES,construction,Bearer/slot/combination restriction or explicit equipment equivalence affects construction of a legal duelist; pricing and shooting execution are excluded.,,List price 20 gc; the Special Equipment entry prices it 20 + 2D6 gc; Rare 9; Heroes only.
source/bands/mordheim/strigoi-kaz/equipment-access.yaml/@/equipment_lists/0/items/8/notes/unclassified,bands/mordheim/strigoi-kaz/equipment-access.yaml,6b49a62ffa9afe9bd48f71888e882e9b8f407df60393d140e84f96eab7c269b1,YES,construction,Bearer/slot/combination restriction or explicit equipment equivalence affects construction of a legal duelist; pricing and shooting execution are excluded.,,Strigany only (missile weapons are marked Strigani only).
source/bands/mordheim/strigoi-kaz/equipment-access.yaml/@/equipment_lists/0/items/9/notes/unclassified,bands/mordheim/strigoi-kaz/equipment-access.yaml,6b49a62ffa9afe9bd48f71888e882e9b8f407df60393d140e84f96eab7c269b1,YES,construction,Bearer/slot/combination restriction or explicit equipment equivalence affects construction of a legal duelist; pricing and shooting execution are excluded.,,Strigany only (missile weapons are marked Strigani only).
source/bands/mordheim/survivors-of-strigos-sylv/profiles.yaml/@/profiles/0/equipment_restrictions/0/unclassified,bands/mordheim/survivors-of-strigos-sylv/profiles.yaml,6eaee8bbb5cda9d662291ab29def70a17688f15e27cd1cbbbc267d253f5a3a2d,YES,construction,"Printed kit/access, hand/armour restriction or intrinsic unarmed attack affects the constructed melee duelist; any movement/campaign clauses remain excluded.",,"A Strigoi Vampire may not wield any weapons, as it relies upon brute strength, tooth and claw. They do not suffer from any penalties for fighting unarmed."
source/bands/mordheim/survivors-of-strigos-sylv/profiles.yaml/@/profiles/4/equipment_restrictions/0/unclassified,bands/mordheim/survivors-of-strigos-sylv/profiles.yaml,933f302b8d9294239cc4900749cc57ccd88594ff8547f9e912fbaab466ab98e7,YES,construction,"Printed kit/access, hand/armour restriction or intrinsic unarmed attack affects the constructed melee duelist; any movement/campaign clauses remain excluded.",,"Ghouls never carry any equipment, apart from a few bones which they use as primitive weapons."
source/bands/mordheim/survivors-of-strigos-sylv/profiles.yaml/@/profiles/5/equipment_restrictions/0/unclassified,bands/mordheim/survivors-of-strigos-sylv/profiles.yaml,e003512ad8942bdcac5492dff6b9159db90632638cd6ce13e9ce30c71b232a68,YES,construction,"Printed natural armament is relevant to the duelist kit. This admits the source fact only; attack values/unarmed penalties must come from the profile and its explicit rules, never from flavour wording.",,Jaws and brutality.
source/bands/mordheim/turjuk-rel/profiles.yaml/@/profiles/3/equipment_restrictions/0/unclassified,bands/mordheim/turjuk-rel/profiles.yaml,c46a57b888d60da5a9863e6390ef756eef0d2603183c28e4cf43526106f59282,YES,construction,"Profile/background eligibility affects the constructed duelist, not a new melee operator.",,Restricted to Townsmen.
source/bands/mordheim/undead/profiles.yaml/@/profiles/1/equipment_restrictions/0/unclassified,bands/mordheim/undead/profiles.yaml,b40e7757ef90dd9672598c03f4d6684b9439e4550ccd9dad0383483b9b9def68,YES,construction,"Printed kit/access, hand/armour restriction or intrinsic unarmed attack affects the constructed melee duelist; any movement/campaign clauses remain excluded.",,May select weapons and armour from the Undead Equipment List.
source/bands/mordheim/undead/profiles.yaml/@/profiles/3/equipment_restrictions/0/unclassified,bands/mordheim/undead/profiles.yaml,943f7e3d829a94676e2bd49dac0bc9baaa94d5384ed6604a77cc99a65fa12a60,YES,construction,"Printed kit/access, hand/armour restriction or intrinsic unarmed attack affects the constructed melee duelist; any movement/campaign clauses remain excluded.",,"Ghouls never carry equipment. Their primitive bones, teeth and claws are treated as intrinsic attacks rather than purchased equipment."
source/bands/mordheim/undead/profiles.yaml/@/profiles/4/equipment_restrictions/0/unclassified,bands/mordheim/undead/profiles.yaml,fe218e5f4b96b678dc5aede08277912068347d7508fae9744533e9c7cc7c047e,YES,construction,"Printed kit/access, hand/armour restriction or intrinsic unarmed attack affects the constructed melee duelist; any movement/campaign clauses remain excluded.",,Dire Wolves never use weapons or armour.
source/bands/mordheim/undead/profiles.yaml/@/profiles/5/equipment_restrictions/0/unclassified,bands/mordheim/undead/profiles.yaml,b4522f87cd887a25f4003b347586567611c412312cfa08f27e7e0cf669619b90,YES,construction,"Printed kit/access, hand/armour restriction or intrinsic unarmed attack affects the constructed melee duelist; any movement/campaign clauses remain excluded.",,Zombies may not carry weapons or wear armour and suffer no penalty for fighting without equipment.
source/bands/mordheim/underworld-alliance-mim/equipment-access.yaml/@/equipment_lists/0/items/5/notes/unclassified,bands/mordheim/underworld-alliance-mim/equipment-access.yaml,90583feeab9764ccd61a58404cd743db80ea9c60ffdf97290ebebecc4e808522,YES,construction,Bearer/slot/combination restriction or explicit equipment equivalence affects construction of a legal duelist; pricing and shooting execution are excluded.,,Heroes only
source/bands/mordheim/underworld-alliance-mim/equipment-access.yaml/@/equipment_lists/0/items/8/notes/unclassified,bands/mordheim/underworld-alliance-mim/equipment-access.yaml,9131552b3dbc4abbfb551a6f47e545a5e55a708781899601f65618a266327778,YES,construction,Bearer/slot/combination restriction or explicit equipment equivalence affects construction of a legal duelist; pricing and shooting execution are excluded.,,Throwing stars; Heroes only
source/bands/mordheim/underworld-alliance-mim/equipment-access.yaml/@/equipment_lists/1/items/5/notes/unclassified,bands/mordheim/underworld-alliance-mim/equipment-access.yaml,90583feeab9764ccd61a58404cd743db80ea9c60ffdf97290ebebecc4e808522,YES,construction,Bearer/slot/combination restriction or explicit equipment equivalence affects construction of a legal duelist; pricing and shooting execution are excluded.,,Heroes only
source/bands/mordheim/underworld-alliance-mim/equipment-access.yaml/@/equipment_lists/1/items/7/notes/unclassified,bands/mordheim/underworld-alliance-mim/equipment-access.yaml,9131552b3dbc4abbfb551a6f47e545a5e55a708781899601f65618a266327778,YES,construction,Bearer/slot/combination restriction or explicit equipment equivalence affects construction of a legal duelist; pricing and shooting execution are excluded.,,Throwing stars; Heroes only
source/bands/mordheim/underworld-alliance-mim/equipment-access.yaml/@/equipment_lists/2/items/3/notes/unclassified,bands/mordheim/underworld-alliance-mim/equipment-access.yaml,c68785c42f3b5b7c4daaf182fcba014fdafba56e9ef9af66df9ab566bacf30d0,YES,construction,Bearer/slot/combination restriction or explicit equipment equivalence affects construction of a legal duelist; pricing and shooting execution are excluded.,,Leader only
source/bands/mordheim/underworld-alliance-mim/profiles.yaml/@/profiles/6/equipment_restrictions/0/unclassified,bands/mordheim/underworld-alliance-mim/profiles.yaml,d07cf57231584c6e7cbbc4ebd6562e89622b8c93dddaeecb8f9a14292d66b98b,YES,construction,"Printed kit/access, hand/armour restriction or intrinsic unarmed attack affects the constructed melee duelist; any movement/campaign clauses remain excluded.",,Squigs never use or need weapons or armour; Movement is 2D6-1 inches on land and 2D6 in water.
source/bands/mordheim/underworld-alliance-mim/profiles.yaml/@/profiles/7/equipment_restrictions/0/unclassified,bands/mordheim/underworld-alliance-mim/profiles.yaml,fdec0c6c0f2c82b703963b58010f797067d04a925f217b3e525ca69cd90aed51,YES,construction,"Printed kit/access, hand/armour restriction or intrinsic unarmed attack affects the constructed melee duelist; any movement/campaign clauses remain excluded.",,Giant Rats never use any armour or weapons.
source/bands/mordheim/underworld-alliance-mim/profiles.yaml/@/profiles/8/equipment_restrictions/0/unclassified,bands/mordheim/underworld-alliance-mim/profiles.yaml,e98c42b8322bf988e75c1c13042d1852111fae44cdd9e33bc352f317f7278fd0,YES,construction,"Printed kit/access, hand/armour restriction or intrinsic unarmed attack affects the constructed melee duelist; any movement/campaign clauses remain excluded.",,Warpstone Trolls do not require weapons to fight but usually carry a big club.
source/bands/mordheim/vampire-hunters-of-sylvania-lotd5/profiles.yaml/@/profiles/0/equipment_restrictions/0/unclassified,bands/mordheim/vampire-hunters-of-sylvania-lotd5/profiles.yaml,ec0f073eda5baa31bb3b80f7adb9e4c4c4a3a21f057916a9e6bcb0430e4c01ff,YES,construction,"Printed kit/access, hand/armour restriction or intrinsic unarmed attack affects the constructed melee duelist; any movement/campaign clauses remain excluded.",,A Vampire Hunter may be armed with weapons and armour from the Vampire Hunters Equipment List.
source/bands/mordheim/vampire-hunters-of-sylvania-lotd5/profiles.yaml/@/profiles/1/equipment_restrictions/0/unclassified,bands/mordheim/vampire-hunters-of-sylvania-lotd5/profiles.yaml,ffaa8b1212a495e388a18313a3128916997af14793ba8fd0cdd983d06a2d6d60,YES,construction,"Printed kit/access, hand/armour restriction or intrinsic unarmed attack affects the constructed melee duelist; any movement/campaign clauses remain excluded.",,"As priests of Morr seldom engage in martial activities, they may only be armed with a Dagger and a Scythe as weapons. Priests of Morr may never wear Armour."
source/bands/mordheim/vampire-hunters-of-sylvania-lotd5/profiles.yaml/@/profiles/2/equipment_restrictions/0/unclassified,bands/mordheim/vampire-hunters-of-sylvania-lotd5/profiles.yaml,3b895e65b90afb60e3d1fcaf815e4b29b6b4b90cf95392c3aa8ea9dad3901ae6,YES,construction,"Printed kit/access, hand/armour restriction or intrinsic unarmed attack affects the constructed melee duelist; any movement/campaign clauses remain excluded.",,A Slayer may be armed with weapons and armour from the Vampire Hunters Equipment List.
source/bands/mordheim/vampire-hunters-of-sylvania-lotd5/profiles.yaml/@/profiles/3/equipment_restrictions/0/unclassified,bands/mordheim/vampire-hunters-of-sylvania-lotd5/profiles.yaml,48f6781e849a39da9c3c303cae73febf44f93c6aa180bf3e3c18eed0f06c7c99,YES,construction,"Printed kit/access, hand/armour restriction or intrinsic unarmed attack affects the constructed melee duelist; any movement/campaign clauses remain excluded.",,A Villager may be equipped with weapons and armour chosen from the Villager Equipment list.
source/bands/mordheim/vampire-hunters-of-sylvania-lotd5/profiles.yaml/@/profiles/4/equipment_restrictions/0/unclassified,bands/mordheim/vampire-hunters-of-sylvania-lotd5/profiles.yaml,795cf7cc46bdab39e0b77f538ffe66a14675549c29c51abd971bb0e22b27ba96,YES,construction,"Printed kit/access, hand/armour restriction or intrinsic unarmed attack affects the constructed melee duelist; any movement/campaign clauses remain excluded.",,A Pilgrim may be equipped with weapons and armour chosen from the Pilgrim Equipment list.
source/bands/mordheim/vampire-hunters-of-sylvania-lotd5/profiles.yaml/@/profiles/5/equipment_restrictions/0/unclassified,bands/mordheim/vampire-hunters-of-sylvania-lotd5/profiles.yaml,61ca9f653d93ee7c138701494962aa6716f948483d6a1cb82113dc8fdb303087,YES,construction,"Printed kit/access, hand/armour restriction or intrinsic unarmed attack affects the constructed melee duelist; any movement/campaign clauses remain excluded.",,Jaws and brutality. A Wolfhound never use nor need weapons or armour.
source/bands/mordheim/wasteland-privateers-sar/equipment-access.yaml/@/equipment_lists/0/items/1/notes/unclassified,bands/mordheim/wasteland-privateers-sar/equipment-access.yaml,2b037a2ec00aea05acc9e6c8eafa5a189dca06b0fbd1c27536e9f3a8b0e2eaf2,YES,construction,Bearer/slot/combination restriction or explicit equipment equivalence affects construction of a legal duelist; pricing and shooting execution are excluded.,,Hammer/Mace
source/bands/mordheim/wasteland-privateers-sar/equipment-access.yaml/@/equipment_lists/0/items/11/notes/unclassified,bands/mordheim/wasteland-privateers-sar/equipment-access.yaml,dd2571354f0861989eac58bbe54963bdd00aae58b720d44c7be3bb86b1a8937f,YES,construction,Bearer/slot/combination restriction or explicit equipment equivalence affects construction of a legal duelist; pricing and shooting execution are excluded.,,Wastelanders only Wastelanders only.
source/bands/mordheim/wasteland-privateers-sar/equipment-access.yaml/@/equipment_lists/0/items/4/notes/unclassified,bands/mordheim/wasteland-privateers-sar/equipment-access.yaml,90583feeab9764ccd61a58404cd743db80ea9c60ffdf97290ebebecc4e808522,YES,construction,Bearer/slot/combination restriction or explicit equipment equivalence affects construction of a legal duelist; pricing and shooting execution are excluded.,,Heroes only
source/bands/mordheim/wasteland-privateers-sar/equipment-access.yaml/@/equipment_lists/1/items/1/notes/unclassified,bands/mordheim/wasteland-privateers-sar/equipment-access.yaml,2b037a2ec00aea05acc9e6c8eafa5a189dca06b0fbd1c27536e9f3a8b0e2eaf2,YES,construction,Bearer/slot/combination restriction or explicit equipment equivalence affects construction of a legal duelist; pricing and shooting execution are excluded.,,Hammer/Mace
source/bands/mordheim/wasteland-privateers-sar/equipment-access.yaml/@/equipment_lists/2/items/1/notes/unclassified,bands/mordheim/wasteland-privateers-sar/equipment-access.yaml,2b037a2ec00aea05acc9e6c8eafa5a189dca06b0fbd1c27536e9f3a8b0e2eaf2,YES,construction,Bearer/slot/combination restriction or explicit equipment equivalence affects construction of a legal duelist; pricing and shooting execution are excluded.,,Hammer/Mace
source/bands/mordheim/wood-elves-of-athel-loren-web/equipment-access.yaml/@/equipment_lists/0/items/10/notes/unclassified,bands/mordheim/wood-elves-of-athel-loren-web/equipment-access.yaml,7351121c4e7bea910940ade66652f2e0c0ff5669d32d3539f1b542c9acae7b9e,YES,construction,Bearer/slot/combination restriction or explicit equipment equivalence affects construction of a legal duelist; pricing and shooting execution are excluded.,,Heroes only (*); same rarity note.
source/bands/mordheim/wood-elves-of-athel-loren-web/equipment-access.yaml/@/equipment_lists/0/items/4/notes/unclassified,bands/mordheim/wood-elves-of-athel-loren-web/equipment-access.yaml,d696c311adfcece65528804877772893046b687cea1137166fba31ddfb12cd90,YES,construction,Bearer/slot/combination restriction or explicit equipment equivalence affects construction of a legal duelist; pricing and shooting execution are excluded.,,2 x price; Heroes only (*). Special prices represent lower rarity in Ulthuan; in Mordheim/Lustria pay normal prices and roll as normal; no roll needed at warband creation.
source/bands/mordheim/wood-elves-of-athel-loren-web/equipment-access.yaml/@/equipment_lists/1/items/4/notes/unclassified,bands/mordheim/wood-elves-of-athel-loren-web/equipment-access.yaml,936d4b46ee5f9148c820dba686910c09603bef59bec4af5bcfb069e16c812f3c,YES,construction,Bearer/slot/combination restriction or explicit equipment equivalence affects construction of a legal duelist; pricing and shooting execution are excluded.,,2 x price; Heroes only (*); same rarity note as the Hero list.
source/bands/mordheim/wood-elves-of-athel-loren-web/equipment-access.yaml/@/equipment_lists/1/items/9/notes/unclassified,bands/mordheim/wood-elves-of-athel-loren-web/equipment-access.yaml,7351121c4e7bea910940ade66652f2e0c0ff5669d32d3539f1b542c9acae7b9e,YES,construction,Bearer/slot/combination restriction or explicit equipment equivalence affects construction of a legal duelist; pricing and shooting execution are excluded.,,Heroes only (*); same rarity note.
source/bands/mordheim/woodsmen-de-artois-mou/profiles.yaml/@/profiles/7/equipment_restrictions/0/unclassified,bands/mordheim/woodsmen-de-artois-mou/profiles.yaml,c44ba0c2d307864afaa2b17f55e536eb171aee3e20b35a65f49966a8379b00c5,YES,construction,"Printed kit/access, hand/armour restriction or intrinsic unarmed attack affects the constructed melee duelist; any movement/campaign clauses remain excluded.",,Hunting Hounds do not use any equipment or weapons.
source/bands/trollheim/chaos-streets-arcane-society/equipment-access.yaml/@/equipment_lists/0/items/19/notes/unclassified,bands/trollheim/chaos-streets-arcane-society/equipment-access.yaml,a66074ad7bad3a7cede65a633919708007a867adf27dfdffaf527a1f431faf92,YES,construction,Bearer/slot/combination restriction or explicit equipment equivalence affects construction of a legal duelist; pricing and shooting execution are excluded.,,Arcane Society spellcasters only; creation price. Familiar profiles and item mechanics are not modelled yet.
source/bands/trollheim/chaos-streets-arcane-society/equipment-access.yaml/@/equipment_lists/0/items/4/notes/unclassified,bands/trollheim/chaos-streets-arcane-society/equipment-access.yaml,9193f6ff4d0793964bc6d85efc7e5624778bf4553d0320f5a790b3f371dc41af,YES,construction,Bearer/slot/combination restriction or explicit equipment equivalence affects construction of a legal duelist; pricing and shooting execution are excluded.,,Arcane Society spellcasters only; item mechanics are not modelled yet.
source/bands/trollheim/chaos-streets-deathbringers/equipment-access.yaml/@/equipment_lists/0/items/11/notes/unclassified,bands/trollheim/chaos-streets-deathbringers/equipment-access.yaml,ccd857b5b87f18040e2587a1374150d62ce31e95c3d734798b0eba673bd2dd5a,YES,construction,Bearer/slot/combination restriction or explicit equipment equivalence affects construction of a legal duelist; pricing and shooting execution are excluded.,,Deathbringers only; internal item mechanics are intentionally not modelled here.
source/bands/trollheim/chaos-streets-deathbringers/equipment-access.yaml/@/equipment_lists/0/items/15/notes/unclassified,bands/trollheim/chaos-streets-deathbringers/equipment-access.yaml,da124ed2e570ba29c00ae8f505c641f558e8cd8acf1e7dae9a596a85b738de21,YES,construction,Bearer/slot/combination restriction or explicit equipment equivalence affects construction of a legal duelist; pricing and shooting execution are excluded.,,Silent Hunter only; internal item mechanics are intentionally not modelled here.
source/bands/trollheim/chaos-streets-deathbringers/equipment-access.yaml/@/equipment_lists/0/items/4/notes/unclassified,bands/trollheim/chaos-streets-deathbringers/equipment-access.yaml,ccd857b5b87f18040e2587a1374150d62ce31e95c3d734798b0eba673bd2dd5a,YES,construction,Bearer/slot/combination restriction or explicit equipment equivalence affects construction of a legal duelist; pricing and shooting execution are excluded.,,Deathbringers only; internal item mechanics are intentionally not modelled here.
source/bands/trollheim/chaos-streets-deathbringers/equipment-access.yaml/@/equipment_lists/0/items/5/notes/unclassified,bands/trollheim/chaos-streets-deathbringers/equipment-access.yaml,da124ed2e570ba29c00ae8f505c641f558e8cd8acf1e7dae9a596a85b738de21,YES,construction,Bearer/slot/combination restriction or explicit equipment equivalence affects construction of a legal duelist; pricing and shooting execution are excluded.,,Silent Hunter only; internal item mechanics are intentionally not modelled here.
source/bands/trollheim/chaos-streets-deathbringers/equipment-access.yaml/@/equipment_lists/0/items/6/notes/unclassified,bands/trollheim/chaos-streets-deathbringers/equipment-access.yaml,da124ed2e570ba29c00ae8f505c641f558e8cd8acf1e7dae9a596a85b738de21,YES,construction,Bearer/slot/combination restriction or explicit equipment equivalence affects construction of a legal duelist; pricing and shooting execution are excluded.,,Silent Hunter only; internal item mechanics are intentionally not modelled here.
source/bands/trollheim/chaos-streets-deathbringers/equipment-access.yaml/@/equipment_lists/0/items/7/notes/unclassified,bands/trollheim/chaos-streets-deathbringers/equipment-access.yaml,cf905cdefafc78fdbde384b8b1ca89bf6c1bfc130f23b0b6f562f0a9dc1c11c7,YES,construction,Bearer/slot/combination restriction or explicit equipment equivalence affects construction of a legal duelist; pricing and shooting execution are excluded.,,Shadow Blade only; internal item mechanics are intentionally not modelled here.
source/bands/trollheim/chaos-streets-deathbringers/equipment-access.yaml/@/equipment_lists/0/items/8/notes/unclassified,bands/trollheim/chaos-streets-deathbringers/equipment-access.yaml,4176da5cfd91aaf0dad2e5ee21a7446a09190331a944b829e26f31892b1db7e0,YES,construction,Bearer/slot/combination restriction or explicit equipment equivalence affects construction of a legal duelist; pricing and shooting execution are excluded.,,Skaven only; internal item mechanics are intentionally not modelled here.
source/bands/trollheim/chaos-streets-deathbringers/equipment-access.yaml/@/equipment_lists/0/items/9/notes/unclassified,bands/trollheim/chaos-streets-deathbringers/equipment-access.yaml,4176da5cfd91aaf0dad2e5ee21a7446a09190331a944b829e26f31892b1db7e0,YES,construction,Bearer/slot/combination restriction or explicit equipment equivalence affects construction of a legal duelist; pricing and shooting execution are excluded.,,Skaven only; internal item mechanics are intentionally not modelled here.
source/bands/trollheim/chaos-streets-deathbringers/equipment-access.yaml/@/equipment_lists/1/items/5/notes/unclassified,bands/trollheim/chaos-streets-deathbringers/equipment-access.yaml,ccd857b5b87f18040e2587a1374150d62ce31e95c3d734798b0eba673bd2dd5a,YES,construction,Bearer/slot/combination restriction or explicit equipment equivalence affects construction of a legal duelist; pricing and shooting execution are excluded.,,Deathbringers only; internal item mechanics are intentionally not modelled here.
source/bands/trollheim/chaos-streets-mordheim-inhabitants/profiles.yaml/@/profiles/0/equipment_restrictions/0/unclassified,bands/trollheim/chaos-streets-mordheim-inhabitants/profiles.yaml,0ed3e45bc203a525f119f9c89e893006ca0c9fb262c90c7e4d9ad7a4dc99a253,YES,construction,"Printed kit/access, hand/armour restriction or intrinsic unarmed attack affects the constructed melee duelist; any movement/campaign clauses remain excluded.",,May wear armour and continue delivering Revival Sermons.
source/bands/trollheim/chaos-streets-mordheim-inhabitants/profiles.yaml/@/profiles/6/equipment_restrictions/0/unclassified,bands/trollheim/chaos-streets-mordheim-inhabitants/profiles.yaml,61666e0d5999fd827e9f25b4a5e88794a050a99a14fbd26a586a798887bb0c04,YES,construction,"Printed kit/access, hand/armour restriction or intrinsic unarmed attack affects the constructed melee duelist; any movement/campaign clauses remain excluded.",,Street Dogs fight with their jaws and ferocity and never use or need weapons or armour.
source/bands/trollheim/chaos-streets-sigmar-protectorate/equipment-access.yaml/@/equipment_lists/0/items/13/notes/unclassified,bands/trollheim/chaos-streets-sigmar-protectorate/equipment-access.yaml,11cc0f7ae08316bdd135d48e167b3121650b7e743507706b20ed53dcf7b63f02,YES,construction,Bearer/slot/combination restriction or explicit equipment equivalence affects construction of a legal duelist; pricing and shooting execution are excluded.,,Sigmar's Protectorate only; internal item mechanics are intentionally not modelled here.
source/bands/trollheim/chaos-streets-sigmar-protectorate/equipment-access.yaml/@/equipment_lists/0/items/5/notes/unclassified,bands/trollheim/chaos-streets-sigmar-protectorate/equipment-access.yaml,06b42f33cd08dd095008ed526e7d147e9d21e0bf8a5287710914a0bcc3e160c0,YES,construction,Bearer/slot/combination restriction or explicit equipment equivalence affects construction of a legal duelist; pricing and shooting execution are excluded.,,Sigmar's Protectorate only. Internal item mechanics are intentionally not modelled here. The source item text contains a Sisters of Sigmar-specific dual-hammer sentence; it is not applied to these profiles.
source/bands/trollheim/chaos-streets-sigmar-protectorate/equipment-access.yaml/@/equipment_lists/1/items/11/notes/unclassified,bands/trollheim/chaos-streets-sigmar-protectorate/equipment-access.yaml,11cc0f7ae08316bdd135d48e167b3121650b7e743507706b20ed53dcf7b63f02,YES,construction,Bearer/slot/combination restriction or explicit equipment equivalence affects construction of a legal duelist; pricing and shooting execution are excluded.,,Sigmar's Protectorate only; internal item mechanics are intentionally not modelled here.
source/bands/trollheim/chaos-streets-sigmar-protectorate/equipment-access.yaml/@/equipment_lists/1/items/6/notes/unclassified,bands/trollheim/chaos-streets-sigmar-protectorate/equipment-access.yaml,06b42f33cd08dd095008ed526e7d147e9d21e0bf8a5287710914a0bcc3e160c0,YES,construction,Bearer/slot/combination restriction or explicit equipment equivalence affects construction of a legal duelist; pricing and shooting execution are excluded.,,Sigmar's Protectorate only. Internal item mechanics are intentionally not modelled here. The source item text contains a Sisters of Sigmar-specific dual-hammer sentence; it is not applied to these profiles.
source/bands/trollheim/chaos-streets-sigmar-protectorate/equipment-access.yaml/@/equipment_lists/2/items/4/notes/unclassified,bands/trollheim/chaos-streets-sigmar-protectorate/equipment-access.yaml,12f57e0c391e592bcbf16221a6e6e64b5b8ab9804048702b3ffde629275c7e2c,YES,construction,Bearer/slot/combination restriction or explicit equipment equivalence affects construction of a legal duelist; pricing and shooting execution are excluded.,,Ranger only.
source/bands/trollheim/chaos-streets-sigmar-protectorate/equipment-access.yaml/@/equipment_lists/2/items/6/notes/unclassified,bands/trollheim/chaos-streets-sigmar-protectorate/equipment-access.yaml,12f57e0c391e592bcbf16221a6e6e64b5b8ab9804048702b3ffde629275c7e2c,YES,construction,Bearer/slot/combination restriction or explicit equipment equivalence affects construction of a legal duelist; pricing and shooting execution are excluded.,,Ranger only.
source/bands/trollheim/chaos-streets-sigmar-protectorate/profiles.yaml/@/profiles/0/equipment_restrictions/0/unclassified,bands/trollheim/chaos-streets-sigmar-protectorate/profiles.yaml,c8f4ad14707abe885fd0343270e46dc9f5a51922827ddde25aa4a6532c5895c8,YES,construction,"Printed kit/access, hand/armour restriction or intrinsic unarmed attack affects the constructed melee duelist; any movement/campaign clauses remain excluded.",,May wear armour and continue using the Prayers of Sigmar.
source/bands/trollheim/chaos-streets-sigmar-protectorate/profiles.yaml/@/profiles/4/equipment_restrictions/0/unclassified,bands/trollheim/chaos-streets-sigmar-protectorate/profiles.yaml,af3240dc74a952260cfd580cffb57cb8c304be63263ab45730c6f5a3fb0028c2,YES,construction,"Printed kit/access, hand/armour restriction or intrinsic unarmed attack affects the constructed melee duelist; any movement/campaign clauses remain excluded.",,May not select Great Weapons or Long Bows from the Shooter Equipment List; those entries are Ranger only.
source/bands/trollheim/chaos-streets-sigmar-protectorate/profiles.yaml/@/profiles/6/equipment_restrictions/0/unclassified,bands/trollheim/chaos-streets-sigmar-protectorate/profiles.yaml,29f7187df1e0eaa27d6ccb052ac4863845864c102f6a3d07132070030e8ffc7d,YES,construction,"Printed kit/access, hand/armour restriction or intrinsic unarmed attack affects the constructed melee duelist; any movement/campaign clauses remain excluded.",,Mastiffs fight with jaws and brute force and never use or need weapons or armour.
source/bands/trollheim/chaos-streets-sons-of-nagarythe/equipment-access.yaml/@/equipment_lists/0/items/12/notes/unclassified,bands/trollheim/chaos-streets-sons-of-nagarythe/equipment-access.yaml,19993b0b535c960f3a99b111455e1e4459878ff02ecb7150a1bc4b743e4fb47d,YES,construction,Bearer/slot/combination restriction or explicit equipment equivalence affects construction of a legal duelist; pricing and shooting execution are excluded.,,Sons of Nagarythe only. Post-creation cost is 25 + 1D6 gc; Rare 6.
source/bands/trollheim/chaos-streets-sons-of-nagarythe/equipment-access.yaml/@/equipment_lists/0/items/13/notes/unclassified,bands/trollheim/chaos-streets-sons-of-nagarythe/equipment-access.yaml,5ab00553af0c562e6f55751929fcfa7c15f0630470d4c8e62680681f650e2ca6,YES,construction,Bearer/slot/combination restriction or explicit equipment equivalence affects construction of a legal duelist; pricing and shooting execution are excluded.,,Sons of Nagarythe only. Post-creation cost is 50 + 3D6 gc; Rare 10. Source label: elf wine.
source/bands/trollheim/chaos-streets-sons-of-nagarythe/equipment-access.yaml/@/equipment_lists/0/items/14/notes/unclassified,bands/trollheim/chaos-streets-sons-of-nagarythe/equipment-access.yaml,887d38cb19a3f284255196e9b6be5f2d17a32758a3c142e64d5c3e9ee8dc06d5,YES,construction,Bearer/slot/combination restriction or explicit equipment equivalence affects construction of a legal duelist; pricing and shooting execution are excluded.,,Shadow Weaver only. Post-creation cost is 50 + 2D6 gc; Rare 11. Source label: elf runestones.
source/bands/trollheim/chaos-streets-sons-of-nagarythe/equipment-access.yaml/@/equipment_lists/0/items/15/notes/unclassified,bands/trollheim/chaos-streets-sons-of-nagarythe/equipment-access.yaml,285cafc47cd25391673967ee2903cec30140efc73e5ed1aee7fd73f730e08671,YES,construction,Bearer/slot/combination restriction or explicit equipment equivalence affects construction of a legal duelist; pricing and shooting execution are excluded.,,Sons of Nagarythe only. Post-creation cost is 75 + 3D6 gc; Rare 9.
source/bands/trollheim/chaos-streets-sons-of-nagarythe/profiles.yaml/@/profiles/1/equipment_restrictions/0/unclassified,bands/trollheim/chaos-streets-sons-of-nagarythe/profiles.yaml,b20554195567c92a3c643f2ed08fe45c07fe68bf4d67201366c9f65bf5a15b69,YES,construction,"Printed kit/access, hand/armour restriction or intrinsic unarmed attack affects the constructed melee duelist; any movement/campaign clauses remain excluded.",,"May select weapons and armour from the Shadow Warrior Equipment List, but may not cast spells while wearing armour."
source/bands/trollheim/chaos-streets-undead-bloodlines/profiles.yaml/@/profiles/1/equipment_restrictions/0/unclassified,bands/trollheim/chaos-streets-undead-bloodlines/profiles.yaml,f1410f69fb0ac3700752205e50c98527118a389fe9f15603d38fcaf1b443b54b,YES,construction,"Printed kit/access, hand/armour restriction or intrinsic unarmed attack affects the constructed melee duelist; any movement/campaign clauses remain excluded.",,"May not use heavy armour, polearms or great weapons."
source/bands/trollheim/chaos-streets-undead-bloodlines/profiles.yaml/@/profiles/10/equipment_restrictions/0/unclassified,bands/trollheim/chaos-streets-undead-bloodlines/profiles.yaml,4da70e14b1c600c3a218160e6c2180fb0c3bc8c1f7ace2d0d41c4bf42f8cd4e6,YES,construction,"Printed kit/access, hand/armour restriction or intrinsic unarmed attack affects the constructed melee duelist; any movement/campaign clauses remain excluded.",,Dire Wolves use no equipment.
source/bands/trollheim/chaos-streets-undead-bloodlines/profiles.yaml/@/profiles/11/equipment_restrictions/0/unclassified,bands/trollheim/chaos-streets-undead-bloodlines/profiles.yaml,9af96ba2edd427c3ad014083ccd0fef7306883100846dcd9615272b46a4b5564,YES,construction,"Printed kit/access, hand/armour restriction or intrinsic unarmed attack affects the constructed melee duelist; any movement/campaign clauses remain excluded.",,Vampire Bats use no equipment.
source/bands/trollheim/chaos-streets-undead-bloodlines/profiles.yaml/@/profiles/3/equipment_restrictions/0/unclassified,bands/trollheim/chaos-streets-undead-bloodlines/profiles.yaml,62da5be87e376e8b0840f759c66157d78ceb79dbf7262adfda78a0c988d38986,YES,construction,"Printed kit/access, hand/armour restriction or intrinsic unarmed attack affects the constructed melee duelist; any movement/campaign clauses remain excluded.",,May use only one-handed weapons.
source/bands/trollheim/chaos-streets-undead-bloodlines/profiles.yaml/@/profiles/3/equipment_restrictions/1/unclassified,bands/trollheim/chaos-streets-undead-bloodlines/profiles.yaml,c9b126278f50be27a975d067f804dc5c110bf48e202cf57b7761ca8605e832bb,YES,construction,"Printed kit/access, hand/armour restriction or intrinsic unarmed attack affects the constructed melee duelist; any movement/campaign clauses remain excluded.",,May never use polearms.
source/bands/trollheim/chaos-streets-undead-bloodlines/profiles.yaml/@/profiles/3/equipment_restrictions/2/unclassified,bands/trollheim/chaos-streets-undead-bloodlines/profiles.yaml,f5c73b6285a9714ac1b2e95cf31aa03629c1705dab1b763b8950ec740fac8be0,YES,construction,"Printed kit/access, hand/armour restriction or intrinsic unarmed attack affects the constructed melee duelist; any movement/campaign clauses remain excluded.",,May never acquire Strength skills.
source/bands/trollheim/chaos-streets-undead-bloodlines/profiles.yaml/@/profiles/4/equipment_restrictions/0/unclassified,bands/trollheim/chaos-streets-undead-bloodlines/profiles.yaml,2cec8f79fa28e08c76ee7a885be9f5a77ffdb729434d728a937620c241661517,YES,construction,"Printed kit/access, hand/armour restriction or intrinsic unarmed attack affects the constructed melee duelist; any movement/campaign clauses remain excluded.",,"May not use weapons, armour or items and suffers no penalty for fighting without equipment."
source/bands/trollheim/chaos-streets-undead-bloodlines/profiles.yaml/@/profiles/6/equipment_restrictions/1/unclassified,bands/trollheim/chaos-streets-undead-bloodlines/profiles.yaml,95ddc02bd5d926f6533dab8f04091649f0253641bac1d8b0e11c020053ec11e3,YES,construction,"Printed kit/access, hand/armour restriction or intrinsic unarmed attack affects the constructed melee duelist; any movement/campaign clauses remain excluded.",,Never uses weapons or armour and suffers no penalty for fighting without equipment.
source/bands/trollheim/chaos-streets-undead-bloodlines/profiles.yaml/@/profiles/8/equipment_restrictions/0/unclassified,bands/trollheim/chaos-streets-undead-bloodlines/profiles.yaml,49898ee6ea35f5df754ca278e1f2ed1ae0da0765f5a52961550a653d3ad813e9,YES,construction,"Printed kit/access, hand/armour restriction or intrinsic unarmed attack affects the constructed melee duelist; any movement/campaign clauses remain excluded.",,Zombies may not use weapons or armour and suffer no penalty for fighting without equipment.
source/bands/trollheim/chaos-streets-undead-bloodlines/profiles.yaml/@/profiles/9/equipment_restrictions/0/unclassified,bands/trollheim/chaos-streets-undead-bloodlines/profiles.yaml,c3bd7dcf22d9504d378e71a9a625af62858c0d9e776c491b021770363afc89f1,YES,construction,"Printed kit/access, hand/armour restriction or intrinsic unarmed attack affects the constructed melee duelist; any movement/campaign clauses remain excluded.",,Ghouls never use weapons or armour and suffer no penalty for fighting without equipment.
source/bands/trollheim/khemri-hobgoblin-raiders/profiles.yaml/@/profiles/1/equipment_restrictions/0/unclassified,bands/trollheim/khemri-hobgoblin-raiders/profiles.yaml,c2cfa0ef538855b398217729900fb2fe5b2059a8e1eec2c80bbd40134530e068,YES,construction,"Printed kit/access, hand/armour restriction or intrinsic unarmed attack affects the constructed melee duelist; any movement/campaign clauses remain excluded.",,"May select weapons and armour from the Raider Equipment List, but may not cast spells while wearing armour."
source/bands/trollheim/khemri-hobgoblin-raiders/profiles.yaml/@/profiles/6/equipment_restrictions/0/unclassified,bands/trollheim/khemri-hobgoblin-raiders/profiles.yaml,0bf5c845357567a8bbaf43f21987f1497718073b170f3ecfeb3b5b9fa1aa45d0,YES,construction,"Printed kit/access, hand/armour restriction or intrinsic unarmed attack affects the constructed melee duelist; any movement/campaign clauses remain excluded.",,Giant Wolves never use weapons or armour and suffer no penalty for fighting without equipment.
source/bands/trollheim/khemri-lahmian-brotherhood/profiles.yaml/@/profiles/0/equipment_restrictions/0/unclassified,bands/trollheim/khemri-lahmian-brotherhood/profiles.yaml,41319975e2c64c1ab2518dfe146ace7bae7cd0595b020ca959fba0be39b80e49,YES,construction,"Printed kit/access, hand/armour restriction or intrinsic unarmed attack affects the constructed melee duelist; any movement/campaign clauses remain excluded.",,Use only the Undead Equipment List assigned by the selected Foreign or Native background.
source/bands/trollheim/khemri-lahmian-brotherhood/profiles.yaml/@/profiles/1/equipment_restrictions/0/unclassified,bands/trollheim/khemri-lahmian-brotherhood/profiles.yaml,41319975e2c64c1ab2518dfe146ace7bae7cd0595b020ca959fba0be39b80e49,YES,construction,"Printed kit/access, hand/armour restriction or intrinsic unarmed attack affects the constructed melee duelist; any movement/campaign clauses remain excluded.",,Use only the Undead Equipment List assigned by the selected Foreign or Native background.
source/bands/trollheim/khemri-lahmian-brotherhood/profiles.yaml/@/profiles/1/equipment_restrictions/1/unclassified,bands/trollheim/khemri-lahmian-brotherhood/profiles.yaml,c7d27bbe9adcc886863d63c505486c566a2b868e196ee121f844562863acb3f0,YES,construction,"Printed kit/access, hand/armour restriction or intrinsic unarmed attack affects the constructed melee duelist; any movement/campaign clauses remain excluded.",,May not select the Snake Whip; it is restricted to the Lahmian Vampire and Blood Sister.
source/bands/trollheim/khemri-lahmian-brotherhood/profiles.yaml/@/profiles/2/equipment_restrictions/0/unclassified,bands/trollheim/khemri-lahmian-brotherhood/profiles.yaml,14763e3931010c591c1d934dc0578331ea537ca6c711ebf3f3c382b8339c568b,YES,construction,"Printed kit/access, hand/armour restriction or intrinsic unarmed attack affects the constructed melee duelist; any movement/campaign clauses remain excluded.",,Use only the Beloved Equipment List assigned by the selected Foreign or Native background.
source/bands/trollheim/khemri-lahmian-brotherhood/profiles.yaml/@/profiles/3/equipment_restrictions/0/unclassified,bands/trollheim/khemri-lahmian-brotherhood/profiles.yaml,41319975e2c64c1ab2518dfe146ace7bae7cd0595b020ca959fba0be39b80e49,YES,construction,"Printed kit/access, hand/armour restriction or intrinsic unarmed attack affects the constructed melee duelist; any movement/campaign clauses remain excluded.",,Use only the Undead Equipment List assigned by the selected Foreign or Native background.
source/bands/trollheim/khemri-lahmian-brotherhood/profiles.yaml/@/profiles/4/equipment_restrictions/0/unclassified,bands/trollheim/khemri-lahmian-brotherhood/profiles.yaml,41319975e2c64c1ab2518dfe146ace7bae7cd0595b020ca959fba0be39b80e49,YES,construction,"Printed kit/access, hand/armour restriction or intrinsic unarmed attack affects the constructed melee duelist; any movement/campaign clauses remain excluded.",,Use only the Undead Equipment List assigned by the selected Foreign or Native background.
source/bands/trollheim/khemri-lahmian-brotherhood/profiles.yaml/@/profiles/4/equipment_restrictions/1/unclassified,bands/trollheim/khemri-lahmian-brotherhood/profiles.yaml,c7d27bbe9adcc886863d63c505486c566a2b868e196ee121f844562863acb3f0,YES,construction,"Printed kit/access, hand/armour restriction or intrinsic unarmed attack affects the constructed melee duelist; any movement/campaign clauses remain excluded.",,May not select the Snake Whip; it is restricted to the Lahmian Vampire and Blood Sister.
source/bands/trollheim/khemri-lahmian-brotherhood/profiles.yaml/@/profiles/5/equipment_restrictions/0/unclassified,bands/trollheim/khemri-lahmian-brotherhood/profiles.yaml,41319975e2c64c1ab2518dfe146ace7bae7cd0595b020ca959fba0be39b80e49,YES,construction,"Printed kit/access, hand/armour restriction or intrinsic unarmed attack affects the constructed melee duelist; any movement/campaign clauses remain excluded.",,Use only the Undead Equipment List assigned by the selected Foreign or Native background.
source/bands/trollheim/khemri-lahmian-brotherhood/profiles.yaml/@/profiles/5/equipment_restrictions/1/unclassified,bands/trollheim/khemri-lahmian-brotherhood/profiles.yaml,c7d27bbe9adcc886863d63c505486c566a2b868e196ee121f844562863acb3f0,YES,construction,"Printed kit/access, hand/armour restriction or intrinsic unarmed attack affects the constructed melee duelist; any movement/campaign clauses remain excluded.",,May not select the Snake Whip; it is restricted to the Lahmian Vampire and Blood Sister.
source/bands/trollheim/khemri-lahmian-brotherhood/profiles.yaml/@/profiles/6/equipment_restrictions/0/unclassified,bands/trollheim/khemri-lahmian-brotherhood/profiles.yaml,126ac47bd3cd727c41d95102a442dd490f1acf0235ab727efaee92b19e6e9902,YES,construction,"Profile/background eligibility affects the constructed duelist, not a new melee operator.",,Foreign background only.
source/bands/trollheim/khemri-lahmian-brotherhood/profiles.yaml/@/profiles/6/equipment_restrictions/1/unclassified,bands/trollheim/khemri-lahmian-brotherhood/profiles.yaml,ab43b40fa12b10e59b37504c4535118c19b5fa6cea9ec5783baa025154ef0031,YES,construction,"Printed kit/access, hand/armour restriction or intrinsic unarmed attack affects the constructed melee duelist; any movement/campaign clauses remain excluded.",,Use the Foreign Warband Undead Equipment List.
source/bands/trollheim/khemri-lahmian-brotherhood/profiles.yaml/@/profiles/6/equipment_restrictions/2/unclassified,bands/trollheim/khemri-lahmian-brotherhood/profiles.yaml,c7d27bbe9adcc886863d63c505486c566a2b868e196ee121f844562863acb3f0,YES,construction,"Printed kit/access, hand/armour restriction or intrinsic unarmed attack affects the constructed melee duelist; any movement/campaign clauses remain excluded.",,May not select the Snake Whip; it is restricted to the Lahmian Vampire and Blood Sister.
source/bands/trollheim/khemri-lahmian-brotherhood/profiles.yaml/@/profiles/7/equipment_restrictions/0/unclassified,bands/trollheim/khemri-lahmian-brotherhood/profiles.yaml,126ac47bd3cd727c41d95102a442dd490f1acf0235ab727efaee92b19e6e9902,YES,construction,"Profile/background eligibility affects the constructed duelist, not a new melee operator.",,Foreign background only.
source/bands/trollheim/khemri-lahmian-brotherhood/profiles.yaml/@/profiles/7/equipment_restrictions/1/unclassified,bands/trollheim/khemri-lahmian-brotherhood/profiles.yaml,ae0692133aa86a5220cbfc04ef8e6e16a946958128466416bfe2fffba44903ea,YES,construction,"Printed kit/access, hand/armour restriction or intrinsic unarmed attack affects the constructed melee duelist; any movement/campaign clauses remain excluded.",,Black Hounds never use weapons or armour and suffer no penalty for fighting without equipment.
source/bands/trollheim/khemri-lahmian-brotherhood/profiles.yaml/@/profiles/8/equipment_restrictions/0/unclassified,bands/trollheim/khemri-lahmian-brotherhood/profiles.yaml,72600c8b4119d9a97a0cbf1ce1bb26abfb532bd72ee242a25377ca4e6f7f71dd,YES,construction,"Profile/background eligibility affects the constructed duelist, not a new melee operator.",,Native background only.
source/bands/trollheim/khemri-lahmian-brotherhood/profiles.yaml/@/profiles/8/equipment_restrictions/1/unclassified,bands/trollheim/khemri-lahmian-brotherhood/profiles.yaml,497d5e3154f6467e8d4d4af50b793332dea4d4197ce87648e75d5bbe8d58660a,YES,construction,"Printed kit/access, hand/armour restriction or intrinsic unarmed attack affects the constructed melee duelist; any movement/campaign clauses remain excluded.",,Use the Native Warband Undead Equipment List.
source/bands/trollheim/khemri-lahmian-brotherhood/profiles.yaml/@/profiles/8/equipment_restrictions/2/unclassified,bands/trollheim/khemri-lahmian-brotherhood/profiles.yaml,c7d27bbe9adcc886863d63c505486c566a2b868e196ee121f844562863acb3f0,YES,construction,"Printed kit/access, hand/armour restriction or intrinsic unarmed attack affects the constructed melee duelist; any movement/campaign clauses remain excluded.",,May not select the Snake Whip; it is restricted to the Lahmian Vampire and Blood Sister.
source/bands/trollheim/khemri-lahmian-brotherhood/profiles.yaml/@/profiles/9/equipment_restrictions/0/unclassified,bands/trollheim/khemri-lahmian-brotherhood/profiles.yaml,72600c8b4119d9a97a0cbf1ce1bb26abfb532bd72ee242a25377ca4e6f7f71dd,YES,construction,"Profile/background eligibility affects the constructed duelist, not a new melee operator.",,Native background only.
source/bands/trollheim/khemri-lahmian-brotherhood/profiles.yaml/@/profiles/9/equipment_restrictions/1/unclassified,bands/trollheim/khemri-lahmian-brotherhood/profiles.yaml,09eaeec72a52a061caa5a8225dee5442ee58d9ab424b385fc9e53dad82d65c35,YES,construction,"Printed kit/access, hand/armour restriction or intrinsic unarmed attack affects the constructed melee duelist; any movement/campaign clauses remain excluded.",,Jackals never use weapons or armour and suffer no penalty for fighting without equipment.
source/bands/trollheim/khemri-mages/equipment-access.yaml/@/equipment_lists/0/items/3/notes/unclassified,bands/trollheim/khemri-mages/equipment-access.yaml,3b41a00a30214402f0c75937572078c2152227a8cfe48111941e317a57ece364,YES,construction,Bearer/slot/combination restriction or explicit equipment equivalence affects construction of a legal duelist; pricing and shooting execution are excluded.,,Pupils only.
source/bands/trollheim/khemri-mages/equipment-access.yaml/@/equipment_lists/0/items/7/notes/unclassified,bands/trollheim/khemri-mages/equipment-access.yaml,dacaa6bda1dd8878cd4e936fcc92a743bb98f80d8864097e4d1346e23e36ade1,YES,construction,Bearer/slot/combination restriction or explicit equipment equivalence affects construction of a legal duelist; pricing and shooting execution are excluded.,,"At warband creation, only the Archmage may buy a Familiar. Afterwards, a spellcaster may attempt to acquire one through Trading; the detailed entry is Rare 8 and costs 20+1D6 gc. Prayer users may not use a Familiar. Internal item mechanics are intentionally not modelled here."
source/bands/trollheim/khemri-necromancers/profiles.yaml/@/profiles/4/equipment_restrictions/0/unclassified,bands/trollheim/khemri-necromancers/profiles.yaml,e604d12130618de862b8d21fda787e381477db27e742ee1bcbe915df0ce26c70,YES,construction,"Printed kit/access, hand/armour restriction or intrinsic unarmed attack affects the constructed melee duelist; any movement/campaign clauses remain excluded.",,Nehekharan Vultures are animals and never use weapons or armour; their sharp beaks are natural attacks.
source/bands/trollheim/khemri-tomb-guardians/equipment-access.yaml/@/equipment_lists/0/items/10/notes/unclassified,bands/trollheim/khemri-tomb-guardians/equipment-access.yaml,19a64bdd1cb781bb6f7cc17526adf1dfebb431d9a7bfb036a04e5d73f162b837,YES,construction,Bearer/slot/combination restriction or explicit equipment equivalence affects construction of a legal duelist; pricing and shooting execution are excluded.,,Tomb Lord only. Internal ammunition mechanics are intentionally not modelled here.
source/bands/trollheim/khemri-tomb-guardians/equipment-access.yaml/@/equipment_lists/0/items/11/notes/unclassified,bands/trollheim/khemri-tomb-guardians/equipment-access.yaml,1654b8a05ea81b1e0506c2bdf88f5055cdcc61f5857b5f8e043b1fa31ffeb182,YES,construction,Bearer/slot/combination restriction or explicit equipment equivalence affects construction of a legal duelist; pricing and shooting execution are excluded.,,Tomb Lord only. Internal weapon mechanics are intentionally not modelled here. Source label: nehekhara javelin.
source/bands/trollheim/khemri-tomb-guardians/equipment-access.yaml/@/equipment_lists/0/items/14/notes/unclassified,bands/trollheim/khemri-tomb-guardians/equipment-access.yaml,a49ef209e410f85d2cc1ecd8a6f401ad2e29908ac3ceaee9a918a6b0c4d5ef28,YES,construction,Bearer/slot/combination restriction or explicit equipment equivalence affects construction of a legal duelist; pricing and shooting execution are excluded.,,Counts as Light Armour.
source/bands/trollheim/khemri-tomb-guardians/equipment-access.yaml/@/equipment_lists/1/items/5/notes/unclassified,bands/trollheim/khemri-tomb-guardians/equipment-access.yaml,dd7aedaae3ef3fffa9ac00918c0d47036814108857a9b62aee02b5410e56b07f,YES,construction,Bearer/slot/combination restriction or explicit equipment equivalence affects construction of a legal duelist; pricing and shooting execution are excluded.,,Mortuary Priest only. Internal weapon mechanics are intentionally not modelled here.
source/bands/trollheim/lustria-clan-pestilens/equipment-access.yaml/@/equipment_lists/0/items/13/notes/unclassified,bands/trollheim/lustria-clan-pestilens/equipment-access.yaml,3ee1fc3233178c66a22029e0af9a246a5ecb07a4db2b626c7ce80357ac165e98,YES,construction,Bearer/slot/combination restriction or explicit equipment equivalence affects construction of a legal duelist; pricing and shooting execution are excluded.,,Skaven only. Internal item mechanics are intentionally not modelled here.
source/bands/trollheim/lustria-clan-pestilens/equipment-access.yaml/@/equipment_lists/0/items/15/notes/unclassified,bands/trollheim/lustria-clan-pestilens/equipment-access.yaml,0ff253b98045be600754f081e01e805c10c6950b807739d702d3db01ce34098e,YES,construction,Bearer/slot/combination restriction or explicit equipment equivalence affects construction of a legal duelist; pricing and shooting execution are excluded.,,Clan Pestilens only; the detailed entry is Rare 8. Internal item mechanics are intentionally not modelled here.
source/bands/trollheim/lustria-clan-pestilens/equipment-access.yaml/@/equipment_lists/0/items/16/notes/unclassified,bands/trollheim/lustria-clan-pestilens/equipment-access.yaml,9aae490e156f045dc4a69cdc5d443e182599aa04278b8abf70a8ed8cd85cb0a4,YES,construction,Bearer/slot/combination restriction or explicit equipment equivalence affects construction of a legal duelist; pricing and shooting execution are excluded.,,"Warband-creation price from the Hero Equipment List on printed page 75. The detailed entry on printed page 77 gives 100+10D6 gc, Rare 9, and requires a Censer. Internal item mechanics are intentionally not modelled here."
source/bands/trollheim/lustria-clan-pestilens/equipment-access.yaml/@/equipment_lists/0/items/6/notes/unclassified,bands/trollheim/lustria-clan-pestilens/equipment-access.yaml,935b8c32c0d21e0e6d998f6c75b33ccfee8541dae08cc19e235d16a1b5a8890e,YES,construction,Bearer/slot/combination restriction or explicit equipment equivalence affects construction of a legal duelist; pricing and shooting execution are excluded.,,Clan Pestilens only; the detailed entry is Rare 8. Internal weapon and disease mechanics are intentionally not modelled here.
source/bands/trollheim/lustria-clan-pestilens/equipment-access.yaml/@/equipment_lists/0/items/7/notes/unclassified,bands/trollheim/lustria-clan-pestilens/equipment-access.yaml,3ccb0111bfb0a794391b0d4cacdbc128c9ca25fc1d45b044e7c313886fef6bd2,YES,construction,Bearer/slot/combination restriction or explicit equipment equivalence affects construction of a legal duelist; pricing and shooting execution are excluded.,,Clan Pestilens only; the detailed entry is Rare 9. Internal weapon and Fog of Death mechanics are intentionally not modelled here.
source/bands/trollheim/lustria-dark-elves/equipment-access.yaml/@/equipment_lists/0/items/14/notes/unclassified,bands/trollheim/lustria-dark-elves/equipment-access.yaml,91d5c90add7c0ce46efe282de8864143b77c0878fdb3b330c64f1168b1668ff3,YES,construction,Bearer/slot/combination restriction or explicit equipment equivalence affects construction of a legal duelist; pricing and shooting execution are excluded.,,Heroes only; internal poison mechanics are not modelled here. Source label: black venom.
source/bands/trollheim/lustria-dark-elves/equipment-access.yaml/@/equipment_lists/0/items/15/notes/unclassified,bands/trollheim/lustria-dark-elves/equipment-access.yaml,30cfadaa0d69ecb5ec8deb6333d721a73d605c6df89dd89a6963fbba469b9893,YES,construction,Bearer/slot/combination restriction or explicit equipment equivalence affects construction of a legal duelist; pricing and shooting execution are excluded.,,"Heroes and Corsairs only. Starting-list price is 50 gc; the detailed entry is 50+2D6 gc, Rare 10. Internal armour mechanics are intentionally not modelled here."
source/bands/trollheim/lustria-dark-elves/equipment-access.yaml/@/equipment_lists/0/items/16/notes/unclassified,bands/trollheim/lustria-dark-elves/equipment-access.yaml,50922e27c2d7615bd949bf8d893415c21c081f23e2aaac67b73419dd0db81282,YES,construction,Bearer/slot/combination restriction or explicit equipment equivalence affects construction of a legal duelist; pricing and shooting execution are excluded.,,Heroes only; Rare 11. Internal weapon mechanics are not modelled here.
source/bands/trollheim/lustria-dark-elves/equipment-access.yaml/@/equipment_lists/0/items/5/notes/unclassified,bands/trollheim/lustria-dark-elves/equipment-access.yaml,c57e96005c61feaf9ca9ad5fe24aeaf3c6464155ca40e8d071c36b71a33032fc,YES,construction,Bearer/slot/combination restriction or explicit equipment equivalence affects construction of a legal duelist; pricing and shooting execution are excluded.,,Beastmaster only; Common. Internal weapon mechanics are intentionally not modelled here.
source/bands/trollheim/lustria-dark-elves/profiles.yaml/@/profiles/0/equipment_restrictions/0/unclassified,bands/trollheim/lustria-dark-elves/profiles.yaml,48b081a115775e8a3f4b7a643a32e8e0db2538e5c7b41ce3beed6da3272559bf,YES,construction,"Printed kit/access, hand/armour restriction or intrinsic unarmed attack affects the constructed melee duelist; any movement/campaign clauses remain excluded.",,May never use blackpowder weapons.
source/bands/trollheim/lustria-dark-elves/profiles.yaml/@/profiles/0/equipment_restrictions/1/unclassified,bands/trollheim/lustria-dark-elves/profiles.yaml,25befc446f3fbce1e40b093cd51708d0a43f984434d95b66ced6439f7b12b50e,YES,construction,"Printed kit/access, hand/armour restriction or intrinsic unarmed attack affects the constructed melee duelist; any movement/campaign clauses remain excluded.",,May not select the Beastmaster's Whip; it is Beastmaster only.
source/bands/trollheim/lustria-dark-elves/profiles.yaml/@/profiles/1/equipment_restrictions/0/unclassified,bands/trollheim/lustria-dark-elves/profiles.yaml,48b081a115775e8a3f4b7a643a32e8e0db2538e5c7b41ce3beed6da3272559bf,YES,construction,"Printed kit/access, hand/armour restriction or intrinsic unarmed attack affects the constructed melee duelist; any movement/campaign clauses remain excluded.",,May never use blackpowder weapons.
source/bands/trollheim/lustria-dark-elves/profiles.yaml/@/profiles/1/equipment_restrictions/1/unclassified,bands/trollheim/lustria-dark-elves/profiles.yaml,68341c2a0b12214e20eb87d6a9df1b461514c3671e2ab1692bd05087ee57e800,YES,construction,"Printed kit/access, hand/armour restriction or intrinsic unarmed attack affects the constructed melee duelist; any movement/campaign clauses remain excluded.",,May never use missile weapons of any kind.
source/bands/trollheim/lustria-dark-elves/profiles.yaml/@/profiles/1/equipment_restrictions/2/unclassified,bands/trollheim/lustria-dark-elves/profiles.yaml,25befc446f3fbce1e40b093cd51708d0a43f984434d95b66ced6439f7b12b50e,YES,construction,"Printed kit/access, hand/armour restriction or intrinsic unarmed attack affects the constructed melee duelist; any movement/campaign clauses remain excluded.",,May not select the Beastmaster's Whip; it is Beastmaster only.
source/bands/trollheim/lustria-dark-elves/profiles.yaml/@/profiles/2/equipment_restrictions/0/unclassified,bands/trollheim/lustria-dark-elves/profiles.yaml,48b081a115775e8a3f4b7a643a32e8e0db2538e5c7b41ce3beed6da3272559bf,YES,construction,"Printed kit/access, hand/armour restriction or intrinsic unarmed attack affects the constructed melee duelist; any movement/campaign clauses remain excluded.",,May never use blackpowder weapons.
source/bands/trollheim/lustria-dark-elves/profiles.yaml/@/profiles/3/equipment_restrictions/0/unclassified,bands/trollheim/lustria-dark-elves/profiles.yaml,48b081a115775e8a3f4b7a643a32e8e0db2538e5c7b41ce3beed6da3272559bf,YES,construction,"Printed kit/access, hand/armour restriction or intrinsic unarmed attack affects the constructed melee duelist; any movement/campaign clauses remain excluded.",,May never use blackpowder weapons.
source/bands/trollheim/lustria-dark-elves/profiles.yaml/@/profiles/3/equipment_restrictions/1/unclassified,bands/trollheim/lustria-dark-elves/profiles.yaml,25befc446f3fbce1e40b093cd51708d0a43f984434d95b66ced6439f7b12b50e,YES,construction,"Printed kit/access, hand/armour restriction or intrinsic unarmed attack affects the constructed melee duelist; any movement/campaign clauses remain excluded.",,May not select the Beastmaster's Whip; it is Beastmaster only.
source/bands/trollheim/lustria-dark-elves/profiles.yaml/@/profiles/4/equipment_restrictions/0/unclassified,bands/trollheim/lustria-dark-elves/profiles.yaml,48b081a115775e8a3f4b7a643a32e8e0db2538e5c7b41ce3beed6da3272559bf,YES,construction,"Printed kit/access, hand/armour restriction or intrinsic unarmed attack affects the constructed melee duelist; any movement/campaign clauses remain excluded.",,May never use blackpowder weapons.
source/bands/trollheim/lustria-dark-elves/profiles.yaml/@/profiles/4/equipment_restrictions/1/unclassified,bands/trollheim/lustria-dark-elves/profiles.yaml,e136ba68d0ffb7713b30c8bed5b3681e3960f7feb182785c7f74320f8a93bfb1,YES,construction,"Printed kit/access, hand/armour restriction or intrinsic unarmed attack affects the constructed melee duelist; any movement/campaign clauses remain excluded.",,May select the Sea Dragon Cloak even though Corsairs are not Heroes.
source/bands/trollheim/lustria-dark-elves/profiles.yaml/@/profiles/4/equipment_restrictions/2/unclassified,bands/trollheim/lustria-dark-elves/profiles.yaml,5587c0eff52f4c357778ff311a773af461b9da565f1c2ef60eb57b9eb8c53128,YES,construction,"Printed kit/access, hand/armour restriction or intrinsic unarmed attack affects the constructed melee duelist; any movement/campaign clauses remain excluded.",,May not select Black Venom or Draich; those entries are Heroes only.
source/bands/trollheim/lustria-dark-elves/profiles.yaml/@/profiles/4/equipment_restrictions/3/unclassified,bands/trollheim/lustria-dark-elves/profiles.yaml,25befc446f3fbce1e40b093cd51708d0a43f984434d95b66ced6439f7b12b50e,YES,construction,"Printed kit/access, hand/armour restriction or intrinsic unarmed attack affects the constructed melee duelist; any movement/campaign clauses remain excluded.",,May not select the Beastmaster's Whip; it is Beastmaster only.
source/bands/trollheim/lustria-dark-elves/profiles.yaml/@/profiles/5/equipment_restrictions/0/unclassified,bands/trollheim/lustria-dark-elves/profiles.yaml,48b081a115775e8a3f4b7a643a32e8e0db2538e5c7b41ce3beed6da3272559bf,YES,construction,"Printed kit/access, hand/armour restriction or intrinsic unarmed attack affects the constructed melee duelist; any movement/campaign clauses remain excluded.",,May never use blackpowder weapons.
source/bands/trollheim/lustria-dark-elves/profiles.yaml/@/profiles/6/equipment_restrictions/0/unclassified,bands/trollheim/lustria-dark-elves/profiles.yaml,8857d128400fe11afc07953a87afd1da5ad4c2b67ca235c06ba9d72828d1d266,YES,construction,"Printed kit/access, hand/armour restriction or intrinsic unarmed attack affects the constructed melee duelist; any movement/campaign clauses remain excluded.",,Cold Ones are animals and never use weapons or armour; their claws and jaws are natural attacks.
source/bands/trollheim/lustria-high-elves/equipment-access.yaml/@/equipment_lists/0/items/15/notes/unclassified,bands/trollheim/lustria-high-elves/equipment-access.yaml,3ae8821ed60a9774179c2c3493e992709686c6835a557e970e6cc3e0b4d4d8ce,YES,construction,Bearer/slot/combination restriction or explicit equipment equivalence affects construction of a legal duelist; pricing and shooting execution are excluded.,,"Creation-only price. The detailed entry is 30+3D6 gc, Rare 10, one use, High Elves only. Internal item mechanics are intentionally not modelled here."
source/bands/trollheim/lustria-high-elves/equipment-access.yaml/@/equipment_lists/0/items/16/notes/unclassified,bands/trollheim/lustria-high-elves/equipment-access.yaml,9f52e923275f6d66b0e41f33e6e0bdbd670c3768e4ea1af124775b5d142f896b,YES,construction,Bearer/slot/combination restriction or explicit equipment equivalence affects construction of a legal duelist; pricing and shooting execution are excluded.,,"Loremaster only. Creation-only price. The detailed entry is 50+2D6 gc, Rare 11. Internal item mechanics are intentionally not modelled here."
source/bands/trollheim/lustria-high-elves/equipment-access.yaml/@/equipment_lists/0/items/6/notes/unclassified,bands/trollheim/lustria-high-elves/equipment-access.yaml,f445f5b8d33c19ea470d72dbc3e0b50e125167a80909382b2904a8da5a656a95,YES,construction,Bearer/slot/combination restriction or explicit equipment equivalence affects construction of a legal duelist; pricing and shooting execution are excluded.,,Loremaster only. The detailed entry on printed page 115 is Rare 10. Internal item mechanics are intentionally not modelled here.
source/bands/trollheim/lustria-high-elves/profiles.yaml/@/profiles/0/equipment_restrictions/0/unclassified,bands/trollheim/lustria-high-elves/profiles.yaml,48b081a115775e8a3f4b7a643a32e8e0db2538e5c7b41ce3beed6da3272559bf,YES,construction,"Printed kit/access, hand/armour restriction or intrinsic unarmed attack affects the constructed melee duelist; any movement/campaign clauses remain excluded.",,May never use blackpowder weapons.
source/bands/trollheim/lustria-high-elves/profiles.yaml/@/profiles/0/equipment_restrictions/1/unclassified,bands/trollheim/lustria-high-elves/profiles.yaml,2f3f7c65dfd7b254cde31e88ba7b3fe23aa22787c7d9ee00fff0f95e974ba3e4,YES,construction,"Printed kit/access, hand/armour restriction or intrinsic unarmed attack affects the constructed melee duelist; any movement/campaign clauses remain excluded.",,May never use drugs or poisons.
source/bands/trollheim/lustria-high-elves/profiles.yaml/@/profiles/0/equipment_restrictions/2/unclassified,bands/trollheim/lustria-high-elves/profiles.yaml,3d81cc64ccd4e4787a9b1479d09412fb243579793fe63dbb86b6dbcee8c2e602,YES,construction,"Printed kit/access, hand/armour restriction or intrinsic unarmed attack affects the constructed melee duelist; any movement/campaign clauses remain excluded.",,"May never use Dwarf-made equipment, including Gromril and Obsidian equipment."
source/bands/trollheim/lustria-high-elves/profiles.yaml/@/profiles/1/equipment_restrictions/0/unclassified,bands/trollheim/lustria-high-elves/profiles.yaml,48b081a115775e8a3f4b7a643a32e8e0db2538e5c7b41ce3beed6da3272559bf,YES,construction,"Printed kit/access, hand/armour restriction or intrinsic unarmed attack affects the constructed melee duelist; any movement/campaign clauses remain excluded.",,May never use blackpowder weapons.
source/bands/trollheim/lustria-high-elves/profiles.yaml/@/profiles/1/equipment_restrictions/1/unclassified,bands/trollheim/lustria-high-elves/profiles.yaml,2f3f7c65dfd7b254cde31e88ba7b3fe23aa22787c7d9ee00fff0f95e974ba3e4,YES,construction,"Printed kit/access, hand/armour restriction or intrinsic unarmed attack affects the constructed melee duelist; any movement/campaign clauses remain excluded.",,May never use drugs or poisons.
source/bands/trollheim/lustria-high-elves/profiles.yaml/@/profiles/1/equipment_restrictions/2/unclassified,bands/trollheim/lustria-high-elves/profiles.yaml,3d81cc64ccd4e4787a9b1479d09412fb243579793fe63dbb86b6dbcee8c2e602,YES,construction,"Printed kit/access, hand/armour restriction or intrinsic unarmed attack affects the constructed melee duelist; any movement/campaign clauses remain excluded.",,"May never use Dwarf-made equipment, including Gromril and Obsidian equipment."
source/bands/trollheim/lustria-high-elves/profiles.yaml/@/profiles/1/equipment_restrictions/3/unclassified,bands/trollheim/lustria-high-elves/profiles.yaml,97f00b670af8c95324b992f022d5a6e32c958f6f9b7f35a56dc4081b2e6ed4e2,YES,construction,"Printed kit/access, hand/armour restriction or intrinsic unarmed attack affects the constructed melee duelist; any movement/campaign clauses remain excluded.",,May never use missile weapons.
source/bands/trollheim/lustria-high-elves/profiles.yaml/@/profiles/1/equipment_restrictions/4/unclassified,bands/trollheim/lustria-high-elves/profiles.yaml,0f6adf10219cbd9384a88179eab304aa9d41e4105802f9a717a5469ae634b5bb,YES,construction,"Printed kit/access, hand/armour restriction or intrinsic unarmed attack affects the constructed melee duelist; any movement/campaign clauses remain excluded.",,May not select the Mage Staff or Elven Runestones; those entries are Loremaster only.
source/bands/trollheim/lustria-high-elves/profiles.yaml/@/profiles/2/equipment_restrictions/0/unclassified,bands/trollheim/lustria-high-elves/profiles.yaml,48b081a115775e8a3f4b7a643a32e8e0db2538e5c7b41ce3beed6da3272559bf,YES,construction,"Printed kit/access, hand/armour restriction or intrinsic unarmed attack affects the constructed melee duelist; any movement/campaign clauses remain excluded.",,May never use blackpowder weapons.
source/bands/trollheim/lustria-high-elves/profiles.yaml/@/profiles/2/equipment_restrictions/1/unclassified,bands/trollheim/lustria-high-elves/profiles.yaml,2f3f7c65dfd7b254cde31e88ba7b3fe23aa22787c7d9ee00fff0f95e974ba3e4,YES,construction,"Printed kit/access, hand/armour restriction or intrinsic unarmed attack affects the constructed melee duelist; any movement/campaign clauses remain excluded.",,May never use drugs or poisons.
source/bands/trollheim/lustria-high-elves/profiles.yaml/@/profiles/2/equipment_restrictions/2/unclassified,bands/trollheim/lustria-high-elves/profiles.yaml,3d81cc64ccd4e4787a9b1479d09412fb243579793fe63dbb86b6dbcee8c2e602,YES,construction,"Printed kit/access, hand/armour restriction or intrinsic unarmed attack affects the constructed melee duelist; any movement/campaign clauses remain excluded.",,"May never use Dwarf-made equipment, including Gromril and Obsidian equipment."
source/bands/trollheim/lustria-high-elves/profiles.yaml/@/profiles/2/equipment_restrictions/3/unclassified,bands/trollheim/lustria-high-elves/profiles.yaml,0f6adf10219cbd9384a88179eab304aa9d41e4105802f9a717a5469ae634b5bb,YES,construction,"Printed kit/access, hand/armour restriction or intrinsic unarmed attack affects the constructed melee duelist; any movement/campaign clauses remain excluded.",,May not select the Mage Staff or Elven Runestones; those entries are Loremaster only.
source/bands/trollheim/lustria-high-elves/profiles.yaml/@/profiles/3/equipment_restrictions/0/unclassified,bands/trollheim/lustria-high-elves/profiles.yaml,48b081a115775e8a3f4b7a643a32e8e0db2538e5c7b41ce3beed6da3272559bf,YES,construction,"Printed kit/access, hand/armour restriction or intrinsic unarmed attack affects the constructed melee duelist; any movement/campaign clauses remain excluded.",,May never use blackpowder weapons.
source/bands/trollheim/lustria-high-elves/profiles.yaml/@/profiles/3/equipment_restrictions/1/unclassified,bands/trollheim/lustria-high-elves/profiles.yaml,2f3f7c65dfd7b254cde31e88ba7b3fe23aa22787c7d9ee00fff0f95e974ba3e4,YES,construction,"Printed kit/access, hand/armour restriction or intrinsic unarmed attack affects the constructed melee duelist; any movement/campaign clauses remain excluded.",,May never use drugs or poisons.
source/bands/trollheim/lustria-high-elves/profiles.yaml/@/profiles/3/equipment_restrictions/2/unclassified,bands/trollheim/lustria-high-elves/profiles.yaml,3d81cc64ccd4e4787a9b1479d09412fb243579793fe63dbb86b6dbcee8c2e602,YES,construction,"Printed kit/access, hand/armour restriction or intrinsic unarmed attack affects the constructed melee duelist; any movement/campaign clauses remain excluded.",,"May never use Dwarf-made equipment, including Gromril and Obsidian equipment."
source/bands/trollheim/lustria-high-elves/profiles.yaml/@/profiles/3/equipment_restrictions/3/unclassified,bands/trollheim/lustria-high-elves/profiles.yaml,0f6adf10219cbd9384a88179eab304aa9d41e4105802f9a717a5469ae634b5bb,YES,construction,"Printed kit/access, hand/armour restriction or intrinsic unarmed attack affects the constructed melee duelist; any movement/campaign clauses remain excluded.",,May not select the Mage Staff or Elven Runestones; those entries are Loremaster only.
source/bands/trollheim/lustria-high-elves/profiles.yaml/@/profiles/4/equipment_restrictions/0/unclassified,bands/trollheim/lustria-high-elves/profiles.yaml,48b081a115775e8a3f4b7a643a32e8e0db2538e5c7b41ce3beed6da3272559bf,YES,construction,"Printed kit/access, hand/armour restriction or intrinsic unarmed attack affects the constructed melee duelist; any movement/campaign clauses remain excluded.",,May never use blackpowder weapons.
source/bands/trollheim/lustria-high-elves/profiles.yaml/@/profiles/4/equipment_restrictions/1/unclassified,bands/trollheim/lustria-high-elves/profiles.yaml,2f3f7c65dfd7b254cde31e88ba7b3fe23aa22787c7d9ee00fff0f95e974ba3e4,YES,construction,"Printed kit/access, hand/armour restriction or intrinsic unarmed attack affects the constructed melee duelist; any movement/campaign clauses remain excluded.",,May never use drugs or poisons.
source/bands/trollheim/lustria-high-elves/profiles.yaml/@/profiles/4/equipment_restrictions/2/unclassified,bands/trollheim/lustria-high-elves/profiles.yaml,3d81cc64ccd4e4787a9b1479d09412fb243579793fe63dbb86b6dbcee8c2e602,YES,construction,"Printed kit/access, hand/armour restriction or intrinsic unarmed attack affects the constructed melee duelist; any movement/campaign clauses remain excluded.",,"May never use Dwarf-made equipment, including Gromril and Obsidian equipment."
source/bands/trollheim/lustria-lizardmen/equipment-access.yaml/@/equipment_lists/0/items/11/notes/unclassified,bands/trollheim/lustria-lizardmen/equipment-access.yaml,28df4c7c1edfcf56f02a865327e99a65aaa47209bdbd5a79c84b1c47c94dbdec,YES,construction,Bearer/slot/combination restriction or explicit equipment equivalence affects construction of a legal duelist; pricing and shooting execution are excluded.,,Skink Priest only.
source/bands/trollheim/lustria-lizardmen/equipment-access.yaml/@/equipment_lists/0/items/3/notes/unclassified,bands/trollheim/lustria-lizardmen/equipment-access.yaml,e615ee1f099c709d30e93276444ca16261ef73fae1d264b1183a7efafb3b0834,YES,construction,Bearer/slot/combination restriction or explicit equipment equivalence affects construction of a legal duelist; pricing and shooting execution are excluded.,,Heroes only.
source/bands/trollheim/lustria-lizardmen/profiles.yaml/@/profiles/1/equipment_restrictions/0/unclassified,bands/trollheim/lustria-lizardmen/profiles.yaml,97f00b670af8c95324b992f022d5a6e32c958f6f9b7f35a56dc4081b2e6ed4e2,YES,construction,"Printed kit/access, hand/armour restriction or intrinsic unarmed attack affects the constructed melee duelist; any movement/campaign clauses remain excluded.",,May never use missile weapons.
source/bands/trollheim/lustria-lizardmen/profiles.yaml/@/profiles/1/equipment_restrictions/1/unclassified,bands/trollheim/lustria-lizardmen/profiles.yaml,fff83212a54814b92f0df4e53418859bb33a249b540ddbfcade427e622746839,YES,construction,"Printed kit/access, hand/armour restriction or intrinsic unarmed attack affects the constructed melee duelist; any movement/campaign clauses remain excluded.",,May never gain Academic skills.
source/bands/trollheim/lustria-lizardmen/profiles.yaml/@/profiles/2/equipment_restrictions/0/unclassified,bands/trollheim/lustria-lizardmen/profiles.yaml,922daa31d46b520b35b017cd8c3fe38e8853bed70ce3be138b6ebf26801852e6,YES,construction,"Printed kit/access, hand/armour restriction or intrinsic unarmed attack affects the constructed melee duelist; any movement/campaign clauses remain excluded.",,May not select a Helmet; that entry is Skink Priest only.
source/bands/trollheim/lustria-lizardmen/profiles.yaml/@/profiles/3/equipment_restrictions/0/unclassified,bands/trollheim/lustria-lizardmen/profiles.yaml,1d08a294f83d9c10b890976f4903e9dd81e800fc9327295a8fabe86cd390a389,YES,construction,"Printed kit/access, hand/armour restriction or intrinsic unarmed attack affects the constructed melee duelist; any movement/campaign clauses remain excluded.",,May not select a Sword; that entry is Heroes only.
source/bands/trollheim/lustria-lizardmen/profiles.yaml/@/profiles/3/equipment_restrictions/1/unclassified,bands/trollheim/lustria-lizardmen/profiles.yaml,922daa31d46b520b35b017cd8c3fe38e8853bed70ce3be138b6ebf26801852e6,YES,construction,"Printed kit/access, hand/armour restriction or intrinsic unarmed attack affects the constructed melee duelist; any movement/campaign clauses remain excluded.",,May not select a Helmet; that entry is Skink Priest only.
source/bands/trollheim/lustria-lizardmen/profiles.yaml/@/profiles/4/equipment_restrictions/0/unclassified,bands/trollheim/lustria-lizardmen/profiles.yaml,97f00b670af8c95324b992f022d5a6e32c958f6f9b7f35a56dc4081b2e6ed4e2,YES,construction,"Printed kit/access, hand/armour restriction or intrinsic unarmed attack affects the constructed melee duelist; any movement/campaign clauses remain excluded.",,May never use missile weapons.
source/bands/trollheim/lustria-lizardmen/profiles.yaml/@/profiles/5/equipment_restrictions/0/unclassified,bands/trollheim/lustria-lizardmen/profiles.yaml,fa52e3f5a61c8ad2a1c36cd8088341527014cff4770b9d5998f9c3ef13b5ea1d,YES,construction,"Printed kit/access, hand/armour restriction or intrinsic unarmed attack affects the constructed melee duelist; any movement/campaign clauses remain excluded.",,May select either a Halberd or a Great Weapon; no other weapons or armour are permitted.
source/bands/trollheim/lustria-pirates/equipment-access.yaml/@/equipment_lists/0/items/18/notes/unclassified,bands/trollheim/lustria-pirates/equipment-access.yaml,ad790c2a422ea43bcbc2c22afe200066bb11016a8fb88f917fa3277b5ff42443,YES,construction,Bearer/slot/combination restriction or explicit equipment equivalence affects construction of a legal duelist; pricing and shooting execution are excluded.,,Pirates only. Internal item mechanics are intentionally not modelled here.
source/bands/trollheim/lustria-pirates/equipment-access.yaml/@/equipment_lists/0/items/19/notes/unclassified,bands/trollheim/lustria-pirates/equipment-access.yaml,ad790c2a422ea43bcbc2c22afe200066bb11016a8fb88f917fa3277b5ff42443,YES,construction,Bearer/slot/combination restriction or explicit equipment equivalence affects construction of a legal duelist; pricing and shooting execution are excluded.,,Pirates only. Internal item mechanics are intentionally not modelled here.
source/bands/trollheim/lustria-pirates/equipment-access.yaml/@/equipment_lists/0/items/20/notes/unclassified,bands/trollheim/lustria-pirates/equipment-access.yaml,1671b5411893711f77652893fb3192507f7d19a5580c7cdf8e026f2e4dda1902,YES,construction,Bearer/slot/combination restriction or explicit equipment equivalence affects construction of a legal duelist; pricing and shooting execution are excluded.,,Pirate Captain and Boatswains only. The detailed entry is Rare 8. Internal animal/item mechanics are intentionally not modelled here.
source/bands/trollheim/lustria-pirates/equipment-access.yaml/@/equipment_lists/0/items/21/notes/unclassified,bands/trollheim/lustria-pirates/equipment-access.yaml,1cdc2249090dd3cc56ddb046a2fe490c50bf1338ad0433b2d36111f3ef973c29,YES,construction,Bearer/slot/combination restriction or explicit equipment equivalence affects construction of a legal duelist; pricing and shooting execution are excluded.,,Maximum one per warband. The detailed entry is Rare 9 and states that any Pirate Hero may carry it. Internal item mechanics are intentionally not modelled here.
source/bands/trollheim/lustria-pirates/equipment-access.yaml/@/equipment_lists/0/items/3/notes/unclassified,bands/trollheim/lustria-pirates/equipment-access.yaml,2a980d94d7544fbe81e0448deb90bb6e08892df668032223cf5176653ea71081,YES,construction,Bearer/slot/combination restriction or explicit equipment equivalence affects construction of a legal duelist; pricing and shooting execution are excluded.,,Pirates only. Internal weapon mechanics are intentionally not modelled here.
source/bands/trollheim/lustria-pirates/equipment-access.yaml/@/equipment_lists/0/items/4/notes/unclassified,bands/trollheim/lustria-pirates/equipment-access.yaml,217f5d96a9336dcdf4eba4ce2dc94d4eccb175de0ab387493fbb7011b925a7f8,YES,construction,Bearer/slot/combination restriction or explicit equipment equivalence affects construction of a legal duelist; pricing and shooting execution are excluded.,,Heroes only. Internal weapon mechanics are intentionally not modelled here.
source/bands/trollheim/lustria-pirates/equipment-access.yaml/@/equipment_lists/0/items/8/notes/unclassified,bands/trollheim/lustria-pirates/equipment-access.yaml,c7cc31e55bd39cc9d3d0776dc8f862fcb0d7dff354b5d6c5db059119f363946b,YES,construction,Bearer/slot/combination restriction or explicit equipment equivalence affects construction of a legal duelist; pricing and shooting execution are excluded.,,Pirates only. Internal missile-weapon mechanics are intentionally not modelled here.
source/bands/trollheim/lustria-pirates/equipment-access.yaml/@/equipment_lists/1/items/3/notes/unclassified,bands/trollheim/lustria-pirates/equipment-access.yaml,2a980d94d7544fbe81e0448deb90bb6e08892df668032223cf5176653ea71081,YES,construction,Bearer/slot/combination restriction or explicit equipment equivalence affects construction of a legal duelist; pricing and shooting execution are excluded.,,Pirates only. Internal weapon mechanics are intentionally not modelled here.
source/bands/trollheim/lustria-pirates/equipment-access.yaml/@/equipment_lists/1/items/7/notes/unclassified,bands/trollheim/lustria-pirates/equipment-access.yaml,c7cc31e55bd39cc9d3d0776dc8f862fcb0d7dff354b5d6c5db059119f363946b,YES,construction,Bearer/slot/combination restriction or explicit equipment equivalence affects construction of a legal duelist; pricing and shooting execution are excluded.,,Pirates only. Internal missile-weapon mechanics are intentionally not modelled here.
source/bands/trollheim/lustria-pirates/equipment-access.yaml/@/equipment_lists/2/items/11/notes/unclassified,bands/trollheim/lustria-pirates/equipment-access.yaml,44106ba1b2d553b4cda5b7f3b0f4b9824cd13ae0acc095fb372cceb3ca4104d9,YES,construction,Bearer/slot/combination restriction or explicit equipment equivalence affects construction of a legal duelist; pricing and shooting execution are excluded.,,Maximum one per warband; Pirate Gunners only. The detailed entry is Rare 8. Internal firearm mechanics are intentionally not modelled here.
source/bands/trollheim/lustria-savage-goblins/equipment-access.yaml/@/equipment_lists/0/items/10/notes/unclassified,bands/trollheim/lustria-savage-goblins/equipment-access.yaml,529cc77494ce400a3dda7e268aedcbf56b574c793085881a1415342a260f395d,YES,construction,Bearer/slot/combination restriction or explicit equipment equivalence affects construction of a legal duelist; pricing and shooting execution are excluded.,,Savage Goblins only; the detailed entry is Rare 6. Internal missile-weapon mechanics are intentionally not modelled here.
source/bands/trollheim/lustria-savage-goblins/equipment-access.yaml/@/equipment_lists/0/items/14/notes/unclassified,bands/trollheim/lustria-savage-goblins/equipment-access.yaml,56855a1b5ef6428f549f242735baac7fd69169155a3c535d4d207ad06516065e,YES,construction,Bearer/slot/combination restriction or explicit equipment equivalence affects construction of a legal duelist; pricing and shooting execution are excluded.,,Warband leader only. At creation the mandatory Witch Doctor is the leader. The detailed entry is Rare 6 and states that the headdress is inherited by each new leader and must be worn. Internal item mechanics are intentionally not modelled here.
source/bands/trollheim/lustria-savage-goblins/equipment-access.yaml/@/equipment_lists/0/items/2/notes/unclassified,bands/trollheim/lustria-savage-goblins/equipment-access.yaml,8586dc83169bfd9e687d179d8796ba855519a8a1f60f70749afdf82960114829,YES,construction,Bearer/slot/combination restriction or explicit equipment equivalence affects construction of a legal duelist; pricing and shooting execution are excluded.,,Witch Doctor only; Common. Internal weapon and sacrifice mechanics are intentionally not modelled here.
source/bands/trollheim/lustria-savage-goblins/profiles.yaml/@/profiles/1/equipment_restrictions/0/unclassified,bands/trollheim/lustria-savage-goblins/profiles.yaml,e326763b83be58e3acda28be046660f924d8f99481c01843ca51989513a08fd8,YES,construction,"Printed kit/access, hand/armour restriction or intrinsic unarmed attack affects the constructed melee duelist; any movement/campaign clauses remain excluded.",,May not select the Sacrifice Dagger; it is Witch Doctor only.
source/bands/trollheim/lustria-savage-goblins/profiles.yaml/@/profiles/1/equipment_restrictions/1/unclassified,bands/trollheim/lustria-savage-goblins/profiles.yaml,1a39a1eac0dc1ea6f132ceeae191647c3523392137d7a8332ed6004d6fa4d729,YES,construction,"Printed kit/access, hand/armour restriction or intrinsic unarmed attack affects the constructed melee duelist; any movement/campaign clauses remain excluded.",,"May not buy the Feather Headdress at creation because the Witch Doctor is the mandatory leader; if leadership later passes to the Big Boss, the source says the headdress is inherited automatically."
source/bands/trollheim/lustria-savage-goblins/profiles.yaml/@/profiles/2/equipment_restrictions/0/unclassified,bands/trollheim/lustria-savage-goblins/profiles.yaml,5413ac37ed36205ea209358258c21d4f694bd4b67d1fda6d479831b7aef1e36f,YES,construction,"Printed kit/access, hand/armour restriction or intrinsic unarmed attack affects the constructed melee duelist; any movement/campaign clauses remain excluded.",,May not use missile weapons unless they have the Thrown Weapon rule.
source/bands/trollheim/lustria-savage-goblins/profiles.yaml/@/profiles/2/equipment_restrictions/1/unclassified,bands/trollheim/lustria-savage-goblins/profiles.yaml,e326763b83be58e3acda28be046660f924d8f99481c01843ca51989513a08fd8,YES,construction,"Printed kit/access, hand/armour restriction or intrinsic unarmed attack affects the constructed melee duelist; any movement/campaign clauses remain excluded.",,May not select the Sacrifice Dagger; it is Witch Doctor only.
source/bands/trollheim/lustria-savage-goblins/profiles.yaml/@/profiles/2/equipment_restrictions/2/unclassified,bands/trollheim/lustria-savage-goblins/profiles.yaml,f3cc8f209ce6b9a5b0bb3656d2610d5f1fca484438aab3fc440d37cf304f3b20,YES,construction,"Printed kit/access, hand/armour restriction or intrinsic unarmed attack affects the constructed melee duelist; any movement/campaign clauses remain excluded.",,May not select the Feather Headdress unless this model somehow becomes the warband leader.
source/bands/trollheim/lustria-savage-goblins/profiles.yaml/@/profiles/3/equipment_restrictions/1/unclassified,bands/trollheim/lustria-savage-goblins/profiles.yaml,e326763b83be58e3acda28be046660f924d8f99481c01843ca51989513a08fd8,YES,construction,"Printed kit/access, hand/armour restriction or intrinsic unarmed attack affects the constructed melee duelist; any movement/campaign clauses remain excluded.",,May not select the Sacrifice Dagger; it is Witch Doctor only.
source/bands/trollheim/lustria-savage-goblins/profiles.yaml/@/profiles/3/equipment_restrictions/2/unclassified,bands/trollheim/lustria-savage-goblins/profiles.yaml,f3cc8f209ce6b9a5b0bb3656d2610d5f1fca484438aab3fc440d37cf304f3b20,YES,construction,"Printed kit/access, hand/armour restriction or intrinsic unarmed attack affects the constructed melee duelist; any movement/campaign clauses remain excluded.",,May not select the Feather Headdress unless this model somehow becomes the warband leader.
source/bands/trollheim/lustria-savage-goblins/profiles.yaml/@/profiles/7/equipment_restrictions/0/unclassified,bands/trollheim/lustria-savage-goblins/profiles.yaml,bda1beb9b42ca97721dfce228b268f239d2ff917fddf9363736803f0bdd9ced2,YES,construction,"Printed kit/access, hand/armour restriction or intrinsic unarmed attack affects the constructed melee duelist; any movement/campaign clauses remain excluded.",,Zomblins never use weapons or armour; any equipment the model had before transformation is lost.
source/bands/trollheim/lustria-savage-goblins/profiles.yaml/@/profiles/8/equipment_restrictions/0/unclassified,bands/trollheim/lustria-savage-goblins/profiles.yaml,1fc643bb271b9b95c5856cd14586554390a5c835dae8111d09e74b5d4c1d4980,YES,construction,"Printed kit/access, hand/armour restriction or intrinsic unarmed attack affects the constructed melee duelist; any movement/campaign clauses remain excluded.",,Zomblintua never uses weapons or armour.
source/bands/trollheim/trollheim-cult-of-the-possessed/profiles.yaml/@/profiles/1/equipment_restrictions/0/unclassified,bands/trollheim/trollheim-cult-of-the-possessed/profiles.yaml,e1ca2a8df427324655546ba1ef1da71d8f4e517bfd9a7bcc4e0db6ba5a8bf9e8,YES,construction,"Printed kit/access, hand/armour restriction or intrinsic unarmed attack affects the constructed melee duelist; any movement/campaign clauses remain excluded.",,The Possessed never use weapons or armour.
source/bands/trollheim/trollheim-skaven-clan-eshin/profiles.yaml/@/profiles/5/equipment_restrictions/0/unclassified,bands/trollheim/trollheim-skaven-clan-eshin/profiles.yaml,3978db590d9f83ce37049793a59e42c4388169f1f4df74fbaf4f6136260b9685,YES,construction,"Printed kit/access, hand/armour restriction or intrinsic unarmed attack affects the constructed melee duelist; any movement/campaign clauses remain excluded.",,Giant Rats never use weapons or armour; their attacks are natural.
source/bands/trollheim/trollheim-skaven-clan-eshin/profiles.yaml/@/profiles/6/equipment_restrictions/0/unclassified,bands/trollheim/trollheim-skaven-clan-eshin/profiles.yaml,dbbd8f6ab84cf139355e1bca6b9d878576a2cedffe31081181de07c785b39630,YES,construction,"Printed kit/access, hand/armour restriction or intrinsic unarmed attack affects the constructed melee duelist; any movement/campaign clauses remain excluded.",,"Rat Ogres never use weapons or armour; their fangs, claws and brute strength are natural attacks."
source/bands/trollheim/trollheim-witch-hunters/profiles.yaml/@/profiles/3/equipment_restrictions/0/unclassified,bands/trollheim/trollheim-witch-hunters/profiles.yaml,10663298a07b4f0f4cbb86b789b691eb1ea4c6457fb33037d946f2c60194079e,YES,construction,"Printed kit/access, hand/armour restriction or intrinsic unarmed attack affects the constructed melee duelist; any movement/campaign clauses remain excluded.",,May select equipment only from the Flagellant Equipment List.
source/bands/trollheim/trollheim-witch-hunters/profiles.yaml/@/profiles/3/equipment_restrictions/1/unclassified,bands/trollheim/trollheim-witch-hunters/profiles.yaml,28a524573cb54c89dfc7ade0c6610bf69d152fe026cae37e97cb81ce29852c0d,YES,construction,"Printed kit/access, hand/armour restriction or intrinsic unarmed attack affects the constructed melee duelist; any movement/campaign clauses remain excluded.",,"May never use missile weapons, even if an Advance would otherwise allow access to them."
source/bands/trollheim/trollheim-witch-hunters/profiles.yaml/@/profiles/4/equipment_restrictions/0/unclassified,bands/trollheim/trollheim-witch-hunters/profiles.yaml,db8234e4736b9bdd92ec17833ba36e3139723411f3c9f15fd4b3fa321a311b65,YES,construction,"Printed kit/access, hand/armour restriction or intrinsic unarmed attack affects the constructed melee duelist; any movement/campaign clauses remain excluded.",,May select equipment only from the Zealot Equipment List.
source/bands/trollheim/trollheim-witch-hunters/profiles.yaml/@/profiles/5/equipment_restrictions/0/unclassified,bands/trollheim/trollheim-witch-hunters/profiles.yaml,4f68645db9a1d52f9265d60769fce72acf0840f8e12c06d6be4078fbf9b7b15f,YES,construction,"Printed kit/access, hand/armour restriction or intrinsic unarmed attack affects the constructed melee duelist; any movement/campaign clauses remain excluded.",,War Hounds never use or need weapons or armour; their jaws and brute force are natural attacks.
source/catalog/campaign/mutations.yaml/campaign.mutation.grant.aquatic-mutants/unclassified,catalog/campaign/mutations.yaml,60fa9586e4504db8117fbef76e049ce22e19281e247fc38f3bd27c8b0a1a34f8,YES,construction,Named mutation access changes legal fighter construction; acquisition costs/timing are campaign-only.,,"Any Hero may start the campaign with a single mutation from the following gifts and mutations in the 'Corrupted Characters' chapter if they pay the appropriate cost; blackblood, great claw, tentacle, prehensile tail, beak, electrical touch, mer-creature, suckers, or eye stalks (counts as hideous)."
source/catalog/hirelings/dramatis-personae/grade-1c.yaml/@/profiles/0/unresolved_references/0/unclassified,catalog/hirelings/dramatis-personae/grade-1c.yaml,19ddf075e13063751b49ec1b4184d3615fbccd402931d3363037108577a73a09,YES,construction,"Personal kit, selected weapon/form or qualified mount/component is relevant to constructing one duelist; no independent third fighter or movement subsystem is admitted.",,"{""kind"": ""random_profile"", ""source_name"": ""Belandysh M4 WS D6 BS0 S D6 T D6 W3 I D6 A D3 Ld10""}"
source/catalog/hirelings/dramatis-personae/grade-1c.yaml/@/profiles/0/unresolved_references/1/unclassified,catalog/hirelings/dramatis-personae/grade-1c.yaml,7dad1b5c963754c0152bce7b86967b810e67f9e8c9c8373a610965edfe3eb12f,YES,construction,"Personal kit, selected weapon/form or qualified mount/component is relevant to constructing one duelist; no independent third fighter or movement subsystem is admitted.",,"{""kind"": ""mount_profile"", ""source_name"": ""Tol'Agath M8 WS3 BS0 S D6 T D6 W1 I3 A1 Ld5""}"
source/catalog/hirelings/dramatis-personae/grade-1c.yaml/@/profiles/0/unresolved_references/2/unclassified,catalog/hirelings/dramatis-personae/grade-1c.yaml,f0eb3bc90f17ae36f8fc65dee1761fedc79276830a98d97affb0938056217408,YES,construction,"Personal kit, selected weapon/form or qualified mount/component is relevant to constructing one duelist; no independent third fighter or movement subsystem is admitted.",,"{""kind"": ""skill"", ""source_name"": ""Ride Tol'Agath""}"
source/catalog/hirelings/dramatis-personae/grade-1c.yaml/@/profiles/1/unresolved_references/0/unclassified,catalog/hirelings/dramatis-personae/grade-1c.yaml,eae7745e36b62010f583d5ba18503dbe31b3791999b04c1d1a61da37e6a5fbcb,YES,construction,The current definition skill.art-of-silent-death expressly describes a melee/psychology effect. Reconcile the named grant/reference separately; scope does not certify the binding or recipient.,mechanic/skill.art-of-silent-death,"{""kind"": ""skill"", ""source_name"": ""Art of Silent Death""}"
source/catalog/hirelings/dramatis-personae/grade-1c.yaml/@/profiles/1/unresolved_references/1/unclassified,catalog/hirelings/dramatis-personae/grade-1c.yaml,ce0812bc69e5d3cdafeb88d8343fff1f9245d922691989737d53ee26c4e53bb9,YES,construction,"Personal kit, selected weapon/form or qualified mount/component is relevant to constructing one duelist; no independent third fighter or movement subsystem is admitted.",,"{""kind"": ""skill_set"", ""source_name"": ""all Speed skills and Battle Monk special skills except Warmonger""}"
source/catalog/hirelings/dramatis-personae/grade-1c.yaml/@/profiles/3/unresolved_references/0/unclassified,catalog/hirelings/dramatis-personae/grade-1c.yaml,8a62bc35c4831fa9a4a25e06fa7e641598ae850327270dad2f337eabe1988aea,YES,construction,"Personal kit, selected weapon/form or qualified mount/component is relevant to constructing one duelist; no independent third fighter or movement subsystem is admitted.",,"{""kind"": ""multi_loadout_persona"", ""source_name"": ""multiple selectable personas/equipment sets""}"
source/catalog/hirelings/dramatis-personae/grade-1c.yaml/@/profiles/5/unresolved_references/0/unclassified,catalog/hirelings/dramatis-personae/grade-1c.yaml,6b5f7e0d8f36ade9f83d80b5e413a0fadac9efb423113e7c15312a7699e88e68,YES,construction,"Personal kit, selected weapon/form or qualified mount/component is relevant to constructing one duelist; no independent third fighter or movement subsystem is admitted.",,"{""kind"": ""mount_profile"", ""source_name"": ""Giant Wolf M9 WS3 BS0 S3 T3 W1 I4 A1 Ld4""}"
source/catalog/hirelings/dramatis-personae/grade-1c.yaml/hireling.dramatis.belandysh-condemned-champion-of-chen.rule.tol-agath/unclassified,catalog/hirelings/dramatis-personae/grade-1c.yaml,72994e8324cbff0d72eb50312b112165e95d410ac75aada9de0772004c004b33,YES,construction,"Personal kit, selected weapon/form or qualified mount/component is relevant to constructing one duelist; no independent third fighter or movement subsystem is admitted.",,Uses a mutated mount with source rules.
source/catalog/hirelings/dramatis-personae/grade-1c.yaml/hireling.dramatis.luthor-wolfenbaum.rule.i-am-everywhere/unclassified,catalog/hirelings/dramatis-personae/grade-1c.yaml,3d0a8c5922ea91b79b98c97ba9efec25b5a3ba7b7fa7349ec83900a938f23767,YES,construction,"Personal kit, selected weapon/form or qualified mount/component is relevant to constructing one duelist; no independent third fighter or movement subsystem is admitted.",,Uses source persona rule.
source/catalog/hirelings/dramatis-personae/grade-1c.yaml/hireling.dramatis.maglah-khan-s-horde.rule.ride-giant-wolf/unclassified,catalog/hirelings/dramatis-personae/grade-1c.yaml,a1160de816d41f0eb7126ff3af1ac89b851af7871eba6e0b5ef793d0133e2ac3,YES,construction,"Personal kit, selected weapon/form or qualified mount/component is relevant to constructing one duelist; no independent third fighter or movement subsystem is admitted.",,Uses source mount rule.
source/catalog/hirelings/dramatis-personae/grade-2a.yaml/@/profiles/3/unresolved_references/0/unclassified,catalog/hirelings/dramatis-personae/grade-2a.yaml,42fbd7aebb365b769d144cc2a848dab64982712f8da7759989c746fe542fdf37,YES,construction,"Personal kit, selected weapon/form or qualified mount/component is relevant to constructing one duelist; no independent third fighter or movement subsystem is admitted.",,"{""kind"": ""multi_profile_entity"", ""source_name"": ""Horseman M- WS4 BS5 S4 T4 W2 I6 A2 Ld8; Steed M8 WS2 BS0 S3 T4 W2 I2 A1 Ld5""}"
source/catalog/hirelings/dramatis-personae/grade-2a.yaml/@/profiles/6/unresolved_references/0/unclassified,catalog/hirelings/dramatis-personae/grade-2a.yaml,347fa97869487c70523700f6c77ca579593196d8645dead08187d88c0c2ab43d,YES,construction,"Personal kit, selected weapon/form or qualified mount/component is relevant to constructing one duelist; no independent third fighter or movement subsystem is admitted.",,"{""kind"": ""skill"", ""source_name"": ""Ride Pantomime Horse""}"
source/catalog/hirelings/dramatis-personae/grade-2a.yaml/@/profiles/6/unresolved_references/2/unclassified,catalog/hirelings/dramatis-personae/grade-2a.yaml,37dc625e7f35ce3a649602a7edb09ee8a79430e5148036a7d07cab566b2ac660,YES,construction,"Personal kit, selected weapon/form or qualified mount/component is relevant to constructing one duelist; no independent third fighter or movement subsystem is admitted.",,"{""kind"": ""mount_profile"", ""source_name"": ""Pantomime Horse M8 WS3 BS0 S3 T3 W1 I3 A1 Ld5; adds +6 rating when fielded""}"
source/catalog/hirelings/dramatis-personae/grade-2a.yaml/hireling.dramatis.the-headless-horseman.rule.faithful-steed/unclassified,catalog/hirelings/dramatis-personae/grade-2a.yaml,68ea59c80690778d1e5301358a638b7c2ae103a44cd87a3c1c33005b5797f91c,YES,construction,"Personal kit, selected weapon/form or qualified mount/component is relevant to constructing one duelist; no independent third fighter or movement subsystem is admitted.",,May never dismount.
source/catalog/hirelings/dramatis-personae/grade-2a.yaml/hireling.dramatis.william-schakestange-master-bard.rule.pantomime-horse/unclassified,catalog/hirelings/dramatis-personae/grade-2a.yaml,2cca001b69653b3e4ff95481b69f0c9a50dd4d9b152eae88e027bff70f2fccb6,YES,construction,"Personal kit, selected weapon/form or qualified mount/component is relevant to constructing one duelist; no independent third fighter or movement subsystem is admitted.",,Optional mount treated as Warhorse except it never bolts.
source/catalog/hirelings/dramatis-personae/grade-2b.yaml/@/profiles/0/equipment/fixed_items/0/notes/unclassified,catalog/hirelings/dramatis-personae/grade-2b.yaml,31251f07bc71becec8abf13bd0fbd5483104b356e7880187e1a68cd4283e4b2f,YES,construction,"Personal kit, selected weapon/form or qualified mount/component is relevant to constructing one duelist; no independent third fighter or movement subsystem is admitted.",,Two-handed sword — resolved to the KB `two_handed_weapon` item (the source offers no separate double-handed-sword item).
source/catalog/hirelings/dramatis-personae/grade-2b.yaml/@/profiles/2/equipment/fixed_items/0/notes/unclassified,catalog/hirelings/dramatis-personae/grade-2b.yaml,683c38ad4bf53894496c6713aafdc57b676d5008efe550bdee178e3e7cfb8b13,YES,construction,"Personal kit, selected weapon/form or qualified mount/component is relevant to constructing one duelist; no independent third fighter or movement subsystem is admitted.",,"Secondary hand weapon, as the profile records it."
source/catalog/hirelings/dramatis-personae/grade-2b.yaml/@/profiles/2/equipment/fixed_items/1/notes/unclassified,catalog/hirelings/dramatis-personae/grade-2b.yaml,e79b368c6b991648ba3d41d6ec207e7c5f8207f0868c010a5fe693ea49e48612,YES,construction,"Personal kit, selected weapon/form or qualified mount/component is relevant to constructing one duelist; no independent third fighter or movement subsystem is admitted.",,"Short sword — resolved to the KB `sword` item, whose rules carry the Parry the profile names."
source/catalog/hirelings/dramatis-personae/rules.yaml/hireling.dramatis.rule.fixed-equipment/unclassified,catalog/hirelings/dramatis-personae/rules.yaml,a02098240e2939a7af8dbba8398846ea319533c03c891eae9e00fda28550bb9c,YES,construction,"Personal kit, selected weapon/form or qualified mount/component is relevant to constructing one duelist; no independent third fighter or movement subsystem is admitted.",,"A special character's equipment is personal, cannot be transferred to other warriors, and extra equipment cannot be bought for the character."
source/catalog/hirelings/hired-swords/grade-1a.yaml/@/profiles/4/unresolved_references/0/unclassified,catalog/hirelings/hired-swords/grade-1a.yaml,93bfa2e4ca0ce614918b45d1fa5dd98074e1618cb327d1d6712488394e7e6655,YES,construction,Recorded intrinsic item mapping/ownership must be reconciled for a legal duelist kit; this does not admit ranged or magic item execution.,,"{""kind"": ""equipment_mapping"", ""source_name"": ""three Torches""}"
source/catalog/hirelings/hired-swords/grade-1b.yaml/@/profiles/11/unresolved_references/0/unclassified,catalog/hirelings/hired-swords/grade-1b.yaml,50285dbd57ba373c32f89ab3791e3ab60ea2b74335889a4f1b008e2448b696e3,YES,construction,"Personal kit, selected weapon/form or qualified mount/component is relevant to constructing one duelist; no independent third fighter or movement subsystem is admitted.",,"{""kind"": ""equipment_choice"", ""source_name"": ""heavy chain (counts as flail) or two Hammers/Clubs""}"
source/catalog/hirelings/hired-swords/grade-1b.yaml/@/profiles/17/unresolved_references/0/unclassified,catalog/hirelings/hired-swords/grade-1b.yaml,76f1cead0dd2794a2a2109d561ff1f90849253aa0c6dc609d7cb49bd16b3e2e4,YES,construction,"Personal kit, selected weapon/form or qualified mount/component is relevant to constructing one duelist; no independent third fighter or movement subsystem is admitted.",,"{""kind"": ""equipment_choice"", ""source_name"": ""Sword or Axe""}"
source/catalog/hirelings/hired-swords/grade-1b.yaml/@/profiles/2/unresolved_references/0/unclassified,catalog/hirelings/hired-swords/grade-1b.yaml,c35916211cdd2327b64c2eba2e5c4a3172e6e6157530b109d56021ff4ef1d94a,YES,construction,"Personal kit, selected weapon/form or qualified mount/component is relevant to constructing one duelist; no independent third fighter or movement subsystem is admitted.",,"{""kind"": ""equipment_choice"", ""source_name"": ""two Axes or Double-handed Weapon""}"
source/catalog/hirelings/hired-swords/grade-1b.yaml/@/profiles/28/unresolved_references/0/unclassified,catalog/hirelings/hired-swords/grade-1b.yaml,21b156766c42ad11cfa44fdcf38aeeb3bf0578faf7062a92e08083f398973df2,YES,construction,"Personal kit, selected weapon/form or qualified mount/component is relevant to constructing one duelist; no independent third fighter or movement subsystem is admitted.",,"{""kind"": ""equipment_choice"", ""source_name"": ""Duelling Pistol or Crossbow Pistol""}"
source/catalog/hirelings/hired-swords/grade-1b.yaml/@/profiles/29/unresolved_references/1/unclassified,catalog/hirelings/hired-swords/grade-1b.yaml,bc848e8ff9378570ba0145b46d98ca12425cbac41996242f3972da8db5f7b8b3,YES,construction,"Personal kit, selected weapon/form or qualified mount/component is relevant to constructing one duelist; no independent third fighter or movement subsystem is admitted.",,"{""kind"": ""equipment_restriction"", ""source_name"": ""blunt weapons only except dagger; no armour except white wolf cloak""}"
source/catalog/hirelings/hired-swords/grade-1b.yaml/@/profiles/3/unresolved_references/0/unclassified,catalog/hirelings/hired-swords/grade-1b.yaml,07d2782c6a0e86ca7bce13d1ff47fcb4154d9b2389beed85312602cbce397092,YES,construction,Recorded intrinsic item mapping/ownership must be reconciled for a legal duelist kit; this does not admit ranged or magic item execution.,,"{""kind"": ""equipment_mapping"", ""source_name"": ""Lantern""}"
source/catalog/hirelings/hired-swords/grade-1b.yaml/@/profiles/6/unresolved_references/0/unclassified,catalog/hirelings/hired-swords/grade-1b.yaml,a71056918142d59f08b3a42f529650f8f19e7c9a8cca95ba62c57f6adaaeaf45,YES,construction,Recorded intrinsic item mapping/ownership must be reconciled for a legal duelist kit; this does not admit ranged or magic item execution.,,"{""kind"": ""equipment_mapping"", ""source_name"": ""Repeater Crossbow""}"
source/catalog/hirelings/hired-swords/grade-2b.yaml/@/profiles/10/equipment/fixed_items/0/notes/unclassified,catalog/hirelings/hired-swords/grade-2b.yaml,9cd6ea66b653f8a13e6bde1f74168cf4d5bd607b4f04716e54b670e1ac577768,YES,construction,"Personal kit, selected weapon/form or qualified mount/component is relevant to constructing one duelist; no independent third fighter or movement subsystem is admitted.",,Sigmarite Warhammer — resolved to the KB `sigmarite_hammer` item.
source/catalog/hirelings/hired-swords/grade-2b.yaml/@/profiles/10/equipment/fixed_items/3/notes/unclassified,catalog/hirelings/hired-swords/grade-2b.yaml,056b5a7ba67cefc3c808eafa8058b7705eec579338b9baef043bbeeb2f5cc6a5,YES,construction,"Personal kit, selected weapon/form or qualified mount/component is relevant to constructing one duelist; no independent third fighter or movement subsystem is admitted.",,"MiM-specific item (see the Candle Tree rule); no KB or 2B catalog equivalent — deliberate dangling ref, define at promotion."
source/catalog/hirelings/hired-swords/grade-2b.yaml/@/profiles/11/equipment/fixed_items/0/notes/unclassified,catalog/hirelings/hired-swords/grade-2b.yaml,5627150701c34f4107a11046186f46f20761d965dd5df07d137e0606fddae586,YES,construction,"Personal kit, selected weapon/form or qualified mount/component is relevant to constructing one duelist; no independent third fighter or movement subsystem is admitted.",,Resolved to the KB `long_boathook` item (trollheim catalog).
source/catalog/hirelings/hired-swords/grade-2b.yaml/@/profiles/11/equipment/fixed_items/1/notes/unclassified,catalog/hirelings/hired-swords/grade-2b.yaml,b9ead16616831179a6a1e310db7efe55e0ba8fe0b6f7939aa8783c728f7fa9ed,YES,construction,"Personal kit, selected weapon/form or qualified mount/component is relevant to constructing one duelist; no independent third fighter or movement subsystem is admitted.",,Cutlass counts as a sword.
source/catalog/hirelings/hired-swords/grade-2b.yaml/@/profiles/12/equipment/fixed_items/0/notes/unclassified,catalog/hirelings/hired-swords/grade-2b.yaml,04be2bc58e937dd18d6f2ff56ea1d987f5015f229d3ac859673faad87312adf9,YES,construction,"Personal kit, selected weapon/form or qualified mount/component is relevant to constructing one duelist; no independent third fighter or movement subsystem is admitted.",,Ceremonial dagger — all priests of the chapter start with one.
source/catalog/hirelings/hired-swords/grade-2b.yaml/@/profiles/13/equipment/fixed_items/0/notes/unclassified,catalog/hirelings/hired-swords/grade-2b.yaml,04be2bc58e937dd18d6f2ff56ea1d987f5015f229d3ac859673faad87312adf9,YES,construction,"Personal kit, selected weapon/form or qualified mount/component is relevant to constructing one duelist; no independent third fighter or movement subsystem is admitted.",,Ceremonial dagger — all priests of the chapter start with one.
source/catalog/hirelings/hired-swords/grade-2b.yaml/@/profiles/14/equipment/fixed_items/0/notes/unclassified,catalog/hirelings/hired-swords/grade-2b.yaml,04be2bc58e937dd18d6f2ff56ea1d987f5015f229d3ac859673faad87312adf9,YES,construction,"Personal kit, selected weapon/form or qualified mount/component is relevant to constructing one duelist; no independent third fighter or movement subsystem is admitted.",,Ceremonial dagger — all priests of the chapter start with one.
source/catalog/hirelings/hired-swords/grade-2b.yaml/@/profiles/15/equipment/fixed_items/0/notes/unclassified,catalog/hirelings/hired-swords/grade-2b.yaml,04be2bc58e937dd18d6f2ff56ea1d987f5015f229d3ac859673faad87312adf9,YES,construction,"Personal kit, selected weapon/form or qualified mount/component is relevant to constructing one duelist; no independent third fighter or movement subsystem is admitted.",,Ceremonial dagger — all priests of the chapter start with one.
source/catalog/hirelings/hired-swords/grade-2b.yaml/@/profiles/15/equipment/fixed_items/1/notes/unclassified,catalog/hirelings/hired-swords/grade-2b.yaml,fbb4ac40c189ae82db6f79818261fbe7305138a10cdd0fc9e74e1dbbc1ead25f,YES,construction,"Personal kit, selected weapon/form or qualified mount/component is relevant to constructing one duelist; no independent third fighter or movement subsystem is admitted.",,Stricture armament — see rules. Resolves to KB item throwing_knives (catalog/items/weapons-ranged.yaml).
source/catalog/hirelings/hired-swords/grade-2b.yaml/@/profiles/15/equipment/fixed_items/2/notes/unclassified,catalog/hirelings/hired-swords/grade-2b.yaml,0e7f370ac9c373c95c40a488074983f7812be42131922f4f2fc0d6ccc7134574,YES,construction,"Personal kit, selected weapon/form or qualified mount/component is relevant to constructing one duelist; no independent third fighter or movement subsystem is admitted.",,"Stiletto (counts as a sword per the chapter); stricture armament. The KB has no stiletto item (only mechanic weapon.stiletto), so the chapter's own equivalence is used."
source/catalog/hirelings/hired-swords/grade-2b.yaml/@/profiles/16/equipment/fixed_items/0/notes/unclassified,catalog/hirelings/hired-swords/grade-2b.yaml,04be2bc58e937dd18d6f2ff56ea1d987f5015f229d3ac859673faad87312adf9,YES,construction,"Personal kit, selected weapon/form or qualified mount/component is relevant to constructing one duelist; no independent third fighter or movement subsystem is admitted.",,Ceremonial dagger — all priests of the chapter start with one.
source/catalog/hirelings/hired-swords/grade-2b.yaml/@/profiles/16/equipment/fixed_items/1/notes/unclassified,catalog/hirelings/hired-swords/grade-2b.yaml,11b574011d2720ceab888360f36843376fe708f88f1682bd78f623136d4af6bd,YES,construction,"Personal kit, selected weapon/form or qualified mount/component is relevant to constructing one duelist; no independent third fighter or movement subsystem is admitted.",,Walking staff (counts as a staff); stricture armament.
source/catalog/hirelings/hired-swords/grade-2b.yaml/@/profiles/17/equipment/fixed_items/0/notes/unclassified,catalog/hirelings/hired-swords/grade-2b.yaml,04be2bc58e937dd18d6f2ff56ea1d987f5015f229d3ac859673faad87312adf9,YES,construction,"Personal kit, selected weapon/form or qualified mount/component is relevant to constructing one duelist; no independent third fighter or movement subsystem is admitted.",,Ceremonial dagger — all priests of the chapter start with one.
source/catalog/hirelings/hired-swords/grade-2b.yaml/@/profiles/18/equipment/fixed_items/0/notes/unclassified,catalog/hirelings/hired-swords/grade-2b.yaml,04be2bc58e937dd18d6f2ff56ea1d987f5015f229d3ac859673faad87312adf9,YES,construction,"Personal kit, selected weapon/form or qualified mount/component is relevant to constructing one duelist; no independent third fighter or movement subsystem is admitted.",,Ceremonial dagger — all priests of the chapter start with one.
source/catalog/hirelings/hired-swords/grade-2b.yaml/@/profiles/19/equipment/fixed_items/0/notes/unclassified,catalog/hirelings/hired-swords/grade-2b.yaml,04be2bc58e937dd18d6f2ff56ea1d987f5015f229d3ac859673faad87312adf9,YES,construction,"Personal kit, selected weapon/form or qualified mount/component is relevant to constructing one duelist; no independent third fighter or movement subsystem is admitted.",,Ceremonial dagger — all priests of the chapter start with one.
source/catalog/hirelings/hired-swords/grade-2b.yaml/@/profiles/2/equipment/fixed_items/2/notes/unclassified,catalog/hirelings/hired-swords/grade-2b.yaml,ac13402591511c23a3949bb414dacc49a4b22a50943c886138e0523387e7366d,YES,construction,"Personal kit, selected weapon/form or qualified mount/component is relevant to constructing one duelist; no independent third fighter or movement subsystem is admitted.",,Harpoon gun counts as harpoon crossbow.
source/catalog/hirelings/hired-swords/grade-2b.yaml/@/profiles/2/equipment/fixed_items/3/notes/unclassified,catalog/hirelings/hired-swords/grade-2b.yaml,0a128ac0a8294faf5300eb01c34ec50fb620af5b1d87c18ae7731f9be488253b,YES,construction,"Personal kit, selected weapon/form or qualified mount/component is relevant to constructing one duelist; no independent third fighter or movement subsystem is admitted.",,Harpoons count as javelins.
source/catalog/hirelings/hired-swords/grade-2b.yaml/@/profiles/20/equipment/fixed_items/0/notes/unclassified,catalog/hirelings/hired-swords/grade-2b.yaml,04be2bc58e937dd18d6f2ff56ea1d987f5015f229d3ac859673faad87312adf9,YES,construction,"Personal kit, selected weapon/form or qualified mount/component is relevant to constructing one duelist; no independent third fighter or movement subsystem is admitted.",,Ceremonial dagger — all priests of the chapter start with one.
source/catalog/hirelings/hired-swords/grade-2b.yaml/@/profiles/20/equipment/fixed_items/1/notes/unclassified,catalog/hirelings/hired-swords/grade-2b.yaml,37e322283a310ed7e2ae544efda31bc243d8c68792f3ba2bf993fce2e9b0f033,YES,construction,"Personal kit, selected weapon/form or qualified mount/component is relevant to constructing one duelist; no independent third fighter or movement subsystem is admitted.",,Stricture — Priests of Verena may only be armed with a sword.
source/catalog/hirelings/hired-swords/grade-2b.yaml/@/profiles/21/equipment/fixed_items/0/notes/unclassified,catalog/hirelings/hired-swords/grade-2b.yaml,8135a3fbfcbc48dcb60ab3228abd58bdb2e83efdf65436096b96231cdeefd647,YES,construction,"Personal kit, selected weapon/form or qualified mount/component is relevant to constructing one duelist; no independent third fighter or movement subsystem is admitted.",,Gromril dagger — counts as a dagger with the gromril weapon upgrade (KB materials-and-upgrades `gromril_weapon`).
source/catalog/hirelings/hired-swords/grade-2b.yaml/@/profiles/22/equipment/fixed_items/0/notes/unclassified,catalog/hirelings/hired-swords/grade-2b.yaml,252c85f8882e83393749f422610c1b26b4b2f0286dd6c06d524d41da05fb8043,YES,construction,"Personal kit, selected weapon/form or qualified mount/component is relevant to constructing one duelist; no independent third fighter or movement subsystem is admitted.",,Treat as a double-handed weapon.
source/catalog/hirelings/hired-swords/grade-2b.yaml/@/profiles/22/equipment/fixed_items/1/notes/unclassified,catalog/hirelings/hired-swords/grade-2b.yaml,e6ca5f7210c3c4b49d592215c5f2e1a9bdd47cc660df9c61d75a748ef52fa073,YES,construction,"Personal kit, selected weapon/form or qualified mount/component is relevant to constructing one duelist; no independent third fighter or movement subsystem is admitted.",,"Blunt hand weapon, treat as a hammer."
source/catalog/hirelings/hired-swords/grade-2b.yaml/@/profiles/3/equipment/fixed_items/0/notes/unclassified,catalog/hirelings/hired-swords/grade-2b.yaml,fae812f7e1bbbafc6e50825a29809ccfb3c25c3243ad1aca220b6649c59e1f72,YES,construction,"Personal kit, selected weapon/form or qualified mount/component is relevant to constructing one duelist; no independent third fighter or movement subsystem is admitted.",,Brace of pistols.
source/catalog/hirelings/hired-swords/grade-2b.yaml/@/profiles/3/equipment/fixed_items/1/notes/unclassified,catalog/hirelings/hired-swords/grade-2b.yaml,15225f0314e7e1cecbd09ddda7c027024b9a749c05f0f815d417ad723984cb0c,YES,construction,"Personal kit, selected weapon/form or qualified mount/component is relevant to constructing one duelist; no independent third fighter or movement subsystem is admitted.",,Anchor counts as an axe.
source/catalog/hirelings/hired-swords/grade-2b.yaml/@/profiles/3/equipment/fixed_items/2/notes/unclassified,catalog/hirelings/hired-swords/grade-2b.yaml,3518845f3e3d19fab98ca135f6c866f4960629275fea1c3e6c9e93589db72bb1,YES,construction,"Personal kit, selected weapon/form or qualified mount/component is relevant to constructing one duelist; no independent third fighter or movement subsystem is admitted.",,Fishing rod & tackle counts as a man-catcher.
source/catalog/hirelings/hired-swords/grade-2b.yaml/@/profiles/4/equipment/fixed_items/0/notes/unclassified,catalog/hirelings/hired-swords/grade-2b.yaml,8d2870daf6bd3b643f556ebc55ad2f4d2ab26065ebbce78f600d87833ae5a448,YES,construction,"Personal kit, selected weapon/form or qualified mount/component is relevant to constructing one duelist; no independent third fighter or movement subsystem is admitted.",,"Counts as an axe; MiM-specific item, no KB equivalent — deliberate dangling ref, define at promotion if ever needed mechanically."
source/catalog/hirelings/hired-swords/grade-2b.yaml/@/profiles/6/equipment/fixed_items/1/notes/unclassified,catalog/hirelings/hired-swords/grade-2b.yaml,4feba83e13e0e2878844f692f02dcdef9f4f7e8538d148ea6e582daa05c722eb,YES,construction,"Personal kit, selected weapon/form or qualified mount/component is relevant to constructing one duelist; no independent third fighter or movement subsystem is admitted.",,Box of cigars counts as a torch.
