id,source_file,source_state,proposed_scope,admitted_clause,excluded_clause,status,existing_target,contract_evidence,consumer_evidence,validation_evidence,missing_part,related_ids,existing_follow_up,next_action,closure_criterion
rule/catalog/general/skill.expert-swordsman/unclassified,catalog/skills/general.yaml,current (hash verified),YES,Swordsmen are so skilled with their weapons that they may re-roll any failed hits when charging,,metadata_gap,mechanic/skill.expert-swordsman,"catalog/skills/general.yaml#skill.expert-swordsman has no runtime block; the executable contract is catalog/mechanics/close-combat.yaml skill family (engine_option='Expert Swordsman') and catalog/mechanics/execution.yaml#skill.expert-swordsman (handler=effect-set, trigger=passive)","compiled as EffectSet fields none / tags ['skill.expert-swordsman'] seen in consumers.py, contexts.py, _combat_compile.py, _attacks.py; compiler.py compile_fighter consumes selected skills via mechanic_index/effect_index","semantic specs: tests/specs/semantic/grants/editorial-construction-and-scaly-skin.yaml, tests/specs/semantic/grants/editorial-expert-swordsman.yaml, tests/specs/semantic/grants/knighthood.yaml, tests/specs/semantic/grants/redundant-access.yaml, tests/specs/semantic/grants/remaining-construction-choices.yaml, tests/specs/semantic/grants/remaining-profile-access.yaml, tests/specs/semantic/interactions/hit-rerolls.yaml, tests/specs/semantic/interactions/local-interactions.yaml, tests/specs/semantic/rules/construction-access.yaml, tests/specs/semantic/rules/skill-exceptions.yaml",runtime classification (scope/implemented/grant/effects) on catalog/skills/general.yaml#skill.expert-swordsman,mechanic/skill.expert-swordsman,,Add the runtime block classifying skill.expert-swordsman against mechanic/skill.expert-swordsman; do not implement new behaviour.,skill.expert-swordsman carries a runtime block bound to mechanic/skill.expert-swordsman and verify --structural accepts it.
rule/catalog/general/skill.jump-up/unclassified,catalog/skills/general.yaml,current (hash verified),YES,"Ignores knocked-down Injury results, except those caused by No Pain or a successful helmet save.",,metadata_gap,mechanic/skill.jump-up,"catalog/skills/general.yaml#skill.jump-up has no runtime block; the executable contract is catalog/mechanics/close-combat.yaml skill family (engine_option='Jump Up') and catalog/mechanics/execution.yaml#skill.jump-up (handler=effect-set, trigger=passive)","compiled as EffectSet fields none / tags ['skill.jump-up'] seen in consumers.py, contexts.py, _combat_compile.py, _attacks.py; compiler.py compile_fighter consumes selected skills via mechanic_index/effect_index","semantic specs: tests/specs/interactions.yaml, tests/specs/semantic/grants/remaining-construction-choices.yaml, tests/specs/semantic/grants/remaining-profile-access.yaml, tests/specs/semantic/interactions/higher-order.yaml, tests/specs/semantic/interactions/injury-conditions.yaml, tests/specs/semantic/interactions/local-interactions.yaml, tests/specs/semantic/interactions/thick-skull-injury.yaml, tests/specs/semantic/rules/construction-access.yaml, tests/specs/semantic/rules/skill-exceptions.yaml",runtime classification (scope/implemented/grant/effects) on catalog/skills/general.yaml#skill.jump-up,mechanic/skill.jump-up,,Add the runtime block classifying skill.jump-up against mechanic/skill.jump-up; do not implement new behaviour.,skill.jump-up carries a runtime block bound to mechanic/skill.jump-up and verify --structural accepts it.
rule/catalog/general/skill.lightning-reflexes/unclassified,catalog/skills/general.yaml,current (hash verified),YES,"If the warrior is charged, he will strike first against those that charged that turn",,metadata_gap,mechanic/skill.lightning-reflexes,"catalog/skills/general.yaml#skill.lightning-reflexes has no runtime block; the executable contract is catalog/mechanics/close-combat.yaml skill family (engine_option='Lightning Reflexes') and catalog/mechanics/execution.yaml#skill.lightning-reflexes (handler=effect-set, trigger=passive)","compiled as EffectSet fields none / tags ['skill.lightning-reflexes'] seen in consumers.py, _combat_compile.py, phases.py, _operators.py; compiler.py compile_fighter consumes selected skills via mechanic_index/effect_index","semantic specs: tests/specs/semantic/grants/editorial-lightning-reflexes.yaml, tests/specs/semantic/grants/remaining-construction-choices.yaml, tests/specs/semantic/grants/remaining-profile-access.yaml, tests/specs/semantic/interactions/priority-order.yaml, tests/specs/semantic/rules/attributes-priority.yaml, tests/specs/semantic/rules/construction-access.yaml",runtime classification (scope/implemented/grant/effects) on catalog/skills/general.yaml#skill.lightning-reflexes,mechanic/skill.lightning-reflexes,,Add the runtime block classifying skill.lightning-reflexes against mechanic/skill.lightning-reflexes; do not implement new behaviour.,skill.lightning-reflexes carries a runtime block bound to mechanic/skill.lightning-reflexes and verify --structural accepts it.
rule/catalog/general/skill.mighty-blow/unclassified,catalog/skills/general.yaml,current (hash verified),YES,"+1 Strength in close combat, excluding pistols.",,metadata_gap,mechanic/skill.mighty-blow,"catalog/skills/general.yaml#skill.mighty-blow has no runtime block; the executable contract is catalog/mechanics/close-combat.yaml skill family (engine_option='Mighty Blow') and catalog/mechanics/execution.yaml#skill.mighty-blow (handler=effect-set, trigger=passive)",compiled as EffectSet fields ['strength_bonus'] / tags ['skill.mighty-blow'] seen in compiler.py; compiler.py compile_fighter consumes selected skills via mechanic_index/effect_index,"semantic specs: tests/specs/semantic/grants/editorial-construction-and-scaly-skin.yaml, tests/specs/semantic/grants/knighthood.yaml, tests/specs/semantic/grants/redundant-access.yaml, tests/specs/semantic/grants/remaining-profile-access.yaml, tests/specs/semantic/interactions/interactions.yaml, tests/specs/semantic/interactions/local-interactions.yaml, tests/specs/semantic/rules/construction-access.yaml, tests/specs/semantic/rules/core-examples.yaml, tests/specs/semantic/rules/poison-immunity.yaml",runtime classification (scope/implemented/grant/effects) on catalog/skills/general.yaml#skill.mighty-blow,mechanic/skill.mighty-blow,,Add the runtime block classifying skill.mighty-blow against mechanic/skill.mighty-blow; do not implement new behaviour.,skill.mighty-blow carries a runtime block bound to mechanic/skill.mighty-blow and verify --structural accepts it.
rule/catalog/general/skill.resilient/unclassified,catalog/skills/general.yaml,current (hash verified),YES,Close-combat hits against the warrior suffer -1 Strength without changing save modifiers.,,metadata_gap,mechanic/skill.resilient,"catalog/skills/general.yaml#skill.resilient has no runtime block; the executable contract is catalog/mechanics/close-combat.yaml skill family (engine_option='Resilient') and catalog/mechanics/execution.yaml#skill.resilient (handler=effect-set, trigger=passive)","compiled as EffectSet fields ['incoming_strength_modifier'] / tags ['skill.resilient'] seen in scenarios.py, _eligibility.js, index.ts; compiler.py compile_fighter consumes selected skills via mechanic_index/effect_index","semantic specs: tests/specs/semantic/grants/editorial-pestilens-ignore-pain.yaml, tests/specs/semantic/grants/redundant-access.yaml, tests/specs/semantic/grants/remaining-profile-access.yaml, tests/specs/semantic/interactions/local-interactions.yaml, tests/specs/semantic/rules/attributes-priority.yaml, tests/specs/semantic/rules/construction-access.yaml",runtime classification (scope/implemented/grant/effects) on catalog/skills/general.yaml#skill.resilient,mechanic/skill.resilient,,Add the runtime block classifying skill.resilient against mechanic/skill.resilient; do not implement new behaviour.,skill.resilient carries a runtime block bound to mechanic/skill.resilient and verify --structural accepts it.
rule/catalog/general/skill.step-aside/unclassified,catalog/skills/general.yaml,current (hash verified),YES,Unmodified 5+ save against close-combat wounds after armour saves.,,metadata_gap,mechanic/skill.step-aside,"catalog/skills/general.yaml#skill.step-aside has no runtime block; the executable contract is catalog/mechanics/close-combat.yaml skill family (engine_option='Step Aside') and catalog/mechanics/execution.yaml#skill.step-aside (handler=effect-set, trigger=passive)","compiled as EffectSet fields ['step_aside'] / tags ['skill.step-aside'] seen in scenarios.py, _eligibility.js, index.ts; compiler.py compile_fighter consumes selected skills via mechanic_index/effect_index","semantic specs: tests/specs/semantic/grants/redundant-access.yaml, tests/specs/semantic/grants/remaining-construction-choices.yaml, tests/specs/semantic/grants/remaining-profile-access.yaml, tests/specs/semantic/interactions/damage-mitigation.yaml, tests/specs/semantic/interactions/elven-agility-step-aside.yaml, tests/specs/semantic/interactions/interactions.yaml, tests/specs/semantic/interactions/vampire-reflexes-step-aside.yaml, tests/specs/semantic/rules/construction-access.yaml, tests/specs/semantic/rules/elven-agility.yaml, tests/specs/semantic/rules/local-families.yaml, tests/specs/semantic/rules/vampire-reflexes.yaml",runtime classification (scope/implemented/grant/effects) on catalog/skills/general.yaml#skill.step-aside,mechanic/skill.step-aside,,Add the runtime block classifying skill.step-aside against mechanic/skill.step-aside; do not implement new behaviour.,skill.step-aside carries a runtime block bound to mechanic/skill.step-aside and verify --structural accepts it.
rule/catalog/general/skill.strike-to-injure/unclassified,catalog/skills/general.yaml,current (hash verified),YES,+1 to Injury rolls caused in close combat.,,metadata_gap,mechanic/skill.strike-to-injure,"catalog/skills/general.yaml#skill.strike-to-injure has no runtime block; the executable contract is catalog/mechanics/close-combat.yaml skill family (engine_option='Strike to Injure') and catalog/mechanics/execution.yaml#skill.strike-to-injure (handler=effect-set, trigger=passive)",compiled as EffectSet fields ['injury_modifier'] / tags ['skill.strike-to-injure']; compiler.py compile_fighter consumes selected skills via mechanic_index/effect_index,"semantic specs: tests/specs/semantic/grants/redundant-access.yaml, tests/specs/semantic/grants/remaining-construction-choices.yaml, tests/specs/semantic/grants/remaining-profile-access.yaml, tests/specs/semantic/interactions/injury-conditions.yaml, tests/specs/semantic/rules/construction-access.yaml, tests/specs/semantic/rules/local-families.yaml",runtime classification (scope/implemented/grant/effects) on catalog/skills/general.yaml#skill.strike-to-injure,mechanic/skill.strike-to-injure,,Add the runtime block classifying skill.strike-to-injure against mechanic/skill.strike-to-injure; do not implement new behaviour.,skill.strike-to-injure carries a runtime block bound to mechanic/skill.strike-to-injure and verify --structural accepts it.
rule/catalog/general/skill.strongman/unclassified,catalog/skills/general.yaml,current (hash verified),YES,Blackguards are capable of great feats of strength,,metadata_gap,mechanic/skill.strongman,"catalog/skills/general.yaml#skill.strongman has no runtime block; the executable contract is catalog/mechanics/close-combat.yaml skill family (engine_option='Strongman') and catalog/mechanics/execution.yaml#skill.strongman (handler=effect-set, trigger=passive)","compiled as EffectSet fields ['strongman'] / tags ['skill.strongman'] seen in scenarios.py, interactions.py, _vectorized.py; compiler.py compile_fighter consumes selected skills via mechanic_index/effect_index","semantic specs: tests/specs/semantic/grants/editorial-strongman-ogre-flesh.yaml, tests/specs/semantic/grants/redundant-access.yaml, tests/specs/semantic/grants/remaining-profile-access.yaml, tests/specs/semantic/interactions/priority-order.yaml, tests/specs/semantic/rules/construction-access.yaml, tests/specs/semantic/rules/skill-exceptions.yaml, tests/specs/semantic/rules/weapons.yaml",runtime classification (scope/implemented/grant/effects) on catalog/skills/general.yaml#skill.strongman,mechanic/skill.strongman,,Add the runtime block classifying skill.strongman against mechanic/skill.strongman; do not implement new behaviour.,skill.strongman carries a runtime block bound to mechanic/skill.strongman and verify --structural accepts it.
rule/catalog/general/skill.unstoppable-charge/unclassified,catalog/skills/general.yaml,current (hash verified),YES,+1 WS when charging.,,metadata_gap,mechanic/skill.unstoppable-charge,"catalog/skills/general.yaml#skill.unstoppable-charge has no runtime block; the executable contract is catalog/mechanics/close-combat.yaml skill family (engine_option='Unstoppable Charge') and catalog/mechanics/execution.yaml#skill.unstoppable-charge (handler=effect-set, trigger=passive)",compiled as EffectSet fields ['charge_ws_bonus'] / tags ['skill.unstoppable-charge'] seen in scenarios.py; compiler.py compile_fighter consumes selected skills via mechanic_index/effect_index,"semantic specs: tests/specs/semantic/grants/redundant-access.yaml, tests/specs/semantic/grants/remaining-profile-access.yaml, tests/specs/semantic/rules/attributes-priority.yaml, tests/specs/semantic/rules/construction-access.yaml",runtime classification (scope/implemented/grant/effects) on catalog/skills/general.yaml#skill.unstoppable-charge,mechanic/skill.unstoppable-charge,,Add the runtime block classifying skill.unstoppable-charge against mechanic/skill.unstoppable-charge; do not implement new behaviour.,skill.unstoppable-charge carries a runtime block bound to mechanic/skill.unstoppable-charge and verify --structural accepts it.
rule/catalog/general/skill.web-of-steel/unclassified,catalog/skills/general.yaml,current (hash verified),YES,+1 on close-combat Critical Hit tables.,,metadata_gap,mechanic/skill.web-of-steel,"catalog/skills/general.yaml#skill.web-of-steel has no runtime block; the executable contract is catalog/mechanics/close-combat.yaml skill family (engine_option='Web of Steel') and catalog/mechanics/execution.yaml#skill.web-of-steel (handler=effect-set, trigger=passive)","compiled as EffectSet fields none / tags ['skill.web-of-steel'] seen in consumers.py, attacks.py, _combat_compile.py, _attacks.py; compiler.py compile_fighter consumes selected skills via mechanic_index/effect_index","semantic specs: tests/specs/semantic/grants/redundant-access.yaml, tests/specs/semantic/grants/remaining-construction-choices.yaml, tests/specs/semantic/grants/remaining-profile-access.yaml, tests/specs/semantic/rules/construction-access.yaml, tests/specs/semantic/rules/unpredictable-and-critical-table.yaml",runtime classification (scope/implemented/grant/effects) on catalog/skills/general.yaml#skill.web-of-steel,mechanic/skill.web-of-steel,,Add the runtime block classifying skill.web-of-steel against mechanic/skill.web-of-steel; do not implement new behaviour.,skill.web-of-steel carries a runtime block bound to mechanic/skill.web-of-steel and verify --structural accepts it.
rule/catalog/warband/skill.always-strikes-first/unclassified,catalog/skills/warband.yaml,current (hash verified),YES,Strikes first in close combat.,,metadata_gap,mechanic/skill.always-strikes-first,"catalog/skills/warband.yaml#skill.always-strikes-first has no runtime block; the executable contract is catalog/mechanics/close-combat.yaml skill family (engine_option='Always Strikes First') and catalog/mechanics/execution.yaml#skill.always-strikes-first (handler=effect-set, trigger=passive)","compiled as EffectSet fields ['priority'] / tags ['skill.always-strikes-first'] seen in _combat_compile.py, phases.py, _operators.py; compiler.py compile_fighter consumes selected skills via mechanic_index/effect_index","semantic specs: tests/specs/semantic/grants/editorial-lost-innocence.yaml, tests/specs/semantic/interactions/priority-order.yaml, tests/specs/semantic/rules/attributes-priority.yaml",runtime classification (scope/implemented/grant/effects) on catalog/skills/warband.yaml#skill.always-strikes-first,mechanic/skill.always-strikes-first,,Add the runtime block classifying skill.always-strikes-first against mechanic/skill.always-strikes-first; do not implement new behaviour.,skill.always-strikes-first carries a runtime block bound to mechanic/skill.always-strikes-first and verify --structural accepts it.
rule/catalog/warband/skill.axe-expert/unclassified,catalog/skills/warband.yaml,current (hash verified),YES,Re-rolls missed axe attacks when charging.,,metadata_gap,mechanic/skill.axe-expert,"catalog/skills/warband.yaml#skill.axe-expert has no runtime block; the executable contract is catalog/mechanics/close-combat.yaml skill family (engine_option='Axe Expert') and catalog/mechanics/execution.yaml#skill.axe-expert (handler=effect-set, trigger=passive)","compiled as EffectSet fields none / tags ['skill.axe-expert'] seen in consumers.py, contexts.py, _combat_compile.py, _attacks.py; compiler.py compile_fighter consumes selected skills via mechanic_index/effect_index","semantic specs: tests/specs/semantic/interactions/hit-rerolls.yaml, tests/specs/semantic/rules/axe-skills.yaml",runtime classification (scope/implemented/grant/effects) on catalog/skills/warband.yaml#skill.axe-expert,mechanic/skill.axe-expert,,Add the runtime block classifying skill.axe-expert against mechanic/skill.axe-expert; do not implement new behaviour.,skill.axe-expert carries a runtime block bound to mechanic/skill.axe-expert and verify --structural accepts it.
rule/catalog/warband/skill.axe-master/unclassified,catalog/skills/warband.yaml,current (hash verified),YES,May parry with normal axes.,,metadata_gap,mechanic/skill.axe-master,"catalog/skills/warband.yaml#skill.axe-master has no runtime block; the executable contract is catalog/mechanics/close-combat.yaml skill family (engine_option='Axe Master') and catalog/mechanics/execution.yaml#skill.axe-master (handler=effect-set, trigger=passive)","compiled as EffectSet fields none / tags ['skill.axe-master'] seen in consumers.py, state.py, _combat_compile.py, _attacks.py; compiler.py compile_fighter consumes selected skills via mechanic_index/effect_index","semantic specs: tests/specs/semantic/interactions/parry-skills.yaml, tests/specs/semantic/rules/axe-skills.yaml",runtime classification (scope/implemented/grant/effects) on catalog/skills/warband.yaml#skill.axe-master,mechanic/skill.axe-master,,Add the runtime block classifying skill.axe-master against mechanic/skill.axe-master; do not implement new behaviour.,skill.axe-master carries a runtime block bound to mechanic/skill.axe-master and verify --structural accepts it.
rule/catalog/warband/skill.bellowing-battle-roar/unclassified,catalog/skills/warband.yaml,current (hash verified),YES,The Saurus' roar is so deafening that enemy models in base contact suffer -1 to hit in the first round of combat against them.,,metadata_gap,mechanic/skill.bellowing-battle-roar,"catalog/skills/warband.yaml#skill.bellowing-battle-roar has no runtime block; the executable contract is catalog/mechanics/close-combat.yaml skill family (engine_option='Bellowing Battle Roar') and catalog/mechanics/execution.yaml#skill.bellowing-battle-roar (handler=effect-set, trigger=passive)","compiled as EffectSet fields none / tags ['skill.bellowing-battle-roar'] seen in consumers.py, contexts.py, _combat_compile.py, _attacks.py; compiler.py compile_fighter consumes selected skills via mechanic_index/effect_index","semantic specs: tests/specs/semantic/grants/editorial-bellowing-battle-roar.yaml, tests/specs/semantic/rules/bellowing-battle-roar.yaml",runtime classification (scope/implemented/grant/effects) on catalog/skills/warband.yaml#skill.bellowing-battle-roar,mechanic/skill.bellowing-battle-roar,,Add the runtime block classifying skill.bellowing-battle-roar against mechanic/skill.bellowing-battle-roar; do not implement new behaviour.,skill.bellowing-battle-roar carries a runtime block bound to mechanic/skill.bellowing-battle-roar and verify --structural accepts it.
rule/catalog/warband/skill.berserker/unclassified,catalog/skills/warband.yaml,current (hash verified),YES,The Slayer may add +1 to his close combat to hit rolls during the turn which he charges (may not be used with Ferocious Charge).,,metadata_gap,mechanic/skill.berserker,"catalog/skills/warband.yaml#skill.berserker has no runtime block; the executable contract is catalog/mechanics/close-combat.yaml skill family (engine_option='Berserker') and catalog/mechanics/execution.yaml#skill.berserker (handler=effect-set, trigger=passive)","compiled as EffectSet fields none / tags ['skill.berserker'] seen in consumers.py, contexts.py, _combat_compile.py, _attacks.py; compiler.py compile_fighter consumes selected skills via mechanic_index/effect_index","semantic specs: tests/specs/semantic/grants/editorial-berserker.yaml, tests/specs/semantic/rules/attributes-priority.yaml",runtime classification (scope/implemented/grant/effects) on catalog/skills/warband.yaml#skill.berserker,mechanic/skill.berserker,,Add the runtime block classifying skill.berserker against mechanic/skill.berserker; do not implement new behaviour.,skill.berserker carries a runtime block bound to mechanic/skill.berserker and verify --structural accepts it.
rule/catalog/warband/skill.chosen-of-the-white-tower/unclassified,catalog/skills/warband.yaml,current (hash verified),YES,"The Elf has been trained in the martial art of the White Tower: he may parry even when he is not armed with a buckler or a sword, and he may re-roll the parry i",,connection_gap,skill.defensive-stance (parry with any weapon) + the resolution.yaml parry reroll,catalog/skills/warband.yaml#skill.chosen-of-the-white-tower has no runtime block and no mechanic row in catalog/mechanics/close-combat.yaml,no mechanic id is compiled for this record; existing parry/ward operators exist but are not bound here,code inspection only,"an explicit equivalence/binding to an existing operator, or a new mechanic",,,Decide the equivalence for skill.chosen-of-the-white-tower and bind it (or implement a dedicated mechanic).,skill.chosen-of-the-white-tower is bound to a consumed mechanic and a semantic spec exercises it.
rule/catalog/warband/skill.crushing-blow/unclassified,catalog/skills/warband.yaml,current (hash verified),YES,Attacks cannot be parried.,,metadata_gap,mechanic/skill.crushing-blow,"catalog/skills/warband.yaml#skill.crushing-blow has no runtime block; the executable contract is catalog/mechanics/close-combat.yaml skill family (engine_option='Crushing Blow') and catalog/mechanics/execution.yaml#skill.crushing-blow (handler=effect-set, trigger=passive)",compiled as EffectSet fields ['cannot_be_parried'] / tags ['skill.crushing-blow']; compiler.py compile_fighter consumes selected skills via mechanic_index/effect_index,"semantic specs: tests/specs/semantic/grants/editorial-crushing-blow.yaml, tests/specs/semantic/interactions/parry-skills.yaml, tests/specs/semantic/rules/crushing-blow.yaml",runtime classification (scope/implemented/grant/effects) on catalog/skills/warband.yaml#skill.crushing-blow,mechanic/skill.crushing-blow,,Add the runtime block classifying skill.crushing-blow against mechanic/skill.crushing-blow; do not implement new behaviour.,skill.crushing-blow carries a runtime block bound to mechanic/skill.crushing-blow and verify --structural accepts it.
rule/catalog/warband/skill.defensive-stance/unclassified,catalog/skills/warband.yaml,current (hash verified),YES,The Hero may parry with any weapon it carries,,metadata_gap,mechanic/skill.defensive-stance,"catalog/skills/warband.yaml#skill.defensive-stance has no runtime block; the executable contract is catalog/mechanics/close-combat.yaml skill family (engine_option='Defensive Stance') and catalog/mechanics/execution.yaml#skill.defensive-stance (handler=effect-set, trigger=passive)","compiled as EffectSet fields ['parry'] / tags ['skill.defensive-stance'] seen in contexts.py, _combat_compile.py, _attacks.py; compiler.py compile_fighter consumes selected skills via mechanic_index/effect_index","semantic specs: tests/specs/semantic/grants/editorial-defensive-stance.yaml, tests/specs/semantic/interactions/parry-skills.yaml, tests/specs/semantic/rules/defensive-stance.yaml",runtime classification (scope/implemented/grant/effects) on catalog/skills/warband.yaml#skill.defensive-stance,mechanic/skill.defensive-stance,,Add the runtime block classifying skill.defensive-stance against mechanic/skill.defensive-stance; do not implement new behaviour.,skill.defensive-stance carries a runtime block bound to mechanic/skill.defensive-stance and verify --structural accepts it.
rule/catalog/warband/skill.elven-agility/unclassified,catalog/skills/warband.yaml,current (hash verified),YES,The warrior avoids close-combat and missile attacks on a 6+,,metadata_gap,mechanic/skill.elven-agility,"catalog/skills/warband.yaml#skill.elven-agility has no runtime block; the executable contract is catalog/mechanics/close-combat.yaml skill family (engine_option='Elven Agility') and catalog/mechanics/execution.yaml#skill.elven-agility (handler=effect-set, trigger=passive)","compiled as EffectSet fields ['ward_save'] / tags ['skill.elven-agility'] seen in contexts.py, _operators.py; compiler.py compile_fighter consumes selected skills via mechanic_index/effect_index","semantic specs: tests/specs/semantic/grants/editorial-elven-agility.yaml, tests/specs/semantic/interactions/damage-mitigation.yaml, tests/specs/semantic/interactions/elven-agility-step-aside.yaml, tests/specs/semantic/rules/elven-agility.yaml",runtime classification (scope/implemented/grant/effects) on catalog/skills/warband.yaml#skill.elven-agility,mechanic/skill.elven-agility,,Add the runtime block classifying skill.elven-agility against mechanic/skill.elven-agility; do not implement new behaviour.,skill.elven-agility carries a runtime block bound to mechanic/skill.elven-agility and verify --structural accepts it.
rule/catalog/warband/skill.expert-fighter/unclassified,catalog/skills/warband.yaml,current (hash verified),YES,+1 to wound rolls.,,metadata_gap,mechanic/skill.expert-fighter,"catalog/skills/warband.yaml#skill.expert-fighter has no runtime block; the executable contract is catalog/mechanics/close-combat.yaml skill family (engine_option='Expert Fighter') and catalog/mechanics/execution.yaml#skill.expert-fighter (handler=effect-set, trigger=passive)",compiled as EffectSet fields ['wound_modifier'] / tags ['skill.expert-fighter'] seen in scenarios.py; compiler.py compile_fighter consumes selected skills via mechanic_index/effect_index,semantic specs: tests/specs/semantic/rules/local-families.yaml,runtime classification (scope/implemented/grant/effects) on catalog/skills/warband.yaml#skill.expert-fighter,mechanic/skill.expert-fighter,,Add the runtime block classifying skill.expert-fighter against mechanic/skill.expert-fighter; do not implement new behaviour.,skill.expert-fighter carries a runtime block bound to mechanic/skill.expert-fighter and verify --structural accepts it.
rule/catalog/warband/skill.ferocious-charge/unclassified,catalog/skills/warband.yaml,current (hash verified),YES,The Slayer may double his attacks on the turn in which he charges,,metadata_gap,mechanic/skill.ferocious-charge,"catalog/skills/warband.yaml#skill.ferocious-charge has no runtime block; the executable contract is catalog/mechanics/close-combat.yaml skill family (engine_option='Ferocious Charge') and catalog/mechanics/execution.yaml#skill.ferocious-charge (handler=effect-set, trigger=passive)","compiled as EffectSet fields none / tags ['skill.ferocious-charge'] seen in consumers.py, contexts.py, _combat_compile.py, phases.py; compiler.py compile_fighter consumes selected skills via mechanic_index/effect_index","semantic specs: tests/specs/semantic/grants/editorial-ferocious-charge.yaml, tests/specs/semantic/interactions/attack-count.yaml, tests/specs/semantic/rules/ferocious-charge.yaml",runtime classification (scope/implemented/grant/effects) on catalog/skills/warband.yaml#skill.ferocious-charge,mechanic/skill.ferocious-charge,,Add the runtime block classifying skill.ferocious-charge against mechanic/skill.ferocious-charge; do not implement new behaviour.,skill.ferocious-charge carries a runtime block bound to mechanic/skill.ferocious-charge and verify --structural accepts it.
rule/catalog/warband/skill.fey-quickness/unclassified,catalog/skills/warband.yaml,current (hash verified),YES,An Elf with Fey Quickness avoids melee or missile attacks on a roll of 6; carrying Step Aside or Dodge raises the relevant save to 4+.,,connection_gap,"skill.elven-agility (6+ ward, 4+ with Step Aside/Dodge)",catalog/skills/warband.yaml#skill.fey-quickness has no runtime block and no mechanic row in catalog/mechanics/close-combat.yaml,no mechanic id is compiled for this record; existing parry/ward operators exist but are not bound here,code inspection only,"an explicit equivalence/binding to an existing operator, or a new mechanic",,,Decide the equivalence for skill.fey-quickness and bind it (or implement a dedicated mechanic).,skill.fey-quickness is bound to a consumed mechanic and a semantic spec exercises it.
rule/catalog/warband/skill.hard-to-kill/unclassified,catalog/skills/warband.yaml,current (hash verified),YES,Dwarfs are taken out of action only on a 6 on the Injury chart; 1–2 is Knocked Down and 3–5 is Stunned.,,metadata_gap,mechanic/skill.hard-to-kill,"catalog/skills/warband.yaml#skill.hard-to-kill has no runtime block; the executable contract is catalog/mechanics/close-combat.yaml skill family (engine_option='Hard to Kill') and catalog/mechanics/execution.yaml#skill.hard-to-kill (handler=effect-set, trigger=passive)","compiled as EffectSet fields ['out_of_action_threshold'] / tags ['skill.hard-to-kill'] seen in contexts.py, _combat_compile.py, _attacks.py; compiler.py compile_fighter consumes selected skills via mechanic_index/effect_index","semantic specs: tests/specs/interactions.yaml, tests/specs/semantic/grants/editorial-grants.yaml, tests/specs/semantic/grants/editorial-hard-head.yaml, tests/specs/semantic/grants/editorial-injury-protection.yaml, tests/specs/semantic/grants/editorial-khemri-injury.yaml, tests/specs/semantic/grants/editorial-pit-hard-head.yaml, tests/specs/semantic/interactions/higher-order.yaml, tests/specs/semantic/interactions/injury-conditions.yaml, tests/specs/semantic/interactions/interactions.yaml, tests/specs/semantic/interactions/local-interactions.yaml, tests/specs/semantic/interactions/thick-skull-injury.yaml, tests/specs/semantic/rules/local-families.yaml",runtime classification (scope/implemented/grant/effects) on catalog/skills/warband.yaml#skill.hard-to-kill,mechanic/skill.hard-to-kill,,Add the runtime block classifying skill.hard-to-kill against mechanic/skill.hard-to-kill; do not implement new behaviour.,skill.hard-to-kill carries a runtime block bound to mechanic/skill.hard-to-kill and verify --structural accepts it.
rule/catalog/warband/skill.hardy-constitution/unclassified,catalog/skills/warband.yaml,current (hash verified),YES,"When the Hero suffers a critical hit, roll D6",,metadata_gap,mechanic/skill.hardy-constitution,"catalog/skills/warband.yaml#skill.hardy-constitution has no runtime block; the executable contract is catalog/mechanics/close-combat.yaml skill family (engine_option='Hardy Constitution') and catalog/mechanics/execution.yaml#skill.hardy-constitution (handler=effect-set, trigger=passive)","compiled as EffectSet fields none / tags ['skill.hardy-constitution'] seen in consumers.py, attacks.py, _combat_compile.py, _attacks.py; compiler.py compile_fighter consumes selected skills via mechanic_index/effect_index",semantic specs: tests/specs/semantic/rules/hardy-constitution.yaml,runtime classification (scope/implemented/grant/effects) on catalog/skills/warband.yaml#skill.hardy-constitution,mechanic/skill.hardy-constitution,,Add the runtime block classifying skill.hardy-constitution against mechanic/skill.hardy-constitution; do not implement new behaviour.,skill.hardy-constitution carries a runtime block bound to mechanic/skill.hardy-constitution and verify --structural accepts it.
rule/catalog/warband/skill.head-crusher/unclassified,catalog/skills/warband.yaml,current (hash verified),YES,Knocked Down results caused by the warrior become Stunned.,,metadata_gap,mechanic/skill.head-crusher,"catalog/skills/warband.yaml#skill.head-crusher has no runtime block; the executable contract is catalog/mechanics/close-combat.yaml skill family (engine_option='Head Crusher') and catalog/mechanics/execution.yaml#skill.head-crusher (handler=effect-set, trigger=passive)","compiled as EffectSet fields none / tags ['skill.head-crusher'] seen in consumers.py, contexts.py, _combat_compile.py, _attacks.py; compiler.py compile_fighter consumes selected skills via mechanic_index/effect_index","semantic specs: tests/specs/semantic/grants/editorial-head-crusher.yaml, tests/specs/semantic/interactions/injury-conditions.yaml, tests/specs/semantic/interactions/thick-skull-injury.yaml, tests/specs/semantic/rules/local-families.yaml",runtime classification (scope/implemented/grant/effects) on catalog/skills/warband.yaml#skill.head-crusher,mechanic/skill.head-crusher,,Add the runtime block classifying skill.head-crusher against mechanic/skill.head-crusher; do not implement new behaviour.,skill.head-crusher carries a runtime block bound to mechanic/skill.head-crusher and verify --structural accepts it.
rule/catalog/warband/skill.ignore-pain/unclassified,catalog/skills/warband.yaml,current (hash verified),YES,Requires the Resilient Strength skill,,metadata_gap,mechanic/skill.ignore-pain,"catalog/skills/warband.yaml#skill.ignore-pain has no runtime block; the executable contract is catalog/mechanics/close-combat.yaml skill family (engine_option='Ignore Pain') and catalog/mechanics/execution.yaml#skill.ignore-pain (handler=effect-set, trigger=passive)","compiled as EffectSet fields none / tags ['skill.ignore-pain'] seen in consumers.py, contexts.py, _combat_compile.py, _attacks.py; compiler.py compile_fighter consumes selected skills via mechanic_index/effect_index","semantic specs: tests/specs/interactions.yaml, tests/specs/semantic/grants/editorial-band-no-pain.yaml, tests/specs/semantic/grants/editorial-injury-protection.yaml, tests/specs/semantic/grants/editorial-no-pain.yaml, tests/specs/semantic/grants/editorial-pestilens-ignore-pain.yaml, tests/specs/semantic/grants/editorial-tomb-lord-flammable.yaml, tests/specs/semantic/interactions/higher-order.yaml, tests/specs/semantic/interactions/injury-conditions.yaml, tests/specs/semantic/interactions/interactions.yaml, tests/specs/semantic/interactions/local-interactions.yaml, tests/specs/semantic/interactions/thick-skull-injury.yaml, tests/specs/semantic/rules/local-families.yaml, tests/specs/semantic/rules/skill-exceptions.yaml",runtime classification (scope/implemented/grant/effects) on catalog/skills/warband.yaml#skill.ignore-pain,mechanic/skill.ignore-pain,,Add the runtime block classifying skill.ignore-pain against mechanic/skill.ignore-pain; do not implement new behaviour.,skill.ignore-pain carries a runtime block bound to mechanic/skill.ignore-pain and verify --structural accepts it.
rule/catalog/warband/skill.infallible/unclassified,catalog/skills/warband.yaml,current (hash verified),YES,The Vampire may re-roll failed To Hit rolls during the turn in which it charges.,,metadata_gap,mechanic/skill.infallible,"catalog/skills/warband.yaml#skill.infallible has no runtime block; the executable contract is catalog/mechanics/close-combat.yaml skill family (engine_option='Infallible') and catalog/mechanics/execution.yaml#skill.infallible (handler=effect-set, trigger=passive)","compiled as EffectSet fields none / tags ['skill.infallible'] seen in consumers.py, contexts.py, _combat_compile.py, _attacks.py; compiler.py compile_fighter consumes selected skills via mechanic_index/effect_index","semantic specs: tests/specs/semantic/grants/editorial-infallible.yaml, tests/specs/semantic/rules/attributes-priority.yaml",runtime classification (scope/implemented/grant/effects) on catalog/skills/warband.yaml#skill.infallible,mechanic/skill.infallible,,Add the runtime block classifying skill.infallible against mechanic/skill.infallible; do not implement new behaviour.,skill.infallible carries a runtime block bound to mechanic/skill.infallible and verify --structural accepts it.
rule/catalog/warband/skill.infinite-hatred/unclassified,catalog/skills/warband.yaml,current (hash verified),YES,The Vampire may re-roll failed To Hit rolls; a roll may never be re-rolled more than once.,,metadata_gap,mechanic/skill.infinite-hatred,"catalog/skills/warband.yaml#skill.infinite-hatred has no runtime block; the executable contract is catalog/mechanics/close-combat.yaml skill family (engine_option='Infinite Hatred') and catalog/mechanics/execution.yaml#skill.infinite-hatred (handler=effect-set, trigger=passive)",compiled as EffectSet fields ['reroll_hits'] / tags ['skill.infinite-hatred'] seen in scenarios.py; compiler.py compile_fighter consumes selected skills via mechanic_index/effect_index,"semantic specs: tests/specs/semantic/grants/editorial-infinite-hatred.yaml, tests/specs/semantic/interactions/local-interactions.yaml, tests/specs/semantic/rules/local-families.yaml",runtime classification (scope/implemented/grant/effects) on catalog/skills/warband.yaml#skill.infinite-hatred,mechanic/skill.infinite-hatred,,Add the runtime block classifying skill.infinite-hatred against mechanic/skill.infinite-hatred; do not implement new behaviour.,skill.infinite-hatred carries a runtime block bound to mechanic/skill.infinite-hatred and verify --structural accepts it.
rule/catalog/warband/skill.inspiring-sermon/unclassified,catalog/skills/warband.yaml,current (hash verified),YES,+1 Attack for the turn.,,metadata_gap,mechanic/skill.inspiring-sermon,"catalog/skills/warband.yaml#skill.inspiring-sermon has no runtime block; the executable contract is catalog/mechanics/close-combat.yaml skill family (engine_option='Inspiring Sermon') and catalog/mechanics/execution.yaml#skill.inspiring-sermon (handler=effect-set, trigger=passive)","compiled as EffectSet fields none / tags ['skill.inspiring-sermon'] seen in consumers.py, _combat_compile.py, phases.py, _operators.py; compiler.py compile_fighter consumes selected skills via mechanic_index/effect_index",semantic specs: tests/specs/semantic/rules/contextual-bonuses-and-rulings.yaml,runtime classification (scope/implemented/grant/effects) on catalog/skills/warband.yaml#skill.inspiring-sermon,mechanic/skill.inspiring-sermon,,Add the runtime block classifying skill.inspiring-sermon against mechanic/skill.inspiring-sermon; do not implement new behaviour.,skill.inspiring-sermon carries a runtime block bound to mechanic/skill.inspiring-sermon and verify --structural accepts it.
rule/catalog/warband/skill.instinctive-warrior/unclassified,catalog/skills/warband.yaml,current (hash verified),YES,"The Barbarian is so used to his own double-handed weapon that he may parry with it, using the normal Parry rules as with one sword.",,connection_gap,skill.defensive-stance (parry: true),catalog/skills/warband.yaml#skill.instinctive-warrior has no runtime block and no mechanic row in catalog/mechanics/close-combat.yaml,no mechanic id is compiled for this record; existing parry/ward operators exist but are not bound here,code inspection only,"an explicit equivalence/binding to an existing operator, or a new mechanic",,,Decide the equivalence for skill.instinctive-warrior and bind it (or implement a dedicated mechanic).,skill.instinctive-warrior is bound to a consumed mechanic and a semantic spec exercises it.
rule/catalog/warband/skill.iron-sinews/unclassified,catalog/skills/warband.yaml,current (hash verified),YES,The Vampire gains +1 Strength,,metadata_gap,mechanic/skill.iron-sinews,"catalog/skills/warband.yaml#skill.iron-sinews has no runtime block; the executable contract is catalog/mechanics/close-combat.yaml skill family (engine_option='Iron Sinews') and catalog/mechanics/execution.yaml#skill.iron-sinews (handler=effect-set, trigger=passive)",compiled as EffectSet fields ['strength_bonus'] / tags ['skill.iron-sinews']; compiler.py compile_fighter consumes selected skills via mechanic_index/effect_index,"semantic specs: tests/specs/semantic/grants/editorial-attack-strength-bonuses.yaml, tests/specs/semantic/interactions/interactions.yaml, tests/specs/semantic/interactions/local-interactions.yaml, tests/specs/semantic/rules/local-families.yaml",runtime classification (scope/implemented/grant/effects) on catalog/skills/warband.yaml#skill.iron-sinews,mechanic/skill.iron-sinews,,Add the runtime block classifying skill.iron-sinews against mechanic/skill.iron-sinews; do not implement new behaviour.,skill.iron-sinews carries a runtime block bound to mechanic/skill.iron-sinews and verify --structural accepts it.
rule/catalog/warband/skill.knife-fighting/unclassified,catalog/skills/warband.yaml,current (hash verified),YES,"While using a Dagger or Yambiya, the warrior gains +1 WS and +1 on the Injury roll",,metadata_gap,mechanic/skill.knife-fighting,"catalog/skills/warband.yaml#skill.knife-fighting has no runtime block; the executable contract is catalog/mechanics/close-combat.yaml skill family (engine_option='Knife Fighting') and catalog/mechanics/execution.yaml#skill.knife-fighting (handler=effect-set, trigger=passive)","compiled as EffectSet fields none / tags ['skill.knife-fighting'] seen in consumers.py, contexts.py, _combat_compile.py, _attacks.py; compiler.py compile_fighter consumes selected skills via mechanic_index/effect_index","semantic specs: tests/specs/semantic/grants/editorial-knife-fighting.yaml, tests/specs/semantic/interactions/injury-conditions.yaml, tests/specs/semantic/rules/contextual.yaml",runtime classification (scope/implemented/grant/effects) on catalog/skills/warband.yaml#skill.knife-fighting,mechanic/skill.knife-fighting,,Add the runtime block classifying skill.knife-fighting against mechanic/skill.knife-fighting; do not implement new behaviour.,skill.knife-fighting carries a runtime block bound to mechanic/skill.knife-fighting and verify --structural accepts it.
rule/catalog/warband/skill.luck/unclassified,catalog/skills/warband.yaml,current (hash verified),YES,"Once per battle, the warrior may re-roll any roll made by himself, but may not re-roll a roll made by another warband member.",,metadata_gap,mechanic/skill.luck,"catalog/skills/warband.yaml#skill.luck has no runtime block; the executable contract is catalog/mechanics/close-combat.yaml skill family (engine_option='Luck') and catalog/mechanics/execution.yaml#skill.luck (handler=effect-set, trigger=passive)","compiled as EffectSet fields none / tags ['skill.luck'] seen in consumers.py, attacks.py, contexts.py, _combat_compile.py; compiler.py compile_fighter consumes selected skills via mechanic_index/effect_index","semantic specs: tests/specs/semantic/grants/editorial-verified-stateful-mechanics.yaml, tests/specs/semantic/rules/skills-frenzy-and-armour-floor.yaml, tests/specs/structural/phase-verification.yaml",runtime classification (scope/implemented/grant/effects) on catalog/skills/warband.yaml#skill.luck,mechanic/skill.luck,,Add the runtime block classifying skill.luck against mechanic/skill.luck; do not implement new behaviour.,skill.luck carries a runtime block bound to mechanic/skill.luck and verify --structural accepts it.
rule/catalog/warband/skill.mighty-biceps/unclassified,catalog/skills/warband.yaml,current (hash verified),YES,Retains the Strength bonus of heavy weapons.,,metadata_gap,mechanic/skill.mighty-biceps,"catalog/skills/warband.yaml#skill.mighty-biceps has no runtime block; the executable contract is catalog/mechanics/close-combat.yaml skill family (engine_option='Mighty Biceps') and catalog/mechanics/execution.yaml#skill.mighty-biceps (handler=effect-set, trigger=passive)","compiled as EffectSet fields none / tags ['skill.mighty-biceps'] seen in consumers.py, contexts.py, _combat_compile.py, _attacks.py; compiler.py compile_fighter consumes selected skills via mechanic_index/effect_index",semantic specs: tests/specs/semantic/rules/mighty-biceps.yaml,runtime classification (scope/implemented/grant/effects) on catalog/skills/warband.yaml#skill.mighty-biceps,mechanic/skill.mighty-biceps,,Add the runtime block classifying skill.mighty-biceps against mechanic/skill.mighty-biceps; do not implement new behaviour.,skill.mighty-biceps carries a runtime block bound to mechanic/skill.mighty-biceps and verify --structural accepts it.
rule/catalog/warband/skill.miniath/unclassified,catalog/skills/warband.yaml,current (hash verified),YES,"May parry with any weapon; when using a weapon that normally allows parrying, re-rolls one failed parry.",,metadata_gap,mechanic/skill.miniath,"catalog/skills/warband.yaml#skill.miniath has no runtime block; the executable contract is catalog/mechanics/close-combat.yaml skill family (engine_option='Miniath') and catalog/mechanics/execution.yaml#skill.miniath (handler=effect-set, trigger=passive)","compiled as EffectSet fields none / tags ['skill.miniath'] seen in consumers.py, contexts.py, state.py, _combat_compile.py; compiler.py compile_fighter consumes selected skills via mechanic_index/effect_index","semantic specs: tests/specs/semantic/grants/editorial-hochland-swordmaster.yaml, tests/specs/semantic/rules/miniath.yaml",runtime classification (scope/implemented/grant/effects) on catalog/skills/warband.yaml#skill.miniath,mechanic/skill.miniath,,Add the runtime block classifying skill.miniath against mechanic/skill.miniath; do not implement new behaviour.,skill.miniath carries a runtime block bound to mechanic/skill.miniath and verify --structural accepts it.
rule/catalog/warband/skill.monster-slayer/unclassified,catalog/skills/warband.yaml,current (hash verified),YES,"The Slayer always wounds any opponent on a roll of 4+, regardless of Toughness, unless his own Strength (after all modifiers due to weapon bonuses, etc.) would ",,metadata_gap,mechanic/skill.monster-slayer,"catalog/skills/warband.yaml#skill.monster-slayer has no runtime block; the executable contract is catalog/mechanics/close-combat.yaml skill family (engine_option='Monster Slayer') and catalog/mechanics/execution.yaml#skill.monster-slayer (handler=effect-set, trigger=passive)","compiled as EffectSet fields none / tags ['skill.monster-slayer'] seen in consumers.py, _specifications.py, contexts.py, _combat_compile.py; compiler.py compile_fighter consumes selected skills via mechanic_index/effect_index","semantic specs: tests/specs/semantic/grants/editorial-monster-slayer-armour.yaml, tests/specs/semantic/grants/editorial-monster-slayer-trollheim.yaml, tests/specs/semantic/grants/editorial-monster-slayer.yaml, tests/specs/semantic/rules/attributes-priority.yaml",runtime classification (scope/implemented/grant/effects) on catalog/skills/warband.yaml#skill.monster-slayer,mechanic/skill.monster-slayer,,Add the runtime block classifying skill.monster-slayer against mechanic/skill.monster-slayer; do not implement new behaviour.,skill.monster-slayer carries a runtime block bound to mechanic/skill.monster-slayer and verify --structural accepts it.
rule/catalog/warband/skill.monstrous/unclassified,catalog/skills/warband.yaml,current (hash verified),YES,+1 Wound.,,metadata_gap,mechanic/skill.monstrous,"catalog/skills/warband.yaml#skill.monstrous has no runtime block; the executable contract is catalog/mechanics/close-combat.yaml skill family (engine_option='Monstrous') and catalog/mechanics/execution.yaml#skill.monstrous (handler=effect-set, trigger=passive)","compiled as EffectSet fields none / tags ['skill.monstrous'] seen in consumers.py, aftermath.py, state.py, _combat_compile.py; compiler.py compile_fighter consumes selected skills via mechanic_index/effect_index","semantic specs: tests/specs/semantic/grants/editorial-strongman-ogre-flesh.yaml, tests/specs/semantic/interactions/small-clusters.yaml, tests/specs/semantic/rules/attributes-priority.yaml",runtime classification (scope/implemented/grant/effects) on catalog/skills/warband.yaml#skill.monstrous,mechanic/skill.monstrous,,Add the runtime block classifying skill.monstrous against mechanic/skill.monstrous; do not implement new behaviour.,skill.monstrous carries a runtime block bound to mechanic/skill.monstrous and verify --structural accepts it.
rule/catalog/warband/skill.red-fury/unclassified,catalog/skills/warband.yaml,current (hash verified),YES,The Vampire gains +1 Attack,,metadata_gap,mechanic/skill.red-fury,"catalog/skills/warband.yaml#skill.red-fury has no runtime block; the executable contract is catalog/mechanics/close-combat.yaml skill family (engine_option='Red Fury') and catalog/mechanics/execution.yaml#skill.red-fury (handler=effect-set, trigger=passive)",compiled as EffectSet fields ['attacks_bonus'] / tags ['skill.red-fury'] seen in scenarios.py; compiler.py compile_fighter consumes selected skills via mechanic_index/effect_index,"semantic specs: tests/specs/semantic/grants/editorial-attack-strength-bonuses.yaml, tests/specs/semantic/interactions/attack-count.yaml, tests/specs/semantic/rules/attributes-priority.yaml",runtime classification (scope/implemented/grant/effects) on catalog/skills/warband.yaml#skill.red-fury,mechanic/skill.red-fury,,Add the runtime block classifying skill.red-fury against mechanic/skill.red-fury; do not implement new behaviour.,skill.red-fury carries a runtime block bound to mechanic/skill.red-fury and verify --structural accepts it.
rule/catalog/warband/skill.regeneration/unclassified,catalog/skills/warband.yaml,current (hash verified),YES,Regenerates unsaved wounds on 4+.,,metadata_gap,mechanic/skill.regeneration,"catalog/skills/warband.yaml#skill.regeneration has no runtime block; the executable contract is catalog/mechanics/close-combat.yaml skill family (engine_option='Regeneration') and catalog/mechanics/execution.yaml#skill.regeneration (handler=effect-set, trigger=passive)","compiled as EffectSet fields ['regeneration_blocked_by_fire', 'regeneration_save'] / tags ['skill.regeneration']; compiler.py compile_fighter consumes selected skills via mechanic_index/effect_index","semantic specs: tests/specs/semantic/grants/editorial-strigoi-regeneration.yaml, tests/specs/semantic/grants/editorial-troll-regeneration.yaml, tests/specs/semantic/grants/t13-boglar-regeneration.yaml, tests/specs/semantic/interactions/damage-mitigation.yaml, tests/specs/semantic/interactions/interactions.yaml, tests/specs/semantic/rules/core-examples.yaml, tests/specs/semantic/rules/local-families.yaml",runtime classification (scope/implemented/grant/effects) on catalog/skills/warband.yaml#skill.regeneration,mechanic/skill.regeneration,,Add the runtime block classifying skill.regeneration against mechanic/skill.regeneration; do not implement new behaviour.,skill.regeneration carries a runtime block bound to mechanic/skill.regeneration and verify --structural accepts it.
rule/catalog/warband/skill.shield-mastery/unclassified,catalog/skills/warband.yaml,current (hash verified),YES,The Hero may parry with a Shield as if it were a Buckler while still receiving the Shield's normal armour-save bonus.,,metadata_gap,mechanic/skill.shield-mastery,"catalog/skills/warband.yaml#skill.shield-mastery has no runtime block; the executable contract is catalog/mechanics/close-combat.yaml skill family (engine_option='Shield Mastery') and catalog/mechanics/execution.yaml#skill.shield-mastery (handler=effect-set, trigger=passive)","compiled as EffectSet fields none / tags ['skill.shield-mastery'] seen in consumers.py, state.py, _combat_compile.py, _attacks.py; compiler.py compile_fighter consumes selected skills via mechanic_index/effect_index","semantic specs: tests/specs/semantic/grants/editorial-shield-mastery.yaml, tests/specs/semantic/interactions/parry-skills.yaml, tests/specs/semantic/interactions/shield-mastery-shield.yaml, tests/specs/semantic/rules/shield-mastery.yaml",runtime classification (scope/implemented/grant/effects) on catalog/skills/warband.yaml#skill.shield-mastery,mechanic/skill.shield-mastery,,Add the runtime block classifying skill.shield-mastery against mechanic/skill.shield-mastery; do not implement new behaviour.,skill.shield-mastery carries a runtime block bound to mechanic/skill.shield-mastery and verify --structural accepts it.
rule/catalog/warband/skill.shield-strike/unclassified,catalog/skills/warband.yaml,current (hash verified),YES,Gains an additional attack at the user's Strength; armour is modified normally according to that Strength.,,metadata_gap,mechanic/skill.shield-strike,"catalog/skills/warband.yaml#skill.shield-strike has no runtime block; the executable contract is catalog/mechanics/close-combat.yaml skill family (engine_option='Shield Strike') and catalog/mechanics/execution.yaml#skill.shield-strike (handler=effect-set, trigger=passive)","compiled as EffectSet fields none / tags ['skill.shield-strike'] seen in consumers.py, _vectorized.py, compiler.py; compiler.py compile_fighter consumes selected skills via mechanic_index/effect_index",semantic specs: tests/specs/semantic/rules/contextual-bonuses-and-rulings.yaml,runtime classification (scope/implemented/grant/effects) on catalog/skills/warband.yaml#skill.shield-strike,mechanic/skill.shield-strike,,Add the runtime block classifying skill.shield-strike against mechanic/skill.shield-strike; do not implement new behaviour.,skill.shield-strike carries a runtime block bound to mechanic/skill.shield-strike and verify --structural accepts it.
rule/catalog/warband/skill.sigmar-s-sign/unclassified,catalog/skills/warband.yaml,current (hash verified),YES,Undead and Possessed enemies lose one attack in the first round.,,metadata_gap,mechanic/skill.sigmar-s-sign,"catalog/skills/warband.yaml#skill.sigmar-s-sign has no runtime block; the executable contract is catalog/mechanics/close-combat.yaml skill family (engine_option=""Sigmar's Sign"") and catalog/mechanics/execution.yaml#skill.sigmar-s-sign (handler=effect-set, trigger=passive)","compiled as EffectSet fields none / tags ['skill.sigmar-s-sign'] seen in consumers.py, rounds.py, _combat_compile.py, _driver.py; compiler.py compile_fighter consumes selected skills via mechanic_index/effect_index",semantic specs: tests/specs/semantic/rules/attack-count-and-exotic-weapons.yaml,runtime classification (scope/implemented/grant/effects) on catalog/skills/warband.yaml#skill.sigmar-s-sign,mechanic/skill.sigmar-s-sign,,Add the runtime block classifying skill.sigmar-s-sign against mechanic/skill.sigmar-s-sign; do not implement new behaviour.,skill.sigmar-s-sign carries a runtime block bound to mechanic/skill.sigmar-s-sign and verify --structural accepts it.
rule/catalog/warband/skill.strength-of-steel/unclassified,catalog/skills/warband.yaml,current (hash verified),YES,The Vampire gains +1 Strength during the turn in which it charges,,metadata_gap,mechanic/skill.strength-of-steel,"catalog/skills/warband.yaml#skill.strength-of-steel has no runtime block; the executable contract is catalog/mechanics/close-combat.yaml skill family (engine_option='Strength of Steel') and catalog/mechanics/execution.yaml#skill.strength-of-steel (handler=effect-set, trigger=passive)",compiled as EffectSet fields ['charge_strength_bonus'] / tags ['skill.strength-of-steel'] seen in scenarios.py; compiler.py compile_fighter consumes selected skills via mechanic_index/effect_index,"semantic specs: tests/specs/semantic/grants/editorial-strength-of-steel.yaml, tests/specs/semantic/interactions/local-interactions.yaml, tests/specs/semantic/rules/attributes-priority.yaml",runtime classification (scope/implemented/grant/effects) on catalog/skills/warband.yaml#skill.strength-of-steel,mechanic/skill.strength-of-steel,,Add the runtime block classifying skill.strength-of-steel against mechanic/skill.strength-of-steel; do not implement new behaviour.,skill.strength-of-steel carries a runtime block bound to mechanic/skill.strength-of-steel and verify --structural accepts it.
rule/catalog/warband/skill.sure-strike/unclassified,catalog/skills/warband.yaml,current (hash verified),YES,Re-rolls failed wound rolls.,,metadata_gap,mechanic/skill.sure-strike,"catalog/skills/warband.yaml#skill.sure-strike has no runtime block; the executable contract is catalog/mechanics/close-combat.yaml skill family (engine_option='Sure Strike') and catalog/mechanics/execution.yaml#skill.sure-strike (handler=effect-set, trigger=passive)",compiled as EffectSet fields ['reroll_wounds'] / tags ['skill.sure-strike'] seen in scenarios.py; compiler.py compile_fighter consumes selected skills via mechanic_index/effect_index,"semantic specs: tests/specs/semantic/grants/editorial-infallible-strike.yaml, tests/specs/semantic/interactions/local-interactions.yaml, tests/specs/semantic/interactions/wound-criticals.yaml, tests/specs/semantic/rules/local-families.yaml",runtime classification (scope/implemented/grant/effects) on catalog/skills/warband.yaml#skill.sure-strike,mechanic/skill.sure-strike,,Add the runtime block classifying skill.sure-strike against mechanic/skill.sure-strike; do not implement new behaviour.,skill.sure-strike carries a runtime block bound to mechanic/skill.sure-strike and verify --structural accepts it.
rule/catalog/warband/skill.sweep/unclassified,catalog/skills/warband.yaml,current (hash verified),YES,"With a double-handed weapon, replaces all attacks with one automatic hit if the opponent fails an Initiative test.",,metadata_gap,mechanic/skill.sweep,"catalog/skills/warband.yaml#skill.sweep has no runtime block; the executable contract is catalog/mechanics/close-combat.yaml skill family (engine_option='Sweep') and catalog/mechanics/execution.yaml#skill.sweep (handler=effect-set, trigger=passive)","compiled as EffectSet fields none / tags ['skill.sweep'] seen in consumers.py, attacks.py, _combat_compile.py, phases.py; compiler.py compile_fighter consumes selected skills via mechanic_index/effect_index",semantic specs: tests/specs/semantic/rules/skills-frenzy-and-armour-floor.yaml,runtime classification (scope/implemented/grant/effects) on catalog/skills/warband.yaml#skill.sweep,mechanic/skill.sweep,,Add the runtime block classifying skill.sweep against mechanic/skill.sweep; do not implement new behaviour.,skill.sweep carries a runtime block bound to mechanic/skill.sweep and verify --structural accepts it.
rule/catalog/warband/skill.sword-master/unclassified,catalog/skills/warband.yaml,current (hash verified),YES,"When parrying, the Vampire only needs to equal the opponent's roll and may therefore parry a roll of 6",,metadata_gap,mechanic/skill.sword-master,"catalog/skills/warband.yaml#skill.sword-master has no runtime block; the executable contract is catalog/mechanics/close-combat.yaml skill family (engine_option='Sword Master') and catalog/mechanics/execution.yaml#skill.sword-master (handler=effect-set, trigger=passive)","compiled as EffectSet fields none / tags ['skill.sword-master'] seen in consumers.py, contexts.py, _combat_compile.py, _attacks.py; compiler.py compile_fighter consumes selected skills via mechanic_index/effect_index","semantic specs: tests/specs/semantic/grants/editorial-advanced-dwarf-parries.yaml, tests/specs/semantic/rules/sword-master-variants.yaml",runtime classification (scope/implemented/grant/effects) on catalog/skills/warband.yaml#skill.sword-master,mechanic/skill.sword-master,,Add the runtime block classifying skill.sword-master against mechanic/skill.sword-master; do not implement new behaviour.,skill.sword-master carries a runtime block bound to mechanic/skill.sword-master and verify --structural accepts it.
rule/catalog/warband/skill.thick-skull/unclassified,catalog/skills/warband.yaml,current (hash verified),YES,The Hero has a 3+ save to turn a Stunned result into Knocked Down,,metadata_gap,mechanic/skill.thick-skull,"catalog/skills/warband.yaml#skill.thick-skull has no runtime block; the executable contract is catalog/mechanics/close-combat.yaml skill family (engine_option='Thick Skull') and catalog/mechanics/execution.yaml#skill.thick-skull (handler=effect-set, trigger=passive)",compiled as EffectSet fields ['thick_skull'] / tags ['skill.thick-skull'] seen in scenarios.py; compiler.py compile_fighter consumes selected skills via mechanic_index/effect_index,"semantic specs: tests/specs/semantic/grants/editorial-thick-skull.yaml, tests/specs/semantic/interactions/injury-conditions.yaml, tests/specs/semantic/interactions/local-interactions.yaml, tests/specs/semantic/interactions/thick-skull-injury.yaml, tests/specs/semantic/rules/thick-skull.yaml",runtime classification (scope/implemented/grant/effects) on catalog/skills/warband.yaml#skill.thick-skull,mechanic/skill.thick-skull,,Add the runtime block classifying skill.thick-skull against mechanic/skill.thick-skull; do not implement new behaviour.,skill.thick-skull carries a runtime block bound to mechanic/skill.thick-skull and verify --structural accepts it.
rule/catalog/warband/skill.tireless/unclassified,catalog/skills/warband.yaml,current (hash verified),YES,Retains the Strength bonus of heavy weapons in later rounds.,,metadata_gap,mechanic/skill.tireless,"catalog/skills/warband.yaml#skill.tireless has no runtime block; the executable contract is catalog/mechanics/close-combat.yaml skill family (engine_option='Tireless') and catalog/mechanics/execution.yaml#skill.tireless (handler=effect-set, trigger=passive)","compiled as EffectSet fields none / tags ['skill.tireless'] seen in consumers.py, contexts.py, _combat_compile.py, _attacks.py; compiler.py compile_fighter consumes selected skills via mechanic_index/effect_index",semantic specs: tests/specs/semantic/rules/strength-toughness-unarmed.yaml,runtime classification (scope/implemented/grant/effects) on catalog/skills/warband.yaml#skill.tireless,mechanic/skill.tireless,,Add the runtime block classifying skill.tireless against mechanic/skill.tireless; do not implement new behaviour.,skill.tireless carries a runtime block bound to mechanic/skill.tireless and verify --structural accepts it.
rule/catalog/warband/skill.tough-as-steel/unclassified,catalog/skills/warband.yaml,current (hash verified),YES,Only goes Out of Action on a 6 on the Injury table.,,metadata_gap,mechanic/skill.tough-as-steel,"catalog/skills/warband.yaml#skill.tough-as-steel has no runtime block; the executable contract is catalog/mechanics/close-combat.yaml skill family (engine_option='Tough as Steel') and catalog/mechanics/execution.yaml#skill.tough-as-steel (handler=effect-set, trigger=passive)","compiled as EffectSet fields ['out_of_action_threshold'] / tags ['skill.tough-as-steel'] seen in contexts.py, _combat_compile.py, _attacks.py; compiler.py compile_fighter consumes selected skills via mechanic_index/effect_index","semantic specs: tests/specs/semantic/grants/editorial-tough-as-steel.yaml, tests/specs/semantic/rules/local-families.yaml",runtime classification (scope/implemented/grant/effects) on catalog/skills/warband.yaml#skill.tough-as-steel,mechanic/skill.tough-as-steel,,Add the runtime block classifying skill.tough-as-steel against mechanic/skill.tough-as-steel; do not implement new behaviour.,skill.tough-as-steel carries a runtime block bound to mechanic/skill.tough-as-steel and verify --structural accepts it.
rule/catalog/warband/skill.unarmed-fighting/unclassified,catalog/skills/warband.yaml,current (hash verified),YES,Fights unarmed without penalties and gains +1 Attack while unarmed.,,metadata_gap,mechanic/skill.unarmed-fighting,"catalog/skills/warband.yaml#skill.unarmed-fighting has no runtime block; the executable contract is catalog/mechanics/close-combat.yaml skill family (engine_option='Unarmed Fighting') and catalog/mechanics/execution.yaml#skill.unarmed-fighting (handler=effect-set, trigger=passive)","compiled as EffectSet fields none / tags ['skill.unarmed-fighting'] seen in consumers.py, _combat_compile.py, phases.py, _operators.py; compiler.py compile_fighter consumes selected skills via mechanic_index/effect_index","semantic specs: tests/specs/semantic/grants/editorial-cathay-unarmed.yaml, tests/specs/semantic/interactions/armour-target.yaml, tests/specs/semantic/interactions/attack-count.yaml, tests/specs/semantic/rules/skill-exceptions.yaml",runtime classification (scope/implemented/grant/effects) on catalog/skills/warband.yaml#skill.unarmed-fighting,mechanic/skill.unarmed-fighting,,Add the runtime block classifying skill.unarmed-fighting against mechanic/skill.unarmed-fighting; do not implement new behaviour.,skill.unarmed-fighting carries a runtime block bound to mechanic/skill.unarmed-fighting and verify --structural accepts it.
rule/catalog/warband/skill.unbeatable-warrior/unclassified,catalog/skills/warband.yaml,current (hash verified),YES,Improves parries and allows two parries with two Parry weapons.,,metadata_gap,mechanic/skill.unbeatable-warrior,"catalog/skills/warband.yaml#skill.unbeatable-warrior has no runtime block; the executable contract is catalog/mechanics/close-combat.yaml skill family (engine_option='Unbeatable Warrior') and catalog/mechanics/execution.yaml#skill.unbeatable-warrior (handler=effect-set, trigger=passive)","compiled as EffectSet fields none / tags ['skill.unbeatable-warrior'] seen in consumers.py, contexts.py, state.py, _combat_compile.py; compiler.py compile_fighter consumes selected skills via mechanic_index/effect_index","semantic specs: tests/specs/semantic/grants/editorial-advanced-dwarf-parries.yaml, tests/specs/semantic/rules/unpredictable-and-critical-table.yaml",runtime classification (scope/implemented/grant/effects) on catalog/skills/warband.yaml#skill.unbeatable-warrior,mechanic/skill.unbeatable-warrior,,Add the runtime block classifying skill.unbeatable-warrior against mechanic/skill.unbeatable-warrior; do not implement new behaviour.,skill.unbeatable-warrior carries a runtime block bound to mechanic/skill.unbeatable-warrior and verify --structural accepts it.
rule/catalog/warband/skill.vampire-reflexes/unclassified,catalog/skills/warband.yaml,current (hash verified),YES,The Vampire has an unmodifiable 6+ save against any Wound,,metadata_gap,mechanic/skill.vampire-reflexes,"catalog/skills/warband.yaml#skill.vampire-reflexes has no runtime block; the executable contract is catalog/mechanics/close-combat.yaml skill family (engine_option='Vampire Reflexes') and catalog/mechanics/execution.yaml#skill.vampire-reflexes (handler=effect-set, trigger=passive)","compiled as EffectSet fields ['ward_save'] / tags ['skill.vampire-reflexes'] seen in contexts.py, _operators.py; compiler.py compile_fighter consumes selected skills via mechanic_index/effect_index","semantic specs: tests/specs/semantic/interactions/vampire-reflexes-step-aside.yaml, tests/specs/semantic/rules/vampire-reflexes.yaml",runtime classification (scope/implemented/grant/effects) on catalog/skills/warband.yaml#skill.vampire-reflexes,mechanic/skill.vampire-reflexes,,Add the runtime block classifying skill.vampire-reflexes against mechanic/skill.vampire-reflexes; do not implement new behaviour.,skill.vampire-reflexes carries a runtime block bound to mechanic/skill.vampire-reflexes and verify --structural accepts it.
rule/catalog/warband/skill.virtue-of-valour/unclassified,catalog/skills/warband.yaml,current (hash verified),YES,"When fighting a model with a higher Strength characteristic, the warrior may re-roll failed hand-to-hand hit rolls.",,metadata_gap,mechanic/skill.virtue-of-valour,"catalog/skills/warband.yaml#skill.virtue-of-valour has no runtime block; the executable contract is catalog/mechanics/close-combat.yaml skill family (engine_option='Virtue of Valour') and catalog/mechanics/execution.yaml#skill.virtue-of-valour (handler=effect-set, trigger=passive)","compiled as EffectSet fields none / tags ['skill.virtue-of-valour'] seen in consumers.py, contexts.py, _combat_compile.py, _attacks.py; compiler.py compile_fighter consumes selected skills via mechanic_index/effect_index",semantic specs: tests/specs/semantic/rules/virtue-of-valour.yaml,runtime classification (scope/implemented/grant/effects) on catalog/skills/warband.yaml#skill.virtue-of-valour,mechanic/skill.virtue-of-valour,,Add the runtime block classifying skill.virtue-of-valour against mechanic/skill.virtue-of-valour; do not implement new behaviour.,skill.virtue-of-valour carries a runtime block bound to mechanic/skill.virtue-of-valour and verify --structural accepts it.
rule/catalog/warband/skill.weapons-of-the-north/unclassified,catalog/skills/warband.yaml,current (hash verified),YES,Re-rolls failed hit rolls with an axe or double-handed weapon.,,metadata_gap,mechanic/skill.weapons-of-the-north,"catalog/skills/warband.yaml#skill.weapons-of-the-north has no runtime block; the executable contract is catalog/mechanics/close-combat.yaml skill family (engine_option='Weapons of the North') and catalog/mechanics/execution.yaml#skill.weapons-of-the-north (handler=effect-set, trigger=passive)","compiled as EffectSet fields none / tags ['skill.weapons-of-the-north'] seen in consumers.py, contexts.py, _combat_compile.py, _attacks.py; compiler.py compile_fighter consumes selected skills via mechanic_index/effect_index","semantic specs: tests/specs/semantic/grants/editorial-weapons-of-the-north.yaml, tests/specs/semantic/interactions/hit-rerolls.yaml, tests/specs/semantic/rules/weapons-of-the-north.yaml",runtime classification (scope/implemented/grant/effects) on catalog/skills/warband.yaml#skill.weapons-of-the-north,mechanic/skill.weapons-of-the-north,,Add the runtime block classifying skill.weapons-of-the-north against mechanic/skill.weapons-of-the-north; do not implement new behaviour.,skill.weapons-of-the-north carries a runtime block bound to mechanic/skill.weapons-of-the-north and verify --structural accepts it.
source/bands/mordheim/crooked-moon-kep/equipment-access.yaml/@/equipment_lists/1/items/0/notes/unclassified,bands/mordheim/crooked-moon-kep/equipment-access.yaml,current (hash verified),YES,A pair of daggers coated in Death Cap mushroom juice; the coating is re-applied for free after every game. Same effect as Black Lotus.,,covered,item/poison_daggers,poison_daggers is combat_status implemented -> mechanic weapon.poisoned-daggers,item/mechanic mapping consumed by compiler.py mechanic_index/effect_index,code inspection only,,poison_daggers,,No repair required; keep the binding/consumer evidence current.,the existing bound operator and its semantic spec keep passing.
source/bands/mordheim/house-guard-sc/equipment-access.yaml/@/equipment_lists/2/items/0/notes/unclassified,bands/mordheim/house-guard-sc/equipment-access.yaml,current (hash verified),YES,Rare 7; 4+ save; -1 Movement,-1 Movement,implementation_missing,item/house_guard_plate_armour,house_guard_plate_armour is combat_status out_of_scope with no mechanic_id; the printed 4+ save is a duel armour save,no compiled path connects this prose note to an executable operator,code inspection only,the 4+ armour save,house_guard_plate_armour,,Implement the admitted clause with a new or promoted operator. Target: item/house_guard_plate_armour.,the clause has a consumed operator bound on its grant path.
source/bands/mordheim/house-guard-sc/equipment-access.yaml/@/equipment_lists/2/items/1/notes/unclassified,bands/mordheim/house-guard-sc/equipment-access.yaml,current (hash verified),YES,Rare 8; two-handed; strike first,,covered,item/pike,"pike is combat_status implemented -> mechanic weapon.pike (two-handed, strike first)",item/mechanic mapping consumed by compiler.py mechanic_index/effect_index,code inspection only,,pike,,No repair required; keep the binding/consumer evidence current.,the existing bound operator and its semantic spec keep passing.
source/bands/mordheim/lizardmen-lus/equipment-access.yaml/@/equipment_lists/2/items/5/notes/unclassified,bands/mordheim/lizardmen-lus/equipment-access.yaml,current (hash verified),YES,Sacred Marking; once per battle,campaign acquisition/once-per-battle producer,connection_gap,mechanic/mark-of-the-old-ones,"the item mark_of_the_old_ones is combat_status out_of_scope, but mechanic.mark-of-the-old-ones exists in catalog/mechanics/close-combat.yaml",no compiled path connects this prose note to an executable operator,code inspection only,an item-to-mechanic mapping for mark_of_the_old_ones,mark-of-the-old-ones,,Bind this record to the existing operator after an explicit equivalence review. Target: mechanic/mark-of-the-old-ones.,the record carries a runtime binding to a consumed operator and a semantic spec exercises it.
source/bands/mordheim/militiant-mootlanders-mim/equipment-access.yaml/@/equipment_lists/0/items/21/notes/unclassified,bands/mordheim/militiant-mootlanders-mim/equipment-access.yaml,current (hash verified),YES,Heroes equipment list price. Rare 15; first round of every close combat; one missed attack hits automatically. The special-equipment entry prints 250 gc for the,price/erratum,implementation_missing,item/magic_acorn,magic_acorn is combat_status out_of_scope with no mechanic_id,no compiled path connects this prose note to an executable operator,code inspection only,the first-round automatic hit,magic_acorn,,Implement the admitted clause with a new or promoted operator. Target: item/magic_acorn.,the clause has a consumed operator bound on its grant path.
source/bands/mordheim/night-goblins-kaz/equipment-access.yaml/@/equipment_lists/1/items/0/notes/unclassified,bands/mordheim/night-goblins-kaz/equipment-access.yaml,current (hash verified),YES,"Poison daggers, Common (Fanatics only); counts as Black Lotus, re-applied free after every game.",,covered,item/poison_daggers,poison_daggers is combat_status implemented -> mechanic weapon.poisoned-daggers,item/mechanic mapping consumed by compiler.py mechanic_index/effect_index,code inspection only,,poison_daggers,,No repair required; keep the binding/consumer evidence current.,the existing bound operator and its semantic spec keep passing.
source/bands/mordheim/skaven-of-clan-pristekk-sc/equipment-access.yaml/@/equipment_lists/2/items/0/notes/unclassified,bands/mordheim/skaven-of-clan-pristekk-sc/equipment-access.yaml,current (hash verified),YES,Common; +1 enemy armour save; whipcrack; cannot be parried; infuriate,Common rarity,implementation_missing,item/thinglash,thinglash is combat_status out_of_scope with no mechanic_id,no compiled path connects this prose note to an executable operator,code inspection only,whipcrack / cannot-be-parried / infuriate,thinglash,,Implement the admitted clause with a new or promoted operator. Target: item/thinglash.,the clause has a consumed operator bound on its grant path.
source/bands/mordheim/skaven-of-clan-pristekk-sc/equipment-access.yaml/@/equipment_lists/2/items/2/notes/unclassified,bands/mordheim/skaven-of-clan-pristekk-sc/equipment-access.yaml,current (hash verified),YES,Rare 6; first strike; shock (1-4 stunned); two-handed,Rare 6,covered,item/shock_rod,shock_rod is combat_status implemented -> mechanic weapon.shock-rod,item/mechanic mapping consumed by compiler.py mechanic_index/effect_index,code inspection only,,shock_rod,,No repair required; keep the binding/consumer evidence current.,the existing bound operator and its semantic spec keep passing.
source/bands/trollheim/lustria-dark-elves/equipment-access.yaml/@/equipment_lists/0/items/7/notes/unclassified,bands/trollheim/lustria-dark-elves/equipment-access.yaml,current (hash verified),YES,Costs three times the price of the corresponding base weapon on the starting equipment list. It retains the base weapon's normal rules; additional item mechanic,price,covered,item/dark_steel_weapon,dark_steel_weapon is combat_status implemented -> material.dark-steel; the note states the base weapon rules are retained,item/mechanic mapping consumed by compiler.py mechanic_index/effect_index,code inspection only,,dark_steel_weapon,,No repair required; keep the binding/consumer evidence current.,the existing bound operator and its semantic spec keep passing.
source/catalog/campaign/exploration-and-income.yaml/campaign.magical-artefact.all-seeing-eye-of-numas/unclassified,catalog/campaign/exploration-and-income.yaml,current (hash verified),YES,"The bearer can see all models on the table top, may roll two dice after battle when rolling on the Exploration chart, and has an additional 6+ save against all ",campaign acquisition (finding the artefact),implementation_missing,none (no item record),campaign/magical_artefacts has no item_id for this entry; no catalog/items record and no mechanic exists,no executable operator is connected to this campaign record,code inspection only,the unmodifiable 6+ save against shooting and close combat,none (no item record),,Implement the admitted clause with a new or promoted operator. Target: none (no item record).,the clause has a consumed operator bound on its grant path.
source/catalog/campaign/exploration-and-income.yaml/campaign.magical-artefact.attlas-plate-mail/unclassified,catalog/campaign/exploration-and-income.yaml,current (hash verified),YES,"A suit of Gromril Armour with Rune of Spell Eating (immune to all spells), Rune of Passage (move through solid objects) and Rune of Fortitude (an extra wound, p",Rune of Spell Eating / Rune of Passage,implementation_missing,item/runic_attlas_plate_mail,campaign/magical_artefacts#...attlas-plate-mail has item_id: runic_attlas_plate_mail; that item is combat_status out_of_scope with no mechanic_id,no executable operator is connected to this campaign record,code inspection only,the extra Wound (Rune of Fortitude),runic_attlas_plate_mail,,Implement the admitted clause with a new or promoted operator. Target: item/runic_attlas_plate_mail.,the clause has a consumed operator bound on its grant path.
source/catalog/campaign/exploration-and-income.yaml/campaign.magical-artefact.count-of-ventimiglias-misericordia/unclassified,catalog/campaign/exploration-and-income.yaml,current (hash verified),YES,Treated as a sword. Opponents wounded by it are stunned on a result of 1-3 (Undead are knocked down as normal) and put out of action on a 4-6.,campaign acquisition,partial,item/misericordia + weapon.misericordia,item/misericordia is implemented -> mechanic weapon.misericordia; the artefact's printed Injury substitution is not that mechanic,no executable operator is connected to this campaign record,code inspection only,the 1-3 stunned / 4-6 out-of-action Injury substitution,misericordia + weapon.misericordia,,Implement the listed missing clause(s) and reconcile origin bindings. Target: item/misericordia + weapon.misericordia.,every admitted clause is realized by a consumed operator.
source/catalog/campaign/exploration-and-income.yaml/campaign.magical-artefact.executioners-hood/unclassified,catalog/campaign/exploration-and-income.yaml,current (hash verified),YES,"The wearer is always frenzied even if knocked down or stunned, and adds +1 to his Strength in close combat. He never leaves combat and always attacks opponents ",campaign acquisition,implementation_missing,trait.frenzy (candidate only),no catalog/items record and no campaign item_id; the only executable fragment is trait.frenzy,no executable operator is connected to this campaign record,code inspection only,permanent Frenzy with +1 Strength in close combat and never leaving combat,trait.frenzy (candidate only),,Implement the admitted clause with a new or promoted operator. Target: trait.frenzy (candidate only).,the clause has a consumed operator bound on its grant path.
source/catalog/campaign/magic.yaml/@/lores/46/note/unclassified,catalog/campaign/magic.yaml,current (hash verified),YES,"SOURCE COMPLETED 2026-09-14: the prayers come from the 'Miracle Workers' chapter (Werekin/Stuart Cresswell, Liber Malefic — the priest article of the Mutiny in ","prayer casting, rowing, nautical exploration",implementation_missing,item/trident,"lore.prayers-of-manann note; the trident it names is catalog/items/miscellaneous.yaml#trident, combat_status out_of_scope with no mechanic_id",no executable operator is connected to this campaign record,code inspection only,trident Strike First + Parry,trident,,Implement the admitted clause with a new or promoted operator. Target: item/trident.,the clause has a consumed operator bound on its grant path.
source/catalog/campaign/mutations.yaml/campaign.mutation.blackblood/unclassified,catalog/campaign/mutations.yaml,current (hash verified),YES,"If the model loses a wound in close combat, anyone in base contact with the model suffers a Strength 3 hit (no critical hits) from the spurting corrosive blood.",campaign acquisition,covered,trait.acid-blood,bands/mordheim/cult-of-the-possessed/special-rules.yaml#band--mutations-blackblood binds trait.acid-blood (scope YES / implemented YES),trait/compiler binding consumed by compiler.py + modular engine (trait registry),tests/specs/semantic/grants/editorial-mutation-sequences.yaml,,trait.acid-blood,T13-F049,No repair required; keep the binding/consumer evidence current.,the existing bound operator and its semantic spec keep passing.
source/catalog/campaign/mutations.yaml/campaign.mutation.extra-arm/unclassified,catalog/campaign/mutations.yaml,current (hash verified),YES,"The mutant may use any single-handed weapon in the extra arm, giving him +1 attack when fighting in hand-to-hand combat. Alternatively, he may carry a shield or",campaign acquisition,covered,special-rule.band--mutations-extra-arm,...#band--mutations-extra-arm binds compiler contract special-rule.band--mutations-extra-arm,trait/compiler binding consumed by compiler.py + modular engine (trait registry),tests/specs/semantic/grants/editorial-mutation-sequences.yaml,,special-rule.band--mutations-extra-arm,T13-F049,No repair required; keep the binding/consumer evidence current.,the existing bound operator and its semantic spec keep passing.
source/catalog/campaign/mutations.yaml/campaign.mutation.great-claw/unclassified,catalog/campaign/mutations.yaml,current (hash verified),YES,"One of the mutant's arms ends in a great, crab-like claw. He may carry no weapons in this arm, but gains an extra attack in hand-to-hand combat with a +1 Streng",campaign acquisition,covered,special-rule.band--mutations-great-claw,...#band--mutations-great-claw binds compiler contract special-rule.band--mutations-great-claw,trait/compiler binding consumed by compiler.py + modular engine (trait registry),tests/specs/semantic/grants/editorial-mutation-sequences.yaml,,special-rule.band--mutations-great-claw,T13-F049,No repair required; keep the binding/consumer evidence current.,the existing bound operator and its semantic spec keep passing.
source/catalog/campaign/mutations.yaml/campaign.mutation.hideous/unclassified,catalog/campaign/mutations.yaml,current (hash verified),YES,The mutant causes fear.,campaign acquisition,covered,mechanic.causes-fear,...#band--mutations-hideous binds mechanic.causes-fear,trait/compiler binding consumed by compiler.py + modular engine (trait registry),tests/specs/semantic/grants/editorial-mutation-sequences.yaml,,mechanic.causes-fear,T13-F049,No repair required; keep the binding/consumer evidence current.,the existing bound operator and its semantic spec keep passing.
source/catalog/campaign/mutations.yaml/campaign.mutation.scorpion-tail/unclassified,catalog/campaign/mutations.yaml,current (hash verified),YES,"The mutant has a long barbed tail with a venomed tip, allowing him to make an extra Strength 5 attack in each hand-to-hand combat phase. If the model hit by the",campaign acquisition,covered,trait.scorpion-tail,...#band--mutations-scorpion-tail binds trait.scorpion-tail,trait/compiler binding consumed by compiler.py + modular engine (trait registry),tests/specs/semantic/grants/editorial-mutation-sequences.yaml,,trait.scorpion-tail,T13-F049,No repair required; keep the binding/consumer evidence current.,the existing bound operator and its semantic spec keep passing.
source/catalog/campaign/mutations.yaml/campaign.mutation.spines/unclassified,catalog/campaign/mutations.yaml,current (hash verified),YES,Any model in base contact with the mutant suffers an automatic Strength 1 hit at the beginning of each close combat phase. Spines never cause critical hits.,campaign acquisition,covered,trait.spines,...#band--mutations-spines binds trait.spines,trait/compiler binding consumed by compiler.py + modular engine (trait registry),tests/specs/semantic/grants/editorial-mutation-sequences.yaml,,trait.spines,T13-F049,No repair required; keep the binding/consumer evidence current.,the existing bound operator and its semantic spec keep passing.
source/catalog/campaign/mutations.yaml/campaign.mutation.tentacle/unclassified,catalog/campaign/mutations.yaml,current (hash verified),YES,"One of the mutant's arms ends in a tentacle. He may grapple his opponent in close combat to reduce his attacks by -1, down to a minimum of 1; the mutant decides",campaign acquisition,covered,special-rule.band--mutations-tentacle,...#band--mutations-tentacle binds compiler contract special-rule.band--mutations-tentacle,trait/compiler binding consumed by compiler.py + modular engine (trait registry),tests/specs/semantic/grants/editorial-mutation-sequences.yaml,,special-rule.band--mutations-tentacle,T13-F049,No repair required; keep the binding/consumer evidence current.,the existing bound operator and its semantic spec keep passing.
source/catalog/hirelings/dramatis-personae/core.yaml/hireling.dramatis.aenur.item.ienh-khain.rule.critical/unclassified,catalog/hirelings/dramatis-personae/core.yaml,current (hash verified),YES,Ienh-Khain causes a critical hit on a wound roll of 5-6.,,implementation_missing,none,catalog/hirelings/dramatis-personae/core.yaml#catalog/hirelings/dramatis-personae/core.yaml/hireling.dramatis.aenur.item.ienh-khain.rule.critical carries no runtime block; combat_packages.py admits only grade-2b hireling profiles as native participants,no executable operator is connected,code inspection only,an executable operator for the printed clause of hireling.dramatis.aenur.item.ienh-khain.rule.critical,,T13-F036,Implement the admitted clause with a new or promoted operator. Target: none.,the clause has a consumed operator bound on its grant path.
source/catalog/hirelings/dramatis-personae/core.yaml/hireling.dramatis.aenur.item.ienh-khain.rule.parry/unclassified,catalog/hirelings/dramatis-personae/core.yaml,current (hash verified),YES,Ienh-Khain can parry.,,implementation_missing,none,catalog/hirelings/dramatis-personae/core.yaml#catalog/hirelings/dramatis-personae/core.yaml/hireling.dramatis.aenur.item.ienh-khain.rule.parry carries no runtime block; combat_packages.py admits only grade-2b hireling profiles as native participants,no executable operator is connected,code inspection only,an executable operator for the printed clause of hireling.dramatis.aenur.item.ienh-khain.rule.parry,,T13-F036,Implement the admitted clause with a new or promoted operator. Target: none.,the clause has a consumed operator bound on its grant path.
source/catalog/hirelings/dramatis-personae/core.yaml/hireling.dramatis.aenur.item.ienh-khain.rule.strength/unclassified,catalog/hirelings/dramatis-personae/core.yaml,current (hash verified),YES,Ienh-Khain adds +1 Strength.,,implementation_missing,none,catalog/hirelings/dramatis-personae/core.yaml#catalog/hirelings/dramatis-personae/core.yaml/hireling.dramatis.aenur.item.ienh-khain.rule.strength carries no runtime block; combat_packages.py admits only grade-2b hireling profiles as native participants,no executable operator is connected,code inspection only,an executable operator for the printed clause of hireling.dramatis.aenur.item.ienh-khain.rule.strength,,T13-F036,Implement the admitted clause with a new or promoted operator. Target: none.,the clause has a consumed operator bound on its grant path.
source/catalog/hirelings/dramatis-personae/core.yaml/hireling.dramatis.aenur.rule.invincible-swordsman/unclassified,catalog/hirelings/dramatis-personae/core.yaml,current (hash verified),YES,Aenur hits opponents on 2+ in hand-to-hand combat.,,implementation_missing,none,catalog/hirelings/dramatis-personae/core.yaml#catalog/hirelings/dramatis-personae/core.yaml/hireling.dramatis.aenur.rule.invincible-swordsman carries no runtime block; combat_packages.py admits only grade-2b hireling profiles as native participants,no executable operator is connected,code inspection only,an executable operator for the printed clause of hireling.dramatis.aenur.rule.invincible-swordsman,,T13-F036,Implement the admitted clause with a new or promoted operator. Target: none.,the clause has a consumed operator bound on its grant path.
source/catalog/hirelings/dramatis-personae/core.yaml/hireling.dramatis.johann-the-knife.rule.poisoned-weapons/unclassified,catalog/hirelings/dramatis-personae/core.yaml,current (hash verified),YES,Johann's weapons are always coated with Black Lotus.,,connection_gap,poison.black-lotus,catalog/hirelings/dramatis-personae/core.yaml#catalog/hirelings/dramatis-personae/core.yaml/hireling.dramatis.johann-the-knife.rule.poisoned-weapons carries no runtime block; combat_packages.py admits only grade-2b hireling profiles as native participants,profile combat_traits projection (combat_packages.py) + compiler,code inspection only,a profile-grant binding realizing the printed clause for hireling.dramatis.johann-the-knife.rule.poisoned-weapons,,T13-F036,Bind this record to the existing operator after an explicit equivalence review. Target: poison.black-lotus.,the record carries a runtime binding to a consumed operator and a semantic spec exercises it.
source/catalog/hirelings/dramatis-personae/core.yaml/hireling.dramatis.veskit.rule.integrated-warplock-pistols/unclassified,catalog/hirelings/dramatis-personae/core.yaml,current (hash verified),NO,Veskit's fighting claws incorporate Warplock Pistols; his listed extra Attack is already included in the profile and his claw attacks use the special Strength/s,shooting resolution,out_of_scope,none,catalog/hirelings/dramatis-personae/core.yaml#catalog/hirelings/dramatis-personae/core.yaml/hireling.dramatis.veskit.rule.integrated-warplock-pistols carries no runtime block; combat_packages.py admits only grade-2b hireling profiles as native participants,no executable operator is connected,code inspection only,,,,No duel implementation required; keep the exclusion reason current.,the exclusion stays recorded and no duel clause is hidden inside it.
source/catalog/hirelings/dramatis-personae/core.yaml/hireling.dramatis.veskit.rule.metallic-body/unclassified,catalog/hirelings/dramatis-personae/core.yaml,current (hash verified),YES,Veskit has a 3+ armour save from his mechanical body.,,connection_gap,compiler armour-save contract,catalog/hirelings/dramatis-personae/core.yaml#catalog/hirelings/dramatis-personae/core.yaml/hireling.dramatis.veskit.rule.metallic-body carries no runtime block; combat_packages.py admits only grade-2b hireling profiles as native participants,profile combat_traits projection (combat_packages.py) + compiler,code inspection only,a profile-grant binding realizing the printed clause for hireling.dramatis.veskit.rule.metallic-body,,T13-F036,Bind this record to the existing operator after an explicit equivalence review. Target: compiler armour-save contract.,the record carries a runtime binding to a consumed operator and a semantic spec exercises it.
source/catalog/hirelings/dramatis-personae/core.yaml/hireling.dramatis.veskit.rule.no-pain/unclassified,catalog/hirelings/dramatis-personae/core.yaml,current (hash verified),YES,Veskit ignores Knocked Down and Stunned injury results and remains until his last Wound is lost.,,connection_gap,skill.ignore-pain,catalog/hirelings/dramatis-personae/core.yaml#catalog/hirelings/dramatis-personae/core.yaml/hireling.dramatis.veskit.rule.no-pain carries no runtime block; combat_packages.py admits only grade-2b hireling profiles as native participants,profile combat_traits projection (combat_packages.py) + compiler,code inspection only,a profile-grant binding realizing the printed clause for hireling.dramatis.veskit.rule.no-pain,,T13-F036,Bind this record to the existing operator after an explicit equivalence review. Target: skill.ignore-pain.,the record carries a runtime binding to a consumed operator and a semantic spec exercises it.
source/catalog/hirelings/dramatis-personae/core.yaml/hireling.dramatis.veskit.rule.unfeeling/unclassified,catalog/hirelings/dramatis-personae/core.yaml,current (hash verified),YES,Veskit is immune to psychology.,,connection_gap,mechanic.psychology-immunity,catalog/hirelings/dramatis-personae/core.yaml#catalog/hirelings/dramatis-personae/core.yaml/hireling.dramatis.veskit.rule.unfeeling carries no runtime block; combat_packages.py admits only grade-2b hireling profiles as native participants,profile combat_traits projection (combat_packages.py) + compiler,code inspection only,a profile-grant binding realizing the printed clause for hireling.dramatis.veskit.rule.unfeeling,,T13-F036,Bind this record to the existing operator after an explicit equivalence review. Target: mechanic.psychology-immunity.,the record carries a runtime binding to a consumed operator and a semantic spec exercises it.
source/catalog/hirelings/dramatis-personae/grade-1a.yaml/@/profiles/0/unresolved_references/0/unclassified,catalog/hirelings/dramatis-personae/grade-1a.yaml,current (hash verified),YES,"{""kind"": ""equipment_modifier"", ""source_name"": ""garlic coating acting as Black Lotus against Vampires""}",,decision_required,none,catalog/hirelings/dramatis-personae/grade-1a.yaml#catalog/hirelings/dramatis-personae/grade-1a.yaml/@/profiles/0/unresolved_references/0 carries no runtime block; combat_packages.py admits only grade-2b hireling profiles as native participants,no executable operator is connected,code inspection only,an equipment/item-instance modifier model for the named source modifier,,T13-F036,"Record the explicit modelling decision, then implement or exclude. Target: none.",the decision is recorded in design-rulings.md and the record is reclassified.
source/catalog/hirelings/dramatis-personae/grade-1a.yaml/hireling.dramatis.countess-marianna-chevaux-vampire-assassin.rule.causes-fear/unclassified,catalog/hirelings/dramatis-personae/grade-1a.yaml,current (hash verified),YES,Causes fear.,,connection_gap,mechanic.causes-fear,catalog/hirelings/dramatis-personae/grade-1a.yaml#catalog/hirelings/dramatis-personae/grade-1a.yaml/hireling.dramatis.countess-marianna-chevaux-vampire-assassin.rule.causes-fear carries no runtime block; combat_packages.py admits only grade-2b hireling profiles as native participants,profile combat_traits projection (combat_packages.py) + compiler,code inspection only,a profile-grant binding realizing the printed clause for hireling.dramatis.countess-marianna-chevaux-vampire-assassin.rule.causes-fear,,T13-F036,Bind this record to the existing operator after an explicit equivalence review. Target: mechanic.causes-fear.,the record carries a runtime binding to a consumed operator and a semantic spec exercises it.
source/catalog/hirelings/dramatis-personae/grade-1a.yaml/hireling.dramatis.countess-marianna-chevaux-vampire-assassin.rule.fighting-undead/unclassified,catalog/hirelings/dramatis-personae/grade-1a.yaml,current (hash verified),YES,Uses the source anti-Undead rule.,,implementation_missing,none,catalog/hirelings/dramatis-personae/grade-1a.yaml#catalog/hirelings/dramatis-personae/grade-1a.yaml/hireling.dramatis.countess-marianna-chevaux-vampire-assassin.rule.fighting-undead carries no runtime block; combat_packages.py admits only grade-2b hireling profiles as native participants,no executable operator is connected,code inspection only,an executable operator for the printed clause of hireling.dramatis.countess-marianna-chevaux-vampire-assassin.rule.fighting-undead,,T13-F036,Implement the admitted clause with a new or promoted operator. Target: none.,the clause has a consumed operator bound on its grant path.
source/catalog/hirelings/dramatis-personae/grade-1a.yaml/hireling.dramatis.countess-marianna-chevaux-vampire-assassin.rule.immune-to-poison/unclassified,catalog/hirelings/dramatis-personae/grade-1a.yaml,current (hash verified),YES,Immune to poison.,,connection_gap,trait.poison-immune,catalog/hirelings/dramatis-personae/grade-1a.yaml#catalog/hirelings/dramatis-personae/grade-1a.yaml/hireling.dramatis.countess-marianna-chevaux-vampire-assassin.rule.immune-to-poison carries no runtime block; combat_packages.py admits only grade-2b hireling profiles as native participants,profile combat_traits projection (combat_packages.py) + compiler,code inspection only,a profile-grant binding realizing the printed clause for hireling.dramatis.countess-marianna-chevaux-vampire-assassin.rule.immune-to-poison,,T13-F036,Bind this record to the existing operator after an explicit equivalence review. Target: trait.poison-immune.,the record carries a runtime binding to a consumed operator and a semantic spec exercises it.
source/catalog/hirelings/dramatis-personae/grade-1a.yaml/hireling.dramatis.countess-marianna-chevaux-vampire-assassin.rule.immune-to-psychology/unclassified,catalog/hirelings/dramatis-personae/grade-1a.yaml,current (hash verified),YES,Immune to psychology.,,connection_gap,mechanic.psychology-immunity,catalog/hirelings/dramatis-personae/grade-1a.yaml#catalog/hirelings/dramatis-personae/grade-1a.yaml/hireling.dramatis.countess-marianna-chevaux-vampire-assassin.rule.immune-to-psychology carries no runtime block; combat_packages.py admits only grade-2b hireling profiles as native participants,profile combat_traits projection (combat_packages.py) + compiler,code inspection only,a profile-grant binding realizing the printed clause for hireling.dramatis.countess-marianna-chevaux-vampire-assassin.rule.immune-to-psychology,,T13-F036,Bind this record to the existing operator after an explicit equivalence review. Target: mechanic.psychology-immunity.,the record carries a runtime binding to a consumed operator and a semantic spec exercises it.
source/catalog/hirelings/dramatis-personae/grade-1a.yaml/hireling.dramatis.countess-marianna-chevaux-vampire-assassin.rule.no-pain/unclassified,catalog/hirelings/dramatis-personae/grade-1a.yaml,current (hash verified),YES,Ignores Knocked Down/Stunned per source.,,connection_gap,skill.ignore-pain,catalog/hirelings/dramatis-personae/grade-1a.yaml#catalog/hirelings/dramatis-personae/grade-1a.yaml/hireling.dramatis.countess-marianna-chevaux-vampire-assassin.rule.no-pain carries no runtime block; combat_packages.py admits only grade-2b hireling profiles as native participants,profile combat_traits projection (combat_packages.py) + compiler,code inspection only,a profile-grant binding realizing the printed clause for hireling.dramatis.countess-marianna-chevaux-vampire-assassin.rule.no-pain,,T13-F036,Bind this record to the existing operator after an explicit equivalence review. Target: skill.ignore-pain.,the record carries a runtime binding to a consumed operator and a semantic spec exercises it.
source/catalog/hirelings/dramatis-personae/grade-1a.yaml/hireling.dramatis.nicodemus-the-cursed-pilgrim.rule.wizard-s-staff/unclassified,catalog/hirelings/dramatis-personae/grade-1a.yaml,current (hash verified),YES,Uses source staff modes.,,implementation_missing,none,catalog/hirelings/dramatis-personae/grade-1a.yaml#catalog/hirelings/dramatis-personae/grade-1a.yaml/hireling.dramatis.nicodemus-the-cursed-pilgrim.rule.wizard-s-staff carries no runtime block; combat_packages.py admits only grade-2b hireling profiles as native participants,no executable operator is connected,code inspection only,an executable operator for the printed clause of hireling.dramatis.nicodemus-the-cursed-pilgrim.rule.wizard-s-staff,,T13-F036,Implement the admitted clause with a new or promoted operator. Target: none.,the clause has a consumed operator bound on its grant path.
source/catalog/hirelings/dramatis-personae/grade-1b.yaml/hireling.dramatis.abdul-alhazred-the-mad-sorcerer.rule.eye-pendant/unclassified,catalog/hirelings/dramatis-personae/grade-1b.yaml,current (hash verified),YES,Uses the source Undead Leadership restriction and 4+ Ward save.,,partial,field ward_save,catalog/hirelings/dramatis-personae/grade-1b.yaml#catalog/hirelings/dramatis-personae/grade-1b.yaml/hireling.dramatis.abdul-alhazred-the-mad-sorcerer.rule.eye-pendant carries no runtime block; combat_packages.py admits only grade-2b hireling profiles as native participants,profile combat_traits projection (combat_packages.py) + compiler,code inspection only,the 4+ Ward save operator plus the Undead Leadership restriction,,T13-F036,Implement the listed missing clause(s) and reconcile origin bindings. Target: field ward_save.,every admitted clause is realized by a consumed operator.
source/catalog/hirelings/dramatis-personae/grade-1b.yaml/hireling.dramatis.abdul-alhazred-the-mad-sorcerer.rule.psychology/unclassified,catalog/hirelings/dramatis-personae/grade-1b.yaml,current (hash verified),YES,Immune to psychology.,,connection_gap,mechanic.psychology-immunity,catalog/hirelings/dramatis-personae/grade-1b.yaml#catalog/hirelings/dramatis-personae/grade-1b.yaml/hireling.dramatis.abdul-alhazred-the-mad-sorcerer.rule.psychology carries no runtime block; combat_packages.py admits only grade-2b hireling profiles as native participants,profile combat_traits projection (combat_packages.py) + compiler,code inspection only,a profile-grant binding realizing the printed clause for hireling.dramatis.abdul-alhazred-the-mad-sorcerer.rule.psychology,,T13-F036,Bind this record to the existing operator after an explicit equivalence review. Target: mechanic.psychology-immunity.,the record carries a runtime binding to a consumed operator and a semantic spec exercises it.
source/catalog/hirelings/dramatis-personae/grade-1b.yaml/hireling.dramatis.dijin-katal-the-renegade-assassin.rule.kindred-hatred/unclassified,catalog/hirelings/dramatis-personae/grade-1b.yaml,current (hash verified),YES,Uses source hatred rule.,,connection_gap,mechanic.kindred-hatred,catalog/hirelings/dramatis-personae/grade-1b.yaml#catalog/hirelings/dramatis-personae/grade-1b.yaml/hireling.dramatis.dijin-katal-the-renegade-assassin.rule.kindred-hatred carries no runtime block; combat_packages.py admits only grade-2b hireling profiles as native participants,profile combat_traits projection (combat_packages.py) + compiler,code inspection only,a profile-grant binding realizing the printed clause for hireling.dramatis.dijin-katal-the-renegade-assassin.rule.kindred-hatred,,T13-F036,Bind this record to the existing operator after an explicit equivalence review. Target: mechanic.kindred-hatred.,the record carries a runtime binding to a consumed operator and a semantic spec exercises it.
source/catalog/hirelings/dramatis-personae/grade-1b.yaml/hireling.dramatis.dijin-katal-the-renegade-assassin.rule.perfect-killer/unclassified,catalog/hirelings/dramatis-personae/grade-1b.yaml,current (hash verified),YES,Uses source Perfect Killer rule.,,connection_gap,mechanic.killing-blow,catalog/hirelings/dramatis-personae/grade-1b.yaml#catalog/hirelings/dramatis-personae/grade-1b.yaml/hireling.dramatis.dijin-katal-the-renegade-assassin.rule.perfect-killer carries no runtime block; combat_packages.py admits only grade-2b hireling profiles as native participants,profile combat_traits projection (combat_packages.py) + compiler,code inspection only,a profile-grant binding realizing the printed clause for hireling.dramatis.dijin-katal-the-renegade-assassin.rule.perfect-killer,,T13-F036,Bind this record to the existing operator after an explicit equivalence review. Target: mechanic.killing-blow.,the record carries a runtime binding to a consumed operator and a semantic spec exercises it.
source/catalog/hirelings/dramatis-personae/grade-1b.yaml/hireling.dramatis.drenok-johansen-wielder-of-the-great-axe.rule.axe-of-icefang/unclassified,catalog/hirelings/dramatis-personae/grade-1b.yaml,current (hash verified),YES,Uses unique axe rules.,,implementation_missing,none,catalog/hirelings/dramatis-personae/grade-1b.yaml#catalog/hirelings/dramatis-personae/grade-1b.yaml/hireling.dramatis.drenok-johansen-wielder-of-the-great-axe.rule.axe-of-icefang carries no runtime block; combat_packages.py admits only grade-2b hireling profiles as native participants,no executable operator is connected,code inspection only,an executable operator for the printed clause of hireling.dramatis.drenok-johansen-wielder-of-the-great-axe.rule.axe-of-icefang,,T13-F036,Implement the admitted clause with a new or promoted operator. Target: none.,the clause has a consumed operator bound on its grant path.
source/catalog/hirelings/dramatis-personae/grade-1b.yaml/hireling.dramatis.drenok-johansen-wielder-of-the-great-axe.rule.berserker/unclassified,catalog/hirelings/dramatis-personae/grade-1b.yaml,current (hash verified),YES,Uses source Berserker rule.,,connection_gap,skill.berserker,catalog/hirelings/dramatis-personae/grade-1b.yaml#catalog/hirelings/dramatis-personae/grade-1b.yaml/hireling.dramatis.drenok-johansen-wielder-of-the-great-axe.rule.berserker carries no runtime block; combat_packages.py admits only grade-2b hireling profiles as native participants,profile combat_traits projection (combat_packages.py) + compiler,code inspection only,a profile-grant binding realizing the printed clause for hireling.dramatis.drenok-johansen-wielder-of-the-great-axe.rule.berserker,,T13-F036,Bind this record to the existing operator after an explicit equivalence review. Target: skill.berserker.,the record carries a runtime binding to a consumed operator and a semantic spec exercises it.
source/catalog/hirelings/dramatis-personae/grade-1b.yaml/hireling.dramatis.heinrich-altdorf-schmidt.rule.luck/unclassified,catalog/hirelings/dramatis-personae/grade-1b.yaml,current (hash verified),YES,Uses source luck rule.,,connection_gap,skill.luck,catalog/hirelings/dramatis-personae/grade-1b.yaml#catalog/hirelings/dramatis-personae/grade-1b.yaml/hireling.dramatis.heinrich-altdorf-schmidt.rule.luck carries no runtime block; combat_packages.py admits only grade-2b hireling profiles as native participants,profile combat_traits projection (combat_packages.py) + compiler,code inspection only,a profile-grant binding realizing the printed clause for hireling.dramatis.heinrich-altdorf-schmidt.rule.luck,,T13-F036,Bind this record to the existing operator after an explicit equivalence review. Target: skill.luck.,the record carries a runtime binding to a consumed operator and a semantic spec exercises it.
source/catalog/hirelings/dramatis-personae/grade-1b.yaml/hireling.dramatis.heinrich-altdorf-schmidt.rule.no-time-for-you/unclassified,catalog/hirelings/dramatis-personae/grade-1b.yaml,current (hash verified),YES,Uses source combat rule.,,implementation_missing,none,catalog/hirelings/dramatis-personae/grade-1b.yaml#catalog/hirelings/dramatis-personae/grade-1b.yaml/hireling.dramatis.heinrich-altdorf-schmidt.rule.no-time-for-you carries no runtime block; combat_packages.py admits only grade-2b hireling profiles as native participants,no executable operator is connected,code inspection only,an executable operator for the printed clause of hireling.dramatis.heinrich-altdorf-schmidt.rule.no-time-for-you,,T13-F036,Implement the admitted clause with a new or promoted operator. Target: none.,the clause has a consumed operator bound on its grant path.
source/catalog/hirelings/dramatis-personae/grade-1b.yaml/hireling.dramatis.heinrich-altdorf-schmidt.rule.snake-fear/unclassified,catalog/hirelings/dramatis-personae/grade-1b.yaml,current (hash verified),YES,Uses source snake-related fear rule.,,implementation_missing,none,catalog/hirelings/dramatis-personae/grade-1b.yaml#catalog/hirelings/dramatis-personae/grade-1b.yaml/hireling.dramatis.heinrich-altdorf-schmidt.rule.snake-fear carries no runtime block; combat_packages.py admits only grade-2b hireling profiles as native participants,no executable operator is connected,code inspection only,an executable operator for the printed clause of hireling.dramatis.heinrich-altdorf-schmidt.rule.snake-fear,,T13-F036,Implement the admitted clause with a new or promoted operator. Target: none.,the clause has a consumed operator bound on its grant path.
source/catalog/hirelings/dramatis-personae/grade-1b.yaml/hireling.dramatis.heinrich-altdorf-schmidt.rule.whip-master/unclassified,catalog/hirelings/dramatis-personae/grade-1b.yaml,current (hash verified),YES,Uses source whip rule.,,implementation_missing,none,catalog/hirelings/dramatis-personae/grade-1b.yaml#catalog/hirelings/dramatis-personae/grade-1b.yaml/hireling.dramatis.heinrich-altdorf-schmidt.rule.whip-master carries no runtime block; combat_packages.py admits only grade-2b hireling profiles as native participants,no executable operator is connected,code inspection only,an executable operator for the printed clause of hireling.dramatis.heinrich-altdorf-schmidt.rule.whip-master,,T13-F036,Implement the admitted clause with a new or promoted operator. Target: none.,the clause has a consumed operator bound on its grant path.
source/catalog/hirelings/dramatis-personae/grade-1b.yaml/hireling.dramatis.khar-mel-the-djinn.rule.djinn-s-luck/unclassified,catalog/hirelings/dramatis-personae/grade-1b.yaml,current (hash verified),YES,Uses source Ward save mode.,,implementation_missing,none,catalog/hirelings/dramatis-personae/grade-1b.yaml#catalog/hirelings/dramatis-personae/grade-1b.yaml/hireling.dramatis.khar-mel-the-djinn.rule.djinn-s-luck carries no runtime block; combat_packages.py admits only grade-2b hireling profiles as native participants,no executable operator is connected,code inspection only,an executable operator for the printed clause of hireling.dramatis.khar-mel-the-djinn.rule.djinn-s-luck,,T13-F036,Implement the admitted clause with a new or promoted operator. Target: none.,the clause has a consumed operator bound on its grant path.
source/catalog/hirelings/dramatis-personae/grade-1b.yaml/hireling.dramatis.khar-mel-the-djinn.rule.ethereal/unclassified,catalog/hirelings/dramatis-personae/grade-1b.yaml,current (hash verified),YES,Has a 5+ unmodifiable save except against magical weapons.,,implementation_missing,none (mechanic.ethereal-hit-save is a 4+ save),catalog/hirelings/dramatis-personae/grade-1b.yaml#catalog/hirelings/dramatis-personae/grade-1b.yaml/hireling.dramatis.khar-mel-the-djinn.rule.ethereal carries no runtime block; combat_packages.py admits only grade-2b hireling profiles as native participants,no executable operator is connected,code inspection only,a 5+ save operator that is bypassed by magical weapons,,T13-F036,Implement the admitted clause with a new or promoted operator. Target: none (mechanic.ethereal-hit-save is a 4+ save).,the clause has a consumed operator bound on its grant path.
source/catalog/hirelings/dramatis-personae/grade-1b.yaml/hireling.dramatis.khar-mel-the-djinn.rule.fear/unclassified,catalog/hirelings/dramatis-personae/grade-1b.yaml,current (hash verified),YES,Causes fear.,,connection_gap,mechanic.causes-fear,catalog/hirelings/dramatis-personae/grade-1b.yaml#catalog/hirelings/dramatis-personae/grade-1b.yaml/hireling.dramatis.khar-mel-the-djinn.rule.fear carries no runtime block; combat_packages.py admits only grade-2b hireling profiles as native participants,profile combat_traits projection (combat_packages.py) + compiler,code inspection only,a profile-grant binding realizing the printed clause for hireling.dramatis.khar-mel-the-djinn.rule.fear,,T13-F036,Bind this record to the existing operator after an explicit equivalence review. Target: mechanic.causes-fear.,the record carries a runtime binding to a consumed operator and a semantic spec exercises it.
source/catalog/hirelings/dramatis-personae/grade-1b.yaml/hireling.dramatis.maximilian-the-mad.rule.fanatical/unclassified,catalog/hirelings/dramatis-personae/grade-1b.yaml,current (hash verified),YES,Automatically passes source Leadership-based tests and hates source-listed warbands.,,connection_gap,mechanic.automatic-leadership,catalog/hirelings/dramatis-personae/grade-1b.yaml#catalog/hirelings/dramatis-personae/grade-1b.yaml/hireling.dramatis.maximilian-the-mad.rule.fanatical carries no runtime block; combat_packages.py admits only grade-2b hireling profiles as native participants,profile combat_traits projection (combat_packages.py) + compiler,code inspection only,a profile-grant binding realizing the printed clause for hireling.dramatis.maximilian-the-mad.rule.fanatical,,T13-F036,Bind this record to the existing operator after an explicit equivalence review. Target: mechanic.automatic-leadership.,the record carries a runtime binding to a consumed operator and a semantic spec exercises it.
source/catalog/hirelings/dramatis-personae/grade-1b.yaml/hireling.dramatis.maximilian-the-mad.rule.fear/unclassified,catalog/hirelings/dramatis-personae/grade-1b.yaml,current (hash verified),YES,Causes fear; nearby hiring-warband models gain source fear immunity.,,connection_gap,mechanic.causes-fear,catalog/hirelings/dramatis-personae/grade-1b.yaml#catalog/hirelings/dramatis-personae/grade-1b.yaml/hireling.dramatis.maximilian-the-mad.rule.fear carries no runtime block; combat_packages.py admits only grade-2b hireling profiles as native participants,profile combat_traits projection (combat_packages.py) + compiler,code inspection only,a profile-grant binding realizing the printed clause for hireling.dramatis.maximilian-the-mad.rule.fear,,T13-F036,Bind this record to the existing operator after an explicit equivalence review. Target: mechanic.causes-fear.,the record carries a runtime binding to a consumed operator and a semantic spec exercises it.
source/catalog/hirelings/dramatis-personae/grade-1b.yaml/hireling.dramatis.maximilian-the-mad.rule.religious-fervour/unclassified,catalog/hirelings/dramatis-personae/grade-1b.yaml,current (hash verified),YES,Subject to Frenzy and source movement compulsion.,movement compulsion,partial,trait.frenzy,catalog/hirelings/dramatis-personae/grade-1b.yaml#catalog/hirelings/dramatis-personae/grade-1b.yaml/hireling.dramatis.maximilian-the-mad.rule.religious-fervour carries no runtime block; combat_packages.py admits only grade-2b hireling profiles as native participants,profile combat_traits projection (combat_packages.py) + compiler,code inspection only,the printed movement compulsion,,T13-F036,Implement the listed missing clause(s) and reconcile origin bindings. Target: trait.frenzy.,every admitted clause is realized by a consumed operator.
source/catalog/hirelings/dramatis-personae/grade-1b.yaml/hireling.dramatis.maximilian-the-mad.rule.strongman/unclassified,catalog/hirelings/dramatis-personae/grade-1b.yaml,current (hash verified),YES,Uses Strongman-equivalent rule.,,connection_gap,skill.strongman,catalog/hirelings/dramatis-personae/grade-1b.yaml#catalog/hirelings/dramatis-personae/grade-1b.yaml/hireling.dramatis.maximilian-the-mad.rule.strongman carries no runtime block; combat_packages.py admits only grade-2b hireling profiles as native participants,profile combat_traits projection (combat_packages.py) + compiler,code inspection only,a profile-grant binding realizing the printed clause for hireling.dramatis.maximilian-the-mad.rule.strongman,,T13-F036,Bind this record to the existing operator after an explicit equivalence review. Target: skill.strongman.,the record carries a runtime binding to a consumed operator and a semantic spec exercises it.
source/catalog/hirelings/dramatis-personae/grade-1b.yaml/hireling.dramatis.penthesilea-mark-of-the-serpent.rule.man-hater/unclassified,catalog/hirelings/dramatis-personae/grade-1b.yaml,current (hash verified),YES,Uses source man-hater rule.,,connection_gap,mechanic.hatred-human-warband,catalog/hirelings/dramatis-personae/grade-1b.yaml#catalog/hirelings/dramatis-personae/grade-1b.yaml/hireling.dramatis.penthesilea-mark-of-the-serpent.rule.man-hater carries no runtime block; combat_packages.py admits only grade-2b hireling profiles as native participants,profile combat_traits projection (combat_packages.py) + compiler,code inspection only,a profile-grant binding realizing the printed clause for hireling.dramatis.penthesilea-mark-of-the-serpent.rule.man-hater,,T13-F036,Bind this record to the existing operator after an explicit equivalence review. Target: mechanic.hatred-human-warband.,the record carries a runtime binding to a consumed operator and a semantic spec exercises it.
source/catalog/hirelings/dramatis-personae/grade-1b.yaml/hireling.dramatis.penthesilea-mark-of-the-serpent.rule.mark-of-the-serpent/unclassified,catalog/hirelings/dramatis-personae/grade-1b.yaml,current (hash verified),YES,Applies source +1 Movement/Initiative treatment.,,implementation_missing,none,catalog/hirelings/dramatis-personae/grade-1b.yaml#catalog/hirelings/dramatis-personae/grade-1b.yaml/hireling.dramatis.penthesilea-mark-of-the-serpent.rule.mark-of-the-serpent carries no runtime block; combat_packages.py admits only grade-2b hireling profiles as native participants,no executable operator is connected,code inspection only,an executable operator for the printed clause of hireling.dramatis.penthesilea-mark-of-the-serpent.rule.mark-of-the-serpent,,T13-F036,Implement the admitted clause with a new or promoted operator. Target: none.,the clause has a consumed operator bound on its grant path.
source/catalog/hirelings/dramatis-personae/grade-1c.yaml/hireling.dramatis.belandysh-condemned-champion-of-chen.rule.immune-to-psychology/unclassified,catalog/hirelings/dramatis-personae/grade-1c.yaml,current (hash verified),YES,Immune to psychology and automatically passes Leadership tests.,,connection_gap,mechanic.psychology-immunity,catalog/hirelings/dramatis-personae/grade-1c.yaml#catalog/hirelings/dramatis-personae/grade-1c.yaml/hireling.dramatis.belandysh-condemned-champion-of-chen.rule.immune-to-psychology carries no runtime block; combat_packages.py admits only grade-2b hireling profiles as native participants,profile combat_traits projection (combat_packages.py) + compiler,code inspection only,a profile-grant binding realizing the printed clause for hireling.dramatis.belandysh-condemned-champion-of-chen.rule.immune-to-psychology,,T13-F036,Bind this record to the existing operator after an explicit equivalence review. Target: mechanic.psychology-immunity.,the record carries a runtime binding to a consumed operator and a semantic spec exercises it.
source/catalog/hirelings/dramatis-personae/grade-1c.yaml/hireling.dramatis.belandysh-condemned-champion-of-chen.rule.inconsistency/unclassified,catalog/hirelings/dramatis-personae/grade-1c.yaml,current (hash verified),NO,Variable characteristics are rerolled when required by source.,post-battle sequence / random-characteristic reroll,out_of_scope,none,catalog/hirelings/dramatis-personae/grade-1c.yaml#catalog/hirelings/dramatis-personae/grade-1c.yaml/hireling.dramatis.belandysh-condemned-champion-of-chen.rule.inconsistency carries no runtime block; combat_packages.py admits only grade-2b hireling profiles as native participants,no executable operator is connected,code inspection only,,,,No duel implementation required; keep the exclusion reason current.,the exclusion stays recorded and no duel clause is hidden inside it.
source/catalog/hirelings/dramatis-personae/grade-1c.yaml/hireling.dramatis.belandysh-condemned-champion-of-chen.rule.regeneration/unclassified,catalog/hirelings/dramatis-personae/grade-1c.yaml,current (hash verified),YES,Regenerates wounds on source 4+ except fire/fire magic.,,connection_gap,skill.regeneration,catalog/hirelings/dramatis-personae/grade-1c.yaml#catalog/hirelings/dramatis-personae/grade-1c.yaml/hireling.dramatis.belandysh-condemned-champion-of-chen.rule.regeneration carries no runtime block; combat_packages.py admits only grade-2b hireling profiles as native participants,profile combat_traits projection (combat_packages.py) + compiler,code inspection only,a profile-grant binding realizing the printed clause for hireling.dramatis.belandysh-condemned-champion-of-chen.rule.regeneration,,T13-F036,Bind this record to the existing operator after an explicit equivalence review. Target: skill.regeneration.,the record carries a runtime binding to a consumed operator and a semantic spec exercises it.
source/catalog/hirelings/dramatis-personae/grade-1c.yaml/hireling.dramatis.grand-master-ippan-shu.rule.bare-handed/unclassified,catalog/hirelings/dramatis-personae/grade-1c.yaml,current (hash verified),YES,Uses source unarmed martial-arts rules.,,connection_gap,skill.unarmed-fighting,catalog/hirelings/dramatis-personae/grade-1c.yaml#catalog/hirelings/dramatis-personae/grade-1c.yaml/hireling.dramatis.grand-master-ippan-shu.rule.bare-handed carries no runtime block; combat_packages.py admits only grade-2b hireling profiles as native participants,profile combat_traits projection (combat_packages.py) + compiler,code inspection only,a profile-grant binding realizing the printed clause for hireling.dramatis.grand-master-ippan-shu.rule.bare-handed,,T13-F036,Bind this record to the existing operator after an explicit equivalence review. Target: skill.unarmed-fighting.,the record carries a runtime binding to a consumed operator and a semantic spec exercises it.
source/catalog/hirelings/dramatis-personae/grade-1c.yaml/hireling.dramatis.grand-master-ippan-shu.rule.immune-to-psychology/unclassified,catalog/hirelings/dramatis-personae/grade-1c.yaml,current (hash verified),YES,Immune to psychology.,,connection_gap,mechanic.psychology-immunity,catalog/hirelings/dramatis-personae/grade-1c.yaml#catalog/hirelings/dramatis-personae/grade-1c.yaml/hireling.dramatis.grand-master-ippan-shu.rule.immune-to-psychology carries no runtime block; combat_packages.py admits only grade-2b hireling profiles as native participants,profile combat_traits projection (combat_packages.py) + compiler,code inspection only,a profile-grant binding realizing the printed clause for hireling.dramatis.grand-master-ippan-shu.rule.immune-to-psychology,,T13-F036,Bind this record to the existing operator after an explicit equivalence review. Target: mechanic.psychology-immunity.,the record carries a runtime binding to a consumed operator and a semantic spec exercises it.
source/catalog/hirelings/dramatis-personae/grade-1c.yaml/hireling.dramatis.grand-master-ippan-shu.rule.iron-fan/unclassified,catalog/hirelings/dramatis-personae/grade-1c.yaml,current (hash verified),YES,Uses unique Iron Fan rules.,,implementation_missing,none,catalog/hirelings/dramatis-personae/grade-1c.yaml#catalog/hirelings/dramatis-personae/grade-1c.yaml/hireling.dramatis.grand-master-ippan-shu.rule.iron-fan carries no runtime block; combat_packages.py admits only grade-2b hireling profiles as native participants,no executable operator is connected,code inspection only,an executable operator for the printed clause of hireling.dramatis.grand-master-ippan-shu.rule.iron-fan,,T13-F036,Implement the admitted clause with a new or promoted operator. Target: none.,the clause has a consumed operator bound on its grant path.
source/catalog/hirelings/dramatis-personae/grade-2a.yaml/@/profiles/4/unresolved_references/0/unclassified,catalog/hirelings/dramatis-personae/grade-2a.yaml,current (hash verified),YES,"{""kind"": ""item_instance_modifier"", ""source_name"": ""Master Craftsman weapon modifications""}",,decision_required,none,catalog/hirelings/dramatis-personae/grade-2a.yaml#catalog/hirelings/dramatis-personae/grade-2a.yaml/@/profiles/4/unresolved_references/0 carries no runtime block; combat_packages.py admits only grade-2b hireling profiles as native participants,no executable operator is connected,code inspection only,an equipment/item-instance modifier model for the named source modifier,,T13-F036,"Record the explicit modelling decision, then implement or exclude. Target: none.",the decision is recorded in design-rulings.md and the record is reclassified.
source/catalog/hirelings/dramatis-personae/grade-2a.yaml/hireling.dramatis.aksho-akhash-the-vile-dreadwing-lord-of-the-carrion-throne.rule.coward-king/unclassified,catalog/hirelings/dramatis-personae/grade-2a.yaml,current (hash verified),YES,Not immune to psychology/fear despite causing fear.,,implementation_missing,none,catalog/hirelings/dramatis-personae/grade-2a.yaml#catalog/hirelings/dramatis-personae/grade-2a.yaml/hireling.dramatis.aksho-akhash-the-vile-dreadwing-lord-of-the-carrion-throne.rule.coward-king carries no runtime block; combat_packages.py admits only grade-2b hireling profiles as native participants,no executable operator is connected,code inspection only,an executable operator for the printed clause of hireling.dramatis.aksho-akhash-the-vile-dreadwing-lord-of-the-carrion-throne.rule.coward-king,,T13-F036,Implement the admitted clause with a new or promoted operator. Target: none.,the clause has a consumed operator bound on its grant path.
source/catalog/hirelings/dramatis-personae/grade-2a.yaml/hireling.dramatis.aksho-akhash-the-vile-dreadwing-lord-of-the-carrion-throne.rule.daemonic-flesh/unclassified,catalog/hirelings/dramatis-personae/grade-2a.yaml,current (hash verified),YES,Has source 5+ daemonic save and magical attacks.,,implementation_missing,none (mechanic.bestial is a 6+ ward; mechanic.magical-void is magic-only),catalog/hirelings/dramatis-personae/grade-2a.yaml#catalog/hirelings/dramatis-personae/grade-2a.yaml/hireling.dramatis.aksho-akhash-the-vile-dreadwing-lord-of-the-carrion-throne.rule.daemonic-flesh carries no runtime block; combat_packages.py admits only grade-2b hireling profiles as native participants,no executable operator is connected,code inspection only,a 5+ unmodifiable daemonic save operator,,T13-F036,Implement the admitted clause with a new or promoted operator. Target: none (mechanic.bestial is a 6+ ward; mechanic.magical-void is magic-only).,the clause has a consumed operator bound on its grant path.
source/catalog/hirelings/dramatis-personae/grade-2a.yaml/hireling.dramatis.aksho-akhash-the-vile-dreadwing-lord-of-the-carrion-throne.rule.fear/unclassified,catalog/hirelings/dramatis-personae/grade-2a.yaml,current (hash verified),YES,Causes fear.,,connection_gap,mechanic.causes-fear,catalog/hirelings/dramatis-personae/grade-2a.yaml#catalog/hirelings/dramatis-personae/grade-2a.yaml/hireling.dramatis.aksho-akhash-the-vile-dreadwing-lord-of-the-carrion-throne.rule.fear carries no runtime block; combat_packages.py admits only grade-2b hireling profiles as native participants,profile combat_traits projection (combat_packages.py) + compiler,code inspection only,a profile-grant binding realizing the printed clause for hireling.dramatis.aksho-akhash-the-vile-dreadwing-lord-of-the-carrion-throne.rule.fear,,T13-F036,Bind this record to the existing operator after an explicit equivalence review. Target: mechanic.causes-fear.,the record carries a runtime binding to a consumed operator and a semantic spec exercises it.
source/catalog/hirelings/dramatis-personae/grade-2a.yaml/hireling.dramatis.busty-gwen.rule.massively-built/unclassified,catalog/hirelings/dramatis-personae/grade-2a.yaml,current (hash verified),YES,Uses source leadership-distraction rule against eligible targets.,,implementation_missing,none,catalog/hirelings/dramatis-personae/grade-2a.yaml#catalog/hirelings/dramatis-personae/grade-2a.yaml/hireling.dramatis.busty-gwen.rule.massively-built carries no runtime block; combat_packages.py admits only grade-2b hireling profiles as native participants,no executable operator is connected,code inspection only,an executable operator for the printed clause of hireling.dramatis.busty-gwen.rule.massively-built,,T13-F036,Implement the admitted clause with a new or promoted operator. Target: none.,the clause has a consumed operator bound on its grant path.
source/catalog/hirelings/dramatis-personae/grade-2a.yaml/hireling.dramatis.sigmund-spindle-the-harvester-of-flesh.rule.causes-fear/unclassified,catalog/hirelings/dramatis-personae/grade-2a.yaml,current (hash verified),YES,Causes fear.,,connection_gap,mechanic.causes-fear,catalog/hirelings/dramatis-personae/grade-2a.yaml#catalog/hirelings/dramatis-personae/grade-2a.yaml/hireling.dramatis.sigmund-spindle-the-harvester-of-flesh.rule.causes-fear carries no runtime block; combat_packages.py admits only grade-2b hireling profiles as native participants,profile combat_traits projection (combat_packages.py) + compiler,code inspection only,a profile-grant binding realizing the printed clause for hireling.dramatis.sigmund-spindle-the-harvester-of-flesh.rule.causes-fear,,T13-F036,Bind this record to the existing operator after an explicit equivalence review. Target: mechanic.causes-fear.,the record carries a runtime binding to a consumed operator and a semantic spec exercises it.
source/catalog/hirelings/dramatis-personae/grade-2a.yaml/hireling.dramatis.sigmund-spindle-the-harvester-of-flesh.rule.immune-to-poison/unclassified,catalog/hirelings/dramatis-personae/grade-2a.yaml,current (hash verified),YES,Immune to poison.,,connection_gap,trait.poison-immune,catalog/hirelings/dramatis-personae/grade-2a.yaml#catalog/hirelings/dramatis-personae/grade-2a.yaml/hireling.dramatis.sigmund-spindle-the-harvester-of-flesh.rule.immune-to-poison carries no runtime block; combat_packages.py admits only grade-2b hireling profiles as native participants,profile combat_traits projection (combat_packages.py) + compiler,code inspection only,a profile-grant binding realizing the printed clause for hireling.dramatis.sigmund-spindle-the-harvester-of-flesh.rule.immune-to-poison,,T13-F036,Bind this record to the existing operator after an explicit equivalence review. Target: trait.poison-immune.,the record carries a runtime binding to a consumed operator and a semantic spec exercises it.
source/catalog/hirelings/dramatis-personae/grade-2a.yaml/hireling.dramatis.sigmund-spindle-the-harvester-of-flesh.rule.maddened/unclassified,catalog/hirelings/dramatis-personae/grade-2a.yaml,current (hash verified),YES,Subject to Frenzy.,,connection_gap,trait.frenzy,catalog/hirelings/dramatis-personae/grade-2a.yaml#catalog/hirelings/dramatis-personae/grade-2a.yaml/hireling.dramatis.sigmund-spindle-the-harvester-of-flesh.rule.maddened carries no runtime block; combat_packages.py admits only grade-2b hireling profiles as native participants,profile combat_traits projection (combat_packages.py) + compiler,code inspection only,a profile-grant binding realizing the printed clause for hireling.dramatis.sigmund-spindle-the-harvester-of-flesh.rule.maddened,,T13-F036,Bind this record to the existing operator after an explicit equivalence review. Target: trait.frenzy.,the record carries a runtime binding to a consumed operator and a semantic spec exercises it.
source/catalog/hirelings/dramatis-personae/grade-2a.yaml/hireling.dramatis.sigmund-spindle-the-harvester-of-flesh.rule.no-pain/unclassified,catalog/hirelings/dramatis-personae/grade-2a.yaml,current (hash verified),YES,Ignores Knocked Down and Stunned until last Wound is lost.,,connection_gap,skill.ignore-pain,catalog/hirelings/dramatis-personae/grade-2a.yaml#catalog/hirelings/dramatis-personae/grade-2a.yaml/hireling.dramatis.sigmund-spindle-the-harvester-of-flesh.rule.no-pain carries no runtime block; combat_packages.py admits only grade-2b hireling profiles as native participants,profile combat_traits projection (combat_packages.py) + compiler,code inspection only,a profile-grant binding realizing the printed clause for hireling.dramatis.sigmund-spindle-the-harvester-of-flesh.rule.no-pain,,T13-F036,Bind this record to the existing operator after an explicit equivalence review. Target: skill.ignore-pain.,the record carries a runtime binding to a consumed operator and a semantic spec exercises it.
source/catalog/hirelings/dramatis-personae/grade-2a.yaml/hireling.dramatis.the-dark-jester-in-mordheim.rule.babbling-banter/unclassified,catalog/hirelings/dramatis-personae/grade-2a.yaml,current (hash verified),YES,Applies source to-hit modifiers.,,implementation_missing,none,catalog/hirelings/dramatis-personae/grade-2a.yaml#catalog/hirelings/dramatis-personae/grade-2a.yaml/hireling.dramatis.the-dark-jester-in-mordheim.rule.babbling-banter carries no runtime block; combat_packages.py admits only grade-2b hireling profiles as native participants,no executable operator is connected,code inspection only,an executable operator for the printed clause of hireling.dramatis.the-dark-jester-in-mordheim.rule.babbling-banter,,T13-F036,Implement the admitted clause with a new or promoted operator. Target: none.,the clause has a consumed operator bound on its grant path.
source/catalog/hirelings/dramatis-personae/grade-2a.yaml/hireling.dramatis.the-dark-jester-in-mordheim.rule.confound-and-confuse/unclassified,catalog/hirelings/dramatis-personae/grade-2a.yaml,current (hash verified),YES,Chooses a source combat trick each combat turn.,,implementation_missing,none,catalog/hirelings/dramatis-personae/grade-2a.yaml#catalog/hirelings/dramatis-personae/grade-2a.yaml/hireling.dramatis.the-dark-jester-in-mordheim.rule.confound-and-confuse carries no runtime block; combat_packages.py admits only grade-2b hireling profiles as native participants,no executable operator is connected,code inspection only,an executable operator for the printed clause of hireling.dramatis.the-dark-jester-in-mordheim.rule.confound-and-confuse,,T13-F036,Implement the admitted clause with a new or promoted operator. Target: none.,the clause has a consumed operator bound on its grant path.
source/catalog/hirelings/dramatis-personae/grade-2a.yaml/hireling.dramatis.the-dark-jester-in-mordheim.rule.sidestepper/unclassified,catalog/hirelings/dramatis-personae/grade-2a.yaml,current (hash verified),YES,May use the source 4+ special dodge.,,connection_gap,skill.step-aside,catalog/hirelings/dramatis-personae/grade-2a.yaml#catalog/hirelings/dramatis-personae/grade-2a.yaml/hireling.dramatis.the-dark-jester-in-mordheim.rule.sidestepper carries no runtime block; combat_packages.py admits only grade-2b hireling profiles as native participants,profile combat_traits projection (combat_packages.py) + compiler,code inspection only,a profile-grant binding realizing the printed clause for hireling.dramatis.the-dark-jester-in-mordheim.rule.sidestepper,,T13-F036,Bind this record to the existing operator after an explicit equivalence review. Target: skill.step-aside.,the record carries a runtime binding to a consumed operator and a semantic spec exercises it.
source/catalog/hirelings/dramatis-personae/grade-2a.yaml/hireling.dramatis.the-dark-jester-in-mordheim.rule.trip/unclassified,catalog/hirelings/dramatis-personae/grade-2a.yaml,current (hash verified),YES,May replace a wound attempt with a source 2+ trip.,,implementation_missing,none,catalog/hirelings/dramatis-personae/grade-2a.yaml#catalog/hirelings/dramatis-personae/grade-2a.yaml/hireling.dramatis.the-dark-jester-in-mordheim.rule.trip carries no runtime block; combat_packages.py admits only grade-2b hireling profiles as native participants,no executable operator is connected,code inspection only,an executable operator for the printed clause of hireling.dramatis.the-dark-jester-in-mordheim.rule.trip,,T13-F036,Implement the admitted clause with a new or promoted operator. Target: none.,the clause has a consumed operator bound on its grant path.
source/catalog/hirelings/dramatis-personae/grade-2a.yaml/hireling.dramatis.the-foole.rule.master-craftsman/unclassified,catalog/hirelings/dramatis-personae/grade-2a.yaml,current (hash verified),NO,May attempt a source random weapon improvement after battle.,post-battle sequence / random-characteristic reroll,out_of_scope,none,catalog/hirelings/dramatis-personae/grade-2a.yaml#catalog/hirelings/dramatis-personae/grade-2a.yaml/hireling.dramatis.the-foole.rule.master-craftsman carries no runtime block; combat_packages.py admits only grade-2b hireling profiles as native participants,no executable operator is connected,code inspection only,,,,No duel implementation required; keep the exclusion reason current.,the exclusion stays recorded and no duel clause is hidden inside it.
source/catalog/hirelings/dramatis-personae/grade-2a.yaml/hireling.dramatis.the-foole.rule.poison-ring/unclassified,catalog/hirelings/dramatis-personae/grade-2a.yaml,current (hash verified),YES,Once per battle may use source Giggle Juice attack.,,implementation_missing,none,catalog/hirelings/dramatis-personae/grade-2a.yaml#catalog/hirelings/dramatis-personae/grade-2a.yaml/hireling.dramatis.the-foole.rule.poison-ring carries no runtime block; combat_packages.py admits only grade-2b hireling profiles as native participants,no executable operator is connected,code inspection only,an executable operator for the printed clause of hireling.dramatis.the-foole.rule.poison-ring,,T13-F036,Implement the admitted clause with a new or promoted operator. Target: none.,the clause has a consumed operator bound on its grant path.
source/catalog/hirelings/dramatis-personae/grade-2a.yaml/hireling.dramatis.the-foole.rule.unhinged/unclassified,catalog/hirelings/dramatis-personae/grade-2a.yaml,current (hash verified),YES,Immune to psychology and All Alone.,All Alone group test,partial,mechanic.psychology-immunity,catalog/hirelings/dramatis-personae/grade-2a.yaml#catalog/hirelings/dramatis-personae/grade-2a.yaml/hireling.dramatis.the-foole.rule.unhinged carries no runtime block; combat_packages.py admits only grade-2b hireling profiles as native participants,profile combat_traits projection (combat_packages.py) + compiler,code inspection only,the All Alone half,,T13-F036,Implement the listed missing clause(s) and reconcile origin bindings. Target: mechanic.psychology-immunity.,every admitted clause is realized by a consumed operator.
source/catalog/hirelings/dramatis-personae/grade-2a.yaml/hireling.dramatis.the-headless-horseman.rule.causes-fear/unclassified,catalog/hirelings/dramatis-personae/grade-2a.yaml,current (hash verified),YES,Causes fear.,,connection_gap,mechanic.causes-fear,catalog/hirelings/dramatis-personae/grade-2a.yaml#catalog/hirelings/dramatis-personae/grade-2a.yaml/hireling.dramatis.the-headless-horseman.rule.causes-fear carries no runtime block; combat_packages.py admits only grade-2b hireling profiles as native participants,profile combat_traits projection (combat_packages.py) + compiler,code inspection only,a profile-grant binding realizing the printed clause for hireling.dramatis.the-headless-horseman.rule.causes-fear,,T13-F036,Bind this record to the existing operator after an explicit equivalence review. Target: mechanic.causes-fear.,the record carries a runtime binding to a consumed operator and a semantic spec exercises it.
source/catalog/hirelings/dramatis-personae/grade-2a.yaml/hireling.dramatis.the-headless-horseman.rule.head-hewer/unclassified,catalog/hirelings/dramatis-personae/grade-2a.yaml,current (hash verified),YES,Source charge attacks with unique axe modify injury/critical results.,,implementation_missing,none,catalog/hirelings/dramatis-personae/grade-2a.yaml#catalog/hirelings/dramatis-personae/grade-2a.yaml/hireling.dramatis.the-headless-horseman.rule.head-hewer carries no runtime block; combat_packages.py admits only grade-2b hireling profiles as native participants,no executable operator is connected,code inspection only,an executable operator for the printed clause of hireling.dramatis.the-headless-horseman.rule.head-hewer,,T13-F036,Implement the admitted clause with a new or promoted operator. Target: none.,the clause has a consumed operator bound on its grant path.
source/catalog/hirelings/dramatis-personae/grade-2a.yaml/hireling.dramatis.the-headless-horseman.rule.immune-to-poison/unclassified,catalog/hirelings/dramatis-personae/grade-2a.yaml,current (hash verified),YES,Horseman and steed are immune to poison.,,connection_gap,trait.poison-immune,catalog/hirelings/dramatis-personae/grade-2a.yaml#catalog/hirelings/dramatis-personae/grade-2a.yaml/hireling.dramatis.the-headless-horseman.rule.immune-to-poison carries no runtime block; combat_packages.py admits only grade-2b hireling profiles as native participants,profile combat_traits projection (combat_packages.py) + compiler,code inspection only,a profile-grant binding realizing the printed clause for hireling.dramatis.the-headless-horseman.rule.immune-to-poison,,T13-F036,Bind this record to the existing operator after an explicit equivalence review. Target: trait.poison-immune.,the record carries a runtime binding to a consumed operator and a semantic spec exercises it.
source/catalog/hirelings/dramatis-personae/grade-2a.yaml/hireling.dramatis.the-headless-horseman.rule.immune-to-psychology/unclassified,catalog/hirelings/dramatis-personae/grade-2a.yaml,current (hash verified),YES,Horseman and steed are immune to psychology.,,connection_gap,mechanic.psychology-immunity,catalog/hirelings/dramatis-personae/grade-2a.yaml#catalog/hirelings/dramatis-personae/grade-2a.yaml/hireling.dramatis.the-headless-horseman.rule.immune-to-psychology carries no runtime block; combat_packages.py admits only grade-2b hireling profiles as native participants,profile combat_traits projection (combat_packages.py) + compiler,code inspection only,a profile-grant binding realizing the printed clause for hireling.dramatis.the-headless-horseman.rule.immune-to-psychology,,T13-F036,Bind this record to the existing operator after an explicit equivalence review. Target: mechanic.psychology-immunity.,the record carries a runtime binding to a consumed operator and a semantic spec exercises it.
source/catalog/hirelings/dramatis-personae/grade-2a.yaml/hireling.dramatis.the-headless-horseman.rule.undead/unclassified,catalog/hirelings/dramatis-personae/grade-2a.yaml,current (hash verified),YES,Horseman and steed count as Undead.,,connection_gap,mechanic.undead,catalog/hirelings/dramatis-personae/grade-2a.yaml#catalog/hirelings/dramatis-personae/grade-2a.yaml/hireling.dramatis.the-headless-horseman.rule.undead carries no runtime block; combat_packages.py admits only grade-2b hireling profiles as native participants,profile combat_traits projection (combat_packages.py) + compiler,code inspection only,a profile-grant binding realizing the printed clause for hireling.dramatis.the-headless-horseman.rule.undead,,T13-F036,Bind this record to the existing operator after an explicit equivalence review. Target: mechanic.undead.,the record carries a runtime binding to a consumed operator and a semantic spec exercises it.
source/catalog/hirelings/hired-swords/core.yaml/hireling.hired-sword.dwarf-troll-slayer.rule.deathwish/unclassified,catalog/hirelings/hired-swords/core.yaml,current (hash verified),YES,The Troll Slayer is immune to psychology and does not test for fighting alone.,All Alone group test,partial,mechanic.psychology-immunity,catalog/hirelings/hired-swords/core.yaml#catalog/hirelings/hired-swords/core.yaml/hireling.hired-sword.dwarf-troll-slayer.rule.deathwish carries no runtime block; combat_packages.py admits only grade-2b hireling profiles as native participants,profile combat_traits projection (combat_packages.py) + compiler,code inspection only,the never-test-All-Alone producer (group psychology is excluded),,T13-F036,Implement the listed missing clause(s) and reconcile origin bindings. Target: mechanic.psychology-immunity.,every admitted clause is realized by a consumed operator.
source/catalog/hirelings/hired-swords/core.yaml/hireling.hired-sword.dwarf-troll-slayer.rule.hard-head/unclassified,catalog/hirelings/hired-swords/core.yaml,current (hash verified),YES,The Troll Slayer ignores the special concussion-style rules of maces and clubs.,,connection_gap,trait.concussion-immune,catalog/hirelings/hired-swords/core.yaml#catalog/hirelings/hired-swords/core.yaml/hireling.hired-sword.dwarf-troll-slayer.rule.hard-head carries no runtime block; combat_packages.py admits only grade-2b hireling profiles as native participants,profile combat_traits projection (combat_packages.py) + compiler,code inspection only,a profile-grant binding realizing the printed clause for hireling.hired-sword.dwarf-troll-slayer.rule.hard-head,,T13-F036,Bind this record to the existing operator after an explicit equivalence review. Target: trait.concussion-immune.,the record carries a runtime binding to a consumed operator and a semantic spec exercises it.
source/catalog/hirelings/hired-swords/core.yaml/hireling.hired-sword.dwarf-troll-slayer.rule.hard-to-kill/unclassified,catalog/hirelings/hired-swords/core.yaml,current (hash verified),YES,On the Injury chart the Troll Slayer is taken Out of Action only on a 6; a 5 is Stunned.,,connection_gap,skill.hard-to-kill,catalog/hirelings/hired-swords/core.yaml#catalog/hirelings/hired-swords/core.yaml/hireling.hired-sword.dwarf-troll-slayer.rule.hard-to-kill carries no runtime block; combat_packages.py admits only grade-2b hireling profiles as native participants,profile combat_traits projection (combat_packages.py) + compiler,code inspection only,a profile-grant binding realizing the printed clause for hireling.hired-sword.dwarf-troll-slayer.rule.hard-to-kill,,T13-F036,Bind this record to the existing operator after an explicit equivalence review. Target: skill.hard-to-kill.,the record carries a runtime binding to a consumed operator and a semantic spec exercises it.
source/catalog/hirelings/hired-swords/core.yaml/hireling.hired-sword.dwarf-troll-slayer.skill.berserker/unclassified,catalog/hirelings/hired-swords/core.yaml,current (hash verified),YES,The Slayer gains +1 To Hit during the turn he charges.,,connection_gap,skill.berserker,catalog/hirelings/hired-swords/core.yaml#catalog/hirelings/hired-swords/core.yaml/hireling.hired-sword.dwarf-troll-slayer.skill.berserker carries no runtime block; combat_packages.py admits only grade-2b hireling profiles as native participants,profile combat_traits projection (combat_packages.py) + compiler,code inspection only,a profile-grant binding realizing the printed clause for hireling.hired-sword.dwarf-troll-slayer.skill.berserker,,T13-F036,Bind this record to the existing operator after an explicit equivalence review. Target: skill.berserker.,the record carries a runtime binding to a consumed operator and a semantic spec exercises it.
source/catalog/hirelings/hired-swords/core.yaml/hireling.hired-sword.dwarf-troll-slayer.skill.ferocious-charge/unclassified,catalog/hirelings/hired-swords/core.yaml,current (hash verified),YES,On a charge the Slayer may double his Attacks and suffers -1 To Hit that turn.,,connection_gap,skill.ferocious-charge,catalog/hirelings/hired-swords/core.yaml#catalog/hirelings/hired-swords/core.yaml/hireling.hired-sword.dwarf-troll-slayer.skill.ferocious-charge carries no runtime block; combat_packages.py admits only grade-2b hireling profiles as native participants,profile combat_traits projection (combat_packages.py) + compiler,code inspection only,a profile-grant binding realizing the printed clause for hireling.hired-sword.dwarf-troll-slayer.skill.ferocious-charge,,T13-F036,Bind this record to the existing operator after an explicit equivalence review. Target: skill.ferocious-charge.,the record carries a runtime binding to a consumed operator and a semantic spec exercises it.
source/catalog/hirelings/hired-swords/core.yaml/hireling.hired-sword.dwarf-troll-slayer.skill.monster-slayer/unclassified,catalog/hirelings/hired-swords/core.yaml,current (hash verified),YES,The Slayer wounds on 4+ regardless of Toughness unless his modified Strength would require a lower roll.,,connection_gap,skill.monster-slayer,catalog/hirelings/hired-swords/core.yaml#catalog/hirelings/hired-swords/core.yaml/hireling.hired-sword.dwarf-troll-slayer.skill.monster-slayer carries no runtime block; combat_packages.py admits only grade-2b hireling profiles as native participants,profile combat_traits projection (combat_packages.py) + compiler,code inspection only,a profile-grant binding realizing the printed clause for hireling.hired-sword.dwarf-troll-slayer.skill.monster-slayer,,T13-F036,Bind this record to the existing operator after an explicit equivalence review. Target: skill.monster-slayer.,the record carries a runtime binding to a consumed operator and a semantic spec exercises it.
source/catalog/hirelings/hired-swords/core.yaml/hireling.hired-sword.elf-ranger.skill.luck/unclassified,catalog/hirelings/hired-swords/core.yaml,current (hash verified),YES,Once per game the Elf Ranger may reroll one of his own dice rolls.,,connection_gap,skill.luck,catalog/hirelings/hired-swords/core.yaml#catalog/hirelings/hired-swords/core.yaml/hireling.hired-sword.elf-ranger.skill.luck carries no runtime block; combat_packages.py admits only grade-2b hireling profiles as native participants,profile combat_traits projection (combat_packages.py) + compiler,code inspection only,a profile-grant binding realizing the printed clause for hireling.hired-sword.elf-ranger.skill.luck,,T13-F036,Bind this record to the existing operator after an explicit equivalence review. Target: skill.luck.,the record carries a runtime binding to a consumed operator and a semantic spec exercises it.
source/catalog/hirelings/hired-swords/core.yaml/hireling.hired-sword.ogre-bodyguard.rule.fear/unclassified,catalog/hirelings/hired-swords/core.yaml,current (hash verified),YES,The Ogre Bodyguard causes fear.,,connection_gap,mechanic.causes-fear,catalog/hirelings/hired-swords/core.yaml#catalog/hirelings/hired-swords/core.yaml/hireling.hired-sword.ogre-bodyguard.rule.fear carries no runtime block; combat_packages.py admits only grade-2b hireling profiles as native participants,profile combat_traits projection (combat_packages.py) + compiler,code inspection only,a profile-grant binding realizing the printed clause for hireling.hired-sword.ogre-bodyguard.rule.fear,,T13-F036,Bind this record to the existing operator after an explicit equivalence review. Target: mechanic.causes-fear.,the record carries a runtime binding to a consumed operator and a semantic spec exercises it.
source/catalog/hirelings/hired-swords/grade-1a.yaml/hireling.hired-sword.beast-hunter.rule.beastmen-vengeance/unclassified,catalog/hirelings/hired-swords/grade-1a.yaml,current (hash verified),YES,Has a source-defined hatred/vengeance interaction against Beastmen.,,implementation_missing,none,catalog/hirelings/hired-swords/grade-1a.yaml#catalog/hirelings/hired-swords/grade-1a.yaml/hireling.hired-sword.beast-hunter.rule.beastmen-vengeance carries no runtime block; combat_packages.py admits only grade-2b hireling profiles as native participants,no executable operator is connected,code inspection only,an executable operator for the printed clause of hireling.hired-sword.beast-hunter.rule.beastmen-vengeance,,T13-F036,Implement the admitted clause with a new or promoted operator. Target: none.,the clause has a consumed operator bound on its grant path.
source/catalog/hirelings/hired-swords/grade-1a.yaml/hireling.hired-sword.imperial-assassin.rule.poisoner/unclassified,catalog/hirelings/hired-swords/grade-1a.yaml,current (hash verified),YES,Uses poisons according to the source rule.,,implementation_missing,none,catalog/hirelings/hired-swords/grade-1a.yaml#catalog/hirelings/hired-swords/grade-1a.yaml/hireling.hired-sword.imperial-assassin.rule.poisoner carries no runtime block; combat_packages.py admits only grade-2b hireling profiles as native participants,no executable operator is connected,code inspection only,an executable operator for the printed clause of hireling.hired-sword.imperial-assassin.rule.poisoner,,T13-F036,Implement the admitted clause with a new or promoted operator. Target: none.,the clause has a consumed operator bound on its grant path.
source/catalog/hirelings/hired-swords/grade-1a.yaml/hireling.hired-sword.imperial-assassin.rule.weapons-master/unclassified,catalog/hirelings/hired-swords/grade-1a.yaml,current (hash verified),YES,Uses the source weapon-mastery rule.,,implementation_missing,none,catalog/hirelings/hired-swords/grade-1a.yaml#catalog/hirelings/hired-swords/grade-1a.yaml/hireling.hired-sword.imperial-assassin.rule.weapons-master carries no runtime block; combat_packages.py admits only grade-2b hireling profiles as native participants,no executable operator is connected,code inspection only,an executable operator for the printed clause of hireling.hired-sword.imperial-assassin.rule.weapons-master,,T13-F036,Implement the admitted clause with a new or promoted operator. Target: none.,the clause has a consumed operator bound on its grant path.
source/catalog/hirelings/hired-swords/grade-1b.yaml/hireling.hired-sword.chameleon-skink.rule.cold-blooded/unclassified,catalog/hirelings/hired-swords/grade-1b.yaml,current (hash verified),YES,Uses the source cold-blooded rule.,,connection_gap,mechanic.cold-blooded-psychology,catalog/hirelings/hired-swords/grade-1b.yaml#catalog/hirelings/hired-swords/grade-1b.yaml/hireling.hired-sword.chameleon-skink.rule.cold-blooded carries no runtime block; combat_packages.py admits only grade-2b hireling profiles as native participants,profile combat_traits projection (combat_packages.py) + compiler,code inspection only,a profile-grant binding realizing the printed clause for hireling.hired-sword.chameleon-skink.rule.cold-blooded,,T13-F036,Bind this record to the existing operator after an explicit equivalence review. Target: mechanic.cold-blooded-psychology.,the record carries a runtime binding to a consumed operator and a semantic spec exercises it.
source/catalog/hirelings/hired-swords/grade-1b.yaml/hireling.hired-sword.clan-skryre-rat-ogre.rule.fear/unclassified,catalog/hirelings/hired-swords/grade-1b.yaml,current (hash verified),YES,Causes fear.,,connection_gap,mechanic.causes-fear,catalog/hirelings/hired-swords/grade-1b.yaml#catalog/hirelings/hired-swords/grade-1b.yaml/hireling.hired-sword.clan-skryre-rat-ogre.rule.fear carries no runtime block; combat_packages.py admits only grade-2b hireling profiles as native participants,profile combat_traits projection (combat_packages.py) + compiler,code inspection only,a profile-grant binding realizing the printed clause for hireling.hired-sword.clan-skryre-rat-ogre.rule.fear,,T13-F036,Bind this record to the existing operator after an explicit equivalence review. Target: mechanic.causes-fear.,the record carries a runtime binding to a consumed operator and a semantic spec exercises it.
source/catalog/hirelings/hired-swords/grade-1b.yaml/hireling.hired-sword.clan-skryre-rat-ogre.rule.immune-to-poison/unclassified,catalog/hirelings/hired-swords/grade-1b.yaml,current (hash verified),YES,Immune to poison.,,connection_gap,trait.poison-immune,catalog/hirelings/hired-swords/grade-1b.yaml#catalog/hirelings/hired-swords/grade-1b.yaml/hireling.hired-sword.clan-skryre-rat-ogre.rule.immune-to-poison carries no runtime block; combat_packages.py admits only grade-2b hireling profiles as native participants,profile combat_traits projection (combat_packages.py) + compiler,code inspection only,a profile-grant binding realizing the printed clause for hireling.hired-sword.clan-skryre-rat-ogre.rule.immune-to-poison,,T13-F036,Bind this record to the existing operator after an explicit equivalence review. Target: trait.poison-immune.,the record carries a runtime binding to a consumed operator and a semantic spec exercises it.
source/catalog/hirelings/hired-swords/grade-1b.yaml/hireling.hired-sword.dark-elf-assassin.rule.kindred-hatred/unclassified,catalog/hirelings/hired-swords/grade-1b.yaml,current (hash verified),YES,Uses the source Dark Elf hatred rule.,,connection_gap,mechanic.kindred-hatred,catalog/hirelings/hired-swords/grade-1b.yaml#catalog/hirelings/hired-swords/grade-1b.yaml/hireling.hired-sword.dark-elf-assassin.rule.kindred-hatred carries no runtime block; combat_packages.py admits only grade-2b hireling profiles as native participants,profile combat_traits projection (combat_packages.py) + compiler,code inspection only,a profile-grant binding realizing the printed clause for hireling.hired-sword.dark-elf-assassin.rule.kindred-hatred,,T13-F036,Bind this record to the existing operator after an explicit equivalence review. Target: mechanic.kindred-hatred.,the record carries a runtime binding to a consumed operator and a semantic spec exercises it.
source/catalog/hirelings/hired-swords/grade-1b.yaml/hireling.hired-sword.dark-elf-assassin.rule.perfect-killer/unclassified,catalog/hirelings/hired-swords/grade-1b.yaml,current (hash verified),YES,Uses the source Perfect Killer rule.,,connection_gap,mechanic.killing-blow,catalog/hirelings/hired-swords/grade-1b.yaml#catalog/hirelings/hired-swords/grade-1b.yaml/hireling.hired-sword.dark-elf-assassin.rule.perfect-killer carries no runtime block; combat_packages.py admits only grade-2b hireling profiles as native participants,profile combat_traits projection (combat_packages.py) + compiler,code inspection only,a profile-grant binding realizing the printed clause for hireling.hired-sword.dark-elf-assassin.rule.perfect-killer,,T13-F036,Bind this record to the existing operator after an explicit equivalence review. Target: mechanic.killing-blow.,the record carries a runtime binding to a consumed operator and a semantic spec exercises it.
source/catalog/hirelings/hired-swords/grade-1b.yaml/hireling.hired-sword.duellist.rule.darting-steel/unclassified,catalog/hirelings/hired-swords/grade-1b.yaml,current (hash verified),YES,Uses the source Darting Steel rule.,,implementation_missing,none,catalog/hirelings/hired-swords/grade-1b.yaml#catalog/hirelings/hired-swords/grade-1b.yaml/hireling.hired-sword.duellist.rule.darting-steel carries no runtime block; combat_packages.py admits only grade-2b hireling profiles as native participants,no executable operator is connected,code inspection only,an executable operator for the printed clause of hireling.hired-sword.duellist.rule.darting-steel,,T13-F036,Implement the admitted clause with a new or promoted operator. Target: none.,the clause has a consumed operator bound on its grant path.
source/catalog/hirelings/hired-swords/grade-1b.yaml/hireling.hired-sword.dwarf-pathfinder.rule.hard-head/unclassified,catalog/hirelings/hired-swords/grade-1b.yaml,current (hash verified),YES,Uses the source Dwarf concussion rule.,,connection_gap,trait.concussion-immune,catalog/hirelings/hired-swords/grade-1b.yaml#catalog/hirelings/hired-swords/grade-1b.yaml/hireling.hired-sword.dwarf-pathfinder.rule.hard-head carries no runtime block; combat_packages.py admits only grade-2b hireling profiles as native participants,profile combat_traits projection (combat_packages.py) + compiler,code inspection only,a profile-grant binding realizing the printed clause for hireling.hired-sword.dwarf-pathfinder.rule.hard-head,,T13-F036,Bind this record to the existing operator after an explicit equivalence review. Target: trait.concussion-immune.,the record carries a runtime binding to a consumed operator and a semantic spec exercises it.
source/catalog/hirelings/hired-swords/grade-1b.yaml/hireling.hired-sword.dwarf-pathfinder.rule.hard-to-kill/unclassified,catalog/hirelings/hired-swords/grade-1b.yaml,current (hash verified),YES,Uses the source Dwarf injury rule.,,connection_gap,skill.hard-to-kill,catalog/hirelings/hired-swords/grade-1b.yaml#catalog/hirelings/hired-swords/grade-1b.yaml/hireling.hired-sword.dwarf-pathfinder.rule.hard-to-kill carries no runtime block; combat_packages.py admits only grade-2b hireling profiles as native participants,profile combat_traits projection (combat_packages.py) + compiler,code inspection only,a profile-grant binding realizing the printed clause for hireling.hired-sword.dwarf-pathfinder.rule.hard-to-kill,,T13-F036,Bind this record to the existing operator after an explicit equivalence review. Target: skill.hard-to-kill.,the record carries a runtime binding to a consumed operator and a semantic spec exercises it.
source/catalog/hirelings/hired-swords/grade-1b.yaml/hireling.hired-sword.dwarf-pathfinder.rule.hate-orcs-and-goblins/unclassified,catalog/hirelings/hired-swords/grade-1b.yaml,current (hash verified),YES,Hates Orcs and Goblins.,,connection_gap,mechanic.hatred-orcs-goblins,catalog/hirelings/hired-swords/grade-1b.yaml#catalog/hirelings/hired-swords/grade-1b.yaml/hireling.hired-sword.dwarf-pathfinder.rule.hate-orcs-and-goblins carries no runtime block; combat_packages.py admits only grade-2b hireling profiles as native participants,profile combat_traits projection (combat_packages.py) + compiler,code inspection only,a profile-grant binding realizing the printed clause for hireling.hired-sword.dwarf-pathfinder.rule.hate-orcs-and-goblins,,T13-F036,Bind this record to the existing operator after an explicit equivalence review. Target: mechanic.hatred-orcs-goblins.,the record carries a runtime binding to a consumed operator and a semantic spec exercises it.
source/catalog/hirelings/hired-swords/grade-1b.yaml/hireling.hired-sword.dwarf-treasure-hunter.rule.hard-head/unclassified,catalog/hirelings/hired-swords/grade-1b.yaml,current (hash verified),YES,Uses the Dwarf concussion rule.,,connection_gap,trait.concussion-immune,catalog/hirelings/hired-swords/grade-1b.yaml#catalog/hirelings/hired-swords/grade-1b.yaml/hireling.hired-sword.dwarf-treasure-hunter.rule.hard-head carries no runtime block; combat_packages.py admits only grade-2b hireling profiles as native participants,profile combat_traits projection (combat_packages.py) + compiler,code inspection only,a profile-grant binding realizing the printed clause for hireling.hired-sword.dwarf-treasure-hunter.rule.hard-head,,T13-F036,Bind this record to the existing operator after an explicit equivalence review. Target: trait.concussion-immune.,the record carries a runtime binding to a consumed operator and a semantic spec exercises it.
source/catalog/hirelings/hired-swords/grade-1b.yaml/hireling.hired-sword.dwarf-treasure-hunter.rule.hard-to-kill/unclassified,catalog/hirelings/hired-swords/grade-1b.yaml,current (hash verified),YES,Uses the Dwarf injury rule.,,connection_gap,skill.hard-to-kill,catalog/hirelings/hired-swords/grade-1b.yaml#catalog/hirelings/hired-swords/grade-1b.yaml/hireling.hired-sword.dwarf-treasure-hunter.rule.hard-to-kill carries no runtime block; combat_packages.py admits only grade-2b hireling profiles as native participants,profile combat_traits projection (combat_packages.py) + compiler,code inspection only,a profile-grant binding realizing the printed clause for hireling.hired-sword.dwarf-treasure-hunter.rule.hard-to-kill,,T13-F036,Bind this record to the existing operator after an explicit equivalence review. Target: skill.hard-to-kill.,the record carries a runtime binding to a consumed operator and a semantic spec exercises it.
source/catalog/hirelings/hired-swords/grade-1b.yaml/hireling.hired-sword.dwarf-treasure-hunter.rule.hate-orcs-and-goblins/unclassified,catalog/hirelings/hired-swords/grade-1b.yaml,current (hash verified),YES,Hates Orcs and Goblins.,,connection_gap,mechanic.hatred-orcs-goblins,catalog/hirelings/hired-swords/grade-1b.yaml#catalog/hirelings/hired-swords/grade-1b.yaml/hireling.hired-sword.dwarf-treasure-hunter.rule.hate-orcs-and-goblins carries no runtime block; combat_packages.py admits only grade-2b hireling profiles as native participants,profile combat_traits projection (combat_packages.py) + compiler,code inspection only,a profile-grant binding realizing the printed clause for hireling.hired-sword.dwarf-treasure-hunter.rule.hate-orcs-and-goblins,,T13-F036,Bind this record to the existing operator after an explicit equivalence review. Target: mechanic.hatred-orcs-goblins.,the record carries a runtime binding to a consumed operator and a semantic spec exercises it.
source/catalog/hirelings/hired-swords/grade-1b.yaml/hireling.hired-sword.gaoler.rule.hatred/unclassified,catalog/hirelings/hired-swords/grade-1b.yaml,current (hash verified),YES,Hates the source-listed Chaos/Undead enemy categories.,,partial,mechanic.hatred-undead,catalog/hirelings/hired-swords/grade-1b.yaml#catalog/hirelings/hired-swords/grade-1b.yaml/hireling.hired-sword.gaoler.rule.hatred carries no runtime block; combat_packages.py admits only grade-2b hireling profiles as native participants,profile combat_traits projection (combat_packages.py) + compiler,code inspection only,a Chaos/Undead-target Hatred operator,,T13-F070,Implement the listed missing clause(s) and reconcile origin bindings. Target: mechanic.hatred-undead.,every admitted clause is realized by a consumed operator.
source/catalog/hirelings/hired-swords/grade-1b.yaml/hireling.hired-sword.gaoler.rule.inured-to-pain/unclassified,catalog/hirelings/hired-swords/grade-1b.yaml,current (hash verified),YES,Injury rolls against the Gaoler suffer the source modifier.,,implementation_missing,none,catalog/hirelings/hired-swords/grade-1b.yaml#catalog/hirelings/hired-swords/grade-1b.yaml/hireling.hired-sword.gaoler.rule.inured-to-pain carries no runtime block; combat_packages.py admits only grade-2b hireling profiles as native participants,no executable operator is connected,code inspection only,an executable operator for the printed clause of hireling.hired-sword.gaoler.rule.inured-to-pain,,T13-F036,Implement the admitted clause with a new or promoted operator. Target: none.,the clause has a consumed operator bound on its grant path.
source/catalog/hirelings/hired-swords/grade-1b.yaml/hireling.hired-sword.gaoler.rule.torturer-s-grapple/unclassified,catalog/hirelings/hired-swords/grade-1b.yaml,current (hash verified),YES,May replace normal attacks with the source-defined grapple.,,implementation_missing,none,catalog/hirelings/hired-swords/grade-1b.yaml#catalog/hirelings/hired-swords/grade-1b.yaml/hireling.hired-sword.gaoler.rule.torturer-s-grapple carries no runtime block; combat_packages.py admits only grade-2b hireling profiles as native participants,no executable operator is connected,code inspection only,an executable operator for the printed clause of hireling.hired-sword.gaoler.rule.torturer-s-grapple,,T13-F036,Implement the admitted clause with a new or promoted operator. Target: none.,the clause has a consumed operator bound on its grant path.
source/catalog/hirelings/hired-swords/grade-1b.yaml/hireling.hired-sword.kislev-ranger.rule.heart-strike/unclassified,catalog/hirelings/hired-swords/grade-1b.yaml,current (hash verified),YES,Uses the source Heart Strike rule.,,implementation_missing,none,catalog/hirelings/hired-swords/grade-1b.yaml#catalog/hirelings/hired-swords/grade-1b.yaml/hireling.hired-sword.kislev-ranger.rule.heart-strike carries no runtime block; combat_packages.py admits only grade-2b hireling profiles as native participants,no executable operator is connected,code inspection only,an executable operator for the printed clause of hireling.hired-sword.kislev-ranger.rule.heart-strike,,T13-F036,Implement the admitted clause with a new or promoted operator. Target: none.,the clause has a consumed operator bound on its grant path.
source/catalog/hirelings/hired-swords/grade-1b.yaml/hireling.hired-sword.mule-skinner.rule.whip-master/unclassified,catalog/hirelings/hired-swords/grade-1b.yaml,current (hash verified),YES,Uses the source whip-master rule.,,implementation_missing,none,catalog/hirelings/hired-swords/grade-1b.yaml#catalog/hirelings/hired-swords/grade-1b.yaml/hireling.hired-sword.mule-skinner.rule.whip-master carries no runtime block; combat_packages.py admits only grade-2b hireling profiles as native participants,no executable operator is connected,code inspection only,an executable operator for the printed clause of hireling.hired-sword.mule-skinner.rule.whip-master,,T13-F036,Implement the admitted clause with a new or promoted operator. Target: none.,the clause has a consumed operator bound on its grant path.
source/catalog/hirelings/hired-swords/grade-1b.yaml/hireling.hired-sword.old-prospector.rule.hardened/unclassified,catalog/hirelings/hired-swords/grade-1b.yaml,current (hash verified),YES,Immune to Fear.,,connection_gap,mechanic.fear-immunity,catalog/hirelings/hired-swords/grade-1b.yaml#catalog/hirelings/hired-swords/grade-1b.yaml/hireling.hired-sword.old-prospector.rule.hardened carries no runtime block; combat_packages.py admits only grade-2b hireling profiles as native participants,profile combat_traits projection (combat_packages.py) + compiler,code inspection only,a profile-grant binding realizing the printed clause for hireling.hired-sword.old-prospector.rule.hardened,,T13-F036,Bind this record to the existing operator after an explicit equivalence review. Target: mechanic.fear-immunity.,the record carries a runtime binding to a consumed operator and a semantic spec exercises it.
source/catalog/hirelings/hired-swords/grade-1b.yaml/hireling.hired-sword.shadow-warrior.rule.hate-dark-elves/unclassified,catalog/hirelings/hired-swords/grade-1b.yaml,current (hash verified),YES,Hates Dark Elves.,,connection_gap,mechanic.hatred-dark-elves,catalog/hirelings/hired-swords/grade-1b.yaml#catalog/hirelings/hired-swords/grade-1b.yaml/hireling.hired-sword.shadow-warrior.rule.hate-dark-elves carries no runtime block; combat_packages.py admits only grade-2b hireling profiles as native participants,profile combat_traits projection (combat_packages.py) + compiler,code inspection only,a profile-grant binding realizing the printed clause for hireling.hired-sword.shadow-warrior.rule.hate-dark-elves,,T13-F036,Bind this record to the existing operator after an explicit equivalence review. Target: mechanic.hatred-dark-elves.,the record carries a runtime binding to a consumed operator and a semantic spec exercises it.
source/catalog/hirelings/hired-swords/grade-1b.yaml/hireling.hired-sword.snake-charmer.rule.immune-to-poison/unclassified,catalog/hirelings/hired-swords/grade-1b.yaml,current (hash verified),YES,Immune to poison.,,connection_gap,trait.poison-immune,catalog/hirelings/hired-swords/grade-1b.yaml#catalog/hirelings/hired-swords/grade-1b.yaml/hireling.hired-sword.snake-charmer.rule.immune-to-poison carries no runtime block; combat_packages.py admits only grade-2b hireling profiles as native participants,profile combat_traits projection (combat_packages.py) + compiler,code inspection only,a profile-grant binding realizing the printed clause for hireling.hired-sword.snake-charmer.rule.immune-to-poison,,T13-F036,Bind this record to the existing operator after an explicit equivalence review. Target: trait.poison-immune.,the record carries a runtime binding to a consumed operator and a semantic spec exercises it.
source/catalog/hirelings/hired-swords/grade-1b.yaml/hireling.hired-sword.snake-charmer.rule.venomous/unclassified,catalog/hirelings/hired-swords/grade-1b.yaml,current (hash verified),YES,Snake attacks use the source venom rule.,,implementation_missing,none,catalog/hirelings/hired-swords/grade-1b.yaml#catalog/hirelings/hired-swords/grade-1b.yaml/hireling.hired-sword.snake-charmer.rule.venomous carries no runtime block; combat_packages.py admits only grade-2b hireling profiles as native participants,no executable operator is connected,code inspection only,an executable operator for the printed clause of hireling.hired-sword.snake-charmer.rule.venomous,,T13-F036,Implement the admitted clause with a new or promoted operator. Target: none.,the clause has a consumed operator bound on its grant path.
source/catalog/hirelings/hired-swords/grade-1b.yaml/hireling.hired-sword.witch-hunter.rule.burn-the-witch/unclassified,catalog/hirelings/hired-swords/grade-1b.yaml,current (hash verified),YES,Hates enemy spellcasters and has source hiring restrictions regarding friendly spellcasters.,,implementation_missing,none,catalog/hirelings/hired-swords/grade-1b.yaml#catalog/hirelings/hired-swords/grade-1b.yaml/hireling.hired-sword.witch-hunter.rule.burn-the-witch carries no runtime block; combat_packages.py admits only grade-2b hireling profiles as native participants,no executable operator is connected,code inspection only,an executable operator for the printed clause of hireling.hired-sword.witch-hunter.rule.burn-the-witch,,T13-F036,Implement the admitted clause with a new or promoted operator. Target: none.,the clause has a consumed operator bound on its grant path.
source/catalog/hirelings/hired-swords/grade-1b.yaml/hireling.hired-sword.witch-hunter.rule.in-sigmar-s-name/unclassified,catalog/hirelings/hired-swords/grade-1b.yaml,current (hash verified),YES,May reroll failed Fear tests.,,connection_gap,mechanic.fear-reroll,catalog/hirelings/hired-swords/grade-1b.yaml#catalog/hirelings/hired-swords/grade-1b.yaml/hireling.hired-sword.witch-hunter.rule.in-sigmar-s-name carries no runtime block; combat_packages.py admits only grade-2b hireling profiles as native participants,profile combat_traits projection (combat_packages.py) + compiler,code inspection only,a profile-grant binding realizing the printed clause for hireling.hired-sword.witch-hunter.rule.in-sigmar-s-name,,T13-F036,Bind this record to the existing operator after an explicit equivalence review. Target: mechanic.fear-reroll.,the record carries a runtime binding to a consumed operator and a semantic spec exercises it.
source/catalog/hirelings/hired-swords/grade-1b.yaml/hireling.hired-sword.wolf-priest-of-ulric.rule.hatred/unclassified,catalog/hirelings/hired-swords/grade-1b.yaml,current (hash verified),YES,Hates the source-listed Sigmarite models.,,partial,mechanic.hatred-undead,catalog/hirelings/hired-swords/grade-1b.yaml#catalog/hirelings/hired-swords/grade-1b.yaml/hireling.hired-sword.wolf-priest-of-ulric.rule.hatred carries no runtime block; combat_packages.py admits only grade-2b hireling profiles as native participants,profile combat_traits projection (combat_packages.py) + compiler,code inspection only,a Chaos/Undead-target Hatred operator,,T13-F070,Implement the listed missing clause(s) and reconcile origin bindings. Target: mechanic.hatred-undead.,every admitted clause is realized by a consumed operator.
source/catalog/hirelings/hired-swords/grade-1c.yaml/hireling.hired-sword.bone-goliath.rule.cause-fear/unclassified,catalog/hirelings/hired-swords/grade-1c.yaml,current (hash verified),YES,Causes fear.,,connection_gap,mechanic.causes-fear,catalog/hirelings/hired-swords/grade-1c.yaml#catalog/hirelings/hired-swords/grade-1c.yaml/hireling.hired-sword.bone-goliath.rule.cause-fear carries no runtime block; combat_packages.py admits only grade-2b hireling profiles as native participants,profile combat_traits projection (combat_packages.py) + compiler,code inspection only,a profile-grant binding realizing the printed clause for hireling.hired-sword.bone-goliath.rule.cause-fear,,T13-F036,Bind this record to the existing operator after an explicit equivalence review. Target: mechanic.causes-fear.,the record carries a runtime binding to a consumed operator and a semantic spec exercises it.
source/catalog/hirelings/hired-swords/grade-1c.yaml/hireling.hired-sword.bone-goliath.rule.immune-to-poison/unclassified,catalog/hirelings/hired-swords/grade-1c.yaml,current (hash verified),YES,Immune to poison.,,connection_gap,trait.poison-immune,catalog/hirelings/hired-swords/grade-1c.yaml#catalog/hirelings/hired-swords/grade-1c.yaml/hireling.hired-sword.bone-goliath.rule.immune-to-poison carries no runtime block; combat_packages.py admits only grade-2b hireling profiles as native participants,profile combat_traits projection (combat_packages.py) + compiler,code inspection only,a profile-grant binding realizing the printed clause for hireling.hired-sword.bone-goliath.rule.immune-to-poison,,T13-F036,Bind this record to the existing operator after an explicit equivalence review. Target: trait.poison-immune.,the record carries a runtime binding to a consumed operator and a semantic spec exercises it.
source/catalog/hirelings/hired-swords/grade-1c.yaml/hireling.hired-sword.bone-goliath.rule.immune-to-psychology/unclassified,catalog/hirelings/hired-swords/grade-1c.yaml,current (hash verified),YES,Immune to psychology.,,connection_gap,mechanic.psychology-immunity,catalog/hirelings/hired-swords/grade-1c.yaml#catalog/hirelings/hired-swords/grade-1c.yaml/hireling.hired-sword.bone-goliath.rule.immune-to-psychology carries no runtime block; combat_packages.py admits only grade-2b hireling profiles as native participants,profile combat_traits projection (combat_packages.py) + compiler,code inspection only,a profile-grant binding realizing the printed clause for hireling.hired-sword.bone-goliath.rule.immune-to-psychology,,T13-F036,Bind this record to the existing operator after an explicit equivalence review. Target: mechanic.psychology-immunity.,the record carries a runtime binding to a consumed operator and a semantic spec exercises it.
source/catalog/hirelings/hired-swords/grade-1c.yaml/hireling.hired-sword.bone-goliath.rule.no-pain/unclassified,catalog/hirelings/hired-swords/grade-1c.yaml,current (hash verified),YES,Treats Stunned as Knocked Down.,,connection_gap,skill.ignore-pain,catalog/hirelings/hired-swords/grade-1c.yaml#catalog/hirelings/hired-swords/grade-1c.yaml/hireling.hired-sword.bone-goliath.rule.no-pain carries no runtime block; combat_packages.py admits only grade-2b hireling profiles as native participants,profile combat_traits projection (combat_packages.py) + compiler,code inspection only,a profile-grant binding realizing the printed clause for hireling.hired-sword.bone-goliath.rule.no-pain,,T13-F036,Bind this record to the existing operator after an explicit equivalence review. Target: skill.ignore-pain.,the record carries a runtime binding to a consumed operator and a semantic spec exercises it.
source/catalog/hirelings/hired-swords/grade-1c.yaml/hireling.hired-sword.bone-goliath.rule.undead-construct/unclassified,catalog/hirelings/hired-swords/grade-1c.yaml,current (hash verified),YES,May ignore Injury results on 4+ except source magical exceptions.,,connection_gap,mechanic.undead,catalog/hirelings/hired-swords/grade-1c.yaml#catalog/hirelings/hired-swords/grade-1c.yaml/hireling.hired-sword.bone-goliath.rule.undead-construct carries no runtime block; combat_packages.py admits only grade-2b hireling profiles as native participants,profile combat_traits projection (combat_packages.py) + compiler,code inspection only,a profile-grant binding realizing the printed clause for hireling.hired-sword.bone-goliath.rule.undead-construct,,T13-F036,Bind this record to the existing operator after an explicit equivalence review. Target: mechanic.undead.,the record carries a runtime binding to a consumed operator and a semantic spec exercises it.
source/catalog/hirelings/hired-swords/grade-1c.yaml/hireling.hired-sword.chaos-centaur.rule.trample/unclassified,catalog/hirelings/hired-swords/grade-1c.yaml,current (hash verified),YES,Has source trample attack.,,implementation_missing,none,catalog/hirelings/hired-swords/grade-1c.yaml#catalog/hirelings/hired-swords/grade-1c.yaml/hireling.hired-sword.chaos-centaur.rule.trample carries no runtime block; combat_packages.py admits only grade-2b hireling profiles as native participants,no executable operator is connected,code inspection only,an executable operator for the printed clause of hireling.hired-sword.chaos-centaur.rule.trample,,T13-F036,Implement the admitted clause with a new or promoted operator. Target: none.,the clause has a consumed operator bound on its grant path.
source/catalog/hirelings/hired-swords/grade-1c.yaml/hireling.hired-sword.grave-robber.rule.hatred/unclassified,catalog/hirelings/hired-swords/grade-1c.yaml,current (hash verified),YES,Uses source hatred rule.,,partial,mechanic.hatred-undead,catalog/hirelings/hired-swords/grade-1c.yaml#catalog/hirelings/hired-swords/grade-1c.yaml/hireling.hired-sword.grave-robber.rule.hatred carries no runtime block; combat_packages.py admits only grade-2b hireling profiles as native participants,profile combat_traits projection (combat_packages.py) + compiler,code inspection only,a Chaos/Undead-target Hatred operator,,T13-F070,Implement the listed missing clause(s) and reconcile origin bindings. Target: mechanic.hatred-undead.,every admitted clause is realized by a consumed operator.
source/catalog/hirelings/hired-swords/grade-2a.yaml/hireling.hired-sword.chaos-fury.rule.daemonic-flesh/unclassified,catalog/hirelings/hired-swords/grade-2a.yaml,current (hash verified),YES,Has a 5+ unmodifiable save with source magic/blessed exceptions.,,implementation_missing,none (mechanic.bestial is a 6+ ward; mechanic.magical-void is magic-only),catalog/hirelings/hired-swords/grade-2a.yaml#catalog/hirelings/hired-swords/grade-2a.yaml/hireling.hired-sword.chaos-fury.rule.daemonic-flesh carries no runtime block; combat_packages.py admits only grade-2b hireling profiles as native participants,no executable operator is connected,code inspection only,a 5+ unmodifiable daemonic save operator,,T13-F036,Implement the admitted clause with a new or promoted operator. Target: none (mechanic.bestial is a 6+ ward; mechanic.magical-void is magic-only).,the clause has a consumed operator bound on its grant path.
source/catalog/hirelings/hired-swords/grade-2a.yaml/hireling.hired-sword.chaos-fury.rule.daemonic-mind/unclassified,catalog/hirelings/hired-swords/grade-2a.yaml,current (hash verified),YES,Does not gain Experience and is immune to psychology.,campaign Experience,partial,mechanic.psychology-immunity,catalog/hirelings/hired-swords/grade-2a.yaml#catalog/hirelings/hired-swords/grade-2a.yaml/hireling.hired-sword.chaos-fury.rule.daemonic-mind carries no runtime block; combat_packages.py admits only grade-2b hireling profiles as native participants,profile combat_traits projection (combat_packages.py) + compiler,code inspection only,the no-Experience clause,,T13-F036,Implement the listed missing clause(s) and reconcile origin bindings. Target: mechanic.psychology-immunity.,every admitted clause is realized by a consumed operator.
source/catalog/hirelings/hired-swords/grade-2a.yaml/hireling.hired-sword.chaos-fury.rule.fear/unclassified,catalog/hirelings/hired-swords/grade-2a.yaml,current (hash verified),YES,Causes fear.,,connection_gap,mechanic.causes-fear,catalog/hirelings/hired-swords/grade-2a.yaml#catalog/hirelings/hired-swords/grade-2a.yaml/hireling.hired-sword.chaos-fury.rule.fear carries no runtime block; combat_packages.py admits only grade-2b hireling profiles as native participants,profile combat_traits projection (combat_packages.py) + compiler,code inspection only,a profile-grant binding realizing the printed clause for hireling.hired-sword.chaos-fury.rule.fear,,T13-F036,Bind this record to the existing operator after an explicit equivalence review. Target: mechanic.causes-fear.,the record carries a runtime binding to a consumed operator and a semantic spec exercises it.
source/catalog/hirelings/hired-swords/grade-2a.yaml/hireling.hired-sword.cursed-hillman.rule.lycanthrope/unclassified,catalog/hirelings/hired-swords/grade-2a.yaml,current (hash verified),YES,Transforms between Man and Wolf forms.,,implementation_missing,none,catalog/hirelings/hired-swords/grade-2a.yaml#catalog/hirelings/hired-swords/grade-2a.yaml/hireling.hired-sword.cursed-hillman.rule.lycanthrope carries no runtime block; combat_packages.py admits only grade-2b hireling profiles as native participants,no executable operator is connected,code inspection only,an executable operator for the printed clause of hireling.hired-sword.cursed-hillman.rule.lycanthrope,,T13-F036,Implement the admitted clause with a new or promoted operator. Target: none.,the clause has a consumed operator bound on its grant path.
source/catalog/hirelings/hired-swords/grade-2a.yaml/hireling.hired-sword.cursed-hillman.rule.thin-flesh/unclassified,catalog/hirelings/hired-swords/grade-2a.yaml,current (hash verified),YES,Uses source vulnerability rule.,,implementation_missing,none,catalog/hirelings/hired-swords/grade-2a.yaml#catalog/hirelings/hired-swords/grade-2a.yaml/hireling.hired-sword.cursed-hillman.rule.thin-flesh carries no runtime block; combat_packages.py admits only grade-2b hireling profiles as native participants,no executable operator is connected,code inspection only,an executable operator for the printed clause of hireling.hired-sword.cursed-hillman.rule.thin-flesh,,T13-F036,Implement the admitted clause with a new or promoted operator. Target: none.,the clause has a consumed operator bound on its grant path.
source/catalog/hirelings/hired-swords/grade-2a.yaml/hireling.hired-sword.dark-mage.rule.despise-despoilers/unclassified,catalog/hirelings/hired-swords/grade-2a.yaml,current (hash verified),YES,Uses source hatred/attitude rule.,,implementation_missing,none,catalog/hirelings/hired-swords/grade-2a.yaml#catalog/hirelings/hired-swords/grade-2a.yaml/hireling.hired-sword.dark-mage.rule.despise-despoilers carries no runtime block; combat_packages.py admits only grade-2b hireling profiles as native participants,no executable operator is connected,code inspection only,an executable operator for the printed clause of hireling.hired-sword.dark-mage.rule.despise-despoilers,,T13-F036,Implement the admitted clause with a new or promoted operator. Target: none.,the clause has a consumed operator bound on its grant path.
source/catalog/hirelings/hired-swords/grade-2a.yaml/hireling.hired-sword.dark-mage.rule.self-assured/unclassified,catalog/hirelings/hired-swords/grade-2a.yaml,current (hash verified),YES,Uses source psychology rule.,,implementation_missing,none,catalog/hirelings/hired-swords/grade-2a.yaml#catalog/hirelings/hired-swords/grade-2a.yaml/hireling.hired-sword.dark-mage.rule.self-assured carries no runtime block; combat_packages.py admits only grade-2b hireling profiles as native participants,no executable operator is connected,code inspection only,an executable operator for the printed clause of hireling.hired-sword.dark-mage.rule.self-assured,,T13-F036,Implement the admitted clause with a new or promoted operator. Target: none.,the clause has a consumed operator bound on its grant path.
source/catalog/hirelings/hired-swords/grade-2a.yaml/hireling.hired-sword.dwarf-slayer-pirate.rule.slayer-pirate/unclassified,catalog/hirelings/hired-swords/grade-2a.yaml,current (hash verified),YES,Uses the source Slayer/Pirate special rules.,,implementation_missing,none,catalog/hirelings/hired-swords/grade-2a.yaml#catalog/hirelings/hired-swords/grade-2a.yaml/hireling.hired-sword.dwarf-slayer-pirate.rule.slayer-pirate carries no runtime block; combat_packages.py admits only grade-2b hireling profiles as native participants,no executable operator is connected,code inspection only,an executable operator for the printed clause of hireling.hired-sword.dwarf-slayer-pirate.rule.slayer-pirate,,T13-F036,Implement the admitted clause with a new or promoted operator. Target: none.,the clause has a consumed operator bound on its grant path.
source/catalog/hirelings/hired-swords/grade-2a.yaml/hireling.hired-sword.emissary-of-chaos.rule.patron/unclassified,catalog/hirelings/hired-swords/grade-2a.yaml,current (hash verified),YES,"Receives source-defined effects for Khorne, Tzeentch, Nurgle or Slaanesh.",,implementation_missing,none,catalog/hirelings/hired-swords/grade-2a.yaml#catalog/hirelings/hired-swords/grade-2a.yaml/hireling.hired-sword.emissary-of-chaos.rule.patron carries no runtime block; combat_packages.py admits only grade-2b hireling profiles as native participants,no executable operator is connected,code inspection only,an executable operator for the printed clause of hireling.hired-sword.emissary-of-chaos.rule.patron,,T13-F036,Implement the admitted clause with a new or promoted operator. Target: none.,the clause has a consumed operator bound on its grant path.
source/catalog/hirelings/hired-swords/grade-2a.yaml/hireling.hired-sword.estalian-diestro.rule.main-gauche/unclassified,catalog/hirelings/hired-swords/grade-2a.yaml,current (hash verified),YES,Uses source Main Gauche rules.,,implementation_missing,none,catalog/hirelings/hired-swords/grade-2a.yaml#catalog/hirelings/hired-swords/grade-2a.yaml/hireling.hired-sword.estalian-diestro.rule.main-gauche carries no runtime block; combat_packages.py admits only grade-2b hireling profiles as native participants,no executable operator is connected,code inspection only,an executable operator for the printed clause of hireling.hired-sword.estalian-diestro.rule.main-gauche,,T13-F036,Implement the admitted clause with a new or promoted operator. Target: none.,the clause has a consumed operator bound on its grant path.
source/catalog/hirelings/hired-swords/grade-2a.yaml/hireling.hired-sword.estalian-diestro.rule.rapier/unclassified,catalog/hirelings/hired-swords/grade-2a.yaml,current (hash verified),YES,Uses source Rapier rules.,,implementation_missing,none,catalog/hirelings/hired-swords/grade-2a.yaml#catalog/hirelings/hired-swords/grade-2a.yaml/hireling.hired-sword.estalian-diestro.rule.rapier carries no runtime block; combat_packages.py admits only grade-2b hireling profiles as native participants,no executable operator is connected,code inspection only,an executable operator for the printed clause of hireling.hired-sword.estalian-diestro.rule.rapier,,T13-F036,Implement the admitted clause with a new or promoted operator. Target: none.,the clause has a consumed operator bound on its grant path.
source/catalog/hirelings/hired-swords/grade-2a.yaml/hireling.hired-sword.halfling-knight.rule.slay-large-creature/unclassified,catalog/hirelings/hired-swords/grade-2a.yaml,current (hash verified),YES,Uses source large-creature combat rule.,,implementation_missing,none,catalog/hirelings/hired-swords/grade-2a.yaml#catalog/hirelings/hired-swords/grade-2a.yaml/hireling.hired-sword.halfling-knight.rule.slay-large-creature carries no runtime block; combat_packages.py admits only grade-2b hireling profiles as native participants,no executable operator is connected,code inspection only,an executable operator for the printed clause of hireling.hired-sword.halfling-knight.rule.slay-large-creature,,T13-F036,Implement the admitted clause with a new or promoted operator. Target: none.,the clause has a consumed operator bound on its grant path.
source/catalog/hirelings/hired-swords/grade-2a.yaml/hireling.hired-sword.ogre-slave-master.rule.fear/unclassified,catalog/hirelings/hired-swords/grade-2a.yaml,current (hash verified),YES,Causes fear.,,connection_gap,mechanic.causes-fear,catalog/hirelings/hired-swords/grade-2a.yaml#catalog/hirelings/hired-swords/grade-2a.yaml/hireling.hired-sword.ogre-slave-master.rule.fear carries no runtime block; combat_packages.py admits only grade-2b hireling profiles as native participants,profile combat_traits projection (combat_packages.py) + compiler,code inspection only,a profile-grant binding realizing the printed clause for hireling.hired-sword.ogre-slave-master.rule.fear,,T13-F036,Bind this record to the existing operator after an explicit equivalence review. Target: mechanic.causes-fear.,the record carries a runtime binding to a consumed operator and a semantic spec exercises it.
source/catalog/hirelings/hired-swords/grade-2a.yaml/hireling.hired-sword.the-fallen-sister.rule.ashamed-and-afraid/unclassified,catalog/hirelings/hired-swords/grade-2a.yaml,current (hash verified),YES,Uses source psychology rule.,,implementation_missing,none,catalog/hirelings/hired-swords/grade-2a.yaml#catalog/hirelings/hired-swords/grade-2a.yaml/hireling.hired-sword.the-fallen-sister.rule.ashamed-and-afraid carries no runtime block; combat_packages.py admits only grade-2b hireling profiles as native participants,no executable operator is connected,code inspection only,an executable operator for the printed clause of hireling.hired-sword.the-fallen-sister.rule.ashamed-and-afraid,,T13-F036,Implement the admitted clause with a new or promoted operator. Target: none.,the clause has a consumed operator bound on its grant path.
source/catalog/hirelings/hired-swords/grade-2a.yaml/hireling.hired-sword.weaponsmith.rule.maintenance/unclassified,catalog/hirelings/hired-swords/grade-2a.yaml,current (hash verified),NO,After battle uses the source D6 equipment-maintenance improvement table.,post-battle sequence / random-characteristic reroll,out_of_scope,none,catalog/hirelings/hired-swords/grade-2a.yaml#catalog/hirelings/hired-swords/grade-2a.yaml/hireling.hired-sword.weaponsmith.rule.maintenance carries no runtime block; combat_packages.py admits only grade-2b hireling profiles as native participants,no executable operator is connected,code inspection only,,,,No duel implementation required; keep the exclusion reason current.,the exclusion stays recorded and no duel clause is hidden inside it.
source/catalog/hirelings/hired-swords/grade-2b.yaml/@/profiles/1/equipment/fixed_items/0/notes/unclassified,catalog/hirelings/hired-swords/grade-2b.yaml,current (hash verified),YES,"Resolves to the active-KB item `beastlash` (catalog/items/weapons-close-combat.yaml, ""Látigo de Señor de las Bestias""). The MiM Specialists source prints no pri",,covered,item/beastlash,beastlash is combat_status implemented -> mechanic weapon.beastlash; the note resolves to the active-KB item,item/mechanic consumed by compiler.py mechanic_index/effect_index,code inspection only,,item/beastlash,T13-F036,No repair required; keep the binding/consumer evidence current.,the existing bound operator and its semantic spec keep passing.
source/catalog/hirelings/hired-swords/grade-2b.yaml/@/profiles/12/equipment/choices/0/options/0/items/0/notes/unclassified,catalog/hirelings/hired-swords/grade-2b.yaml,current (hash verified),YES,"Priest of Manann only; 15 gc in the chapter's priest equipment list; Strike first, Parry; Rarity 7 per Unknowable Cargo.",15 gc price / Rarity 7,implementation_missing,item/trident,"trident is catalog/items/miscellaneous.yaml#trident, combat_status out_of_scope with no mechanic_id",no executable operator is connected to this kit note,code inspection only,Strike First + Parry,item/trident,T13-F036,Implement the admitted clause with a new or promoted operator. Target: item/trident.,the clause has a consumed operator bound on its grant path.
source/catalog/hirelings/hired-swords/grade-2b.yaml/@/profiles/13/equipment/fixed_items/1/notes/unclassified,catalog/hirelings/hired-swords/grade-2b.yaml,current (hash verified),YES,"Source-qualified ceremonial scythe: Strength +1, Difficult to use and Two-handed.",,covered,item/ceremonial_scythe,ceremonial_scythe is combat_status implemented -> mechanic weapon.ceremonial-scythe,item/mechanic consumed by compiler.py mechanic_index/effect_index,code inspection only,,item/ceremonial_scythe,T13-F036,No repair required; keep the binding/consumer evidence current.,the existing bound operator and its semantic spec keep passing.
source/catalog/hirelings/hired-swords/grade-2b.yaml/@/profiles/19/equipment/fixed_items/1/notes/unclassified,catalog/hirelings/hired-swords/grade-2b.yaml,current (hash verified),YES,White wolf pelt cloak — 6+ saving throw. Item defined in the Grade-2b staging catalog (miracle-workers-gear.yaml) from this chapter's strictures; not equivalent,campaign acquisition,connection_gap,sources/2B/catalog/items/miracle-workers-gear.yaml#wolf_pelt_cloak,the item is defined only in the 2B staging catalogue; the promotion into sources/knowledge is missing,no executable operator is connected to this kit note,code inspection only,,wolf_pelt_cloak,T13-F036,Bind this record to the existing operator after an explicit equivalence review. Target: sources/2B/catalog/items/miracle-workers-gear.yaml#wolf_pelt_cloak.,the record carries a runtime binding to a consumed operator and a semantic spec exercises it.
source/catalog/rules/conditions.yaml/campaign.condition.causes-fear/unclassified,catalog/rules/conditions.yaml,current (hash verified),YES,The warrior causes fear from now on.,generating the condition through campaign procedures,connection_gap,mechanic.causes-fear,catalog/rules/conditions.yaml#campaign.condition.causes-fear is a declaration record with no runtime block; the executable operator lives in catalog/mechanics/execution.yaml,"operator exists and is consumed by the modular engine, but nothing maps this condition id to it",code inspection only,the serious-injury condition id is not bound to the executable operator,mechanic.causes-fear,,Bind this record to the existing operator after an explicit equivalence review. Target: mechanic.causes-fear.,the record carries a runtime binding to a consumed operator and a semantic spec exercises it.
source/catalog/rules/conditions.yaml/campaign.condition.frenzy/unclassified,catalog/rules/conditions.yaml,current (hash verified),YES,The warrior suffers from frenzy from now on.,generating the condition through campaign procedures,connection_gap,trait.frenzy,catalog/rules/conditions.yaml#campaign.condition.frenzy is a declaration record with no runtime block; the executable operator lives in catalog/mechanics/execution.yaml,"operator exists and is consumed by the modular engine, but nothing maps this condition id to it",code inspection only,the serious-injury condition id is not bound to the executable operator,trait.frenzy,,Bind this record to the existing operator after an explicit equivalence review. Target: trait.frenzy.,the record carries a runtime binding to a consumed operator and a semantic spec exercises it.
source/catalog/rules/conditions.yaml/campaign.condition.immune-to-fear/unclassified,catalog/rules/conditions.yaml,current (hash verified),YES,The warrior becomes inured to the horrors of Mordheim and is immune to fear from now on.,generating the condition through campaign procedures,connection_gap,mechanic.fear-immunity,catalog/rules/conditions.yaml#campaign.condition.immune-to-fear is a declaration record with no runtime block; the executable operator lives in catalog/mechanics/execution.yaml,"operator exists and is consumed by the modular engine, but nothing maps this condition id to it",code inspection only,the serious-injury condition id is not bound to the executable operator,mechanic.fear-immunity,,Bind this record to the existing operator after an explicit equivalence review. Target: mechanic.fear-immunity.,the record carries a runtime binding to a consumed operator and a semantic spec exercises it.
source/catalog/rules/conditions.yaml/campaign.condition.stupidity/unclassified,catalog/rules/conditions.yaml,current (hash verified),YES,The warrior suffers from stupidity from now on.,generating the condition through campaign procedures,connection_gap,mechanic.stupidity,catalog/rules/conditions.yaml#campaign.condition.stupidity is a declaration record with no runtime block; the executable operator lives in catalog/mechanics/execution.yaml,"operator exists and is consumed by the modular engine, but nothing maps this condition id to it",code inspection only,the serious-injury condition id is not bound to the executable operator,mechanic.stupidity,,Bind this record to the existing operator after an explicit equivalence review. Target: mechanic.stupidity.,the record carries a runtime binding to a consumed operator and a semantic spec exercises it.
source/catalog/rules/conditions.yaml/condition.cold-blooded/unclassified,catalog/rules/conditions.yaml,current (hash verified),YES,Cold-Blooded uses the lowest two of three dice. Lizardmen apply it to Psychology and Rout tests; Fimir apply it to Leadership tests. Warband Rout resolution is ,warband Rout resolution,connection_gap,mechanic.cold-blooded-psychology + mechanic.cold-blooded-leadership,catalog/rules/conditions.yaml#condition.cold-blooded is a declaration record with no runtime block; the executable operator lives in catalog/mechanics/execution.yaml,"operator exists and is consumed by the modular engine, but nothing maps this condition id to it",code inspection only,declaration record has no binding; Rout half is out of scope,mechanic.cold-blooded-psychology + mechanic.cold-blooded-leadership,,Bind this record to the existing operator after an explicit equivalence review. Target: mechanic.cold-blooded-psychology + mechanic.cold-blooded-leadership.,the record carries a runtime binding to a consumed operator and a semantic spec exercises it.
source/catalog/rules/conditions.yaml/condition.fear/unclassified,catalog/rules/conditions.yaml,current (hash verified),YES,A model tests Leadership when charging or being charged by a fear-causing enemy. Failure to charge leaves it stationary; failure when charged requires sixes to ,generating the condition through campaign procedures,connection_gap,mechanic.causes-fear + psychology.resolve_fear,catalog/rules/conditions.yaml#condition.fear is a declaration record with no runtime block; the executable operator lives in catalog/mechanics/execution.yaml,"operator exists and is consumed by the modular engine, but nothing maps this condition id to it",code inspection only,declaration record has no binding to the psychologoy operators,mechanic.causes-fear + psychology.resolve_fear,,Bind this record to the existing operator after an explicit equivalence review. Target: mechanic.causes-fear + psychology.resolve_fear.,the record carries a runtime binding to a consumed operator and a semantic spec exercises it.
source/catalog/rules/conditions.yaml/condition.hatred/unclassified,catalog/rules/conditions.yaml,current (hash verified),YES,A warrior fighting an enemy it hates may re-roll missed attacks in the first turn of their hand-to-hand combat. In later combat turns it fights normally.,generating the condition through campaign procedures,connection_gap,contexts._hit_reroll / mechanic.hatred-*,catalog/rules/conditions.yaml#condition.hatred is a declaration record with no runtime block; the executable operator lives in catalog/mechanics/execution.yaml,"operator exists and is consumed by the modular engine, but nothing maps this condition id to it",code inspection only,declaration record has no binding to the first-round reroll operators,contexts._hit_reroll / mechanic.hatred-*,,Bind this record to the existing operator after an explicit equivalence review. Target: contexts._hit_reroll / mechanic.hatred-*.,the record carries a runtime binding to a consumed operator and a semantic spec exercises it.
source/catalog/rules/conditions.yaml/condition.immune-to-psychology/unclassified,catalog/rules/conditions.yaml,current (hash verified),YES,"The model ignores all psychology rules, including fear, terror, hatred, frenzy, stupidity and animosity.",generating the condition through campaign procedures,connection_gap,mechanic.psychology-immunity,catalog/rules/conditions.yaml#condition.immune-to-psychology is a declaration record with no runtime block; the executable operator lives in catalog/mechanics/execution.yaml,"operator exists and is consumed by the modular engine, but nothing maps this condition id to it",code inspection only,declaration record has no binding to the psychology-immunity operator,mechanic.psychology-immunity,,Bind this record to the existing operator after an explicit equivalence review. Target: mechanic.psychology-immunity.,the record carries a runtime binding to a consumed operator and a semantic spec exercises it.
source/catalog/rules/special-rules.yaml/shared-rule.barbarian-courage/unclassified,catalog/rules/special-rules.yaml,current (hash verified),YES,"As Norse warriors strive to die bravely in battle, they learn to fear nothing and embrace hardship. This hero never needs to take all alone tests and may re-rol",,covered,mechanic.fear-reroll,"catalog/rules/special-rules.yaml#shared-rule.barbarian-courage is a promotion mirror (""runtime stays on the band rule""); 2 of 2 band origin(s) restate it, e.g. bands/mordheim/norse-explorers-btb/special-rules.yaml#band--norse-special-skills-barbarian-courage scope=YES implemented=YES",band binding(s): mechanic.fear-reroll; consumed by the modular engine,band-rule bindings + existing semantic corpus; code inspection,,,,No repair required; keep the binding/consumer evidence current.,every admitted clause of shared-rule.barbarian-courage is realized by a bound operator on its band origins and verify passes.
source/catalog/rules/special-rules.yaml/shared-rule.berserk-charge/unclassified,catalog/rules/special-rules.yaml,current (hash verified),YES,"The Norse are very skilled with weapons that many other races see as primitive and savage. When this hero is armed with an axe or double handed weapon, he may r",,covered,special-rule.band--norse-special-skills-berserk-charge,"catalog/rules/special-rules.yaml#shared-rule.berserk-charge is a promotion mirror (""runtime stays on the band rule""); 2 of 2 band origin(s) restate it, e.g. bands/mordheim/norse-explorers-btb/special-rules.yaml#band--norse-special-skills-berserk-charge scope=YES implemented=YES",band binding(s): special-rule.band--norse-special-skills-berserk-charge; consumed by the modular engine,band-rule bindings + existing semantic corpus; code inspection,,,,No repair required; keep the binding/consumer evidence current.,every admitted clause of shared-rule.berserk-charge is realized by a bound operator on its band origins and verify passes.
source/catalog/rules/special-rules.yaml/shared-rule.berserkers/unclassified,catalog/rules/special-rules.yaml,current (hash verified),YES,Berserkers are subject to frenzy as detailed in the Psychology section of the Mordheim rulebook.,,covered,trait.frenzy,"catalog/rules/special-rules.yaml#shared-rule.berserkers is a promotion mirror (""runtime stays on the band rule""); 2 of 2 band origin(s) restate it, e.g. bands/mordheim/norse-explorers-btb/special-rules.yaml#beserkers--berserkers scope=YES implemented=YES",band binding(s): trait.frenzy; consumed by the modular engine,band-rule bindings + existing semantic corpus; code inspection,,,,No repair required; keep the binding/consumer evidence current.,every admitted clause of shared-rule.berserkers is realized by a bound operator on its band origins and verify passes.
source/catalog/rules/special-rules.yaml/shared-rule.bestial/unclassified,catalog/rules/special-rules.yaml,current (hash verified),YES,"Wulfen are ravenous beasts and therefore immune to psychology. Also despite being greatly revered by their barbarian kinsmen, Wulfen are too feral and uncontrol","leadership/leader prohibition (construction, not a duel effect)",covered,mechanic.psychology-immunity,"catalog/rules/special-rules.yaml#shared-rule.bestial is a promotion mirror (""runtime stays on the band rule""); 2 of 2 band origin(s) restate it, e.g. bands/mordheim/norse-explorers-btb/special-rules.yaml#wulfen--bestial scope=YES implemented=YES",band binding(s): mechanic.psychology-immunity; consumed by the modular engine,band-rule bindings + existing semantic corpus; code inspection,,,,No repair required; keep the binding/consumer evidence current.,every admitted clause of shared-rule.bestial is realized by a bound operator on its band origins and verify passes.
source/catalog/rules/special-rules.yaml/shared-rule.burn-the-witch/unclassified,catalog/rules/special-rules.yaml,current (hash verified),YES,This warrior is subject to Hatred against all models capable of casting spells.,,implementation_missing,none,catalog/rules/special-rules.yaml#shared-rule.burn-the-witch; every restating band origin is LATER/NO with no binding,no executable operator is bound by any origin,code inspection only,an executable operator for the individual duel clause,,,Decide the individual operation for shared-rule.burn-the-witch and bind an existing or new mechanic on the band origin.,a band origin of shared-rule.burn-the-witch carries scope YES/implemented YES and a consumed binding.
source/catalog/rules/special-rules.yaml/shared-rule.cause-fear-2/unclassified,catalog/rules/special-rules.yaml,current (hash verified),YES,All warriors with the Undead special rule cause Fear.,,partial,mechanic.causes-fear,"catalog/rules/special-rules.yaml#shared-rule.cause-fear-2 is a promotion mirror (""runtime stays on the band rule""); 7 of 10 band origin(s) restate it, e.g. bands/mordheim/necrarchs-the-soul-stealers-lotd1/special-rules.yaml#necrarch-vampire--cause-fear scope=YES implemented=YES",band binding(s): mechanic.causes-fear; consumed by the modular engine,band-rule bindings + existing semantic corpus; code inspection,3 of 10 restating band origin(s) are still LATER/NO without a binding,,,Reconcile the bound operator/clauses for shared-rule.cause-fear-2.,every admitted clause of shared-rule.cause-fear-2 is realized by a bound operator on its band origins and verify passes.
source/catalog/rules/special-rules.yaml/shared-rule.censer-bearer/unclassified,catalog/rules/special-rules.yaml,current (hash verified),YES,Requires Black Hunger. The Hero gains Frenzy and may use only a Censer as a close-combat weapon.,,covered,compiler.censer-bearer-loadout,"catalog/rules/special-rules.yaml#shared-rule.censer-bearer is a promotion mirror (""runtime stays on the band rule""); 2 of 2 band origin(s) restate it, e.g. bands/mordheim/skaven-clan-pestilens/special-rules.yaml#band--clan-pestilens-special-skills-censer-bearer scope=YES implemented=YES",band binding(s): compiler.censer-bearer-loadout; consumed by the modular engine,band-rule bindings + existing semantic corpus; code inspection,,,,No repair required; keep the binding/consumer evidence current.,every admitted clause of shared-rule.censer-bearer is realized by a bound operator on its band origins and verify passes.
source/catalog/rules/special-rules.yaml/shared-rule.charge/unclassified,catalog/rules/special-rules.yaml,current (hash verified),YES,A Dire Wolf has 2 Attacks instead of 1 during a turn in which it charges.,,covered,trait.charge-attack-bonus,"catalog/rules/special-rules.yaml#shared-rule.charge is a promotion mirror (""runtime stays on the band rule""); 2 of 2 band origin(s) restate it, e.g. bands/mordheim/undead/special-rules.yaml#dire-wolves--charge scope=YES implemented=YES",band binding(s): trait.charge-attack-bonus; consumed by the modular engine,band-rule bindings + existing semantic corpus; code inspection,,,,No repair required; keep the binding/consumer evidence current.,every admitted clause of shared-rule.charge is realized by a bound operator on its band origins and verify passes.
source/catalog/rules/special-rules.yaml/shared-rule.crushing-blow/unclassified,catalog/rules/special-rules.yaml,current (hash verified),YES,Norse warriors train in almost all of their spare time. They are expert fighters and learn to put all of their strength into very powerful attacks. No enemy may,,covered,skill.crushing-blow,"catalog/rules/special-rules.yaml#shared-rule.crushing-blow is a promotion mirror (""runtime stays on the band rule""); 2 of 2 band origin(s) restate it, e.g. bands/mordheim/norse-explorers-btb/special-rules.yaml#band--norse-special-skills-crushing-blow scope=YES implemented=YES",band binding(s): skill.crushing-blow; consumed by the modular engine,band-rule bindings + existing semantic corpus; code inspection,,,,No repair required; keep the binding/consumer evidence current.,every admitted clause of shared-rule.crushing-blow is realized by a bound operator on its band origins and verify passes.
source/catalog/rules/special-rules.yaml/shared-rule.deathwish/unclassified,catalog/rules/special-rules.yaml,current (hash verified),YES,Troll Slayers seek an honourable death in combat. They are completely immune to all psychology and never need to test if fighting alone.,"All Alone group test (group psychology, excluded by the 1v1 scope correction)",covered,mechanic.psychology-immunity,"catalog/rules/special-rules.yaml#shared-rule.deathwish is a promotion mirror (""runtime stays on the band rule""); 3 of 3 band origin(s) restate it, e.g. bands/mordheim/clan-angrund-kep/special-rules.yaml#dwarf-troll-slayers--deathwish scope=YES implemented=YES",band binding(s): mechanic.psychology-immunity; consumed by the modular engine,band-rule bindings + existing semantic corpus; code inspection,,,,No repair required; keep the binding/consumer evidence current.,every admitted clause of shared-rule.deathwish is realized by a bound operator on its band origins and verify passes.
source/catalog/rules/special-rules.yaml/shared-rule.eadbasher/unclassified,catalog/rules/special-rules.yaml,current (hash verified),YES,"Orcs have massive physical strength and some of them even learn to aim their blows at the heads of their opponents, with obvious results. Any knocked down resul",,covered,skill.head-crusher,"catalog/rules/special-rules.yaml#shared-rule.eadbasher is a promotion mirror (""runtime stays on the band rule""); 3 of 3 band origin(s) restate it, e.g. bands/mordheim/black-orcs/special-rules.yaml#band--black-orc-special-skills-eadbasher scope=YES implemented=YES",band binding(s): skill.head-crusher; consumed by the modular engine,band-rule bindings + existing semantic corpus; code inspection,,,,No repair required; keep the binding/consumer evidence current.,every admitted clause of shared-rule.eadbasher is realized by a bound operator on its band origins and verify passes.
source/catalog/rules/special-rules.yaml/shared-rule.elven-agility/unclassified,catalog/rules/special-rules.yaml,current (hash verified),YES,"The Hero has a 6+ special save against close-combat and missile attacks. If the Hero also has Dodge or Step Aside, the relevant save improves to 4+ and Elven Ag",,covered,skill.elven-agility,"catalog/rules/special-rules.yaml#shared-rule.elven-agility is a promotion mirror (""runtime stays on the band rule""); 2 of 2 band origin(s) restate it, e.g. bands/trollheim/lustria-dark-elves/special-rules.yaml#band--dark-elf-special-skills-elven-agility scope=YES implemented=YES",band binding(s): skill.elven-agility; consumed by the modular engine,band-rule bindings + existing semantic corpus; code inspection,,,,No repair required; keep the binding/consumer evidence current.,every admitted clause of shared-rule.elven-agility is realized by a bound operator on its band origins and verify passes.
source/catalog/rules/special-rules.yaml/shared-rule.ere-we-go/unclassified,catalog/rules/special-rules.yaml,current (hash verified),YES,Orcs often charge even the most fearsome opponents. The model may ignore fear tests when charging.,,implementation_missing,none,catalog/rules/special-rules.yaml#shared-rule.ere-we-go; every restating band origin is LATER/NO with no binding,no executable operator is bound by any origin,code inspection only,an executable operator for the individual duel clause,,,Decide the individual operation for shared-rule.ere-we-go and bind an existing or new mechanic on the band origin.,a band origin of shared-rule.ere-we-go carries scope YES/implemented YES and a consumed binding.
source/catalog/rules/special-rules.yaml/shared-rule.fear/unclassified,catalog/rules/special-rules.yaml,current (hash verified),YES,This warrior causes Fear.,,partial,mechanic.causes-fear,"catalog/rules/special-rules.yaml#shared-rule.fear is a promotion mirror (""runtime stays on the band rule""); 15 of 26 band origin(s) restate it, e.g. bands/mordheim/black-orcs/special-rules.yaml#troll--fear scope=YES implemented=YES",band binding(s): mechanic.causes-fear; consumed by the modular engine,band-rule bindings + existing semantic corpus; code inspection,11 of 26 restating band origin(s) are still LATER/NO without a binding,,,Reconcile the bound operator/clauses for shared-rule.fear.,every admitted clause of shared-rule.fear is realized by a bound operator on its band origins and verify passes.
source/catalog/rules/special-rules.yaml/shared-rule.hard-as-steel/unclassified,catalog/rules/special-rules.yaml,current (hash verified),YES,"Dwarfs are hardy individuals and this Hero is hardy even for a Dwarf! When rolling on the Injury table for this Hero, a roll of 1-3 is treated as knocked down, ",,partial,"skill.hard-to-kill, skill.tough-as-steel","catalog/rules/special-rules.yaml#shared-rule.hard-as-steel is a promotion mirror (""runtime stays on the band rule""); 5 of 5 band origin(s) restate it, e.g. bands/mordheim/clan-angrund-kep/special-rules.yaml#band--dwarf-special-skills-true-grit scope=YES implemented=YES","band binding(s): skill.hard-to-kill, skill.tough-as-steel; consumed by the modular engine",band-rule bindings + existing semantic corpus; code inspection,"the printed 1-3 knocked-down band; the two bound origins disagree (skill.hard-to-kill gives KD 1-2, skill.tough-as-steel gives KD 1-2) and neither reproduces 1-3",,,Reconcile the bound operator/clauses for shared-rule.hard-as-steel.,every admitted clause of shared-rule.hard-as-steel is realized by a bound operator on its band origins and verify passes.
source/catalog/rules/special-rules.yaml/shared-rule.hard-head-2/unclassified,catalog/rules/special-rules.yaml,current (hash verified),YES,"Dwarfs ignore the special rules for maces, clubs and similar weapons.",,covered,trait.concussion-immune,"catalog/rules/special-rules.yaml#shared-rule.hard-head-2 is a promotion mirror (""runtime stays on the band rule""); 7 of 7 band origin(s) restate it, e.g. bands/mordheim/clan-angrund-kep/special-rules.yaml#band--hard-head scope=YES implemented=YES",band binding(s): trait.concussion-immune; consumed by the modular engine,band-rule bindings + existing semantic corpus; code inspection,,,,No repair required; keep the binding/consumer evidence current.,every admitted clause of shared-rule.hard-head-2 is realized by a bound operator on its band origins and verify passes.
source/catalog/rules/special-rules.yaml/shared-rule.hard-to-kill/unclassified,catalog/rules/special-rules.yaml,current (hash verified),YES,Dwarfs are taken out of action only on a 6 on the Injury chart; 1–2 is Knocked Down and 3–5 is Stunned.,,partial,skill.hard-to-kill,"catalog/rules/special-rules.yaml#shared-rule.hard-to-kill is a promotion mirror (""runtime stays on the band rule""); 7 of 9 band origin(s) restate it, e.g. bands/mordheim/clan-angrund-kep/special-rules.yaml#band--hard-to-kill scope=YES implemented=YES",band binding(s): skill.hard-to-kill; consumed by the modular engine,band-rule bindings + existing semantic corpus; code inspection,2 of 9 restating band origin(s) are still LATER/NO without a binding,,,Reconcile the bound operator/clauses for shared-rule.hard-to-kill.,every admitted clause of shared-rule.hard-to-kill is realized by a bound operator on its band origins and verify passes.
source/catalog/rules/special-rules.yaml/shared-rule.hate-orcs-and-goblins/unclassified,catalog/rules/special-rules.yaml,current (hash verified),YES,All Dwarfs hate Orcs and Goblins.,,partial,mechanic.hatred-orcs-goblins,"catalog/rules/special-rules.yaml#shared-rule.hate-orcs-and-goblins is a promotion mirror (""runtime stays on the band rule""); 3 of 4 band origin(s) restate it, e.g. bands/mordheim/dwarf-rangers/special-rules.yaml#band--hate-orcs-and-goblins scope=YES implemented=YES",band binding(s): mechanic.hatred-orcs-goblins; consumed by the modular engine,band-rule bindings + existing semantic corpus; code inspection,1 of 4 restating band origin(s) are still LATER/NO without a binding,,,Reconcile the bound operator/clauses for shared-rule.hate-orcs-and-goblins.,every admitted clause of shared-rule.hate-orcs-and-goblins is realized by a bound operator on its band origins and verify passes.
source/catalog/rules/special-rules.yaml/shared-rule.immune-to-poison-3/unclassified,catalog/rules/special-rules.yaml,current (hash verified),YES,Warriors with the Undead special rule are unaffected by poison.,,covered,trait.poison-immune,"catalog/rules/special-rules.yaml#shared-rule.immune-to-poison-3 is a promotion mirror (""runtime stays on the band rule""); 4 of 4 band origin(s) restate it, e.g. bands/mordheim/strigoi-kaz/special-rules.yaml#fell-bats--immune-to-poison scope=YES implemented=YES",band binding(s): trait.poison-immune; consumed by the modular engine,band-rule bindings + existing semantic corpus; code inspection,,,,No repair required; keep the binding/consumer evidence current.,every admitted clause of shared-rule.immune-to-poison-3 is realized by a bound operator on its band origins and verify passes.
source/catalog/rules/special-rules.yaml/shared-rule.immune-to-poison/unclassified,catalog/rules/special-rules.yaml,current (hash verified),YES,This warrior is immune to Poison.,,covered,trait.poison-immune,"catalog/rules/special-rules.yaml#shared-rule.immune-to-poison is a promotion mirror (""runtime stays on the band rule""); 23 of 23 band origin(s) restate it, e.g. bands/mordheim/call-of-the-night-haint-mim/special-rules.yaml#tomb-banshee--immune-to-poison scope=YES implemented=YES",band binding(s): trait.poison-immune; consumed by the modular engine,band-rule bindings + existing semantic corpus; code inspection,,,,No repair required; keep the binding/consumer evidence current.,every admitted clause of shared-rule.immune-to-poison is realized by a bound operator on its band origins and verify passes.
source/catalog/rules/special-rules.yaml/shared-rule.immune-to-psychology-4/unclassified,catalog/rules/special-rules.yaml,current (hash verified),YES,All warriors with the Undead special rule are immune to Psychology and never leave combat because of Psychology.,,partial,mechanic.psychology-immunity,"catalog/rules/special-rules.yaml#shared-rule.immune-to-psychology-4 is a promotion mirror (""runtime stays on the band rule""); 2 of 5 band origin(s) restate it, e.g. bands/mordheim/strigoi-kaz/special-rules.yaml#fell-bats--immune-to-psychology scope=YES implemented=YES",band binding(s): mechanic.psychology-immunity; consumed by the modular engine,band-rule bindings + existing semantic corpus; code inspection,3 of 5 restating band origin(s) are still LATER/NO without a binding,,,Reconcile the bound operator/clauses for shared-rule.immune-to-psychology-4.,every admitted clause of shared-rule.immune-to-psychology-4 is realized by a bound operator on its band origins and verify passes.
source/catalog/rules/special-rules.yaml/shared-rule.immune-to-psychology/unclassified,catalog/rules/special-rules.yaml,current (hash verified),YES,This warrior is immune to Psychology and never leaves combat because of Psychology.,,partial,mechanic.psychology-immunity,"catalog/rules/special-rules.yaml#shared-rule.immune-to-psychology is a promotion mirror (""runtime stays on the band rule""); 9 of 16 band origin(s) restate it, e.g. bands/mordheim/necrarchs-the-soul-stealers-lotd1/special-rules.yaml#necrarch-vampire--immune-to-psychology scope=YES implemented=YES",band binding(s): mechanic.psychology-immunity; consumed by the modular engine,band-rule bindings + existing semantic corpus; code inspection,7 of 16 restating band origin(s) are still LATER/NO without a binding,,,Reconcile the bound operator/clauses for shared-rule.immune-to-psychology.,every admitted clause of shared-rule.immune-to-psychology is realized by a bound operator on its band origins and verify passes.
source/catalog/rules/special-rules.yaml/shared-rule.leader/unclassified,catalog/rules/special-rules.yaml,current (hash verified),YES,"Any model in the warband within 6"" of this warrior may use this warrior's Leadership instead of their own when taking Leadership tests.","group proximity producer (the local leader fact is supplied, not simulated)",covered,mechanic.leader-six,"catalog/rules/special-rules.yaml#shared-rule.leader is a promotion mirror (""runtime stays on the band rule""); 37 of 37 band origin(s) restate it, e.g. bands/mordheim/amazons-lustria/special-rules.yaml#serpent-priestess--leader scope=YES implemented=YES",band binding(s): mechanic.leader-six; consumed by the modular engine,band-rule bindings + existing semantic corpus; code inspection,,,,No repair required; keep the binding/consumer evidence current.,every admitted clause of shared-rule.leader is realized by a bound operator on its band origins and verify passes.
source/catalog/rules/special-rules.yaml/shared-rule.middenheim-physical-prowess/unclassified,catalog/rules/special-rules.yaml,current (hash verified),YES,The Mercenary Captain and all Champions in a Middenheim warband start with Strength 4 instead of Strength 3.,,covered,profile.characteristics,"catalog/rules/special-rules.yaml#shared-rule.middenheim-physical-prowess is a promotion mirror (""runtime stays on the band rule""); 2 of 2 band origin(s) restate it, e.g. bands/mordheim/mercenaries/special-rules.yaml#band--middenheim-physical-prowess scope=YES implemented=YES",band binding(s): profile.characteristics; consumed by the modular engine,band-rule bindings + existing semantic corpus; code inspection,,,,No repair required; keep the binding/consumer evidence current.,every admitted clause of shared-rule.middenheim-physical-prowess is realized by a bound operator on its band origins and verify passes.
source/catalog/rules/special-rules.yaml/shared-rule.natural-weapons/unclassified,catalog/rules/special-rules.yaml,current (hash verified),YES,"The Wulfen fights with teeth and claws, may never use weapons or armour, and suffers no penalty for fighting unarmed.",armour/no-weapon construction half,covered,profile.natural-attacks,"catalog/rules/special-rules.yaml#shared-rule.natural-weapons is a promotion mirror (""runtime stays on the band rule""); 2 of 2 band origin(s) restate it, e.g. bands/mordheim/norse-explorers-btb/special-rules.yaml#wulfen--natural-weapons scope=YES implemented=YES",band binding(s): profile.natural-attacks; consumed by the modular engine,band-rule bindings + existing semantic corpus; code inspection,,,,No repair required; keep the binding/consumer evidence current.,every admitted clause of shared-rule.natural-weapons is realized by a bound operator on its band origins and verify passes.
source/catalog/rules/special-rules.yaml/shared-rule.no-pain-4/unclassified,catalog/rules/special-rules.yaml,current (hash verified),YES,All warriors with the Undead special rule treat a Stunned result as Knocked Down.,,covered,skill.ignore-pain,"catalog/rules/special-rules.yaml#shared-rule.no-pain-4 is a promotion mirror (""runtime stays on the band rule""); 3 of 3 band origin(s) restate it, e.g. bands/mordheim/tomb-guardians/special-rules.yaml#band--no-pain scope=YES implemented=YES",band binding(s): skill.ignore-pain; consumed by the modular engine,band-rule bindings + existing semantic corpus; code inspection,,,,No repair required; keep the binding/consumer evidence current.,every admitted clause of shared-rule.no-pain-4 is realized by a bound operator on its band origins and verify passes.
source/catalog/rules/special-rules.yaml/shared-rule.no-pain/unclassified,catalog/rules/special-rules.yaml,current (hash verified),YES,This warrior treats any Stunned result on the Injury chart as Knocked Down.,,covered,skill.ignore-pain,"catalog/rules/special-rules.yaml#shared-rule.no-pain is a promotion mirror (""runtime stays on the band rule""); 19 of 19 band origin(s) restate it, e.g. bands/mordheim/fallen-the-rel/special-rules.yaml#revenant--no-pain scope=YES implemented=YES",band binding(s): skill.ignore-pain; consumed by the modular engine,band-rule bindings + existing semantic corpus; code inspection,,,,No repair required; keep the binding/consumer evidence current.,every admitted clause of shared-rule.no-pain is realized by a bound operator on its band origins and verify passes.
source/catalog/rules/special-rules.yaml/shared-rule.regeneration/unclassified,catalog/rules/special-rules.yaml,current (hash verified),YES,"Trolls have a unique physiology that allows them to regenerate wounds. Whenever an enemy successfully inflicts a wound on a Troll roll a D6, on a result of 4 or",,covered,skill.regeneration,"catalog/rules/special-rules.yaml#shared-rule.regeneration is a promotion mirror (""runtime stays on the band rule""); 7 of 7 band origin(s) restate it, e.g. bands/mordheim/black-orcs/special-rules.yaml#troll--regeneration scope=YES implemented=YES",band binding(s): skill.regeneration; consumed by the modular engine,band-rule bindings + existing semantic corpus; code inspection,,,,No repair required; keep the binding/consumer evidence current.,every admitted clause of shared-rule.regeneration is realized by a bound operator on its band origins and verify passes.
source/catalog/rules/special-rules.yaml/shared-rule.shield-master/unclassified,catalog/rules/special-rules.yaml,current (hash verified),YES,Norse warriors begin training with shields when they are still children. Some warriors become so skilled with these weapons they can block almost any blow again,,covered,skill.shield-mastery,"catalog/rules/special-rules.yaml#shared-rule.shield-master is a promotion mirror (""runtime stays on the band rule""); 2 of 2 band origin(s) restate it, e.g. bands/mordheim/norse-explorers-btb/special-rules.yaml#band--norse-special-skills-shield-master scope=YES implemented=YES",band binding(s): skill.shield-mastery; consumed by the modular engine,band-rule bindings + existing semantic corpus; code inspection,,,,No repair required; keep the binding/consumer evidence current.,every admitted clause of shared-rule.shield-master is realized by a bound operator on its band origins and verify passes.
source/catalog/rules/special-rules.yaml/shared-rule.skills/unclassified,catalog/rules/special-rules.yaml,current (hash verified),YES,"If the Ogre Pit Fighter becomes a Hero through The Lad's Got Talent, it may choose Combat, Strength and Pit Fighter Special Skills.",post-battle promotion producer,covered,compiler.promoted-hero-skill-access,"catalog/rules/special-rules.yaml#shared-rule.skills is a promotion mirror (""runtime stays on the band rule""); 2 of 2 band origin(s) restate it, e.g. bands/mordheim/pit-fighters/special-rules.yaml#ogre-pit-fighter--skills scope=YES implemented=YES",band binding(s): compiler.promoted-hero-skill-access; consumed by the modular engine,band-rule bindings + existing semantic corpus; code inspection,,,,No repair required; keep the binding/consumer evidence current.,every admitted clause of shared-rule.skills is realized by a bound operator on its band origins and verify passes.
source/catalog/rules/special-rules.yaml/shared-rule.strictures/unclassified,catalog/rules/special-rules.yaml,current (hash verified),YES,Priests of Taal may never wear heavy armour.,campaign acquisition of the item id is handled by construction,covered,profile.equipment-restrictions,"catalog/rules/special-rules.yaml#shared-rule.strictures is a promotion mirror (""runtime stays on the band rule""); 2 of 2 band origin(s) restate it, e.g. bands/mordheim/horned-hunters/special-rules.yaml#priest-of-taal--strictures scope=YES implemented=YES",band binding(s): profile.equipment-restrictions; consumed by the modular engine,band-rule bindings + existing semantic corpus; code inspection,,,,No repair required; keep the binding/consumer evidence current.,every admitted clause of shared-rule.strictures is realized by a bound operator on its band origins and verify passes.
source/catalog/rules/special-rules.yaml/shared-rule.stupidity-2/unclassified,catalog/rules/special-rules.yaml,current (hash verified),YES,A Troll is subject to the rules for stupidity.,,partial,mechanic.stupidity,"catalog/rules/special-rules.yaml#shared-rule.stupidity-2 is a promotion mirror (""runtime stays on the band rule""); 7 of 8 band origin(s) restate it, e.g. bands/mordheim/black-orcs/special-rules.yaml#troll--stupidity scope=YES implemented=YES",band binding(s): mechanic.stupidity; consumed by the modular engine,band-rule bindings + existing semantic corpus; code inspection,1 of 8 restating band origin(s) are still LATER/NO without a binding,,,Reconcile the bound operator/clauses for shared-rule.stupidity-2.,every admitted clause of shared-rule.stupidity-2 is realized by a bound operator on its band origins and verify passes.
source/catalog/rules/special-rules.yaml/shared-rule.stupidity/unclassified,catalog/rules/special-rules.yaml,current (hash verified),YES,"The Rat Ogre is subject to Stupidity unless a Skaven Hero is within 6"".",,partial,mechanic.stupidity,"catalog/rules/special-rules.yaml#shared-rule.stupidity is a promotion mirror (""runtime stays on the band rule""); 4 of 6 band origin(s) restate it, e.g. bands/mordheim/skaven-clan-eshin/special-rules.yaml#rat-ogre--stupidity scope=YES implemented=YES",band binding(s): mechanic.stupidity; consumed by the modular engine,band-rule bindings + existing semantic corpus; code inspection,2 of 6 restating band origin(s) are still LATER/NO without a binding,,,Reconcile the bound operator/clauses for shared-rule.stupidity.,every admitted clause of shared-rule.stupidity is realized by a bound operator on its band origins and verify passes.
source/catalog/rules/special-rules.yaml/shared-rule.thick-skull/unclassified,catalog/rules/special-rules.yaml,current (hash verified),YES,"This warrior has a 3+ save on a D6 to avoid being Stunned. If the save is successful, treat the Stunned result as Knocked Down instead. If the warrior is also w",,partial,"skill.thick-skull, trait.concussion-immune","catalog/rules/special-rules.yaml#shared-rule.thick-skull is a promotion mirror (""runtime stays on the band rule""); 7 of 7 band origin(s) restate it, e.g. bands/mordheim/black-orcs/special-rules.yaml#band--black-orc-special-skills-ard-ead scope=YES implemented=YES","band binding(s): skill.thick-skull, trait.concussion-immune; consumed by the modular engine",band-rule bindings + existing semantic corpus; code inspection,"the stun save on the clan-angrund-kep origin, whose binding is trait.concussion-immune (concussion immunity) instead of the skill.thick-skull stun-save operator",,,Reconcile the bound operator/clauses for shared-rule.thick-skull.,every admitted clause of shared-rule.thick-skull is realized by a bound operator on its band origins and verify passes.
source/catalog/rules/special-rules.yaml/shared-rule.undead/unclassified,catalog/rules/special-rules.yaml,current (hash verified),YES,Skeletons are undead and follow all rules for the Undead.,,partial,mechanic.undead,"catalog/rules/special-rules.yaml#shared-rule.undead is a promotion mirror (""runtime stays on the band rule""); 1 of 4 band origin(s) restate it, e.g. bands/mordheim/tomb-guardians/special-rules.yaml#skeleton-warriors--undead scope=YES implemented=YES",band binding(s): mechanic.undead; consumed by the modular engine,band-rule bindings + existing semantic corpus; code inspection,3 of 4 restating band origin(s) are still LATER/NO without a binding,,,Reconcile the bound operator/clauses for shared-rule.undead.,every admitted clause of shared-rule.undead is realized by a bound operator on its band origins and verify passes.
source/catalog/rules/special-rules.yaml/shared-rule.vomit-attack/unclassified,catalog/rules/special-rules.yaml,current (hash verified),YES,"Instead of his normal attacks, a Troll can regurgitate its highly corrosive digestive juices on an unfortunate hand-to-hand combat opponent. This is a single at",,covered,weapon.vomit-attack,"catalog/rules/special-rules.yaml#shared-rule.vomit-attack is a promotion mirror (""runtime stays on the band rule""); 7 of 7 band origin(s) restate it, e.g. bands/mordheim/black-orcs/special-rules.yaml#troll--vomit-attack scope=YES implemented=YES",band binding(s): weapon.vomit-attack; consumed by the modular engine,band-rule bindings + existing semantic corpus; code inspection,,,,No repair required; keep the binding/consumer evidence current.,every admitted clause of shared-rule.vomit-attack is realized by a bound operator on its band origins and verify passes.
source/catalog/rules/special-rules.yaml/shared-rule.weedy/unclassified,catalog/rules/special-rules.yaml,current (hash verified),YES,"Snotlings are not the most robust of creatures. If wounded they will be knocked down on a 1, stunned on a 2-3 and go out of action on a 4-6.",,covered,trait.injury-profile,"catalog/rules/special-rules.yaml#shared-rule.weedy is a promotion mirror (""runtime stays on the band rule""); 4 of 4 band origin(s) restate it, e.g. bands/mordheim/crooked-moon-kep/special-rules.yaml#snotling-mob--weedy scope=YES implemented=YES",band binding(s): trait.injury-profile; consumed by the modular engine,band-rule bindings + existing semantic corpus; code inspection,,,,No repair required; keep the binding/consumer evidence current.,every admitted clause of shared-rule.weedy is realized by a bound operator on its band origins and verify passes.
