id,lot,source_file,proposed_scope,audit_status,consolidated_status,shared_target,correction,evidence,related_ids,existing_follow_up,next_action,closure_criterion,f074_disposition,f074_target,f074_evidence
source/bands/mordheim/araby-smugglers-sar/equipment-access.yaml/@/equipment_lists/0/items/1/notes/unclassified,A-construction,bands/mordheim/araby-smugglers-sar/equipment-access.yaml,YES,covered,retained,item/mace_hammer,,catalogue.mappings / carriedItemFacts in packages/typescript/domain/eligibility/index.ts,list=corsair-equipment-list,,None; the item identity is the canonical equivalence.,Item keeps its implemented mechanic mapping.,already_covered,,Audit status covered: the declared list or an existing maintained decision already realises the clause.
source/bands/mordheim/araby-smugglers-sar/equipment-access.yaml/@/equipment_lists/0/items/4/notes/unclassified,A-construction,bands/mordheim/araby-smugglers-sar/equipment-access.yaml,YES,metadata_gap,retained,item/cat_o_nine_tails,,equipmentIssue offers the item to every declared user of list corsair-equipment-list (shared eligibility ignores notes),list=corsair-equipment-list,,Model the bearer restriction (item access or list scope); reuse shared eligibility.,A non-recipient is refused and an intended recipient is accepted by the shared decision.,applied_recipients,araby-smugglers-sar/corsair-equipment-list/cat_o_nine_tails,applies_to inserted on the canonical entry as the union of the printed recipients; the shared decision now filters it per profile.
source/bands/mordheim/araby-smugglers-sar/equipment-access.yaml/@/equipment_lists/0/items/5/notes/unclassified,A-construction,bands/mordheim/araby-smugglers-sar/equipment-access.yaml,YES,covered,retained,item/sword_scimitar,,catalogue.mappings / carriedItemFacts in packages/typescript/domain/eligibility/index.ts,list=corsair-equipment-list,,None; the item identity is the canonical equivalence.,Item keeps its implemented mechanic mapping.,already_covered,,Audit status covered: the declared list or an existing maintained decision already realises the clause.
source/bands/mordheim/araby-smugglers-sar/equipment-access.yaml/@/equipment_lists/1/items/1/notes/unclassified,A-construction,bands/mordheim/araby-smugglers-sar/equipment-access.yaml,YES,covered,retained,item/mace_hammer,,catalogue.mappings / carriedItemFacts in packages/typescript/domain/eligibility/index.ts,list=janissary-equipment-list,,None; the item identity is the canonical equivalence.,Item keeps its implemented mechanic mapping.,already_covered,,Audit status covered: the declared list or an existing maintained decision already realises the clause.
source/bands/mordheim/araby-smugglers-sar/equipment-access.yaml/@/equipment_lists/1/items/3/notes/unclassified,A-construction,bands/mordheim/araby-smugglers-sar/equipment-access.yaml,YES,covered,retained,item/sword_scimitar,,catalogue.mappings / carriedItemFacts in packages/typescript/domain/eligibility/index.ts,list=janissary-equipment-list,,None; the item identity is the canonical equivalence.,Item keeps its implemented mechanic mapping.,already_covered,,Audit status covered: the declared list or an existing maintained decision already realises the clause.
source/bands/mordheim/araby-smugglers-sar/equipment-access.yaml/@/equipment_lists/2/items/1/notes/unclassified,A-construction,bands/mordheim/araby-smugglers-sar/equipment-access.yaml,YES,covered,retained,item/mace_hammer,,catalogue.mappings / carriedItemFacts in packages/typescript/domain/eligibility/index.ts,list=slave-equipment-list,,None; the item identity is the canonical equivalence.,Item keeps its implemented mechanic mapping.,already_covered,,Audit status covered: the declared list or an existing maintained decision already realises the clause.
source/bands/mordheim/araby-smugglers-sar/equipment-access.yaml/@/equipment_lists/2/items/4/notes/unclassified,A-construction,bands/mordheim/araby-smugglers-sar/equipment-access.yaml,YES,covered,retained,item/cutlass_sword,,catalogue.mappings / carriedItemFacts in packages/typescript/domain/eligibility/index.ts,list=slave-equipment-list,,None; the item identity is the canonical equivalence.,Item keeps its implemented mechanic mapping.,already_covered,,Audit status covered: the declared list or an existing maintained decision already realises the clause.
source/bands/mordheim/averlanders/equipment-access.yaml/@/equipment_lists/0/items/10/notes/unclassified,A-construction,bands/mordheim/averlanders/equipment-access.yaml,YES,metadata_gap,retained,item/hunting_arrows,,equipmentIssue offers the item to every declared user of list scout-equipment-list (shared eligibility ignores notes),list=scout-equipment-list,,Model the bearer restriction (item access or list scope); reuse shared eligibility.,A non-recipient is refused and an intended recipient is accepted by the shared decision.,applied_recipients,averlanders/scout-equipment-list/hunting_arrows,applies_to inserted on the canonical entry as the union of the printed recipients; the shared decision now filters it per profile.
source/bands/mordheim/averlanders/equipment-access.yaml/@/equipment_lists/0/items/6/notes/unclassified,A-construction,bands/mordheim/averlanders/equipment-access.yaml,YES,metadata_gap,retained,item/long_bow,,equipmentIssue offers the item to every declared user of list scout-equipment-list (shared eligibility ignores notes),list=scout-equipment-list,,Model the bearer restriction (item access or list scope); reuse shared eligibility.,A non-recipient is refused and an intended recipient is accepted by the shared decision.,applied_recipients,averlanders/scout-equipment-list/long_bow,applies_to inserted on the canonical entry as the union of the printed recipients; the shared decision now filters it per profile.
source/bands/mordheim/black-orcs/equipment-access.yaml/@/equipment_lists/1/items/5/notes/unclassified,A-construction,bands/mordheim/black-orcs/equipment-access.yaml,YES,metadata_gap,retained,item/great_weapon,,equipmentIssue offers the item to every declared user of list henchmen-list (shared eligibility ignores notes),list=henchmen-list,,Model the bearer restriction (item access or list scope); reuse shared eligibility.,A non-recipient is refused and an intended recipient is accepted by the shared decision.,applied_recipients,black-orcs/henchmen-list/great_weapon,applies_to inserted on the canonical entry as the union of the printed recipients; the shared decision now filters it per profile.
source/bands/mordheim/black-orcs/equipment-access.yaml/@/equipment_lists/1/items/7/notes/unclassified,A-construction,bands/mordheim/black-orcs/equipment-access.yaml,YES,metadata_gap,retained,item/crossbow,,equipmentIssue offers the item to every declared user of list henchmen-list (shared eligibility ignores notes),list=henchmen-list,,Model the bearer restriction (item access or list scope); reuse shared eligibility.,A non-recipient is refused and an intended recipient is accepted by the shared decision.,applied_recipients,black-orcs/henchmen-list/crossbow,applies_to inserted on the canonical entry as the union of the printed recipients; the shared decision now filters it per profile.
source/bands/mordheim/bretonnian-brigands-mou/equipment-access.yaml/@/equipment_lists/0/items/10/notes/unclassified,A-construction,bands/mordheim/bretonnian-brigands-mou/equipment-access.yaml,YES,metadata_gap,retained,item/heavy_armour,,equipmentIssue offers the item to every declared user of list brigand-equipment-list (shared eligibility ignores notes),list=brigand-equipment-list,,Model the bearer restriction (item access or list scope); reuse shared eligibility.,A non-recipient is refused and an intended recipient is accepted by the shared decision.,applied_recipients,bretonnian-brigands-mou/brigand-equipment-list/heavy_armour,applies_to inserted on the canonical entry as the union of the printed recipients; the shared decision now filters it per profile.
source/bands/mordheim/bretonnian-brigands-mou/equipment-access.yaml/@/equipment_lists/0/items/11/notes/unclassified,A-construction,bands/mordheim/bretonnian-brigands-mou/equipment-access.yaml,YES,metadata_gap,retained,item/barding,,equipmentIssue offers the item to every declared user of list brigand-equipment-list (shared eligibility ignores notes),list=brigand-equipment-list,,Model the bearer restriction (item access or list scope); reuse shared eligibility.,A non-recipient is refused and an intended recipient is accepted by the shared decision.,applied_recipients,bretonnian-brigands-mou/brigand-equipment-list/barding,applies_to inserted on the canonical entry as the union of the printed recipients; the shared decision now filters it per profile.
source/bands/mordheim/bretonnian-brigands-mou/equipment-access.yaml/@/equipment_lists/0/items/12/notes/unclassified,A-construction,bands/mordheim/bretonnian-brigands-mou/equipment-access.yaml,YES,metadata_gap,retained,item/rapier,,notes are not consumed by the shared eligibility decisions,list=brigand-equipment-list,,"Reconcile the note against the item/mechanic and encode the admitted clause, or record exclusion.",Clause has a structured disposition (encoded or explicitly excluded).,applied_recipients,bretonnian-brigands-mou/brigand-equipment-list/rapier,applies_to inserted on the canonical entry as the union of the printed recipients; the shared decision now filters it per profile.
source/bands/mordheim/bretonnian-brigands-mou/equipment-access.yaml/@/equipment_lists/0/items/13/notes/unclassified,A-construction,bands/mordheim/bretonnian-brigands-mou/equipment-access.yaml,YES,metadata_gap,retained,item/halberd,,notes are not consumed by the shared eligibility decisions,list=brigand-equipment-list,,"Reconcile the note against the item/mechanic and encode the admitted clause, or record exclusion.",Clause has a structured disposition (encoded or explicitly excluded).,applied_recipients,bretonnian-brigands-mou/brigand-equipment-list/halberd,applies_to inserted on the canonical entry as the union of the printed recipients; the shared decision now filters it per profile.
source/bands/mordheim/bretonnian-brigands-mou/equipment-access.yaml/@/equipment_lists/0/items/14/notes/unclassified,A-construction,bands/mordheim/bretonnian-brigands-mou/equipment-access.yaml,YES,metadata_gap,retained,item/lance,,notes are not consumed by the shared eligibility decisions,list=brigand-equipment-list,,"Reconcile the note against the item/mechanic and encode the admitted clause, or record exclusion.",Clause has a structured disposition (encoded or explicitly excluded).,applied_recipients,bretonnian-brigands-mou/brigand-equipment-list/lance,applies_to inserted on the canonical entry as the union of the printed recipients; the shared decision now filters it per profile.
source/bands/mordheim/bretonnian-brigands-mou/equipment-access.yaml/@/equipment_lists/0/items/17/notes/unclassified,A-construction,bands/mordheim/bretonnian-brigands-mou/equipment-access.yaml,YES,metadata_gap,retained,item/crossbow,,equipmentIssue offers the item to every declared user of list brigand-equipment-list (shared eligibility ignores notes),list=brigand-equipment-list,,Model the bearer restriction (item access or list scope); reuse shared eligibility.,A non-recipient is refused and an intended recipient is accepted by the shared decision.,applied_recipients,bretonnian-brigands-mou/brigand-equipment-list/crossbow,applies_to inserted on the canonical entry as the union of the printed recipients; the shared decision now filters it per profile.
source/bands/mordheim/bretonnian-brigands-mou/equipment-access.yaml/@/equipment_lists/0/items/18/notes/unclassified,A-construction,bands/mordheim/bretonnian-brigands-mou/equipment-access.yaml,YES,metadata_gap,retained,item/horse,,equipmentIssue offers the item to every declared user of list brigand-equipment-list (shared eligibility ignores notes),list=brigand-equipment-list,,Model the bearer restriction (item access or list scope); reuse shared eligibility.,A non-recipient is refused and an intended recipient is accepted by the shared decision.,applied_recipients,bretonnian-brigands-mou/brigand-equipment-list/horse,applies_to inserted on the canonical entry as the union of the printed recipients; the shared decision now filters it per profile.
source/bands/mordheim/bretonnian-brigands-mou/equipment-access.yaml/@/equipment_lists/0/items/19/notes/unclassified,A-construction,bands/mordheim/bretonnian-brigands-mou/equipment-access.yaml,YES,metadata_gap,retained,item/warhorse,,equipmentIssue offers the item to every declared user of list brigand-equipment-list (shared eligibility ignores notes),list=brigand-equipment-list,,Model the bearer restriction (item access or list scope); reuse shared eligibility.,A non-recipient is refused and an intended recipient is accepted by the shared decision.,applied_recipients,bretonnian-brigands-mou/brigand-equipment-list/warhorse,applies_to inserted on the canonical entry as the union of the printed recipients; the shared decision now filters it per profile.
source/bands/mordheim/bretonnian-knights-errant-mou/equipment-access.yaml/@/equipment_lists/0/items/7/notes/unclassified,A-construction,bands/mordheim/bretonnian-knights-errant-mou/equipment-access.yaml,NO,out_of_scope,out_of_scope,item/heavy_armour,,no duel-construction consumer for acquisition data,list=knights-errant-equipment-list,,No duel-construction work required.,Clause stays excluded from duel construction.,out_of_scope,,"Audit status out_of_scope: pricing, rarity, campaign or duel-mechanic content outside the bearer scope."
source/bands/mordheim/brood-of-ghurash-the-sc/equipment-access.yaml/@/equipment_lists/0/items/0/notes/unclassified,A-construction,bands/mordheim/brood-of-ghurash-the-sc/equipment-access.yaml,YES,metadata_gap,retained,item/dagger,,equipmentIssue offers the item to every declared user of list brood-equipment-list (shared eligibility ignores notes),list=brood-equipment-list,,Model the bearer restriction (item access or list scope); reuse shared eligibility.,A non-recipient is refused and an intended recipient is accepted by the shared decision.,decision_required,brood-of-ghurash-the-sc/brood-equipment-list/dagger,"""1st free/2 gc; Henchmen only"" attaches the qualifier to the free/2 gc cost grant; whether it also restricts carriage needs the printed list text."
source/bands/mordheim/clan-angrund-kep/equipment-access.yaml/@/equipment_lists/0/items/4/notes/unclassified,A-construction,bands/mordheim/clan-angrund-kep/equipment-access.yaml,YES,metadata_gap,retained,item/dwarf_axe,,equipmentIssue offers the item to every declared user of list dwarf-warrior-equipment-list (shared eligibility ignores notes),list=dwarf-warrior-equipment-list,,Model the bearer restriction (item access or list scope); reuse shared eligibility.,A non-recipient is refused and an intended recipient is accepted by the shared decision.,already_covered,clan-angrund-kep/dwarf-warrior-equipment-list/dwarf_axe,"""Dwarfs only"" holds for every declared user of the band list."
source/bands/mordheim/clan-angrund-kep/equipment-access.yaml/@/equipment_lists/0/items/9/notes/unclassified,A-construction,bands/mordheim/clan-angrund-kep/equipment-access.yaml,YES,metadata_gap,retained,item/gromril_weapon,,notes are not consumed by the shared eligibility decisions,list=dwarf-warrior-equipment-list,,"Reconcile the note against the item/mechanic and encode the admitted clause, or record exclusion.",Clause has a structured disposition (encoded or explicitly excluded).,out_of_scope,clan-angrund-kep/dwarf-warrior-equipment-list/gromril_weapon,The clause prices an upgrade (three times cost) and defers later purchases to the Trading chart; it names no bearer.
source/bands/mordheim/crooked-moon-kep/equipment-access.yaml/@/equipment_lists/0/items/8/notes/unclassified,A-construction,bands/mordheim/crooked-moon-kep/equipment-access.yaml,YES,metadata_gap,retained,item/poison_daggers,,equipmentIssue offers the item to every declared user of list night-goblin-equipment-list (shared eligibility ignores notes),list=night-goblin-equipment-list,,Model the bearer restriction (item access or list scope); reuse shared eligibility.,A non-recipient is refused and an intended recipient is accepted by the shared decision.,decision_required,crooked-moon-kep/night-goblin-equipment-list/poison_daggers,"""Fanatics only"" names no profile declared on this list; the band's Fanatics and this list's users need the printed list layout to be reconciled."
source/bands/mordheim/estalian-corsairs-sar/equipment-access.yaml/@/equipment_lists/0/items/1/notes/unclassified,A-construction,bands/mordheim/estalian-corsairs-sar/equipment-access.yaml,YES,covered,retained,item/hammer,,catalogue.mappings / carriedItemFacts in packages/typescript/domain/eligibility/index.ts,list=pirate-equipment-list,,None; the item identity is the canonical equivalence.,Item keeps its implemented mechanic mapping.,already_covered,,Audit status covered: the declared list or an existing maintained decision already realises the clause.
source/bands/mordheim/estalian-corsairs-sar/equipment-access.yaml/@/equipment_lists/0/items/16/notes/unclassified,A-construction,bands/mordheim/estalian-corsairs-sar/equipment-access.yaml,YES,metadata_gap,retained,item/heavy_armour,,equipmentIssue offers the item to every declared user of list pirate-equipment-list (shared eligibility ignores notes),list=pirate-equipment-list,,Model the bearer restriction (item access or list scope); reuse shared eligibility.,A non-recipient is refused and an intended recipient is accepted by the shared decision.,decision_required,estalian-corsairs-sar/pirate-equipment-list/heavy_armour,"""Estalians only"" has no canonical Estalian marker on the profiles; the band carries only ""May not wear armour."" The origin/background of each profile must be published before the recipient set can be encoded."
source/bands/mordheim/estalian-corsairs-sar/equipment-access.yaml/@/equipment_lists/0/items/4/notes/unclassified,A-construction,bands/mordheim/estalian-corsairs-sar/equipment-access.yaml,YES,metadata_gap,retained,item/cat_o_nine_tails,,equipmentIssue offers the item to every declared user of list pirate-equipment-list (shared eligibility ignores notes),list=pirate-equipment-list,,Model the bearer restriction (item access or list scope); reuse shared eligibility.,A non-recipient is refused and an intended recipient is accepted by the shared decision.,applied_recipients,estalian-corsairs-sar/pirate-equipment-list/cat_o_nine_tails,applies_to inserted on the canonical entry as the union of the printed recipients; the shared decision now filters it per profile.
source/bands/mordheim/estalian-corsairs-sar/equipment-access.yaml/@/equipment_lists/0/items/7/notes/unclassified,A-construction,bands/mordheim/estalian-corsairs-sar/equipment-access.yaml,YES,metadata_gap,retained,item/rapier,,equipmentIssue offers the item to every declared user of list pirate-equipment-list (shared eligibility ignores notes),list=pirate-equipment-list,,Model the bearer restriction (item access or list scope); reuse shared eligibility.,A non-recipient is refused and an intended recipient is accepted by the shared decision.,decision_required,estalian-corsairs-sar/pirate-equipment-list/rapier,"""Estalians only"" has no canonical Estalian marker on the profiles; see the heavy-armour row."
source/bands/mordheim/estalian-corsairs-sar/equipment-access.yaml/@/equipment_lists/1/items/1/notes/unclassified,A-construction,bands/mordheim/estalian-corsairs-sar/equipment-access.yaml,YES,covered,retained,item/hammer,,catalogue.mappings / carriedItemFacts in packages/typescript/domain/eligibility/index.ts,list=gunner-equipment-list,,None; the item identity is the canonical equivalence.,Item keeps its implemented mechanic mapping.,already_covered,,Audit status covered: the declared list or an existing maintained decision already realises the clause.
source/bands/mordheim/estalian-corsairs-sar/equipment-access.yaml/@/equipment_lists/2/items/1/notes/unclassified,A-construction,bands/mordheim/estalian-corsairs-sar/equipment-access.yaml,YES,covered,retained,item/hammer,,catalogue.mappings / carriedItemFacts in packages/typescript/domain/eligibility/index.ts,list=swabbie-equipment-list,,None; the item identity is the canonical equivalence.,Item keeps its implemented mechanic mapping.,already_covered,,Audit status covered: the declared list or an existing maintained decision already realises the clause.
source/bands/mordheim/forest-goblins-lus/equipment-access.yaml/@/equipment_lists/2/items/0/notes/unclassified,A-construction,bands/mordheim/forest-goblins-lus/equipment-access.yaml,YES,metadata_gap,retained,item/boss_pole,,equipmentIssue offers the item to every declared user of list special-forest-goblin-equipment (shared eligibility ignores notes),list=special-forest-goblin-equipment,,Model the bearer restriction (item access or list scope); reuse shared eligibility.,A non-recipient is refused and an intended recipient is accepted by the shared decision.,decision_required,forest-goblins-lus/special-forest-goblin-equipment/boss_pole,"""Chieftain or Bosses only"" names a leader and a hero group, but no profile declares the special list; the granting rule must be inspected before encoding recipients."
source/bands/mordheim/forest-goblins-lus/equipment-access.yaml/@/equipment_lists/2/items/5/notes/unclassified,A-construction,bands/mordheim/forest-goblins-lus/equipment-access.yaml,NO,out_of_scope,out_of_scope,item/arachnid_mount,,no duel-construction consumer for acquisition data,list=special-forest-goblin-equipment,,No duel-construction work required.,Clause stays excluded from duel construction.,out_of_scope,,"Audit status out_of_scope: pricing, rarity, campaign or duel-mechanic content outside the bearer scope."
source/bands/mordheim/ghost-pirates-sar/equipment-access.yaml/@/equipment_lists/0/items/1/notes/unclassified,A-construction,bands/mordheim/ghost-pirates-sar/equipment-access.yaml,YES,covered,retained,item/hammer,,catalogue.mappings / carriedItemFacts in packages/typescript/domain/eligibility/index.ts,list=ghost-equipment-list,,None; the item identity is the canonical equivalence.,Item keeps its implemented mechanic mapping.,already_covered,,Audit status covered: the declared list or an existing maintained decision already realises the clause.
source/bands/mordheim/ghost-pirates-sar/equipment-access.yaml/@/equipment_lists/0/items/4/notes/unclassified,A-construction,bands/mordheim/ghost-pirates-sar/equipment-access.yaml,YES,metadata_gap,retained,item/cat_o_nine_tails,,equipmentIssue offers the item to every declared user of list ghost-equipment-list (shared eligibility ignores notes),list=ghost-equipment-list,,Model the bearer restriction (item access or list scope); reuse shared eligibility.,A non-recipient is refused and an intended recipient is accepted by the shared decision.,applied_recipients,ghost-pirates-sar/ghost-equipment-list/cat_o_nine_tails,applies_to inserted on the canonical entry as the union of the printed recipients; the shared decision now filters it per profile.
source/bands/mordheim/ghost-pirates-sar/equipment-access.yaml/@/equipment_lists/0/items/8/notes/unclassified,A-construction,bands/mordheim/ghost-pirates-sar/equipment-access.yaml,YES,metadata_gap,retained,item/cursed_pistol,,equipmentIssue offers the item to every declared user of list ghost-equipment-list (shared eligibility ignores notes),list=ghost-equipment-list,,Model the bearer restriction (item access or list scope); reuse shared eligibility.,A non-recipient is refused and an intended recipient is accepted by the shared decision.,already_covered,ghost-pirates-sar/ghost-equipment-list/cursed_pistol,"""Ghosts only"" holds for every declared user (two hero ghosts and the-cursed); the brace price is a purchase concern."
source/bands/mordheim/ghost-pirates-sar/equipment-access.yaml/@/equipment_lists/1/items/1/notes/unclassified,A-construction,bands/mordheim/ghost-pirates-sar/equipment-access.yaml,YES,covered,retained,item/hammer,,catalogue.mappings / carriedItemFacts in packages/typescript/domain/eligibility/index.ts,list=skeleton-equipment-list,,None; the item identity is the canonical equivalence.,Item keeps its implemented mechanic mapping.,already_covered,,Audit status covered: the declared list or an existing maintained decision already realises the clause.
source/bands/mordheim/ghost-pirates-sar/equipment-access.yaml/@/equipment_lists/2/items/1/notes/unclassified,A-construction,bands/mordheim/ghost-pirates-sar/equipment-access.yaml,YES,covered,retained,item/hammer,,catalogue.mappings / carriedItemFacts in packages/typescript/domain/eligibility/index.ts,list=bloated-equipment-list,,None; the item identity is the canonical equivalence.,Item keeps its implemented mechanic mapping.,already_covered,,Audit status covered: the declared list or an existing maintained decision already realises the clause.
source/bands/mordheim/grave-robbers-sylv/equipment-access.yaml/@/equipment_lists/0/items/15/notes/unclassified,A-construction,bands/mordheim/grave-robbers-sylv/equipment-access.yaml,YES,covered,retained,item/hooded_lantern_rig,,profiles.yaml equipment_lists -> profileEquipmentItems (no henchman receives the offer),list=hero-equipment-list,,None; list membership already restricts the offer.,Only the intended recipients receive the offer.,already_covered,,Audit status covered: the declared list or an existing maintained decision already realises the clause.
source/bands/mordheim/grave-robbers-sylv/equipment-access.yaml/@/equipment_lists/0/items/16/notes/unclassified,A-construction,bands/mordheim/grave-robbers-sylv/equipment-access.yaml,YES,covered,retained,item/surgeons_journal,,profiles.yaml equipment_lists -> profileEquipmentItems (no henchman receives the offer),list=hero-equipment-list,,None; list membership already restricts the offer.,Only the intended recipients receive the offer.,already_covered,,Audit status covered: the declared list or an existing maintained decision already realises the clause.
source/bands/mordheim/grave-robbers-sylv/equipment-access.yaml/@/equipment_lists/0/items/17/notes/unclassified,A-construction,bands/mordheim/grave-robbers-sylv/equipment-access.yaml,YES,covered,retained,item/finger_pendant,,profiles.yaml equipment_lists -> profileEquipmentItems (no henchman receives the offer),list=hero-equipment-list,,None; list membership already restricts the offer.,Only the intended recipients receive the offer.,already_covered,,Audit status covered: the declared list or an existing maintained decision already realises the clause.
source/bands/mordheim/grave-robbers-sylv/equipment-access.yaml/@/equipment_lists/0/items/4/notes/unclassified,A-construction,bands/mordheim/grave-robbers-sylv/equipment-access.yaml,YES,metadata_gap,retained,item/shovel,,no implemented mechanic resolved for this item,list=hero-equipment-list,,Map the printed equivalence onto a canonical item mechanic; do not add a name table.,Item resolves to the printed weapon/armour mechanic in simulation-mappings.,already_covered,grave-robbers-sylv/hero-equipment-list/shovel,"""Counts as a Halberd"" is an item alias already carried by the item, not a recipient clause."
source/bands/mordheim/grave-robbers-sylv/equipment-access.yaml/@/equipment_lists/0/items/6/notes/unclassified,A-construction,bands/mordheim/grave-robbers-sylv/equipment-access.yaml,YES,covered,retained,item/pry_bar,,profiles.yaml equipment_lists -> profileEquipmentItems (no henchman receives the offer),list=hero-equipment-list,,None; list membership already restricts the offer.,Only the intended recipients receive the offer.,already_covered,,Audit status covered: the declared list or an existing maintained decision already realises the clause.
source/bands/mordheim/grave-robbers-sylv/equipment-access.yaml/@/equipment_lists/1/items/5/notes/unclassified,A-construction,bands/mordheim/grave-robbers-sylv/equipment-access.yaml,YES,metadata_gap,retained,item/shovel,,no implemented mechanic resolved for this item,list=henchmen-equipment-list,,Map the printed equivalence onto a canonical item mechanic; do not add a name table.,Item resolves to the printed weapon/armour mechanic in simulation-mappings.,already_covered,grave-robbers-sylv/henchmen-equipment-list/shovel,"""Counts as a Halberd"" is an item alias already carried by the item, not a recipient clause."
source/bands/mordheim/halflings-mic/equipment-access.yaml/@/equipment_lists/0/items/0/notes/unclassified,A-construction,bands/mordheim/halflings-mic/equipment-access.yaml,YES,covered,retained,item/dagger,,catalogue.mappings / carriedItemFacts in packages/typescript/domain/eligibility/index.ts,list=adventurer-equipment-list,,None; the item identity is the canonical equivalence.,Item keeps its implemented mechanic mapping.,decision_required,halflings-mic/adventurer-equipment-list/dagger,"""Pairing Knife (Dagger)"" is an equipment-equivalence note (A-construction summary, ""Equipment equivalence notes""), and the ""; Halfling Cooks only"" tail qualifies the named variant's free/2 gc cost grant; neither a bearer restriction nor a purchase clause is separable from the printed list text yet, so the entry keeps its prose."
source/bands/mordheim/halflings-mic/equipment-access.yaml/@/equipment_lists/0/items/1/notes/unclassified,A-construction,bands/mordheim/halflings-mic/equipment-access.yaml,YES,covered,retained,item/hammer,,catalogue.mappings / carriedItemFacts in packages/typescript/domain/eligibility/index.ts,list=adventurer-equipment-list,,None; the item identity is the canonical equivalence.,Item keeps its implemented mechanic mapping.,decision_required,halflings-mic/adventurer-equipment-list/hammer,"""Tenderiser (Hammer)"" is an equipment-equivalence note (A-construction summary, ""Equipment equivalence notes""), and the ""; Halfling Cooks only"" tail qualifies the named variant's free/2 gc cost grant; neither a bearer restriction nor a purchase clause is separable from the printed list text yet, so the entry keeps its prose."
source/bands/mordheim/halflings-mic/equipment-access.yaml/@/equipment_lists/0/items/10/notes/unclassified,A-construction,bands/mordheim/halflings-mic/equipment-access.yaml,YES,covered,retained,item/helmet,,catalogue.mappings / carriedItemFacts in packages/typescript/domain/eligibility/index.ts,list=adventurer-equipment-list,,None; the item identity is the canonical equivalence.,Item keeps its implemented mechanic mapping.,decision_required,halflings-mic/adventurer-equipment-list/helmet,"""Cooking Pot (Helmet)"" is an equipment-equivalence note (A-construction summary, ""Equipment equivalence notes""), and the ""; Halfling Cooks only"" tail qualifies the named variant's free/2 gc cost grant; neither a bearer restriction nor a purchase clause is separable from the printed list text yet, so the entry keeps its prose."
source/bands/mordheim/halflings-mic/equipment-access.yaml/@/equipment_lists/0/items/11/notes/unclassified,A-construction,bands/mordheim/halflings-mic/equipment-access.yaml,YES,metadata_gap,retained,item/hunting_arrows,,equipmentIssue offers the item to every declared user of list adventurer-equipment-list (shared eligibility ignores notes),list=adventurer-equipment-list,,Model the bearer restriction (item access or list scope); reuse shared eligibility.,A non-recipient is refused and an intended recipient is accepted by the shared decision.,applied_recipients,halflings-mic/adventurer-equipment-list/hunting_arrows,applies_to inserted on the canonical entry as the union of the printed recipients; the shared decision now filters it per profile.
source/bands/mordheim/halflings-mic/equipment-access.yaml/@/equipment_lists/0/items/2/notes/unclassified,A-construction,bands/mordheim/halflings-mic/equipment-access.yaml,YES,covered,retained,item/axe,,catalogue.mappings / carriedItemFacts in packages/typescript/domain/eligibility/index.ts,list=adventurer-equipment-list,,None; the item identity is the canonical equivalence.,Item keeps its implemented mechanic mapping.,decision_required,halflings-mic/adventurer-equipment-list/axe,"""Meat Cleaver (Axe)"" is an equipment-equivalence note (A-construction summary, ""Equipment equivalence notes""), and the ""; Halfling Cooks only"" tail qualifies the named variant's free/2 gc cost grant; neither a bearer restriction nor a purchase clause is separable from the printed list text yet, so the entry keeps its prose."
source/bands/mordheim/halflings-mic/equipment-access.yaml/@/equipment_lists/0/items/3/notes/unclassified,A-construction,bands/mordheim/halflings-mic/equipment-access.yaml,YES,covered,retained,item/sword,,catalogue.mappings / carriedItemFacts in packages/typescript/domain/eligibility/index.ts,list=adventurer-equipment-list,,None; the item identity is the canonical equivalence.,Item keeps its implemented mechanic mapping.,decision_required,halflings-mic/adventurer-equipment-list/sword,"""Machete (Sword)"" is an equipment-equivalence note (A-construction summary, ""Equipment equivalence notes""), and the ""; Halfling Cooks only"" tail qualifies the named variant's free/2 gc cost grant; neither a bearer restriction nor a purchase clause is separable from the printed list text yet, so the entry keeps its prose."
source/bands/mordheim/halflings-mic/equipment-access.yaml/@/equipment_lists/0/items/4/notes/unclassified,A-construction,bands/mordheim/halflings-mic/equipment-access.yaml,YES,metadata_gap,retained,item/great_weapon,,equipmentIssue offers the item to every declared user of list adventurer-equipment-list (shared eligibility ignores notes),list=adventurer-equipment-list,,Model the bearer restriction (item access or list scope); reuse shared eligibility.,A non-recipient is refused and an intended recipient is accepted by the shared decision.,applied_recipients,halflings-mic/adventurer-equipment-list/great_weapon,applies_to inserted on the canonical entry as the union of the printed recipients; the shared decision now filters it per profile.
source/bands/mordheim/halflings-mic/equipment-access.yaml/@/equipment_lists/0/items/5/notes/unclassified,A-construction,bands/mordheim/halflings-mic/equipment-access.yaml,YES,metadata_gap,retained,item/spear,,equipmentIssue offers the item to every declared user of list adventurer-equipment-list (shared eligibility ignores notes),list=adventurer-equipment-list,,Model the bearer restriction (item access or list scope); reuse shared eligibility.,A non-recipient is refused and an intended recipient is accepted by the shared decision.,applied_recipients,halflings-mic/adventurer-equipment-list/spear,applies_to inserted on the canonical entry as the union of the printed recipients; the shared decision now filters it per profile.
source/bands/mordheim/halflings-mic/equipment-access.yaml/@/equipment_lists/0/items/7/notes/unclassified,A-construction,bands/mordheim/halflings-mic/equipment-access.yaml,YES,metadata_gap,retained,item/bow,,notes are not consumed by the shared eligibility decisions,list=adventurer-equipment-list,,"Reconcile the note against the item/mechanic and encode the admitted clause, or record exclusion.",Clause has a structured disposition (encoded or explicitly excluded).,applied_recipients,halflings-mic/adventurer-equipment-list/bow,applies_to inserted on the canonical entry as the union of the printed recipients; the shared decision now filters it per profile.
source/bands/mordheim/khorne-raiders-sar/equipment-access.yaml/@/equipment_lists/0/items/1/notes/unclassified,A-construction,bands/mordheim/khorne-raiders-sar/equipment-access.yaml,YES,covered,retained,item/hammer,,catalogue.mappings / carriedItemFacts in packages/typescript/domain/eligibility/index.ts,list=pirate-equipment-list,,None; the item identity is the canonical equivalence.,Item keeps its implemented mechanic mapping.,already_covered,,Audit status covered: the declared list or an existing maintained decision already realises the clause.
source/bands/mordheim/khorne-raiders-sar/equipment-access.yaml/@/equipment_lists/0/items/16/notes/unclassified,A-construction,bands/mordheim/khorne-raiders-sar/equipment-access.yaml,YES,metadata_gap,retained,item/rope_hook,,equipmentIssue offers the item to every declared user of list pirate-equipment-list (shared eligibility ignores notes),list=pirate-equipment-list,,Model the bearer restriction (item access or list scope); reuse shared eligibility.,A non-recipient is refused and an intended recipient is accepted by the shared decision.,applied_recipients,khorne-raiders-sar/pirate-equipment-list/rope_hook,applies_to inserted on the canonical entry as the union of the printed recipients; the shared decision now filters it per profile.
source/bands/mordheim/khorne-raiders-sar/equipment-access.yaml/@/equipment_lists/0/items/3/notes/unclassified,A-construction,bands/mordheim/khorne-raiders-sar/equipment-access.yaml,YES,metadata_gap,retained,item/cat_o_nine_tails,,equipmentIssue offers the item to every declared user of list pirate-equipment-list (shared eligibility ignores notes),list=pirate-equipment-list,,Model the bearer restriction (item access or list scope); reuse shared eligibility.,A non-recipient is refused and an intended recipient is accepted by the shared decision.,applied_recipients,khorne-raiders-sar/pirate-equipment-list/cat_o_nine_tails,applies_to inserted on the canonical entry as the union of the printed recipients; the shared decision now filters it per profile.
source/bands/mordheim/khorne-raiders-sar/equipment-access.yaml/@/equipment_lists/0/items/4/notes/unclassified,A-construction,bands/mordheim/khorne-raiders-sar/equipment-access.yaml,YES,metadata_gap,retained,item/steel_whip,,equipmentIssue offers the item to every declared user of list pirate-equipment-list (shared eligibility ignores notes),list=pirate-equipment-list,,Model the bearer restriction (item access or list scope); reuse shared eligibility.,A non-recipient is refused and an intended recipient is accepted by the shared decision.,applied_recipients,khorne-raiders-sar/pirate-equipment-list/steel_whip,applies_to inserted on the canonical entry as the union of the printed recipients; the shared decision now filters it per profile.
source/bands/mordheim/khorne-raiders-sar/equipment-access.yaml/@/equipment_lists/0/items/7/notes/unclassified,A-construction,bands/mordheim/khorne-raiders-sar/equipment-access.yaml,YES,metadata_gap,retained,item/hellblade,,equipmentIssue offers the item to every declared user of list pirate-equipment-list (shared eligibility ignores notes),list=pirate-equipment-list,,Model the bearer restriction (item access or list scope); reuse shared eligibility.,A non-recipient is refused and an intended recipient is accepted by the shared decision.,applied_recipients,khorne-raiders-sar/pirate-equipment-list/hellblade,applies_to inserted on the canonical entry as the union of the printed recipients; the shared decision now filters it per profile.
source/bands/mordheim/khorne-raiders-sar/equipment-access.yaml/@/equipment_lists/1/items/6/notes/unclassified,A-construction,bands/mordheim/khorne-raiders-sar/equipment-access.yaml,YES,metadata_gap,retained,item/toughened_leathers,,equipmentIssue offers the item to every declared user of list madbrain-equipment-list (shared eligibility ignores notes),list=madbrain-equipment-list,,Model the bearer restriction (item access or list scope); reuse shared eligibility.,A non-recipient is refused and an intended recipient is accepted by the shared decision.,applied_recipients,khorne-raiders-sar/madbrain-equipment-list/toughened_leathers,applies_to inserted on the canonical entry as the union of the printed recipients; the shared decision now filters it per profile.
source/bands/mordheim/khorne-raiders-sar/equipment-access.yaml/@/equipment_lists/1/items/7/notes/unclassified,A-construction,bands/mordheim/khorne-raiders-sar/equipment-access.yaml,YES,metadata_gap,retained,item/helmet,,equipmentIssue offers the item to every declared user of list madbrain-equipment-list (shared eligibility ignores notes),list=madbrain-equipment-list,,Model the bearer restriction (item access or list scope); reuse shared eligibility.,A non-recipient is refused and an intended recipient is accepted by the shared decision.,applied_recipients,khorne-raiders-sar/madbrain-equipment-list/helmet,applies_to inserted on the canonical entry as the union of the printed recipients; the shared decision now filters it per profile.
source/bands/mordheim/khorne-raiders-sar/equipment-access.yaml/@/equipment_lists/1/items/8/notes/unclassified,A-construction,bands/mordheim/khorne-raiders-sar/equipment-access.yaml,YES,metadata_gap,retained,item/light_armour,,equipmentIssue offers the item to every declared user of list madbrain-equipment-list (shared eligibility ignores notes),list=madbrain-equipment-list,,Model the bearer restriction (item access or list scope); reuse shared eligibility.,A non-recipient is refused and an intended recipient is accepted by the shared decision.,applied_recipients,khorne-raiders-sar/madbrain-equipment-list/light_armour,applies_to inserted on the canonical entry as the union of the printed recipients; the shared decision now filters it per profile.
source/bands/mordheim/low-kings-mim/equipment-access.yaml/@/equipment_lists/0/items/1/notes/unclassified,A-construction,bands/mordheim/low-kings-mim/equipment-access.yaml,YES,covered,retained,item/club,,catalogue.mappings / carriedItemFacts in packages/typescript/domain/eligibility/index.ts,list=mobsmen-equipment-list,,None; the item identity is the canonical equivalence.,Item keeps its implemented mechanic mapping.,already_covered,,Audit status covered: the declared list or an existing maintained decision already realises the clause.
source/bands/mordheim/low-kings-mim/equipment-access.yaml/@/equipment_lists/0/items/20/notes/unclassified,A-construction,bands/mordheim/low-kings-mim/equipment-access.yaml,YES,metadata_gap,retained,item/lock_picks,,equipmentIssue offers the item to every declared user of list mobsmen-equipment-list (shared eligibility ignores notes),list=mobsmen-equipment-list,,Model the bearer restriction (item access or list scope); reuse shared eligibility.,A non-recipient is refused and an intended recipient is accepted by the shared decision.,applied_recipients,low-kings-mim/mobsmen-equipment-list/lock_picks,applies_to inserted on the canonical entry as the union of the printed recipients; the shared decision now filters it per profile.
source/bands/mordheim/low-kings-mim/equipment-access.yaml/@/equipment_lists/0/items/21/notes/unclassified,A-construction,bands/mordheim/low-kings-mim/equipment-access.yaml,YES,metadata_gap,retained,item/fences_iron_strongbox,,equipmentIssue offers the item to every declared user of list mobsmen-equipment-list (shared eligibility ignores notes),list=mobsmen-equipment-list,,Model the bearer restriction (item access or list scope); reuse shared eligibility.,A non-recipient is refused and an intended recipient is accepted by the shared decision.,applied_recipients,low-kings-mim/mobsmen-equipment-list/fences_iron_strongbox,applies_to inserted on the canonical entry as the union of the printed recipients; the shared decision now filters it per profile.
source/bands/mordheim/low-kings-mim/equipment-access.yaml/@/equipment_lists/0/items/7/notes/unclassified,A-construction,bands/mordheim/low-kings-mim/equipment-access.yaml,YES,metadata_gap,retained,item/spiked_gauntlet,,equipmentIssue offers the item to every declared user of list mobsmen-equipment-list (shared eligibility ignores notes),list=mobsmen-equipment-list,,Model the bearer restriction (item access or list scope); reuse shared eligibility.,A non-recipient is refused and an intended recipient is accepted by the shared decision.,applied_recipients,low-kings-mim/mobsmen-equipment-list/spiked_gauntlet,applies_to inserted on the canonical entry as the union of the printed recipients; the shared decision now filters it per profile.
source/bands/mordheim/mercenaries/equipment-access.yaml/@/equipment_lists/0/items/18/notes/unclassified,A-construction,bands/mordheim/mercenaries/equipment-access.yaml,YES,metadata_gap,retained,item/wolfcloak,,equipmentIssue offers the item to every declared user of list mercenary-equipment-lists (shared eligibility ignores notes),list=mercenary-equipment-lists,,Model the bearer restriction (item access or list scope); reuse shared eligibility.,A non-recipient is refused and an intended recipient is accepted by the shared decision.,covered_by_existing_binding,mercenaries/mercenary-equipment-lists/wolfcloak,index.ts warriorEquipmentRestriction (Middenheim identity check) refuses the Middenheim-only wolfcloak to every other mercenary; the note repeats that binding.
source/bands/mordheim/merchant-caravans/equipment-access.yaml/@/equipment_lists/0/items/11/notes/unclassified,A-construction,bands/mordheim/merchant-caravans/equipment-access.yaml,YES,metadata_gap,retained,item/warhorse,,equipmentIssue offers the item to every declared user of list hero-equipment-list (shared eligibility ignores notes),list=hero-equipment-list,,Model the bearer restriction (item access or list scope); reuse shared eligibility.,A non-recipient is refused and an intended recipient is accepted by the shared decision.,applied_recipients,merchant-caravans/hero-equipment-list/warhorse,applies_to inserted on the canonical entry as the union of the printed recipients; the shared decision now filters it per profile.
source/bands/mordheim/merchant-caravans/equipment-access.yaml/@/equipment_lists/1/items/4/notes/unclassified,A-construction,bands/mordheim/merchant-caravans/equipment-access.yaml,YES,metadata_gap,retained,item/pike,,equipmentIssue offers the item to every declared user of list henchman-equipment-list (shared eligibility ignores notes),list=henchman-equipment-list,,Model the bearer restriction (item access or list scope); reuse shared eligibility.,A non-recipient is refused and an intended recipient is accepted by the shared decision.,applied_recipients,merchant-caravans/henchman-equipment-list/pike,applies_to inserted on the canonical entry as the union of the printed recipients; the shared decision now filters it per profile.
source/bands/mordheim/merchant-caravans/equipment-access.yaml/@/equipment_lists/1/items/5/notes/unclassified,A-construction,bands/mordheim/merchant-caravans/equipment-access.yaml,YES,metadata_gap,retained,item/halberd,,equipmentIssue offers the item to every declared user of list henchman-equipment-list (shared eligibility ignores notes),list=henchman-equipment-list,,Model the bearer restriction (item access or list scope); reuse shared eligibility.,A non-recipient is refused and an intended recipient is accepted by the shared decision.,applied_recipients,merchant-caravans/henchman-equipment-list/halberd,applies_to inserted on the canonical entry as the union of the printed recipients; the shared decision now filters it per profile.
source/bands/mordheim/militiant-mootlanders-mim/equipment-access.yaml/@/equipment_lists/0/items/1/notes/unclassified,A-construction,bands/mordheim/militiant-mootlanders-mim/equipment-access.yaml,YES,covered,retained,item/club,,catalogue.mappings / carriedItemFacts in packages/typescript/domain/eligibility/index.ts,list=heroes-equipment-list,,None; the item identity is the canonical equivalence.,Item keeps its implemented mechanic mapping.,already_covered,,Audit status covered: the declared list or an existing maintained decision already realises the clause.
source/bands/mordheim/militiant-mootlanders-mim/equipment-access.yaml/@/equipment_lists/0/items/10/notes/unclassified,A-construction,bands/mordheim/militiant-mootlanders-mim/equipment-access.yaml,YES,metadata_gap,retained,item/throwing_stars,,no implemented mechanic resolved for this item,list=heroes-equipment-list,,Map the printed equivalence onto a canonical item mechanic; do not add a name table.,Item resolves to the printed weapon/armour mechanic in simulation-mappings.,already_covered,militiant-mootlanders-mim/heroes-equipment-list/throwing_stars,"""Kitchenware (counts as throwing stars)"" is an item alias, not a recipient clause."
source/bands/mordheim/militiant-mootlanders-mim/equipment-access.yaml/@/equipment_lists/0/items/16/notes/unclassified,A-construction,bands/mordheim/militiant-mootlanders-mim/equipment-access.yaml,YES,covered,retained,item/helmet,,catalogue.mappings / carriedItemFacts in packages/typescript/domain/eligibility/index.ts,list=heroes-equipment-list,,None; the item identity is the canonical equivalence.,Item keeps its implemented mechanic mapping.,already_covered,,Audit status covered: the declared list or an existing maintained decision already realises the clause.
source/bands/mordheim/militiant-mootlanders-mim/equipment-access.yaml/@/equipment_lists/0/items/2/notes/unclassified,A-construction,bands/mordheim/militiant-mootlanders-mim/equipment-access.yaml,YES,covered,retained,item/axe,,catalogue.mappings / carriedItemFacts in packages/typescript/domain/eligibility/index.ts,list=heroes-equipment-list,,None; the item identity is the canonical equivalence.,Item keeps its implemented mechanic mapping.,already_covered,,Audit status covered: the declared list or an existing maintained decision already realises the clause.
source/bands/mordheim/militiant-mootlanders-mim/equipment-access.yaml/@/equipment_lists/0/items/5/notes/unclassified,A-construction,bands/mordheim/militiant-mootlanders-mim/equipment-access.yaml,YES,metadata_gap,retained,item/trident,,no implemented mechanic resolved for this item,list=heroes-equipment-list,,Map the printed equivalence onto a canonical item mechanic; do not add a name table.,Item resolves to the printed weapon/armour mechanic in simulation-mappings.,already_covered,militiant-mootlanders-mim/heroes-equipment-list/trident,"""Pitchfork (counts as Trident)"" is an item alias, not a recipient clause."
source/bands/mordheim/militiant-mootlanders-mim/equipment-access.yaml/@/equipment_lists/1/items/1/notes/unclassified,A-construction,bands/mordheim/militiant-mootlanders-mim/equipment-access.yaml,YES,covered,retained,item/club,,catalogue.mappings / carriedItemFacts in packages/typescript/domain/eligibility/index.ts,list=henchmen-equipment-list,,None; the item identity is the canonical equivalence.,Item keeps its implemented mechanic mapping.,already_covered,,Audit status covered: the declared list or an existing maintained decision already realises the clause.
source/bands/mordheim/militiant-mootlanders-mim/equipment-access.yaml/@/equipment_lists/1/items/2/notes/unclassified,A-construction,bands/mordheim/militiant-mootlanders-mim/equipment-access.yaml,YES,covered,retained,item/axe,,catalogue.mappings / carriedItemFacts in packages/typescript/domain/eligibility/index.ts,list=henchmen-equipment-list,,None; the item identity is the canonical equivalence.,Item keeps its implemented mechanic mapping.,already_covered,,Audit status covered: the declared list or an existing maintained decision already realises the clause.
source/bands/mordheim/militiant-mootlanders-mim/equipment-access.yaml/@/equipment_lists/1/items/9/notes/unclassified,A-construction,bands/mordheim/militiant-mootlanders-mim/equipment-access.yaml,YES,covered,retained,item/helmet,,catalogue.mappings / carriedItemFacts in packages/typescript/domain/eligibility/index.ts,list=henchmen-equipment-list,,None; the item identity is the canonical equivalence.,Item keeps its implemented mechanic mapping.,already_covered,,Audit status covered: the declared list or an existing maintained decision already realises the clause.
source/bands/mordheim/ogre-hunting-party-web/equipment-access.yaml/@/equipment_lists/0/items/0/notes/unclassified,A-construction,bands/mordheim/ogre-hunting-party-web/equipment-access.yaml,YES,covered,retained,item/cleaver,,catalogue.mappings / carriedItemFacts in packages/typescript/domain/eligibility/index.ts,list=ogre-equipment-list,,None; the item identity is the canonical equivalence.,Item keeps its implemented mechanic mapping.,already_covered,,Audit status covered: the declared list or an existing maintained decision already realises the clause.
source/bands/mordheim/ogre-hunting-party-web/equipment-access.yaml/@/equipment_lists/1/items/13/notes/unclassified,A-construction,bands/mordheim/ogre-hunting-party-web/equipment-access.yaml,YES,metadata_gap,retained,item/pigback_mount,,equipmentIssue offers the item to every declared user of list gnoblar-equipment-list (shared eligibility ignores notes),list=gnoblar-equipment-list,,Model the bearer restriction (item access or list scope); reuse shared eligibility.,A non-recipient is refused and an intended recipient is accepted by the shared decision.,applied_recipients,ogre-hunting-party-web/gnoblar-equipment-list/pigback_mount,applies_to inserted on the canonical entry as the union of the printed recipients; the shared decision now filters it per profile.
source/bands/mordheim/ogre-hunting-party-web/equipment-access.yaml/@/equipment_lists/1/items/7/notes/unclassified,A-construction,bands/mordheim/ogre-hunting-party-web/equipment-access.yaml,YES,metadata_gap,retained,item/throwing_knives,,equipmentIssue offers the item to every declared user of list gnoblar-equipment-list (shared eligibility ignores notes),list=gnoblar-equipment-list,,Model the bearer restriction (item access or list scope); reuse shared eligibility.,A non-recipient is refused and an intended recipient is accepted by the shared decision.,applied_recipients,ogre-hunting-party-web/gnoblar-equipment-list/throwing_knives,applies_to inserted on the canonical entry as the union of the printed recipients; the shared decision now filters it per profile.
source/bands/mordheim/ogre-hunting-party-web/equipment-access.yaml/@/equipment_lists/1/items/8/notes/unclassified,A-construction,bands/mordheim/ogre-hunting-party-web/equipment-access.yaml,YES,metadata_gap,retained,item/sling,,equipmentIssue offers the item to every declared user of list gnoblar-equipment-list (shared eligibility ignores notes),list=gnoblar-equipment-list,,Model the bearer restriction (item access or list scope); reuse shared eligibility.,A non-recipient is refused and an intended recipient is accepted by the shared decision.,applied_recipients,ogre-hunting-party-web/gnoblar-equipment-list/sling,applies_to inserted on the canonical entry as the union of the printed recipients; the shared decision now filters it per profile.
source/bands/mordheim/order-of-the-mare-web/equipment-access.yaml/@/equipment_lists/0/items/10/notes/unclassified,A-construction,bands/mordheim/order-of-the-mare-web/equipment-access.yaml,YES,metadata_gap,retained,item/bow,,equipmentIssue offers the item to every declared user of list footman-equipment-list (shared eligibility ignores notes),list=footman-equipment-list,,Model the bearer restriction (item access or list scope); reuse shared eligibility.,A non-recipient is refused and an intended recipient is accepted by the shared decision.,applied_recipients,order-of-the-mare-web/footman-equipment-list/bow,applies_to inserted on the canonical entry as the union of the printed recipients; the shared decision now filters it per profile.
source/bands/mordheim/order-of-the-mare-web/equipment-access.yaml/@/equipment_lists/0/items/14/notes/unclassified,A-construction,bands/mordheim/order-of-the-mare-web/equipment-access.yaml,YES,metadata_gap,retained,item/heavy_armour,,equipmentIssue offers the item to every declared user of list footman-equipment-list (shared eligibility ignores notes),list=footman-equipment-list,,Model the bearer restriction (item access or list scope); reuse shared eligibility.,A non-recipient is refused and an intended recipient is accepted by the shared decision.,decision_required,order-of-the-mare-web/footman-equipment-list/heavy_armour,"""Knights only"" is stronger than the printed list; see the barding row."
source/bands/mordheim/order-of-the-mare-web/equipment-access.yaml/@/equipment_lists/0/items/15/notes/unclassified,A-construction,bands/mordheim/order-of-the-mare-web/equipment-access.yaml,YES,metadata_gap,retained,item/barding,,equipmentIssue offers the item to every declared user of list footman-equipment-list (shared eligibility ignores notes),list=footman-equipment-list,,Model the bearer restriction (item access or list scope); reuse shared eligibility.,A non-recipient is refused and an intended recipient is accepted by the shared decision.,decision_required,order-of-the-mare-web/footman-equipment-list/barding,"""Knights only"" is stronger than the printed list, which prints the entry without a recipient; the printed source must confirm the restriction before encoding it."
source/bands/mordheim/order-of-the-mare-web/equipment-access.yaml/@/equipment_lists/0/items/16/notes/unclassified,A-construction,bands/mordheim/order-of-the-mare-web/equipment-access.yaml,YES,metadata_gap,retained,item/warhorse,,equipmentIssue offers the item to every declared user of list footman-equipment-list (shared eligibility ignores notes),list=footman-equipment-list,,Model the bearer restriction (item access or list scope); reuse shared eligibility.,A non-recipient is refused and an intended recipient is accepted by the shared decision.,decision_required,order-of-the-mare-web/footman-equipment-list/warhorse,"""Knights only"" is stronger than the printed list; see the barding row."
source/bands/mordheim/order-of-the-mare-web/equipment-access.yaml/@/equipment_lists/0/items/4/notes/unclassified,A-construction,bands/mordheim/order-of-the-mare-web/equipment-access.yaml,YES,metadata_gap,retained,item/spear,,equipmentIssue offers the item to every declared user of list footman-equipment-list (shared eligibility ignores notes),list=footman-equipment-list,,Model the bearer restriction (item access or list scope); reuse shared eligibility.,A non-recipient is refused and an intended recipient is accepted by the shared decision.,applied_recipients,order-of-the-mare-web/footman-equipment-list/spear,applies_to inserted on the canonical entry as the union of the printed recipients; the shared decision now filters it per profile.
source/bands/mordheim/order-of-the-mare-web/equipment-access.yaml/@/equipment_lists/0/items/5/notes/unclassified,A-construction,bands/mordheim/order-of-the-mare-web/equipment-access.yaml,YES,metadata_gap,retained,item/halberd,,equipmentIssue offers the item to every declared user of list footman-equipment-list (shared eligibility ignores notes),list=footman-equipment-list,,Model the bearer restriction (item access or list scope); reuse shared eligibility.,A non-recipient is refused and an intended recipient is accepted by the shared decision.,applied_recipients,order-of-the-mare-web/footman-equipment-list/halberd,applies_to inserted on the canonical entry as the union of the printed recipients; the shared decision now filters it per profile.
source/bands/mordheim/order-of-the-mare-web/equipment-access.yaml/@/equipment_lists/0/items/9/notes/unclassified,A-construction,bands/mordheim/order-of-the-mare-web/equipment-access.yaml,YES,metadata_gap,retained,item/lance,,equipmentIssue offers the item to every declared user of list footman-equipment-list (shared eligibility ignores notes),list=footman-equipment-list,,Model the bearer restriction (item access or list scope); reuse shared eligibility.,A non-recipient is refused and an intended recipient is accepted by the shared decision.,decision_required,order-of-the-mare-web/footman-equipment-list/lance,"""Knights only"" is stronger than the printed list; see the barding row."
source/bands/mordheim/order-of-the-mare-web/equipment-access.yaml/@/equipment_lists/1/items/10/notes/unclassified,A-construction,bands/mordheim/order-of-the-mare-web/equipment-access.yaml,YES,metadata_gap,retained,item/horse,,equipmentIssue offers the item to every declared user of list archer-equipment-list (shared eligibility ignores notes),list=archer-equipment-list,,Model the bearer restriction (item access or list scope); reuse shared eligibility.,A non-recipient is refused and an intended recipient is accepted by the shared decision.,applied_recipients,order-of-the-mare-web/archer-equipment-list/horse,applies_to inserted on the canonical entry as the union of the printed recipients; the shared decision now filters it per profile.
source/bands/mordheim/order-of-the-mare-web/equipment-access.yaml/@/equipment_lists/1/items/4/notes/unclassified,A-construction,bands/mordheim/order-of-the-mare-web/equipment-access.yaml,YES,metadata_gap,retained,item/spear,,equipmentIssue offers the item to every declared user of list archer-equipment-list (shared eligibility ignores notes),list=archer-equipment-list,,Model the bearer restriction (item access or list scope); reuse shared eligibility.,A non-recipient is refused and an intended recipient is accepted by the shared decision.,applied_recipients,order-of-the-mare-web/archer-equipment-list/spear,applies_to inserted on the canonical entry as the union of the printed recipients; the shared decision now filters it per profile.
source/bands/mordheim/outlaws-of-stirwood-forest-redux-fbg/equipment-access.yaml/@/equipment_lists/0/items/13/notes/unclassified,A-construction,bands/mordheim/outlaws-of-stirwood-forest-redux-fbg/equipment-access.yaml,YES,metadata_gap,retained,item/forest_cloak,,equipmentIssue offers the item to every declared user of list outlaws-equipment-list (shared eligibility ignores notes),list=outlaws-equipment-list,,Model the bearer restriction (item access or list scope); reuse shared eligibility.,A non-recipient is refused and an intended recipient is accepted by the shared decision.,applied_recipients,outlaws-of-stirwood-forest-redux-fbg/outlaws-equipment-list/forest_cloak,applies_to inserted on the canonical entry as the union of the printed recipients; the shared decision now filters it per profile.
source/bands/mordheim/outlaws-of-stirwood-forest-redux-fbg/equipment-access.yaml/@/equipment_lists/0/items/14/notes/unclassified,A-construction,bands/mordheim/outlaws-of-stirwood-forest-redux-fbg/equipment-access.yaml,YES,metadata_gap,retained,item/hunting_arrows,,equipmentIssue offers the item to every declared user of list outlaws-equipment-list (shared eligibility ignores notes),list=outlaws-equipment-list,,Model the bearer restriction (item access or list scope); reuse shared eligibility.,A non-recipient is refused and an intended recipient is accepted by the shared decision.,applied_recipients,outlaws-of-stirwood-forest-redux-fbg/outlaws-equipment-list/hunting_arrows,applies_to inserted on the canonical entry as the union of the printed recipients; the shared decision now filters it per profile.
source/bands/mordheim/outlaws-of-stirwood-forest-redux-fbg/equipment-access.yaml/@/equipment_lists/0/items/9/notes/unclassified,A-construction,bands/mordheim/outlaws-of-stirwood-forest-redux-fbg/equipment-access.yaml,YES,metadata_gap,retained,item/long_bow,,equipmentIssue offers the item to every declared user of list outlaws-equipment-list (shared eligibility ignores notes),list=outlaws-equipment-list,,Model the bearer restriction (item access or list scope); reuse shared eligibility.,A non-recipient is refused and an intended recipient is accepted by the shared decision.,applied_recipients,outlaws-of-stirwood-forest-redux-fbg/outlaws-equipment-list/long_bow,applies_to inserted on the canonical entry as the union of the printed recipients; the shared decision now filters it per profile.
source/bands/mordheim/pirates-of-the-cathayan-sea-sar/equipment-access.yaml/@/equipment_lists/0/items/1/notes/unclassified,A-construction,bands/mordheim/pirates-of-the-cathayan-sea-sar/equipment-access.yaml,YES,covered,retained,item/hammer,,catalogue.mappings / carriedItemFacts in packages/typescript/domain/eligibility/index.ts,list=pirate-equipment-list,,None; the item identity is the canonical equivalence.,Item keeps its implemented mechanic mapping.,already_covered,,Audit status covered: the declared list or an existing maintained decision already realises the clause.
source/bands/mordheim/pirates-of-the-cathayan-sea-sar/equipment-access.yaml/@/equipment_lists/0/items/4/notes/unclassified,A-construction,bands/mordheim/pirates-of-the-cathayan-sea-sar/equipment-access.yaml,YES,metadata_gap,retained,item/cat_o_nine_tails,,equipmentIssue offers the item to every declared user of list pirate-equipment-list (shared eligibility ignores notes),list=pirate-equipment-list,,Model the bearer restriction (item access or list scope); reuse shared eligibility.,A non-recipient is refused and an intended recipient is accepted by the shared decision.,applied_recipients,pirates-of-the-cathayan-sea-sar/pirate-equipment-list/cat_o_nine_tails,applies_to inserted on the canonical entry as the union of the printed recipients; the shared decision now filters it per profile.
source/bands/mordheim/pirates-of-the-cathayan-sea-sar/equipment-access.yaml/@/equipment_lists/0/items/9/notes/unclassified,A-construction,bands/mordheim/pirates-of-the-cathayan-sea-sar/equipment-access.yaml,YES,metadata_gap,retained,item/katana,,equipmentIssue offers the item to every declared user of list pirate-equipment-list (shared eligibility ignores notes),list=pirate-equipment-list,,Model the bearer restriction (item access or list scope); reuse shared eligibility.,A non-recipient is refused and an intended recipient is accepted by the shared decision.,applied_recipients,pirates-of-the-cathayan-sea-sar/pirate-equipment-list/katana,applies_to inserted on the canonical entry as the union of the printed recipients; the shared decision now filters it per profile.
source/bands/mordheim/pirates-of-the-cathayan-sea-sar/equipment-access.yaml/@/equipment_lists/1/items/1/notes/unclassified,A-construction,bands/mordheim/pirates-of-the-cathayan-sea-sar/equipment-access.yaml,YES,covered,retained,item/hammer,,catalogue.mappings / carriedItemFacts in packages/typescript/domain/eligibility/index.ts,list=floordog-equipment-list,,None; the item identity is the canonical equivalence.,Item keeps its implemented mechanic mapping.,already_covered,,Audit status covered: the declared list or an existing maintained decision already realises the clause.
source/bands/mordheim/pirates-of-the-cathayan-sea-sar/equipment-access.yaml/@/equipment_lists/2/items/1/notes/unclassified,A-construction,bands/mordheim/pirates-of-the-cathayan-sea-sar/equipment-access.yaml,YES,covered,retained,item/hammer,,catalogue.mappings / carriedItemFacts in packages/typescript/domain/eligibility/index.ts,list=gunner-equipment-list,,None; the item identity is the canonical equivalence.,Item keeps its implemented mechanic mapping.,already_covered,,Audit status covered: the declared list or an existing maintained decision already realises the clause.
source/bands/mordheim/pirates/equipment-access.yaml/@/equipment_lists/0/items/5/notes/unclassified,A-construction,bands/mordheim/pirates/equipment-access.yaml,YES,metadata_gap,retained,item/cat_o_nine_tails,,equipmentIssue offers the item to every declared user of list pirate-equipment-list (shared eligibility ignores notes),list=pirate-equipment-list,,Model the bearer restriction (item access or list scope); reuse shared eligibility.,A non-recipient is refused and an intended recipient is accepted by the shared decision.,applied_recipients,pirates/pirate-equipment-list/cat_o_nine_tails,applies_to inserted on the canonical entry as the union of the printed recipients; the shared decision now filters it per profile.
source/bands/mordheim/pit-fighters/equipment-access.yaml/@/equipment_lists/2/items/10/notes/unclassified,A-construction,bands/mordheim/pit-fighters/equipment-access.yaml,YES,metadata_gap,retained,item/helmet,,equipmentIssue offers the item to every declared user of list ogre-slayer-equipment-list (shared eligibility ignores notes),list=ogre-slayer-equipment-list,,Model the bearer restriction (item access or list scope); reuse shared eligibility.,A non-recipient is refused and an intended recipient is accepted by the shared decision.,applied_recipients,pit-fighters/ogre-slayer-equipment-list/helmet,applies_to inserted on the canonical entry as the union of the printed recipients; the shared decision now filters it per profile.
source/bands/mordheim/pit-fighters/equipment-access.yaml/@/equipment_lists/2/items/4/notes/unclassified,A-construction,bands/mordheim/pit-fighters/equipment-access.yaml,YES,metadata_gap,retained,item/dwarf_axe,,equipmentIssue offers the item to every declared user of list ogre-slayer-equipment-list (shared eligibility ignores notes),list=ogre-slayer-equipment-list,,Model the bearer restriction (item access or list scope); reuse shared eligibility.,A non-recipient is refused and an intended recipient is accepted by the shared decision.,applied_recipients,pit-fighters/ogre-slayer-equipment-list/dwarf_axe,applies_to inserted on the canonical entry as the union of the printed recipients; the shared decision now filters it per profile.
source/bands/mordheim/pit-fighters/equipment-access.yaml/@/equipment_lists/2/items/8/notes/unclassified,A-construction,bands/mordheim/pit-fighters/equipment-access.yaml,YES,metadata_gap,retained,item/gromril_weapon,,equipmentIssue offers the item to every declared user of list ogre-slayer-equipment-list (shared eligibility ignores notes),list=ogre-slayer-equipment-list,,Model the bearer restriction (item access or list scope); reuse shared eligibility.,A non-recipient is refused and an intended recipient is accepted by the shared decision.,applied_recipients,pit-fighters/ogre-slayer-equipment-list/gromril_weapon,applies_to inserted on the canonical entry as the union of the printed recipients; the shared decision now filters it per profile.
source/bands/mordheim/pit-fighters/equipment-access.yaml/@/equipment_lists/2/items/9/notes/unclassified,A-construction,bands/mordheim/pit-fighters/equipment-access.yaml,YES,metadata_gap,retained,item/light_armour,,equipmentIssue offers the item to every declared user of list ogre-slayer-equipment-list (shared eligibility ignores notes),list=ogre-slayer-equipment-list,,Model the bearer restriction (item access or list scope); reuse shared eligibility.,A non-recipient is refused and an intended recipient is accepted by the shared decision.,applied_recipients,pit-fighters/ogre-slayer-equipment-list/light_armour,applies_to inserted on the canonical entry as the union of the printed recipients; the shared decision now filters it per profile.
source/bands/mordheim/sartosan-pirates-sar/equipment-access.yaml/@/equipment_lists/0/items/1/notes/unclassified,A-construction,bands/mordheim/sartosan-pirates-sar/equipment-access.yaml,YES,covered,retained,item/hammer,,catalogue.mappings / carriedItemFacts in packages/typescript/domain/eligibility/index.ts,list=pirate-equipment-list,,None; the item identity is the canonical equivalence.,Item keeps its implemented mechanic mapping.,already_covered,,Audit status covered: the declared list or an existing maintained decision already realises the clause.
source/bands/mordheim/sartosan-pirates-sar/equipment-access.yaml/@/equipment_lists/0/items/10/notes/unclassified,A-construction,bands/mordheim/sartosan-pirates-sar/equipment-access.yaml,YES,metadata_gap,retained,item/crossbow,,equipmentIssue offers the item to every declared user of list pirate-equipment-list (shared eligibility ignores notes),list=pirate-equipment-list,,Model the bearer restriction (item access or list scope); reuse shared eligibility.,A non-recipient is refused and an intended recipient is accepted by the shared decision.,decision_required,sartosan-pirates-sar/pirate-equipment-list/crossbow,"""Not Estalians!"" is a negative origin clause with no canonical Estalian marker on the profiles; the backgrounds must be published first."
source/bands/mordheim/sartosan-pirates-sar/equipment-access.yaml/@/equipment_lists/0/items/12/notes/unclassified,A-construction,bands/mordheim/sartosan-pirates-sar/equipment-access.yaml,YES,metadata_gap,retained,item/handgun,,equipmentIssue offers the item to every declared user of list pirate-equipment-list (shared eligibility ignores notes),list=pirate-equipment-list,,Model the bearer restriction (item access or list scope); reuse shared eligibility.,A non-recipient is refused and an intended recipient is accepted by the shared decision.,decision_required,sartosan-pirates-sar/pirate-equipment-list/handgun,"""Wastelanders only"" has no canonical Wastelander marker on the profiles; the backgrounds must be published first."
source/bands/mordheim/sartosan-pirates-sar/equipment-access.yaml/@/equipment_lists/0/items/18/notes/unclassified,A-construction,bands/mordheim/sartosan-pirates-sar/equipment-access.yaml,YES,metadata_gap,retained,item/heavy_armour,,equipmentIssue offers the item to every declared user of list pirate-equipment-list (shared eligibility ignores notes),list=pirate-equipment-list,,Model the bearer restriction (item access or list scope); reuse shared eligibility.,A non-recipient is refused and an intended recipient is accepted by the shared decision.,decision_required,sartosan-pirates-sar/pirate-equipment-list/heavy_armour,"""Estalians only"" has no canonical Estalian marker; see the crossbow row."
source/bands/mordheim/sartosan-pirates-sar/equipment-access.yaml/@/equipment_lists/0/items/4/notes/unclassified,A-construction,bands/mordheim/sartosan-pirates-sar/equipment-access.yaml,YES,metadata_gap,retained,item/cat_o_nine_tails,,equipmentIssue offers the item to every declared user of list pirate-equipment-list (shared eligibility ignores notes),list=pirate-equipment-list,,Model the bearer restriction (item access or list scope); reuse shared eligibility.,A non-recipient is refused and an intended recipient is accepted by the shared decision.,applied_recipients,sartosan-pirates-sar/pirate-equipment-list/cat_o_nine_tails,applies_to inserted on the canonical entry as the union of the printed recipients; the shared decision now filters it per profile.
source/bands/mordheim/sartosan-pirates-sar/equipment-access.yaml/@/equipment_lists/0/items/7/notes/unclassified,A-construction,bands/mordheim/sartosan-pirates-sar/equipment-access.yaml,YES,metadata_gap,retained,item/rapier,,equipmentIssue offers the item to every declared user of list pirate-equipment-list (shared eligibility ignores notes),list=pirate-equipment-list,,Model the bearer restriction (item access or list scope); reuse shared eligibility.,A non-recipient is refused and an intended recipient is accepted by the shared decision.,decision_required,sartosan-pirates-sar/pirate-equipment-list/rapier,"""Estalians only"" has no canonical Estalian marker; see the crossbow row."
source/bands/mordheim/sartosan-pirates-sar/equipment-access.yaml/@/equipment_lists/1/items/1/notes/unclassified,A-construction,bands/mordheim/sartosan-pirates-sar/equipment-access.yaml,YES,covered,retained,item/hammer,,catalogue.mappings / carriedItemFacts in packages/typescript/domain/eligibility/index.ts,list=gunner-equipment-list,,None; the item identity is the canonical equivalence.,Item keeps its implemented mechanic mapping.,already_covered,,Audit status covered: the declared list or an existing maintained decision already realises the clause.
source/bands/mordheim/sartosan-pirates-sar/equipment-access.yaml/@/equipment_lists/2/items/1/notes/unclassified,A-construction,bands/mordheim/sartosan-pirates-sar/equipment-access.yaml,YES,covered,retained,item/hammer,,catalogue.mappings / carriedItemFacts in packages/typescript/domain/eligibility/index.ts,list=swabbie-equipment-list,,None; the item identity is the canonical equivalence.,Item keeps its implemented mechanic mapping.,already_covered,,Audit status covered: the declared list or an existing maintained decision already realises the clause.
source/bands/mordheim/shadow-warriors/equipment-access.yaml/@/equipment_lists/0/items/11/notes/unclassified,A-construction,bands/mordheim/shadow-warriors/equipment-access.yaml,YES,metadata_gap,retained,item/ithilmar_armour,,equipmentIssue offers the item to every declared user of list shadow-warrior-equipment-lists (shared eligibility ignores notes),list=shadow-warrior-equipment-lists,,Model the bearer restriction (item access or list scope); reuse shared eligibility.,A non-recipient is refused and an intended recipient is accepted by the shared decision.,applied_recipients,shadow-warriors/shadow-warrior-equipment-lists/ithilmar_armour,applies_to inserted on the canonical entry as the union of the printed recipients; the shared decision now filters it per profile.
source/bands/mordheim/shadow-warriors/equipment-access.yaml/@/equipment_lists/0/items/12/notes/unclassified,A-construction,bands/mordheim/shadow-warriors/equipment-access.yaml,YES,metadata_gap,retained,item/standard_of_nagarythe,,equipmentIssue offers the item to every declared user of list shadow-warrior-equipment-lists (shared eligibility ignores notes),list=shadow-warrior-equipment-lists,,Model the bearer restriction (item access or list scope); reuse shared eligibility.,A non-recipient is refused and an intended recipient is accepted by the shared decision.,applied_recipients,shadow-warriors/shadow-warrior-equipment-lists/standard_of_nagarythe,applies_to inserted on the canonical entry as the union of the printed recipients; the shared decision now filters it per profile.
source/bands/mordheim/shadow-warriors/equipment-access.yaml/@/equipment_lists/0/items/13/notes/unclassified,A-construction,bands/mordheim/shadow-warriors/equipment-access.yaml,YES,metadata_gap,retained,item/war_horn_of_nagarythe,,equipmentIssue offers the item to every declared user of list shadow-warrior-equipment-lists (shared eligibility ignores notes),list=shadow-warrior-equipment-lists,,Model the bearer restriction (item access or list scope); reuse shared eligibility.,A non-recipient is refused and an intended recipient is accepted by the shared decision.,applied_recipients,shadow-warriors/shadow-warrior-equipment-lists/war_horn_of_nagarythe,applies_to inserted on the canonical entry as the union of the printed recipients; the shared decision now filters it per profile.
source/bands/mordheim/shadow-warriors/equipment-access.yaml/@/equipment_lists/0/items/15/notes/unclassified,A-construction,bands/mordheim/shadow-warriors/equipment-access.yaml,YES,metadata_gap,retained,item/elven_wine,,equipmentIssue offers the item to every declared user of list shadow-warrior-equipment-lists (shared eligibility ignores notes),list=shadow-warrior-equipment-lists,,Model the bearer restriction (item access or list scope); reuse shared eligibility.,A non-recipient is refused and an intended recipient is accepted by the shared decision.,applied_recipients,shadow-warriors/shadow-warrior-equipment-lists/elven_wine,applies_to inserted on the canonical entry as the union of the printed recipients; the shared decision now filters it per profile.
source/bands/mordheim/shadow-warriors/equipment-access.yaml/@/equipment_lists/0/items/16/notes/unclassified,A-construction,bands/mordheim/shadow-warriors/equipment-access.yaml,YES,metadata_gap,retained,item/elven_runestones,,equipmentIssue offers the item to every declared user of list shadow-warrior-equipment-lists (shared eligibility ignores notes),list=shadow-warrior-equipment-lists,,Model the bearer restriction (item access or list scope); reuse shared eligibility.,A non-recipient is refused and an intended recipient is accepted by the shared decision.,applied_recipients,shadow-warriors/shadow-warrior-equipment-lists/elven_runestones,applies_to inserted on the canonical entry as the union of the printed recipients; the shared decision now filters it per profile.
source/bands/mordheim/shadow-warriors/equipment-access.yaml/@/equipment_lists/0/items/4/notes/unclassified,A-construction,bands/mordheim/shadow-warriors/equipment-access.yaml,YES,metadata_gap,retained,item/ithilmar_weapon,,equipmentIssue offers the item to every declared user of list shadow-warrior-equipment-lists (shared eligibility ignores notes),list=shadow-warrior-equipment-lists,,Model the bearer restriction (item access or list scope); reuse shared eligibility.,A non-recipient is refused and an intended recipient is accepted by the shared decision.,applied_recipients,shadow-warriors/shadow-warrior-equipment-lists/ithilmar_weapon,applies_to inserted on the canonical entry as the union of the printed recipients; the shared decision now filters it per profile.
source/bands/mordheim/shallows-beasts-mim/equipment-access.yaml/@/equipment_lists/0/items/1/notes/unclassified,A-construction,bands/mordheim/shallows-beasts-mim/equipment-access.yaml,YES,covered,retained,item/club,,catalogue.mappings / carriedItemFacts in packages/typescript/domain/eligibility/index.ts,list=heroes-equipment-list,,None; the item identity is the canonical equivalence.,Item keeps its implemented mechanic mapping.,already_covered,,Audit status covered: the declared list or an existing maintained decision already realises the clause.
source/bands/mordheim/shallows-beasts-mim/equipment-access.yaml/@/equipment_lists/0/items/18/notes/unclassified,A-construction,bands/mordheim/shallows-beasts-mim/equipment-access.yaml,YES,metadata_gap,retained,item/shark_tooth_necklace,,equipmentIssue offers the item to every declared user of list heroes-equipment-list (shared eligibility ignores notes),list=heroes-equipment-list,,Model the bearer restriction (item access or list scope); reuse shared eligibility.,A non-recipient is refused and an intended recipient is accepted by the shared decision.,applied_recipients,shallows-beasts-mim/heroes-equipment-list/shark_tooth_necklace,applies_to inserted on the canonical entry as the union of the printed recipients; the shared decision now filters it per profile.
source/bands/mordheim/shallows-beasts-mim/equipment-access.yaml/@/equipment_lists/0/items/4/notes/unclassified,A-construction,bands/mordheim/shallows-beasts-mim/equipment-access.yaml,YES,covered,retained,item/sword,,catalogue.mappings / carriedItemFacts in packages/typescript/domain/eligibility/index.ts,list=heroes-equipment-list,,None; the item identity is the canonical equivalence.,Item keeps its implemented mechanic mapping.,already_covered,,Audit status covered: the declared list or an existing maintained decision already realises the clause.
source/bands/mordheim/shallows-beasts-mim/equipment-access.yaml/@/equipment_lists/1/items/1/notes/unclassified,A-construction,bands/mordheim/shallows-beasts-mim/equipment-access.yaml,YES,covered,retained,item/club,,catalogue.mappings / carriedItemFacts in packages/typescript/domain/eligibility/index.ts,list=henchmen-equipment-list,,None; the item identity is the canonical equivalence.,Item keeps its implemented mechanic mapping.,already_covered,,Audit status covered: the declared list or an existing maintained decision already realises the clause.
source/bands/mordheim/shallows-beasts-mim/equipment-access.yaml/@/equipment_lists/1/items/4/notes/unclassified,A-construction,bands/mordheim/shallows-beasts-mim/equipment-access.yaml,YES,covered,retained,item/sword,,catalogue.mappings / carriedItemFacts in packages/typescript/domain/eligibility/index.ts,list=henchmen-equipment-list,,None; the item identity is the canonical equivalence.,Item keeps its implemented mechanic mapping.,already_covered,,Audit status covered: the declared list or an existing maintained decision already realises the clause.
source/bands/mordheim/sisters-of-sigmar/equipment-access.yaml/@/equipment_lists/0/items/13/notes/unclassified,A-construction,bands/mordheim/sisters-of-sigmar/equipment-access.yaml,YES,metadata_gap,retained,item/holy_tome,,equipmentIssue offers the item to every declared user of list sisters-of-sigmar-equipment-lists (shared eligibility ignores notes),list=sisters-of-sigmar-equipment-lists,,Model the bearer restriction (item access or list scope); reuse shared eligibility.,A non-recipient is refused and an intended recipient is accepted by the shared decision.,applied_recipients,sisters-of-sigmar/sisters-of-sigmar-equipment-lists/holy_tome,applies_to inserted on the canonical entry as the union of the printed recipients; the shared decision now filters it per profile.
source/bands/mordheim/sisters-of-sigmar/equipment-access.yaml/@/equipment_lists/0/items/14/notes/unclassified,A-construction,bands/mordheim/sisters-of-sigmar/equipment-access.yaml,YES,metadata_gap,retained,item/blessed_water,,equipmentIssue offers the item to every declared user of list sisters-of-sigmar-equipment-lists (shared eligibility ignores notes),list=sisters-of-sigmar-equipment-lists,,Model the bearer restriction (item access or list scope); reuse shared eligibility.,A non-recipient is refused and an intended recipient is accepted by the shared decision.,applied_recipients,sisters-of-sigmar/sisters-of-sigmar-equipment-lists/blessed_water,applies_to inserted on the canonical entry as the union of the printed recipients; the shared decision now filters it per profile.
source/bands/mordheim/sisters-of-sigmar/equipment-access.yaml/@/equipment_lists/0/items/15/notes/unclassified,A-construction,bands/mordheim/sisters-of-sigmar/equipment-access.yaml,YES,metadata_gap,retained,item/holy_relic,,equipmentIssue offers the item to every declared user of list sisters-of-sigmar-equipment-lists (shared eligibility ignores notes),list=sisters-of-sigmar-equipment-lists,,Model the bearer restriction (item access or list scope); reuse shared eligibility.,A non-recipient is refused and an intended recipient is accepted by the shared decision.,applied_recipients,sisters-of-sigmar/sisters-of-sigmar-equipment-lists/holy_relic,applies_to inserted on the canonical entry as the union of the printed recipients; the shared decision now filters it per profile.
source/bands/mordheim/sisters-of-sigmar/equipment-access.yaml/@/equipment_lists/0/items/3/notes/unclassified,A-construction,bands/mordheim/sisters-of-sigmar/equipment-access.yaml,YES,metadata_gap,retained,item/sigmarite_hammer,,equipmentIssue offers the item to every declared user of list sisters-of-sigmar-equipment-lists (shared eligibility ignores notes),list=sisters-of-sigmar-equipment-lists,,Model the bearer restriction (item access or list scope); reuse shared eligibility.,A non-recipient is refused and an intended recipient is accepted by the shared decision.,out_of_scope,sisters-of-sigmar/sisters-of-sigmar-equipment-lists/sigmarite_hammer,"The clause bounds how many warhammers two named profiles may carry at once: an item quantity mechanic, not a recipient restriction."
source/bands/mordheim/skaven-of-clan-moulder-web/equipment-access.yaml/@/equipment_lists/0/items/1/notes/unclassified,A-construction,bands/mordheim/skaven-of-clan-moulder-web/equipment-access.yaml,YES,covered,retained,item/mace,,catalogue.mappings / carriedItemFacts in packages/typescript/domain/eligibility/index.ts,list=heroes-equipment-list,,None; the item identity is the canonical equivalence.,Item keeps its implemented mechanic mapping.,already_covered,,Audit status covered: the declared list or an existing maintained decision already realises the clause.
source/bands/mordheim/skaven-of-clan-moulder-web/equipment-access.yaml/@/equipment_lists/0/items/6/notes/unclassified,A-construction,bands/mordheim/skaven-of-clan-moulder-web/equipment-access.yaml,YES,metadata_gap,retained,item/beastwhip,,equipmentIssue offers the item to every declared user of list heroes-equipment-list (shared eligibility ignores notes),list=heroes-equipment-list,,Model the bearer restriction (item access or list scope); reuse shared eligibility.,A non-recipient is refused and an intended recipient is accepted by the shared decision.,applied_recipients,skaven-of-clan-moulder-web/heroes-equipment-list/beastwhip,applies_to inserted on the canonical entry as the union of the printed recipients; the shared decision now filters it per profile.
source/bands/mordheim/skaven-of-clan-moulder-web/equipment-access.yaml/@/equipment_lists/0/items/7/notes/unclassified,A-construction,bands/mordheim/skaven-of-clan-moulder-web/equipment-access.yaml,YES,metadata_gap,retained,item/thingcatcher,,equipmentIssue offers the item to every declared user of list heroes-equipment-list (shared eligibility ignores notes),list=heroes-equipment-list,,Model the bearer restriction (item access or list scope); reuse shared eligibility.,A non-recipient is refused and an intended recipient is accepted by the shared decision.,applied_recipients,skaven-of-clan-moulder-web/heroes-equipment-list/thingcatcher,applies_to inserted on the canonical entry as the union of the printed recipients; the shared decision now filters it per profile.
source/bands/mordheim/skaven-of-clan-pestilens-lus/equipment-access.yaml/@/equipment_lists/0/items/7/notes/unclassified,A-construction,bands/mordheim/skaven-of-clan-pestilens-lus/equipment-access.yaml,YES,metadata_gap,retained,item/plague_censer,,equipmentIssue offers the item to every declared user of list hero-equipment-list (shared eligibility ignores notes),list=hero-equipment-list,,Model the bearer restriction (item access or list scope); reuse shared eligibility.,A non-recipient is refused and an intended recipient is accepted by the shared decision.,out_of_scope,skaven-of-clan-pestilens-lus/hero-equipment-list/plague_censer,The note arbitrates a printed price discrepancy between the list and the special equipment entry; no bearer clause.
source/bands/mordheim/skaven-of-clan-pestilens-lus/equipment-access.yaml/@/equipment_lists/1/items/1/notes/unclassified,A-construction,bands/mordheim/skaven-of-clan-pestilens-lus/equipment-access.yaml,YES,covered,retained,item/club,,catalogue.mappings / carriedItemFacts in packages/typescript/domain/eligibility/index.ts,list=henchmen-equipment-list,,None; the item identity is the canonical equivalence.,Item keeps its implemented mechanic mapping.,already_covered,,Audit status covered: the declared list or an existing maintained decision already realises the clause.
source/bands/mordheim/skaven-of-clan-pestilens-lus/equipment-access.yaml/@/equipment_lists/1/items/4/notes/unclassified,A-construction,bands/mordheim/skaven-of-clan-pestilens-lus/equipment-access.yaml,YES,metadata_gap,retained,item/flail,,equipmentIssue offers the item to every declared user of list henchmen-equipment-list (shared eligibility ignores notes),list=henchmen-equipment-list,,Model the bearer restriction (item access or list scope); reuse shared eligibility.,A non-recipient is refused and an intended recipient is accepted by the shared decision.,applied_recipients,skaven-of-clan-pestilens-lus/henchmen-equipment-list/flail,applies_to inserted on the canonical entry as the union of the printed recipients; the shared decision now filters it per profile.
source/bands/mordheim/skaven-of-clan-pestilens-mou/equipment-access.yaml/@/equipment_lists/1/items/1/notes/unclassified,A-construction,bands/mordheim/skaven-of-clan-pestilens-mou/equipment-access.yaml,YES,covered,retained,item/club,,catalogue.mappings / carriedItemFacts in packages/typescript/domain/eligibility/index.ts,list=clanrat-equipment-list,,None; the item identity is the canonical equivalence.,Item keeps its implemented mechanic mapping.,already_covered,,Audit status covered: the declared list or an existing maintained decision already realises the clause.
source/bands/mordheim/skaven-of-clan-pestilens-mou/equipment-access.yaml/@/equipment_lists/1/items/4/notes/unclassified,A-construction,bands/mordheim/skaven-of-clan-pestilens-mou/equipment-access.yaml,YES,metadata_gap,retained,item/flail,,equipmentIssue offers the item to every declared user of list clanrat-equipment-list (shared eligibility ignores notes),list=clanrat-equipment-list,,Model the bearer restriction (item access or list scope); reuse shared eligibility.,A non-recipient is refused and an intended recipient is accepted by the shared decision.,applied_recipients,skaven-of-clan-pestilens-mou/clanrat-equipment-list/flail,applies_to inserted on the canonical entry as the union of the printed recipients; the shared decision now filters it per profile.
source/bands/mordheim/skaven-of-clan-pristekk-sc/equipment-access.yaml/@/equipment_lists/2/items/1/notes/unclassified,A-construction,bands/mordheim/skaven-of-clan-pristekk-sc/equipment-access.yaml,NO,out_of_scope,out_of_scope,item/thing_catcher,,no duel-construction consumer for acquisition data,list=special-clan-pristekk-equipment,,No duel-construction work required.,Clause stays excluded from duel construction.,out_of_scope,,"Audit status out_of_scope: pricing, rarity, campaign or duel-mechanic content outside the bearer scope."
source/bands/mordheim/skaven-of-clan-skryre-rel/equipment-access.yaml/@/equipment_lists/0/items/12/notes/unclassified,A-construction,bands/mordheim/skaven-of-clan-skryre-rel/equipment-access.yaml,YES,metadata_gap,retained,item/gas_mask,,equipmentIssue offers the item to every declared user of list heroes-equipment-list (shared eligibility ignores notes),list=heroes-equipment-list,,Model the bearer restriction (item access or list scope); reuse shared eligibility.,A non-recipient is refused and an intended recipient is accepted by the shared decision.,already_covered,skaven-of-clan-skryre-rel/heroes-equipment-list/gas_mask,"""Clan Skryre only"" is the band identity covering every declared user."
source/bands/mordheim/skaven-of-clan-skryre-rel/equipment-access.yaml/@/equipment_lists/0/items/6/notes/unclassified,A-construction,bands/mordheim/skaven-of-clan-skryre-rel/equipment-access.yaml,YES,metadata_gap,retained,item/warp_blades,,equipmentIssue offers the item to every declared user of list heroes-equipment-list (shared eligibility ignores notes),list=heroes-equipment-list,,Model the bearer restriction (item access or list scope); reuse shared eligibility.,A non-recipient is refused and an intended recipient is accepted by the shared decision.,already_covered,skaven-of-clan-skryre-rel/heroes-equipment-list/warp_blades,"""Clan Skryre only"" is the band identity covering every declared user."
source/bands/mordheim/skaven-of-clan-skryre-rel/equipment-access.yaml/@/equipment_lists/0/items/7/notes/unclassified,A-construction,bands/mordheim/skaven-of-clan-skryre-rel/equipment-access.yaml,YES,metadata_gap,retained,item/poison_wind_globe,,equipmentIssue offers the item to every declared user of list heroes-equipment-list (shared eligibility ignores notes),list=heroes-equipment-list,,Model the bearer restriction (item access or list scope); reuse shared eligibility.,A non-recipient is refused and an intended recipient is accepted by the shared decision.,already_covered,skaven-of-clan-skryre-rel/heroes-equipment-list/poison_wind_globe,"""Clan Skryre only"" is the band identity covering every declared user."
source/bands/mordheim/snotlings-web/equipment-access.yaml/@/equipment_lists/0/items/5/notes/unclassified,A-construction,bands/mordheim/snotlings-web/equipment-access.yaml,YES,metadata_gap,retained,item/short_bow,,equipmentIssue offers the item to every declared user of list snotling-equipment-list (shared eligibility ignores notes),list=snotling-equipment-list,,Model the bearer restriction (item access or list scope); reuse shared eligibility.,A non-recipient is refused and an intended recipient is accepted by the shared decision.,applied_recipients,snotlings-web/snotling-equipment-list/short_bow,applies_to inserted on the canonical entry as the union of the printed recipients; the shared decision now filters it per profile.
source/bands/mordheim/snotlings-web/equipment-access.yaml/@/equipment_lists/0/items/8/notes/unclassified,A-construction,bands/mordheim/snotlings-web/equipment-access.yaml,YES,metadata_gap,retained,item/light_armour,,equipmentIssue offers the item to every declared user of list snotling-equipment-list (shared eligibility ignores notes),list=snotling-equipment-list,,Model the bearer restriction (item access or list scope); reuse shared eligibility.,A non-recipient is refused and an intended recipient is accepted by the shared decision.,applied_recipients,snotlings-web/snotling-equipment-list/light_armour,applies_to inserted on the canonical entry as the union of the printed recipients; the shared decision now filters it per profile.
source/bands/mordheim/snotlings-web/equipment-access.yaml/@/equipment_lists/1/items/6/notes/unclassified,A-construction,bands/mordheim/snotlings-web/equipment-access.yaml,NO,out_of_scope,out_of_scope,item/pistol,,no duel-construction consumer for acquisition data,list=shoota-equipment-list,,No duel-construction work required.,Clause stays excluded from duel construction.,out_of_scope,,"Audit status out_of_scope: pricing, rarity, campaign or duel-mechanic content outside the bearer scope."
source/bands/mordheim/survivors-of-strigos-sylv/equipment-access.yaml/@/equipment_lists/0/items/17/notes/unclassified,A-construction,bands/mordheim/survivors-of-strigos-sylv/equipment-access.yaml,YES,covered,retained,item/unholy_relic,,profiles.yaml equipment_lists -> profileEquipmentItems (no henchman receives the offer),list=hero-equipment-list,,None; list membership already restricts the offer.,Only the intended recipients receive the offer.,already_covered,,Audit status covered: the declared list or an existing maintained decision already realises the clause.
source/bands/mordheim/survivors-of-strigos-sylv/equipment-access.yaml/@/equipment_lists/0/items/6/notes/unclassified,A-construction,bands/mordheim/survivors-of-strigos-sylv/equipment-access.yaml,YES,metadata_gap,retained,item/chest_talon,,equipmentIssue offers the item to every declared user of list hero-equipment-list (shared eligibility ignores notes),list=hero-equipment-list,,Model the bearer restriction (item access or list scope); reuse shared eligibility.,A non-recipient is refused and an intended recipient is accepted by the shared decision.,already_covered,survivors-of-strigos-sylv/hero-equipment-list/chest_talon,"""Strigany only"" is the band identity covering every declared user."
source/bands/mordheim/tomb-guardians/equipment-access.yaml/@/equipment_lists/0/items/10/notes/unclassified,A-construction,bands/mordheim/tomb-guardians/equipment-access.yaml,YES,metadata_gap,retained,item/asp_arrows,,equipmentIssue offers the item to every declared user of list undead-equipment-list (shared eligibility ignores notes),list=undead-equipment-list,,Model the bearer restriction (item access or list scope); reuse shared eligibility.,A non-recipient is refused and an intended recipient is accepted by the shared decision.,applied_recipients,tomb-guardians/undead-equipment-list/asp_arrows,applies_to inserted on the canonical entry as the union of the printed recipients; the shared decision now filters it per profile.
source/bands/mordheim/tomb-guardians/equipment-access.yaml/@/equipment_lists/0/items/11/notes/unclassified,A-construction,bands/mordheim/tomb-guardians/equipment-access.yaml,YES,metadata_gap,retained,item/nehekharan_javelin,,equipmentIssue offers the item to every declared user of list undead-equipment-list (shared eligibility ignores notes),list=undead-equipment-list,,Model the bearer restriction (item access or list scope); reuse shared eligibility.,A non-recipient is refused and an intended recipient is accepted by the shared decision.,applied_recipients,tomb-guardians/undead-equipment-list/nehekharan_javelin,applies_to inserted on the canonical entry as the union of the printed recipients; the shared decision now filters it per profile.
source/bands/mordheim/tomb-guardians/equipment-access.yaml/@/equipment_lists/1/items/6/notes/unclassified,A-construction,bands/mordheim/tomb-guardians/equipment-access.yaml,YES,metadata_gap,retained,item/serpent_staff,,equipmentIssue offers the item to every declared user of list liche-priest-equipment-list (shared eligibility ignores notes),list=liche-priest-equipment-list,,Model the bearer restriction (item access or list scope); reuse shared eligibility.,A non-recipient is refused and an intended recipient is accepted by the shared decision.,applied_recipients,tomb-guardians/liche-priest-equipment-list/serpent_staff,applies_to inserted on the canonical entry as the union of the printed recipients; the shared decision now filters it per profile.
source/bands/mordheim/vampire-hunters-of-sylvania-lotd5/equipment-access.yaml/@/equipment_lists/0/items/13/notes/unclassified,A-construction,bands/mordheim/vampire-hunters-of-sylvania-lotd5/equipment-access.yaml,YES,covered,retained,item/blessed_water,,profiles.yaml equipment_lists -> profileEquipmentItems (no henchman receives the offer),list=vampire-hunters-hero-equipment-list,,None; list membership already restricts the offer.,Only the intended recipients receive the offer.,already_covered,,Audit status covered: the declared list or an existing maintained decision already realises the clause.
source/bands/mordheim/vampire-hunters-of-sylvania-lotd5/equipment-access.yaml/@/equipment_lists/0/items/14/notes/unclassified,A-construction,bands/mordheim/vampire-hunters-of-sylvania-lotd5/equipment-access.yaml,YES,covered,retained,item/blessed_bolts,,profiles.yaml equipment_lists -> profileEquipmentItems (no henchman receives the offer),list=vampire-hunters-hero-equipment-list,,None; list membership already restricts the offer.,Only the intended recipients receive the offer.,already_covered,,Audit status covered: the declared list or an existing maintained decision already realises the clause.
source/bands/mordheim/vampire-hunters-of-sylvania-lotd5/equipment-access.yaml/@/equipment_lists/0/items/15/notes/unclassified,A-construction,bands/mordheim/vampire-hunters-of-sylvania-lotd5/equipment-access.yaml,YES,covered,retained,item/holy_relic,,profiles.yaml equipment_lists -> profileEquipmentItems (no henchman receives the offer),list=vampire-hunters-hero-equipment-list,,None; list membership already restricts the offer.,Only the intended recipients receive the offer.,already_covered,,Audit status covered: the declared list or an existing maintained decision already realises the clause.
source/bands/mordheim/vampire-hunters-of-sylvania-lotd5/equipment-access.yaml/@/equipment_lists/0/items/16/notes/unclassified,A-construction,bands/mordheim/vampire-hunters-of-sylvania-lotd5/equipment-access.yaml,YES,covered,retained,item/throat_guard,,profiles.yaml equipment_lists -> profileEquipmentItems (no henchman receives the offer),list=vampire-hunters-hero-equipment-list,,None; list membership already restricts the offer.,Only the intended recipients receive the offer.,already_covered,,Audit status covered: the declared list or an existing maintained decision already realises the clause.
source/bands/mordheim/vampire-hunters-of-sylvania-lotd5/equipment-access.yaml/@/equipment_lists/0/items/9/notes/unclassified,A-construction,bands/mordheim/vampire-hunters-of-sylvania-lotd5/equipment-access.yaml,YES,covered,retained,item/crossbow_pistol,,profiles.yaml equipment_lists -> profileEquipmentItems (no henchman receives the offer),list=vampire-hunters-hero-equipment-list,,None; list membership already restricts the offer.,Only the intended recipients receive the offer.,already_covered,,Audit status covered: the declared list or an existing maintained decision already realises the clause.
source/bands/mordheim/watchmen-mim/equipment-access.yaml/@/equipment_lists/0/items/16/notes/unclassified,A-construction,bands/mordheim/watchmen-mim/equipment-access.yaml,YES,metadata_gap,retained,item/falconry_glove,,equipmentIssue offers the item to every declared user of list watchmen-equipment-list (shared eligibility ignores notes),list=watchmen-equipment-list,,Model the bearer restriction (item access or list scope); reuse shared eligibility.,A non-recipient is refused and an intended recipient is accepted by the shared decision.,applied_recipients,watchmen-mim/watchmen-equipment-list/falconry_glove,applies_to inserted on the canonical entry as the union of the printed recipients; the shared decision now filters it per profile.
source/bands/mordheim/watchmen-mim/equipment-access.yaml/@/equipment_lists/0/items/17/notes/unclassified,A-construction,bands/mordheim/watchmen-mim/equipment-access.yaml,YES,metadata_gap,retained,item/hunting_bird,,equipmentIssue offers the item to every declared user of list watchmen-equipment-list (shared eligibility ignores notes),list=watchmen-equipment-list,,Model the bearer restriction (item access or list scope); reuse shared eligibility.,A non-recipient is refused and an intended recipient is accepted by the shared decision.,applied_recipients,watchmen-mim/watchmen-equipment-list/hunting_bird,applies_to inserted on the canonical entry as the union of the printed recipients; the shared decision now filters it per profile.
source/bands/mordheim/watchmen-mim/equipment-access.yaml/@/equipment_lists/1/items/1/notes/unclassified,A-construction,bands/mordheim/watchmen-mim/equipment-access.yaml,YES,covered,retained,item/mace_hammer,,catalogue.mappings / carriedItemFacts in packages/typescript/domain/eligibility/index.ts,list=private-sleuth-equipment-list,,None; the item identity is the canonical equivalence.,Item keeps its implemented mechanic mapping.,already_covered,,Audit status covered: the declared list or an existing maintained decision already realises the clause.
source/bands/trollheim/chaos-streets-greenskins/equipment-access.yaml/@/equipment_lists/0/items/14/notes/unclassified,A-construction,bands/trollheim/chaos-streets-greenskins/equipment-access.yaml,YES,metadata_gap,retained,item/mad_cap_mushrooms,,equipmentIssue offers the item to every declared user of list orc-equipment-list (shared eligibility ignores notes),list=orc-equipment-list,,Model the bearer restriction (item access or list scope); reuse shared eligibility.,A non-recipient is refused and an intended recipient is accepted by the shared decision.,out_of_scope,chaos-streets-greenskins/orc-equipment-list/mad_cap_mushrooms,The clause is a warband-composition condition plus internal drug mechanics; the orc list's own users are unchanged.
source/bands/trollheim/chaos-streets-greenskins/equipment-access.yaml/@/equipment_lists/1/items/3/notes/unclassified,A-construction,bands/trollheim/chaos-streets-greenskins/equipment-access.yaml,YES,metadata_gap,retained,item/squig_prodder,,equipmentIssue offers the item to every declared user of list goblin-equipment-list (shared eligibility ignores notes),list=goblin-equipment-list,,Model the bearer restriction (item access or list scope); reuse shared eligibility.,A non-recipient is refused and an intended recipient is accepted by the shared decision.,already_covered,chaos-streets-greenskins/goblin-equipment-list/squig_prodder,"""Goblin only"" holds for the list's only user (goblin-warriors); the internal item mechanics are outside the bearer scope."
source/bands/trollheim/chaos-streets-greenskins/equipment-access.yaml/@/equipment_lists/1/items/4/notes/unclassified,A-construction,bands/trollheim/chaos-streets-greenskins/equipment-access.yaml,YES,metadata_gap,retained,item/ball_chain,,equipmentIssue offers the item to every declared user of list goblin-equipment-list (shared eligibility ignores notes),list=goblin-equipment-list,,Model the bearer restriction (item access or list scope); reuse shared eligibility.,A non-recipient is refused and an intended recipient is accepted by the shared decision.,already_covered,chaos-streets-greenskins/goblin-equipment-list/ball_chain,"""Goblin only"" holds for the list's only user (goblin-warriors); the printed starting-list price and the internal weapon mechanics are outside the bearer scope."
source/bands/trollheim/chaos-streets-greenskins/equipment-access.yaml/@/equipment_lists/1/items/9/notes/unclassified,A-construction,bands/trollheim/chaos-streets-greenskins/equipment-access.yaml,YES,metadata_gap,retained,item/mad_cap_mushrooms,,equipmentIssue offers the item to every declared user of list goblin-equipment-list (shared eligibility ignores notes),list=goblin-equipment-list,,Model the bearer restriction (item access or list scope); reuse shared eligibility.,A non-recipient is refused and an intended recipient is accepted by the shared decision.,out_of_scope,chaos-streets-greenskins/goblin-equipment-list/mad_cap_mushrooms,"The clause is a warband-composition condition (""common only if the warband includes a Goblin"") plus internal drug mechanics, not a recipient restriction."
source/bands/trollheim/khemri-cursed-of-karak-zorn/equipment-access.yaml/@/equipment_lists/0/items/6/notes/unclassified,A-construction,bands/trollheim/khemri-cursed-of-karak-zorn/equipment-access.yaml,YES,metadata_gap,retained,item/dwarf_axe,,equipmentIssue offers the item to every declared user of list cursed-of-karak-zorn-equipment-list (shared eligibility ignores notes),list=cursed-of-karak-zorn-equipment-list,,Model the bearer restriction (item access or list scope); reuse shared eligibility.,A non-recipient is refused and an intended recipient is accepted by the shared decision.,already_covered,khemri-cursed-of-karak-zorn/cursed-of-karak-zorn-equipment-list/dwarf_axe,"""Dwarfs only"" holds for every declared user of the band list."
source/bands/trollheim/khemri-lahmian-brotherhood/equipment-access.yaml/@/equipment_lists/0/items/7/notes/unclassified,A-construction,bands/trollheim/khemri-lahmian-brotherhood/equipment-access.yaml,YES,metadata_gap,retained,item/snake_whip,,equipmentIssue offers the item to every declared user of list foreign-undead-equipment-list (shared eligibility ignores notes),list=foreign-undead-equipment-list,,Model the bearer restriction (item access or list scope); reuse shared eligibility.,A non-recipient is refused and an intended recipient is accepted by the shared decision.,applied_recipients,khemri-lahmian-brotherhood/foreign-undead-equipment-list/snake_whip,applies_to inserted on the canonical entry as the union of the printed recipients; the shared decision now filters it per profile.
source/bands/trollheim/khemri-lahmian-brotherhood/equipment-access.yaml/@/equipment_lists/2/items/7/notes/unclassified,A-construction,bands/trollheim/khemri-lahmian-brotherhood/equipment-access.yaml,YES,metadata_gap,retained,item/snake_whip,,equipmentIssue offers the item to every declared user of list native-undead-equipment-list (shared eligibility ignores notes),list=native-undead-equipment-list,,Model the bearer restriction (item access or list scope); reuse shared eligibility.,A non-recipient is refused and an intended recipient is accepted by the shared decision.,applied_recipients,khemri-lahmian-brotherhood/native-undead-equipment-list/snake_whip,applies_to inserted on the canonical entry as the union of the printed recipients; the shared decision now filters it per profile.
source/bands/trollheim/khemri-thieves-guild/equipment-access.yaml/@/equipment_lists/0/items/16/notes/unclassified,A-construction,bands/trollheim/khemri-thieves-guild/equipment-access.yaml,YES,metadata_gap,retained,item/shield,,equipmentIssue offers the item to every declared user of list guild-thief-equipment-list (shared eligibility ignores notes),list=guild-thief-equipment-list,,Model the bearer restriction (item access or list scope); reuse shared eligibility.,A non-recipient is refused and an intended recipient is accepted by the shared decision.,applied_recipients,khemri-thieves-guild/guild-thief-equipment-list/shield,applies_to inserted on the canonical entry as the union of the printed recipients; the shared decision now filters it per profile.
source/bands/trollheim/khemri-thieves-guild/equipment-access.yaml/@/equipment_lists/0/items/19/notes/unclassified,A-construction,bands/trollheim/khemri-thieves-guild/equipment-access.yaml,YES,metadata_gap,retained,item/heavy_armour,,equipmentIssue offers the item to every declared user of list guild-thief-equipment-list (shared eligibility ignores notes),list=guild-thief-equipment-list,,Model the bearer restriction (item access or list scope); reuse shared eligibility.,A non-recipient is refused and an intended recipient is accepted by the shared decision.,applied_recipients,khemri-thieves-guild/guild-thief-equipment-list/heavy_armour,applies_to inserted on the canonical entry as the union of the printed recipients; the shared decision now filters it per profile.
source/bands/trollheim/khemri-thieves-guild/equipment-access.yaml/@/equipment_lists/0/items/4/notes/unclassified,A-construction,bands/trollheim/khemri-thieves-guild/equipment-access.yaml,YES,metadata_gap,retained,item/spear,,equipmentIssue offers the item to every declared user of list guild-thief-equipment-list (shared eligibility ignores notes),list=guild-thief-equipment-list,,Model the bearer restriction (item access or list scope); reuse shared eligibility.,A non-recipient is refused and an intended recipient is accepted by the shared decision.,applied_recipients,khemri-thieves-guild/guild-thief-equipment-list/spear,applies_to inserted on the canonical entry as the union of the printed recipients; the shared decision now filters it per profile.
source/bands/trollheim/khemri-thieves-guild/equipment-access.yaml/@/equipment_lists/0/items/5/notes/unclassified,A-construction,bands/trollheim/khemri-thieves-guild/equipment-access.yaml,YES,metadata_gap,retained,item/ankus,,equipmentIssue offers the item to every declared user of list guild-thief-equipment-list (shared eligibility ignores notes),list=guild-thief-equipment-list,,Model the bearer restriction (item access or list scope); reuse shared eligibility.,A non-recipient is refused and an intended recipient is accepted by the shared decision.,applied_recipients,khemri-thieves-guild/guild-thief-equipment-list/ankus,applies_to inserted on the canonical entry as the union of the printed recipients; the shared decision now filters it per profile.
source/bands/trollheim/khemri-thieves-guild/equipment-access.yaml/@/equipment_lists/0/items/8/notes/unclassified,A-construction,bands/trollheim/khemri-thieves-guild/equipment-access.yaml,YES,metadata_gap,retained,item/bagh_nakh,,equipmentIssue offers the item to every declared user of list guild-thief-equipment-list (shared eligibility ignores notes),list=guild-thief-equipment-list,,Model the bearer restriction (item access or list scope); reuse shared eligibility.,A non-recipient is refused and an intended recipient is accepted by the shared decision.,out_of_scope,khemri-thieves-guild/guild-thief-equipment-list/bagh_nakh,"The clause restricts who may buy the item at the warband-creation price and sends the others to the Trading rules: a purchase procedure, not carriage."
source/bands/trollheim/lustria-amazons/equipment-access.yaml/@/equipment_lists/0/items/12/notes/unclassified,A-construction,bands/trollheim/lustria-amazons/equipment-access.yaml,YES,metadata_gap,retained,item/ancestral_claw,,equipmentIssue offers the item to every declared user of list amazon-heroine-equipment-list (shared eligibility ignores notes),list=amazon-heroine-equipment-list,,Model the bearer restriction (item access or list scope); reuse shared eligibility.,A non-recipient is refused and an intended recipient is accepted by the shared decision.,already_covered,lustria-amazons/amazon-heroine-equipment-list/ancestral_claw,"""Amazons only"" is the band identity covering every declared user."
source/bands/trollheim/lustria-amazons/equipment-access.yaml/@/equipment_lists/0/items/14/notes/unclassified,A-construction,bands/trollheim/lustria-amazons/equipment-access.yaml,YES,metadata_gap,retained,item/amulet_of_the_moon,,equipmentIssue offers the item to every declared user of list amazon-heroine-equipment-list (shared eligibility ignores notes),list=amazon-heroine-equipment-list,,Model the bearer restriction (item access or list scope); reuse shared eligibility.,A non-recipient is refused and an intended recipient is accepted by the shared decision.,already_covered,lustria-amazons/amazon-heroine-equipment-list/amulet_of_the_moon,"""Amazons only"" is the band identity covering every declared user."
source/bands/trollheim/lustria-amazons/equipment-access.yaml/@/equipment_lists/0/items/6/notes/unclassified,A-construction,bands/trollheim/lustria-amazons/equipment-access.yaml,YES,metadata_gap,retained,item/sun_gauntlet,,equipmentIssue offers the item to every declared user of list amazon-heroine-equipment-list (shared eligibility ignores notes),list=amazon-heroine-equipment-list,,Model the bearer restriction (item access or list scope); reuse shared eligibility.,A non-recipient is refused and an intended recipient is accepted by the shared decision.,already_covered,lustria-amazons/amazon-heroine-equipment-list/sun_gauntlet,"""Amazons only"" is the band identity covering every declared user."
source/bands/trollheim/lustria-amazons/equipment-access.yaml/@/equipment_lists/0/items/7/notes/unclassified,A-construction,bands/trollheim/lustria-amazons/equipment-access.yaml,YES,metadata_gap,retained,item/sunstaff,,equipmentIssue offers the item to every declared user of list amazon-heroine-equipment-list (shared eligibility ignores notes),list=amazon-heroine-equipment-list,,Model the bearer restriction (item access or list scope); reuse shared eligibility.,A non-recipient is refused and an intended recipient is accepted by the shared decision.,already_covered,lustria-amazons/amazon-heroine-equipment-list/sunstaff,"""Amazons only"" is the band identity covering every declared user."
source/bands/trollheim/lustria-norse/equipment-access.yaml/@/equipment_lists/0/items/3/notes/unclassified,A-construction,bands/trollheim/lustria-norse/equipment-access.yaml,YES,metadata_gap,retained,item/scourge,,equipmentIssue offers the item to every declared user of list norse-equipment-list (shared eligibility ignores notes),list=norse-equipment-list,,Model the bearer restriction (item access or list scope); reuse shared eligibility.,A non-recipient is refused and an intended recipient is accepted by the shared decision.,applied_recipients,lustria-norse/norse-equipment-list/scourge,applies_to inserted on the canonical entry as the union of the printed recipients; the shared decision now filters it per profile.
source/bands/trollheim/lustria-pygmies/equipment-access.yaml/@/equipment_lists/0/items/14/notes/unclassified,A-construction,bands/trollheim/lustria-pygmies/equipment-access.yaml,YES,metadata_gap,retained,item/shrunken_head,,equipmentIssue offers the item to every declared user of list pygmy-equipment-list (shared eligibility ignores notes),list=pygmy-equipment-list,,Model the bearer restriction (item access or list scope); reuse shared eligibility.,A non-recipient is refused and an intended recipient is accepted by the shared decision.,already_covered,lustria-pygmies/pygmy-equipment-list/shrunken_head,"""Pygmies only"" is the band identity covering every declared user; the missile and Psychology mechanics are outside the bearer scope."
source/bands/trollheim/lustria-pygmies/equipment-access.yaml/@/equipment_lists/0/items/8/notes/unclassified,A-construction,bands/trollheim/lustria-pygmies/equipment-access.yaml,YES,metadata_gap,retained,item/poisoned_darts,,equipmentIssue offers the item to every declared user of list pygmy-equipment-list (shared eligibility ignores notes),list=pygmy-equipment-list,,Model the bearer restriction (item access or list scope); reuse shared eligibility.,A non-recipient is refused and an intended recipient is accepted by the shared decision.,applied_recipients,lustria-pygmies/pygmy-equipment-list/poisoned_darts,applies_to inserted on the canonical entry as the union of the printed recipients; the shared decision now filters it per profile.
source/bands/trollheim/trollheim-skaven-clan-eshin/equipment-access.yaml/@/equipment_lists/0/items/10/notes/unclassified,A-construction,bands/trollheim/trollheim-skaven-clan-eshin/equipment-access.yaml,YES,metadata_gap,retained,item/warp_pistol,,equipmentIssue offers the item to every declared user of list skaven-hero-equipment-list (shared eligibility ignores notes),list=skaven-hero-equipment-list,,Model the bearer restriction (item access or list scope); reuse shared eligibility.,A non-recipient is refused and an intended recipient is accepted by the shared decision.,already_covered,trollheim-skaven-clan-eshin/skaven-hero-equipment-list/warp_pistol,"""Skaven only"" is the band identity covering every declared user; the price/rarity clause is separate."
source/bands/trollheim/trollheim-skaven-clan-eshin/equipment-access.yaml/@/equipment_lists/0/items/5/notes/unclassified,A-construction,bands/trollheim/trollheim-skaven-clan-eshin/equipment-access.yaml,YES,metadata_gap,retained,item/weeping_blades,,equipmentIssue offers the item to every declared user of list skaven-hero-equipment-list (shared eligibility ignores notes),list=skaven-hero-equipment-list,,Model the bearer restriction (item access or list scope); reuse shared eligibility.,A non-recipient is refused and an intended recipient is accepted by the shared decision.,already_covered,trollheim-skaven-clan-eshin/skaven-hero-equipment-list/weeping_blades,"""Skaven only"" is the band identity covering every declared user; the price/rarity clause is separate."
source/bands/trollheim/trollheim-skaven-clan-eshin/equipment-access.yaml/@/equipment_lists/0/items/6/notes/unclassified,A-construction,bands/trollheim/trollheim-skaven-clan-eshin/equipment-access.yaml,YES,metadata_gap,retained,item/fighting_claws,,equipmentIssue offers the item to every declared user of list skaven-hero-equipment-list (shared eligibility ignores notes),list=skaven-hero-equipment-list,,Model the bearer restriction (item access or list scope); reuse shared eligibility.,A non-recipient is refused and an intended recipient is accepted by the shared decision.,already_covered,trollheim-skaven-clan-eshin/skaven-hero-equipment-list/fighting_claws,"""Skaven only"" is the band identity covering every declared user; the price/rarity clause is separate."
source/bands/trollheim/trollheim-skaven-clan-eshin/equipment-access.yaml/@/equipment_lists/0/items/9/notes/unclassified,A-construction,bands/trollheim/trollheim-skaven-clan-eshin/equipment-access.yaml,YES,metadata_gap,retained,item/blowpipe,,equipmentIssue offers the item to every declared user of list skaven-hero-equipment-list (shared eligibility ignores notes),list=skaven-hero-equipment-list,,Model the bearer restriction (item access or list scope); reuse shared eligibility.,A non-recipient is refused and an intended recipient is accepted by the shared decision.,already_covered,trollheim-skaven-clan-eshin/skaven-hero-equipment-list/blowpipe,"""Skaven only"" is the band identity covering every declared user; the price/rarity clause is separate."
source/bands/mordheim/blood-dragons-mou/equipment-access.yaml/@/equipment_lists/0/items/12/notes/unclassified,B-construction,bands/mordheim/blood-dragons-mou/equipment-access.yaml,YES,metadata_gap,retained,bands/mordheim/blood-dragons-mou/equipment-access.yaml equipment_lists[0].items[12] (warhorse),,"profileEquipmentItems reads lists/fixed kit, never item notes",,,"model the qualifier (list applies_to, a forbids token or a band exclusion)",the shared decision refuses the item for every non-qualifying profile,applied_recipients,blood-dragons-mou/blood-dragon-equipment-list/warhorse,applies_to inserted on the canonical entry as the union of the printed recipients; the shared decision now filters it per profile.
source/bands/mordheim/blood-dragons-mou/equipment-access.yaml/@/equipment_lists/0/items/13/notes/unclassified,B-construction,bands/mordheim/blood-dragons-mou/equipment-access.yaml,YES,metadata_gap,retained,bands/mordheim/blood-dragons-mou/equipment-access.yaml equipment_lists[0].items[13] (barding),,"profileEquipmentItems reads lists/fixed kit, never item notes",,,"model the qualifier (list applies_to, a forbids token or a band exclusion)",the shared decision refuses the item for every non-qualifying profile,applied_recipients,blood-dragons-mou/blood-dragon-equipment-list/barding,applies_to inserted on the canonical entry as the union of the printed recipients; the shared decision now filters it per profile.
source/bands/mordheim/bretonnian-buccaneers-sar/equipment-access.yaml/@/equipment_lists/0/items/1/notes/unclassified,B-construction,bands/mordheim/bretonnian-buccaneers-sar/equipment-access.yaml,YES,covered,retained,bands/mordheim/bretonnian-buccaneers-sar/equipment-access.yaml equipment_lists[0].items[1] (hammer),,index.ts profileEquipmentItems/profileEquipment (declared lists + fixed kit),source/bands/mordheim/bretonnian-buccaneers-sar/equipment-access.yaml/@/equipment_lists/1/items/1/notes/unclassified;source/bands/mordheim/bretonnian-buccaneers-sar/equipment-access.yaml/@/equipment_lists/2/items/1/notes/unclassified,,none,the selected item id already carries the named equivalence,already_covered,,Audit status covered: the declared list or an existing maintained decision already realises the clause.
source/bands/mordheim/bretonnian-buccaneers-sar/equipment-access.yaml/@/equipment_lists/0/items/4/notes/unclassified,B-construction,bands/mordheim/bretonnian-buccaneers-sar/equipment-access.yaml,YES,metadata_gap,retained,bands/mordheim/bretonnian-buccaneers-sar/equipment-access.yaml equipment_lists[0].items[4] (cat_o_nine_tails),,"profileEquipmentItems reads lists/fixed kit, never item notes",,,"model the qualifier (list applies_to, a forbids token or a band exclusion)",the shared decision refuses the item for every non-qualifying profile,applied_recipients,bretonnian-buccaneers-sar/pirate-equipment-list/cat_o_nine_tails,applies_to inserted on the canonical entry as the union of the printed recipients; the shared decision now filters it per profile.
source/bands/mordheim/bretonnian-buccaneers-sar/equipment-access.yaml/@/equipment_lists/1/items/1/notes/unclassified,B-construction,bands/mordheim/bretonnian-buccaneers-sar/equipment-access.yaml,YES,covered,retained,bands/mordheim/bretonnian-buccaneers-sar/equipment-access.yaml equipment_lists[1].items[1] (hammer),,index.ts profileEquipmentItems/profileEquipment (declared lists + fixed kit),source/bands/mordheim/bretonnian-buccaneers-sar/equipment-access.yaml/@/equipment_lists/0/items/1/notes/unclassified;source/bands/mordheim/bretonnian-buccaneers-sar/equipment-access.yaml/@/equipment_lists/2/items/1/notes/unclassified,,none,the selected item id already carries the named equivalence,already_covered,,Audit status covered: the declared list or an existing maintained decision already realises the clause.
source/bands/mordheim/bretonnian-buccaneers-sar/equipment-access.yaml/@/equipment_lists/2/items/1/notes/unclassified,B-construction,bands/mordheim/bretonnian-buccaneers-sar/equipment-access.yaml,YES,covered,retained,bands/mordheim/bretonnian-buccaneers-sar/equipment-access.yaml equipment_lists[2].items[1] (hammer),,index.ts profileEquipmentItems/profileEquipment (declared lists + fixed kit),source/bands/mordheim/bretonnian-buccaneers-sar/equipment-access.yaml/@/equipment_lists/0/items/1/notes/unclassified;source/bands/mordheim/bretonnian-buccaneers-sar/equipment-access.yaml/@/equipment_lists/1/items/1/notes/unclassified,,none,the selected item id already carries the named equivalence,already_covered,,Audit status covered: the declared list or an existing maintained decision already realises the clause.
source/bands/mordheim/call-of-the-night-haint-mim/equipment-access.yaml/@/equipment_lists/0/items/1/notes/unclassified,B-construction,bands/mordheim/call-of-the-night-haint-mim/equipment-access.yaml,YES,metadata_gap,retained,bands/mordheim/call-of-the-night-haint-mim/equipment-access.yaml equipment_lists[0].items[1] (spirit_knife),,"profileEquipmentItems reads lists/fixed kit, never item notes",,,"model the qualifier (list applies_to, a forbids token or a band exclusion)",the shared decision refuses the item for every non-qualifying profile,covered_by_existing_binding,call-of-the-night-haint-mim/night-haint-equipment-list/spirit_knife,index.ts _spirit_knife_allowed / profileEquipmentItems keeps the Ethereal-Hero-only spirit knife to the ethereal heroes that reach it.
source/bands/mordheim/call-of-the-night-haint-mim/equipment-access.yaml/@/equipment_lists/0/items/13/notes/unclassified,B-construction,bands/mordheim/call-of-the-night-haint-mim/equipment-access.yaml,YES,metadata_gap,retained,bands/mordheim/call-of-the-night-haint-mim/equipment-access.yaml equipment_lists[0].items[13] (heavy_armour),,"profileEquipmentItems reads lists/fixed kit, never item notes",,,"model the qualifier (list applies_to, a forbids token or a band exclusion)",the shared decision refuses the item for every non-qualifying profile,applied_recipients,call-of-the-night-haint-mim/night-haint-equipment-list/heavy_armour,applies_to inserted on the canonical entry as the union of the printed recipients; the shared decision now filters it per profile.
source/bands/mordheim/channel-rats-mim/equipment-access.yaml/@/equipment_lists/0/items/11/notes/unclassified,B-construction,bands/mordheim/channel-rats-mim/equipment-access.yaml,YES,metadata_gap,retained,bands/mordheim/channel-rats-mim/equipment-access.yaml equipment_lists[0].items[11] (blunderbuss),,"profileEquipmentItems reads lists/fixed kit, never item notes",,,"model the qualifier (list applies_to, a forbids token or a band exclusion)",the shared decision refuses the item for every non-qualifying profile,applied_recipients,channel-rats-mim/strigany-equipment-list/blunderbuss,applies_to inserted on the canonical entry as the union of the printed recipients; the shared decision now filters it per profile.
source/bands/mordheim/channel-rats-mim/equipment-access.yaml/@/equipment_lists/0/items/12/notes/unclassified,B-construction,bands/mordheim/channel-rats-mim/equipment-access.yaml,YES,metadata_gap,retained,bands/mordheim/channel-rats-mim/equipment-access.yaml equipment_lists[0].items[12] (handgun),,"profileEquipmentItems reads lists/fixed kit, never item notes",,,"model the qualifier (list applies_to, a forbids token or a band exclusion)",the shared decision refuses the item for every non-qualifying profile,applied_recipients,channel-rats-mim/strigany-equipment-list/handgun,applies_to inserted on the canonical entry as the union of the printed recipients; the shared decision now filters it per profile.
source/bands/mordheim/channel-rats-mim/equipment-access.yaml/@/equipment_lists/0/items/17/notes/unclassified,B-construction,bands/mordheim/channel-rats-mim/equipment-access.yaml,YES,metadata_gap,retained,bands/mordheim/channel-rats-mim/equipment-access.yaml equipment_lists[0].items[17] (rabbits_foot),,"profileEquipmentItems reads lists/fixed kit, never item notes",,,"model the qualifier (list applies_to, a forbids token or a band exclusion)",the shared decision refuses the item for every non-qualifying profile,applied_recipients,channel-rats-mim/strigany-equipment-list/rabbits_foot,applies_to inserted on the canonical entry as the union of the printed recipients; the shared decision now filters it per profile.
source/bands/mordheim/channel-rats-mim/equipment-access.yaml/@/equipment_lists/0/items/18/notes/unclassified,B-construction,bands/mordheim/channel-rats-mim/equipment-access.yaml,YES,metadata_gap,retained,bands/mordheim/channel-rats-mim/equipment-access.yaml equipment_lists[0].items[18] (compass),,"profileEquipmentItems reads lists/fixed kit, never item notes",,,"model the qualifier (list applies_to, a forbids token or a band exclusion)",the shared decision refuses the item for every non-qualifying profile,applied_recipients,channel-rats-mim/strigany-equipment-list/compass,applies_to inserted on the canonical entry as the union of the printed recipients; the shared decision now filters it per profile.
source/bands/mordheim/channel-rats-mim/equipment-access.yaml/@/equipment_lists/0/items/19/notes/unclassified,B-construction,bands/mordheim/channel-rats-mim/equipment-access.yaml,YES,metadata_gap,retained,bands/mordheim/channel-rats-mim/equipment-access.yaml equipment_lists[0].items[19] (telescope),,"profileEquipmentItems reads lists/fixed kit, never item notes",,,"model the qualifier (list applies_to, a forbids token or a band exclusion)",the shared decision refuses the item for every non-qualifying profile,applied_recipients,channel-rats-mim/strigany-equipment-list/telescope,applies_to inserted on the canonical entry as the union of the printed recipients; the shared decision now filters it per profile.
source/bands/mordheim/channel-rats-mim/equipment-access.yaml/@/equipment_lists/0/items/3/notes/unclassified,B-construction,bands/mordheim/channel-rats-mim/equipment-access.yaml,YES,covered,retained,bands/mordheim/channel-rats-mim/equipment-access.yaml equipment_lists[0].items[3] (cutlass_sword),,index.ts profileEquipmentItems/profileEquipment (declared lists + fixed kit),source/bands/mordheim/channel-rats-mim/equipment-access.yaml/@/equipment_lists/1/items/2/notes/unclassified,,none,the selected item id already carries the named equivalence,already_covered,,Audit status covered: the declared list or an existing maintained decision already realises the clause.
source/bands/mordheim/channel-rats-mim/equipment-access.yaml/@/equipment_lists/1/items/1/notes/unclassified,B-construction,bands/mordheim/channel-rats-mim/equipment-access.yaml,YES,covered,retained,bands/mordheim/channel-rats-mim/equipment-access.yaml equipment_lists[1].items[1] (mace),,index.ts profileEquipmentItems/profileEquipment (declared lists + fixed kit),,,none,the selected item id already carries the named equivalence,already_covered,,Audit status covered: the declared list or an existing maintained decision already realises the clause.
source/bands/mordheim/channel-rats-mim/equipment-access.yaml/@/equipment_lists/1/items/2/notes/unclassified,B-construction,bands/mordheim/channel-rats-mim/equipment-access.yaml,YES,covered,retained,bands/mordheim/channel-rats-mim/equipment-access.yaml equipment_lists[1].items[2] (cutlass_sword),,index.ts profileEquipmentItems/profileEquipment (declared lists + fixed kit),source/bands/mordheim/channel-rats-mim/equipment-access.yaml/@/equipment_lists/0/items/3/notes/unclassified,,none,the selected item id already carries the named equivalence,already_covered,,Audit status covered: the declared list or an existing maintained decision already realises the clause.
source/bands/mordheim/clockworkers-sc/equipment-access.yaml/@/equipment_lists/0/items/6/notes/unclassified,B-construction,bands/mordheim/clockworkers-sc/equipment-access.yaml,YES,metadata_gap,retained,bands/mordheim/clockworkers-sc/equipment-access.yaml equipment_lists[0].items[6] (clockwork_rifle),,"profileEquipmentItems reads lists/fixed kit, never item notes",,,"model the qualifier (list applies_to, a forbids token or a band exclusion)",the shared decision refuses the item for every non-qualifying profile,applied_recipients,clockworkers-sc/heroes-equipment-list/clockwork_rifle,applies_to inserted on the canonical entry as the union of the printed recipients; the shared decision now filters it per profile.
source/bands/mordheim/clockworkers-sc/equipment-access.yaml/@/equipment_lists/0/items/8/notes/unclassified,B-construction,bands/mordheim/clockworkers-sc/equipment-access.yaml,YES,metadata_gap,retained,bands/mordheim/clockworkers-sc/equipment-access.yaml equipment_lists[0].items[8] (heavy_armour),,"profileEquipmentItems reads lists/fixed kit, never item notes",,,"model the qualifier (list applies_to, a forbids token or a band exclusion)",the shared decision refuses the item for every non-qualifying profile,applied_recipients,clockworkers-sc/heroes-equipment-list/heavy_armour,applies_to inserted on the canonical entry as the union of the printed recipients; the shared decision now filters it per profile.
source/bands/mordheim/clockworkers-sc/equipment-access.yaml/@/equipment_lists/2/items/0/notes/unclassified,B-construction,bands/mordheim/clockworkers-sc/equipment-access.yaml,YES,covered,retained,bands/mordheim/clockworkers-sc/equipment-access.yaml equipment_lists[2].items[0] (hammer),,compiler.py loadoutRestriction hand accounting,,,none,the mechanic hands field matches the printed slot count,already_covered,,Audit status covered: the declared list or an existing maintained decision already realises the clause.
source/bands/mordheim/clockworkers-sc/equipment-access.yaml/@/equipment_lists/2/items/1/notes/unclassified,B-construction,bands/mordheim/clockworkers-sc/equipment-access.yaml,YES,covered,retained,bands/mordheim/clockworkers-sc/equipment-access.yaml equipment_lists[2].items[1] (mace),,compiler.py loadoutRestriction hand accounting,,,none,the mechanic hands field matches the printed slot count,already_covered,,Audit status covered: the declared list or an existing maintained decision already realises the clause.
source/bands/mordheim/clockworkers-sc/equipment-access.yaml/@/equipment_lists/2/items/2/notes/unclassified,B-construction,bands/mordheim/clockworkers-sc/equipment-access.yaml,YES,covered,retained,bands/mordheim/clockworkers-sc/equipment-access.yaml equipment_lists[2].items[2] (axe),,compiler.py loadoutRestriction hand accounting,,,none,the mechanic hands field matches the printed slot count,already_covered,,Audit status covered: the declared list or an existing maintained decision already realises the clause.
source/bands/mordheim/clockworkers-sc/equipment-access.yaml/@/equipment_lists/2/items/3/notes/unclassified,B-construction,bands/mordheim/clockworkers-sc/equipment-access.yaml,YES,covered,retained,bands/mordheim/clockworkers-sc/equipment-access.yaml equipment_lists[2].items[3] (sword),,compiler.py loadoutRestriction hand accounting,,,none,the mechanic hands field matches the printed slot count,already_covered,,Audit status covered: the declared list or an existing maintained decision already realises the clause.
source/bands/mordheim/clockworkers-sc/equipment-access.yaml/@/equipment_lists/2/items/4/notes/unclassified,B-construction,bands/mordheim/clockworkers-sc/equipment-access.yaml,YES,covered,retained,bands/mordheim/clockworkers-sc/equipment-access.yaml equipment_lists[2].items[4] (clockwork_pistol),,compiler.py loadoutRestriction hand accounting,,,none,the mechanic hands field matches the printed slot count,already_covered,,Audit status covered: the declared list or an existing maintained decision already realises the clause.
source/bands/mordheim/clockworkers-sc/equipment-access.yaml/@/equipment_lists/2/items/5/notes/unclassified,B-construction,bands/mordheim/clockworkers-sc/equipment-access.yaml,YES,covered,retained,bands/mordheim/clockworkers-sc/equipment-access.yaml equipment_lists[2].items[5] (shield),,compiler.py loadoutRestriction hand accounting,,,none,the mechanic hands field matches the printed slot count,already_covered,,Audit status covered: the declared list or an existing maintained decision already realises the clause.
source/bands/mordheim/clockworkers-sc/equipment-access.yaml/@/equipment_lists/2/items/6/notes/unclassified,B-construction,bands/mordheim/clockworkers-sc/equipment-access.yaml,YES,covered,retained,bands/mordheim/clockworkers-sc/equipment-access.yaml equipment_lists[2].items[6] (clockwork_rifle),,compiler.py loadoutRestriction hand accounting,,,none,the mechanic hands field matches the printed slot count,already_covered,,Audit status covered: the declared list or an existing maintained decision already realises the clause.
source/bands/mordheim/clockworkers-sc/equipment-access.yaml/@/equipment_lists/2/items/7/notes/unclassified,B-construction,bands/mordheim/clockworkers-sc/equipment-access.yaml,YES,covered,retained,bands/mordheim/clockworkers-sc/equipment-access.yaml equipment_lists[2].items[7] (great_weapon),,index.ts profileEquipmentItems/profileEquipment (declared lists + fixed kit),,,none,the selected item id already carries the named equivalence,already_covered,,Audit status covered: the declared list or an existing maintained decision already realises the clause.
source/bands/mordheim/clockworkers-sc/equipment-access.yaml/@/equipment_lists/2/items/8/notes/unclassified,B-construction,bands/mordheim/clockworkers-sc/equipment-access.yaml,YES,covered,retained,bands/mordheim/clockworkers-sc/equipment-access.yaml equipment_lists[2].items[8] (halberd),,compiler.py loadoutRestriction hand accounting,,,none,the mechanic hands field matches the printed slot count,already_covered,,Audit status covered: the declared list or an existing maintained decision already realises the clause.
source/bands/mordheim/dark-elves/equipment-access.yaml/@/equipment_lists/0/items/14/notes/unclassified,B-construction,bands/mordheim/dark-elves/equipment-access.yaml,YES,metadata_gap,retained,bands/mordheim/dark-elves/equipment-access.yaml equipment_lists[0].items[14] (dark_venom),,"profileEquipmentItems reads lists/fixed kit, never item notes",,,"model the qualifier (list applies_to, a forbids token or a band exclusion)",the shared decision refuses the item for every non-qualifying profile,applied_recipients,dark-elves/dark-elf-equipment-list/dark_venom,applies_to inserted on the canonical entry as the union of the printed recipients; the shared decision now filters it per profile.
source/bands/mordheim/dark-elves/equipment-access.yaml/@/equipment_lists/0/items/15/notes/unclassified,B-construction,bands/mordheim/dark-elves/equipment-access.yaml,YES,metadata_gap,retained,bands/mordheim/dark-elves/equipment-access.yaml equipment_lists[0].items[15] (sea_dragon_cloak),,"profileEquipmentItems reads lists/fixed kit, never item notes",,,"model the qualifier (list applies_to, a forbids token or a band exclusion)",the shared decision refuses the item for every non-qualifying profile,already_covered,dark-elves/dark-elf-equipment-list/sea_dragon_cloak,"""Heroes and Corsairs only"" names exactly the profiles that declare the list (three heroes plus the corsair henchmen): a union that covers every user."
source/bands/mordheim/dark-elves/equipment-access.yaml/@/equipment_lists/0/items/5/notes/unclassified,B-construction,bands/mordheim/dark-elves/equipment-access.yaml,YES,metadata_gap,retained,bands/mordheim/dark-elves/equipment-access.yaml equipment_lists[0].items[5] (beastlash),,"profileEquipmentItems reads lists/fixed kit, never item notes",,,"model the qualifier (list applies_to, a forbids token or a band exclusion)",the shared decision refuses the item for every non-qualifying profile,applied_recipients,dark-elves/dark-elf-equipment-list/beastlash,applies_to inserted on the canonical entry as the union of the printed recipients; the shared decision now filters it per profile.
source/bands/mordheim/dreamwalkers-cult-of-morr-fbg/equipment-access.yaml/@/equipment_lists/0/items/7/notes/unclassified,B-construction,bands/mordheim/dreamwalkers-cult-of-morr-fbg/equipment-access.yaml,YES,metadata_gap,retained,bands/mordheim/dreamwalkers-cult-of-morr-fbg/equipment-access.yaml equipment_lists[0].items[7] (rapier),,"profileEquipmentItems reads lists/fixed kit, never item notes",,,"model the qualifier (list applies_to, a forbids token or a band exclusion)",the shared decision refuses the item for every non-qualifying profile,applied_recipients,dreamwalkers-cult-of-morr-fbg/hero-equipment-list/rapier,applies_to inserted on the canonical entry as the union of the printed recipients; the shared decision now filters it per profile.
source/bands/mordheim/dreamwalkers-cult-of-morr-fbg/equipment-access.yaml/@/equipment_lists/0/items/8/notes/unclassified,B-construction,bands/mordheim/dreamwalkers-cult-of-morr-fbg/equipment-access.yaml,YES,metadata_gap,retained,bands/mordheim/dreamwalkers-cult-of-morr-fbg/equipment-access.yaml equipment_lists[0].items[8] (main_gauche),,"profileEquipmentItems reads lists/fixed kit, never item notes",,,"model the qualifier (list applies_to, a forbids token or a band exclusion)",the shared decision refuses the item for every non-qualifying profile,applied_recipients,dreamwalkers-cult-of-morr-fbg/hero-equipment-list/main_gauche,applies_to inserted on the canonical entry as the union of the printed recipients; the shared decision now filters it per profile.
source/bands/mordheim/druchii-mic/equipment-access.yaml/@/equipment_lists/0/items/6/notes/unclassified,B-construction,bands/mordheim/druchii-mic/equipment-access.yaml,YES,metadata_gap,retained,bands/mordheim/druchii-mic/equipment-access.yaml equipment_lists[0].items[6] (beastlash),,"profileEquipmentItems reads lists/fixed kit, never item notes",,,"model the qualifier (list applies_to, a forbids token or a band exclusion)",the shared decision refuses the item for every non-qualifying profile,applied_recipients,druchii-mic/hero-equipment-list/beastlash,applies_to inserted on the canonical entry as the union of the printed recipients; the shared decision now filters it per profile.
source/bands/mordheim/druchii-mic/equipment-access.yaml/@/equipment_lists/3/items/7/notes/unclassified,B-construction,bands/mordheim/druchii-mic/equipment-access.yaml,YES,metadata_gap,retained,bands/mordheim/druchii-mic/equipment-access.yaml equipment_lists[3].items[7] (black_lotus),,"profileEquipmentItems reads lists/fixed kit, never item notes",,,"model the qualifier (list applies_to, a forbids token or a band exclusion)",the shared decision refuses the item for every non-qualifying profile,already_covered,druchii-mic/witch-elves-equipment-list/black_lotus,"""Witch Elves only"" and the list's only user is the witch-elves profile."
source/bands/mordheim/dwarf-slayer-cult-web/equipment-access.yaml/@/equipment_lists/1/items/7/notes/unclassified,B-construction,bands/mordheim/dwarf-slayer-cult-web/equipment-access.yaml,YES,metadata_gap,retained,bands/mordheim/dwarf-slayer-cult-web/equipment-access.yaml equipment_lists[1].items[7] (whirling_blades),,"profileEquipmentItems reads lists/fixed kit, never item notes",,,"model the qualifier (list applies_to, a forbids token or a band exclusion)",the shared decision refuses the item for every non-qualifying profile,already_covered,dwarf-slayer-cult-web/doomseeker-equipment-list/whirling_blades,"""Rare 9 (Slayers only)"" holds for the list's only user, the doomseeker (a Slayer)."
source/bands/mordheim/dwarf-slayer-cult-web/equipment-access.yaml/@/equipment_lists/2/items/3/notes/unclassified,B-construction,bands/mordheim/dwarf-slayer-cult-web/equipment-access.yaml,YES,metadata_gap,retained,bands/mordheim/dwarf-slayer-cult-web/equipment-access.yaml equipment_lists[2].items[3] (dwarf_axe),,"profileEquipmentItems reads lists/fixed kit, never item notes",,,"model the qualifier (list applies_to, a forbids token or a band exclusion)",the shared decision refuses the item for every non-qualifying profile,already_covered,dwarf-slayer-cult-web/rememberer-equipment-list/dwarf_axe,"""Dwarf only"" holds for the list's only user, the rememberer."
source/bands/mordheim/dwarf-slayers-kaz/equipment-access.yaml/@/equipment_lists/0/items/10/notes/unclassified,B-construction,bands/mordheim/dwarf-slayers-kaz/equipment-access.yaml,YES,metadata_gap,retained,bands/mordheim/dwarf-slayers-kaz/equipment-access.yaml equipment_lists[0].items[10] (pistol),,index.ts profileEquipmentItems/profileEquipment (declared lists + fixed kit),,,"model the restriction (list scope, forbids token or loadout caveat)",the restriction is enforced by the shared decision or explicitly excluded,applied_structured_rule,dwarf-slayers-kaz/dwarf-warrior-equipment-list/pistol,slayers--no-armour-or-missile-weapons (dwarf-slayers-kaz/special-rules.yaml)
source/bands/mordheim/dwarf-slayers-kaz/equipment-access.yaml/@/equipment_lists/0/items/11/notes/unclassified,B-construction,bands/mordheim/dwarf-slayers-kaz/equipment-access.yaml,YES,metadata_gap,retained,bands/mordheim/dwarf-slayers-kaz/equipment-access.yaml equipment_lists[0].items[11] (light_armour),,index.ts profileEquipmentItems/profileEquipment (declared lists + fixed kit),,,"model the restriction (list scope, forbids token or loadout caveat)",the restriction is enforced by the shared decision or explicitly excluded,applied_structured_rule,dwarf-slayers-kaz/dwarf-warrior-equipment-list/light_armour,slayers--no-armour-or-missile-weapons (dwarf-slayers-kaz/special-rules.yaml)
source/bands/mordheim/dwarf-slayers-kaz/equipment-access.yaml/@/equipment_lists/0/items/12/notes/unclassified,B-construction,bands/mordheim/dwarf-slayers-kaz/equipment-access.yaml,YES,metadata_gap,retained,bands/mordheim/dwarf-slayers-kaz/equipment-access.yaml equipment_lists[0].items[12] (heavy_armour),,index.ts profileEquipmentItems/profileEquipment (declared lists + fixed kit),,,"model the restriction (list scope, forbids token or loadout caveat)",the restriction is enforced by the shared decision or explicitly excluded,applied_structured_rule,dwarf-slayers-kaz/dwarf-warrior-equipment-list/heavy_armour,slayers--no-armour-or-missile-weapons (dwarf-slayers-kaz/special-rules.yaml)
source/bands/mordheim/dwarf-slayers-kaz/equipment-access.yaml/@/equipment_lists/0/items/13/notes/unclassified,B-construction,bands/mordheim/dwarf-slayers-kaz/equipment-access.yaml,YES,metadata_gap,retained,bands/mordheim/dwarf-slayers-kaz/equipment-access.yaml equipment_lists[0].items[13] (gromril_armour),,index.ts profileEquipmentItems/profileEquipment (declared lists + fixed kit),,,"model the restriction (list scope, forbids token or loadout caveat)",the restriction is enforced by the shared decision or explicitly excluded,applied_structured_rule,dwarf-slayers-kaz/dwarf-warrior-equipment-list/gromril_armour,slayers--no-armour-or-missile-weapons (dwarf-slayers-kaz/special-rules.yaml)
source/bands/mordheim/dwarf-slayers-kaz/equipment-access.yaml/@/equipment_lists/0/items/14/notes/unclassified,B-construction,bands/mordheim/dwarf-slayers-kaz/equipment-access.yaml,YES,metadata_gap,retained,bands/mordheim/dwarf-slayers-kaz/equipment-access.yaml equipment_lists[0].items[14] (shield),,index.ts profileEquipmentItems/profileEquipment (declared lists + fixed kit),,,"model the restriction (list scope, forbids token or loadout caveat)",the restriction is enforced by the shared decision or explicitly excluded,applied_structured_rule,dwarf-slayers-kaz/dwarf-warrior-equipment-list/shield,slayers--no-armour-or-missile-weapons (dwarf-slayers-kaz/special-rules.yaml)
source/bands/mordheim/dwarf-slayers-kaz/equipment-access.yaml/@/equipment_lists/0/items/15/notes/unclassified,B-construction,bands/mordheim/dwarf-slayers-kaz/equipment-access.yaml,YES,metadata_gap,retained,bands/mordheim/dwarf-slayers-kaz/equipment-access.yaml equipment_lists[0].items[15] (helmet),,index.ts profileEquipmentItems/profileEquipment (declared lists + fixed kit),,,"model the restriction (list scope, forbids token or loadout caveat)",the restriction is enforced by the shared decision or explicitly excluded,applied_structured_rule,dwarf-slayers-kaz/dwarf-warrior-equipment-list/helmet,slayers--no-armour-or-missile-weapons (dwarf-slayers-kaz/special-rules.yaml)
source/bands/mordheim/fen-guard-mim/equipment-access.yaml/@/equipment_lists/0/items/10/notes/unclassified,B-construction,bands/mordheim/fen-guard-mim/equipment-access.yaml,YES,metadata_gap,retained,bands/mordheim/fen-guard-mim/equipment-access.yaml equipment_lists[0].items[10] (armour_of_the_willow_wood),,"profileEquipmentItems reads lists/fixed kit, never item notes",,,"model the qualifier (list applies_to, a forbids token or a band exclusion)",the shared decision refuses the item for every non-qualifying profile,applied_recipients,fen-guard-mim/dryad-equipment-list/armour_of_the_willow_wood,applies_to inserted on the canonical entry as the union of the printed recipients; the shared decision now filters it per profile.
source/bands/mordheim/fen-guard-mim/equipment-access.yaml/@/equipment_lists/0/items/11/notes/unclassified,B-construction,bands/mordheim/fen-guard-mim/equipment-access.yaml,YES,metadata_gap,retained,bands/mordheim/fen-guard-mim/equipment-access.yaml equipment_lists[0].items[11] (oaken_armour),,"profileEquipmentItems reads lists/fixed kit, never item notes",,,"model the qualifier (list applies_to, a forbids token or a band exclusion)",the shared decision refuses the item for every non-qualifying profile,applied_recipients,fen-guard-mim/dryad-equipment-list/oaken_armour,applies_to inserted on the canonical entry as the union of the printed recipients; the shared decision now filters it per profile.
source/bands/mordheim/fen-guard-mim/equipment-access.yaml/@/equipment_lists/0/items/13/notes/unclassified,B-construction,bands/mordheim/fen-guard-mim/equipment-access.yaml,YES,metadata_gap,retained,bands/mordheim/fen-guard-mim/equipment-access.yaml equipment_lists[0].items[13] (horn_of_the_wild_hunt),,"profileEquipmentItems reads lists/fixed kit, never item notes",,,"model the qualifier (list applies_to, a forbids token or a band exclusion)",the shared decision refuses the item for every non-qualifying profile,applied_recipients,fen-guard-mim/dryad-equipment-list/horn_of_the_wild_hunt,applies_to inserted on the canonical entry as the union of the printed recipients; the shared decision now filters it per profile.
source/bands/mordheim/fen-guard-mim/equipment-access.yaml/@/equipment_lists/0/items/14/notes/unclassified,B-construction,bands/mordheim/fen-guard-mim/equipment-access.yaml,YES,metadata_gap,retained,bands/mordheim/fen-guard-mim/equipment-access.yaml equipment_lists[0].items[14] (familiar),,"profileEquipmentItems reads lists/fixed kit, never item notes",,,"model the qualifier (list applies_to, a forbids token or a band exclusion)",the shared decision refuses the item for every non-qualifying profile,applied_recipients,fen-guard-mim/dryad-equipment-list/familiar,applies_to inserted on the canonical entry as the union of the printed recipients; the shared decision now filters it per profile.
source/bands/mordheim/fen-guard-mim/equipment-access.yaml/@/equipment_lists/0/items/4/notes/unclassified,B-construction,bands/mordheim/fen-guard-mim/equipment-access.yaml,YES,metadata_gap,retained,bands/mordheim/fen-guard-mim/equipment-access.yaml equipment_lists[0].items[4] (whip),,"profileEquipmentItems reads lists/fixed kit, never item notes",,,"model the qualifier (list applies_to, a forbids token or a band exclusion)",the shared decision refuses the item for every non-qualifying profile,applied_recipients,fen-guard-mim/dryad-equipment-list/whip,applies_to inserted on the canonical entry as the union of the printed recipients; the shared decision now filters it per profile.
source/bands/mordheim/fen-guard-mim/equipment-access.yaml/@/equipment_lists/0/items/5/notes/unclassified,B-construction,bands/mordheim/fen-guard-mim/equipment-access.yaml,YES,metadata_gap,retained,bands/mordheim/fen-guard-mim/equipment-access.yaml equipment_lists[0].items[5] (greenwood_scythe),,"profileEquipmentItems reads lists/fixed kit, never item notes",,,"model the qualifier (list applies_to, a forbids token or a band exclusion)",the shared decision refuses the item for every non-qualifying profile,applied_recipients,fen-guard-mim/dryad-equipment-list/greenwood_scythe,applies_to inserted on the canonical entry as the union of the printed recipients; the shared decision now filters it per profile.
source/bands/mordheim/fen-guard-mim/equipment-access.yaml/@/equipment_lists/0/items/6/notes/unclassified,B-construction,bands/mordheim/fen-guard-mim/equipment-access.yaml,YES,metadata_gap,retained,bands/mordheim/fen-guard-mim/equipment-access.yaml equipment_lists[0].items[6] (throwing_knives),,"profileEquipmentItems reads lists/fixed kit, never item notes",,,"model the qualifier (list applies_to, a forbids token or a band exclusion)",the shared decision refuses the item for every non-qualifying profile,applied_recipients,fen-guard-mim/dryad-equipment-list/throwing_knives,applies_to inserted on the canonical entry as the union of the printed recipients; the shared decision now filters it per profile.
source/bands/mordheim/fen-guard-mim/equipment-access.yaml/@/equipment_lists/0/items/7/notes/unclassified,B-construction,bands/mordheim/fen-guard-mim/equipment-access.yaml,YES,metadata_gap,retained,bands/mordheim/fen-guard-mim/equipment-access.yaml equipment_lists[0].items[7] (fish_hook_shot),,"profileEquipmentItems reads lists/fixed kit, never item notes",,,"model the qualifier (list applies_to, a forbids token or a band exclusion)",the shared decision refuses the item for every non-qualifying profile,applied_recipients,fen-guard-mim/dryad-equipment-list/fish_hook_shot,applies_to inserted on the canonical entry as the union of the printed recipients; the shared decision now filters it per profile.
source/bands/mordheim/fen-guard-mim/equipment-access.yaml/@/equipment_lists/0/items/9/notes/unclassified,B-construction,bands/mordheim/fen-guard-mim/equipment-access.yaml,YES,metadata_gap,retained,bands/mordheim/fen-guard-mim/equipment-access.yaml equipment_lists[0].items[9] (iron_bark),,"profileEquipmentItems reads lists/fixed kit, never item notes",,,"model the qualifier (list applies_to, a forbids token or a band exclusion)",the shared decision refuses the item for every non-qualifying profile,applied_recipients,fen-guard-mim/dryad-equipment-list/iron_bark,applies_to inserted on the canonical entry as the union of the printed recipients; the shared decision now filters it per profile.
source/bands/mordheim/guild-of-disgraced-engineers-mim/equipment-access.yaml/@/equipment_lists/0/items/15/notes/unclassified,B-construction,bands/mordheim/guild-of-disgraced-engineers-mim/equipment-access.yaml,YES,metadata_gap,retained,bands/mordheim/guild-of-disgraced-engineers-mim/equipment-access.yaml equipment_lists[0].items[15] (book_of_bad_ideas),,"profileEquipmentItems reads lists/fixed kit, never item notes",,,"model the qualifier (list applies_to, a forbids token or a band exclusion)",the shared decision refuses the item for every non-qualifying profile,applied_recipients,guild-of-disgraced-engineers-mim/engineer-equipment-list/book_of_bad_ideas,applies_to inserted on the canonical entry as the union of the printed recipients; the shared decision now filters it per profile.
source/bands/mordheim/high-elves-lus/equipment-access.yaml/@/equipment_lists/0/items/12/notes/unclassified,B-construction,bands/mordheim/high-elves-lus/equipment-access.yaml,YES,metadata_gap,retained,bands/mordheim/high-elves-lus/equipment-access.yaml equipment_lists[0].items[12] (ithilmar_armour),,"profileEquipmentItems reads lists/fixed kit, never item notes",,,"model the qualifier (list applies_to, a forbids token or a band exclusion)",the shared decision refuses the item for every non-qualifying profile,applied_recipients,high-elves-lus/hero-equipment-list/ithilmar_armour,applies_to inserted on the canonical entry as the union of the printed recipients; the shared decision now filters it per profile.
source/bands/mordheim/high-elves-lus/equipment-access.yaml/@/equipment_lists/0/items/5/notes/unclassified,B-construction,bands/mordheim/high-elves-lus/equipment-access.yaml,YES,metadata_gap,retained,bands/mordheim/high-elves-lus/equipment-access.yaml equipment_lists[0].items[5] (mage_staff_of_hoeth),,"profileEquipmentItems reads lists/fixed kit, never item notes",,,"model the qualifier (list applies_to, a forbids token or a band exclusion)",the shared decision refuses the item for every non-qualifying profile,applied_recipients,high-elves-lus/hero-equipment-list/mage_staff_of_hoeth,applies_to inserted on the canonical entry as the union of the printed recipients; the shared decision now filters it per profile.
source/bands/mordheim/high-elves-lus/equipment-access.yaml/@/equipment_lists/0/items/7/notes/unclassified,B-construction,bands/mordheim/high-elves-lus/equipment-access.yaml,YES,metadata_gap,retained,bands/mordheim/high-elves-lus/equipment-access.yaml equipment_lists[0].items[7] (elven_greatsword),,"profileEquipmentItems reads lists/fixed kit, never item notes",,,"model the qualifier (list applies_to, a forbids token or a band exclusion)",the shared decision refuses the item for every non-qualifying profile,applied_recipients,high-elves-lus/hero-equipment-list/elven_greatsword,applies_to inserted on the canonical entry as the union of the printed recipients; the shared decision now filters it per profile.
source/bands/mordheim/high-elves-lus/equipment-access.yaml/@/equipment_lists/1/items/6/notes/unclassified,B-construction,bands/mordheim/high-elves-lus/equipment-access.yaml,YES,metadata_gap,retained,bands/mordheim/high-elves-lus/equipment-access.yaml equipment_lists[1].items[6] (elf_bow),,"profileEquipmentItems reads lists/fixed kit, never item notes",,,"model the qualifier (list applies_to, a forbids token or a band exclusion)",the shared decision refuses the item for every non-qualifying profile,applied_recipients,high-elves-lus/cadets-equipment-list/elf_bow,applies_to inserted on the canonical entry as the union of the printed recipients; the shared decision now filters it per profile.
source/bands/mordheim/high-elves-lus/equipment-access.yaml/@/equipment_lists/2/items/0/notes/unclassified,B-construction,bands/mordheim/high-elves-lus/equipment-access.yaml,YES,metadata_gap,retained,bands/mordheim/high-elves-lus/equipment-access.yaml equipment_lists[2].items[0] (elven_wine),,"profileEquipmentItems reads lists/fixed kit, never item notes",,,"model the qualifier (list applies_to, a forbids token or a band exclusion)",the shared decision refuses the item for every non-qualifying profile,already_covered,high-elves-lus/special-high-elven-equipment/elven_wine,"""High Elves only"" is the band identity; no declared list reaches the entry, so no non-qualifying bearer exists."
source/bands/mordheim/house-guard-sc/equipment-access.yaml/@/equipment_lists/0/items/10/notes/unclassified,B-construction,bands/mordheim/house-guard-sc/equipment-access.yaml,YES,metadata_gap,retained,bands/mordheim/house-guard-sc/equipment-access.yaml equipment_lists[0].items[10] (long_bow),,"profileEquipmentItems reads lists/fixed kit, never item notes",,,"model the qualifier (list applies_to, a forbids token or a band exclusion)",the shared decision refuses the item for every non-qualifying profile,decision_required,house-guard-sc/heroes-equipment-list/long_bow,"""House Halcon only"": see the crossbow-pistol row."
source/bands/mordheim/house-guard-sc/equipment-access.yaml/@/equipment_lists/0/items/12/notes/unclassified,B-construction,bands/mordheim/house-guard-sc/equipment-access.yaml,YES,metadata_gap,retained,bands/mordheim/house-guard-sc/equipment-access.yaml equipment_lists[0].items[12] (house_guard_plate_armour),,"profileEquipmentItems reads lists/fixed kit, never item notes",,,"model the qualifier (list applies_to, a forbids token or a band exclusion)",the shared decision refuses the item for every non-qualifying profile,decision_required,house-guard-sc/heroes-equipment-list/house_guard_plate_armour,"""House Baluardo only"": no variant model distinguishes the Houses in the canonical band facts yet."
source/bands/mordheim/house-guard-sc/equipment-access.yaml/@/equipment_lists/0/items/15/notes/unclassified,B-construction,bands/mordheim/house-guard-sc/equipment-access.yaml,YES,metadata_gap,retained,bands/mordheim/house-guard-sc/equipment-access.yaml equipment_lists[0].items[15] (pavise),,"profileEquipmentItems reads lists/fixed kit, never item notes",,,"model the qualifier (list applies_to, a forbids token or a band exclusion)",the shared decision refuses the item for every non-qualifying profile,decision_required,house-guard-sc/heroes-equipment-list/pavise,"""House Baluardo only"": see the crossbow-pistol row."
source/bands/mordheim/house-guard-sc/equipment-access.yaml/@/equipment_lists/0/items/4/notes/unclassified,B-construction,bands/mordheim/house-guard-sc/equipment-access.yaml,YES,metadata_gap,retained,bands/mordheim/house-guard-sc/equipment-access.yaml equipment_lists[0].items[4] (rapier),,"profileEquipmentItems reads lists/fixed kit, never item notes",,,"model the qualifier (list applies_to, a forbids token or a band exclusion)",the shared decision refuses the item for every non-qualifying profile,decision_required,house-guard-sc/heroes-equipment-list/rapier,"""House Fierezza only"": see the crossbow-pistol row."
source/bands/mordheim/house-guard-sc/equipment-access.yaml/@/equipment_lists/0/items/7/notes/unclassified,B-construction,bands/mordheim/house-guard-sc/equipment-access.yaml,YES,metadata_gap,retained,bands/mordheim/house-guard-sc/equipment-access.yaml equipment_lists[0].items[7] (sword_breaker),,"profileEquipmentItems reads lists/fixed kit, never item notes",,,"model the qualifier (list applies_to, a forbids token or a band exclusion)",the shared decision refuses the item for every non-qualifying profile,decision_required,house-guard-sc/heroes-equipment-list/sword_breaker,"""House Fierezza only"": see the crossbow-pistol row."
source/bands/mordheim/house-guard-sc/equipment-access.yaml/@/equipment_lists/0/items/9/notes/unclassified,B-construction,bands/mordheim/house-guard-sc/equipment-access.yaml,YES,metadata_gap,retained,bands/mordheim/house-guard-sc/equipment-access.yaml equipment_lists[0].items[9] (crossbow_pistol),,"profileEquipmentItems reads lists/fixed kit, never item notes",,,"model the qualifier (list applies_to, a forbids token or a band exclusion)",the shared decision refuses the item for every non-qualifying profile,decision_required,house-guard-sc/heroes-equipment-list/crossbow_pistol,"""House Halcon only"": the band--hostes rule is scope NO and no variant model distinguishes the Houses, so the recipient set is not canonical yet."
source/bands/mordheim/lizardmen-lus/equipment-access.yaml/@/equipment_lists/0/items/1/notes/unclassified,B-construction,bands/mordheim/lizardmen-lus/equipment-access.yaml,YES,covered,retained,bands/mordheim/lizardmen-lus/equipment-access.yaml equipment_lists[0].items[1] (stone_axe),,index.ts profileEquipmentItems/profileEquipment (declared lists + fixed kit),source/bands/mordheim/lizardmen-lus/equipment-access.yaml/@/equipment_lists/1/items/1/notes/unclassified,,none,the selected item id already carries the named equivalence,already_covered,,Audit status covered: the declared list or an existing maintained decision already realises the clause.
source/bands/mordheim/lizardmen-lus/equipment-access.yaml/@/equipment_lists/1/items/1/notes/unclassified,B-construction,bands/mordheim/lizardmen-lus/equipment-access.yaml,YES,covered,retained,bands/mordheim/lizardmen-lus/equipment-access.yaml equipment_lists[1].items[1] (stone_axe),,index.ts profileEquipmentItems/profileEquipment (declared lists + fixed kit),source/bands/mordheim/lizardmen-lus/equipment-access.yaml/@/equipment_lists/0/items/1/notes/unclassified,,none,the selected item id already carries the named equivalence,already_covered,,Audit status covered: the declared list or an existing maintained decision already realises the clause.
source/bands/mordheim/lizardmen-lus/equipment-access.yaml/@/equipment_lists/1/items/10/notes/unclassified,B-construction,bands/mordheim/lizardmen-lus/equipment-access.yaml,YES,metadata_gap,retained,bands/mordheim/lizardmen-lus/equipment-access.yaml equipment_lists[1].items[10] (bone_helmet),,"profileEquipmentItems reads lists/fixed kit, never item notes",,,"model the qualifier (list applies_to, a forbids token or a band exclusion)",the shared decision refuses the item for every non-qualifying profile,applied_recipients,lizardmen-lus/skinks-equipment-list/bone_helmet,applies_to inserted on the canonical entry as the union of the printed recipients; the shared decision now filters it per profile.
source/bands/mordheim/lizardmen-lus/equipment-access.yaml/@/equipment_lists/1/items/3/notes/unclassified,B-construction,bands/mordheim/lizardmen-lus/equipment-access.yaml,YES,metadata_gap,retained,bands/mordheim/lizardmen-lus/equipment-access.yaml equipment_lists[1].items[3] (sword),,"profileEquipmentItems reads lists/fixed kit, never item notes",,,"model the qualifier (list applies_to, a forbids token or a band exclusion)",the shared decision refuses the item for every non-qualifying profile,applied_recipients,lizardmen-lus/skinks-equipment-list/sword,applies_to inserted on the canonical entry as the union of the printed recipients; the shared decision now filters it per profile.
source/bands/mordheim/lizardmen-lus/equipment-access.yaml/@/equipment_lists/2/items/0/notes/unclassified,B-construction,bands/mordheim/lizardmen-lus/equipment-access.yaml,YES,metadata_gap,retained,bands/mordheim/lizardmen-lus/equipment-access.yaml equipment_lists[2].items[0] (dark_venom),,index.ts profileEquipmentItems/profileEquipment (declared lists + fixed kit),,,classify the note and model it if it constrains construction,the note's construction content is carried by a structured fact,decision_required,lizardmen-lus/special-lizardmen-equipment/dark_venom,See the black-lotus row: the bearer clause is mixed with the Trading procedure.
source/bands/mordheim/lizardmen-lus/equipment-access.yaml/@/equipment_lists/2/items/1/notes/unclassified,B-construction,bands/mordheim/lizardmen-lus/equipment-access.yaml,YES,metadata_gap,retained,bands/mordheim/lizardmen-lus/equipment-access.yaml equipment_lists[2].items[1] (black_lotus),,index.ts profileEquipmentItems/profileEquipment (declared lists + fixed kit),,,classify the note and model it if it constrains construction,the note's construction content is carried by a structured fact,decision_required,lizardmen-lus/special-lizardmen-equipment/black_lotus,"""Skink Heroes on missile weapons; Saurus on close combat weapons via Trading Chart"" mixes a bearer clause with the Trading procedure; the split must be published."
source/bands/mordheim/lizardmen-lus/equipment-access.yaml/@/equipment_lists/2/items/2/notes/unclassified,B-construction,bands/mordheim/lizardmen-lus/equipment-access.yaml,YES,metadata_gap,retained,bands/mordheim/lizardmen-lus/equipment-access.yaml equipment_lists[2].items[2] (reptile_venom),,index.ts profileEquipmentItems/profileEquipment (declared lists + fixed kit),,,"model the restriction (list scope, forbids token or loadout caveat)",the restriction is enforced by the shared decision or explicitly excluded,decision_required,lizardmen-lus/special-lizardmen-equipment/reptile_venom,"""Skink henchmen; missile weapons; one battle"" is a bearer clause mixed with a use and duration clause; the split must be published."
source/bands/mordheim/lizardmen-lus/equipment-access.yaml/@/equipment_lists/2/items/3/notes/unclassified,B-construction,bands/mordheim/lizardmen-lus/equipment-access.yaml,YES,metadata_gap,retained,bands/mordheim/lizardmen-lus/equipment-access.yaml equipment_lists[2].items[3] (oversized_jaws),,"profileEquipmentItems reads lists/fixed kit, never item notes",,,"model the qualifier (list applies_to, a forbids token or a band exclusion)",the shared decision refuses the item for every non-qualifying profile,decision_required,lizardmen-lus/special-lizardmen-equipment/oversized_jaws,"""Sacred Marking; Saurus only"" depends on the Sacred Marking rule, which is not modelled; the recipient set needs that rule."
source/bands/mordheim/lizardmen-lus/equipment-access.yaml/@/equipment_lists/2/items/4/notes/unclassified,B-construction,bands/mordheim/lizardmen-lus/equipment-access.yaml,YES,metadata_gap,retained,bands/mordheim/lizardmen-lus/equipment-access.yaml equipment_lists[2].items[4] (poison_glands),,"profileEquipmentItems reads lists/fixed kit, never item notes",,,"model the qualifier (list applies_to, a forbids token or a band exclusion)",the shared decision refuses the item for every non-qualifying profile,decision_required,lizardmen-lus/special-lizardmen-equipment/poison_glands,"""Sacred Marking; Skinks only"" depends on the unmodelled Sacred Marking rule."
source/bands/mordheim/lords-of-the-marsh-mim/equipment-access.yaml/@/equipment_lists/0/items/1/notes/unclassified,B-construction,bands/mordheim/lords-of-the-marsh-mim/equipment-access.yaml,YES,covered,retained,bands/mordheim/lords-of-the-marsh-mim/equipment-access.yaml equipment_lists[0].items[1] (mace_hammer),,index.ts profileEquipmentItems/profileEquipment (declared lists + fixed kit),,,none,the selected item id already carries the named equivalence,already_covered,,Audit status covered: the declared list or an existing maintained decision already realises the clause.
source/bands/mordheim/lost-the-mou/equipment-access.yaml/@/equipment_lists/0/items/1/notes/unclassified,B-construction,bands/mordheim/lost-the-mou/equipment-access.yaml,YES,metadata_gap,retained,bands/mordheim/lost-the-mou/equipment-access.yaml equipment_lists[0].items[1] (sword),,"profileEquipmentItems reads lists/fixed kit, never item notes",,,"model the qualifier (list applies_to, a forbids token or a band exclusion)",the shared decision refuses the item for every non-qualifying profile,applied_recipients,lost-the-mou/the-lost-equipment-list/sword,applies_to inserted on the canonical entry as the union of the printed recipients; the shared decision now filters it per profile.
source/bands/mordheim/maneaters/equipment-access.yaml/@/equipment_lists/0/items/7/notes/unclassified,B-construction,bands/mordheim/maneaters/equipment-access.yaml,YES,metadata_gap,retained,bands/mordheim/maneaters/equipment-access.yaml equipment_lists[0].items[7] (cathayan_longsword),,"profileEquipmentItems reads lists/fixed kit, never item notes",,,"model the qualifier (list applies_to, a forbids token or a band exclusion)",the shared decision refuses the item for every non-qualifying profile,applied_recipients,maneaters/ogre-equipment-list/cathayan_longsword,applies_to inserted on the canonical entry as the union of the printed recipients; the shared decision now filters it per profile.
source/bands/mordheim/mazzalupo-web/equipment-access.yaml/@/equipment_lists/0/items/14/notes/unclassified,B-construction,bands/mordheim/mazzalupo-web/equipment-access.yaml,NO,out_of_scope,out_of_scope,bands/mordheim/mazzalupo-web/equipment-access.yaml equipment_lists[0].items[14] (horse),,mounts are excluded by the governing 1v1 scope,,,none in B,the mount clause stays excluded; profile items remain the only construction fact,out_of_scope,,"Audit status out_of_scope: pricing, rarity, campaign or duel-mechanic content outside the bearer scope."
source/bands/mordheim/mazzalupo-web/equipment-access.yaml/@/equipment_lists/2/items/13/notes/unclassified,B-construction,bands/mordheim/mazzalupo-web/equipment-access.yaml,YES,metadata_gap,retained,bands/mordheim/mazzalupo-web/equipment-access.yaml equipment_lists[2].items[13] (bearcloak),,"profileEquipmentItems reads lists/fixed kit, never item notes",,,"model the qualifier (list applies_to, a forbids token or a band exclusion)",the shared decision refuses the item for every non-qualifying profile,applied_recipients,mazzalupo-web/herder-churl-equipment-list/bearcloak,applies_to inserted on the canonical entry as the union of the printed recipients; the shared decision now filters it per profile.
source/bands/mordheim/metal-mongers-mim/equipment-access.yaml/@/equipment_lists/0/items/1/notes/unclassified,B-construction,bands/mordheim/metal-mongers-mim/equipment-access.yaml,YES,covered,retained,bands/mordheim/metal-mongers-mim/equipment-access.yaml equipment_lists[0].items[1] (wrench),,index.ts profileEquipmentItems/profileEquipment (declared lists + fixed kit),source/bands/mordheim/metal-mongers-mim/equipment-access.yaml/@/equipment_lists/1/items/1/notes/unclassified,,none,the selected item id already carries the named equivalence,already_covered,,Audit status covered: the declared list or an existing maintained decision already realises the clause.
source/bands/mordheim/metal-mongers-mim/equipment-access.yaml/@/equipment_lists/0/items/15/notes/unclassified,B-construction,bands/mordheim/metal-mongers-mim/equipment-access.yaml,YES,metadata_gap,retained,bands/mordheim/metal-mongers-mim/equipment-access.yaml equipment_lists[0].items[15] (pneumatic_arm),,"profileEquipmentItems reads lists/fixed kit, never item notes",,,"model the qualifier (list applies_to, a forbids token or a band exclusion)",the shared decision refuses the item for every non-qualifying profile,applied_recipients,metal-mongers-mim/heroes-equipment-list/pneumatic_arm,applies_to inserted on the canonical entry as the union of the printed recipients; the shared decision now filters it per profile.
source/bands/mordheim/metal-mongers-mim/equipment-access.yaml/@/equipment_lists/0/items/2/notes/unclassified,B-construction,bands/mordheim/metal-mongers-mim/equipment-access.yaml,YES,covered,retained,bands/mordheim/metal-mongers-mim/equipment-access.yaml equipment_lists[0].items[2] (sword),,index.ts profileEquipmentItems/profileEquipment (declared lists + fixed kit),source/bands/mordheim/metal-mongers-mim/equipment-access.yaml/@/equipment_lists/1/items/2/notes/unclassified,,none,the selected item id already carries the named equivalence,already_covered,,Audit status covered: the declared list or an existing maintained decision already realises the clause.
source/bands/mordheim/metal-mongers-mim/equipment-access.yaml/@/equipment_lists/0/items/8/notes/unclassified,B-construction,bands/mordheim/metal-mongers-mim/equipment-access.yaml,YES,covered,retained,bands/mordheim/metal-mongers-mim/equipment-access.yaml equipment_lists[0].items[8] (warplock_rifle),,index.ts profileEquipmentItems/profileEquipment (declared lists + fixed kit),,,none,the selected item id already carries the named equivalence,already_covered,,Audit status covered: the declared list or an existing maintained decision already realises the clause.
source/bands/mordheim/metal-mongers-mim/equipment-access.yaml/@/equipment_lists/0/items/9/notes/unclassified,B-construction,bands/mordheim/metal-mongers-mim/equipment-access.yaml,YES,covered,retained,bands/mordheim/metal-mongers-mim/equipment-access.yaml equipment_lists[0].items[9] (jezzail),,index.ts profileEquipmentItems/profileEquipment (declared lists + fixed kit),,,none,the selected item id already carries the named equivalence,already_covered,,Audit status covered: the declared list or an existing maintained decision already realises the clause.
source/bands/mordheim/metal-mongers-mim/equipment-access.yaml/@/equipment_lists/1/items/1/notes/unclassified,B-construction,bands/mordheim/metal-mongers-mim/equipment-access.yaml,YES,covered,retained,bands/mordheim/metal-mongers-mim/equipment-access.yaml equipment_lists[1].items[1] (wrench),,index.ts profileEquipmentItems/profileEquipment (declared lists + fixed kit),source/bands/mordheim/metal-mongers-mim/equipment-access.yaml/@/equipment_lists/0/items/1/notes/unclassified,,none,the selected item id already carries the named equivalence,already_covered,,Audit status covered: the declared list or an existing maintained decision already realises the clause.
source/bands/mordheim/metal-mongers-mim/equipment-access.yaml/@/equipment_lists/1/items/2/notes/unclassified,B-construction,bands/mordheim/metal-mongers-mim/equipment-access.yaml,YES,covered,retained,bands/mordheim/metal-mongers-mim/equipment-access.yaml equipment_lists[1].items[2] (sword),,index.ts profileEquipmentItems/profileEquipment (declared lists + fixed kit),source/bands/mordheim/metal-mongers-mim/equipment-access.yaml/@/equipment_lists/0/items/2/notes/unclassified,,none,the selected item id already carries the named equivalence,already_covered,,Audit status covered: the declared list or an existing maintained decision already realises the clause.
source/bands/mordheim/necrarchs-mou/equipment-access.yaml/@/equipment_lists/0/items/10/notes/unclassified,B-construction,bands/mordheim/necrarchs-mou/equipment-access.yaml,YES,metadata_gap,retained,bands/mordheim/necrarchs-mou/equipment-access.yaml equipment_lists[0].items[10] (heavy_armour),,index.ts profileEquipmentItems/profileEquipment (declared lists + fixed kit),,,"model the restriction (list scope, forbids token or loadout caveat)",the restriction is enforced by the shared decision or explicitly excluded,covered_by_existing_binding,necrarchs-mou/nosferatu-equipment-list/heavy_armour,"Enforced on the Combat Lab path by the nosferatu profile restriction and the legacy ""never wear armour"" fallback (index.ts buildRestriction). The structured profile.equipment-restrictions migration is owned by T13-F041 (consolidated row for necrarchs-mou/profiles.yaml); the band's special-rules.yaml is under a concurrent writer, so no rule was added here."
source/bands/mordheim/necrarchs-mou/equipment-access.yaml/@/equipment_lists/0/items/9/notes/unclassified,B-construction,bands/mordheim/necrarchs-mou/equipment-access.yaml,YES,metadata_gap,retained,bands/mordheim/necrarchs-mou/equipment-access.yaml equipment_lists[0].items[9] (light_armour),,index.ts profileEquipmentItems/profileEquipment (declared lists + fixed kit),,,"model the restriction (list scope, forbids token or loadout caveat)",the restriction is enforced by the shared decision or explicitly excluded,covered_by_existing_binding,necrarchs-mou/nosferatu-equipment-list/light_armour,"Same clause and binding as the heavy-armour row; armour suits only, the shield and helmet the list also prints stay selectable."
source/bands/mordheim/necrarchs-mou/equipment-access.yaml/@/equipment_lists/1/items/12/notes/unclassified,B-construction,bands/mordheim/necrarchs-mou/equipment-access.yaml,YES,metadata_gap,retained,bands/mordheim/necrarchs-mou/equipment-access.yaml equipment_lists[1].items[12] (short_bow),,"profileEquipmentItems reads lists/fixed kit, never item notes",,,"model the qualifier (list applies_to, a forbids token or a band exclusion)",the shared decision refuses the item for every non-qualifying profile,applied_recipients,necrarchs-mou/defiled-equipment-list/short_bow,applies_to inserted on the canonical entry as the union of the printed recipients; the shared decision now filters it per profile.
source/bands/mordheim/necrarchs-mou/equipment-access.yaml/@/equipment_lists/1/items/13/notes/unclassified,B-construction,bands/mordheim/necrarchs-mou/equipment-access.yaml,YES,metadata_gap,retained,bands/mordheim/necrarchs-mou/equipment-access.yaml equipment_lists[1].items[13] (bow),,"profileEquipmentItems reads lists/fixed kit, never item notes",,,"model the qualifier (list applies_to, a forbids token or a band exclusion)",the shared decision refuses the item for every non-qualifying profile,applied_recipients,necrarchs-mou/defiled-equipment-list/bow,applies_to inserted on the canonical entry as the union of the printed recipients; the shared decision now filters it per profile.
source/bands/mordheim/night-goblins-kaz/equipment-access.yaml/@/equipment_lists/1/items/2/notes/unclassified,B-construction,bands/mordheim/night-goblins-kaz/equipment-access.yaml,YES,metadata_gap,retained,bands/mordheim/night-goblins-kaz/equipment-access.yaml equipment_lists[1].items[2] (ball_chain),,"profileEquipmentItems reads lists/fixed kit, never item notes",,,"model the qualifier (list applies_to, a forbids token or a band exclusion)",the shared decision refuses the item for every non-qualifying profile,already_covered,night-goblins-kaz/fanatic-equipment-list/ball_chain,"""(Fanatics only)"" holds for the list's only user, the fanatics profile."
source/bands/mordheim/night-goblins-kaz/equipment-access.yaml/@/equipment_lists/1/items/3/notes/unclassified,B-construction,bands/mordheim/night-goblins-kaz/equipment-access.yaml,YES,metadata_gap,retained,bands/mordheim/night-goblins-kaz/equipment-access.yaml equipment_lists[1].items[3] (mad_cap_mushrooms),,index.ts profileEquipmentItems/profileEquipment (declared lists + fixed kit),,,classify the note and model it if it constrains construction,the note's construction content is carried by a structured fact,already_covered,night-goblins-kaz/fanatic-equipment-list/mad_cap_mushrooms,"""(all Night Goblins)"" places no restriction on any user."
source/bands/mordheim/orc-pirates-sar/equipment-access.yaml/@/equipment_lists/0/items/2/notes/unclassified,B-construction,bands/mordheim/orc-pirates-sar/equipment-access.yaml,YES,metadata_gap,retained,bands/mordheim/orc-pirates-sar/equipment-access.yaml equipment_lists[0].items[2] (cat_o_nine_tails),,"profileEquipmentItems reads lists/fixed kit, never item notes",source/bands/mordheim/orc-pirates-sar/equipment-access.yaml/@/equipment_lists/1/items/4/notes/unclassified,,"model the qualifier (list applies_to, a forbids token or a band exclusion)",the shared decision refuses the item for every non-qualifying profile,applied_recipients,orc-pirates-sar/orc-equipment-list/cat_o_nine_tails,applies_to inserted on the canonical entry as the union of the printed recipients; the shared decision now filters it per profile.
source/bands/mordheim/orc-pirates-sar/equipment-access.yaml/@/equipment_lists/1/items/12/notes/unclassified,B-construction,bands/mordheim/orc-pirates-sar/equipment-access.yaml,YES,metadata_gap,retained,bands/mordheim/orc-pirates-sar/equipment-access.yaml equipment_lists[1].items[12] (fire_bomb),,"profileEquipmentItems reads lists/fixed kit, never item notes",,,"model the qualifier (list applies_to, a forbids token or a band exclusion)",the shared decision refuses the item for every non-qualifying profile,applied_recipients,orc-pirates-sar/goblin-swabbie-equipment-list/fire_bomb,applies_to inserted on the canonical entry as the union of the printed recipients; the shared decision now filters it per profile.
source/bands/mordheim/orc-pirates-sar/equipment-access.yaml/@/equipment_lists/1/items/4/notes/unclassified,B-construction,bands/mordheim/orc-pirates-sar/equipment-access.yaml,YES,metadata_gap,retained,bands/mordheim/orc-pirates-sar/equipment-access.yaml equipment_lists[1].items[4] (cat_o_nine_tails),,"profileEquipmentItems reads lists/fixed kit, never item notes",source/bands/mordheim/orc-pirates-sar/equipment-access.yaml/@/equipment_lists/0/items/2/notes/unclassified,,"model the qualifier (list applies_to, a forbids token or a band exclusion)",the shared decision refuses the item for every non-qualifying profile,applied_recipients,orc-pirates-sar/goblin-swabbie-equipment-list/cat_o_nine_tails,applies_to inserted on the canonical entry as the union of the printed recipients; the shared decision now filters it per profile.
source/bands/mordheim/orc-pirates-sar/equipment-access.yaml/@/equipment_lists/1/items/7/notes/unclassified,B-construction,bands/mordheim/orc-pirates-sar/equipment-access.yaml,YES,metadata_gap,retained,bands/mordheim/orc-pirates-sar/equipment-access.yaml equipment_lists[1].items[7] (pistol),,"profileEquipmentItems reads lists/fixed kit, never item notes",,,"model the qualifier (list applies_to, a forbids token or a band exclusion)",the shared decision refuses the item for every non-qualifying profile,applied_recipients,orc-pirates-sar/goblin-swabbie-equipment-list/pistol,applies_to inserted on the canonical entry as the union of the printed recipients; the shared decision now filters it per profile.
source/bands/mordheim/orc-pirates-sar/equipment-access.yaml/@/equipment_lists/1/items/8/notes/unclassified,B-construction,bands/mordheim/orc-pirates-sar/equipment-access.yaml,YES,metadata_gap,retained,bands/mordheim/orc-pirates-sar/equipment-access.yaml equipment_lists[1].items[8] (booma_pistol),,"profileEquipmentItems reads lists/fixed kit, never item notes",,,"model the qualifier (list applies_to, a forbids token or a band exclusion)",the shared decision refuses the item for every non-qualifying profile,applied_recipients,orc-pirates-sar/goblin-swabbie-equipment-list/booma_pistol,applies_to inserted on the canonical entry as the union of the printed recipients; the shared decision now filters it per profile.
source/bands/mordheim/outlaws-of-stirwood-forest/equipment-access.yaml/@/equipment_lists/0/items/11/notes/unclassified,B-construction,bands/mordheim/outlaws-of-stirwood-forest/equipment-access.yaml,YES,metadata_gap,retained,bands/mordheim/outlaws-of-stirwood-forest/equipment-access.yaml equipment_lists[0].items[11] (light_armour),,"profileEquipmentItems reads lists/fixed kit, never item notes",,,"model the qualifier (list applies_to, a forbids token or a band exclusion)",the shared decision refuses the item for every non-qualifying profile,applied_recipients,outlaws-of-stirwood-forest/outlaws-equipment-lists/light_armour,applies_to inserted on the canonical entry as the union of the printed recipients; the shared decision now filters it per profile.
source/bands/mordheim/outlaws-of-stirwood-forest/equipment-access.yaml/@/equipment_lists/0/items/12/notes/unclassified,B-construction,bands/mordheim/outlaws-of-stirwood-forest/equipment-access.yaml,YES,metadata_gap,retained,bands/mordheim/outlaws-of-stirwood-forest/equipment-access.yaml equipment_lists[0].items[12] (hunting_arrows),,"profileEquipmentItems reads lists/fixed kit, never item notes",,,"model the qualifier (list applies_to, a forbids token or a band exclusion)",the shared decision refuses the item for every non-qualifying profile,applied_recipients,outlaws-of-stirwood-forest/outlaws-equipment-lists/hunting_arrows,applies_to inserted on the canonical entry as the union of the printed recipients; the shared decision now filters it per profile.
source/bands/mordheim/outlaws-of-stirwood-forest/equipment-access.yaml/@/equipment_lists/0/items/13/notes/unclassified,B-construction,bands/mordheim/outlaws-of-stirwood-forest/equipment-access.yaml,YES,metadata_gap,retained,bands/mordheim/outlaws-of-stirwood-forest/equipment-access.yaml equipment_lists[0].items[13] (forest_cloak),,"profileEquipmentItems reads lists/fixed kit, never item notes",,,"model the qualifier (list applies_to, a forbids token or a band exclusion)",the shared decision refuses the item for every non-qualifying profile,applied_recipients,outlaws-of-stirwood-forest/outlaws-equipment-lists/forest_cloak,applies_to inserted on the canonical entry as the union of the printed recipients; the shared decision now filters it per profile.
source/bands/mordheim/outlaws-of-stirwood-forest/equipment-access.yaml/@/equipment_lists/0/items/8/notes/unclassified,B-construction,bands/mordheim/outlaws-of-stirwood-forest/equipment-access.yaml,YES,metadata_gap,retained,bands/mordheim/outlaws-of-stirwood-forest/equipment-access.yaml equipment_lists[0].items[8] (long_bow),,"profileEquipmentItems reads lists/fixed kit, never item notes",,,"model the qualifier (list applies_to, a forbids token or a band exclusion)",the shared decision refuses the item for every non-qualifying profile,applied_recipients,outlaws-of-stirwood-forest/outlaws-equipment-lists/long_bow,applies_to inserted on the canonical entry as the union of the printed recipients; the shared decision now filters it per profile.
source/bands/mordheim/protectorate-of-sigmar-lotd3/equipment-access.yaml/@/equipment_lists/0/items/15/notes/unclassified,B-construction,bands/mordheim/protectorate-of-sigmar-lotd3/equipment-access.yaml,YES,metadata_gap,retained,bands/mordheim/protectorate-of-sigmar-lotd3/equipment-access.yaml equipment_lists[0].items[15] (shield_of_sigmar),,"profileEquipmentItems reads lists/fixed kit, never item notes",,,"model the qualifier (list applies_to, a forbids token or a band exclusion)",the shared decision refuses the item for every non-qualifying profile,applied_recipients,protectorate-of-sigmar-lotd3/protectorate-equipment-list/shield_of_sigmar,applies_to inserted on the canonical entry as the union of the printed recipients; the shared decision now filters it per profile.
source/bands/mordheim/protectorate-of-sigmar-lotd3/equipment-access.yaml/@/equipment_lists/0/items/16/notes/unclassified,B-construction,bands/mordheim/protectorate-of-sigmar-lotd3/equipment-access.yaml,YES,metadata_gap,retained,bands/mordheim/protectorate-of-sigmar-lotd3/equipment-access.yaml equipment_lists[0].items[16] (blessed_water),,"profileEquipmentItems reads lists/fixed kit, never item notes",,,"model the qualifier (list applies_to, a forbids token or a band exclusion)",the shared decision refuses the item for every non-qualifying profile,applied_recipients,protectorate-of-sigmar-lotd3/protectorate-equipment-list/blessed_water,applies_to inserted on the canonical entry as the union of the printed recipients; the shared decision now filters it per profile.
source/bands/mordheim/protectorate-of-sigmar-lotd3/equipment-access.yaml/@/equipment_lists/0/items/17/notes/unclassified,B-construction,bands/mordheim/protectorate-of-sigmar-lotd3/equipment-access.yaml,YES,metadata_gap,retained,bands/mordheim/protectorate-of-sigmar-lotd3/equipment-access.yaml equipment_lists[0].items[17] (blessed_bolts),,"profileEquipmentItems reads lists/fixed kit, never item notes",,,"model the qualifier (list applies_to, a forbids token or a band exclusion)",the shared decision refuses the item for every non-qualifying profile,applied_recipients,protectorate-of-sigmar-lotd3/protectorate-equipment-list/blessed_bolts,applies_to inserted on the canonical entry as the union of the printed recipients; the shared decision now filters it per profile.
source/bands/mordheim/protectorate-of-sigmar-lotd3/equipment-access.yaml/@/equipment_lists/0/items/18/notes/unclassified,B-construction,bands/mordheim/protectorate-of-sigmar-lotd3/equipment-access.yaml,YES,metadata_gap,retained,bands/mordheim/protectorate-of-sigmar-lotd3/equipment-access.yaml equipment_lists[0].items[18] (holy_relic),,"profileEquipmentItems reads lists/fixed kit, never item notes",,,"model the qualifier (list applies_to, a forbids token or a band exclusion)",the shared decision refuses the item for every non-qualifying profile,applied_recipients,protectorate-of-sigmar-lotd3/protectorate-equipment-list/holy_relic,applies_to inserted on the canonical entry as the union of the printed recipients; the shared decision now filters it per profile.
source/bands/mordheim/protectorate-of-sigmar-lotd3/equipment-access.yaml/@/equipment_lists/0/items/6/notes/unclassified,B-construction,bands/mordheim/protectorate-of-sigmar-lotd3/equipment-access.yaml,YES,metadata_gap,retained,bands/mordheim/protectorate-of-sigmar-lotd3/equipment-access.yaml equipment_lists[0].items[6] (sigmarite_hammer),,"profileEquipmentItems reads lists/fixed kit, never item notes",,,"model the qualifier (list applies_to, a forbids token or a band exclusion)",the shared decision refuses the item for every non-qualifying profile,applied_recipients,protectorate-of-sigmar-lotd3/protectorate-equipment-list/sigmarite_hammer,applies_to inserted on the canonical entry as the union of the printed recipients; the shared decision now filters it per profile.
source/bands/mordheim/savage-orcs-kaz/equipment-access.yaml/@/equipment_lists/0/items/12/notes/unclassified,B-construction,bands/mordheim/savage-orcs-kaz/equipment-access.yaml,NO,out_of_scope,out_of_scope,bands/mordheim/savage-orcs-kaz/equipment-access.yaml equipment_lists[0].items[12] (skull_busta),,mounts are excluded by the governing 1v1 scope,,,none in B,the mount clause stays excluded; profile items remain the only construction fact,out_of_scope,,"Audit status out_of_scope: pricing, rarity, campaign or duel-mechanic content outside the bearer scope."
source/bands/mordheim/savage-orcs-kaz/equipment-access.yaml/@/equipment_lists/0/items/13/notes/unclassified,B-construction,bands/mordheim/savage-orcs-kaz/equipment-access.yaml,YES,metadata_gap,retained,bands/mordheim/savage-orcs-kaz/equipment-access.yaml equipment_lists[0].items[13] (warpaint),,"profileEquipmentItems reads lists/fixed kit, never item notes",,,"model the qualifier (list applies_to, a forbids token or a band exclusion)",the shared decision refuses the item for every non-qualifying profile,already_covered,savage-orcs-kaz/savage-orc-equipment-list/warpaint,"""also useable by Savage Goblin Boyz"" completes the set of declared users instead of excluding any of them; the one-use rarity clause is separate."
source/bands/mordheim/savage-orcs-kaz/equipment-access.yaml/@/equipment_lists/0/items/14/notes/unclassified,B-construction,bands/mordheim/savage-orcs-kaz/equipment-access.yaml,YES,metadata_gap,retained,bands/mordheim/savage-orcs-kaz/equipment-access.yaml equipment_lists[0].items[14] (kumfy_gear),,index.ts profileEquipmentItems/profileEquipment (declared lists + fixed kit),,,"model the restriction (list scope, forbids token or loadout caveat)",the restriction is enforced by the shared decision or explicitly excluded,applied_recipients,savage-orcs-kaz/savage-orc-equipment-list/kumfy_gear,applies_to inserted on the canonical entry as the union of the printed recipients; the shared decision now filters it per profile.
source/bands/mordheim/savage-orcs-kaz/equipment-access.yaml/@/equipment_lists/0/items/7/notes/unclassified,B-construction,bands/mordheim/savage-orcs-kaz/equipment-access.yaml,YES,metadata_gap,retained,bands/mordheim/savage-orcs-kaz/equipment-access.yaml equipment_lists[0].items[7] (bow),,index.ts profileEquipmentItems/profileEquipment (declared lists + fixed kit),,,classify the note and model it if it constrains construction,the note's construction content is carried by a structured fact,applied_recipients,savage-orcs-kaz/savage-orc-equipment-list/bow,applies_to inserted on the canonical entry as the union of the printed recipients; the shared decision now filters it per profile.
source/bands/mordheim/savage-orcs-kaz/equipment-access.yaml/@/equipment_lists/0/items/9/notes/unclassified,B-construction,bands/mordheim/savage-orcs-kaz/equipment-access.yaml,YES,metadata_gap,retained,bands/mordheim/savage-orcs-kaz/equipment-access.yaml equipment_lists[0].items[9] (light_armour),,"profileEquipmentItems reads lists/fixed kit, never item notes",,,"model the qualifier (list applies_to, a forbids token or a band exclusion)",the shared decision refuses the item for every non-qualifying profile,applied_recipients,savage-orcs-kaz/savage-orc-equipment-list/light_armour,applies_to inserted on the canonical entry as the union of the printed recipients; the shared decision now filters it per profile.
source/bands/mordheim/savage-orcs-kaz/equipment-access.yaml/@/equipment_lists/1/items/0/notes/unclassified,B-construction,bands/mordheim/savage-orcs-kaz/equipment-access.yaml,NO,out_of_scope,out_of_scope,bands/mordheim/savage-orcs-kaz/equipment-access.yaml equipment_lists[1].items[0] (war_boar),,mounts are excluded by the governing 1v1 scope,,,none in B,the mount clause stays excluded; profile items remain the only construction fact,out_of_scope,,"Audit status out_of_scope: pricing, rarity, campaign or duel-mechanic content outside the bearer scope."
source/bands/mordheim/savage-orcs-kaz/equipment-access.yaml/@/equipment_lists/1/items/1/notes/unclassified,B-construction,bands/mordheim/savage-orcs-kaz/equipment-access.yaml,NO,out_of_scope,out_of_scope,bands/mordheim/savage-orcs-kaz/equipment-access.yaml equipment_lists[1].items[1] (giant_wolf),,mounts are excluded by the governing 1v1 scope,,,none in B,the mount clause stays excluded; profile items remain the only construction fact,out_of_scope,,"Audit status out_of_scope: pricing, rarity, campaign or duel-mechanic content outside the bearer scope."
source/bands/mordheim/savage-orcs-kaz/equipment-access.yaml/@/equipment_lists/1/items/2/notes/unclassified,B-construction,bands/mordheim/savage-orcs-kaz/equipment-access.yaml,NO,out_of_scope,out_of_scope,bands/mordheim/savage-orcs-kaz/equipment-access.yaml equipment_lists[1].items[2] (giant_spider),,mounts are excluded by the governing 1v1 scope,,,none in B,the mount clause stays excluded; profile items remain the only construction fact,out_of_scope,,"Audit status out_of_scope: pricing, rarity, campaign or duel-mechanic content outside the bearer scope."
source/bands/mordheim/sea-ghosts-mim/equipment-access.yaml/@/equipment_lists/0/items/17/notes/unclassified,B-construction,bands/mordheim/sea-ghosts-mim/equipment-access.yaml,YES,metadata_gap,retained,bands/mordheim/sea-ghosts-mim/equipment-access.yaml equipment_lists[0].items[17] (lyre),,"profileEquipmentItems reads lists/fixed kit, never item notes",,,"model the qualifier (list applies_to, a forbids token or a band exclusion)",the shared decision refuses the item for every non-qualifying profile,applied_recipients,sea-ghosts-mim/elf-rangers-equipment-list/lyre,applies_to inserted on the canonical entry as the union of the printed recipients; the shared decision now filters it per profile.
source/bands/mordheim/sea-ghosts-mim/equipment-access.yaml/@/equipment_lists/0/items/4/notes/unclassified,B-construction,bands/mordheim/sea-ghosts-mim/equipment-access.yaml,YES,covered,retained,bands/mordheim/sea-ghosts-mim/equipment-access.yaml equipment_lists[0].items[4] (sword),,index.ts profileEquipmentItems/profileEquipment (declared lists + fixed kit),source/bands/mordheim/sea-ghosts-mim/equipment-access.yaml/@/equipment_lists/1/items/2/notes/unclassified,,none,the selected item id already carries the named equivalence,already_covered,,Audit status covered: the declared list or an existing maintained decision already realises the clause.
source/bands/mordheim/sea-ghosts-mim/equipment-access.yaml/@/equipment_lists/1/items/2/notes/unclassified,B-construction,bands/mordheim/sea-ghosts-mim/equipment-access.yaml,YES,covered,retained,bands/mordheim/sea-ghosts-mim/equipment-access.yaml equipment_lists[1].items[2] (sword),,index.ts profileEquipmentItems/profileEquipment (declared lists + fixed kit),source/bands/mordheim/sea-ghosts-mim/equipment-access.yaml/@/equipment_lists/0/items/4/notes/unclassified,,none,the selected item id already carries the named equivalence,already_covered,,Audit status covered: the declared list or an existing maintained decision already realises the clause.
source/bands/mordheim/sea-ghosts-mim/equipment-access.yaml/@/equipment_lists/1/items/3/notes/unclassified,B-construction,bands/mordheim/sea-ghosts-mim/equipment-access.yaml,YES,covered,retained,bands/mordheim/sea-ghosts-mim/equipment-access.yaml equipment_lists[1].items[3] (spear_stave),,index.ts profileEquipmentItems/profileEquipment (declared lists + fixed kit),,,none,the selected item id already carries the named equivalence,already_covered,,Audit status covered: the declared list or an existing maintained decision already realises the clause.
source/bands/mordheim/silent-brotherhood-sc/equipment-access.yaml/@/equipment_lists/0/items/12/notes/unclassified,B-construction,bands/mordheim/silent-brotherhood-sc/equipment-access.yaml,YES,covered,retained,bands/mordheim/silent-brotherhood-sc/equipment-access.yaml equipment_lists[0].items[12] (buckler),,index.ts profileEquipmentItems/profileEquipment (declared lists + fixed kit),,,none,the selected item id already carries the named equivalence,already_covered,,Audit status covered: the declared list or an existing maintained decision already realises the clause.
source/bands/mordheim/silent-brotherhood-sc/equipment-access.yaml/@/equipment_lists/0/items/3/notes/unclassified,B-construction,bands/mordheim/silent-brotherhood-sc/equipment-access.yaml,YES,covered,retained,bands/mordheim/silent-brotherhood-sc/equipment-access.yaml equipment_lists[0].items[3] (long_daggers),,index.ts profileEquipmentItems/profileEquipment (declared lists + fixed kit),,,none,the hardcoded hero-only exclusion stands for the band,applied_recipients,silent-brotherhood-sc/brotherhood-equipment-list/long_daggers,applies_to inserted on the canonical entry as the union of the printed recipients; the shared decision now filters it per profile.
source/bands/mordheim/silent-brotherhood-sc/equipment-access.yaml/@/equipment_lists/0/items/4/notes/unclassified,B-construction,bands/mordheim/silent-brotherhood-sc/equipment-access.yaml,YES,covered,retained,bands/mordheim/silent-brotherhood-sc/equipment-access.yaml equipment_lists[0].items[4] (great_weapon),,index.ts profileEquipmentItems/profileEquipment (declared lists + fixed kit),,,none,the selected item id already carries the named equivalence,applied_recipients,silent-brotherhood-sc/brotherhood-equipment-list/great_weapon,applies_to inserted on the canonical entry as the union of the printed recipients; the shared decision now filters it per profile.
source/bands/mordheim/silent-brotherhood-sc/equipment-access.yaml/@/equipment_lists/0/items/7/notes/unclassified,B-construction,bands/mordheim/silent-brotherhood-sc/equipment-access.yaml,YES,metadata_gap,retained,bands/mordheim/silent-brotherhood-sc/equipment-access.yaml equipment_lists[0].items[7] (crossbow),,"profileEquipmentItems reads lists/fixed kit, never item notes",,,"model the qualifier (list applies_to, a forbids token or a band exclusion)",the shared decision refuses the item for every non-qualifying profile,decision_required,silent-brotherhood-sc/brotherhood-equipment-list/crossbow,"""Sniper only"" names no profile declared on the list; the Sniper role must be published as a canonical fact before encoding recipients."
source/bands/mordheim/silent-brotherhood-sc/equipment-access.yaml/@/equipment_lists/0/items/9/notes/unclassified,B-construction,bands/mordheim/silent-brotherhood-sc/equipment-access.yaml,YES,metadata_gap,retained,bands/mordheim/silent-brotherhood-sc/equipment-access.yaml equipment_lists[0].items[9] (long_bow),,"profileEquipmentItems reads lists/fixed kit, never item notes",,,"model the qualifier (list applies_to, a forbids token or a band exclusion)",the shared decision refuses the item for every non-qualifying profile,decision_required,silent-brotherhood-sc/brotherhood-equipment-list/long_bow,"""Sniper only"" names no declared profile; see the crossbow row."
source/bands/mordheim/skaven-of-clan-skryre-kaz/equipment-access.yaml/@/equipment_lists/0/items/11/notes/unclassified,B-construction,bands/mordheim/skaven-of-clan-skryre-kaz/equipment-access.yaml,YES,metadata_gap,retained,bands/mordheim/skaven-of-clan-skryre-kaz/equipment-access.yaml equipment_lists[0].items[11] (jezzail),,"profileEquipmentItems reads lists/fixed kit, never item notes",,,"model the qualifier (list applies_to, a forbids token or a band exclusion)",the shared decision refuses the item for every non-qualifying profile,already_covered,skaven-of-clan-skryre-kaz/skaven-hero-equipment-list/jezzail,"""Skaven Clan Skryre heroes only"" holds for every declared user (all Clan Skryre heroes); the band--jezzail rule carries the rest."
source/bands/mordheim/slavers-rel/equipment-access.yaml/@/equipment_lists/0/items/19/notes/unclassified,B-construction,bands/mordheim/slavers-rel/equipment-access.yaml,YES,metadata_gap,retained,bands/mordheim/slavers-rel/equipment-access.yaml equipment_lists[0].items[19] (manacles),,"profileEquipmentItems reads lists/fixed kit, never item notes",,,"model the qualifier (list applies_to, a forbids token or a band exclusion)",the shared decision refuses the item for every non-qualifying profile,applied_recipients,slavers-rel/slaver-equipment-list/manacles,applies_to inserted on the canonical entry as the union of the printed recipients; the shared decision now filters it per profile.
source/bands/mordheim/slavers-rel/equipment-access.yaml/@/equipment_lists/0/items/20/notes/unclassified,B-construction,bands/mordheim/slavers-rel/equipment-access.yaml,YES,metadata_gap,retained,bands/mordheim/slavers-rel/equipment-access.yaml equipment_lists[0].items[20] (slave),,"profileEquipmentItems reads lists/fixed kit, never item notes",,,"model the qualifier (list applies_to, a forbids token or a band exclusion)",the shared decision refuses the item for every non-qualifying profile,applied_recipients,slavers-rel/slaver-equipment-list/slave,applies_to inserted on the canonical entry as the union of the printed recipients; the shared decision now filters it per profile.
source/bands/mordheim/slavers-rel/equipment-access.yaml/@/equipment_lists/0/items/7/notes/unclassified,B-construction,bands/mordheim/slavers-rel/equipment-access.yaml,YES,metadata_gap,retained,bands/mordheim/slavers-rel/equipment-access.yaml equipment_lists[0].items[7] (trappers_pole),,"profileEquipmentItems reads lists/fixed kit, never item notes",,,"model the qualifier (list applies_to, a forbids token or a band exclusion)",the shared decision refuses the item for every non-qualifying profile,already_covered,slavers-rel/slaver-equipment-list/trappers_pole,"""Slavers only"" is the band identity covering every declared user."
source/bands/mordheim/slayer-pirates-sar/equipment-access.yaml/@/equipment_lists/0/items/1/notes/unclassified,B-construction,bands/mordheim/slayer-pirates-sar/equipment-access.yaml,YES,covered,retained,bands/mordheim/slayer-pirates-sar/equipment-access.yaml equipment_lists[0].items[1] (hammer),,index.ts profileEquipmentItems/profileEquipment (declared lists + fixed kit),source/bands/mordheim/slayer-pirates-sar/equipment-access.yaml/@/equipment_lists/1/items/1/notes/unclassified;source/bands/mordheim/slayer-pirates-sar/equipment-access.yaml/@/equipment_lists/2/items/1/notes/unclassified,,none,the selected item id already carries the named equivalence,already_covered,,Audit status covered: the declared list or an existing maintained decision already realises the clause.
source/bands/mordheim/slayer-pirates-sar/equipment-access.yaml/@/equipment_lists/0/items/13/notes/unclassified,B-construction,bands/mordheim/slayer-pirates-sar/equipment-access.yaml,YES,metadata_gap,retained,bands/mordheim/slayer-pirates-sar/equipment-access.yaml equipment_lists[0].items[13] (rope_hook),,"profileEquipmentItems reads lists/fixed kit, never item notes",,,"model the qualifier (list applies_to, a forbids token or a band exclusion)",the shared decision refuses the item for every non-qualifying profile,applied_recipients,slayer-pirates-sar/pirate-equipment-list/rope_hook,applies_to inserted on the canonical entry as the union of the printed recipients; the shared decision now filters it per profile.
source/bands/mordheim/slayer-pirates-sar/equipment-access.yaml/@/equipment_lists/0/items/4/notes/unclassified,B-construction,bands/mordheim/slayer-pirates-sar/equipment-access.yaml,YES,metadata_gap,retained,bands/mordheim/slayer-pirates-sar/equipment-access.yaml equipment_lists[0].items[4] (cat_o_nine_tails),,"profileEquipmentItems reads lists/fixed kit, never item notes",,,"model the qualifier (list applies_to, a forbids token or a band exclusion)",the shared decision refuses the item for every non-qualifying profile,applied_recipients,slayer-pirates-sar/pirate-equipment-list/cat_o_nine_tails,applies_to inserted on the canonical entry as the union of the printed recipients; the shared decision now filters it per profile.
source/bands/mordheim/slayer-pirates-sar/equipment-access.yaml/@/equipment_lists/1/items/1/notes/unclassified,B-construction,bands/mordheim/slayer-pirates-sar/equipment-access.yaml,YES,covered,retained,bands/mordheim/slayer-pirates-sar/equipment-access.yaml equipment_lists[1].items[1] (hammer),,index.ts profileEquipmentItems/profileEquipment (declared lists + fixed kit),source/bands/mordheim/slayer-pirates-sar/equipment-access.yaml/@/equipment_lists/0/items/1/notes/unclassified;source/bands/mordheim/slayer-pirates-sar/equipment-access.yaml/@/equipment_lists/2/items/1/notes/unclassified,,none,the selected item id already carries the named equivalence,already_covered,,Audit status covered: the declared list or an existing maintained decision already realises the clause.
source/bands/mordheim/slayer-pirates-sar/equipment-access.yaml/@/equipment_lists/2/items/1/notes/unclassified,B-construction,bands/mordheim/slayer-pirates-sar/equipment-access.yaml,YES,covered,retained,bands/mordheim/slayer-pirates-sar/equipment-access.yaml equipment_lists[2].items[1] (hammer),,index.ts profileEquipmentItems/profileEquipment (declared lists + fixed kit),source/bands/mordheim/slayer-pirates-sar/equipment-access.yaml/@/equipment_lists/0/items/1/notes/unclassified;source/bands/mordheim/slayer-pirates-sar/equipment-access.yaml/@/equipment_lists/1/items/1/notes/unclassified,,none,the selected item id already carries the named equivalence,already_covered,,Audit status covered: the declared list or an existing maintained decision already realises the clause.
source/bands/mordheim/slayer-pirates-sar/equipment-access.yaml/@/equipment_lists/2/items/11/notes/unclassified,B-construction,bands/mordheim/slayer-pirates-sar/equipment-access.yaml,YES,metadata_gap,retained,bands/mordheim/slayer-pirates-sar/equipment-access.yaml equipment_lists[2].items[11] (double_barreled_blunderbuss),,"profileEquipmentItems reads lists/fixed kit, never item notes",,,"model the qualifier (list applies_to, a forbids token or a band exclusion)",the shared decision refuses the item for every non-qualifying profile,applied_recipients,slayer-pirates-sar/gunner-equipment-list/double_barreled_blunderbuss,applies_to inserted on the canonical entry as the union of the printed recipients; the shared decision now filters it per profile.
source/bands/mordheim/sorcerous-society-lotd4/equipment-access.yaml/@/equipment_lists/0/items/17/notes/unclassified,B-construction,bands/mordheim/sorcerous-society-lotd4/equipment-access.yaml,YES,metadata_gap,retained,bands/mordheim/sorcerous-society-lotd4/equipment-access.yaml equipment_lists[0].items[17] (society_familiar),,"profileEquipmentItems reads lists/fixed kit, never item notes",,,"model the qualifier (list applies_to, a forbids token or a band exclusion)",the shared decision refuses the item for every non-qualifying profile,applied_recipients,sorcerous-society-lotd4/sorcerous-society-equipment-list/society_familiar,applies_to inserted on the canonical entry as the union of the printed recipients; the shared decision now filters it per profile.
source/bands/mordheim/strigoi-kaz/equipment-access.yaml/@/equipment_lists/0/items/8/notes/unclassified,B-construction,bands/mordheim/strigoi-kaz/equipment-access.yaml,YES,metadata_gap,retained,bands/mordheim/strigoi-kaz/equipment-access.yaml equipment_lists[0].items[8] (bow),,"profileEquipmentItems reads lists/fixed kit, never item notes",,,"model the qualifier (list applies_to, a forbids token or a band exclusion)",the shared decision refuses the item for every non-qualifying profile,applied_recipients,strigoi-kaz/undead-equipment-list/bow,applies_to inserted on the canonical entry as the union of the printed recipients; the shared decision now filters it per profile.
source/bands/mordheim/strigoi-kaz/equipment-access.yaml/@/equipment_lists/0/items/9/notes/unclassified,B-construction,bands/mordheim/strigoi-kaz/equipment-access.yaml,YES,metadata_gap,retained,bands/mordheim/strigoi-kaz/equipment-access.yaml equipment_lists[0].items[9] (short_bow),,"profileEquipmentItems reads lists/fixed kit, never item notes",,,"model the qualifier (list applies_to, a forbids token or a band exclusion)",the shared decision refuses the item for every non-qualifying profile,applied_recipients,strigoi-kaz/undead-equipment-list/short_bow,applies_to inserted on the canonical entry as the union of the printed recipients; the shared decision now filters it per profile.
source/bands/mordheim/underworld-alliance-mim/equipment-access.yaml/@/equipment_lists/0/items/5/notes/unclassified,B-construction,bands/mordheim/underworld-alliance-mim/equipment-access.yaml,YES,metadata_gap,retained,bands/mordheim/underworld-alliance-mim/equipment-access.yaml equipment_lists[0].items[5] (ball_chain),,"profileEquipmentItems reads lists/fixed kit, never item notes",,,"model the qualifier (list applies_to, a forbids token or a band exclusion)",the shared decision refuses the item for every non-qualifying profile,applied_recipients,underworld-alliance-mim/greenskin-equipment-list/ball_chain,applies_to inserted on the canonical entry as the union of the printed recipients; the shared decision now filters it per profile.
source/bands/mordheim/underworld-alliance-mim/equipment-access.yaml/@/equipment_lists/0/items/8/notes/unclassified,B-construction,bands/mordheim/underworld-alliance-mim/equipment-access.yaml,YES,metadata_gap,retained,bands/mordheim/underworld-alliance-mim/equipment-access.yaml equipment_lists[0].items[8] (throwing_stars),,"profileEquipmentItems reads lists/fixed kit, never item notes",source/bands/mordheim/underworld-alliance-mim/equipment-access.yaml/@/equipment_lists/1/items/7/notes/unclassified,,"model the qualifier (list applies_to, a forbids token or a band exclusion)",the shared decision refuses the item for every non-qualifying profile,applied_recipients,underworld-alliance-mim/greenskin-equipment-list/throwing_stars,applies_to inserted on the canonical entry as the union of the printed recipients; the shared decision now filters it per profile.
source/bands/mordheim/underworld-alliance-mim/equipment-access.yaml/@/equipment_lists/1/items/5/notes/unclassified,B-construction,bands/mordheim/underworld-alliance-mim/equipment-access.yaml,YES,metadata_gap,retained,bands/mordheim/underworld-alliance-mim/equipment-access.yaml equipment_lists[1].items[5] (weeping_blades),,"profileEquipmentItems reads lists/fixed kit, never item notes",,,"model the qualifier (list applies_to, a forbids token or a band exclusion)",the shared decision refuses the item for every non-qualifying profile,applied_recipients,underworld-alliance-mim/skaven-equipment-list/weeping_blades,applies_to inserted on the canonical entry as the union of the printed recipients; the shared decision now filters it per profile.
source/bands/mordheim/underworld-alliance-mim/equipment-access.yaml/@/equipment_lists/1/items/7/notes/unclassified,B-construction,bands/mordheim/underworld-alliance-mim/equipment-access.yaml,YES,metadata_gap,retained,bands/mordheim/underworld-alliance-mim/equipment-access.yaml equipment_lists[1].items[7] (throwing_stars),,"profileEquipmentItems reads lists/fixed kit, never item notes",source/bands/mordheim/underworld-alliance-mim/equipment-access.yaml/@/equipment_lists/0/items/8/notes/unclassified,,"model the qualifier (list applies_to, a forbids token or a band exclusion)",the shared decision refuses the item for every non-qualifying profile,applied_recipients,underworld-alliance-mim/skaven-equipment-list/throwing_stars,applies_to inserted on the canonical entry as the union of the printed recipients; the shared decision now filters it per profile.
source/bands/mordheim/underworld-alliance-mim/equipment-access.yaml/@/equipment_lists/2/items/3/notes/unclassified,B-construction,bands/mordheim/underworld-alliance-mim/equipment-access.yaml,YES,metadata_gap,retained,bands/mordheim/underworld-alliance-mim/equipment-access.yaml equipment_lists[2].items[3] (man_catcher),,"profileEquipmentItems reads lists/fixed kit, never item notes",,,"model the qualifier (list applies_to, a forbids token or a band exclusion)",the shared decision refuses the item for every non-qualifying profile,decision_required,underworld-alliance-mim/miscellaneous-items/man_catcher,"""Leader only"" names a leader role, but no profile declares the miscellaneous-items list; the granting rule and the leader mapping must be inspected."
source/bands/mordheim/wasteland-privateers-sar/equipment-access.yaml/@/equipment_lists/0/items/1/notes/unclassified,B-construction,bands/mordheim/wasteland-privateers-sar/equipment-access.yaml,YES,covered,retained,bands/mordheim/wasteland-privateers-sar/equipment-access.yaml equipment_lists[0].items[1] (hammer),,index.ts profileEquipmentItems/profileEquipment (declared lists + fixed kit),source/bands/mordheim/wasteland-privateers-sar/equipment-access.yaml/@/equipment_lists/1/items/1/notes/unclassified;source/bands/mordheim/wasteland-privateers-sar/equipment-access.yaml/@/equipment_lists/2/items/1/notes/unclassified,,none,the selected item id already carries the named equivalence,already_covered,,Audit status covered: the declared list or an existing maintained decision already realises the clause.
source/bands/mordheim/wasteland-privateers-sar/equipment-access.yaml/@/equipment_lists/0/items/11/notes/unclassified,B-construction,bands/mordheim/wasteland-privateers-sar/equipment-access.yaml,YES,metadata_gap,retained,bands/mordheim/wasteland-privateers-sar/equipment-access.yaml equipment_lists[0].items[11] (handgun),,"profileEquipmentItems reads lists/fixed kit, never item notes",,,"model the qualifier (list applies_to, a forbids token or a band exclusion)",the shared decision refuses the item for every non-qualifying profile,decision_required,wasteland-privateers-sar/pirate-equipment-list/handgun,"""Wastelanders only"" has no canonical Wastelander marker on the profiles; the backgrounds must be published first."
source/bands/mordheim/wasteland-privateers-sar/equipment-access.yaml/@/equipment_lists/0/items/4/notes/unclassified,B-construction,bands/mordheim/wasteland-privateers-sar/equipment-access.yaml,YES,metadata_gap,retained,bands/mordheim/wasteland-privateers-sar/equipment-access.yaml equipment_lists[0].items[4] (cat_o_nine_tails),,"profileEquipmentItems reads lists/fixed kit, never item notes",,,"model the qualifier (list applies_to, a forbids token or a band exclusion)",the shared decision refuses the item for every non-qualifying profile,applied_recipients,wasteland-privateers-sar/pirate-equipment-list/cat_o_nine_tails,applies_to inserted on the canonical entry as the union of the printed recipients; the shared decision now filters it per profile.
source/bands/mordheim/wasteland-privateers-sar/equipment-access.yaml/@/equipment_lists/1/items/1/notes/unclassified,B-construction,bands/mordheim/wasteland-privateers-sar/equipment-access.yaml,YES,covered,retained,bands/mordheim/wasteland-privateers-sar/equipment-access.yaml equipment_lists[1].items[1] (hammer),,index.ts profileEquipmentItems/profileEquipment (declared lists + fixed kit),source/bands/mordheim/wasteland-privateers-sar/equipment-access.yaml/@/equipment_lists/0/items/1/notes/unclassified;source/bands/mordheim/wasteland-privateers-sar/equipment-access.yaml/@/equipment_lists/2/items/1/notes/unclassified,,none,the selected item id already carries the named equivalence,already_covered,,Audit status covered: the declared list or an existing maintained decision already realises the clause.
source/bands/mordheim/wasteland-privateers-sar/equipment-access.yaml/@/equipment_lists/2/items/1/notes/unclassified,B-construction,bands/mordheim/wasteland-privateers-sar/equipment-access.yaml,YES,covered,retained,bands/mordheim/wasteland-privateers-sar/equipment-access.yaml equipment_lists[2].items[1] (hammer),,index.ts profileEquipmentItems/profileEquipment (declared lists + fixed kit),source/bands/mordheim/wasteland-privateers-sar/equipment-access.yaml/@/equipment_lists/0/items/1/notes/unclassified;source/bands/mordheim/wasteland-privateers-sar/equipment-access.yaml/@/equipment_lists/1/items/1/notes/unclassified,,none,the selected item id already carries the named equivalence,already_covered,,Audit status covered: the declared list or an existing maintained decision already realises the clause.
source/bands/mordheim/wood-elves-of-athel-loren-web/equipment-access.yaml/@/equipment_lists/0/items/10/notes/unclassified,B-construction,bands/mordheim/wood-elves-of-athel-loren-web/equipment-access.yaml,YES,metadata_gap,retained,bands/mordheim/wood-elves-of-athel-loren-web/equipment-access.yaml equipment_lists[0].items[10] (ithilmar_armour),,"profileEquipmentItems reads lists/fixed kit, never item notes",source/bands/mordheim/wood-elves-of-athel-loren-web/equipment-access.yaml/@/equipment_lists/1/items/9/notes/unclassified,,"model the qualifier (list applies_to, a forbids token or a band exclusion)",the shared decision refuses the item for every non-qualifying profile,already_covered,wood-elves-of-athel-loren-web/wood-elf-hero-equipment-list/ithilmar_armour,"""Heroes only"" holds for every declared user of the hero list."
source/bands/mordheim/wood-elves-of-athel-loren-web/equipment-access.yaml/@/equipment_lists/0/items/4/notes/unclassified,B-construction,bands/mordheim/wood-elves-of-athel-loren-web/equipment-access.yaml,YES,metadata_gap,retained,bands/mordheim/wood-elves-of-athel-loren-web/equipment-access.yaml equipment_lists[0].items[4] (ithilmar_weapon),,"profileEquipmentItems reads lists/fixed kit, never item notes",,,"model the qualifier (list applies_to, a forbids token or a band exclusion)",the shared decision refuses the item for every non-qualifying profile,already_covered,wood-elves-of-athel-loren-web/wood-elf-hero-equipment-list/ithilmar_weapon,"""Heroes only"" holds for every declared user of the hero list."
source/bands/mordheim/wood-elves-of-athel-loren-web/equipment-access.yaml/@/equipment_lists/1/items/4/notes/unclassified,B-construction,bands/mordheim/wood-elves-of-athel-loren-web/equipment-access.yaml,YES,metadata_gap,retained,bands/mordheim/wood-elves-of-athel-loren-web/equipment-access.yaml equipment_lists[1].items[4] (ithilmar_weapon),,"profileEquipmentItems reads lists/fixed kit, never item notes",,,"model the qualifier (list applies_to, a forbids token or a band exclusion)",the shared decision refuses the item for every non-qualifying profile,decision_required,wood-elves-of-athel-loren-web/wood-elf-scout-equipment-list/ithilmar_weapon,See the scout-list ithilmar-armour row: the note contradicts the declared users.
source/bands/mordheim/wood-elves-of-athel-loren-web/equipment-access.yaml/@/equipment_lists/1/items/9/notes/unclassified,B-construction,bands/mordheim/wood-elves-of-athel-loren-web/equipment-access.yaml,YES,metadata_gap,retained,bands/mordheim/wood-elves-of-athel-loren-web/equipment-access.yaml equipment_lists[1].items[9] (ithilmar_armour),,"profileEquipmentItems reads lists/fixed kit, never item notes",source/bands/mordheim/wood-elves-of-athel-loren-web/equipment-access.yaml/@/equipment_lists/0/items/10/notes/unclassified,,"model the qualifier (list applies_to, a forbids token or a band exclusion)",the shared decision refuses the item for every non-qualifying profile,decision_required,wood-elves-of-athel-loren-web/wood-elf-scout-equipment-list/ithilmar_armour,"""Heroes only (*)"" on a list only henchmen declare: the note is either mis-mapped or a footnote for the (*) rarity marker, so the printed entry must be re-checked."
source/bands/trollheim/chaos-streets-arcane-society/equipment-access.yaml/@/equipment_lists/0/items/19/notes/unclassified,B-construction,bands/trollheim/chaos-streets-arcane-society/equipment-access.yaml,NO,out_of_scope,out_of_scope,bands/trollheim/chaos-streets-arcane-society/equipment-access.yaml equipment_lists[0].items[19] (arcane_familiar),,index.ts profileEquipmentItems/profileEquipment (declared lists + fixed kit),,,none in B; item mechanics belong to the item/combat lot,item record keeps its declared state; no construction clause outstanding,out_of_scope,,"Audit status out_of_scope: pricing, rarity, campaign or duel-mechanic content outside the bearer scope."
source/bands/trollheim/chaos-streets-arcane-society/equipment-access.yaml/@/equipment_lists/0/items/4/notes/unclassified,B-construction,bands/trollheim/chaos-streets-arcane-society/equipment-access.yaml,NO,out_of_scope,out_of_scope,bands/trollheim/chaos-streets-arcane-society/equipment-access.yaml equipment_lists[0].items[4] (travel_staff),,index.ts profileEquipmentItems/profileEquipment (declared lists + fixed kit),,,none in B; item mechanics belong to the item/combat lot,item record keeps its declared state; no construction clause outstanding,out_of_scope,,"Audit status out_of_scope: pricing, rarity, campaign or duel-mechanic content outside the bearer scope."
source/bands/trollheim/chaos-streets-deathbringers/equipment-access.yaml/@/equipment_lists/0/items/11/notes/unclassified,B-construction,bands/trollheim/chaos-streets-deathbringers/equipment-access.yaml,NO,out_of_scope,out_of_scope,bands/trollheim/chaos-streets-deathbringers/equipment-access.yaml equipment_lists[0].items[11] (poison_darts),,index.ts profileEquipmentItems/profileEquipment (declared lists + fixed kit),source/bands/trollheim/chaos-streets-deathbringers/equipment-access.yaml/@/equipment_lists/1/items/5/notes/unclassified,,none in B; item mechanics belong to the item/combat lot,item record keeps its declared state; no construction clause outstanding,out_of_scope,,"Audit status out_of_scope: pricing, rarity, campaign or duel-mechanic content outside the bearer scope."
source/bands/trollheim/chaos-streets-deathbringers/equipment-access.yaml/@/equipment_lists/0/items/15/notes/unclassified,B-construction,bands/trollheim/chaos-streets-deathbringers/equipment-access.yaml,NO,out_of_scope,out_of_scope,bands/trollheim/chaos-streets-deathbringers/equipment-access.yaml equipment_lists[0].items[15] (eshin_assassin_clothes),,index.ts profileEquipmentItems/profileEquipment (declared lists + fixed kit),,,none in B; item mechanics belong to the item/combat lot,item record keeps its declared state; no construction clause outstanding,applied_recipients,chaos-streets-deathbringers/deathbringer-assassin-equipment-list/eshin_assassin_clothes,applies_to inserted on the canonical entry as the union of the printed recipients; the shared decision now filters it per profile.
source/bands/trollheim/chaos-streets-deathbringers/equipment-access.yaml/@/equipment_lists/0/items/4/notes/unclassified,B-construction,bands/trollheim/chaos-streets-deathbringers/equipment-access.yaml,NO,out_of_scope,out_of_scope,bands/trollheim/chaos-streets-deathbringers/equipment-access.yaml equipment_lists[0].items[4] (kusara_kama),,index.ts profileEquipmentItems/profileEquipment (declared lists + fixed kit),,,none in B; item mechanics belong to the item/combat lot,item record keeps its declared state; no construction clause outstanding,out_of_scope,,"Audit status out_of_scope: pricing, rarity, campaign or duel-mechanic content outside the bearer scope."
source/bands/trollheim/chaos-streets-deathbringers/equipment-access.yaml/@/equipment_lists/0/items/5/notes/unclassified,B-construction,bands/trollheim/chaos-streets-deathbringers/equipment-access.yaml,NO,out_of_scope,out_of_scope,bands/trollheim/chaos-streets-deathbringers/equipment-access.yaml equipment_lists[0].items[5] (death_knife),,index.ts profileEquipmentItems/profileEquipment (declared lists + fixed kit),,,none in B; item mechanics belong to the item/combat lot,item record keeps its declared state; no construction clause outstanding,applied_recipients,chaos-streets-deathbringers/deathbringer-assassin-equipment-list/death_knife,applies_to inserted on the canonical entry as the union of the printed recipients; the shared decision now filters it per profile.
source/bands/trollheim/chaos-streets-deathbringers/equipment-access.yaml/@/equipment_lists/0/items/6/notes/unclassified,B-construction,bands/trollheim/chaos-streets-deathbringers/equipment-access.yaml,NO,out_of_scope,out_of_scope,bands/trollheim/chaos-streets-deathbringers/equipment-access.yaml equipment_lists[0].items[6] (yari),,index.ts profileEquipmentItems/profileEquipment (declared lists + fixed kit),,,none in B; item mechanics belong to the item/combat lot,item record keeps its declared state; no construction clause outstanding,applied_recipients,chaos-streets-deathbringers/deathbringer-assassin-equipment-list/yari,applies_to inserted on the canonical entry as the union of the printed recipients; the shared decision now filters it per profile.
source/bands/trollheim/chaos-streets-deathbringers/equipment-access.yaml/@/equipment_lists/0/items/7/notes/unclassified,B-construction,bands/trollheim/chaos-streets-deathbringers/equipment-access.yaml,NO,out_of_scope,out_of_scope,bands/trollheim/chaos-streets-deathbringers/equipment-access.yaml equipment_lists[0].items[7] (witch_sword),,index.ts profileEquipmentItems/profileEquipment (declared lists + fixed kit),,,none in B; item mechanics belong to the item/combat lot,item record keeps its declared state; no construction clause outstanding,applied_recipients,chaos-streets-deathbringers/deathbringer-assassin-equipment-list/witch_sword,applies_to inserted on the canonical entry as the union of the printed recipients; the shared decision now filters it per profile.
source/bands/trollheim/chaos-streets-deathbringers/equipment-access.yaml/@/equipment_lists/0/items/8/notes/unclassified,B-construction,bands/trollheim/chaos-streets-deathbringers/equipment-access.yaml,NO,out_of_scope,out_of_scope,bands/trollheim/chaos-streets-deathbringers/equipment-access.yaml equipment_lists[0].items[8] (fighting_claws),,index.ts profileEquipmentItems/profileEquipment (declared lists + fixed kit),,,none in B; item mechanics belong to the item/combat lot,item record keeps its declared state; no construction clause outstanding,out_of_scope,,"Audit status out_of_scope: pricing, rarity, campaign or duel-mechanic content outside the bearer scope."
source/bands/trollheim/chaos-streets-deathbringers/equipment-access.yaml/@/equipment_lists/0/items/9/notes/unclassified,B-construction,bands/trollheim/chaos-streets-deathbringers/equipment-access.yaml,NO,out_of_scope,out_of_scope,bands/trollheim/chaos-streets-deathbringers/equipment-access.yaml equipment_lists[0].items[9] (weeping_blades),,index.ts profileEquipmentItems/profileEquipment (declared lists + fixed kit),,,none in B; item mechanics belong to the item/combat lot,item record keeps its declared state; no construction clause outstanding,out_of_scope,,"Audit status out_of_scope: pricing, rarity, campaign or duel-mechanic content outside the bearer scope."
source/bands/trollheim/chaos-streets-deathbringers/equipment-access.yaml/@/equipment_lists/1/items/5/notes/unclassified,B-construction,bands/trollheim/chaos-streets-deathbringers/equipment-access.yaml,NO,out_of_scope,out_of_scope,bands/trollheim/chaos-streets-deathbringers/equipment-access.yaml equipment_lists[1].items[5] (poison_darts),,index.ts profileEquipmentItems/profileEquipment (declared lists + fixed kit),source/bands/trollheim/chaos-streets-deathbringers/equipment-access.yaml/@/equipment_lists/0/items/11/notes/unclassified,,none in B; item mechanics belong to the item/combat lot,item record keeps its declared state; no construction clause outstanding,out_of_scope,,"Audit status out_of_scope: pricing, rarity, campaign or duel-mechanic content outside the bearer scope."
source/bands/trollheim/chaos-streets-sigmar-protectorate/equipment-access.yaml/@/equipment_lists/0/items/13/notes/unclassified,B-construction,bands/trollheim/chaos-streets-sigmar-protectorate/equipment-access.yaml,NO,out_of_scope,out_of_scope,bands/trollheim/chaos-streets-sigmar-protectorate/equipment-access.yaml equipment_lists[0].items[13] (sigmar_shield),,index.ts profileEquipmentItems/profileEquipment (declared lists + fixed kit),source/bands/trollheim/chaos-streets-sigmar-protectorate/equipment-access.yaml/@/equipment_lists/1/items/11/notes/unclassified,,none in B; item mechanics belong to the item/combat lot,item record keeps its declared state; no construction clause outstanding,out_of_scope,,"Audit status out_of_scope: pricing, rarity, campaign or duel-mechanic content outside the bearer scope."
source/bands/trollheim/chaos-streets-sigmar-protectorate/equipment-access.yaml/@/equipment_lists/0/items/5/notes/unclassified,B-construction,bands/trollheim/chaos-streets-sigmar-protectorate/equipment-access.yaml,NO,out_of_scope,out_of_scope,bands/trollheim/chaos-streets-sigmar-protectorate/equipment-access.yaml equipment_lists[0].items[5] (sigmarite_hammer),,index.ts profileEquipmentItems/profileEquipment (declared lists + fixed kit),source/bands/trollheim/chaos-streets-sigmar-protectorate/equipment-access.yaml/@/equipment_lists/1/items/6/notes/unclassified,,none in B; item mechanics belong to the item/combat lot,item record keeps its declared state; no construction clause outstanding,out_of_scope,,"Audit status out_of_scope: pricing, rarity, campaign or duel-mechanic content outside the bearer scope."
source/bands/trollheim/chaos-streets-sigmar-protectorate/equipment-access.yaml/@/equipment_lists/1/items/11/notes/unclassified,B-construction,bands/trollheim/chaos-streets-sigmar-protectorate/equipment-access.yaml,NO,out_of_scope,out_of_scope,bands/trollheim/chaos-streets-sigmar-protectorate/equipment-access.yaml equipment_lists[1].items[11] (sigmar_shield),,index.ts profileEquipmentItems/profileEquipment (declared lists + fixed kit),source/bands/trollheim/chaos-streets-sigmar-protectorate/equipment-access.yaml/@/equipment_lists/0/items/13/notes/unclassified,,none in B; item mechanics belong to the item/combat lot,item record keeps its declared state; no construction clause outstanding,out_of_scope,,"Audit status out_of_scope: pricing, rarity, campaign or duel-mechanic content outside the bearer scope."
source/bands/trollheim/chaos-streets-sigmar-protectorate/equipment-access.yaml/@/equipment_lists/1/items/6/notes/unclassified,B-construction,bands/trollheim/chaos-streets-sigmar-protectorate/equipment-access.yaml,NO,out_of_scope,out_of_scope,bands/trollheim/chaos-streets-sigmar-protectorate/equipment-access.yaml equipment_lists[1].items[6] (sigmarite_hammer),,index.ts profileEquipmentItems/profileEquipment (declared lists + fixed kit),source/bands/trollheim/chaos-streets-sigmar-protectorate/equipment-access.yaml/@/equipment_lists/0/items/5/notes/unclassified,,none in B; item mechanics belong to the item/combat lot,item record keeps its declared state; no construction clause outstanding,out_of_scope,,"Audit status out_of_scope: pricing, rarity, campaign or duel-mechanic content outside the bearer scope."
source/bands/trollheim/chaos-streets-sigmar-protectorate/equipment-access.yaml/@/equipment_lists/2/items/4/notes/unclassified,B-construction,bands/trollheim/chaos-streets-sigmar-protectorate/equipment-access.yaml,YES,metadata_gap,retained,bands/trollheim/chaos-streets-sigmar-protectorate/equipment-access.yaml equipment_lists[2].items[4] (great_weapon),,"profileEquipmentItems reads lists/fixed kit, never item notes",,,"model the qualifier (list applies_to, a forbids token or a band exclusion)",the shared decision refuses the item for every non-qualifying profile,applied_recipients,chaos-streets-sigmar-protectorate/protectorate-shooter-equipment-list/great_weapon,applies_to inserted on the canonical entry as the union of the printed recipients; the shared decision now filters it per profile.
source/bands/trollheim/chaos-streets-sigmar-protectorate/equipment-access.yaml/@/equipment_lists/2/items/6/notes/unclassified,B-construction,bands/trollheim/chaos-streets-sigmar-protectorate/equipment-access.yaml,YES,metadata_gap,retained,bands/trollheim/chaos-streets-sigmar-protectorate/equipment-access.yaml equipment_lists[2].items[6] (long_bow),,"profileEquipmentItems reads lists/fixed kit, never item notes",,,"model the qualifier (list applies_to, a forbids token or a band exclusion)",the shared decision refuses the item for every non-qualifying profile,applied_recipients,chaos-streets-sigmar-protectorate/protectorate-shooter-equipment-list/long_bow,applies_to inserted on the canonical entry as the union of the printed recipients; the shared decision now filters it per profile.
source/bands/trollheim/chaos-streets-sons-of-nagarythe/equipment-access.yaml/@/equipment_lists/0/items/12/notes/unclassified,B-construction,bands/trollheim/chaos-streets-sons-of-nagarythe/equipment-access.yaml,YES,metadata_gap,retained,bands/trollheim/chaos-streets-sons-of-nagarythe/equipment-access.yaml equipment_lists[0].items[12] (nagarythe_war_horn),,"profileEquipmentItems reads lists/fixed kit, never item notes",,,"model the qualifier (list applies_to, a forbids token or a band exclusion)",the shared decision refuses the item for every non-qualifying profile,already_covered,chaos-streets-sons-of-nagarythe/shadow-warrior-equipment-list/nagarythe_war_horn,Band identity covers every declared user; the cost/rarity clause is separate.
source/bands/trollheim/chaos-streets-sons-of-nagarythe/equipment-access.yaml/@/equipment_lists/0/items/13/notes/unclassified,B-construction,bands/trollheim/chaos-streets-sons-of-nagarythe/equipment-access.yaml,YES,metadata_gap,retained,bands/trollheim/chaos-streets-sons-of-nagarythe/equipment-access.yaml equipment_lists[0].items[13] (elven_wine),,"profileEquipmentItems reads lists/fixed kit, never item notes",,,"model the qualifier (list applies_to, a forbids token or a band exclusion)",the shared decision refuses the item for every non-qualifying profile,already_covered,chaos-streets-sons-of-nagarythe/shadow-warrior-equipment-list/elven_wine,"""Sons of Nagarythe only"" is the band identity, so every declared user already qualifies; the post-creation cost and rarity are outside the bearer scope."
source/bands/trollheim/chaos-streets-sons-of-nagarythe/equipment-access.yaml/@/equipment_lists/0/items/14/notes/unclassified,B-construction,bands/trollheim/chaos-streets-sons-of-nagarythe/equipment-access.yaml,YES,metadata_gap,retained,bands/trollheim/chaos-streets-sons-of-nagarythe/equipment-access.yaml equipment_lists[0].items[14] (elven_runestones),,"profileEquipmentItems reads lists/fixed kit, never item notes",,,"model the qualifier (list applies_to, a forbids token or a band exclusion)",the shared decision refuses the item for every non-qualifying profile,applied_recipients,chaos-streets-sons-of-nagarythe/shadow-warrior-equipment-list/elven_runestones,applies_to inserted on the canonical entry as the union of the printed recipients; the shared decision now filters it per profile.
source/bands/trollheim/chaos-streets-sons-of-nagarythe/equipment-access.yaml/@/equipment_lists/0/items/15/notes/unclassified,B-construction,bands/trollheim/chaos-streets-sons-of-nagarythe/equipment-access.yaml,YES,metadata_gap,retained,bands/trollheim/chaos-streets-sons-of-nagarythe/equipment-access.yaml equipment_lists[0].items[15] (nagarythe_standard),,"profileEquipmentItems reads lists/fixed kit, never item notes",,,"model the qualifier (list applies_to, a forbids token or a band exclusion)",the shared decision refuses the item for every non-qualifying profile,already_covered,chaos-streets-sons-of-nagarythe/shadow-warrior-equipment-list/nagarythe_standard,Band identity covers every declared user; the cost/rarity clause is separate.
source/bands/trollheim/khemri-mages/equipment-access.yaml/@/equipment_lists/0/items/3/notes/unclassified,B-construction,bands/trollheim/khemri-mages/equipment-access.yaml,YES,metadata_gap,retained,bands/trollheim/khemri-mages/equipment-access.yaml equipment_lists[0].items[3] (sling),,"profileEquipmentItems reads lists/fixed kit, never item notes",,,"model the qualifier (list applies_to, a forbids token or a band exclusion)",the shared decision refuses the item for every non-qualifying profile,applied_recipients,khemri-mages/mage-equipment-list/sling,applies_to inserted on the canonical entry as the union of the printed recipients; the shared decision now filters it per profile.
source/bands/trollheim/khemri-mages/equipment-access.yaml/@/equipment_lists/0/items/7/notes/unclassified,B-construction,bands/trollheim/khemri-mages/equipment-access.yaml,NO,out_of_scope,out_of_scope,bands/trollheim/khemri-mages/equipment-access.yaml equipment_lists[0].items[7] (familiar),,index.ts profileEquipmentItems/profileEquipment (declared lists + fixed kit),,,none in B; item mechanics belong to the item/combat lot,item record keeps its declared state; no construction clause outstanding,out_of_scope,,"Audit status out_of_scope: pricing, rarity, campaign or duel-mechanic content outside the bearer scope."
source/bands/trollheim/khemri-tomb-guardians/equipment-access.yaml/@/equipment_lists/0/items/10/notes/unclassified,B-construction,bands/trollheim/khemri-tomb-guardians/equipment-access.yaml,NO,out_of_scope,out_of_scope,bands/trollheim/khemri-tomb-guardians/equipment-access.yaml equipment_lists[0].items[10] (asp_arrows),,index.ts profileEquipmentItems/profileEquipment (declared lists + fixed kit),,,none in B; item mechanics belong to the item/combat lot,item record keeps its declared state; no construction clause outstanding,applied_recipients,khemri-tomb-guardians/tomb-undead-equipment-list/asp_arrows,applies_to inserted on the canonical entry as the union of the printed recipients; the shared decision now filters it per profile.
source/bands/trollheim/khemri-tomb-guardians/equipment-access.yaml/@/equipment_lists/0/items/11/notes/unclassified,B-construction,bands/trollheim/khemri-tomb-guardians/equipment-access.yaml,NO,out_of_scope,out_of_scope,bands/trollheim/khemri-tomb-guardians/equipment-access.yaml equipment_lists[0].items[11] (nehekharan_javelin),,index.ts profileEquipmentItems/profileEquipment (declared lists + fixed kit),,,none in B; item mechanics belong to the item/combat lot,item record keeps its declared state; no construction clause outstanding,applied_recipients,khemri-tomb-guardians/tomb-undead-equipment-list/nehekharan_javelin,applies_to inserted on the canonical entry as the union of the printed recipients; the shared decision now filters it per profile.
source/bands/trollheim/khemri-tomb-guardians/equipment-access.yaml/@/equipment_lists/0/items/14/notes/unclassified,B-construction,bands/trollheim/khemri-tomb-guardians/equipment-access.yaml,YES,covered,retained,bands/trollheim/khemri-tomb-guardians/equipment-access.yaml equipment_lists[0].items[14] (bronze_breastplate),,index.ts profileEquipmentItems/profileEquipment (declared lists + fixed kit),,,none,the selected item id already carries the named equivalence,already_covered,,Audit status covered: the declared list or an existing maintained decision already realises the clause.
source/bands/trollheim/khemri-tomb-guardians/equipment-access.yaml/@/equipment_lists/1/items/5/notes/unclassified,B-construction,bands/trollheim/khemri-tomb-guardians/equipment-access.yaml,NO,out_of_scope,out_of_scope,bands/trollheim/khemri-tomb-guardians/equipment-access.yaml equipment_lists[1].items[5] (serpent_staff),,index.ts profileEquipmentItems/profileEquipment (declared lists + fixed kit),,,none in B; item mechanics belong to the item/combat lot,item record keeps its declared state; no construction clause outstanding,applied_recipients,khemri-tomb-guardians/mortuary-priest-equipment-list/serpent_staff,applies_to inserted on the canonical entry as the union of the printed recipients; the shared decision now filters it per profile.
source/bands/trollheim/lustria-clan-pestilens/equipment-access.yaml/@/equipment_lists/0/items/13/notes/unclassified,B-construction,bands/trollheim/lustria-clan-pestilens/equipment-access.yaml,NO,out_of_scope,out_of_scope,bands/trollheim/lustria-clan-pestilens/equipment-access.yaml equipment_lists[0].items[13] (horned_rat_amulet),,index.ts profileEquipmentItems/profileEquipment (declared lists + fixed kit),,,none in B; item mechanics belong to the item/combat lot,item record keeps its declared state; no construction clause outstanding,out_of_scope,,"Audit status out_of_scope: pricing, rarity, campaign or duel-mechanic content outside the bearer scope."
source/bands/trollheim/lustria-clan-pestilens/equipment-access.yaml/@/equipment_lists/0/items/15/notes/unclassified,B-construction,bands/trollheim/lustria-clan-pestilens/equipment-access.yaml,NO,out_of_scope,out_of_scope,bands/trollheim/lustria-clan-pestilens/equipment-access.yaml equipment_lists[0].items[15] (liturgicus_infecticus),,index.ts profileEquipmentItems/profileEquipment (declared lists + fixed kit),,,none in B; item mechanics belong to the item/combat lot,item record keeps its declared state; no construction clause outstanding,out_of_scope,,"Audit status out_of_scope: pricing, rarity, campaign or duel-mechanic content outside the bearer scope."
source/bands/trollheim/lustria-clan-pestilens/equipment-access.yaml/@/equipment_lists/0/items/16/notes/unclassified,B-construction,bands/trollheim/lustria-clan-pestilens/equipment-access.yaml,NO,out_of_scope,out_of_scope,bands/trollheim/lustria-clan-pestilens/equipment-access.yaml equipment_lists[0].items[16] (fog_warpstone_fragments),,index.ts profileEquipmentItems/profileEquipment (declared lists + fixed kit),,,none in B; item mechanics belong to the item/combat lot,item record keeps its declared state; no construction clause outstanding,out_of_scope,,"Audit status out_of_scope: pricing, rarity, campaign or duel-mechanic content outside the bearer scope."
source/bands/trollheim/lustria-clan-pestilens/equipment-access.yaml/@/equipment_lists/0/items/6/notes/unclassified,B-construction,bands/trollheim/lustria-clan-pestilens/equipment-access.yaml,NO,out_of_scope,out_of_scope,bands/trollheim/lustria-clan-pestilens/equipment-access.yaml equipment_lists[0].items[6] (disease_dagger),,index.ts profileEquipmentItems/profileEquipment (declared lists + fixed kit),,,none in B; item mechanics belong to the item/combat lot,item record keeps its declared state; no construction clause outstanding,out_of_scope,,"Audit status out_of_scope: pricing, rarity, campaign or duel-mechanic content outside the bearer scope."
source/bands/trollheim/lustria-clan-pestilens/equipment-access.yaml/@/equipment_lists/0/items/7/notes/unclassified,B-construction,bands/trollheim/lustria-clan-pestilens/equipment-access.yaml,NO,out_of_scope,out_of_scope,bands/trollheim/lustria-clan-pestilens/equipment-access.yaml equipment_lists[0].items[7] (censer),,index.ts profileEquipmentItems/profileEquipment (declared lists + fixed kit),,,none in B; item mechanics belong to the item/combat lot,item record keeps its declared state; no construction clause outstanding,out_of_scope,,"Audit status out_of_scope: pricing, rarity, campaign or duel-mechanic content outside the bearer scope."
source/bands/trollheim/lustria-dark-elves/equipment-access.yaml/@/equipment_lists/0/items/14/notes/unclassified,B-construction,bands/trollheim/lustria-dark-elves/equipment-access.yaml,NO,out_of_scope,out_of_scope,bands/trollheim/lustria-dark-elves/equipment-access.yaml equipment_lists[0].items[14] (dark_venom),,index.ts profileEquipmentItems/profileEquipment (declared lists + fixed kit),,,none in B; item mechanics belong to the item/combat lot,item record keeps its declared state; no construction clause outstanding,applied_recipients,lustria-dark-elves/dark-elf-equipment-list/dark_venom,applies_to inserted on the canonical entry as the union of the printed recipients; the shared decision now filters it per profile.
source/bands/trollheim/lustria-dark-elves/equipment-access.yaml/@/equipment_lists/0/items/15/notes/unclassified,B-construction,bands/trollheim/lustria-dark-elves/equipment-access.yaml,NO,out_of_scope,out_of_scope,bands/trollheim/lustria-dark-elves/equipment-access.yaml equipment_lists[0].items[15] (sea_dragon_cloak),,index.ts profileEquipmentItems/profileEquipment (declared lists + fixed kit),,,none in B; item mechanics belong to the item/combat lot,item record keeps its declared state; no construction clause outstanding,out_of_scope,,"Audit status out_of_scope: pricing, rarity, campaign or duel-mechanic content outside the bearer scope."
source/bands/trollheim/lustria-dark-elves/equipment-access.yaml/@/equipment_lists/0/items/16/notes/unclassified,B-construction,bands/trollheim/lustria-dark-elves/equipment-access.yaml,NO,out_of_scope,out_of_scope,bands/trollheim/lustria-dark-elves/equipment-access.yaml equipment_lists[0].items[16] (draich),,index.ts profileEquipmentItems/profileEquipment (declared lists + fixed kit),,,none in B; item mechanics belong to the item/combat lot,item record keeps its declared state; no construction clause outstanding,applied_recipients,lustria-dark-elves/dark-elf-equipment-list/draich,applies_to inserted on the canonical entry as the union of the printed recipients; the shared decision now filters it per profile.
source/bands/trollheim/lustria-dark-elves/equipment-access.yaml/@/equipment_lists/0/items/5/notes/unclassified,B-construction,bands/trollheim/lustria-dark-elves/equipment-access.yaml,NO,out_of_scope,out_of_scope,bands/trollheim/lustria-dark-elves/equipment-access.yaml equipment_lists[0].items[5] (beastmaster_whip),,index.ts profileEquipmentItems/profileEquipment (declared lists + fixed kit),,,none in B; item mechanics belong to the item/combat lot,item record keeps its declared state; no construction clause outstanding,applied_recipients,lustria-dark-elves/dark-elf-equipment-list/beastmaster_whip,applies_to inserted on the canonical entry as the union of the printed recipients; the shared decision now filters it per profile.
source/bands/trollheim/lustria-high-elves/equipment-access.yaml/@/equipment_lists/0/items/15/notes/unclassified,B-construction,bands/trollheim/lustria-high-elves/equipment-access.yaml,NO,out_of_scope,out_of_scope,bands/trollheim/lustria-high-elves/equipment-access.yaml equipment_lists[0].items[15] (elven_wine),,index.ts profileEquipmentItems/profileEquipment (declared lists + fixed kit),,,none in B; item mechanics belong to the item/combat lot,item record keeps its declared state; no construction clause outstanding,out_of_scope,,"Audit status out_of_scope: pricing, rarity, campaign or duel-mechanic content outside the bearer scope."
source/bands/trollheim/lustria-high-elves/equipment-access.yaml/@/equipment_lists/0/items/16/notes/unclassified,B-construction,bands/trollheim/lustria-high-elves/equipment-access.yaml,NO,out_of_scope,out_of_scope,bands/trollheim/lustria-high-elves/equipment-access.yaml equipment_lists[0].items[16] (elven_runestones),,index.ts profileEquipmentItems/profileEquipment (declared lists + fixed kit),,,none in B; item mechanics belong to the item/combat lot,item record keeps its declared state; no construction clause outstanding,applied_recipients,lustria-high-elves/high-elf-equipment-list/elven_runestones,applies_to inserted on the canonical entry as the union of the printed recipients; the shared decision now filters it per profile.
source/bands/trollheim/lustria-high-elves/equipment-access.yaml/@/equipment_lists/0/items/6/notes/unclassified,B-construction,bands/trollheim/lustria-high-elves/equipment-access.yaml,NO,out_of_scope,out_of_scope,bands/trollheim/lustria-high-elves/equipment-access.yaml equipment_lists[0].items[6] (mage_staff),,index.ts profileEquipmentItems/profileEquipment (declared lists + fixed kit),,,none in B; item mechanics belong to the item/combat lot,item record keeps its declared state; no construction clause outstanding,applied_recipients,lustria-high-elves/high-elf-equipment-list/mage_staff,applies_to inserted on the canonical entry as the union of the printed recipients; the shared decision now filters it per profile.
source/bands/trollheim/lustria-lizardmen/equipment-access.yaml/@/equipment_lists/0/items/11/notes/unclassified,B-construction,bands/trollheim/lustria-lizardmen/equipment-access.yaml,YES,metadata_gap,retained,bands/trollheim/lustria-lizardmen/equipment-access.yaml equipment_lists[0].items[11] (helmet),,"profileEquipmentItems reads lists/fixed kit, never item notes",,,"model the qualifier (list applies_to, a forbids token or a band exclusion)",the shared decision refuses the item for every non-qualifying profile,applied_recipients,lustria-lizardmen/skinks-equipment-list/helmet,applies_to inserted on the canonical entry as the union of the printed recipients; the shared decision now filters it per profile.
source/bands/trollheim/lustria-lizardmen/equipment-access.yaml/@/equipment_lists/0/items/3/notes/unclassified,B-construction,bands/trollheim/lustria-lizardmen/equipment-access.yaml,YES,metadata_gap,retained,bands/trollheim/lustria-lizardmen/equipment-access.yaml equipment_lists[0].items[3] (sword),,"profileEquipmentItems reads lists/fixed kit, never item notes",,,"model the qualifier (list applies_to, a forbids token or a band exclusion)",the shared decision refuses the item for every non-qualifying profile,applied_recipients,lustria-lizardmen/skinks-equipment-list/sword,applies_to inserted on the canonical entry as the union of the printed recipients; the shared decision now filters it per profile.
source/bands/trollheim/lustria-pirates/equipment-access.yaml/@/equipment_lists/0/items/18/notes/unclassified,B-construction,bands/trollheim/lustria-pirates/equipment-access.yaml,NO,out_of_scope,out_of_scope,bands/trollheim/lustria-pirates/equipment-access.yaml equipment_lists[0].items[18] (hook_hand),,index.ts profileEquipmentItems/profileEquipment (declared lists + fixed kit),,,none in B; item mechanics belong to the item/combat lot,item record keeps its declared state; no construction clause outstanding,out_of_scope,,"Audit status out_of_scope: pricing, rarity, campaign or duel-mechanic content outside the bearer scope."
source/bands/trollheim/lustria-pirates/equipment-access.yaml/@/equipment_lists/0/items/19/notes/unclassified,B-construction,bands/trollheim/lustria-pirates/equipment-access.yaml,NO,out_of_scope,out_of_scope,bands/trollheim/lustria-pirates/equipment-access.yaml equipment_lists[0].items[19] (peg_leg),,index.ts profileEquipmentItems/profileEquipment (declared lists + fixed kit),,,none in B; item mechanics belong to the item/combat lot,item record keeps its declared state; no construction clause outstanding,out_of_scope,,"Audit status out_of_scope: pricing, rarity, campaign or duel-mechanic content outside the bearer scope."
source/bands/trollheim/lustria-pirates/equipment-access.yaml/@/equipment_lists/0/items/20/notes/unclassified,B-construction,bands/trollheim/lustria-pirates/equipment-access.yaml,NO,out_of_scope,out_of_scope,bands/trollheim/lustria-pirates/equipment-access.yaml equipment_lists[0].items[20] (parrot),,index.ts profileEquipmentItems/profileEquipment (declared lists + fixed kit),,,none in B; item mechanics belong to the item/combat lot,item record keeps its declared state; no construction clause outstanding,applied_recipients,lustria-pirates/pirate-equipment-list/parrot,applies_to inserted on the canonical entry as the union of the printed recipients; the shared decision now filters it per profile.
source/bands/trollheim/lustria-pirates/equipment-access.yaml/@/equipment_lists/0/items/21/notes/unclassified,B-construction,bands/trollheim/lustria-pirates/equipment-access.yaml,NO,out_of_scope,out_of_scope,bands/trollheim/lustria-pirates/equipment-access.yaml equipment_lists[0].items[21] (pirate_flag),,index.ts profileEquipmentItems/profileEquipment (declared lists + fixed kit),,,none in B; item mechanics belong to the item/combat lot,item record keeps its declared state; no construction clause outstanding,out_of_scope,,"Audit status out_of_scope: pricing, rarity, campaign or duel-mechanic content outside the bearer scope."
source/bands/trollheim/lustria-pirates/equipment-access.yaml/@/equipment_lists/0/items/3/notes/unclassified,B-construction,bands/trollheim/lustria-pirates/equipment-access.yaml,NO,out_of_scope,out_of_scope,bands/trollheim/lustria-pirates/equipment-access.yaml equipment_lists[0].items[3] (long_boathook),,index.ts profileEquipmentItems/profileEquipment (declared lists + fixed kit),source/bands/trollheim/lustria-pirates/equipment-access.yaml/@/equipment_lists/1/items/3/notes/unclassified,,none in B; item mechanics belong to the item/combat lot,item record keeps its declared state; no construction clause outstanding,out_of_scope,,"Audit status out_of_scope: pricing, rarity, campaign or duel-mechanic content outside the bearer scope."
source/bands/trollheim/lustria-pirates/equipment-access.yaml/@/equipment_lists/0/items/4/notes/unclassified,B-construction,bands/trollheim/lustria-pirates/equipment-access.yaml,NO,out_of_scope,out_of_scope,bands/trollheim/lustria-pirates/equipment-access.yaml equipment_lists[0].items[4] (scourge),,index.ts profileEquipmentItems/profileEquipment (declared lists + fixed kit),,,none in B; item mechanics belong to the item/combat lot,item record keeps its declared state; no construction clause outstanding,applied_recipients,lustria-pirates/pirate-equipment-list/scourge,applies_to inserted on the canonical entry as the union of the printed recipients; the shared decision now filters it per profile.
source/bands/trollheim/lustria-pirates/equipment-access.yaml/@/equipment_lists/0/items/8/notes/unclassified,B-construction,bands/trollheim/lustria-pirates/equipment-access.yaml,NO,out_of_scope,out_of_scope,bands/trollheim/lustria-pirates/equipment-access.yaml equipment_lists[0].items[8] (belaying_pin),,index.ts profileEquipmentItems/profileEquipment (declared lists + fixed kit),source/bands/trollheim/lustria-pirates/equipment-access.yaml/@/equipment_lists/1/items/7/notes/unclassified,,none in B; item mechanics belong to the item/combat lot,item record keeps its declared state; no construction clause outstanding,out_of_scope,,"Audit status out_of_scope: pricing, rarity, campaign or duel-mechanic content outside the bearer scope."
source/bands/trollheim/lustria-pirates/equipment-access.yaml/@/equipment_lists/1/items/3/notes/unclassified,B-construction,bands/trollheim/lustria-pirates/equipment-access.yaml,NO,out_of_scope,out_of_scope,bands/trollheim/lustria-pirates/equipment-access.yaml equipment_lists[1].items[3] (long_boathook),,index.ts profileEquipmentItems/profileEquipment (declared lists + fixed kit),source/bands/trollheim/lustria-pirates/equipment-access.yaml/@/equipment_lists/0/items/3/notes/unclassified,,none in B; item mechanics belong to the item/combat lot,item record keeps its declared state; no construction clause outstanding,out_of_scope,,"Audit status out_of_scope: pricing, rarity, campaign or duel-mechanic content outside the bearer scope."
source/bands/trollheim/lustria-pirates/equipment-access.yaml/@/equipment_lists/1/items/7/notes/unclassified,B-construction,bands/trollheim/lustria-pirates/equipment-access.yaml,NO,out_of_scope,out_of_scope,bands/trollheim/lustria-pirates/equipment-access.yaml equipment_lists[1].items[7] (belaying_pin),,index.ts profileEquipmentItems/profileEquipment (declared lists + fixed kit),source/bands/trollheim/lustria-pirates/equipment-access.yaml/@/equipment_lists/0/items/8/notes/unclassified,,none in B; item mechanics belong to the item/combat lot,item record keeps its declared state; no construction clause outstanding,out_of_scope,,"Audit status out_of_scope: pricing, rarity, campaign or duel-mechanic content outside the bearer scope."
source/bands/trollheim/lustria-pirates/equipment-access.yaml/@/equipment_lists/2/items/11/notes/unclassified,B-construction,bands/trollheim/lustria-pirates/equipment-access.yaml,NO,out_of_scope,out_of_scope,bands/trollheim/lustria-pirates/equipment-access.yaml equipment_lists[2].items[11] (carronade),,index.ts profileEquipmentItems/profileEquipment (declared lists + fixed kit),,,none in B; item mechanics belong to the item/combat lot,item record keeps its declared state; no construction clause outstanding,out_of_scope,,"Audit status out_of_scope: pricing, rarity, campaign or duel-mechanic content outside the bearer scope."
source/bands/trollheim/lustria-savage-goblins/equipment-access.yaml/@/equipment_lists/0/items/10/notes/unclassified,B-construction,bands/trollheim/lustria-savage-goblins/equipment-access.yaml,NO,out_of_scope,out_of_scope,bands/trollheim/lustria-savage-goblins/equipment-access.yaml equipment_lists[0].items[10] (shrunken_head),,index.ts profileEquipmentItems/profileEquipment (declared lists + fixed kit),,,none in B; item mechanics belong to the item/combat lot,item record keeps its declared state; no construction clause outstanding,out_of_scope,,"Audit status out_of_scope: pricing, rarity, campaign or duel-mechanic content outside the bearer scope."
source/bands/trollheim/lustria-savage-goblins/equipment-access.yaml/@/equipment_lists/0/items/14/notes/unclassified,B-construction,bands/trollheim/lustria-savage-goblins/equipment-access.yaml,NO,out_of_scope,out_of_scope,bands/trollheim/lustria-savage-goblins/equipment-access.yaml equipment_lists[0].items[14] (feather_headdress),,index.ts profileEquipmentItems/profileEquipment (declared lists + fixed kit),,,none in B; item mechanics belong to the item/combat lot,item record keeps its declared state; no construction clause outstanding,out_of_scope,,"Audit status out_of_scope: pricing, rarity, campaign or duel-mechanic content outside the bearer scope."
source/bands/trollheim/lustria-savage-goblins/equipment-access.yaml/@/equipment_lists/0/items/2/notes/unclassified,B-construction,bands/trollheim/lustria-savage-goblins/equipment-access.yaml,NO,out_of_scope,out_of_scope,bands/trollheim/lustria-savage-goblins/equipment-access.yaml equipment_lists[0].items[2] (sacrifice_dagger),,index.ts profileEquipmentItems/profileEquipment (declared lists + fixed kit),,,none in B; item mechanics belong to the item/combat lot,item record keeps its declared state; no construction clause outstanding,applied_recipients,lustria-savage-goblins/savage-goblin-hero-equipment-list/sacrifice_dagger,applies_to inserted on the canonical entry as the union of the printed recipients; the shared decision now filters it per profile.
