finding_key,spec_file,specification,target,canonical_file,canonical_id,expected_digest,current_digest,context_group_id,changed_documents,changed_fields,consumer_paths,witness_status,evidence_refs,follow_up_ids,pending_decision,effect_id,source_reference,classification,band_dir,collection,band_id,rule_row_unchanged,non_i18n_change_count,i18n_change_count,changed_fields_i18n_summary,affected_profiles,reproduction_scenarios,witness_class
FP-0001,tests/specs/semantic/grants/editorial-advanced-dwarf-parries.yaml,advanced-dwarf-parries-rangers,rule/mordheim/dwarf-rangers/band--dwarf-special-skills-combat-master/skill.unbeatable-warrior,sources/knowledge/bands/mordheim/dwarf-rangers/special-rules.yaml,band--dwarf-special-skills-combat-master,f4e3d2be488c0022146011ff5b2048e38b83ad9c42a04237e45648764487b478,3ef4fb71db8eae90e78d73bf0a871a69c04f452f3a448d6ec73bf29c0648ae84,CTX-mordheim-dwarf-rangers,"[""equipment-access.yaml"", ""profiles.yaml""]","[{""doc"": ""profiles.yaml"", ""node"": ""profiles:dwarf-troll-slayers"", ""path"": ""profiles[dwarf-troll-slayers].equipment_restrictions[0]"", ""op"": ""remove"", ""old"": ""May select weapons from the Dwarf Warrior Equipment List."", ""new"": null, ""i18n_only"": false}, {""doc"": ""profiles.yaml"", ""node"": ""profiles:dwarf-troll-slayers"", ""path"": ""profiles[dwarf-troll-slayers].equipment_restrictions[1]"", ""op"": ""remove"", ""old"": ""May never carry or use missile weapons or any form of armour."", ""new"": null, ""i18n_only"": false}]","[""mordheim_knowledge/loader.py:load_bands -> package profiles (equipment_restrictions)"", ""mordheim_construction/eligibility.py:package_facts -> projects equipment_restrictions, drops *_i18n"", ""mordheim_construction/eligibility.py:desktop_call -> _eligibility.js bridge.ts:desktopCall"", ""typescript/domain/eligibility/index.ts:310-313 boundEquipment reads structured profile.equipment-restrictions bindings"", ""typescript/domain/eligibility/index.ts:403-405 profileSelections reads the free-text keyword branch"", ""mordheim_construction/restrictions.py:_validate_profile_selections -> compiler.validate order (boundEquipment before profileSelections)"", ""mordheim_construction/selection.py:_profile / _applicable_rules (package facts and automatic rules)""]","{""level"": ""observed"", ""summary"": ""No current decision change reproduced: the removed armour text is compensated by structured profile.equipment-restrictions bindings; the same build compiles to the same outcome against live and eb85e95 KB."", ""classes"": [""structured-binding-compensation""], ""reproductions"": [{""compile_outcome"": null, ""eb85e95"": ""armour is forbidden for dwarf-rangers/dwarf-troll-slayers"", ""evidence"": ""stages"", ""live"": ""armour is forbidden for dwarf-rangers/dwarf-troll-slayers"", ""profile_id"": ""dwarf-troll-slayers"", ""scenario"": ""changed-armour-ban-dwarf-rangers""}, {""compile_outcome"": null, ""eb85e95"": ""rejected"", ""evidence"": ""compile"", ""live"": ""rejected"", ""profile_id"": ""dwarf-troll-slayers"", ""scenario"": ""armour-ban-dwarf-rangers""}, {""compile_outcome"": null, ""eb85e95"": null, ""evidence"": ""matrix"", ""live"": null, ""profile_id"": ""dwarf-troll-slayers"", ""scenario"": ""matrix-dwarf-troll-slayers""}], ""limitation"": ""Current maintained consumer over historical data; the historical engine behaviour is not proven. Presentation consumers still render the field. No pin was changed by this lot.""}","[""build/cache/t13-parallel/context-data-review/context-diff.json#CTX-mordheim-dwarf-rangers"", ""build/cache/t13-parallel/context-data-review/compensation-check.json"", ""build/cache/t13-parallel/context-data-review/repro-matrix.json"", ""build/cache/t13-parallel/context-data-review/repro-compile.json"", ""build/cache/t13-parallel/context-data-review/repro-stages.json"", ""build/cache/t13-parallel/context-data-review/rule-rows-check.json"", ""build/cache/t13-parallel/context-data-review/access-probe.json"", ""build/cache/t13-parallel/context-data-review/entry-state.json""]","[""T13-F001"", ""T13-F017"", ""T13-F035""]",Coordinator decision required: whether the live fingerprint may replace the eb85e95 pin for this pair after reviewing the compensated removal group CTX-mordheim-dwarf-rangers and its consumers. This lot changed no pin.,skill.unbeatable-warrior,https://mordheimer.net/docs/warbands/grade-1b-warbands/dwarf-rangers,snapshot_content_change,sources/knowledge/bands/mordheim/dwarf-rangers,mordheim,dwarf-rangers,True,2,6,"{""equipment-access.yaml"": {""name_i18n"": 2, ""notes_i18n"": 3}, ""profiles.yaml"": {""equipment_restrictions_i18n"": 1}}","[{""profile_id"": ""dwarf-troll-slayers"", ""removed_texts"": [""May select weapons from the Dwarf Warrior Equipment List."", ""May never carry or use missile weapons or any form of armour.""]}]","[{""compile_outcome"": null, ""eb85e95"": ""armour is forbidden for dwarf-rangers/dwarf-troll-slayers"", ""evidence"": ""stages"", ""live"": ""armour is forbidden for dwarf-rangers/dwarf-troll-slayers"", ""profile_id"": ""dwarf-troll-slayers"", ""scenario"": ""changed-armour-ban-dwarf-rangers""}, {""compile_outcome"": null, ""eb85e95"": ""rejected"", ""evidence"": ""compile"", ""live"": ""rejected"", ""profile_id"": ""dwarf-troll-slayers"", ""scenario"": ""armour-ban-dwarf-rangers""}, {""compile_outcome"": null, ""eb85e95"": null, ""evidence"": ""matrix"", ""live"": null, ""profile_id"": ""dwarf-troll-slayers"", ""scenario"": ""matrix-dwarf-troll-slayers""}]",structured-binding-compensation
FP-0002,tests/specs/semantic/grants/editorial-advanced-dwarf-parries.yaml,advanced-dwarf-parries-treasure-mordheim,rule/mordheim/dwarf-treasure-hunters/band--dwarf-special-skills-master-of-blades/skill.unbeatable-warrior,sources/knowledge/bands/mordheim/dwarf-treasure-hunters/special-rules.yaml,band--dwarf-special-skills-master-of-blades,7f05b97f856365825e53c042fadb6241c40df28a027bf5b366bfb735d49848de,516f6071ef61aedfbef3ed1355ad8ce731c3450d009a23a893fb618bce223a5d,CTX-mordheim-dwarf-treasure-hunters,"[""equipment-access.yaml"", ""profiles.yaml""]","[{""doc"": ""profiles.yaml"", ""node"": ""profiles:dwarf-troll-slayers"", ""path"": ""profiles[dwarf-troll-slayers].equipment_restrictions[0]"", ""op"": ""remove"", ""old"": ""May select weapons from the Dwarf Warrior Equipment List."", ""new"": null, ""i18n_only"": false}, {""doc"": ""profiles.yaml"", ""node"": ""profiles:dwarf-troll-slayers"", ""path"": ""profiles[dwarf-troll-slayers].equipment_restrictions[1]"", ""op"": ""remove"", ""old"": ""May never carry or use missile weapons or any form of armour."", ""new"": null, ""i18n_only"": false}]","[""mordheim_knowledge/loader.py:load_bands -> package profiles (equipment_restrictions)"", ""mordheim_construction/eligibility.py:package_facts -> projects equipment_restrictions, drops *_i18n"", ""mordheim_construction/eligibility.py:desktop_call -> _eligibility.js bridge.ts:desktopCall"", ""typescript/domain/eligibility/index.ts:310-313 boundEquipment reads structured profile.equipment-restrictions bindings"", ""typescript/domain/eligibility/index.ts:403-405 profileSelections reads the free-text keyword branch"", ""mordheim_construction/restrictions.py:_validate_profile_selections -> compiler.validate order (boundEquipment before profileSelections)"", ""mordheim_construction/selection.py:_profile / _applicable_rules (package facts and automatic rules)""]","{""level"": ""observed"", ""summary"": ""No current decision change reproduced: the removed armour text is compensated by structured profile.equipment-restrictions bindings; the same build compiles to the same outcome against live and eb85e95 KB."", ""classes"": [""structured-binding-compensation""], ""reproductions"": [{""compile_outcome"": null, ""eb85e95"": ""rejected"", ""evidence"": ""compile"", ""live"": ""rejected"", ""profile_id"": ""dwarf-troll-slayers"", ""scenario"": ""armour-ban-dwarf-treasure""}, {""compile_outcome"": null, ""eb85e95"": null, ""evidence"": ""matrix"", ""live"": null, ""profile_id"": ""dwarf-troll-slayers"", ""scenario"": ""matrix-dwarf-troll-slayers""}], ""limitation"": ""Current maintained consumer over historical data; the historical engine behaviour is not proven. Presentation consumers still render the field. No pin was changed by this lot.""}","[""build/cache/t13-parallel/context-data-review/context-diff.json#CTX-mordheim-dwarf-treasure-hunters"", ""build/cache/t13-parallel/context-data-review/compensation-check.json"", ""build/cache/t13-parallel/context-data-review/repro-matrix.json"", ""build/cache/t13-parallel/context-data-review/repro-compile.json"", ""build/cache/t13-parallel/context-data-review/repro-stages.json"", ""build/cache/t13-parallel/context-data-review/rule-rows-check.json"", ""build/cache/t13-parallel/context-data-review/access-probe.json"", ""build/cache/t13-parallel/context-data-review/entry-state.json""]","[""T13-F001"", ""T13-F017"", ""T13-F035""]",Coordinator decision required: whether the live fingerprint may replace the eb85e95 pin for this pair after reviewing the compensated removal group CTX-mordheim-dwarf-treasure-hunters and its consumers. This lot changed no pin.,skill.unbeatable-warrior,https://mordheimer.net/docs/warbands/grade-1a-warbands/dwarf-treasure-hunters,snapshot_content_change,sources/knowledge/bands/mordheim/dwarf-treasure-hunters,mordheim,dwarf-treasure-hunters,True,2,8,"{""equipment-access.yaml"": {""name_i18n"": 2, ""notes_i18n"": 6}}","[{""profile_id"": ""dwarf-troll-slayers"", ""removed_texts"": [""May select weapons from the Dwarf Warrior Equipment List."", ""May never carry or use missile weapons or any form of armour.""]}]","[{""compile_outcome"": null, ""eb85e95"": ""rejected"", ""evidence"": ""compile"", ""live"": ""rejected"", ""profile_id"": ""dwarf-troll-slayers"", ""scenario"": ""armour-ban-dwarf-treasure""}, {""compile_outcome"": null, ""eb85e95"": null, ""evidence"": ""matrix"", ""live"": null, ""profile_id"": ""dwarf-troll-slayers"", ""scenario"": ""matrix-dwarf-troll-slayers""}]",structured-binding-compensation
FP-0003,tests/specs/semantic/grants/editorial-advanced-dwarf-parries.yaml,advanced-dwarf-parries-treasure-mordheim,rule/mordheim/dwarf-treasure-hunters/band--dwarf-special-skills-master-of-blades/skill.sword-master,sources/knowledge/bands/mordheim/dwarf-treasure-hunters/special-rules.yaml,band--dwarf-special-skills-master-of-blades,7f05b97f856365825e53c042fadb6241c40df28a027bf5b366bfb735d49848de,516f6071ef61aedfbef3ed1355ad8ce731c3450d009a23a893fb618bce223a5d,CTX-mordheim-dwarf-treasure-hunters,"[""equipment-access.yaml"", ""profiles.yaml""]","[{""doc"": ""profiles.yaml"", ""node"": ""profiles:dwarf-troll-slayers"", ""path"": ""profiles[dwarf-troll-slayers].equipment_restrictions[0]"", ""op"": ""remove"", ""old"": ""May select weapons from the Dwarf Warrior Equipment List."", ""new"": null, ""i18n_only"": false}, {""doc"": ""profiles.yaml"", ""node"": ""profiles:dwarf-troll-slayers"", ""path"": ""profiles[dwarf-troll-slayers].equipment_restrictions[1]"", ""op"": ""remove"", ""old"": ""May never carry or use missile weapons or any form of armour."", ""new"": null, ""i18n_only"": false}]","[""mordheim_knowledge/loader.py:load_bands -> package profiles (equipment_restrictions)"", ""mordheim_construction/eligibility.py:package_facts -> projects equipment_restrictions, drops *_i18n"", ""mordheim_construction/eligibility.py:desktop_call -> _eligibility.js bridge.ts:desktopCall"", ""typescript/domain/eligibility/index.ts:310-313 boundEquipment reads structured profile.equipment-restrictions bindings"", ""typescript/domain/eligibility/index.ts:403-405 profileSelections reads the free-text keyword branch"", ""mordheim_construction/restrictions.py:_validate_profile_selections -> compiler.validate order (boundEquipment before profileSelections)"", ""mordheim_construction/selection.py:_profile / _applicable_rules (package facts and automatic rules)""]","{""level"": ""observed"", ""summary"": ""No current decision change reproduced: the removed armour text is compensated by structured profile.equipment-restrictions bindings; the same build compiles to the same outcome against live and eb85e95 KB."", ""classes"": [""structured-binding-compensation""], ""reproductions"": [{""compile_outcome"": null, ""eb85e95"": ""rejected"", ""evidence"": ""compile"", ""live"": ""rejected"", ""profile_id"": ""dwarf-troll-slayers"", ""scenario"": ""armour-ban-dwarf-treasure""}, {""compile_outcome"": null, ""eb85e95"": null, ""evidence"": ""matrix"", ""live"": null, ""profile_id"": ""dwarf-troll-slayers"", ""scenario"": ""matrix-dwarf-troll-slayers""}], ""limitation"": ""Current maintained consumer over historical data; the historical engine behaviour is not proven. Presentation consumers still render the field. No pin was changed by this lot.""}","[""build/cache/t13-parallel/context-data-review/context-diff.json#CTX-mordheim-dwarf-treasure-hunters"", ""build/cache/t13-parallel/context-data-review/compensation-check.json"", ""build/cache/t13-parallel/context-data-review/repro-matrix.json"", ""build/cache/t13-parallel/context-data-review/repro-compile.json"", ""build/cache/t13-parallel/context-data-review/repro-stages.json"", ""build/cache/t13-parallel/context-data-review/rule-rows-check.json"", ""build/cache/t13-parallel/context-data-review/access-probe.json"", ""build/cache/t13-parallel/context-data-review/entry-state.json""]","[""T13-F001"", ""T13-F017"", ""T13-F035""]",Coordinator decision required: whether the live fingerprint may replace the eb85e95 pin for this pair after reviewing the compensated removal group CTX-mordheim-dwarf-treasure-hunters and its consumers. This lot changed no pin.,skill.sword-master,https://mordheimer.net/docs/warbands/grade-1a-warbands/dwarf-treasure-hunters,snapshot_content_change,sources/knowledge/bands/mordheim/dwarf-treasure-hunters,mordheim,dwarf-treasure-hunters,True,2,8,"{""equipment-access.yaml"": {""name_i18n"": 2, ""notes_i18n"": 6}}","[{""profile_id"": ""dwarf-troll-slayers"", ""removed_texts"": [""May select weapons from the Dwarf Warrior Equipment List."", ""May never carry or use missile weapons or any form of armour.""]}]","[{""compile_outcome"": null, ""eb85e95"": ""rejected"", ""evidence"": ""compile"", ""live"": ""rejected"", ""profile_id"": ""dwarf-troll-slayers"", ""scenario"": ""armour-ban-dwarf-treasure""}, {""compile_outcome"": null, ""eb85e95"": null, ""evidence"": ""matrix"", ""live"": null, ""profile_id"": ""dwarf-troll-slayers"", ""scenario"": ""matrix-dwarf-troll-slayers""}]",structured-binding-compensation
FP-0004,tests/specs/semantic/grants/editorial-advanced-dwarf-parries.yaml,advanced-dwarf-parries-treasure-streets,rule/trollheim/chaos-streets-dwarf-treasure-hunters/band--dwarf-special-skills-master-of-blades/skill.unbeatable-warrior,sources/knowledge/bands/trollheim/chaos-streets-dwarf-treasure-hunters/special-rules.yaml,band--dwarf-special-skills-master-of-blades,8fca095e7c648665ca6bdddf4f93dd37f1f30c3f28dd8ea840ae53ca58d1e819,d5daaf44473feb482eb786895a1bcf3e935b210ed8e4bcaf6bad9d5f214e783c,CTX-trollheim-chaos-streets-dwarf-treasure-hunters,"[""equipment-access.yaml"", ""profiles.yaml""]","[{""doc"": ""profiles.yaml"", ""node"": ""profiles:dwarf-troll-slayers"", ""path"": ""profiles[dwarf-troll-slayers].equipment_restrictions[0]"", ""op"": ""remove"", ""old"": ""May select weapons from the Dwarf Warrior Equipment List."", ""new"": null, ""i18n_only"": false}, {""doc"": ""profiles.yaml"", ""node"": ""profiles:dwarf-troll-slayers"", ""path"": ""profiles[dwarf-troll-slayers].equipment_restrictions[1]"", ""op"": ""remove"", ""old"": ""May never use missile weapons or any form of armour."", ""new"": null, ""i18n_only"": false}]","[""mordheim_knowledge/loader.py:load_bands -> package profiles (equipment_restrictions)"", ""mordheim_construction/eligibility.py:package_facts -> projects equipment_restrictions, drops *_i18n"", ""mordheim_construction/eligibility.py:desktop_call -> _eligibility.js bridge.ts:desktopCall"", ""typescript/domain/eligibility/index.ts:310-313 boundEquipment reads structured profile.equipment-restrictions bindings"", ""typescript/domain/eligibility/index.ts:403-405 profileSelections reads the free-text keyword branch"", ""mordheim_construction/restrictions.py:_validate_profile_selections -> compiler.validate order (boundEquipment before profileSelections)"", ""mordheim_construction/selection.py:_profile / _applicable_rules (package facts and automatic rules)""]","{""level"": ""observed"", ""summary"": ""No current decision change reproduced: the removed armour text is compensated by structured profile.equipment-restrictions bindings; the same build compiles to the same outcome against live and eb85e95 KB."", ""classes"": [""structured-binding-compensation""], ""reproductions"": [{""compile_outcome"": null, ""eb85e95"": null, ""evidence"": ""matrix"", ""live"": null, ""profile_id"": ""dwarf-troll-slayers"", ""scenario"": ""matrix-dwarf-troll-slayers""}], ""limitation"": ""Current maintained consumer over historical data; the historical engine behaviour is not proven. Presentation consumers still render the field. No pin was changed by this lot.""}","[""build/cache/t13-parallel/context-data-review/context-diff.json#CTX-trollheim-chaos-streets-dwarf-treasure-hunters"", ""build/cache/t13-parallel/context-data-review/compensation-check.json"", ""build/cache/t13-parallel/context-data-review/repro-matrix.json"", ""build/cache/t13-parallel/context-data-review/repro-compile.json"", ""build/cache/t13-parallel/context-data-review/repro-stages.json"", ""build/cache/t13-parallel/context-data-review/rule-rows-check.json"", ""build/cache/t13-parallel/context-data-review/access-probe.json"", ""build/cache/t13-parallel/context-data-review/entry-state.json""]","[""T13-F001"", ""T13-F017"", ""T13-F035""]",Coordinator decision required: whether the live fingerprint may replace the eb85e95 pin for this pair after reviewing the compensated removal group CTX-trollheim-chaos-streets-dwarf-treasure-hunters and its consumers. This lot changed no pin.,skill.unbeatable-warrior,,snapshot_content_change,sources/knowledge/bands/trollheim/chaos-streets-dwarf-treasure-hunters,trollheim,chaos-streets-dwarf-treasure-hunters,True,2,8,"{""equipment-access.yaml"": {""name_i18n"": 2, ""notes_i18n"": 6}}","[{""profile_id"": ""dwarf-troll-slayers"", ""removed_texts"": [""May select weapons from the Dwarf Warrior Equipment List."", ""May never use missile weapons or any form of armour.""]}]","[{""compile_outcome"": null, ""eb85e95"": null, ""evidence"": ""matrix"", ""live"": null, ""profile_id"": ""dwarf-troll-slayers"", ""scenario"": ""matrix-dwarf-troll-slayers""}]",structured-binding-compensation
FP-0005,tests/specs/semantic/grants/editorial-advanced-dwarf-parries.yaml,advanced-dwarf-parries-treasure-streets,rule/trollheim/chaos-streets-dwarf-treasure-hunters/band--dwarf-special-skills-master-of-blades/skill.sword-master,sources/knowledge/bands/trollheim/chaos-streets-dwarf-treasure-hunters/special-rules.yaml,band--dwarf-special-skills-master-of-blades,8fca095e7c648665ca6bdddf4f93dd37f1f30c3f28dd8ea840ae53ca58d1e819,d5daaf44473feb482eb786895a1bcf3e935b210ed8e4bcaf6bad9d5f214e783c,CTX-trollheim-chaos-streets-dwarf-treasure-hunters,"[""equipment-access.yaml"", ""profiles.yaml""]","[{""doc"": ""profiles.yaml"", ""node"": ""profiles:dwarf-troll-slayers"", ""path"": ""profiles[dwarf-troll-slayers].equipment_restrictions[0]"", ""op"": ""remove"", ""old"": ""May select weapons from the Dwarf Warrior Equipment List."", ""new"": null, ""i18n_only"": false}, {""doc"": ""profiles.yaml"", ""node"": ""profiles:dwarf-troll-slayers"", ""path"": ""profiles[dwarf-troll-slayers].equipment_restrictions[1]"", ""op"": ""remove"", ""old"": ""May never use missile weapons or any form of armour."", ""new"": null, ""i18n_only"": false}]","[""mordheim_knowledge/loader.py:load_bands -> package profiles (equipment_restrictions)"", ""mordheim_construction/eligibility.py:package_facts -> projects equipment_restrictions, drops *_i18n"", ""mordheim_construction/eligibility.py:desktop_call -> _eligibility.js bridge.ts:desktopCall"", ""typescript/domain/eligibility/index.ts:310-313 boundEquipment reads structured profile.equipment-restrictions bindings"", ""typescript/domain/eligibility/index.ts:403-405 profileSelections reads the free-text keyword branch"", ""mordheim_construction/restrictions.py:_validate_profile_selections -> compiler.validate order (boundEquipment before profileSelections)"", ""mordheim_construction/selection.py:_profile / _applicable_rules (package facts and automatic rules)""]","{""level"": ""observed"", ""summary"": ""No current decision change reproduced: the removed armour text is compensated by structured profile.equipment-restrictions bindings; the same build compiles to the same outcome against live and eb85e95 KB."", ""classes"": [""structured-binding-compensation""], ""reproductions"": [{""compile_outcome"": null, ""eb85e95"": null, ""evidence"": ""matrix"", ""live"": null, ""profile_id"": ""dwarf-troll-slayers"", ""scenario"": ""matrix-dwarf-troll-slayers""}], ""limitation"": ""Current maintained consumer over historical data; the historical engine behaviour is not proven. Presentation consumers still render the field. No pin was changed by this lot.""}","[""build/cache/t13-parallel/context-data-review/context-diff.json#CTX-trollheim-chaos-streets-dwarf-treasure-hunters"", ""build/cache/t13-parallel/context-data-review/compensation-check.json"", ""build/cache/t13-parallel/context-data-review/repro-matrix.json"", ""build/cache/t13-parallel/context-data-review/repro-compile.json"", ""build/cache/t13-parallel/context-data-review/repro-stages.json"", ""build/cache/t13-parallel/context-data-review/rule-rows-check.json"", ""build/cache/t13-parallel/context-data-review/access-probe.json"", ""build/cache/t13-parallel/context-data-review/entry-state.json""]","[""T13-F001"", ""T13-F017"", ""T13-F035""]",Coordinator decision required: whether the live fingerprint may replace the eb85e95 pin for this pair after reviewing the compensated removal group CTX-trollheim-chaos-streets-dwarf-treasure-hunters and its consumers. This lot changed no pin.,skill.sword-master,,snapshot_content_change,sources/knowledge/bands/trollheim/chaos-streets-dwarf-treasure-hunters,trollheim,chaos-streets-dwarf-treasure-hunters,True,2,8,"{""equipment-access.yaml"": {""name_i18n"": 2, ""notes_i18n"": 6}}","[{""profile_id"": ""dwarf-troll-slayers"", ""removed_texts"": [""May select weapons from the Dwarf Warrior Equipment List."", ""May never use missile weapons or any form of armour.""]}]","[{""compile_outcome"": null, ""eb85e95"": null, ""evidence"": ""matrix"", ""live"": null, ""profile_id"": ""dwarf-troll-slayers"", ""scenario"": ""matrix-dwarf-troll-slayers""}]",structured-binding-compensation
FP-0006,tests/specs/semantic/grants/editorial-advanced-loadouts.yaml,advanced-loadout-construction-contracts,rule/mordheim/black-orcs/band--black-orc-special-skills-proven-warrior/compiler.proven-warrior,sources/knowledge/bands/mordheim/black-orcs/special-rules.yaml,band--black-orc-special-skills-proven-warrior,610762bd58e93b8dbf9f2e541884ba1a7dfd74a81abeb87487ec3a9a62baae94,c4b040876c295b8cba2a3fda72006c17f3057de2d941cf1d22bf1324c043dfa3,CTX-mordheim-black-orcs,"[""equipment-access.yaml"", ""profiles.yaml""]","[{""doc"": ""profiles.yaml"", ""node"": ""profiles:orc-nuttaz"", ""path"": ""profiles[orc-nuttaz].equipment_restrictions[0]"", ""op"": ""remove"", ""old"": ""May use the Henchmen List, but Savage prevents them from using any armour or ranged weapons."", ""new"": null, ""i18n_only"": false}]","[""mordheim_knowledge/loader.py:load_bands -> package profiles (equipment_restrictions)"", ""mordheim_construction/eligibility.py:package_facts -> projects equipment_restrictions, drops *_i18n"", ""mordheim_construction/eligibility.py:desktop_call -> _eligibility.js bridge.ts:desktopCall"", ""typescript/domain/eligibility/index.ts:310-313 boundEquipment reads structured profile.equipment-restrictions bindings"", ""typescript/domain/eligibility/index.ts:403-405 profileSelections reads the free-text keyword branch"", ""mordheim_construction/restrictions.py:_validate_profile_selections -> compiler.validate order (boundEquipment before profileSelections)"", ""mordheim_construction/selection.py:_profile / _applicable_rules (package facts and automatic rules)""]","{""level"": ""observed"", ""summary"": ""No current decision change reproduced: the removed armour text is compensated by structured profile.equipment-restrictions bindings; the same build compiles to the same outcome against live and eb85e95 KB."", ""classes"": [""structured-binding-compensation""], ""reproductions"": [{""compile_outcome"": null, ""eb85e95"": null, ""evidence"": ""matrix"", ""live"": null, ""profile_id"": ""orc-nuttaz"", ""scenario"": ""matrix-orc-nuttaz""}], ""limitation"": ""Current maintained consumer over historical data; the historical engine behaviour is not proven. Presentation consumers still render the field. No pin was changed by this lot.""}","[""build/cache/t13-parallel/context-data-review/context-diff.json#CTX-mordheim-black-orcs"", ""build/cache/t13-parallel/context-data-review/compensation-check.json"", ""build/cache/t13-parallel/context-data-review/repro-matrix.json"", ""build/cache/t13-parallel/context-data-review/repro-compile.json"", ""build/cache/t13-parallel/context-data-review/repro-stages.json"", ""build/cache/t13-parallel/context-data-review/rule-rows-check.json"", ""build/cache/t13-parallel/context-data-review/access-probe.json"", ""build/cache/t13-parallel/context-data-review/entry-state.json""]","[""T13-F001""]",Coordinator decision required: whether the live fingerprint may replace the eb85e95 pin for this pair after reviewing the compensated removal group CTX-mordheim-black-orcs and its consumers. This lot changed no pin.,compiler.proven-warrior,https://mordheimer.net/docs/warbands/grade-1b-warbands/black-orcs,snapshot_content_change,sources/knowledge/bands/mordheim/black-orcs,mordheim,black-orcs,True,1,10,"{""equipment-access.yaml"": {""name_i18n"": 2, ""notes_i18n"": 4}, ""profiles.yaml"": {""equipment_restrictions_i18n"": 4}}","[{""profile_id"": ""orc-nuttaz"", ""removed_texts"": [""May use the Henchmen List, but Savage prevents them from using any armour or ranged weapons.""]}]","[{""compile_outcome"": null, ""eb85e95"": null, ""evidence"": ""matrix"", ""live"": null, ""profile_id"": ""orc-nuttaz"", ""scenario"": ""matrix-orc-nuttaz""}]",structured-binding-compensation
FP-0008,tests/specs/semantic/grants/editorial-advanced-loadouts.yaml,advanced-loadout-construction-contracts,rule/mordheim/pit-fighters/band--pit-fighter-skill-arms-master/compiler.ignore-difficult-to-use-restrictions,sources/knowledge/bands/mordheim/pit-fighters/special-rules.yaml,band--pit-fighter-skill-arms-master,45b7ec3b1cf63fe06dd47244487c2701889ed9cc211522b1f9a6172fbdb3b7e5,fe83fa7d3c308515dcf9615babb85f1956f164021cab35f5dcbafc0e2a2995bc,CTX-mordheim-pit-fighters,"[""equipment-access.yaml"", ""profiles.yaml""]","[{""doc"": ""profiles.yaml"", ""node"": ""profiles:dwarf-troll-slayer"", ""path"": ""profiles[dwarf-troll-slayer].equipment_restrictions[0]"", ""op"": ""remove"", ""old"": ""May select weapons from the Ogre & Slayer Equipment List, but may never use missile weapons or any form of armour."", ""new"": null, ""i18n_only"": false}, {""doc"": ""profiles.yaml"", ""node"": ""profiles:dwarf-troll-slayer"", ""path"": ""profiles[dwarf-troll-slayer].equipment_restrictions[1]"", ""op"": ""remove"", ""old"": ""Dwarf Axe and Gromril Weapon options are available only to the Dwarf Troll Slayer."", ""new"": null, ""i18n_only"": false}]","[""mordheim_knowledge/loader.py:load_bands -> package profiles (equipment_restrictions)"", ""mordheim_construction/eligibility.py:package_facts -> projects equipment_restrictions, drops *_i18n"", ""mordheim_construction/eligibility.py:desktop_call -> _eligibility.js bridge.ts:desktopCall"", ""typescript/domain/eligibility/index.ts:310-313 boundEquipment reads structured profile.equipment-restrictions bindings"", ""typescript/domain/eligibility/index.ts:403-405 profileSelections reads the free-text keyword branch"", ""mordheim_construction/restrictions.py:_validate_profile_selections -> compiler.validate order (boundEquipment before profileSelections)"", ""mordheim_construction/selection.py:_profile / _applicable_rules (package facts and automatic rules)""]","{""level"": ""observed"", ""summary"": ""No current decision change reproduced: the removed armour text is compensated by structured profile.equipment-restrictions bindings; the same build compiles to the same outcome against live and eb85e95 KB."", ""classes"": [""structured-binding-compensation""], ""reproductions"": [{""compile_outcome"": null, ""eb85e95"": ""armour is forbidden for pit-fighters/dwarf-troll-slayer"", ""evidence"": ""stages"", ""live"": ""armour is forbidden for pit-fighters/dwarf-troll-slayer"", ""profile_id"": ""dwarf-troll-slayer"", ""scenario"": ""changed-armour-ban-pit-fighters""}, {""compile_outcome"": null, ""eb85e95"": ""rejected"", ""evidence"": ""compile"", ""live"": ""rejected"", ""profile_id"": ""dwarf-troll-slayer"", ""scenario"": ""armour-ban-pit-fighters""}, {""compile_outcome"": null, ""eb85e95"": null, ""evidence"": ""matrix"", ""live"": null, ""profile_id"": ""dwarf-troll-slayer"", ""scenario"": ""matrix-dwarf-troll-slayer""}], ""limitation"": ""Current maintained consumer over historical data; the historical engine behaviour is not proven. Presentation consumers still render the field. No pin was changed by this lot.""}","[""build/cache/t13-parallel/context-data-review/context-diff.json#CTX-mordheim-pit-fighters"", ""build/cache/t13-parallel/context-data-review/compensation-check.json"", ""build/cache/t13-parallel/context-data-review/repro-matrix.json"", ""build/cache/t13-parallel/context-data-review/repro-compile.json"", ""build/cache/t13-parallel/context-data-review/repro-stages.json"", ""build/cache/t13-parallel/context-data-review/rule-rows-check.json"", ""build/cache/t13-parallel/context-data-review/access-probe.json"", ""build/cache/t13-parallel/context-data-review/entry-state.json""]","[""T13-F001""]",Coordinator decision required: whether the live fingerprint may replace the eb85e95 pin for this pair after reviewing the compensated removal group CTX-mordheim-pit-fighters and its consumers. This lot changed no pin.,compiler.ignore-difficult-to-use-restrictions,https://mordheimer.net/docs/warbands/grade-1b-warbands/pit-fighters,snapshot_content_change,sources/knowledge/bands/mordheim/pit-fighters,mordheim,pit-fighters,True,2,15,"{""equipment-access.yaml"": {""name_i18n"": 9, ""notes_i18n"": 5}, ""profiles.yaml"": {""equipment_restrictions_i18n"": 1}}","[{""profile_id"": ""dwarf-troll-slayer"", ""removed_texts"": [""May select weapons from the Ogre & Slayer Equipment List, but may never use missile weapons or any form of armour."", ""Dwarf Axe and Gromril Weapon options are available only to the Dwarf Troll Slayer.""]}]","[{""compile_outcome"": null, ""eb85e95"": ""armour is forbidden for pit-fighters/dwarf-troll-slayer"", ""evidence"": ""stages"", ""live"": ""armour is forbidden for pit-fighters/dwarf-troll-slayer"", ""profile_id"": ""dwarf-troll-slayer"", ""scenario"": ""changed-armour-ban-pit-fighters""}, {""compile_outcome"": null, ""eb85e95"": ""rejected"", ""evidence"": ""compile"", ""live"": ""rejected"", ""profile_id"": ""dwarf-troll-slayer"", ""scenario"": ""armour-ban-pit-fighters""}, {""compile_outcome"": null, ""eb85e95"": null, ""evidence"": ""matrix"", ""live"": null, ""profile_id"": ""dwarf-troll-slayer"", ""scenario"": ""matrix-dwarf-troll-slayer""}]",structured-binding-compensation
FP-0009,tests/specs/semantic/grants/editorial-advanced-loadouts.yaml,advanced-loadout-construction-contracts,rule/trollheim/chaos-streets-pit-fighters/band--pit-fighter-skill-arms-master/compiler.ignore-difficult-to-use-restrictions,sources/knowledge/bands/trollheim/chaos-streets-pit-fighters/special-rules.yaml,band--pit-fighter-skill-arms-master,68d21f2635e1b17beb5069a379b91c411eaec7df9687cdc853f1481c21886f79,57f408e3f5fdc5ea3504d41fd00c061eb53c74e6af88ec26e413ef27e53bd3f3,CTX-trollheim-chaos-streets-pit-fighters,"[""equipment-access.yaml"", ""profiles.yaml""]","[{""doc"": ""profiles.yaml"", ""node"": ""profiles:dwarf-troll-slayer"", ""path"": ""profiles[dwarf-troll-slayer].equipment_restrictions[0]"", ""op"": ""remove"", ""old"": ""May select weapons from the Dwarf Troll Slayer Equipment List."", ""new"": null, ""i18n_only"": false}, {""doc"": ""profiles.yaml"", ""node"": ""profiles:dwarf-troll-slayer"", ""path"": ""profiles[dwarf-troll-slayer].equipment_restrictions[1]"", ""op"": ""remove"", ""old"": ""May never use missile weapons or any form of armour."", ""new"": null, ""i18n_only"": false}]","[""mordheim_knowledge/loader.py:load_bands -> package profiles (equipment_restrictions)"", ""mordheim_construction/eligibility.py:package_facts -> projects equipment_restrictions, drops *_i18n"", ""mordheim_construction/eligibility.py:desktop_call -> _eligibility.js bridge.ts:desktopCall"", ""typescript/domain/eligibility/index.ts:310-313 boundEquipment reads structured profile.equipment-restrictions bindings"", ""typescript/domain/eligibility/index.ts:403-405 profileSelections reads the free-text keyword branch"", ""mordheim_construction/restrictions.py:_validate_profile_selections -> compiler.validate order (boundEquipment before profileSelections)"", ""mordheim_construction/selection.py:_profile / _applicable_rules (package facts and automatic rules)""]","{""level"": ""observed"", ""summary"": ""No current decision change reproduced: the removed armour text is compensated by structured profile.equipment-restrictions bindings; the same build compiles to the same outcome against live and eb85e95 KB."", ""classes"": [""structured-binding-compensation""], ""reproductions"": [{""compile_outcome"": null, ""eb85e95"": null, ""evidence"": ""matrix"", ""live"": null, ""profile_id"": ""dwarf-troll-slayer"", ""scenario"": ""matrix-dwarf-troll-slayer""}], ""limitation"": ""Current maintained consumer over historical data; the historical engine behaviour is not proven. Presentation consumers still render the field. No pin was changed by this lot.""}","[""build/cache/t13-parallel/context-data-review/context-diff.json#CTX-trollheim-chaos-streets-pit-fighters"", ""build/cache/t13-parallel/context-data-review/compensation-check.json"", ""build/cache/t13-parallel/context-data-review/repro-matrix.json"", ""build/cache/t13-parallel/context-data-review/repro-compile.json"", ""build/cache/t13-parallel/context-data-review/repro-stages.json"", ""build/cache/t13-parallel/context-data-review/rule-rows-check.json"", ""build/cache/t13-parallel/context-data-review/access-probe.json"", ""build/cache/t13-parallel/context-data-review/entry-state.json""]","[""T13-F001""]",Coordinator decision required: whether the live fingerprint may replace the eb85e95 pin for this pair after reviewing the compensated removal group CTX-trollheim-chaos-streets-pit-fighters and its consumers. This lot changed no pin.,compiler.ignore-difficult-to-use-restrictions,,snapshot_content_change,sources/knowledge/bands/trollheim/chaos-streets-pit-fighters,trollheim,chaos-streets-pit-fighters,True,2,13,"{""equipment-access.yaml"": {""name_i18n"": 10, ""notes_i18n"": 3}}","[{""profile_id"": ""dwarf-troll-slayer"", ""removed_texts"": [""May select weapons from the Dwarf Troll Slayer Equipment List."", ""May never use missile weapons or any form of armour.""]}]","[{""compile_outcome"": null, ""eb85e95"": null, ""evidence"": ""matrix"", ""live"": null, ""profile_id"": ""dwarf-troll-slayer"", ""scenario"": ""matrix-dwarf-troll-slayer""}]",structured-binding-compensation
FP-0018,tests/specs/semantic/grants/editorial-band-no-pain.yaml,editorial-band-no-pain-tomb-guardians,rule/mordheim/tomb-guardians/band--no-pain/skill.ignore-pain,sources/knowledge/bands/mordheim/tomb-guardians/special-rules.yaml,band--no-pain,fce56810bbb6b13fccad678610fadb694d91ea1b36e19e0642f0153417cf3606,6b4837c58f3ade615dd1784fba4ef34dde05915260698f6500234ff45f6c2045,CTX-mordheim-tomb-guardians,"[""equipment-access.yaml"", ""profiles.yaml""]","[{""doc"": ""profiles.yaml"", ""node"": ""profiles:liche-priest"", ""path"": ""profiles[liche-priest].equipment_restrictions[0]"", ""op"": ""remove"", ""old"": ""May select weapons from the Liche Priest Equipment List, but may never wear armour because it interferes with spell casting."", ""new"": null, ""i18n_only"": false}]","[""mordheim_knowledge/loader.py:load_bands -> package profiles (equipment_restrictions)"", ""mordheim_construction/eligibility.py:package_facts -> projects equipment_restrictions, drops *_i18n"", ""mordheim_construction/eligibility.py:desktop_call -> _eligibility.js bridge.ts:desktopCall"", ""typescript/domain/eligibility/index.ts:310-313 boundEquipment reads structured profile.equipment-restrictions bindings"", ""typescript/domain/eligibility/index.ts:403-405 profileSelections reads the free-text keyword branch"", ""mordheim_construction/restrictions.py:_validate_profile_selections -> compiler.validate order (boundEquipment before profileSelections)"", ""mordheim_construction/selection.py:_profile / _applicable_rules (package facts and automatic rules)""]","{""level"": ""observed"", ""summary"": ""No current decision change reproduced: the removed armour text is compensated by structured profile.equipment-restrictions bindings; the same build compiles to the same outcome against live and eb85e95 KB."", ""classes"": [""structured-binding-compensation""], ""reproductions"": [{""compile_outcome"": null, ""eb85e95"": null, ""evidence"": ""matrix"", ""live"": null, ""profile_id"": ""liche-priest"", ""scenario"": ""matrix-liche-priest""}], ""limitation"": ""Current maintained consumer over historical data; the historical engine behaviour is not proven. Presentation consumers still render the field. No pin was changed by this lot.""}","[""build/cache/t13-parallel/context-data-review/context-diff.json#CTX-mordheim-tomb-guardians"", ""build/cache/t13-parallel/context-data-review/compensation-check.json"", ""build/cache/t13-parallel/context-data-review/repro-matrix.json"", ""build/cache/t13-parallel/context-data-review/repro-compile.json"", ""build/cache/t13-parallel/context-data-review/repro-stages.json"", ""build/cache/t13-parallel/context-data-review/rule-rows-check.json"", ""build/cache/t13-parallel/context-data-review/access-probe.json"", ""build/cache/t13-parallel/context-data-review/entry-state.json""]","[""T13-F001""]",Coordinator decision required: whether the live fingerprint may replace the eb85e95 pin for this pair after reviewing the compensated removal group CTX-mordheim-tomb-guardians and its consumers. This lot changed no pin.,skill.ignore-pain,https://mordheimer.net/docs/warbands/grade-1b-warbands/tomb-guardians,snapshot_content_change,sources/knowledge/bands/mordheim/tomb-guardians,mordheim,tomb-guardians,True,1,8,"{""equipment-access.yaml"": {""name_i18n"": 2, ""notes_i18n"": 5}, ""profiles.yaml"": {""equipment_restrictions_i18n"": 1}}","[{""profile_id"": ""liche-priest"", ""removed_texts"": [""May select weapons from the Liche Priest Equipment List, but may never wear armour because it interferes with spell casting.""]}]","[{""compile_outcome"": null, ""eb85e95"": null, ""evidence"": ""matrix"", ""live"": null, ""profile_id"": ""liche-priest"", ""scenario"": ""matrix-liche-priest""}]",structured-binding-compensation
FP-0019,tests/specs/semantic/grants/editorial-band-no-pain.yaml,editorial-band-no-pain-khemri-tomb-guardians,rule/trollheim/khemri-tomb-guardians/band--no-pain/skill.ignore-pain,sources/knowledge/bands/trollheim/khemri-tomb-guardians/special-rules.yaml,band--no-pain,95b9f0a0db97aa8e2d315d15d04ec6c3d674fb918dc1bfafb324ffdddd0b1007,3e1ded0b817ecd52aaea9e5114ac45b632d5f70bf3319e329ba139d9945ac4ef,CTX-trollheim-khemri-tomb-guardians,"[""equipment-access.yaml"", ""profiles.yaml""]","[{""doc"": ""profiles.yaml"", ""node"": ""profiles:mortuary-priest"", ""path"": ""profiles[mortuary-priest].equipment_restrictions[0]"", ""op"": ""remove"", ""old"": ""May select weapons from the Mortuary Priest Equipment List, but may never wear armour because it interferes with the Priest's powers."", ""new"": null, ""i18n_only"": false}]","[""mordheim_knowledge/loader.py:load_bands -> package profiles (equipment_restrictions)"", ""mordheim_construction/eligibility.py:package_facts -> projects equipment_restrictions, drops *_i18n"", ""mordheim_construction/eligibility.py:desktop_call -> _eligibility.js bridge.ts:desktopCall"", ""typescript/domain/eligibility/index.ts:310-313 boundEquipment reads structured profile.equipment-restrictions bindings"", ""typescript/domain/eligibility/index.ts:403-405 profileSelections reads the free-text keyword branch"", ""mordheim_construction/restrictions.py:_validate_profile_selections -> compiler.validate order (boundEquipment before profileSelections)"", ""mordheim_construction/selection.py:_profile / _applicable_rules (package facts and automatic rules)""]","{""level"": ""observed"", ""summary"": ""No current decision change reproduced: the removed armour text is compensated by structured profile.equipment-restrictions bindings; the same build compiles to the same outcome against live and eb85e95 KB."", ""classes"": [""structured-binding-compensation""], ""reproductions"": [{""compile_outcome"": null, ""eb85e95"": null, ""evidence"": ""matrix"", ""live"": null, ""profile_id"": ""mortuary-priest"", ""scenario"": ""matrix-mortuary-priest""}], ""limitation"": ""Current maintained consumer over historical data; the historical engine behaviour is not proven. Presentation consumers still render the field. No pin was changed by this lot.""}","[""build/cache/t13-parallel/context-data-review/context-diff.json#CTX-trollheim-khemri-tomb-guardians"", ""build/cache/t13-parallel/context-data-review/compensation-check.json"", ""build/cache/t13-parallel/context-data-review/repro-matrix.json"", ""build/cache/t13-parallel/context-data-review/repro-compile.json"", ""build/cache/t13-parallel/context-data-review/repro-stages.json"", ""build/cache/t13-parallel/context-data-review/rule-rows-check.json"", ""build/cache/t13-parallel/context-data-review/access-probe.json"", ""build/cache/t13-parallel/context-data-review/entry-state.json""]","[""T13-F001""]",Coordinator decision required: whether the live fingerprint may replace the eb85e95 pin for this pair after reviewing the compensated removal group CTX-trollheim-khemri-tomb-guardians and its consumers. This lot changed no pin.,skill.ignore-pain,,snapshot_content_change,sources/knowledge/bands/trollheim/khemri-tomb-guardians,trollheim,khemri-tomb-guardians,True,1,11,"{""equipment-access.yaml"": {""name_i18n"": 2, ""notes_i18n"": 6}, ""profiles.yaml"": {""equipment_restrictions_i18n"": 3}}","[{""profile_id"": ""mortuary-priest"", ""removed_texts"": [""May select weapons from the Mortuary Priest Equipment List, but may never wear armour because it interferes with the Priest's powers.""]}]","[{""compile_outcome"": null, ""eb85e95"": null, ""evidence"": ""matrix"", ""live"": null, ""profile_id"": ""mortuary-priest"", ""scenario"": ""matrix-mortuary-priest""}]",structured-binding-compensation
FP-0023,tests/specs/semantic/grants/editorial-berserker.yaml,editorial-berserker-dwarf-rangers,rule/mordheim/dwarf-rangers/band--slayer-special-skills-berserker/skill.berserker,sources/knowledge/bands/mordheim/dwarf-rangers/special-rules.yaml,band--slayer-special-skills-berserker,95cc5f4605abd9c36359aa1a8f014088b8d3974b42948ce5422667a3229eae78,116a3687fdd13c188f022ba64ef7fe933f8191e0dcb6ce56773e7e43c5f3c2d0,CTX-mordheim-dwarf-rangers,"[""equipment-access.yaml"", ""profiles.yaml""]","[{""doc"": ""profiles.yaml"", ""node"": ""profiles:dwarf-troll-slayers"", ""path"": ""profiles[dwarf-troll-slayers].equipment_restrictions[0]"", ""op"": ""remove"", ""old"": ""May select weapons from the Dwarf Warrior Equipment List."", ""new"": null, ""i18n_only"": false}, {""doc"": ""profiles.yaml"", ""node"": ""profiles:dwarf-troll-slayers"", ""path"": ""profiles[dwarf-troll-slayers].equipment_restrictions[1]"", ""op"": ""remove"", ""old"": ""May never carry or use missile weapons or any form of armour."", ""new"": null, ""i18n_only"": false}]","[""mordheim_knowledge/loader.py:load_bands -> package profiles (equipment_restrictions)"", ""mordheim_construction/eligibility.py:package_facts -> projects equipment_restrictions, drops *_i18n"", ""mordheim_construction/eligibility.py:desktop_call -> _eligibility.js bridge.ts:desktopCall"", ""typescript/domain/eligibility/index.ts:310-313 boundEquipment reads structured profile.equipment-restrictions bindings"", ""typescript/domain/eligibility/index.ts:403-405 profileSelections reads the free-text keyword branch"", ""mordheim_construction/restrictions.py:_validate_profile_selections -> compiler.validate order (boundEquipment before profileSelections)"", ""mordheim_construction/selection.py:_profile / _applicable_rules (package facts and automatic rules)""]","{""level"": ""observed"", ""summary"": ""No current decision change reproduced: the removed armour text is compensated by structured profile.equipment-restrictions bindings; the same build compiles to the same outcome against live and eb85e95 KB."", ""classes"": [""structured-binding-compensation""], ""reproductions"": [{""compile_outcome"": null, ""eb85e95"": ""armour is forbidden for dwarf-rangers/dwarf-troll-slayers"", ""evidence"": ""stages"", ""live"": ""armour is forbidden for dwarf-rangers/dwarf-troll-slayers"", ""profile_id"": ""dwarf-troll-slayers"", ""scenario"": ""changed-armour-ban-dwarf-rangers""}, {""compile_outcome"": null, ""eb85e95"": ""rejected"", ""evidence"": ""compile"", ""live"": ""rejected"", ""profile_id"": ""dwarf-troll-slayers"", ""scenario"": ""armour-ban-dwarf-rangers""}, {""compile_outcome"": null, ""eb85e95"": null, ""evidence"": ""matrix"", ""live"": null, ""profile_id"": ""dwarf-troll-slayers"", ""scenario"": ""matrix-dwarf-troll-slayers""}], ""limitation"": ""Current maintained consumer over historical data; the historical engine behaviour is not proven. Presentation consumers still render the field. No pin was changed by this lot.""}","[""build/cache/t13-parallel/context-data-review/context-diff.json#CTX-mordheim-dwarf-rangers"", ""build/cache/t13-parallel/context-data-review/compensation-check.json"", ""build/cache/t13-parallel/context-data-review/repro-matrix.json"", ""build/cache/t13-parallel/context-data-review/repro-compile.json"", ""build/cache/t13-parallel/context-data-review/repro-stages.json"", ""build/cache/t13-parallel/context-data-review/rule-rows-check.json"", ""build/cache/t13-parallel/context-data-review/access-probe.json"", ""build/cache/t13-parallel/context-data-review/entry-state.json""]","[""T13-F001""]",Coordinator decision required: whether the live fingerprint may replace the eb85e95 pin for this pair after reviewing the compensated removal group CTX-mordheim-dwarf-rangers and its consumers. This lot changed no pin.,skill.berserker,https://mordheimer.net/docs/warbands/grade-1b-warbands/dwarf-rangers,snapshot_content_change,sources/knowledge/bands/mordheim/dwarf-rangers,mordheim,dwarf-rangers,True,2,6,"{""equipment-access.yaml"": {""name_i18n"": 2, ""notes_i18n"": 3}, ""profiles.yaml"": {""equipment_restrictions_i18n"": 1}}","[{""profile_id"": ""dwarf-troll-slayers"", ""removed_texts"": [""May select weapons from the Dwarf Warrior Equipment List."", ""May never carry or use missile weapons or any form of armour.""]}]","[{""compile_outcome"": null, ""eb85e95"": ""armour is forbidden for dwarf-rangers/dwarf-troll-slayers"", ""evidence"": ""stages"", ""live"": ""armour is forbidden for dwarf-rangers/dwarf-troll-slayers"", ""profile_id"": ""dwarf-troll-slayers"", ""scenario"": ""changed-armour-ban-dwarf-rangers""}, {""compile_outcome"": null, ""eb85e95"": ""rejected"", ""evidence"": ""compile"", ""live"": ""rejected"", ""profile_id"": ""dwarf-troll-slayers"", ""scenario"": ""armour-ban-dwarf-rangers""}, {""compile_outcome"": null, ""eb85e95"": null, ""evidence"": ""matrix"", ""live"": null, ""profile_id"": ""dwarf-troll-slayers"", ""scenario"": ""matrix-dwarf-troll-slayers""}]",structured-binding-compensation
FP-0024,tests/specs/semantic/grants/editorial-berserker.yaml,editorial-berserker-dwarf-treasure-hunters,rule/mordheim/dwarf-treasure-hunters/band--slayer-special-skills-berserker/skill.berserker,sources/knowledge/bands/mordheim/dwarf-treasure-hunters/special-rules.yaml,band--slayer-special-skills-berserker,f02ccb77c0603526c574869f06b0dab48f9a47205d9b09d201a9508f23f04c1f,9007383a230c602ddceaa96145de1490335fd0bc9b8537418a42de14cac62c9e,CTX-mordheim-dwarf-treasure-hunters,"[""equipment-access.yaml"", ""profiles.yaml""]","[{""doc"": ""profiles.yaml"", ""node"": ""profiles:dwarf-troll-slayers"", ""path"": ""profiles[dwarf-troll-slayers].equipment_restrictions[0]"", ""op"": ""remove"", ""old"": ""May select weapons from the Dwarf Warrior Equipment List."", ""new"": null, ""i18n_only"": false}, {""doc"": ""profiles.yaml"", ""node"": ""profiles:dwarf-troll-slayers"", ""path"": ""profiles[dwarf-troll-slayers].equipment_restrictions[1]"", ""op"": ""remove"", ""old"": ""May never carry or use missile weapons or any form of armour."", ""new"": null, ""i18n_only"": false}]","[""mordheim_knowledge/loader.py:load_bands -> package profiles (equipment_restrictions)"", ""mordheim_construction/eligibility.py:package_facts -> projects equipment_restrictions, drops *_i18n"", ""mordheim_construction/eligibility.py:desktop_call -> _eligibility.js bridge.ts:desktopCall"", ""typescript/domain/eligibility/index.ts:310-313 boundEquipment reads structured profile.equipment-restrictions bindings"", ""typescript/domain/eligibility/index.ts:403-405 profileSelections reads the free-text keyword branch"", ""mordheim_construction/restrictions.py:_validate_profile_selections -> compiler.validate order (boundEquipment before profileSelections)"", ""mordheim_construction/selection.py:_profile / _applicable_rules (package facts and automatic rules)""]","{""level"": ""observed"", ""summary"": ""No current decision change reproduced: the removed armour text is compensated by structured profile.equipment-restrictions bindings; the same build compiles to the same outcome against live and eb85e95 KB."", ""classes"": [""structured-binding-compensation""], ""reproductions"": [{""compile_outcome"": null, ""eb85e95"": ""rejected"", ""evidence"": ""compile"", ""live"": ""rejected"", ""profile_id"": ""dwarf-troll-slayers"", ""scenario"": ""armour-ban-dwarf-treasure""}, {""compile_outcome"": null, ""eb85e95"": null, ""evidence"": ""matrix"", ""live"": null, ""profile_id"": ""dwarf-troll-slayers"", ""scenario"": ""matrix-dwarf-troll-slayers""}], ""limitation"": ""Current maintained consumer over historical data; the historical engine behaviour is not proven. Presentation consumers still render the field. No pin was changed by this lot.""}","[""build/cache/t13-parallel/context-data-review/context-diff.json#CTX-mordheim-dwarf-treasure-hunters"", ""build/cache/t13-parallel/context-data-review/compensation-check.json"", ""build/cache/t13-parallel/context-data-review/repro-matrix.json"", ""build/cache/t13-parallel/context-data-review/repro-compile.json"", ""build/cache/t13-parallel/context-data-review/repro-stages.json"", ""build/cache/t13-parallel/context-data-review/rule-rows-check.json"", ""build/cache/t13-parallel/context-data-review/access-probe.json"", ""build/cache/t13-parallel/context-data-review/entry-state.json""]","[""T13-F001""]",Coordinator decision required: whether the live fingerprint may replace the eb85e95 pin for this pair after reviewing the compensated removal group CTX-mordheim-dwarf-treasure-hunters and its consumers. This lot changed no pin.,skill.berserker,https://mordheimer.net/docs/warbands/grade-1a-warbands/dwarf-treasure-hunters,snapshot_content_change,sources/knowledge/bands/mordheim/dwarf-treasure-hunters,mordheim,dwarf-treasure-hunters,True,2,8,"{""equipment-access.yaml"": {""name_i18n"": 2, ""notes_i18n"": 6}}","[{""profile_id"": ""dwarf-troll-slayers"", ""removed_texts"": [""May select weapons from the Dwarf Warrior Equipment List."", ""May never carry or use missile weapons or any form of armour.""]}]","[{""compile_outcome"": null, ""eb85e95"": ""rejected"", ""evidence"": ""compile"", ""live"": ""rejected"", ""profile_id"": ""dwarf-troll-slayers"", ""scenario"": ""armour-ban-dwarf-treasure""}, {""compile_outcome"": null, ""eb85e95"": null, ""evidence"": ""matrix"", ""live"": null, ""profile_id"": ""dwarf-troll-slayers"", ""scenario"": ""matrix-dwarf-troll-slayers""}]",structured-binding-compensation
FP-0025,tests/specs/semantic/grants/editorial-berserker.yaml,editorial-berserker-pit-fighters,rule/mordheim/pit-fighters/band--troll-slayer-special-skills-berserker/skill.berserker,sources/knowledge/bands/mordheim/pit-fighters/special-rules.yaml,band--troll-slayer-special-skills-berserker,9f49681017a1e3eeda8a70db8e39b60681216e1a6df089808587214067fb12df,e972c263cc9681cde4885d072e05f03d695c59705165cee9b72fe398dff927ff,CTX-mordheim-pit-fighters,"[""equipment-access.yaml"", ""profiles.yaml""]","[{""doc"": ""profiles.yaml"", ""node"": ""profiles:dwarf-troll-slayer"", ""path"": ""profiles[dwarf-troll-slayer].equipment_restrictions[0]"", ""op"": ""remove"", ""old"": ""May select weapons from the Ogre & Slayer Equipment List, but may never use missile weapons or any form of armour."", ""new"": null, ""i18n_only"": false}, {""doc"": ""profiles.yaml"", ""node"": ""profiles:dwarf-troll-slayer"", ""path"": ""profiles[dwarf-troll-slayer].equipment_restrictions[1]"", ""op"": ""remove"", ""old"": ""Dwarf Axe and Gromril Weapon options are available only to the Dwarf Troll Slayer."", ""new"": null, ""i18n_only"": false}]","[""mordheim_knowledge/loader.py:load_bands -> package profiles (equipment_restrictions)"", ""mordheim_construction/eligibility.py:package_facts -> projects equipment_restrictions, drops *_i18n"", ""mordheim_construction/eligibility.py:desktop_call -> _eligibility.js bridge.ts:desktopCall"", ""typescript/domain/eligibility/index.ts:310-313 boundEquipment reads structured profile.equipment-restrictions bindings"", ""typescript/domain/eligibility/index.ts:403-405 profileSelections reads the free-text keyword branch"", ""mordheim_construction/restrictions.py:_validate_profile_selections -> compiler.validate order (boundEquipment before profileSelections)"", ""mordheim_construction/selection.py:_profile / _applicable_rules (package facts and automatic rules)""]","{""level"": ""observed"", ""summary"": ""No current decision change reproduced: the removed armour text is compensated by structured profile.equipment-restrictions bindings; the same build compiles to the same outcome against live and eb85e95 KB."", ""classes"": [""structured-binding-compensation""], ""reproductions"": [{""compile_outcome"": null, ""eb85e95"": ""armour is forbidden for pit-fighters/dwarf-troll-slayer"", ""evidence"": ""stages"", ""live"": ""armour is forbidden for pit-fighters/dwarf-troll-slayer"", ""profile_id"": ""dwarf-troll-slayer"", ""scenario"": ""changed-armour-ban-pit-fighters""}, {""compile_outcome"": null, ""eb85e95"": ""rejected"", ""evidence"": ""compile"", ""live"": ""rejected"", ""profile_id"": ""dwarf-troll-slayer"", ""scenario"": ""armour-ban-pit-fighters""}, {""compile_outcome"": null, ""eb85e95"": null, ""evidence"": ""matrix"", ""live"": null, ""profile_id"": ""dwarf-troll-slayer"", ""scenario"": ""matrix-dwarf-troll-slayer""}], ""limitation"": ""Current maintained consumer over historical data; the historical engine behaviour is not proven. Presentation consumers still render the field. No pin was changed by this lot.""}","[""build/cache/t13-parallel/context-data-review/context-diff.json#CTX-mordheim-pit-fighters"", ""build/cache/t13-parallel/context-data-review/compensation-check.json"", ""build/cache/t13-parallel/context-data-review/repro-matrix.json"", ""build/cache/t13-parallel/context-data-review/repro-compile.json"", ""build/cache/t13-parallel/context-data-review/repro-stages.json"", ""build/cache/t13-parallel/context-data-review/rule-rows-check.json"", ""build/cache/t13-parallel/context-data-review/access-probe.json"", ""build/cache/t13-parallel/context-data-review/entry-state.json""]","[""T13-F001""]",Coordinator decision required: whether the live fingerprint may replace the eb85e95 pin for this pair after reviewing the compensated removal group CTX-mordheim-pit-fighters and its consumers. This lot changed no pin.,skill.berserker,https://mordheimer.net/docs/warbands/grade-1b-warbands/pit-fighters,snapshot_content_change,sources/knowledge/bands/mordheim/pit-fighters,mordheim,pit-fighters,True,2,15,"{""equipment-access.yaml"": {""name_i18n"": 9, ""notes_i18n"": 5}, ""profiles.yaml"": {""equipment_restrictions_i18n"": 1}}","[{""profile_id"": ""dwarf-troll-slayer"", ""removed_texts"": [""May select weapons from the Ogre & Slayer Equipment List, but may never use missile weapons or any form of armour."", ""Dwarf Axe and Gromril Weapon options are available only to the Dwarf Troll Slayer.""]}]","[{""compile_outcome"": null, ""eb85e95"": ""armour is forbidden for pit-fighters/dwarf-troll-slayer"", ""evidence"": ""stages"", ""live"": ""armour is forbidden for pit-fighters/dwarf-troll-slayer"", ""profile_id"": ""dwarf-troll-slayer"", ""scenario"": ""changed-armour-ban-pit-fighters""}, {""compile_outcome"": null, ""eb85e95"": ""rejected"", ""evidence"": ""compile"", ""live"": ""rejected"", ""profile_id"": ""dwarf-troll-slayer"", ""scenario"": ""armour-ban-pit-fighters""}, {""compile_outcome"": null, ""eb85e95"": null, ""evidence"": ""matrix"", ""live"": null, ""profile_id"": ""dwarf-troll-slayer"", ""scenario"": ""matrix-dwarf-troll-slayer""}]",structured-binding-compensation
FP-0026,tests/specs/semantic/grants/editorial-berserker.yaml,editorial-berserker-pit-fighters,rule/mordheim/pit-fighters/band--troll-slayer-special-skills-berserker/compiler.berserker-incompatible-with-ferocious-charge,sources/knowledge/bands/mordheim/pit-fighters/special-rules.yaml,band--troll-slayer-special-skills-berserker,9f49681017a1e3eeda8a70db8e39b60681216e1a6df089808587214067fb12df,e972c263cc9681cde4885d072e05f03d695c59705165cee9b72fe398dff927ff,CTX-mordheim-pit-fighters,"[""equipment-access.yaml"", ""profiles.yaml""]","[{""doc"": ""profiles.yaml"", ""node"": ""profiles:dwarf-troll-slayer"", ""path"": ""profiles[dwarf-troll-slayer].equipment_restrictions[0]"", ""op"": ""remove"", ""old"": ""May select weapons from the Ogre & Slayer Equipment List, but may never use missile weapons or any form of armour."", ""new"": null, ""i18n_only"": false}, {""doc"": ""profiles.yaml"", ""node"": ""profiles:dwarf-troll-slayer"", ""path"": ""profiles[dwarf-troll-slayer].equipment_restrictions[1]"", ""op"": ""remove"", ""old"": ""Dwarf Axe and Gromril Weapon options are available only to the Dwarf Troll Slayer."", ""new"": null, ""i18n_only"": false}]","[""mordheim_knowledge/loader.py:load_bands -> package profiles (equipment_restrictions)"", ""mordheim_construction/eligibility.py:package_facts -> projects equipment_restrictions, drops *_i18n"", ""mordheim_construction/eligibility.py:desktop_call -> _eligibility.js bridge.ts:desktopCall"", ""typescript/domain/eligibility/index.ts:310-313 boundEquipment reads structured profile.equipment-restrictions bindings"", ""typescript/domain/eligibility/index.ts:403-405 profileSelections reads the free-text keyword branch"", ""mordheim_construction/restrictions.py:_validate_profile_selections -> compiler.validate order (boundEquipment before profileSelections)"", ""mordheim_construction/selection.py:_profile / _applicable_rules (package facts and automatic rules)""]","{""level"": ""observed"", ""summary"": ""No current decision change reproduced: the removed armour text is compensated by structured profile.equipment-restrictions bindings; the same build compiles to the same outcome against live and eb85e95 KB."", ""classes"": [""structured-binding-compensation""], ""reproductions"": [{""compile_outcome"": null, ""eb85e95"": ""armour is forbidden for pit-fighters/dwarf-troll-slayer"", ""evidence"": ""stages"", ""live"": ""armour is forbidden for pit-fighters/dwarf-troll-slayer"", ""profile_id"": ""dwarf-troll-slayer"", ""scenario"": ""changed-armour-ban-pit-fighters""}, {""compile_outcome"": null, ""eb85e95"": ""rejected"", ""evidence"": ""compile"", ""live"": ""rejected"", ""profile_id"": ""dwarf-troll-slayer"", ""scenario"": ""armour-ban-pit-fighters""}, {""compile_outcome"": null, ""eb85e95"": null, ""evidence"": ""matrix"", ""live"": null, ""profile_id"": ""dwarf-troll-slayer"", ""scenario"": ""matrix-dwarf-troll-slayer""}], ""limitation"": ""Current maintained consumer over historical data; the historical engine behaviour is not proven. Presentation consumers still render the field. No pin was changed by this lot.""}","[""build/cache/t13-parallel/context-data-review/context-diff.json#CTX-mordheim-pit-fighters"", ""build/cache/t13-parallel/context-data-review/compensation-check.json"", ""build/cache/t13-parallel/context-data-review/repro-matrix.json"", ""build/cache/t13-parallel/context-data-review/repro-compile.json"", ""build/cache/t13-parallel/context-data-review/repro-stages.json"", ""build/cache/t13-parallel/context-data-review/rule-rows-check.json"", ""build/cache/t13-parallel/context-data-review/access-probe.json"", ""build/cache/t13-parallel/context-data-review/entry-state.json""]","[""T13-F001""]",Coordinator decision required: whether the live fingerprint may replace the eb85e95 pin for this pair after reviewing the compensated removal group CTX-mordheim-pit-fighters and its consumers. This lot changed no pin.,compiler.berserker-incompatible-with-ferocious-charge,https://mordheimer.net/docs/warbands/grade-1b-warbands/pit-fighters,snapshot_content_change,sources/knowledge/bands/mordheim/pit-fighters,mordheim,pit-fighters,True,2,15,"{""equipment-access.yaml"": {""name_i18n"": 9, ""notes_i18n"": 5}, ""profiles.yaml"": {""equipment_restrictions_i18n"": 1}}","[{""profile_id"": ""dwarf-troll-slayer"", ""removed_texts"": [""May select weapons from the Ogre & Slayer Equipment List, but may never use missile weapons or any form of armour."", ""Dwarf Axe and Gromril Weapon options are available only to the Dwarf Troll Slayer.""]}]","[{""compile_outcome"": null, ""eb85e95"": ""armour is forbidden for pit-fighters/dwarf-troll-slayer"", ""evidence"": ""stages"", ""live"": ""armour is forbidden for pit-fighters/dwarf-troll-slayer"", ""profile_id"": ""dwarf-troll-slayer"", ""scenario"": ""changed-armour-ban-pit-fighters""}, {""compile_outcome"": null, ""eb85e95"": ""rejected"", ""evidence"": ""compile"", ""live"": ""rejected"", ""profile_id"": ""dwarf-troll-slayer"", ""scenario"": ""armour-ban-pit-fighters""}, {""compile_outcome"": null, ""eb85e95"": null, ""evidence"": ""matrix"", ""live"": null, ""profile_id"": ""dwarf-troll-slayer"", ""scenario"": ""matrix-dwarf-troll-slayer""}]",structured-binding-compensation
FP-0027,tests/specs/semantic/grants/editorial-berserker.yaml,editorial-berserker-chaos-streets-dwarf-treasure-hunters,rule/trollheim/chaos-streets-dwarf-treasure-hunters/band--slayer-special-skills-berserker/skill.berserker,sources/knowledge/bands/trollheim/chaos-streets-dwarf-treasure-hunters/special-rules.yaml,band--slayer-special-skills-berserker,743d98888f2998eebff9931c2870e04766a57a74c066fea37782bb10fffb742f,57647e10377df462886572afa159d46e26f317c540023906117ffc48a141b99a,CTX-trollheim-chaos-streets-dwarf-treasure-hunters,"[""equipment-access.yaml"", ""profiles.yaml""]","[{""doc"": ""profiles.yaml"", ""node"": ""profiles:dwarf-troll-slayers"", ""path"": ""profiles[dwarf-troll-slayers].equipment_restrictions[0]"", ""op"": ""remove"", ""old"": ""May select weapons from the Dwarf Warrior Equipment List."", ""new"": null, ""i18n_only"": false}, {""doc"": ""profiles.yaml"", ""node"": ""profiles:dwarf-troll-slayers"", ""path"": ""profiles[dwarf-troll-slayers].equipment_restrictions[1]"", ""op"": ""remove"", ""old"": ""May never use missile weapons or any form of armour."", ""new"": null, ""i18n_only"": false}]","[""mordheim_knowledge/loader.py:load_bands -> package profiles (equipment_restrictions)"", ""mordheim_construction/eligibility.py:package_facts -> projects equipment_restrictions, drops *_i18n"", ""mordheim_construction/eligibility.py:desktop_call -> _eligibility.js bridge.ts:desktopCall"", ""typescript/domain/eligibility/index.ts:310-313 boundEquipment reads structured profile.equipment-restrictions bindings"", ""typescript/domain/eligibility/index.ts:403-405 profileSelections reads the free-text keyword branch"", ""mordheim_construction/restrictions.py:_validate_profile_selections -> compiler.validate order (boundEquipment before profileSelections)"", ""mordheim_construction/selection.py:_profile / _applicable_rules (package facts and automatic rules)""]","{""level"": ""observed"", ""summary"": ""No current decision change reproduced: the removed armour text is compensated by structured profile.equipment-restrictions bindings; the same build compiles to the same outcome against live and eb85e95 KB."", ""classes"": [""structured-binding-compensation""], ""reproductions"": [{""compile_outcome"": null, ""eb85e95"": null, ""evidence"": ""matrix"", ""live"": null, ""profile_id"": ""dwarf-troll-slayers"", ""scenario"": ""matrix-dwarf-troll-slayers""}], ""limitation"": ""Current maintained consumer over historical data; the historical engine behaviour is not proven. Presentation consumers still render the field. No pin was changed by this lot.""}","[""build/cache/t13-parallel/context-data-review/context-diff.json#CTX-trollheim-chaos-streets-dwarf-treasure-hunters"", ""build/cache/t13-parallel/context-data-review/compensation-check.json"", ""build/cache/t13-parallel/context-data-review/repro-matrix.json"", ""build/cache/t13-parallel/context-data-review/repro-compile.json"", ""build/cache/t13-parallel/context-data-review/repro-stages.json"", ""build/cache/t13-parallel/context-data-review/rule-rows-check.json"", ""build/cache/t13-parallel/context-data-review/access-probe.json"", ""build/cache/t13-parallel/context-data-review/entry-state.json""]","[""T13-F001""]",Coordinator decision required: whether the live fingerprint may replace the eb85e95 pin for this pair after reviewing the compensated removal group CTX-trollheim-chaos-streets-dwarf-treasure-hunters and its consumers. This lot changed no pin.,skill.berserker,,snapshot_content_change,sources/knowledge/bands/trollheim/chaos-streets-dwarf-treasure-hunters,trollheim,chaos-streets-dwarf-treasure-hunters,True,2,8,"{""equipment-access.yaml"": {""name_i18n"": 2, ""notes_i18n"": 6}}","[{""profile_id"": ""dwarf-troll-slayers"", ""removed_texts"": [""May select weapons from the Dwarf Warrior Equipment List."", ""May never use missile weapons or any form of armour.""]}]","[{""compile_outcome"": null, ""eb85e95"": null, ""evidence"": ""matrix"", ""live"": null, ""profile_id"": ""dwarf-troll-slayers"", ""scenario"": ""matrix-dwarf-troll-slayers""}]",structured-binding-compensation
FP-0028,tests/specs/semantic/grants/editorial-berserker.yaml,editorial-berserker-chaos-streets-pit-fighters,rule/trollheim/chaos-streets-pit-fighters/band--troll-slayer-special-skills-berserker/skill.berserker,sources/knowledge/bands/trollheim/chaos-streets-pit-fighters/special-rules.yaml,band--troll-slayer-special-skills-berserker,b720b42d70d5d9e98047081746bde17baff203063c8cdaf9641ad97de80bc07e,a704c6d0229984f669d88039a8e46b6e5a4e5a9530a8afd18051c28e87b1dec4,CTX-trollheim-chaos-streets-pit-fighters,"[""equipment-access.yaml"", ""profiles.yaml""]","[{""doc"": ""profiles.yaml"", ""node"": ""profiles:dwarf-troll-slayer"", ""path"": ""profiles[dwarf-troll-slayer].equipment_restrictions[0]"", ""op"": ""remove"", ""old"": ""May select weapons from the Dwarf Troll Slayer Equipment List."", ""new"": null, ""i18n_only"": false}, {""doc"": ""profiles.yaml"", ""node"": ""profiles:dwarf-troll-slayer"", ""path"": ""profiles[dwarf-troll-slayer].equipment_restrictions[1]"", ""op"": ""remove"", ""old"": ""May never use missile weapons or any form of armour."", ""new"": null, ""i18n_only"": false}]","[""mordheim_knowledge/loader.py:load_bands -> package profiles (equipment_restrictions)"", ""mordheim_construction/eligibility.py:package_facts -> projects equipment_restrictions, drops *_i18n"", ""mordheim_construction/eligibility.py:desktop_call -> _eligibility.js bridge.ts:desktopCall"", ""typescript/domain/eligibility/index.ts:310-313 boundEquipment reads structured profile.equipment-restrictions bindings"", ""typescript/domain/eligibility/index.ts:403-405 profileSelections reads the free-text keyword branch"", ""mordheim_construction/restrictions.py:_validate_profile_selections -> compiler.validate order (boundEquipment before profileSelections)"", ""mordheim_construction/selection.py:_profile / _applicable_rules (package facts and automatic rules)""]","{""level"": ""observed"", ""summary"": ""No current decision change reproduced: the removed armour text is compensated by structured profile.equipment-restrictions bindings; the same build compiles to the same outcome against live and eb85e95 KB."", ""classes"": [""structured-binding-compensation""], ""reproductions"": [{""compile_outcome"": null, ""eb85e95"": null, ""evidence"": ""matrix"", ""live"": null, ""profile_id"": ""dwarf-troll-slayer"", ""scenario"": ""matrix-dwarf-troll-slayer""}], ""limitation"": ""Current maintained consumer over historical data; the historical engine behaviour is not proven. Presentation consumers still render the field. No pin was changed by this lot.""}","[""build/cache/t13-parallel/context-data-review/context-diff.json#CTX-trollheim-chaos-streets-pit-fighters"", ""build/cache/t13-parallel/context-data-review/compensation-check.json"", ""build/cache/t13-parallel/context-data-review/repro-matrix.json"", ""build/cache/t13-parallel/context-data-review/repro-compile.json"", ""build/cache/t13-parallel/context-data-review/repro-stages.json"", ""build/cache/t13-parallel/context-data-review/rule-rows-check.json"", ""build/cache/t13-parallel/context-data-review/access-probe.json"", ""build/cache/t13-parallel/context-data-review/entry-state.json""]","[""T13-F001""]",Coordinator decision required: whether the live fingerprint may replace the eb85e95 pin for this pair after reviewing the compensated removal group CTX-trollheim-chaos-streets-pit-fighters and its consumers. This lot changed no pin.,skill.berserker,,snapshot_content_change,sources/knowledge/bands/trollheim/chaos-streets-pit-fighters,trollheim,chaos-streets-pit-fighters,True,2,13,"{""equipment-access.yaml"": {""name_i18n"": 10, ""notes_i18n"": 3}}","[{""profile_id"": ""dwarf-troll-slayer"", ""removed_texts"": [""May select weapons from the Dwarf Troll Slayer Equipment List."", ""May never use missile weapons or any form of armour.""]}]","[{""compile_outcome"": null, ""eb85e95"": null, ""evidence"": ""matrix"", ""live"": null, ""profile_id"": ""dwarf-troll-slayer"", ""scenario"": ""matrix-dwarf-troll-slayer""}]",structured-binding-compensation
FP-0029,tests/specs/semantic/grants/editorial-berserker.yaml,editorial-berserker-khemri-cursed-of-karak-zorn,rule/trollheim/khemri-cursed-of-karak-zorn/band--troll-slayer-special-skills-berserker/skill.berserker,sources/knowledge/bands/trollheim/khemri-cursed-of-karak-zorn/special-rules.yaml,band--troll-slayer-special-skills-berserker,c3d6b0f7c36077ec8de0650c635fcfbf894e5ed73e1f524d48f514b89a3a8764,541e08680d5ac25914c318776495997c798ebf77b35b925ff5bea1dcdc9aa258,CTX-trollheim-khemri-cursed-of-karak-zorn,"[""equipment-access.yaml"", ""profiles.yaml""]","[{""doc"": ""profiles.yaml"", ""node"": ""profiles:troll-slayer"", ""path"": ""profiles[troll-slayer].equipment_restrictions[0]"", ""op"": ""remove"", ""old"": ""May select close-combat weapons from the Cursed of Karak-Zorn Equipment List."", ""new"": null, ""i18n_only"": false}, {""doc"": ""profiles.yaml"", ""node"": ""profiles:troll-slayer"", ""path"": ""profiles[troll-slayer].equipment_restrictions[1]"", ""op"": ""remove"", ""old"": ""May never use missile weapons or any form of armour."", ""new"": null, ""i18n_only"": false}]","[""mordheim_knowledge/loader.py:load_bands -> package profiles (equipment_restrictions)"", ""mordheim_construction/eligibility.py:package_facts -> projects equipment_restrictions, drops *_i18n"", ""mordheim_construction/eligibility.py:desktop_call -> _eligibility.js bridge.ts:desktopCall"", ""typescript/domain/eligibility/index.ts:310-313 boundEquipment reads structured profile.equipment-restrictions bindings"", ""typescript/domain/eligibility/index.ts:403-405 profileSelections reads the free-text keyword branch"", ""mordheim_construction/restrictions.py:_validate_profile_selections -> compiler.validate order (boundEquipment before profileSelections)"", ""mordheim_construction/selection.py:_profile / _applicable_rules (package facts and automatic rules)""]","{""level"": ""observed"", ""summary"": ""No current decision change reproduced: the removed armour text is compensated by structured profile.equipment-restrictions bindings; the same build compiles to the same outcome against live and eb85e95 KB."", ""classes"": [""structured-binding-compensation""], ""reproductions"": [{""compile_outcome"": null, ""eb85e95"": null, ""evidence"": ""matrix"", ""live"": null, ""profile_id"": ""troll-slayer"", ""scenario"": ""matrix-troll-slayer""}], ""limitation"": ""Current maintained consumer over historical data; the historical engine behaviour is not proven. Presentation consumers still render the field. No pin was changed by this lot.""}","[""build/cache/t13-parallel/context-data-review/context-diff.json#CTX-trollheim-khemri-cursed-of-karak-zorn"", ""build/cache/t13-parallel/context-data-review/compensation-check.json"", ""build/cache/t13-parallel/context-data-review/repro-matrix.json"", ""build/cache/t13-parallel/context-data-review/repro-compile.json"", ""build/cache/t13-parallel/context-data-review/repro-stages.json"", ""build/cache/t13-parallel/context-data-review/rule-rows-check.json"", ""build/cache/t13-parallel/context-data-review/access-probe.json"", ""build/cache/t13-parallel/context-data-review/entry-state.json""]","[""T13-F001""]",Coordinator decision required: whether the live fingerprint may replace the eb85e95 pin for this pair after reviewing the compensated removal group CTX-trollheim-khemri-cursed-of-karak-zorn and its consumers. This lot changed no pin.,skill.berserker,,snapshot_content_change,sources/knowledge/bands/trollheim/khemri-cursed-of-karak-zorn,trollheim,khemri-cursed-of-karak-zorn,True,2,8,"{""equipment-access.yaml"": {""name_i18n"": 1, ""notes_i18n"": 5}, ""profiles.yaml"": {""equipment_restrictions_i18n"": 2}}","[{""profile_id"": ""troll-slayer"", ""removed_texts"": [""May select close-combat weapons from the Cursed of Karak-Zorn Equipment List."", ""May never use missile weapons or any form of armour.""]}]","[{""compile_outcome"": null, ""eb85e95"": null, ""evidence"": ""matrix"", ""live"": null, ""profile_id"": ""troll-slayer"", ""scenario"": ""matrix-troll-slayer""}]",structured-binding-compensation
FP-0030,tests/specs/semantic/grants/editorial-blessed-sight.yaml,editorial-blessed-sight-grant,rule/mordheim/sisters-of-sigmar/augur--blessed-sight/skill.blessed-sight,sources/knowledge/bands/mordheim/sisters-of-sigmar/special-rules.yaml,augur--blessed-sight,f8108c8f089b1dcb0b06d9fd6ccc07615d53d48c42fa3f13f5471f7e773005a7,e076bf8a36419a905f39a31b6cdd1659d670d9bfa4aa887197c386d854eb70f8,CTX-mordheim-sisters-of-sigmar,"[""equipment-access.yaml"", ""profiles.yaml""]","[{""doc"": ""profiles.yaml"", ""node"": ""profiles:augur"", ""path"": ""profiles[augur].equipment_restrictions[0]"", ""op"": ""remove"", ""old"": ""May select weapons from the Sisters of Sigmar Equipment List, but may never wear armour."", ""new"": null, ""i18n_only"": false}]","[""mordheim_knowledge/loader.py:load_bands -> package profiles (equipment_restrictions)"", ""mordheim_construction/eligibility.py:package_facts -> projects equipment_restrictions, drops *_i18n"", ""mordheim_construction/eligibility.py:desktop_call -> _eligibility.js bridge.ts:desktopCall"", ""typescript/domain/eligibility/index.ts:310-313 boundEquipment reads structured profile.equipment-restrictions bindings"", ""typescript/domain/eligibility/index.ts:403-405 profileSelections reads the free-text keyword branch"", ""mordheim_construction/restrictions.py:_validate_profile_selections -> compiler.validate order (boundEquipment before profileSelections)"", ""mordheim_construction/selection.py:_profile / _applicable_rules (package facts and automatic rules)""]","{""level"": ""observed"", ""summary"": ""No current decision change reproduced: the removed armour text is compensated by structured profile.equipment-restrictions bindings; the same build compiles to the same outcome against live and eb85e95 KB."", ""classes"": [""structured-binding-compensation""], ""reproductions"": [{""compile_outcome"": null, ""eb85e95"": null, ""evidence"": ""matrix"", ""live"": null, ""profile_id"": ""augur"", ""scenario"": ""matrix-augur""}], ""limitation"": ""Current maintained consumer over historical data; the historical engine behaviour is not proven. Presentation consumers still render the field. No pin was changed by this lot.""}","[""build/cache/t13-parallel/context-data-review/context-diff.json#CTX-mordheim-sisters-of-sigmar"", ""build/cache/t13-parallel/context-data-review/compensation-check.json"", ""build/cache/t13-parallel/context-data-review/repro-matrix.json"", ""build/cache/t13-parallel/context-data-review/repro-compile.json"", ""build/cache/t13-parallel/context-data-review/repro-stages.json"", ""build/cache/t13-parallel/context-data-review/rule-rows-check.json"", ""build/cache/t13-parallel/context-data-review/access-probe.json"", ""build/cache/t13-parallel/context-data-review/entry-state.json""]","[""T13-F001""]",Coordinator decision required: whether the live fingerprint may replace the eb85e95 pin for this pair after reviewing the compensated removal group CTX-mordheim-sisters-of-sigmar and its consumers. This lot changed no pin.,skill.blessed-sight,https://mordheimer.net/docs/warbands/grade-1a-warbands/sisters-of-sigmar,snapshot_content_change,sources/knowledge/bands/mordheim/sisters-of-sigmar,mordheim,sisters-of-sigmar,True,1,6,"{""equipment-access.yaml"": {""name_i18n"": 1, ""notes_i18n"": 5}}","[{""profile_id"": ""augur"", ""removed_texts"": [""May select weapons from the Sisters of Sigmar Equipment List, but may never wear armour.""]}]","[{""compile_outcome"": null, ""eb85e95"": null, ""evidence"": ""matrix"", ""live"": null, ""profile_id"": ""augur"", ""scenario"": ""matrix-augur""}]",structured-binding-compensation
FP-0049,tests/specs/semantic/grants/editorial-conditional-charge.yaml,conditional-berserk-norse-explorers-btb,rule/mordheim/norse-explorers-btb/band--norse-special-skills-berserk-charge/special-rule.band--norse-special-skills-berserk-charge,sources/knowledge/bands/mordheim/norse-explorers-btb/special-rules.yaml,band--norse-special-skills-berserk-charge,78383be93800cd9c85f8e8e5638db936f0bad9614d8c4efaeeb750659d9ffcdb,580386c839a96dea822d86935e4ab6f021b39ec4e1b619e8c4c2185ef1482ac9,CTX-mordheim-norse-explorers-btb,"[""equipment-access.yaml"", ""profiles.yaml""]","[{""doc"": ""profiles.yaml"", ""node"": ""profiles:beserkers"", ""path"": ""profiles[beserkers].equipment_restrictions[0]"", ""op"": ""remove"", ""old"": ""May select weapons from the Hero Equipment List, but may never wear armour."", ""new"": null, ""i18n_only"": false}]","[""mordheim_knowledge/loader.py:load_bands -> package profiles (equipment_restrictions)"", ""mordheim_construction/eligibility.py:package_facts -> projects equipment_restrictions, drops *_i18n"", ""mordheim_construction/eligibility.py:desktop_call -> _eligibility.js bridge.ts:desktopCall"", ""typescript/domain/eligibility/index.ts:310-313 boundEquipment reads structured profile.equipment-restrictions bindings"", ""typescript/domain/eligibility/index.ts:403-405 profileSelections reads the free-text keyword branch"", ""mordheim_construction/restrictions.py:_validate_profile_selections -> compiler.validate order (boundEquipment before profileSelections)"", ""mordheim_construction/selection.py:_profile / _applicable_rules (package facts and automatic rules)""]","{""level"": ""observed"", ""summary"": ""No current decision change reproduced: the removed armour text is compensated by structured profile.equipment-restrictions bindings; the same build compiles to the same outcome against live and eb85e95 KB."", ""classes"": [""structured-binding-compensation""], ""reproductions"": [{""compile_outcome"": null, ""eb85e95"": null, ""evidence"": ""matrix"", ""live"": null, ""profile_id"": ""beserkers"", ""scenario"": ""matrix-beserkers""}], ""limitation"": ""Current maintained consumer over historical data; the historical engine behaviour is not proven. Presentation consumers still render the field. No pin was changed by this lot.""}","[""build/cache/t13-parallel/context-data-review/context-diff.json#CTX-mordheim-norse-explorers-btb"", ""build/cache/t13-parallel/context-data-review/compensation-check.json"", ""build/cache/t13-parallel/context-data-review/repro-matrix.json"", ""build/cache/t13-parallel/context-data-review/repro-compile.json"", ""build/cache/t13-parallel/context-data-review/repro-stages.json"", ""build/cache/t13-parallel/context-data-review/rule-rows-check.json"", ""build/cache/t13-parallel/context-data-review/access-probe.json"", ""build/cache/t13-parallel/context-data-review/entry-state.json""]","[""T13-F001""]",Coordinator decision required: whether the live fingerprint may replace the eb85e95 pin for this pair after reviewing the compensated removal group CTX-mordheim-norse-explorers-btb and its consumers. This lot changed no pin.,special-rule.band--norse-special-skills-berserk-charge,https://mordheimer.net/docs/warbands/grade-1b-warbands/norse,snapshot_content_change,sources/knowledge/bands/mordheim/norse-explorers-btb,mordheim,norse-explorers-btb,True,1,8,"{""equipment-access.yaml"": {""name_i18n"": 3, ""notes_i18n"": 3}, ""profiles.yaml"": {""equipment_restrictions_i18n"": 2}}","[{""profile_id"": ""beserkers"", ""removed_texts"": [""May select weapons from the Hero Equipment List, but may never wear armour.""]}]","[{""compile_outcome"": null, ""eb85e95"": null, ""evidence"": ""matrix"", ""live"": null, ""profile_id"": ""beserkers"", ""scenario"": ""matrix-beserkers""}]",structured-binding-compensation
FP-0050,tests/specs/semantic/grants/editorial-conditional-charge.yaml,conditional-berserk-norse-explorers-lustria,rule/mordheim/norse-explorers-lustria/band--norse-special-skills-berserk-charge/special-rule.band--norse-special-skills-berserk-charge,sources/knowledge/bands/mordheim/norse-explorers-lustria/special-rules.yaml,band--norse-special-skills-berserk-charge,320e05be62d21ac4d1895061c5fc3b4d8c0a611e30b05bbd3dddc40a37c1f7a7,a3a3cebd1916f416a6c11fbd84ed921aa7af2a4aa4c971ad8ac0423b52a47754,CTX-mordheim-norse-explorers-lustria,"[""equipment-access.yaml"", ""profiles.yaml""]","[{""doc"": ""profiles.yaml"", ""node"": ""profiles:beserkers"", ""path"": ""profiles[beserkers].equipment_restrictions[0]"", ""op"": ""remove"", ""old"": ""May select weapons from the Hero Equipment List, but may never wear armour."", ""new"": null, ""i18n_only"": false}]","[""mordheim_knowledge/loader.py:load_bands -> package profiles (equipment_restrictions)"", ""mordheim_construction/eligibility.py:package_facts -> projects equipment_restrictions, drops *_i18n"", ""mordheim_construction/eligibility.py:desktop_call -> _eligibility.js bridge.ts:desktopCall"", ""typescript/domain/eligibility/index.ts:310-313 boundEquipment reads structured profile.equipment-restrictions bindings"", ""typescript/domain/eligibility/index.ts:403-405 profileSelections reads the free-text keyword branch"", ""mordheim_construction/restrictions.py:_validate_profile_selections -> compiler.validate order (boundEquipment before profileSelections)"", ""mordheim_construction/selection.py:_profile / _applicable_rules (package facts and automatic rules)""]","{""level"": ""observed"", ""summary"": ""No current decision change reproduced: the removed armour text is compensated by structured profile.equipment-restrictions bindings; the same build compiles to the same outcome against live and eb85e95 KB."", ""classes"": [""structured-binding-compensation""], ""reproductions"": [{""compile_outcome"": null, ""eb85e95"": null, ""evidence"": ""matrix"", ""live"": null, ""profile_id"": ""beserkers"", ""scenario"": ""matrix-beserkers""}], ""limitation"": ""Current maintained consumer over historical data; the historical engine behaviour is not proven. Presentation consumers still render the field. No pin was changed by this lot.""}","[""build/cache/t13-parallel/context-data-review/context-diff.json#CTX-mordheim-norse-explorers-lustria"", ""build/cache/t13-parallel/context-data-review/compensation-check.json"", ""build/cache/t13-parallel/context-data-review/repro-matrix.json"", ""build/cache/t13-parallel/context-data-review/repro-compile.json"", ""build/cache/t13-parallel/context-data-review/repro-stages.json"", ""build/cache/t13-parallel/context-data-review/rule-rows-check.json"", ""build/cache/t13-parallel/context-data-review/access-probe.json"", ""build/cache/t13-parallel/context-data-review/entry-state.json""]","[""T13-F001""]",Coordinator decision required: whether the live fingerprint may replace the eb85e95 pin for this pair after reviewing the compensated removal group CTX-mordheim-norse-explorers-lustria and its consumers. This lot changed no pin.,special-rule.band--norse-special-skills-berserk-charge,https://mordheimer.net/docs/warbands/grade-1b-warbands/norse,snapshot_content_change,sources/knowledge/bands/mordheim/norse-explorers-lustria,mordheim,norse-explorers-lustria,True,1,8,"{""equipment-access.yaml"": {""name_i18n"": 3, ""notes_i18n"": 3}, ""profiles.yaml"": {""equipment_restrictions_i18n"": 2}}","[{""profile_id"": ""beserkers"", ""removed_texts"": [""May select weapons from the Hero Equipment List, but may never wear armour.""]}]","[{""compile_outcome"": null, ""eb85e95"": null, ""evidence"": ""matrix"", ""live"": null, ""profile_id"": ""beserkers"", ""scenario"": ""matrix-beserkers""}]",structured-binding-compensation
FP-0052,tests/specs/semantic/grants/editorial-construct-armour.yaml,editorial-construct-armour-stone-golem,rule/trollheim/khemri-tomb-guardians/stone-golem--stone-body/trait.natural-armour-save,sources/knowledge/bands/trollheim/khemri-tomb-guardians/special-rules.yaml,stone-golem--stone-body,47e5f2f116b8fdd08ff06eaeab9f900ca74601f1c45e2c7244cd49c728902bde,dc339fb43cde7542f1c41b76635ff05d62d0541b518b3788019fb4e3c2a5b314,CTX-trollheim-khemri-tomb-guardians,"[""equipment-access.yaml"", ""profiles.yaml""]","[{""doc"": ""profiles.yaml"", ""node"": ""profiles:mortuary-priest"", ""path"": ""profiles[mortuary-priest].equipment_restrictions[0]"", ""op"": ""remove"", ""old"": ""May select weapons from the Mortuary Priest Equipment List, but may never wear armour because it interferes with the Priest's powers."", ""new"": null, ""i18n_only"": false}]","[""mordheim_knowledge/loader.py:load_bands -> package profiles (equipment_restrictions)"", ""mordheim_construction/eligibility.py:package_facts -> projects equipment_restrictions, drops *_i18n"", ""mordheim_construction/eligibility.py:desktop_call -> _eligibility.js bridge.ts:desktopCall"", ""typescript/domain/eligibility/index.ts:310-313 boundEquipment reads structured profile.equipment-restrictions bindings"", ""typescript/domain/eligibility/index.ts:403-405 profileSelections reads the free-text keyword branch"", ""mordheim_construction/restrictions.py:_validate_profile_selections -> compiler.validate order (boundEquipment before profileSelections)"", ""mordheim_construction/selection.py:_profile / _applicable_rules (package facts and automatic rules)""]","{""level"": ""observed"", ""summary"": ""No current decision change reproduced: the removed armour text is compensated by structured profile.equipment-restrictions bindings; the same build compiles to the same outcome against live and eb85e95 KB."", ""classes"": [""structured-binding-compensation""], ""reproductions"": [{""compile_outcome"": null, ""eb85e95"": null, ""evidence"": ""matrix"", ""live"": null, ""profile_id"": ""mortuary-priest"", ""scenario"": ""matrix-mortuary-priest""}], ""limitation"": ""Current maintained consumer over historical data; the historical engine behaviour is not proven. Presentation consumers still render the field. No pin was changed by this lot.""}","[""build/cache/t13-parallel/context-data-review/context-diff.json#CTX-trollheim-khemri-tomb-guardians"", ""build/cache/t13-parallel/context-data-review/compensation-check.json"", ""build/cache/t13-parallel/context-data-review/repro-matrix.json"", ""build/cache/t13-parallel/context-data-review/repro-compile.json"", ""build/cache/t13-parallel/context-data-review/repro-stages.json"", ""build/cache/t13-parallel/context-data-review/rule-rows-check.json"", ""build/cache/t13-parallel/context-data-review/access-probe.json"", ""build/cache/t13-parallel/context-data-review/entry-state.json""]","[""T13-F001""]",Coordinator decision required: whether the live fingerprint may replace the eb85e95 pin for this pair after reviewing the compensated removal group CTX-trollheim-khemri-tomb-guardians and its consumers. This lot changed no pin.,trait.natural-armour-save,,snapshot_content_change,sources/knowledge/bands/trollheim/khemri-tomb-guardians,trollheim,khemri-tomb-guardians,True,1,11,"{""equipment-access.yaml"": {""name_i18n"": 2, ""notes_i18n"": 6}, ""profiles.yaml"": {""equipment_restrictions_i18n"": 3}}","[{""profile_id"": ""mortuary-priest"", ""removed_texts"": [""May select weapons from the Mortuary Priest Equipment List, but may never wear armour because it interferes with the Priest's powers.""]}]","[{""compile_outcome"": null, ""eb85e95"": null, ""evidence"": ""matrix"", ""live"": null, ""profile_id"": ""mortuary-priest"", ""scenario"": ""matrix-mortuary-priest""}]",structured-binding-compensation
FP-0060,tests/specs/semantic/grants/editorial-crushing-blow.yaml,editorial-crushing-blow-grants,rule/mordheim/norse-explorers-btb/band--norse-special-skills-crushing-blow/skill.crushing-blow,sources/knowledge/bands/mordheim/norse-explorers-btb/special-rules.yaml,band--norse-special-skills-crushing-blow,59f30512f55d4c08bbf68ac171d3188e82a2dbc998a0594d9936873472f42295,887a7e540939ac4cb77a5cff8c9f51f91a6514692485b026795172f56e43cd18,CTX-mordheim-norse-explorers-btb,"[""equipment-access.yaml"", ""profiles.yaml""]","[{""doc"": ""profiles.yaml"", ""node"": ""profiles:beserkers"", ""path"": ""profiles[beserkers].equipment_restrictions[0]"", ""op"": ""remove"", ""old"": ""May select weapons from the Hero Equipment List, but may never wear armour."", ""new"": null, ""i18n_only"": false}]","[""mordheim_knowledge/loader.py:load_bands -> package profiles (equipment_restrictions)"", ""mordheim_construction/eligibility.py:package_facts -> projects equipment_restrictions, drops *_i18n"", ""mordheim_construction/eligibility.py:desktop_call -> _eligibility.js bridge.ts:desktopCall"", ""typescript/domain/eligibility/index.ts:310-313 boundEquipment reads structured profile.equipment-restrictions bindings"", ""typescript/domain/eligibility/index.ts:403-405 profileSelections reads the free-text keyword branch"", ""mordheim_construction/restrictions.py:_validate_profile_selections -> compiler.validate order (boundEquipment before profileSelections)"", ""mordheim_construction/selection.py:_profile / _applicable_rules (package facts and automatic rules)""]","{""level"": ""observed"", ""summary"": ""No current decision change reproduced: the removed armour text is compensated by structured profile.equipment-restrictions bindings; the same build compiles to the same outcome against live and eb85e95 KB."", ""classes"": [""structured-binding-compensation""], ""reproductions"": [{""compile_outcome"": null, ""eb85e95"": null, ""evidence"": ""matrix"", ""live"": null, ""profile_id"": ""beserkers"", ""scenario"": ""matrix-beserkers""}], ""limitation"": ""Current maintained consumer over historical data; the historical engine behaviour is not proven. Presentation consumers still render the field. No pin was changed by this lot.""}","[""build/cache/t13-parallel/context-data-review/context-diff.json#CTX-mordheim-norse-explorers-btb"", ""build/cache/t13-parallel/context-data-review/compensation-check.json"", ""build/cache/t13-parallel/context-data-review/repro-matrix.json"", ""build/cache/t13-parallel/context-data-review/repro-compile.json"", ""build/cache/t13-parallel/context-data-review/repro-stages.json"", ""build/cache/t13-parallel/context-data-review/rule-rows-check.json"", ""build/cache/t13-parallel/context-data-review/access-probe.json"", ""build/cache/t13-parallel/context-data-review/entry-state.json""]","[""T13-F001""]",Coordinator decision required: whether the live fingerprint may replace the eb85e95 pin for this pair after reviewing the compensated removal group CTX-mordheim-norse-explorers-btb and its consumers. This lot changed no pin.,skill.crushing-blow,https://mordheimer.net/docs/warbands/grade-1b-warbands/norse,snapshot_content_change,sources/knowledge/bands/mordheim/norse-explorers-btb,mordheim,norse-explorers-btb,True,1,8,"{""equipment-access.yaml"": {""name_i18n"": 3, ""notes_i18n"": 3}, ""profiles.yaml"": {""equipment_restrictions_i18n"": 2}}","[{""profile_id"": ""beserkers"", ""removed_texts"": [""May select weapons from the Hero Equipment List, but may never wear armour.""]}]","[{""compile_outcome"": null, ""eb85e95"": null, ""evidence"": ""matrix"", ""live"": null, ""profile_id"": ""beserkers"", ""scenario"": ""matrix-beserkers""}]",structured-binding-compensation
FP-0061,tests/specs/semantic/grants/editorial-crushing-blow.yaml,editorial-crushing-blow-grants,rule/mordheim/norse-explorers-lustria/band--norse-special-skills-crushing-blow/skill.crushing-blow,sources/knowledge/bands/mordheim/norse-explorers-lustria/special-rules.yaml,band--norse-special-skills-crushing-blow,820fec4d725b354b96e77b6892a69960e3d30b352c7d747632b437a254911bc2,61c1604b2c892912002595662b575dfbf1967fc97809b83393359ee1a20c80ab,CTX-mordheim-norse-explorers-lustria,"[""equipment-access.yaml"", ""profiles.yaml""]","[{""doc"": ""profiles.yaml"", ""node"": ""profiles:beserkers"", ""path"": ""profiles[beserkers].equipment_restrictions[0]"", ""op"": ""remove"", ""old"": ""May select weapons from the Hero Equipment List, but may never wear armour."", ""new"": null, ""i18n_only"": false}]","[""mordheim_knowledge/loader.py:load_bands -> package profiles (equipment_restrictions)"", ""mordheim_construction/eligibility.py:package_facts -> projects equipment_restrictions, drops *_i18n"", ""mordheim_construction/eligibility.py:desktop_call -> _eligibility.js bridge.ts:desktopCall"", ""typescript/domain/eligibility/index.ts:310-313 boundEquipment reads structured profile.equipment-restrictions bindings"", ""typescript/domain/eligibility/index.ts:403-405 profileSelections reads the free-text keyword branch"", ""mordheim_construction/restrictions.py:_validate_profile_selections -> compiler.validate order (boundEquipment before profileSelections)"", ""mordheim_construction/selection.py:_profile / _applicable_rules (package facts and automatic rules)""]","{""level"": ""observed"", ""summary"": ""No current decision change reproduced: the removed armour text is compensated by structured profile.equipment-restrictions bindings; the same build compiles to the same outcome against live and eb85e95 KB."", ""classes"": [""structured-binding-compensation""], ""reproductions"": [{""compile_outcome"": null, ""eb85e95"": null, ""evidence"": ""matrix"", ""live"": null, ""profile_id"": ""beserkers"", ""scenario"": ""matrix-beserkers""}], ""limitation"": ""Current maintained consumer over historical data; the historical engine behaviour is not proven. Presentation consumers still render the field. No pin was changed by this lot.""}","[""build/cache/t13-parallel/context-data-review/context-diff.json#CTX-mordheim-norse-explorers-lustria"", ""build/cache/t13-parallel/context-data-review/compensation-check.json"", ""build/cache/t13-parallel/context-data-review/repro-matrix.json"", ""build/cache/t13-parallel/context-data-review/repro-compile.json"", ""build/cache/t13-parallel/context-data-review/repro-stages.json"", ""build/cache/t13-parallel/context-data-review/rule-rows-check.json"", ""build/cache/t13-parallel/context-data-review/access-probe.json"", ""build/cache/t13-parallel/context-data-review/entry-state.json""]","[""T13-F001""]",Coordinator decision required: whether the live fingerprint may replace the eb85e95 pin for this pair after reviewing the compensated removal group CTX-mordheim-norse-explorers-lustria and its consumers. This lot changed no pin.,skill.crushing-blow,https://mordheimer.net/docs/warbands/grade-1b-warbands/norse,snapshot_content_change,sources/knowledge/bands/mordheim/norse-explorers-lustria,mordheim,norse-explorers-lustria,True,1,8,"{""equipment-access.yaml"": {""name_i18n"": 3, ""notes_i18n"": 3}, ""profiles.yaml"": {""equipment_restrictions_i18n"": 2}}","[{""profile_id"": ""beserkers"", ""removed_texts"": [""May select weapons from the Hero Equipment List, but may never wear armour.""]}]","[{""compile_outcome"": null, ""eb85e95"": null, ""evidence"": ""matrix"", ""live"": null, ""profile_id"": ""beserkers"", ""scenario"": ""matrix-beserkers""}]",structured-binding-compensation
FP-0078,tests/specs/semantic/grants/editorial-equipment-vows.yaml,equipment-vows-bretonnian-chapel-guard-questing-knight,rule/mordheim/bretonnian-chapel-guard/questing-knight--vow-of-poverty/profile.equipment-restrictions,sources/knowledge/bands/mordheim/bretonnian-chapel-guard/special-rules.yaml,questing-knight--vow-of-poverty,82b4e0d49f5b7f18f8a862b8817afa682f1b8e8d3110d444f680976c8cf574f0,ec308f950c62cd9d98522a8a75cc893a6f1059fd57acee9ad206566d8318a0b3,CTX-mordheim-bretonnian-chapel-guard,"[""equipment-access.yaml"", ""profiles.yaml""]","[{""doc"": ""profiles.yaml"", ""node"": ""profiles:knights-errant"", ""path"": ""profiles[knights-errant].equipment_restrictions[0]"", ""op"": ""remove"", ""old"": ""May not wear a Helmet (Vain)."", ""new"": null, ""i18n_only"": false}, {""doc"": ""profiles.yaml"", ""node"": ""profiles:knights-errant"", ""path"": ""profiles[knights-errant].equipment_restrictions[1]"", ""op"": ""remove"", ""old"": ""As Knights, may not use missile weapons except Holy Water, drugs or poisons, and may not learn spells (prayers are allowed)."", ""new"": null, ""i18n_only"": false}, {""doc"": ""profiles.yaml"", ""node"": ""profiles:questing-knight"", ""path"": ""profiles[questing-knight].equipment_restrictions[0]"", ""op"": ""remove"", ""old"": ""May not take a Lance (Vow of Poverty)."", ""new"": null, ""i18n_only"": false}, {""doc"": ""profiles.yaml"", ""node"": ""profiles:questing-knight"", ""path"": ""profiles[questing-knight].equipment_restrictions[1]"", ""op"": ""remove"", ""old"": ""As a Knight, may not use missile weapons except Holy Water, drugs or poisons, and may not learn spells (prayers are allowed)."", ""new"": null, ""i18n_only"": false}]","[""mordheim_knowledge/loader.py:load_bands -> package profiles (equipment_restrictions)"", ""mordheim_construction/eligibility.py:package_facts -> projects equipment_restrictions, drops *_i18n"", ""mordheim_construction/eligibility.py:desktop_call -> _eligibility.js bridge.ts:desktopCall"", ""typescript/domain/eligibility/index.ts:310-313 boundEquipment reads structured profile.equipment-restrictions bindings"", ""typescript/domain/eligibility/index.ts:403-405 profileSelections reads the free-text keyword branch"", ""mordheim_construction/restrictions.py:_validate_profile_selections -> compiler.validate order (boundEquipment before profileSelections)"", ""mordheim_construction/selection.py:_profile / _applicable_rules (package facts and automatic rules)"", ""typescript/application/rules/warband-reference.ts:108-120 (display: structured rule effect, free-text fallback)"", ""tools/knowledge/generate_knowledge_web.py:634-637 (profile_restrictions + equipment_restrictions_i18n)"", ""packages/typescript/domain/campaign/construction.ts:335 (campaign projection of equipment_restrictions)"", ""packages/python/campaign/mordheim_campaign/application/knowledge_port.py:335 (blocker only when equipment_lists is empty)""]","{""level"": ""observed"", ""summary"": ""No current decision change reproduced for the removed text class; the text matches no maintained keyword branch and its structured binding (helmet/lance) is unchanged between revisions."", ""classes"": [""no-maintained-keyword""], ""reproductions"": [{""compile_outcome"": null, ""eb85e95"": ""accepted"", ""evidence"": ""compile"", ""live"": ""accepted"", ""profile_id"": ""questing-knight"", ""scenario"": ""control-questing-knight-armour""}, {""compile_outcome"": null, ""eb85e95"": ""helmet is forbidden for bretonnian-chapel-guard/knights-errant"", ""evidence"": ""stages"", ""live"": ""helmet is forbidden for bretonnian-chapel-guard/knights-errant"", ""profile_id"": ""knights-errant"", ""scenario"": ""changed-helmet-text-knights-errant""}, {""compile_outcome"": null, ""eb85e95"": ""rejected"", ""evidence"": ""compile"", ""live"": ""rejected"", ""profile_id"": ""knights-errant"", ""scenario"": ""helmet-text-knights-errant""}, {""compile_outcome"": null, ""eb85e95"": null, ""evidence"": ""matrix"", ""live"": null, ""profile_id"": ""knights-errant"", ""scenario"": ""matrix-knights-errant""}, {""compile_outcome"": null, ""eb85e95"": null, ""evidence"": ""matrix"", ""live"": null, ""profile_id"": ""questing-knight"", ""scenario"": ""matrix-questing-knight""}, {""compile_outcome"": null, ""eb85e95"": null, ""evidence"": ""stages"", ""live"": null, ""profile_id"": ""questing-knight"", ""scenario"": ""control-unchanged-questing-knight-armour""}], ""limitation"": ""Current maintained consumer over historical data; the historical engine behaviour is not proven. Presentation consumers still render the field. No pin was changed by this lot.""}","[""build/cache/t13-parallel/context-data-review/context-diff.json#CTX-mordheim-bretonnian-chapel-guard"", ""build/cache/t13-parallel/context-data-review/compensation-check.json"", ""build/cache/t13-parallel/context-data-review/repro-matrix.json"", ""build/cache/t13-parallel/context-data-review/repro-compile.json"", ""build/cache/t13-parallel/context-data-review/repro-stages.json"", ""build/cache/t13-parallel/context-data-review/rule-rows-check.json"", ""build/cache/t13-parallel/context-data-review/access-probe.json"", ""build/cache/t13-parallel/context-data-review/entry-state.json""]","[""T13-F001""]",Coordinator decision required: whether the live fingerprint may replace the eb85e95 pin for this pair after reviewing the compensated removal group CTX-mordheim-bretonnian-chapel-guard and its consumers. This lot changed no pin.,profile.equipment-restrictions,https://mordheimer.net/docs/warbands/grade-1c-warbands/bretonnian-chapel-guard,snapshot_content_change,sources/knowledge/bands/mordheim/bretonnian-chapel-guard,mordheim,bretonnian-chapel-guard,True,4,8,"{""equipment-access.yaml"": {""name_i18n"": 3, ""notes_i18n"": 3}, ""profiles.yaml"": {""equipment_restrictions_i18n"": 2}}","[{""profile_id"": ""knights-errant"", ""removed_texts"": [""May not wear a Helmet (Vain)."", ""As Knights, may not use missile weapons except Holy Water, drugs or poisons, and may not learn spells (prayers are allowed).""]}, {""profile_id"": ""questing-knight"", ""removed_texts"": [""May not take a Lance (Vow of Poverty)."", ""As a Knight, may not use missile weapons except Holy Water, drugs or poisons, and may not learn spells (prayers are allowed).""]}]","[{""compile_outcome"": null, ""eb85e95"": ""accepted"", ""evidence"": ""compile"", ""live"": ""accepted"", ""profile_id"": ""questing-knight"", ""scenario"": ""control-questing-knight-armour""}, {""compile_outcome"": null, ""eb85e95"": ""helmet is forbidden for bretonnian-chapel-guard/knights-errant"", ""evidence"": ""stages"", ""live"": ""helmet is forbidden for bretonnian-chapel-guard/knights-errant"", ""profile_id"": ""knights-errant"", ""scenario"": ""changed-helmet-text-knights-errant""}, {""compile_outcome"": null, ""eb85e95"": ""rejected"", ""evidence"": ""compile"", ""live"": ""rejected"", ""profile_id"": ""knights-errant"", ""scenario"": ""helmet-text-knights-errant""}, {""compile_outcome"": null, ""eb85e95"": null, ""evidence"": ""matrix"", ""live"": null, ""profile_id"": ""knights-errant"", ""scenario"": ""matrix-knights-errant""}, {""compile_outcome"": null, ""eb85e95"": null, ""evidence"": ""matrix"", ""live"": null, ""profile_id"": ""questing-knight"", ""scenario"": ""matrix-questing-knight""}, {""compile_outcome"": null, ""eb85e95"": null, ""evidence"": ""stages"", ""live"": null, ""profile_id"": ""questing-knight"", ""scenario"": ""control-unchanged-questing-knight-armour""}]",no-maintained-keyword
FP-0079,tests/specs/semantic/grants/editorial-equipment-vows.yaml,equipment-vows-bretonnian-chapel-guard-knights-errant,rule/mordheim/bretonnian-chapel-guard/knights-errant--vain/profile.equipment-restrictions,sources/knowledge/bands/mordheim/bretonnian-chapel-guard/special-rules.yaml,knights-errant--vain,6767421cf96874558db2071f1745cbd501e93c0c4c2d940edb3fc1c8904bdd70,24f28da7aa199cc3672ef8c5afc84b5941fa738ba3cf920fd6c555ff49cca8f1,CTX-mordheim-bretonnian-chapel-guard,"[""equipment-access.yaml"", ""profiles.yaml""]","[{""doc"": ""profiles.yaml"", ""node"": ""profiles:knights-errant"", ""path"": ""profiles[knights-errant].equipment_restrictions[0]"", ""op"": ""remove"", ""old"": ""May not wear a Helmet (Vain)."", ""new"": null, ""i18n_only"": false}, {""doc"": ""profiles.yaml"", ""node"": ""profiles:knights-errant"", ""path"": ""profiles[knights-errant].equipment_restrictions[1]"", ""op"": ""remove"", ""old"": ""As Knights, may not use missile weapons except Holy Water, drugs or poisons, and may not learn spells (prayers are allowed)."", ""new"": null, ""i18n_only"": false}, {""doc"": ""profiles.yaml"", ""node"": ""profiles:questing-knight"", ""path"": ""profiles[questing-knight].equipment_restrictions[0]"", ""op"": ""remove"", ""old"": ""May not take a Lance (Vow of Poverty)."", ""new"": null, ""i18n_only"": false}, {""doc"": ""profiles.yaml"", ""node"": ""profiles:questing-knight"", ""path"": ""profiles[questing-knight].equipment_restrictions[1]"", ""op"": ""remove"", ""old"": ""As a Knight, may not use missile weapons except Holy Water, drugs or poisons, and may not learn spells (prayers are allowed)."", ""new"": null, ""i18n_only"": false}]","[""mordheim_knowledge/loader.py:load_bands -> package profiles (equipment_restrictions)"", ""mordheim_construction/eligibility.py:package_facts -> projects equipment_restrictions, drops *_i18n"", ""mordheim_construction/eligibility.py:desktop_call -> _eligibility.js bridge.ts:desktopCall"", ""typescript/domain/eligibility/index.ts:310-313 boundEquipment reads structured profile.equipment-restrictions bindings"", ""typescript/domain/eligibility/index.ts:403-405 profileSelections reads the free-text keyword branch"", ""mordheim_construction/restrictions.py:_validate_profile_selections -> compiler.validate order (boundEquipment before profileSelections)"", ""mordheim_construction/selection.py:_profile / _applicable_rules (package facts and automatic rules)"", ""typescript/application/rules/warband-reference.ts:108-120 (display: structured rule effect, free-text fallback)"", ""tools/knowledge/generate_knowledge_web.py:634-637 (profile_restrictions + equipment_restrictions_i18n)"", ""packages/typescript/domain/campaign/construction.ts:335 (campaign projection of equipment_restrictions)"", ""packages/python/campaign/mordheim_campaign/application/knowledge_port.py:335 (blocker only when equipment_lists is empty)""]","{""level"": ""observed"", ""summary"": ""No current decision change reproduced for the removed text class; the text matches no maintained keyword branch and its structured binding (helmet/lance) is unchanged between revisions."", ""classes"": [""no-maintained-keyword""], ""reproductions"": [{""compile_outcome"": null, ""eb85e95"": ""accepted"", ""evidence"": ""compile"", ""live"": ""accepted"", ""profile_id"": ""questing-knight"", ""scenario"": ""control-questing-knight-armour""}, {""compile_outcome"": null, ""eb85e95"": ""helmet is forbidden for bretonnian-chapel-guard/knights-errant"", ""evidence"": ""stages"", ""live"": ""helmet is forbidden for bretonnian-chapel-guard/knights-errant"", ""profile_id"": ""knights-errant"", ""scenario"": ""changed-helmet-text-knights-errant""}, {""compile_outcome"": null, ""eb85e95"": ""rejected"", ""evidence"": ""compile"", ""live"": ""rejected"", ""profile_id"": ""knights-errant"", ""scenario"": ""helmet-text-knights-errant""}, {""compile_outcome"": null, ""eb85e95"": null, ""evidence"": ""matrix"", ""live"": null, ""profile_id"": ""knights-errant"", ""scenario"": ""matrix-knights-errant""}, {""compile_outcome"": null, ""eb85e95"": null, ""evidence"": ""matrix"", ""live"": null, ""profile_id"": ""questing-knight"", ""scenario"": ""matrix-questing-knight""}, {""compile_outcome"": null, ""eb85e95"": null, ""evidence"": ""stages"", ""live"": null, ""profile_id"": ""questing-knight"", ""scenario"": ""control-unchanged-questing-knight-armour""}], ""limitation"": ""Current maintained consumer over historical data; the historical engine behaviour is not proven. Presentation consumers still render the field. No pin was changed by this lot.""}","[""build/cache/t13-parallel/context-data-review/context-diff.json#CTX-mordheim-bretonnian-chapel-guard"", ""build/cache/t13-parallel/context-data-review/compensation-check.json"", ""build/cache/t13-parallel/context-data-review/repro-matrix.json"", ""build/cache/t13-parallel/context-data-review/repro-compile.json"", ""build/cache/t13-parallel/context-data-review/repro-stages.json"", ""build/cache/t13-parallel/context-data-review/rule-rows-check.json"", ""build/cache/t13-parallel/context-data-review/access-probe.json"", ""build/cache/t13-parallel/context-data-review/entry-state.json""]","[""T13-F001""]",Coordinator decision required: whether the live fingerprint may replace the eb85e95 pin for this pair after reviewing the compensated removal group CTX-mordheim-bretonnian-chapel-guard and its consumers. This lot changed no pin.,profile.equipment-restrictions,https://mordheimer.net/docs/warbands/grade-1c-warbands/bretonnian-chapel-guard,snapshot_content_change,sources/knowledge/bands/mordheim/bretonnian-chapel-guard,mordheim,bretonnian-chapel-guard,True,4,8,"{""equipment-access.yaml"": {""name_i18n"": 3, ""notes_i18n"": 3}, ""profiles.yaml"": {""equipment_restrictions_i18n"": 2}}","[{""profile_id"": ""knights-errant"", ""removed_texts"": [""May not wear a Helmet (Vain)."", ""As Knights, may not use missile weapons except Holy Water, drugs or poisons, and may not learn spells (prayers are allowed).""]}, {""profile_id"": ""questing-knight"", ""removed_texts"": [""May not take a Lance (Vow of Poverty)."", ""As a Knight, may not use missile weapons except Holy Water, drugs or poisons, and may not learn spells (prayers are allowed).""]}]","[{""compile_outcome"": null, ""eb85e95"": ""accepted"", ""evidence"": ""compile"", ""live"": ""accepted"", ""profile_id"": ""questing-knight"", ""scenario"": ""control-questing-knight-armour""}, {""compile_outcome"": null, ""eb85e95"": ""helmet is forbidden for bretonnian-chapel-guard/knights-errant"", ""evidence"": ""stages"", ""live"": ""helmet is forbidden for bretonnian-chapel-guard/knights-errant"", ""profile_id"": ""knights-errant"", ""scenario"": ""changed-helmet-text-knights-errant""}, {""compile_outcome"": null, ""eb85e95"": ""rejected"", ""evidence"": ""compile"", ""live"": ""rejected"", ""profile_id"": ""knights-errant"", ""scenario"": ""helmet-text-knights-errant""}, {""compile_outcome"": null, ""eb85e95"": null, ""evidence"": ""matrix"", ""live"": null, ""profile_id"": ""knights-errant"", ""scenario"": ""matrix-knights-errant""}, {""compile_outcome"": null, ""eb85e95"": null, ""evidence"": ""matrix"", ""live"": null, ""profile_id"": ""questing-knight"", ""scenario"": ""matrix-questing-knight""}, {""compile_outcome"": null, ""eb85e95"": null, ""evidence"": ""stages"", ""live"": null, ""profile_id"": ""questing-knight"", ""scenario"": ""control-unchanged-questing-knight-armour""}]",no-maintained-keyword
FP-0080,tests/specs/semantic/grants/editorial-equipment-vows.yaml,equipment-vows-horned-hunters-priest-of-taal,rule/mordheim/horned-hunters/priest-of-taal--strictures/profile.equipment-restrictions,sources/knowledge/bands/mordheim/horned-hunters/special-rules.yaml,priest-of-taal--strictures,23d89c1ff7b9f1b2a46e62427d6820aa63013b0a75d2d751cd370af54a7f27e0,573f0957f9bf4f2e6e46d434e3181a4ab0cdf40eb57ef613b0faf79cfe5ac2a7,CTX-mordheim-horned-hunters,"[""equipment-access.yaml"", ""profiles.yaml""]","[{""doc"": ""profiles.yaml"", ""node"": ""profiles:initiates"", ""path"": ""profiles[initiates].equipment_restrictions[0]"", ""op"": ""remove"", ""old"": ""May select weapons from the Horned Hunter Equipment List."", ""new"": null, ""i18n_only"": false}, {""doc"": ""profiles.yaml"", ""node"": ""profiles:initiates"", ""path"": ""profiles[initiates].equipment_restrictions[1]"", ""op"": ""remove"", ""old"": ""May never wear armour (Strictures)."", ""new"": null, ""i18n_only"": false}, {""doc"": ""profiles.yaml"", ""node"": ""profiles:zealots"", ""path"": ""profiles[zealots].equipment_restrictions[0]"", ""op"": ""remove"", ""old"": ""May select weapons from the Henchmen Equipment List."", ""new"": null, ""i18n_only"": false}, {""doc"": ""profiles.yaml"", ""node"": ""profiles:zealots"", ""path"": ""profiles[zealots].equipment_restrictions[1]"", ""op"": ""remove"", ""old"": ""May never wear armour (Strictures)."", ""new"": null, ""i18n_only"": false}]","[""mordheim_knowledge/loader.py:load_bands -> package profiles (equipment_restrictions)"", ""mordheim_construction/eligibility.py:package_facts -> projects equipment_restrictions, drops *_i18n"", ""mordheim_construction/eligibility.py:desktop_call -> _eligibility.js bridge.ts:desktopCall"", ""typescript/domain/eligibility/index.ts:310-313 boundEquipment reads structured profile.equipment-restrictions bindings"", ""typescript/domain/eligibility/index.ts:403-405 profileSelections reads the free-text keyword branch"", ""mordheim_construction/restrictions.py:_validate_profile_selections -> compiler.validate order (boundEquipment before profileSelections)"", ""mordheim_construction/selection.py:_profile / _applicable_rules (package facts and automatic rules)""]","{""level"": ""observed"", ""summary"": ""No current decision change reproduced: the removed armour text is compensated by structured profile.equipment-restrictions bindings; the same build compiles to the same outcome against live and eb85e95 KB."", ""classes"": [""structured-binding-compensation""], ""reproductions"": [{""compile_outcome"": null, ""eb85e95"": ""rejected"", ""evidence"": ""compile"", ""live"": ""rejected"", ""profile_id"": ""initiates"", ""scenario"": ""armour-ban-horned-hunters""}, {""compile_outcome"": null, ""eb85e95"": null, ""evidence"": ""matrix"", ""live"": null, ""profile_id"": ""initiates"", ""scenario"": ""matrix-initiates""}, {""compile_outcome"": null, ""eb85e95"": null, ""evidence"": ""matrix"", ""live"": null, ""profile_id"": ""zealots"", ""scenario"": ""matrix-zealots""}], ""limitation"": ""Current maintained consumer over historical data; the historical engine behaviour is not proven. Presentation consumers still render the field. No pin was changed by this lot.""}","[""build/cache/t13-parallel/context-data-review/context-diff.json#CTX-mordheim-horned-hunters"", ""build/cache/t13-parallel/context-data-review/compensation-check.json"", ""build/cache/t13-parallel/context-data-review/repro-matrix.json"", ""build/cache/t13-parallel/context-data-review/repro-compile.json"", ""build/cache/t13-parallel/context-data-review/repro-stages.json"", ""build/cache/t13-parallel/context-data-review/rule-rows-check.json"", ""build/cache/t13-parallel/context-data-review/access-probe.json"", ""build/cache/t13-parallel/context-data-review/entry-state.json""]","[""T13-F001""]",Coordinator decision required: whether the live fingerprint may replace the eb85e95 pin for this pair after reviewing the compensated removal group CTX-mordheim-horned-hunters and its consumers. This lot changed no pin.,profile.equipment-restrictions,https://mordheimer.net/docs/warbands/grade-1b-warbands/horned-hunters,snapshot_content_change,sources/knowledge/bands/mordheim/horned-hunters,mordheim,horned-hunters,True,4,7,"{""equipment-access.yaml"": {""name_i18n"": 2, ""notes_i18n"": 2}, ""profiles.yaml"": {""equipment_restrictions_i18n"": 3}}","[{""profile_id"": ""initiates"", ""removed_texts"": [""May select weapons from the Horned Hunter Equipment List."", ""May never wear armour (Strictures).""]}, {""profile_id"": ""zealots"", ""removed_texts"": [""May select weapons from the Henchmen Equipment List."", ""May never wear armour (Strictures).""]}]","[{""compile_outcome"": null, ""eb85e95"": ""rejected"", ""evidence"": ""compile"", ""live"": ""rejected"", ""profile_id"": ""initiates"", ""scenario"": ""armour-ban-horned-hunters""}, {""compile_outcome"": null, ""eb85e95"": null, ""evidence"": ""matrix"", ""live"": null, ""profile_id"": ""initiates"", ""scenario"": ""matrix-initiates""}, {""compile_outcome"": null, ""eb85e95"": null, ""evidence"": ""matrix"", ""live"": null, ""profile_id"": ""zealots"", ""scenario"": ""matrix-zealots""}]",structured-binding-compensation
FP-0082,tests/specs/semantic/grants/editorial-equipment-vows.yaml,equipment-vows-horned-hunters-initiates,rule/mordheim/horned-hunters/initiates--strictures/profile.equipment-restrictions,sources/knowledge/bands/mordheim/horned-hunters/special-rules.yaml,initiates--strictures,2ec333601655b5b5708319f2d76530f292dae5ab73cb0d5e3ea816ae5450e890,826b4047409b461aba25e02148fc8cf3b8637f917c00a79d17e9227a97a008a0,CTX-mordheim-horned-hunters,"[""equipment-access.yaml"", ""profiles.yaml""]","[{""doc"": ""profiles.yaml"", ""node"": ""profiles:initiates"", ""path"": ""profiles[initiates].equipment_restrictions[0]"", ""op"": ""remove"", ""old"": ""May select weapons from the Horned Hunter Equipment List."", ""new"": null, ""i18n_only"": false}, {""doc"": ""profiles.yaml"", ""node"": ""profiles:initiates"", ""path"": ""profiles[initiates].equipment_restrictions[1]"", ""op"": ""remove"", ""old"": ""May never wear armour (Strictures)."", ""new"": null, ""i18n_only"": false}, {""doc"": ""profiles.yaml"", ""node"": ""profiles:zealots"", ""path"": ""profiles[zealots].equipment_restrictions[0]"", ""op"": ""remove"", ""old"": ""May select weapons from the Henchmen Equipment List."", ""new"": null, ""i18n_only"": false}, {""doc"": ""profiles.yaml"", ""node"": ""profiles:zealots"", ""path"": ""profiles[zealots].equipment_restrictions[1]"", ""op"": ""remove"", ""old"": ""May never wear armour (Strictures)."", ""new"": null, ""i18n_only"": false}]","[""mordheim_knowledge/loader.py:load_bands -> package profiles (equipment_restrictions)"", ""mordheim_construction/eligibility.py:package_facts -> projects equipment_restrictions, drops *_i18n"", ""mordheim_construction/eligibility.py:desktop_call -> _eligibility.js bridge.ts:desktopCall"", ""typescript/domain/eligibility/index.ts:310-313 boundEquipment reads structured profile.equipment-restrictions bindings"", ""typescript/domain/eligibility/index.ts:403-405 profileSelections reads the free-text keyword branch"", ""mordheim_construction/restrictions.py:_validate_profile_selections -> compiler.validate order (boundEquipment before profileSelections)"", ""mordheim_construction/selection.py:_profile / _applicable_rules (package facts and automatic rules)""]","{""level"": ""observed"", ""summary"": ""No current decision change reproduced: the removed armour text is compensated by structured profile.equipment-restrictions bindings; the same build compiles to the same outcome against live and eb85e95 KB."", ""classes"": [""structured-binding-compensation""], ""reproductions"": [{""compile_outcome"": null, ""eb85e95"": ""rejected"", ""evidence"": ""compile"", ""live"": ""rejected"", ""profile_id"": ""initiates"", ""scenario"": ""armour-ban-horned-hunters""}, {""compile_outcome"": null, ""eb85e95"": null, ""evidence"": ""matrix"", ""live"": null, ""profile_id"": ""initiates"", ""scenario"": ""matrix-initiates""}, {""compile_outcome"": null, ""eb85e95"": null, ""evidence"": ""matrix"", ""live"": null, ""profile_id"": ""zealots"", ""scenario"": ""matrix-zealots""}], ""limitation"": ""Current maintained consumer over historical data; the historical engine behaviour is not proven. Presentation consumers still render the field. No pin was changed by this lot.""}","[""build/cache/t13-parallel/context-data-review/context-diff.json#CTX-mordheim-horned-hunters"", ""build/cache/t13-parallel/context-data-review/compensation-check.json"", ""build/cache/t13-parallel/context-data-review/repro-matrix.json"", ""build/cache/t13-parallel/context-data-review/repro-compile.json"", ""build/cache/t13-parallel/context-data-review/repro-stages.json"", ""build/cache/t13-parallel/context-data-review/rule-rows-check.json"", ""build/cache/t13-parallel/context-data-review/access-probe.json"", ""build/cache/t13-parallel/context-data-review/entry-state.json""]","[""T13-F001""]",Coordinator decision required: whether the live fingerprint may replace the eb85e95 pin for this pair after reviewing the compensated removal group CTX-mordheim-horned-hunters and its consumers. This lot changed no pin.,profile.equipment-restrictions,https://mordheimer.net/docs/warbands/grade-1b-warbands/horned-hunters,snapshot_content_change,sources/knowledge/bands/mordheim/horned-hunters,mordheim,horned-hunters,True,4,7,"{""equipment-access.yaml"": {""name_i18n"": 2, ""notes_i18n"": 2}, ""profiles.yaml"": {""equipment_restrictions_i18n"": 3}}","[{""profile_id"": ""initiates"", ""removed_texts"": [""May select weapons from the Horned Hunter Equipment List."", ""May never wear armour (Strictures).""]}, {""profile_id"": ""zealots"", ""removed_texts"": [""May select weapons from the Henchmen Equipment List."", ""May never wear armour (Strictures).""]}]","[{""compile_outcome"": null, ""eb85e95"": ""rejected"", ""evidence"": ""compile"", ""live"": ""rejected"", ""profile_id"": ""initiates"", ""scenario"": ""armour-ban-horned-hunters""}, {""compile_outcome"": null, ""eb85e95"": null, ""evidence"": ""matrix"", ""live"": null, ""profile_id"": ""initiates"", ""scenario"": ""matrix-initiates""}, {""compile_outcome"": null, ""eb85e95"": null, ""evidence"": ""matrix"", ""live"": null, ""profile_id"": ""zealots"", ""scenario"": ""matrix-zealots""}]",structured-binding-compensation
FP-0083,tests/specs/semantic/grants/editorial-equipment-vows.yaml,equipment-vows-horned-hunters-zealots,rule/mordheim/horned-hunters/zealots--strictures/profile.equipment-restrictions,sources/knowledge/bands/mordheim/horned-hunters/special-rules.yaml,zealots--strictures,c2f3aa28cd6d6f5a9cf1cde708b7b040eee1f8bcab0ce731bdb33f8094b50cd5,e4daf81d5aab86e1b14c91ef79bc2e713d58798ab0c71055a49cd8beec8bb3f9,CTX-mordheim-horned-hunters,"[""equipment-access.yaml"", ""profiles.yaml""]","[{""doc"": ""profiles.yaml"", ""node"": ""profiles:initiates"", ""path"": ""profiles[initiates].equipment_restrictions[0]"", ""op"": ""remove"", ""old"": ""May select weapons from the Horned Hunter Equipment List."", ""new"": null, ""i18n_only"": false}, {""doc"": ""profiles.yaml"", ""node"": ""profiles:initiates"", ""path"": ""profiles[initiates].equipment_restrictions[1]"", ""op"": ""remove"", ""old"": ""May never wear armour (Strictures)."", ""new"": null, ""i18n_only"": false}, {""doc"": ""profiles.yaml"", ""node"": ""profiles:zealots"", ""path"": ""profiles[zealots].equipment_restrictions[0]"", ""op"": ""remove"", ""old"": ""May select weapons from the Henchmen Equipment List."", ""new"": null, ""i18n_only"": false}, {""doc"": ""profiles.yaml"", ""node"": ""profiles:zealots"", ""path"": ""profiles[zealots].equipment_restrictions[1]"", ""op"": ""remove"", ""old"": ""May never wear armour (Strictures)."", ""new"": null, ""i18n_only"": false}]","[""mordheim_knowledge/loader.py:load_bands -> package profiles (equipment_restrictions)"", ""mordheim_construction/eligibility.py:package_facts -> projects equipment_restrictions, drops *_i18n"", ""mordheim_construction/eligibility.py:desktop_call -> _eligibility.js bridge.ts:desktopCall"", ""typescript/domain/eligibility/index.ts:310-313 boundEquipment reads structured profile.equipment-restrictions bindings"", ""typescript/domain/eligibility/index.ts:403-405 profileSelections reads the free-text keyword branch"", ""mordheim_construction/restrictions.py:_validate_profile_selections -> compiler.validate order (boundEquipment before profileSelections)"", ""mordheim_construction/selection.py:_profile / _applicable_rules (package facts and automatic rules)""]","{""level"": ""observed"", ""summary"": ""No current decision change reproduced: the removed armour text is compensated by structured profile.equipment-restrictions bindings; the same build compiles to the same outcome against live and eb85e95 KB."", ""classes"": [""structured-binding-compensation""], ""reproductions"": [{""compile_outcome"": null, ""eb85e95"": ""rejected"", ""evidence"": ""compile"", ""live"": ""rejected"", ""profile_id"": ""initiates"", ""scenario"": ""armour-ban-horned-hunters""}, {""compile_outcome"": null, ""eb85e95"": null, ""evidence"": ""matrix"", ""live"": null, ""profile_id"": ""initiates"", ""scenario"": ""matrix-initiates""}, {""compile_outcome"": null, ""eb85e95"": null, ""evidence"": ""matrix"", ""live"": null, ""profile_id"": ""zealots"", ""scenario"": ""matrix-zealots""}], ""limitation"": ""Current maintained consumer over historical data; the historical engine behaviour is not proven. Presentation consumers still render the field. No pin was changed by this lot.""}","[""build/cache/t13-parallel/context-data-review/context-diff.json#CTX-mordheim-horned-hunters"", ""build/cache/t13-parallel/context-data-review/compensation-check.json"", ""build/cache/t13-parallel/context-data-review/repro-matrix.json"", ""build/cache/t13-parallel/context-data-review/repro-compile.json"", ""build/cache/t13-parallel/context-data-review/repro-stages.json"", ""build/cache/t13-parallel/context-data-review/rule-rows-check.json"", ""build/cache/t13-parallel/context-data-review/access-probe.json"", ""build/cache/t13-parallel/context-data-review/entry-state.json""]","[""T13-F001""]",Coordinator decision required: whether the live fingerprint may replace the eb85e95 pin for this pair after reviewing the compensated removal group CTX-mordheim-horned-hunters and its consumers. This lot changed no pin.,profile.equipment-restrictions,https://mordheimer.net/docs/warbands/grade-1b-warbands/horned-hunters,snapshot_content_change,sources/knowledge/bands/mordheim/horned-hunters,mordheim,horned-hunters,True,4,7,"{""equipment-access.yaml"": {""name_i18n"": 2, ""notes_i18n"": 2}, ""profiles.yaml"": {""equipment_restrictions_i18n"": 3}}","[{""profile_id"": ""initiates"", ""removed_texts"": [""May select weapons from the Horned Hunter Equipment List."", ""May never wear armour (Strictures).""]}, {""profile_id"": ""zealots"", ""removed_texts"": [""May select weapons from the Henchmen Equipment List."", ""May never wear armour (Strictures).""]}]","[{""compile_outcome"": null, ""eb85e95"": ""rejected"", ""evidence"": ""compile"", ""live"": ""rejected"", ""profile_id"": ""initiates"", ""scenario"": ""armour-ban-horned-hunters""}, {""compile_outcome"": null, ""eb85e95"": null, ""evidence"": ""matrix"", ""live"": null, ""profile_id"": ""initiates"", ""scenario"": ""matrix-initiates""}, {""compile_outcome"": null, ""eb85e95"": null, ""evidence"": ""matrix"", ""live"": null, ""profile_id"": ""zealots"", ""scenario"": ""matrix-zealots""}]",structured-binding-compensation
FP-0087,tests/specs/semantic/grants/editorial-ferocious-charge.yaml,editorial-ferocious-charge-grants,rule/mordheim/dwarf-rangers/band--slayer-special-skills-ferocious-charge/skill.ferocious-charge,sources/knowledge/bands/mordheim/dwarf-rangers/special-rules.yaml,band--slayer-special-skills-ferocious-charge,17f4b9fd2bdc77ef8f6a1d8cacbc33eeacb6b13c7f03259b13ed93aaec94ac76,078e7d24e06173cdb683ee056da2f88cef4b95bcf7e45a91701000b08fbaca35,CTX-mordheim-dwarf-rangers,"[""equipment-access.yaml"", ""profiles.yaml""]","[{""doc"": ""profiles.yaml"", ""node"": ""profiles:dwarf-troll-slayers"", ""path"": ""profiles[dwarf-troll-slayers].equipment_restrictions[0]"", ""op"": ""remove"", ""old"": ""May select weapons from the Dwarf Warrior Equipment List."", ""new"": null, ""i18n_only"": false}, {""doc"": ""profiles.yaml"", ""node"": ""profiles:dwarf-troll-slayers"", ""path"": ""profiles[dwarf-troll-slayers].equipment_restrictions[1]"", ""op"": ""remove"", ""old"": ""May never carry or use missile weapons or any form of armour."", ""new"": null, ""i18n_only"": false}]","[""mordheim_knowledge/loader.py:load_bands -> package profiles (equipment_restrictions)"", ""mordheim_construction/eligibility.py:package_facts -> projects equipment_restrictions, drops *_i18n"", ""mordheim_construction/eligibility.py:desktop_call -> _eligibility.js bridge.ts:desktopCall"", ""typescript/domain/eligibility/index.ts:310-313 boundEquipment reads structured profile.equipment-restrictions bindings"", ""typescript/domain/eligibility/index.ts:403-405 profileSelections reads the free-text keyword branch"", ""mordheim_construction/restrictions.py:_validate_profile_selections -> compiler.validate order (boundEquipment before profileSelections)"", ""mordheim_construction/selection.py:_profile / _applicable_rules (package facts and automatic rules)""]","{""level"": ""observed"", ""summary"": ""No current decision change reproduced: the removed armour text is compensated by structured profile.equipment-restrictions bindings; the same build compiles to the same outcome against live and eb85e95 KB."", ""classes"": [""structured-binding-compensation""], ""reproductions"": [{""compile_outcome"": null, ""eb85e95"": ""armour is forbidden for dwarf-rangers/dwarf-troll-slayers"", ""evidence"": ""stages"", ""live"": ""armour is forbidden for dwarf-rangers/dwarf-troll-slayers"", ""profile_id"": ""dwarf-troll-slayers"", ""scenario"": ""changed-armour-ban-dwarf-rangers""}, {""compile_outcome"": null, ""eb85e95"": ""rejected"", ""evidence"": ""compile"", ""live"": ""rejected"", ""profile_id"": ""dwarf-troll-slayers"", ""scenario"": ""armour-ban-dwarf-rangers""}, {""compile_outcome"": null, ""eb85e95"": null, ""evidence"": ""matrix"", ""live"": null, ""profile_id"": ""dwarf-troll-slayers"", ""scenario"": ""matrix-dwarf-troll-slayers""}], ""limitation"": ""Current maintained consumer over historical data; the historical engine behaviour is not proven. Presentation consumers still render the field. No pin was changed by this lot.""}","[""build/cache/t13-parallel/context-data-review/context-diff.json#CTX-mordheim-dwarf-rangers"", ""build/cache/t13-parallel/context-data-review/compensation-check.json"", ""build/cache/t13-parallel/context-data-review/repro-matrix.json"", ""build/cache/t13-parallel/context-data-review/repro-compile.json"", ""build/cache/t13-parallel/context-data-review/repro-stages.json"", ""build/cache/t13-parallel/context-data-review/rule-rows-check.json"", ""build/cache/t13-parallel/context-data-review/access-probe.json"", ""build/cache/t13-parallel/context-data-review/entry-state.json""]","[""T13-F001""]",Coordinator decision required: whether the live fingerprint may replace the eb85e95 pin for this pair after reviewing the compensated removal group CTX-mordheim-dwarf-rangers and its consumers. This lot changed no pin.,skill.ferocious-charge,https://mordheimer.net/docs/warbands/grade-1b-warbands/dwarf-rangers,snapshot_content_change,sources/knowledge/bands/mordheim/dwarf-rangers,mordheim,dwarf-rangers,True,2,6,"{""equipment-access.yaml"": {""name_i18n"": 2, ""notes_i18n"": 3}, ""profiles.yaml"": {""equipment_restrictions_i18n"": 1}}","[{""profile_id"": ""dwarf-troll-slayers"", ""removed_texts"": [""May select weapons from the Dwarf Warrior Equipment List."", ""May never carry or use missile weapons or any form of armour.""]}]","[{""compile_outcome"": null, ""eb85e95"": ""armour is forbidden for dwarf-rangers/dwarf-troll-slayers"", ""evidence"": ""stages"", ""live"": ""armour is forbidden for dwarf-rangers/dwarf-troll-slayers"", ""profile_id"": ""dwarf-troll-slayers"", ""scenario"": ""changed-armour-ban-dwarf-rangers""}, {""compile_outcome"": null, ""eb85e95"": ""rejected"", ""evidence"": ""compile"", ""live"": ""rejected"", ""profile_id"": ""dwarf-troll-slayers"", ""scenario"": ""armour-ban-dwarf-rangers""}, {""compile_outcome"": null, ""eb85e95"": null, ""evidence"": ""matrix"", ""live"": null, ""profile_id"": ""dwarf-troll-slayers"", ""scenario"": ""matrix-dwarf-troll-slayers""}]",structured-binding-compensation
FP-0088,tests/specs/semantic/grants/editorial-ferocious-charge.yaml,editorial-ferocious-charge-grants,rule/mordheim/dwarf-treasure-hunters/band--slayer-special-skills-ferocious-charge/skill.ferocious-charge,sources/knowledge/bands/mordheim/dwarf-treasure-hunters/special-rules.yaml,band--slayer-special-skills-ferocious-charge,d00ba3cba9c553c7e5dbb9fd93d3a0997a02f3463ce1faddf1bc8f03fd594675,0806aa3d794533089a552aaaa65e1d571e56c75c5fcd0640da40f05150f084b9,CTX-mordheim-dwarf-treasure-hunters,"[""equipment-access.yaml"", ""profiles.yaml""]","[{""doc"": ""profiles.yaml"", ""node"": ""profiles:dwarf-troll-slayers"", ""path"": ""profiles[dwarf-troll-slayers].equipment_restrictions[0]"", ""op"": ""remove"", ""old"": ""May select weapons from the Dwarf Warrior Equipment List."", ""new"": null, ""i18n_only"": false}, {""doc"": ""profiles.yaml"", ""node"": ""profiles:dwarf-troll-slayers"", ""path"": ""profiles[dwarf-troll-slayers].equipment_restrictions[1]"", ""op"": ""remove"", ""old"": ""May never carry or use missile weapons or any form of armour."", ""new"": null, ""i18n_only"": false}]","[""mordheim_knowledge/loader.py:load_bands -> package profiles (equipment_restrictions)"", ""mordheim_construction/eligibility.py:package_facts -> projects equipment_restrictions, drops *_i18n"", ""mordheim_construction/eligibility.py:desktop_call -> _eligibility.js bridge.ts:desktopCall"", ""typescript/domain/eligibility/index.ts:310-313 boundEquipment reads structured profile.equipment-restrictions bindings"", ""typescript/domain/eligibility/index.ts:403-405 profileSelections reads the free-text keyword branch"", ""mordheim_construction/restrictions.py:_validate_profile_selections -> compiler.validate order (boundEquipment before profileSelections)"", ""mordheim_construction/selection.py:_profile / _applicable_rules (package facts and automatic rules)""]","{""level"": ""observed"", ""summary"": ""No current decision change reproduced: the removed armour text is compensated by structured profile.equipment-restrictions bindings; the same build compiles to the same outcome against live and eb85e95 KB."", ""classes"": [""structured-binding-compensation""], ""reproductions"": [{""compile_outcome"": null, ""eb85e95"": ""rejected"", ""evidence"": ""compile"", ""live"": ""rejected"", ""profile_id"": ""dwarf-troll-slayers"", ""scenario"": ""armour-ban-dwarf-treasure""}, {""compile_outcome"": null, ""eb85e95"": null, ""evidence"": ""matrix"", ""live"": null, ""profile_id"": ""dwarf-troll-slayers"", ""scenario"": ""matrix-dwarf-troll-slayers""}], ""limitation"": ""Current maintained consumer over historical data; the historical engine behaviour is not proven. Presentation consumers still render the field. No pin was changed by this lot.""}","[""build/cache/t13-parallel/context-data-review/context-diff.json#CTX-mordheim-dwarf-treasure-hunters"", ""build/cache/t13-parallel/context-data-review/compensation-check.json"", ""build/cache/t13-parallel/context-data-review/repro-matrix.json"", ""build/cache/t13-parallel/context-data-review/repro-compile.json"", ""build/cache/t13-parallel/context-data-review/repro-stages.json"", ""build/cache/t13-parallel/context-data-review/rule-rows-check.json"", ""build/cache/t13-parallel/context-data-review/access-probe.json"", ""build/cache/t13-parallel/context-data-review/entry-state.json""]","[""T13-F001""]",Coordinator decision required: whether the live fingerprint may replace the eb85e95 pin for this pair after reviewing the compensated removal group CTX-mordheim-dwarf-treasure-hunters and its consumers. This lot changed no pin.,skill.ferocious-charge,https://mordheimer.net/docs/warbands/grade-1a-warbands/dwarf-treasure-hunters,snapshot_content_change,sources/knowledge/bands/mordheim/dwarf-treasure-hunters,mordheim,dwarf-treasure-hunters,True,2,8,"{""equipment-access.yaml"": {""name_i18n"": 2, ""notes_i18n"": 6}}","[{""profile_id"": ""dwarf-troll-slayers"", ""removed_texts"": [""May select weapons from the Dwarf Warrior Equipment List."", ""May never carry or use missile weapons or any form of armour.""]}]","[{""compile_outcome"": null, ""eb85e95"": ""rejected"", ""evidence"": ""compile"", ""live"": ""rejected"", ""profile_id"": ""dwarf-troll-slayers"", ""scenario"": ""armour-ban-dwarf-treasure""}, {""compile_outcome"": null, ""eb85e95"": null, ""evidence"": ""matrix"", ""live"": null, ""profile_id"": ""dwarf-troll-slayers"", ""scenario"": ""matrix-dwarf-troll-slayers""}]",structured-binding-compensation
FP-0089,tests/specs/semantic/grants/editorial-ferocious-charge.yaml,editorial-ferocious-charge-grants,rule/mordheim/pit-fighters/band--troll-slayer-special-skills-ferocious-charge/skill.ferocious-charge,sources/knowledge/bands/mordheim/pit-fighters/special-rules.yaml,band--troll-slayer-special-skills-ferocious-charge,72701a38c8eac4906c433a57595e30bd9ef84c51971bec1b20fa1510daef2618,01008dd06f999af147caf3a264e5dca835cea8be157122c6b91a0556d41999dc,CTX-mordheim-pit-fighters,"[""equipment-access.yaml"", ""profiles.yaml""]","[{""doc"": ""profiles.yaml"", ""node"": ""profiles:dwarf-troll-slayer"", ""path"": ""profiles[dwarf-troll-slayer].equipment_restrictions[0]"", ""op"": ""remove"", ""old"": ""May select weapons from the Ogre & Slayer Equipment List, but may never use missile weapons or any form of armour."", ""new"": null, ""i18n_only"": false}, {""doc"": ""profiles.yaml"", ""node"": ""profiles:dwarf-troll-slayer"", ""path"": ""profiles[dwarf-troll-slayer].equipment_restrictions[1]"", ""op"": ""remove"", ""old"": ""Dwarf Axe and Gromril Weapon options are available only to the Dwarf Troll Slayer."", ""new"": null, ""i18n_only"": false}]","[""mordheim_knowledge/loader.py:load_bands -> package profiles (equipment_restrictions)"", ""mordheim_construction/eligibility.py:package_facts -> projects equipment_restrictions, drops *_i18n"", ""mordheim_construction/eligibility.py:desktop_call -> _eligibility.js bridge.ts:desktopCall"", ""typescript/domain/eligibility/index.ts:310-313 boundEquipment reads structured profile.equipment-restrictions bindings"", ""typescript/domain/eligibility/index.ts:403-405 profileSelections reads the free-text keyword branch"", ""mordheim_construction/restrictions.py:_validate_profile_selections -> compiler.validate order (boundEquipment before profileSelections)"", ""mordheim_construction/selection.py:_profile / _applicable_rules (package facts and automatic rules)""]","{""level"": ""observed"", ""summary"": ""No current decision change reproduced: the removed armour text is compensated by structured profile.equipment-restrictions bindings; the same build compiles to the same outcome against live and eb85e95 KB."", ""classes"": [""structured-binding-compensation""], ""reproductions"": [{""compile_outcome"": null, ""eb85e95"": ""armour is forbidden for pit-fighters/dwarf-troll-slayer"", ""evidence"": ""stages"", ""live"": ""armour is forbidden for pit-fighters/dwarf-troll-slayer"", ""profile_id"": ""dwarf-troll-slayer"", ""scenario"": ""changed-armour-ban-pit-fighters""}, {""compile_outcome"": null, ""eb85e95"": ""rejected"", ""evidence"": ""compile"", ""live"": ""rejected"", ""profile_id"": ""dwarf-troll-slayer"", ""scenario"": ""armour-ban-pit-fighters""}, {""compile_outcome"": null, ""eb85e95"": null, ""evidence"": ""matrix"", ""live"": null, ""profile_id"": ""dwarf-troll-slayer"", ""scenario"": ""matrix-dwarf-troll-slayer""}], ""limitation"": ""Current maintained consumer over historical data; the historical engine behaviour is not proven. Presentation consumers still render the field. No pin was changed by this lot.""}","[""build/cache/t13-parallel/context-data-review/context-diff.json#CTX-mordheim-pit-fighters"", ""build/cache/t13-parallel/context-data-review/compensation-check.json"", ""build/cache/t13-parallel/context-data-review/repro-matrix.json"", ""build/cache/t13-parallel/context-data-review/repro-compile.json"", ""build/cache/t13-parallel/context-data-review/repro-stages.json"", ""build/cache/t13-parallel/context-data-review/rule-rows-check.json"", ""build/cache/t13-parallel/context-data-review/access-probe.json"", ""build/cache/t13-parallel/context-data-review/entry-state.json""]","[""T13-F001""]",Coordinator decision required: whether the live fingerprint may replace the eb85e95 pin for this pair after reviewing the compensated removal group CTX-mordheim-pit-fighters and its consumers. This lot changed no pin.,skill.ferocious-charge,https://mordheimer.net/docs/warbands/grade-1b-warbands/pit-fighters,snapshot_content_change,sources/knowledge/bands/mordheim/pit-fighters,mordheim,pit-fighters,True,2,15,"{""equipment-access.yaml"": {""name_i18n"": 9, ""notes_i18n"": 5}, ""profiles.yaml"": {""equipment_restrictions_i18n"": 1}}","[{""profile_id"": ""dwarf-troll-slayer"", ""removed_texts"": [""May select weapons from the Ogre & Slayer Equipment List, but may never use missile weapons or any form of armour."", ""Dwarf Axe and Gromril Weapon options are available only to the Dwarf Troll Slayer.""]}]","[{""compile_outcome"": null, ""eb85e95"": ""armour is forbidden for pit-fighters/dwarf-troll-slayer"", ""evidence"": ""stages"", ""live"": ""armour is forbidden for pit-fighters/dwarf-troll-slayer"", ""profile_id"": ""dwarf-troll-slayer"", ""scenario"": ""changed-armour-ban-pit-fighters""}, {""compile_outcome"": null, ""eb85e95"": ""rejected"", ""evidence"": ""compile"", ""live"": ""rejected"", ""profile_id"": ""dwarf-troll-slayer"", ""scenario"": ""armour-ban-pit-fighters""}, {""compile_outcome"": null, ""eb85e95"": null, ""evidence"": ""matrix"", ""live"": null, ""profile_id"": ""dwarf-troll-slayer"", ""scenario"": ""matrix-dwarf-troll-slayer""}]",structured-binding-compensation
FP-0090,tests/specs/semantic/grants/editorial-ferocious-charge.yaml,editorial-ferocious-charge-grants,rule/trollheim/chaos-streets-dwarf-treasure-hunters/band--slayer-special-skills-ferocious-charge/skill.ferocious-charge,sources/knowledge/bands/trollheim/chaos-streets-dwarf-treasure-hunters/special-rules.yaml,band--slayer-special-skills-ferocious-charge,2733bf65cc791b168f23c4821cc69836a8b93210713468a3a86866f6eb25a1ba,d626b389985d2a5af5c0183ecaf2e67c295b5958e260190e7869f4c06fd16a09,CTX-trollheim-chaos-streets-dwarf-treasure-hunters,"[""equipment-access.yaml"", ""profiles.yaml""]","[{""doc"": ""profiles.yaml"", ""node"": ""profiles:dwarf-troll-slayers"", ""path"": ""profiles[dwarf-troll-slayers].equipment_restrictions[0]"", ""op"": ""remove"", ""old"": ""May select weapons from the Dwarf Warrior Equipment List."", ""new"": null, ""i18n_only"": false}, {""doc"": ""profiles.yaml"", ""node"": ""profiles:dwarf-troll-slayers"", ""path"": ""profiles[dwarf-troll-slayers].equipment_restrictions[1]"", ""op"": ""remove"", ""old"": ""May never use missile weapons or any form of armour."", ""new"": null, ""i18n_only"": false}]","[""mordheim_knowledge/loader.py:load_bands -> package profiles (equipment_restrictions)"", ""mordheim_construction/eligibility.py:package_facts -> projects equipment_restrictions, drops *_i18n"", ""mordheim_construction/eligibility.py:desktop_call -> _eligibility.js bridge.ts:desktopCall"", ""typescript/domain/eligibility/index.ts:310-313 boundEquipment reads structured profile.equipment-restrictions bindings"", ""typescript/domain/eligibility/index.ts:403-405 profileSelections reads the free-text keyword branch"", ""mordheim_construction/restrictions.py:_validate_profile_selections -> compiler.validate order (boundEquipment before profileSelections)"", ""mordheim_construction/selection.py:_profile / _applicable_rules (package facts and automatic rules)""]","{""level"": ""observed"", ""summary"": ""No current decision change reproduced: the removed armour text is compensated by structured profile.equipment-restrictions bindings; the same build compiles to the same outcome against live and eb85e95 KB."", ""classes"": [""structured-binding-compensation""], ""reproductions"": [{""compile_outcome"": null, ""eb85e95"": null, ""evidence"": ""matrix"", ""live"": null, ""profile_id"": ""dwarf-troll-slayers"", ""scenario"": ""matrix-dwarf-troll-slayers""}], ""limitation"": ""Current maintained consumer over historical data; the historical engine behaviour is not proven. Presentation consumers still render the field. No pin was changed by this lot.""}","[""build/cache/t13-parallel/context-data-review/context-diff.json#CTX-trollheim-chaos-streets-dwarf-treasure-hunters"", ""build/cache/t13-parallel/context-data-review/compensation-check.json"", ""build/cache/t13-parallel/context-data-review/repro-matrix.json"", ""build/cache/t13-parallel/context-data-review/repro-compile.json"", ""build/cache/t13-parallel/context-data-review/repro-stages.json"", ""build/cache/t13-parallel/context-data-review/rule-rows-check.json"", ""build/cache/t13-parallel/context-data-review/access-probe.json"", ""build/cache/t13-parallel/context-data-review/entry-state.json""]","[""T13-F001""]",Coordinator decision required: whether the live fingerprint may replace the eb85e95 pin for this pair after reviewing the compensated removal group CTX-trollheim-chaos-streets-dwarf-treasure-hunters and its consumers. This lot changed no pin.,skill.ferocious-charge,,snapshot_content_change,sources/knowledge/bands/trollheim/chaos-streets-dwarf-treasure-hunters,trollheim,chaos-streets-dwarf-treasure-hunters,True,2,8,"{""equipment-access.yaml"": {""name_i18n"": 2, ""notes_i18n"": 6}}","[{""profile_id"": ""dwarf-troll-slayers"", ""removed_texts"": [""May select weapons from the Dwarf Warrior Equipment List."", ""May never use missile weapons or any form of armour.""]}]","[{""compile_outcome"": null, ""eb85e95"": null, ""evidence"": ""matrix"", ""live"": null, ""profile_id"": ""dwarf-troll-slayers"", ""scenario"": ""matrix-dwarf-troll-slayers""}]",structured-binding-compensation
FP-0091,tests/specs/semantic/grants/editorial-ferocious-charge.yaml,editorial-ferocious-charge-grants,rule/trollheim/chaos-streets-pit-fighters/band--troll-slayer-special-skills-ferocious-charge/skill.ferocious-charge,sources/knowledge/bands/trollheim/chaos-streets-pit-fighters/special-rules.yaml,band--troll-slayer-special-skills-ferocious-charge,f4f956879de8870d1965840b625a71d990e2575654842a1ec2e26d3741aa1e78,7b342df5b2220835a45b19bea79a8beacc7291ecfbc8014d63ec0cb1997c7792,CTX-trollheim-chaos-streets-pit-fighters,"[""equipment-access.yaml"", ""profiles.yaml""]","[{""doc"": ""profiles.yaml"", ""node"": ""profiles:dwarf-troll-slayer"", ""path"": ""profiles[dwarf-troll-slayer].equipment_restrictions[0]"", ""op"": ""remove"", ""old"": ""May select weapons from the Dwarf Troll Slayer Equipment List."", ""new"": null, ""i18n_only"": false}, {""doc"": ""profiles.yaml"", ""node"": ""profiles:dwarf-troll-slayer"", ""path"": ""profiles[dwarf-troll-slayer].equipment_restrictions[1]"", ""op"": ""remove"", ""old"": ""May never use missile weapons or any form of armour."", ""new"": null, ""i18n_only"": false}]","[""mordheim_knowledge/loader.py:load_bands -> package profiles (equipment_restrictions)"", ""mordheim_construction/eligibility.py:package_facts -> projects equipment_restrictions, drops *_i18n"", ""mordheim_construction/eligibility.py:desktop_call -> _eligibility.js bridge.ts:desktopCall"", ""typescript/domain/eligibility/index.ts:310-313 boundEquipment reads structured profile.equipment-restrictions bindings"", ""typescript/domain/eligibility/index.ts:403-405 profileSelections reads the free-text keyword branch"", ""mordheim_construction/restrictions.py:_validate_profile_selections -> compiler.validate order (boundEquipment before profileSelections)"", ""mordheim_construction/selection.py:_profile / _applicable_rules (package facts and automatic rules)""]","{""level"": ""observed"", ""summary"": ""No current decision change reproduced: the removed armour text is compensated by structured profile.equipment-restrictions bindings; the same build compiles to the same outcome against live and eb85e95 KB."", ""classes"": [""structured-binding-compensation""], ""reproductions"": [{""compile_outcome"": null, ""eb85e95"": null, ""evidence"": ""matrix"", ""live"": null, ""profile_id"": ""dwarf-troll-slayer"", ""scenario"": ""matrix-dwarf-troll-slayer""}], ""limitation"": ""Current maintained consumer over historical data; the historical engine behaviour is not proven. Presentation consumers still render the field. No pin was changed by this lot.""}","[""build/cache/t13-parallel/context-data-review/context-diff.json#CTX-trollheim-chaos-streets-pit-fighters"", ""build/cache/t13-parallel/context-data-review/compensation-check.json"", ""build/cache/t13-parallel/context-data-review/repro-matrix.json"", ""build/cache/t13-parallel/context-data-review/repro-compile.json"", ""build/cache/t13-parallel/context-data-review/repro-stages.json"", ""build/cache/t13-parallel/context-data-review/rule-rows-check.json"", ""build/cache/t13-parallel/context-data-review/access-probe.json"", ""build/cache/t13-parallel/context-data-review/entry-state.json""]","[""T13-F001""]",Coordinator decision required: whether the live fingerprint may replace the eb85e95 pin for this pair after reviewing the compensated removal group CTX-trollheim-chaos-streets-pit-fighters and its consumers. This lot changed no pin.,skill.ferocious-charge,,snapshot_content_change,sources/knowledge/bands/trollheim/chaos-streets-pit-fighters,trollheim,chaos-streets-pit-fighters,True,2,13,"{""equipment-access.yaml"": {""name_i18n"": 10, ""notes_i18n"": 3}}","[{""profile_id"": ""dwarf-troll-slayer"", ""removed_texts"": [""May select weapons from the Dwarf Troll Slayer Equipment List."", ""May never use missile weapons or any form of armour.""]}]","[{""compile_outcome"": null, ""eb85e95"": null, ""evidence"": ""matrix"", ""live"": null, ""profile_id"": ""dwarf-troll-slayer"", ""scenario"": ""matrix-dwarf-troll-slayer""}]",structured-binding-compensation
FP-0092,tests/specs/semantic/grants/editorial-ferocious-charge.yaml,editorial-ferocious-charge-grants,rule/trollheim/khemri-cursed-of-karak-zorn/band--troll-slayer-special-skills-ferocious-charge/skill.ferocious-charge,sources/knowledge/bands/trollheim/khemri-cursed-of-karak-zorn/special-rules.yaml,band--troll-slayer-special-skills-ferocious-charge,55b2d61c840de4ea65b4dbd350472125b6fd21f87ed4c52f9f565733c5c3918b,febfd9f4b2ef1a04fd3acd166f5f7a4e79222453439faeaeaf741e674990c3be,CTX-trollheim-khemri-cursed-of-karak-zorn,"[""equipment-access.yaml"", ""profiles.yaml""]","[{""doc"": ""profiles.yaml"", ""node"": ""profiles:troll-slayer"", ""path"": ""profiles[troll-slayer].equipment_restrictions[0]"", ""op"": ""remove"", ""old"": ""May select close-combat weapons from the Cursed of Karak-Zorn Equipment List."", ""new"": null, ""i18n_only"": false}, {""doc"": ""profiles.yaml"", ""node"": ""profiles:troll-slayer"", ""path"": ""profiles[troll-slayer].equipment_restrictions[1]"", ""op"": ""remove"", ""old"": ""May never use missile weapons or any form of armour."", ""new"": null, ""i18n_only"": false}]","[""mordheim_knowledge/loader.py:load_bands -> package profiles (equipment_restrictions)"", ""mordheim_construction/eligibility.py:package_facts -> projects equipment_restrictions, drops *_i18n"", ""mordheim_construction/eligibility.py:desktop_call -> _eligibility.js bridge.ts:desktopCall"", ""typescript/domain/eligibility/index.ts:310-313 boundEquipment reads structured profile.equipment-restrictions bindings"", ""typescript/domain/eligibility/index.ts:403-405 profileSelections reads the free-text keyword branch"", ""mordheim_construction/restrictions.py:_validate_profile_selections -> compiler.validate order (boundEquipment before profileSelections)"", ""mordheim_construction/selection.py:_profile / _applicable_rules (package facts and automatic rules)""]","{""level"": ""observed"", ""summary"": ""No current decision change reproduced: the removed armour text is compensated by structured profile.equipment-restrictions bindings; the same build compiles to the same outcome against live and eb85e95 KB."", ""classes"": [""structured-binding-compensation""], ""reproductions"": [{""compile_outcome"": null, ""eb85e95"": null, ""evidence"": ""matrix"", ""live"": null, ""profile_id"": ""troll-slayer"", ""scenario"": ""matrix-troll-slayer""}], ""limitation"": ""Current maintained consumer over historical data; the historical engine behaviour is not proven. Presentation consumers still render the field. No pin was changed by this lot.""}","[""build/cache/t13-parallel/context-data-review/context-diff.json#CTX-trollheim-khemri-cursed-of-karak-zorn"", ""build/cache/t13-parallel/context-data-review/compensation-check.json"", ""build/cache/t13-parallel/context-data-review/repro-matrix.json"", ""build/cache/t13-parallel/context-data-review/repro-compile.json"", ""build/cache/t13-parallel/context-data-review/repro-stages.json"", ""build/cache/t13-parallel/context-data-review/rule-rows-check.json"", ""build/cache/t13-parallel/context-data-review/access-probe.json"", ""build/cache/t13-parallel/context-data-review/entry-state.json""]","[""T13-F001""]",Coordinator decision required: whether the live fingerprint may replace the eb85e95 pin for this pair after reviewing the compensated removal group CTX-trollheim-khemri-cursed-of-karak-zorn and its consumers. This lot changed no pin.,skill.ferocious-charge,,snapshot_content_change,sources/knowledge/bands/trollheim/khemri-cursed-of-karak-zorn,trollheim,khemri-cursed-of-karak-zorn,True,2,8,"{""equipment-access.yaml"": {""name_i18n"": 1, ""notes_i18n"": 5}, ""profiles.yaml"": {""equipment_restrictions_i18n"": 2}}","[{""profile_id"": ""troll-slayer"", ""removed_texts"": [""May select close-combat weapons from the Cursed of Karak-Zorn Equipment List."", ""May never use missile weapons or any form of armour.""]}]","[{""compile_outcome"": null, ""eb85e95"": null, ""evidence"": ""matrix"", ""live"": null, ""profile_id"": ""troll-slayer"", ""scenario"": ""matrix-troll-slayer""}]",structured-binding-compensation
FP-0095,tests/specs/semantic/grants/editorial-grants.yaml,dwarf-grant-mordheim-dwarf-rangers,rule/mordheim/dwarf-rangers/band--hard-to-kill/skill.hard-to-kill,sources/knowledge/bands/mordheim/dwarf-rangers/special-rules.yaml,band--hard-to-kill,45792c6985151a6124da5023e364c866881248b8303d0a8c1c83a960ca95542e,55bb333cd772eac8bfbb9beb6d31a9dcd4857b2c8cd67e7cab5b85ee2983f6cc,CTX-mordheim-dwarf-rangers,"[""equipment-access.yaml"", ""profiles.yaml""]","[{""doc"": ""profiles.yaml"", ""node"": ""profiles:dwarf-troll-slayers"", ""path"": ""profiles[dwarf-troll-slayers].equipment_restrictions[0]"", ""op"": ""remove"", ""old"": ""May select weapons from the Dwarf Warrior Equipment List."", ""new"": null, ""i18n_only"": false}, {""doc"": ""profiles.yaml"", ""node"": ""profiles:dwarf-troll-slayers"", ""path"": ""profiles[dwarf-troll-slayers].equipment_restrictions[1]"", ""op"": ""remove"", ""old"": ""May never carry or use missile weapons or any form of armour."", ""new"": null, ""i18n_only"": false}]","[""mordheim_knowledge/loader.py:load_bands -> package profiles (equipment_restrictions)"", ""mordheim_construction/eligibility.py:package_facts -> projects equipment_restrictions, drops *_i18n"", ""mordheim_construction/eligibility.py:desktop_call -> _eligibility.js bridge.ts:desktopCall"", ""typescript/domain/eligibility/index.ts:310-313 boundEquipment reads structured profile.equipment-restrictions bindings"", ""typescript/domain/eligibility/index.ts:403-405 profileSelections reads the free-text keyword branch"", ""mordheim_construction/restrictions.py:_validate_profile_selections -> compiler.validate order (boundEquipment before profileSelections)"", ""mordheim_construction/selection.py:_profile / _applicable_rules (package facts and automatic rules)""]","{""level"": ""observed"", ""summary"": ""No current decision change reproduced: the removed armour text is compensated by structured profile.equipment-restrictions bindings; the same build compiles to the same outcome against live and eb85e95 KB."", ""classes"": [""structured-binding-compensation""], ""reproductions"": [{""compile_outcome"": null, ""eb85e95"": ""armour is forbidden for dwarf-rangers/dwarf-troll-slayers"", ""evidence"": ""stages"", ""live"": ""armour is forbidden for dwarf-rangers/dwarf-troll-slayers"", ""profile_id"": ""dwarf-troll-slayers"", ""scenario"": ""changed-armour-ban-dwarf-rangers""}, {""compile_outcome"": null, ""eb85e95"": ""rejected"", ""evidence"": ""compile"", ""live"": ""rejected"", ""profile_id"": ""dwarf-troll-slayers"", ""scenario"": ""armour-ban-dwarf-rangers""}, {""compile_outcome"": null, ""eb85e95"": null, ""evidence"": ""matrix"", ""live"": null, ""profile_id"": ""dwarf-troll-slayers"", ""scenario"": ""matrix-dwarf-troll-slayers""}], ""limitation"": ""Current maintained consumer over historical data; the historical engine behaviour is not proven. Presentation consumers still render the field. No pin was changed by this lot.""}","[""build/cache/t13-parallel/context-data-review/context-diff.json#CTX-mordheim-dwarf-rangers"", ""build/cache/t13-parallel/context-data-review/compensation-check.json"", ""build/cache/t13-parallel/context-data-review/repro-matrix.json"", ""build/cache/t13-parallel/context-data-review/repro-compile.json"", ""build/cache/t13-parallel/context-data-review/repro-stages.json"", ""build/cache/t13-parallel/context-data-review/rule-rows-check.json"", ""build/cache/t13-parallel/context-data-review/access-probe.json"", ""build/cache/t13-parallel/context-data-review/entry-state.json""]","[""T13-F001"", ""T13-F014""]",Coordinator decision required: whether the live fingerprint may replace the eb85e95 pin for this pair after reviewing the compensated removal group CTX-mordheim-dwarf-rangers and its consumers. This lot changed no pin.,skill.hard-to-kill,https://mordheimer.net/docs/warbands/grade-1b-warbands/dwarf-rangers,snapshot_content_change,sources/knowledge/bands/mordheim/dwarf-rangers,mordheim,dwarf-rangers,True,2,6,"{""equipment-access.yaml"": {""name_i18n"": 2, ""notes_i18n"": 3}, ""profiles.yaml"": {""equipment_restrictions_i18n"": 1}}","[{""profile_id"": ""dwarf-troll-slayers"", ""removed_texts"": [""May select weapons from the Dwarf Warrior Equipment List."", ""May never carry or use missile weapons or any form of armour.""]}]","[{""compile_outcome"": null, ""eb85e95"": ""armour is forbidden for dwarf-rangers/dwarf-troll-slayers"", ""evidence"": ""stages"", ""live"": ""armour is forbidden for dwarf-rangers/dwarf-troll-slayers"", ""profile_id"": ""dwarf-troll-slayers"", ""scenario"": ""changed-armour-ban-dwarf-rangers""}, {""compile_outcome"": null, ""eb85e95"": ""rejected"", ""evidence"": ""compile"", ""live"": ""rejected"", ""profile_id"": ""dwarf-troll-slayers"", ""scenario"": ""armour-ban-dwarf-rangers""}, {""compile_outcome"": null, ""eb85e95"": null, ""evidence"": ""matrix"", ""live"": null, ""profile_id"": ""dwarf-troll-slayers"", ""scenario"": ""matrix-dwarf-troll-slayers""}]",structured-binding-compensation
FP-0096,tests/specs/semantic/grants/editorial-grants.yaml,dwarf-grant-mordheim-dwarf-treasure-hunters,rule/mordheim/dwarf-treasure-hunters/band--hard-to-kill/skill.hard-to-kill,sources/knowledge/bands/mordheim/dwarf-treasure-hunters/special-rules.yaml,band--hard-to-kill,19aafb2878aec6eaf5c0d31bde4481951959031ec711b7bac24729efb72a4659,16b8fe1d27707a9d7b197f72fe4d55a74b26f940ab06c275f283e040a6cf1043,CTX-mordheim-dwarf-treasure-hunters,"[""equipment-access.yaml"", ""profiles.yaml""]","[{""doc"": ""profiles.yaml"", ""node"": ""profiles:dwarf-troll-slayers"", ""path"": ""profiles[dwarf-troll-slayers].equipment_restrictions[0]"", ""op"": ""remove"", ""old"": ""May select weapons from the Dwarf Warrior Equipment List."", ""new"": null, ""i18n_only"": false}, {""doc"": ""profiles.yaml"", ""node"": ""profiles:dwarf-troll-slayers"", ""path"": ""profiles[dwarf-troll-slayers].equipment_restrictions[1]"", ""op"": ""remove"", ""old"": ""May never carry or use missile weapons or any form of armour."", ""new"": null, ""i18n_only"": false}]","[""mordheim_knowledge/loader.py:load_bands -> package profiles (equipment_restrictions)"", ""mordheim_construction/eligibility.py:package_facts -> projects equipment_restrictions, drops *_i18n"", ""mordheim_construction/eligibility.py:desktop_call -> _eligibility.js bridge.ts:desktopCall"", ""typescript/domain/eligibility/index.ts:310-313 boundEquipment reads structured profile.equipment-restrictions bindings"", ""typescript/domain/eligibility/index.ts:403-405 profileSelections reads the free-text keyword branch"", ""mordheim_construction/restrictions.py:_validate_profile_selections -> compiler.validate order (boundEquipment before profileSelections)"", ""mordheim_construction/selection.py:_profile / _applicable_rules (package facts and automatic rules)""]","{""level"": ""observed"", ""summary"": ""No current decision change reproduced: the removed armour text is compensated by structured profile.equipment-restrictions bindings; the same build compiles to the same outcome against live and eb85e95 KB."", ""classes"": [""structured-binding-compensation""], ""reproductions"": [{""compile_outcome"": null, ""eb85e95"": ""rejected"", ""evidence"": ""compile"", ""live"": ""rejected"", ""profile_id"": ""dwarf-troll-slayers"", ""scenario"": ""armour-ban-dwarf-treasure""}, {""compile_outcome"": null, ""eb85e95"": null, ""evidence"": ""matrix"", ""live"": null, ""profile_id"": ""dwarf-troll-slayers"", ""scenario"": ""matrix-dwarf-troll-slayers""}], ""limitation"": ""Current maintained consumer over historical data; the historical engine behaviour is not proven. Presentation consumers still render the field. No pin was changed by this lot.""}","[""build/cache/t13-parallel/context-data-review/context-diff.json#CTX-mordheim-dwarf-treasure-hunters"", ""build/cache/t13-parallel/context-data-review/compensation-check.json"", ""build/cache/t13-parallel/context-data-review/repro-matrix.json"", ""build/cache/t13-parallel/context-data-review/repro-compile.json"", ""build/cache/t13-parallel/context-data-review/repro-stages.json"", ""build/cache/t13-parallel/context-data-review/rule-rows-check.json"", ""build/cache/t13-parallel/context-data-review/access-probe.json"", ""build/cache/t13-parallel/context-data-review/entry-state.json""]","[""T13-F001"", ""T13-F014""]",Coordinator decision required: whether the live fingerprint may replace the eb85e95 pin for this pair after reviewing the compensated removal group CTX-mordheim-dwarf-treasure-hunters and its consumers. This lot changed no pin.,skill.hard-to-kill,https://mordheimer.net/docs/warbands/grade-1a-warbands/dwarf-treasure-hunters,snapshot_content_change,sources/knowledge/bands/mordheim/dwarf-treasure-hunters,mordheim,dwarf-treasure-hunters,True,2,8,"{""equipment-access.yaml"": {""name_i18n"": 2, ""notes_i18n"": 6}}","[{""profile_id"": ""dwarf-troll-slayers"", ""removed_texts"": [""May select weapons from the Dwarf Warrior Equipment List."", ""May never carry or use missile weapons or any form of armour.""]}]","[{""compile_outcome"": null, ""eb85e95"": ""rejected"", ""evidence"": ""compile"", ""live"": ""rejected"", ""profile_id"": ""dwarf-troll-slayers"", ""scenario"": ""armour-ban-dwarf-treasure""}, {""compile_outcome"": null, ""eb85e95"": null, ""evidence"": ""matrix"", ""live"": null, ""profile_id"": ""dwarf-troll-slayers"", ""scenario"": ""matrix-dwarf-troll-slayers""}]",structured-binding-compensation
FP-0098,tests/specs/semantic/grants/editorial-grants.yaml,dwarf-grant-mordheim-pit-fighters,rule/mordheim/pit-fighters/dwarf-troll-slayer--hard-to-kill/skill.hard-to-kill,sources/knowledge/bands/mordheim/pit-fighters/special-rules.yaml,dwarf-troll-slayer--hard-to-kill,6173645e0b8ff2e3f2a44a89870f8734cbcc85e1bf134099dbbeb960b4fb5520,15c67f056047302dcc1fc0f1e171f06c08da7358e3ceb87aae3f68f54725c80d,CTX-mordheim-pit-fighters,"[""equipment-access.yaml"", ""profiles.yaml""]","[{""doc"": ""profiles.yaml"", ""node"": ""profiles:dwarf-troll-slayer"", ""path"": ""profiles[dwarf-troll-slayer].equipment_restrictions[0]"", ""op"": ""remove"", ""old"": ""May select weapons from the Ogre & Slayer Equipment List, but may never use missile weapons or any form of armour."", ""new"": null, ""i18n_only"": false}, {""doc"": ""profiles.yaml"", ""node"": ""profiles:dwarf-troll-slayer"", ""path"": ""profiles[dwarf-troll-slayer].equipment_restrictions[1]"", ""op"": ""remove"", ""old"": ""Dwarf Axe and Gromril Weapon options are available only to the Dwarf Troll Slayer."", ""new"": null, ""i18n_only"": false}]","[""mordheim_knowledge/loader.py:load_bands -> package profiles (equipment_restrictions)"", ""mordheim_construction/eligibility.py:package_facts -> projects equipment_restrictions, drops *_i18n"", ""mordheim_construction/eligibility.py:desktop_call -> _eligibility.js bridge.ts:desktopCall"", ""typescript/domain/eligibility/index.ts:310-313 boundEquipment reads structured profile.equipment-restrictions bindings"", ""typescript/domain/eligibility/index.ts:403-405 profileSelections reads the free-text keyword branch"", ""mordheim_construction/restrictions.py:_validate_profile_selections -> compiler.validate order (boundEquipment before profileSelections)"", ""mordheim_construction/selection.py:_profile / _applicable_rules (package facts and automatic rules)""]","{""level"": ""observed"", ""summary"": ""No current decision change reproduced: the removed armour text is compensated by structured profile.equipment-restrictions bindings; the same build compiles to the same outcome against live and eb85e95 KB."", ""classes"": [""structured-binding-compensation""], ""reproductions"": [{""compile_outcome"": null, ""eb85e95"": ""armour is forbidden for pit-fighters/dwarf-troll-slayer"", ""evidence"": ""stages"", ""live"": ""armour is forbidden for pit-fighters/dwarf-troll-slayer"", ""profile_id"": ""dwarf-troll-slayer"", ""scenario"": ""changed-armour-ban-pit-fighters""}, {""compile_outcome"": null, ""eb85e95"": ""rejected"", ""evidence"": ""compile"", ""live"": ""rejected"", ""profile_id"": ""dwarf-troll-slayer"", ""scenario"": ""armour-ban-pit-fighters""}, {""compile_outcome"": null, ""eb85e95"": null, ""evidence"": ""matrix"", ""live"": null, ""profile_id"": ""dwarf-troll-slayer"", ""scenario"": ""matrix-dwarf-troll-slayer""}], ""limitation"": ""Current maintained consumer over historical data; the historical engine behaviour is not proven. Presentation consumers still render the field. No pin was changed by this lot.""}","[""build/cache/t13-parallel/context-data-review/context-diff.json#CTX-mordheim-pit-fighters"", ""build/cache/t13-parallel/context-data-review/compensation-check.json"", ""build/cache/t13-parallel/context-data-review/repro-matrix.json"", ""build/cache/t13-parallel/context-data-review/repro-compile.json"", ""build/cache/t13-parallel/context-data-review/repro-stages.json"", ""build/cache/t13-parallel/context-data-review/rule-rows-check.json"", ""build/cache/t13-parallel/context-data-review/access-probe.json"", ""build/cache/t13-parallel/context-data-review/entry-state.json""]","[""T13-F001""]",Coordinator decision required: whether the live fingerprint may replace the eb85e95 pin for this pair after reviewing the compensated removal group CTX-mordheim-pit-fighters and its consumers. This lot changed no pin.,skill.hard-to-kill,https://mordheimer.net/docs/warbands/grade-1b-warbands/pit-fighters,snapshot_content_change,sources/knowledge/bands/mordheim/pit-fighters,mordheim,pit-fighters,True,2,15,"{""equipment-access.yaml"": {""name_i18n"": 9, ""notes_i18n"": 5}, ""profiles.yaml"": {""equipment_restrictions_i18n"": 1}}","[{""profile_id"": ""dwarf-troll-slayer"", ""removed_texts"": [""May select weapons from the Ogre & Slayer Equipment List, but may never use missile weapons or any form of armour."", ""Dwarf Axe and Gromril Weapon options are available only to the Dwarf Troll Slayer.""]}]","[{""compile_outcome"": null, ""eb85e95"": ""armour is forbidden for pit-fighters/dwarf-troll-slayer"", ""evidence"": ""stages"", ""live"": ""armour is forbidden for pit-fighters/dwarf-troll-slayer"", ""profile_id"": ""dwarf-troll-slayer"", ""scenario"": ""changed-armour-ban-pit-fighters""}, {""compile_outcome"": null, ""eb85e95"": ""rejected"", ""evidence"": ""compile"", ""live"": ""rejected"", ""profile_id"": ""dwarf-troll-slayer"", ""scenario"": ""armour-ban-pit-fighters""}, {""compile_outcome"": null, ""eb85e95"": null, ""evidence"": ""matrix"", ""live"": null, ""profile_id"": ""dwarf-troll-slayer"", ""scenario"": ""matrix-dwarf-troll-slayer""}]",structured-binding-compensation
FP-0099,tests/specs/semantic/grants/editorial-grants.yaml,dwarf-grant-trollheim-chaos-streets-dwarf-treasure-hunters,rule/trollheim/chaos-streets-dwarf-treasure-hunters/band--hard-to-kill/skill.hard-to-kill,sources/knowledge/bands/trollheim/chaos-streets-dwarf-treasure-hunters/special-rules.yaml,band--hard-to-kill,e24adff2d9008e12a719504487bc372278c5aa355d909e208aa81c2048685b98,3014f75ad3181d92bc38e7fdd9ab2022ca56cb3c4fa2d6888e00ecb77cee8443,CTX-trollheim-chaos-streets-dwarf-treasure-hunters,"[""equipment-access.yaml"", ""profiles.yaml""]","[{""doc"": ""profiles.yaml"", ""node"": ""profiles:dwarf-troll-slayers"", ""path"": ""profiles[dwarf-troll-slayers].equipment_restrictions[0]"", ""op"": ""remove"", ""old"": ""May select weapons from the Dwarf Warrior Equipment List."", ""new"": null, ""i18n_only"": false}, {""doc"": ""profiles.yaml"", ""node"": ""profiles:dwarf-troll-slayers"", ""path"": ""profiles[dwarf-troll-slayers].equipment_restrictions[1]"", ""op"": ""remove"", ""old"": ""May never use missile weapons or any form of armour."", ""new"": null, ""i18n_only"": false}]","[""mordheim_knowledge/loader.py:load_bands -> package profiles (equipment_restrictions)"", ""mordheim_construction/eligibility.py:package_facts -> projects equipment_restrictions, drops *_i18n"", ""mordheim_construction/eligibility.py:desktop_call -> _eligibility.js bridge.ts:desktopCall"", ""typescript/domain/eligibility/index.ts:310-313 boundEquipment reads structured profile.equipment-restrictions bindings"", ""typescript/domain/eligibility/index.ts:403-405 profileSelections reads the free-text keyword branch"", ""mordheim_construction/restrictions.py:_validate_profile_selections -> compiler.validate order (boundEquipment before profileSelections)"", ""mordheim_construction/selection.py:_profile / _applicable_rules (package facts and automatic rules)""]","{""level"": ""observed"", ""summary"": ""No current decision change reproduced: the removed armour text is compensated by structured profile.equipment-restrictions bindings; the same build compiles to the same outcome against live and eb85e95 KB."", ""classes"": [""structured-binding-compensation""], ""reproductions"": [{""compile_outcome"": null, ""eb85e95"": null, ""evidence"": ""matrix"", ""live"": null, ""profile_id"": ""dwarf-troll-slayers"", ""scenario"": ""matrix-dwarf-troll-slayers""}], ""limitation"": ""Current maintained consumer over historical data; the historical engine behaviour is not proven. Presentation consumers still render the field. No pin was changed by this lot.""}","[""build/cache/t13-parallel/context-data-review/context-diff.json#CTX-trollheim-chaos-streets-dwarf-treasure-hunters"", ""build/cache/t13-parallel/context-data-review/compensation-check.json"", ""build/cache/t13-parallel/context-data-review/repro-matrix.json"", ""build/cache/t13-parallel/context-data-review/repro-compile.json"", ""build/cache/t13-parallel/context-data-review/repro-stages.json"", ""build/cache/t13-parallel/context-data-review/rule-rows-check.json"", ""build/cache/t13-parallel/context-data-review/access-probe.json"", ""build/cache/t13-parallel/context-data-review/entry-state.json""]","[""T13-F001"", ""T13-F014""]",Coordinator decision required: whether the live fingerprint may replace the eb85e95 pin for this pair after reviewing the compensated removal group CTX-trollheim-chaos-streets-dwarf-treasure-hunters and its consumers. This lot changed no pin.,skill.hard-to-kill,,snapshot_content_change,sources/knowledge/bands/trollheim/chaos-streets-dwarf-treasure-hunters,trollheim,chaos-streets-dwarf-treasure-hunters,True,2,8,"{""equipment-access.yaml"": {""name_i18n"": 2, ""notes_i18n"": 6}}","[{""profile_id"": ""dwarf-troll-slayers"", ""removed_texts"": [""May select weapons from the Dwarf Warrior Equipment List."", ""May never use missile weapons or any form of armour.""]}]","[{""compile_outcome"": null, ""eb85e95"": null, ""evidence"": ""matrix"", ""live"": null, ""profile_id"": ""dwarf-troll-slayers"", ""scenario"": ""matrix-dwarf-troll-slayers""}]",structured-binding-compensation
FP-0100,tests/specs/semantic/grants/editorial-grants.yaml,dwarf-grant-trollheim-chaos-streets-pit-fighters,rule/trollheim/chaos-streets-pit-fighters/dwarf-troll-slayer--hard-to-kill/skill.hard-to-kill,sources/knowledge/bands/trollheim/chaos-streets-pit-fighters/special-rules.yaml,dwarf-troll-slayer--hard-to-kill,e24e32131b586da5e9bbbb4f9c938aec687eeb9a9f823d72ca428492c660b13f,a93ce4cd6ed056879404f48dddb317790215c70ccb3b30dad8ac61f1b5a3d816,CTX-trollheim-chaos-streets-pit-fighters,"[""equipment-access.yaml"", ""profiles.yaml""]","[{""doc"": ""profiles.yaml"", ""node"": ""profiles:dwarf-troll-slayer"", ""path"": ""profiles[dwarf-troll-slayer].equipment_restrictions[0]"", ""op"": ""remove"", ""old"": ""May select weapons from the Dwarf Troll Slayer Equipment List."", ""new"": null, ""i18n_only"": false}, {""doc"": ""profiles.yaml"", ""node"": ""profiles:dwarf-troll-slayer"", ""path"": ""profiles[dwarf-troll-slayer].equipment_restrictions[1]"", ""op"": ""remove"", ""old"": ""May never use missile weapons or any form of armour."", ""new"": null, ""i18n_only"": false}]","[""mordheim_knowledge/loader.py:load_bands -> package profiles (equipment_restrictions)"", ""mordheim_construction/eligibility.py:package_facts -> projects equipment_restrictions, drops *_i18n"", ""mordheim_construction/eligibility.py:desktop_call -> _eligibility.js bridge.ts:desktopCall"", ""typescript/domain/eligibility/index.ts:310-313 boundEquipment reads structured profile.equipment-restrictions bindings"", ""typescript/domain/eligibility/index.ts:403-405 profileSelections reads the free-text keyword branch"", ""mordheim_construction/restrictions.py:_validate_profile_selections -> compiler.validate order (boundEquipment before profileSelections)"", ""mordheim_construction/selection.py:_profile / _applicable_rules (package facts and automatic rules)""]","{""level"": ""observed"", ""summary"": ""No current decision change reproduced: the removed armour text is compensated by structured profile.equipment-restrictions bindings; the same build compiles to the same outcome against live and eb85e95 KB."", ""classes"": [""structured-binding-compensation""], ""reproductions"": [{""compile_outcome"": null, ""eb85e95"": null, ""evidence"": ""matrix"", ""live"": null, ""profile_id"": ""dwarf-troll-slayer"", ""scenario"": ""matrix-dwarf-troll-slayer""}], ""limitation"": ""Current maintained consumer over historical data; the historical engine behaviour is not proven. Presentation consumers still render the field. No pin was changed by this lot.""}","[""build/cache/t13-parallel/context-data-review/context-diff.json#CTX-trollheim-chaos-streets-pit-fighters"", ""build/cache/t13-parallel/context-data-review/compensation-check.json"", ""build/cache/t13-parallel/context-data-review/repro-matrix.json"", ""build/cache/t13-parallel/context-data-review/repro-compile.json"", ""build/cache/t13-parallel/context-data-review/repro-stages.json"", ""build/cache/t13-parallel/context-data-review/rule-rows-check.json"", ""build/cache/t13-parallel/context-data-review/access-probe.json"", ""build/cache/t13-parallel/context-data-review/entry-state.json""]","[""T13-F001""]",Coordinator decision required: whether the live fingerprint may replace the eb85e95 pin for this pair after reviewing the compensated removal group CTX-trollheim-chaos-streets-pit-fighters and its consumers. This lot changed no pin.,skill.hard-to-kill,,snapshot_content_change,sources/knowledge/bands/trollheim/chaos-streets-pit-fighters,trollheim,chaos-streets-pit-fighters,True,2,13,"{""equipment-access.yaml"": {""name_i18n"": 10, ""notes_i18n"": 3}}","[{""profile_id"": ""dwarf-troll-slayer"", ""removed_texts"": [""May select weapons from the Dwarf Troll Slayer Equipment List."", ""May never use missile weapons or any form of armour.""]}]","[{""compile_outcome"": null, ""eb85e95"": null, ""evidence"": ""matrix"", ""live"": null, ""profile_id"": ""dwarf-troll-slayer"", ""scenario"": ""matrix-dwarf-troll-slayer""}]",structured-binding-compensation
FP-0101,tests/specs/semantic/grants/editorial-grants.yaml,dwarf-grant-trollheim-khemri-cursed-of-karak-zorn,rule/trollheim/khemri-cursed-of-karak-zorn/band--hard-to-kill/skill.hard-to-kill,sources/knowledge/bands/trollheim/khemri-cursed-of-karak-zorn/special-rules.yaml,band--hard-to-kill,857cf3a95eeb427de1071ea2d232609eec12679502422cd067d169f632e14966,f3d29ddcc05873b695632c0fad5fe0cfc29602d9527a34127633b8b5c1fa438b,CTX-trollheim-khemri-cursed-of-karak-zorn,"[""equipment-access.yaml"", ""profiles.yaml""]","[{""doc"": ""profiles.yaml"", ""node"": ""profiles:troll-slayer"", ""path"": ""profiles[troll-slayer].equipment_restrictions[0]"", ""op"": ""remove"", ""old"": ""May select close-combat weapons from the Cursed of Karak-Zorn Equipment List."", ""new"": null, ""i18n_only"": false}, {""doc"": ""profiles.yaml"", ""node"": ""profiles:troll-slayer"", ""path"": ""profiles[troll-slayer].equipment_restrictions[1]"", ""op"": ""remove"", ""old"": ""May never use missile weapons or any form of armour."", ""new"": null, ""i18n_only"": false}]","[""mordheim_knowledge/loader.py:load_bands -> package profiles (equipment_restrictions)"", ""mordheim_construction/eligibility.py:package_facts -> projects equipment_restrictions, drops *_i18n"", ""mordheim_construction/eligibility.py:desktop_call -> _eligibility.js bridge.ts:desktopCall"", ""typescript/domain/eligibility/index.ts:310-313 boundEquipment reads structured profile.equipment-restrictions bindings"", ""typescript/domain/eligibility/index.ts:403-405 profileSelections reads the free-text keyword branch"", ""mordheim_construction/restrictions.py:_validate_profile_selections -> compiler.validate order (boundEquipment before profileSelections)"", ""mordheim_construction/selection.py:_profile / _applicable_rules (package facts and automatic rules)""]","{""level"": ""observed"", ""summary"": ""No current decision change reproduced: the removed armour text is compensated by structured profile.equipment-restrictions bindings; the same build compiles to the same outcome against live and eb85e95 KB."", ""classes"": [""structured-binding-compensation""], ""reproductions"": [{""compile_outcome"": null, ""eb85e95"": null, ""evidence"": ""matrix"", ""live"": null, ""profile_id"": ""troll-slayer"", ""scenario"": ""matrix-troll-slayer""}], ""limitation"": ""Current maintained consumer over historical data; the historical engine behaviour is not proven. Presentation consumers still render the field. No pin was changed by this lot.""}","[""build/cache/t13-parallel/context-data-review/context-diff.json#CTX-trollheim-khemri-cursed-of-karak-zorn"", ""build/cache/t13-parallel/context-data-review/compensation-check.json"", ""build/cache/t13-parallel/context-data-review/repro-matrix.json"", ""build/cache/t13-parallel/context-data-review/repro-compile.json"", ""build/cache/t13-parallel/context-data-review/repro-stages.json"", ""build/cache/t13-parallel/context-data-review/rule-rows-check.json"", ""build/cache/t13-parallel/context-data-review/access-probe.json"", ""build/cache/t13-parallel/context-data-review/entry-state.json""]","[""T13-F001"", ""T13-F014""]",Coordinator decision required: whether the live fingerprint may replace the eb85e95 pin for this pair after reviewing the compensated removal group CTX-trollheim-khemri-cursed-of-karak-zorn and its consumers. This lot changed no pin.,skill.hard-to-kill,,snapshot_content_change,sources/knowledge/bands/trollheim/khemri-cursed-of-karak-zorn,trollheim,khemri-cursed-of-karak-zorn,True,2,8,"{""equipment-access.yaml"": {""name_i18n"": 1, ""notes_i18n"": 5}, ""profiles.yaml"": {""equipment_restrictions_i18n"": 2}}","[{""profile_id"": ""troll-slayer"", ""removed_texts"": [""May select close-combat weapons from the Cursed of Karak-Zorn Equipment List."", ""May never use missile weapons or any form of armour.""]}]","[{""compile_outcome"": null, ""eb85e95"": null, ""evidence"": ""matrix"", ""live"": null, ""profile_id"": ""troll-slayer"", ""scenario"": ""matrix-troll-slayer""}]",structured-binding-compensation
FP-0104,tests/specs/semantic/grants/editorial-hard-head.yaml,editorial-hard-head-dwarf-rangers,rule/mordheim/dwarf-rangers/band--hard-head/trait.concussion-immune,sources/knowledge/bands/mordheim/dwarf-rangers/special-rules.yaml,band--hard-head,189081d1bc6f4da749c163da72783a084ad3c18993e8ce12d6912c3bc58545a5,4800a8d6e723aa569e31893534ba987411dc1788c066cb33695ef06f50981e3a,CTX-mordheim-dwarf-rangers,"[""equipment-access.yaml"", ""profiles.yaml""]","[{""doc"": ""profiles.yaml"", ""node"": ""profiles:dwarf-troll-slayers"", ""path"": ""profiles[dwarf-troll-slayers].equipment_restrictions[0]"", ""op"": ""remove"", ""old"": ""May select weapons from the Dwarf Warrior Equipment List."", ""new"": null, ""i18n_only"": false}, {""doc"": ""profiles.yaml"", ""node"": ""profiles:dwarf-troll-slayers"", ""path"": ""profiles[dwarf-troll-slayers].equipment_restrictions[1]"", ""op"": ""remove"", ""old"": ""May never carry or use missile weapons or any form of armour."", ""new"": null, ""i18n_only"": false}]","[""mordheim_knowledge/loader.py:load_bands -> package profiles (equipment_restrictions)"", ""mordheim_construction/eligibility.py:package_facts -> projects equipment_restrictions, drops *_i18n"", ""mordheim_construction/eligibility.py:desktop_call -> _eligibility.js bridge.ts:desktopCall"", ""typescript/domain/eligibility/index.ts:310-313 boundEquipment reads structured profile.equipment-restrictions bindings"", ""typescript/domain/eligibility/index.ts:403-405 profileSelections reads the free-text keyword branch"", ""mordheim_construction/restrictions.py:_validate_profile_selections -> compiler.validate order (boundEquipment before profileSelections)"", ""mordheim_construction/selection.py:_profile / _applicable_rules (package facts and automatic rules)""]","{""level"": ""observed"", ""summary"": ""No current decision change reproduced: the removed armour text is compensated by structured profile.equipment-restrictions bindings; the same build compiles to the same outcome against live and eb85e95 KB."", ""classes"": [""structured-binding-compensation""], ""reproductions"": [{""compile_outcome"": null, ""eb85e95"": ""armour is forbidden for dwarf-rangers/dwarf-troll-slayers"", ""evidence"": ""stages"", ""live"": ""armour is forbidden for dwarf-rangers/dwarf-troll-slayers"", ""profile_id"": ""dwarf-troll-slayers"", ""scenario"": ""changed-armour-ban-dwarf-rangers""}, {""compile_outcome"": null, ""eb85e95"": ""rejected"", ""evidence"": ""compile"", ""live"": ""rejected"", ""profile_id"": ""dwarf-troll-slayers"", ""scenario"": ""armour-ban-dwarf-rangers""}, {""compile_outcome"": null, ""eb85e95"": null, ""evidence"": ""matrix"", ""live"": null, ""profile_id"": ""dwarf-troll-slayers"", ""scenario"": ""matrix-dwarf-troll-slayers""}], ""limitation"": ""Current maintained consumer over historical data; the historical engine behaviour is not proven. Presentation consumers still render the field. No pin was changed by this lot.""}","[""build/cache/t13-parallel/context-data-review/context-diff.json#CTX-mordheim-dwarf-rangers"", ""build/cache/t13-parallel/context-data-review/compensation-check.json"", ""build/cache/t13-parallel/context-data-review/repro-matrix.json"", ""build/cache/t13-parallel/context-data-review/repro-compile.json"", ""build/cache/t13-parallel/context-data-review/repro-stages.json"", ""build/cache/t13-parallel/context-data-review/rule-rows-check.json"", ""build/cache/t13-parallel/context-data-review/access-probe.json"", ""build/cache/t13-parallel/context-data-review/entry-state.json""]","[""T13-F001"", ""T13-F014""]",Coordinator decision required: whether the live fingerprint may replace the eb85e95 pin for this pair after reviewing the compensated removal group CTX-mordheim-dwarf-rangers and its consumers. This lot changed no pin.,trait.concussion-immune,https://mordheimer.net/docs/warbands/grade-1b-warbands/dwarf-rangers,snapshot_content_change,sources/knowledge/bands/mordheim/dwarf-rangers,mordheim,dwarf-rangers,True,2,6,"{""equipment-access.yaml"": {""name_i18n"": 2, ""notes_i18n"": 3}, ""profiles.yaml"": {""equipment_restrictions_i18n"": 1}}","[{""profile_id"": ""dwarf-troll-slayers"", ""removed_texts"": [""May select weapons from the Dwarf Warrior Equipment List."", ""May never carry or use missile weapons or any form of armour.""]}]","[{""compile_outcome"": null, ""eb85e95"": ""armour is forbidden for dwarf-rangers/dwarf-troll-slayers"", ""evidence"": ""stages"", ""live"": ""armour is forbidden for dwarf-rangers/dwarf-troll-slayers"", ""profile_id"": ""dwarf-troll-slayers"", ""scenario"": ""changed-armour-ban-dwarf-rangers""}, {""compile_outcome"": null, ""eb85e95"": ""rejected"", ""evidence"": ""compile"", ""live"": ""rejected"", ""profile_id"": ""dwarf-troll-slayers"", ""scenario"": ""armour-ban-dwarf-rangers""}, {""compile_outcome"": null, ""eb85e95"": null, ""evidence"": ""matrix"", ""live"": null, ""profile_id"": ""dwarf-troll-slayers"", ""scenario"": ""matrix-dwarf-troll-slayers""}]",structured-binding-compensation
FP-0106,tests/specs/semantic/grants/editorial-hard-head.yaml,editorial-hard-head-chaos-streets-dwarf-treasure-hunters,rule/trollheim/chaos-streets-dwarf-treasure-hunters/band--hard-head/trait.concussion-immune,sources/knowledge/bands/trollheim/chaos-streets-dwarf-treasure-hunters/special-rules.yaml,band--hard-head,422195260db12e3581b206031fb430be25673b380287297b9c9b455a5019ad4b,38a3e6cb5f1256b31db7c96229bc60264e263136debb7f4deace56aeabed2172,CTX-trollheim-chaos-streets-dwarf-treasure-hunters,"[""equipment-access.yaml"", ""profiles.yaml""]","[{""doc"": ""profiles.yaml"", ""node"": ""profiles:dwarf-troll-slayers"", ""path"": ""profiles[dwarf-troll-slayers].equipment_restrictions[0]"", ""op"": ""remove"", ""old"": ""May select weapons from the Dwarf Warrior Equipment List."", ""new"": null, ""i18n_only"": false}, {""doc"": ""profiles.yaml"", ""node"": ""profiles:dwarf-troll-slayers"", ""path"": ""profiles[dwarf-troll-slayers].equipment_restrictions[1]"", ""op"": ""remove"", ""old"": ""May never use missile weapons or any form of armour."", ""new"": null, ""i18n_only"": false}]","[""mordheim_knowledge/loader.py:load_bands -> package profiles (equipment_restrictions)"", ""mordheim_construction/eligibility.py:package_facts -> projects equipment_restrictions, drops *_i18n"", ""mordheim_construction/eligibility.py:desktop_call -> _eligibility.js bridge.ts:desktopCall"", ""typescript/domain/eligibility/index.ts:310-313 boundEquipment reads structured profile.equipment-restrictions bindings"", ""typescript/domain/eligibility/index.ts:403-405 profileSelections reads the free-text keyword branch"", ""mordheim_construction/restrictions.py:_validate_profile_selections -> compiler.validate order (boundEquipment before profileSelections)"", ""mordheim_construction/selection.py:_profile / _applicable_rules (package facts and automatic rules)""]","{""level"": ""observed"", ""summary"": ""No current decision change reproduced: the removed armour text is compensated by structured profile.equipment-restrictions bindings; the same build compiles to the same outcome against live and eb85e95 KB."", ""classes"": [""structured-binding-compensation""], ""reproductions"": [{""compile_outcome"": null, ""eb85e95"": null, ""evidence"": ""matrix"", ""live"": null, ""profile_id"": ""dwarf-troll-slayers"", ""scenario"": ""matrix-dwarf-troll-slayers""}], ""limitation"": ""Current maintained consumer over historical data; the historical engine behaviour is not proven. Presentation consumers still render the field. No pin was changed by this lot.""}","[""build/cache/t13-parallel/context-data-review/context-diff.json#CTX-trollheim-chaos-streets-dwarf-treasure-hunters"", ""build/cache/t13-parallel/context-data-review/compensation-check.json"", ""build/cache/t13-parallel/context-data-review/repro-matrix.json"", ""build/cache/t13-parallel/context-data-review/repro-compile.json"", ""build/cache/t13-parallel/context-data-review/repro-stages.json"", ""build/cache/t13-parallel/context-data-review/rule-rows-check.json"", ""build/cache/t13-parallel/context-data-review/access-probe.json"", ""build/cache/t13-parallel/context-data-review/entry-state.json""]","[""T13-F001"", ""T13-F014""]",Coordinator decision required: whether the live fingerprint may replace the eb85e95 pin for this pair after reviewing the compensated removal group CTX-trollheim-chaos-streets-dwarf-treasure-hunters and its consumers. This lot changed no pin.,trait.concussion-immune,,snapshot_content_change,sources/knowledge/bands/trollheim/chaos-streets-dwarf-treasure-hunters,trollheim,chaos-streets-dwarf-treasure-hunters,True,2,8,"{""equipment-access.yaml"": {""name_i18n"": 2, ""notes_i18n"": 6}}","[{""profile_id"": ""dwarf-troll-slayers"", ""removed_texts"": [""May select weapons from the Dwarf Warrior Equipment List."", ""May never use missile weapons or any form of armour.""]}]","[{""compile_outcome"": null, ""eb85e95"": null, ""evidence"": ""matrix"", ""live"": null, ""profile_id"": ""dwarf-troll-slayers"", ""scenario"": ""matrix-dwarf-troll-slayers""}]",structured-binding-compensation
FP-0107,tests/specs/semantic/grants/editorial-hard-head.yaml,editorial-hard-head-dwarf-treasure-hunters,rule/mordheim/dwarf-treasure-hunters/band--hard-head/trait.concussion-immune,sources/knowledge/bands/mordheim/dwarf-treasure-hunters/special-rules.yaml,band--hard-head,a42cc6242b45930bf8d7cb80bc90591d8cbb94d570c7a47eaac1449de2c47578,d1005966538649c903bf33f73570b467346ddf60f2cb56d1aa0b06e2b2ea49b9,CTX-mordheim-dwarf-treasure-hunters,"[""equipment-access.yaml"", ""profiles.yaml""]","[{""doc"": ""profiles.yaml"", ""node"": ""profiles:dwarf-troll-slayers"", ""path"": ""profiles[dwarf-troll-slayers].equipment_restrictions[0]"", ""op"": ""remove"", ""old"": ""May select weapons from the Dwarf Warrior Equipment List."", ""new"": null, ""i18n_only"": false}, {""doc"": ""profiles.yaml"", ""node"": ""profiles:dwarf-troll-slayers"", ""path"": ""profiles[dwarf-troll-slayers].equipment_restrictions[1]"", ""op"": ""remove"", ""old"": ""May never carry or use missile weapons or any form of armour."", ""new"": null, ""i18n_only"": false}]","[""mordheim_knowledge/loader.py:load_bands -> package profiles (equipment_restrictions)"", ""mordheim_construction/eligibility.py:package_facts -> projects equipment_restrictions, drops *_i18n"", ""mordheim_construction/eligibility.py:desktop_call -> _eligibility.js bridge.ts:desktopCall"", ""typescript/domain/eligibility/index.ts:310-313 boundEquipment reads structured profile.equipment-restrictions bindings"", ""typescript/domain/eligibility/index.ts:403-405 profileSelections reads the free-text keyword branch"", ""mordheim_construction/restrictions.py:_validate_profile_selections -> compiler.validate order (boundEquipment before profileSelections)"", ""mordheim_construction/selection.py:_profile / _applicable_rules (package facts and automatic rules)""]","{""level"": ""observed"", ""summary"": ""No current decision change reproduced: the removed armour text is compensated by structured profile.equipment-restrictions bindings; the same build compiles to the same outcome against live and eb85e95 KB."", ""classes"": [""structured-binding-compensation""], ""reproductions"": [{""compile_outcome"": null, ""eb85e95"": ""rejected"", ""evidence"": ""compile"", ""live"": ""rejected"", ""profile_id"": ""dwarf-troll-slayers"", ""scenario"": ""armour-ban-dwarf-treasure""}, {""compile_outcome"": null, ""eb85e95"": null, ""evidence"": ""matrix"", ""live"": null, ""profile_id"": ""dwarf-troll-slayers"", ""scenario"": ""matrix-dwarf-troll-slayers""}], ""limitation"": ""Current maintained consumer over historical data; the historical engine behaviour is not proven. Presentation consumers still render the field. No pin was changed by this lot.""}","[""build/cache/t13-parallel/context-data-review/context-diff.json#CTX-mordheim-dwarf-treasure-hunters"", ""build/cache/t13-parallel/context-data-review/compensation-check.json"", ""build/cache/t13-parallel/context-data-review/repro-matrix.json"", ""build/cache/t13-parallel/context-data-review/repro-compile.json"", ""build/cache/t13-parallel/context-data-review/repro-stages.json"", ""build/cache/t13-parallel/context-data-review/rule-rows-check.json"", ""build/cache/t13-parallel/context-data-review/access-probe.json"", ""build/cache/t13-parallel/context-data-review/entry-state.json""]","[""T13-F001"", ""T13-F014""]",Coordinator decision required: whether the live fingerprint may replace the eb85e95 pin for this pair after reviewing the compensated removal group CTX-mordheim-dwarf-treasure-hunters and its consumers. This lot changed no pin.,trait.concussion-immune,https://mordheimer.net/docs/warbands/grade-1a-warbands/dwarf-treasure-hunters,snapshot_content_change,sources/knowledge/bands/mordheim/dwarf-treasure-hunters,mordheim,dwarf-treasure-hunters,True,2,8,"{""equipment-access.yaml"": {""name_i18n"": 2, ""notes_i18n"": 6}}","[{""profile_id"": ""dwarf-troll-slayers"", ""removed_texts"": [""May select weapons from the Dwarf Warrior Equipment List."", ""May never carry or use missile weapons or any form of armour.""]}]","[{""compile_outcome"": null, ""eb85e95"": ""rejected"", ""evidence"": ""compile"", ""live"": ""rejected"", ""profile_id"": ""dwarf-troll-slayers"", ""scenario"": ""armour-ban-dwarf-treasure""}, {""compile_outcome"": null, ""eb85e95"": null, ""evidence"": ""matrix"", ""live"": null, ""profile_id"": ""dwarf-troll-slayers"", ""scenario"": ""matrix-dwarf-troll-slayers""}]",structured-binding-compensation
FP-0108,tests/specs/semantic/grants/editorial-head-crusher.yaml,editorial-head-crusher-grants,rule/mordheim/black-orcs/band--black-orc-special-skills-eadbasher/skill.head-crusher,sources/knowledge/bands/mordheim/black-orcs/special-rules.yaml,band--black-orc-special-skills-eadbasher,5a176902ab4c8dac1c218d2e918dcd71200a3a342ae58ecb5413ecf5cc8ae99a,c3249251d8049d5ef640ca0b0046e8ec7ea3dad1722fb470230ce627a29c224d,CTX-mordheim-black-orcs,"[""equipment-access.yaml"", ""profiles.yaml""]","[{""doc"": ""profiles.yaml"", ""node"": ""profiles:orc-nuttaz"", ""path"": ""profiles[orc-nuttaz].equipment_restrictions[0]"", ""op"": ""remove"", ""old"": ""May use the Henchmen List, but Savage prevents them from using any armour or ranged weapons."", ""new"": null, ""i18n_only"": false}]","[""mordheim_knowledge/loader.py:load_bands -> package profiles (equipment_restrictions)"", ""mordheim_construction/eligibility.py:package_facts -> projects equipment_restrictions, drops *_i18n"", ""mordheim_construction/eligibility.py:desktop_call -> _eligibility.js bridge.ts:desktopCall"", ""typescript/domain/eligibility/index.ts:310-313 boundEquipment reads structured profile.equipment-restrictions bindings"", ""typescript/domain/eligibility/index.ts:403-405 profileSelections reads the free-text keyword branch"", ""mordheim_construction/restrictions.py:_validate_profile_selections -> compiler.validate order (boundEquipment before profileSelections)"", ""mordheim_construction/selection.py:_profile / _applicable_rules (package facts and automatic rules)""]","{""level"": ""observed"", ""summary"": ""No current decision change reproduced: the removed armour text is compensated by structured profile.equipment-restrictions bindings; the same build compiles to the same outcome against live and eb85e95 KB."", ""classes"": [""structured-binding-compensation""], ""reproductions"": [{""compile_outcome"": null, ""eb85e95"": null, ""evidence"": ""matrix"", ""live"": null, ""profile_id"": ""orc-nuttaz"", ""scenario"": ""matrix-orc-nuttaz""}], ""limitation"": ""Current maintained consumer over historical data; the historical engine behaviour is not proven. Presentation consumers still render the field. No pin was changed by this lot.""}","[""build/cache/t13-parallel/context-data-review/context-diff.json#CTX-mordheim-black-orcs"", ""build/cache/t13-parallel/context-data-review/compensation-check.json"", ""build/cache/t13-parallel/context-data-review/repro-matrix.json"", ""build/cache/t13-parallel/context-data-review/repro-compile.json"", ""build/cache/t13-parallel/context-data-review/repro-stages.json"", ""build/cache/t13-parallel/context-data-review/rule-rows-check.json"", ""build/cache/t13-parallel/context-data-review/access-probe.json"", ""build/cache/t13-parallel/context-data-review/entry-state.json""]","[""T13-F001""]",Coordinator decision required: whether the live fingerprint may replace the eb85e95 pin for this pair after reviewing the compensated removal group CTX-mordheim-black-orcs and its consumers. This lot changed no pin.,skill.head-crusher,https://mordheimer.net/docs/warbands/grade-1b-warbands/black-orcs,snapshot_content_change,sources/knowledge/bands/mordheim/black-orcs,mordheim,black-orcs,True,1,10,"{""equipment-access.yaml"": {""name_i18n"": 2, ""notes_i18n"": 4}, ""profiles.yaml"": {""equipment_restrictions_i18n"": 4}}","[{""profile_id"": ""orc-nuttaz"", ""removed_texts"": [""May use the Henchmen List, but Savage prevents them from using any armour or ranged weapons.""]}]","[{""compile_outcome"": null, ""eb85e95"": null, ""evidence"": ""matrix"", ""live"": null, ""profile_id"": ""orc-nuttaz"", ""scenario"": ""matrix-orc-nuttaz""}]",structured-binding-compensation
FP-0109,tests/specs/semantic/grants/editorial-head-crusher.yaml,editorial-head-crusher-grants,rule/mordheim/orc-mob/band--orc-special-skills-eadbasher/skill.head-crusher,sources/knowledge/bands/mordheim/orc-mob/special-rules.yaml,band--orc-special-skills-eadbasher,29da11ed9e6dc5efac8e1a01d0c249c55999d28b1777dd9aba4d03114f0462ae,e9926a3492b676ab9b86bab1e84cb6349cc1d83d6cb23cfe558b66b660319b26,CTX-mordheim-orc-mob,"[""equipment-access.yaml"", ""profiles.yaml""]","[{""doc"": ""profiles.yaml"", ""node"": ""profiles:orc-shaman"", ""path"": ""profiles[orc-shaman].equipment_restrictions[0]"", ""op"": ""remove"", ""old"": ""May select weapons from the Orc Equipment List, but may never wear armour."", ""new"": null, ""i18n_only"": false}]","[""mordheim_knowledge/loader.py:load_bands -> package profiles (equipment_restrictions)"", ""mordheim_construction/eligibility.py:package_facts -> projects equipment_restrictions, drops *_i18n"", ""mordheim_construction/eligibility.py:desktop_call -> _eligibility.js bridge.ts:desktopCall"", ""typescript/domain/eligibility/index.ts:310-313 boundEquipment reads structured profile.equipment-restrictions bindings"", ""typescript/domain/eligibility/index.ts:403-405 profileSelections reads the free-text keyword branch"", ""mordheim_construction/restrictions.py:_validate_profile_selections -> compiler.validate order (boundEquipment before profileSelections)"", ""mordheim_construction/selection.py:_profile / _applicable_rules (package facts and automatic rules)""]","{""level"": ""observed"", ""summary"": ""No current decision change reproduced: the removed armour text is compensated by structured profile.equipment-restrictions bindings; the same build compiles to the same outcome against live and eb85e95 KB."", ""classes"": [""structured-binding-compensation""], ""reproductions"": [{""compile_outcome"": null, ""eb85e95"": null, ""evidence"": ""matrix"", ""live"": null, ""profile_id"": ""orc-shaman"", ""scenario"": ""matrix-orc-shaman""}], ""limitation"": ""Current maintained consumer over historical data; the historical engine behaviour is not proven. Presentation consumers still render the field. No pin was changed by this lot.""}","[""build/cache/t13-parallel/context-data-review/context-diff.json#CTX-mordheim-orc-mob"", ""build/cache/t13-parallel/context-data-review/compensation-check.json"", ""build/cache/t13-parallel/context-data-review/repro-matrix.json"", ""build/cache/t13-parallel/context-data-review/repro-compile.json"", ""build/cache/t13-parallel/context-data-review/repro-stages.json"", ""build/cache/t13-parallel/context-data-review/rule-rows-check.json"", ""build/cache/t13-parallel/context-data-review/access-probe.json"", ""build/cache/t13-parallel/context-data-review/entry-state.json""]","[""T13-F001""]",Coordinator decision required: whether the live fingerprint may replace the eb85e95 pin for this pair after reviewing the compensated removal group CTX-mordheim-orc-mob and its consumers. This lot changed no pin.,skill.head-crusher,https://mordheimer.net/docs/warbands/grade-1a-warbands/orc-mob,snapshot_content_change,sources/knowledge/bands/mordheim/orc-mob,mordheim,orc-mob,True,1,7,"{""equipment-access.yaml"": {""name_i18n"": 2, ""notes_i18n"": 3}, ""profiles.yaml"": {""equipment_restrictions_i18n"": 2}}","[{""profile_id"": ""orc-shaman"", ""removed_texts"": [""May select weapons from the Orc Equipment List, but may never wear armour.""]}]","[{""compile_outcome"": null, ""eb85e95"": null, ""evidence"": ""matrix"", ""live"": null, ""profile_id"": ""orc-shaman"", ""scenario"": ""matrix-orc-shaman""}]",structured-binding-compensation
FP-0110,tests/specs/semantic/grants/editorial-head-crusher.yaml,editorial-head-crusher-grants,rule/trollheim/chaos-streets-greenskins/band--orc-special-skills-eadbasher/skill.head-crusher,sources/knowledge/bands/trollheim/chaos-streets-greenskins/special-rules.yaml,band--orc-special-skills-eadbasher,04ffcb3a6100f41d211728adb3a87fded59ef2ffd9dfcc86708ddaf6b32e0dff,3f11d7ca3f9774da43717d0b8c0daa70eb6fd95383bdbecfca00b7d4190216b7,CTX-trollheim-chaos-streets-greenskins,"[""equipment-access.yaml"", ""profiles.yaml""]","[{""doc"": ""profiles.yaml"", ""node"": ""profiles:orc-shaman"", ""path"": ""profiles[orc-shaman].equipment_restrictions[0]"", ""op"": ""remove"", ""old"": ""May select weapons from the Orc Equipment List, but may never wear armour."", ""new"": null, ""i18n_only"": false}]","[""mordheim_knowledge/loader.py:load_bands -> package profiles (equipment_restrictions)"", ""mordheim_construction/eligibility.py:package_facts -> projects equipment_restrictions, drops *_i18n"", ""mordheim_construction/eligibility.py:desktop_call -> _eligibility.js bridge.ts:desktopCall"", ""typescript/domain/eligibility/index.ts:310-313 boundEquipment reads structured profile.equipment-restrictions bindings"", ""typescript/domain/eligibility/index.ts:403-405 profileSelections reads the free-text keyword branch"", ""mordheim_construction/restrictions.py:_validate_profile_selections -> compiler.validate order (boundEquipment before profileSelections)"", ""mordheim_construction/selection.py:_profile / _applicable_rules (package facts and automatic rules)""]","{""level"": ""observed"", ""summary"": ""No current decision change reproduced: the removed armour text is compensated by structured profile.equipment-restrictions bindings; the same build compiles to the same outcome against live and eb85e95 KB."", ""classes"": [""structured-binding-compensation""], ""reproductions"": [{""compile_outcome"": null, ""eb85e95"": null, ""evidence"": ""matrix"", ""live"": null, ""profile_id"": ""orc-shaman"", ""scenario"": ""matrix-orc-shaman""}], ""limitation"": ""Current maintained consumer over historical data; the historical engine behaviour is not proven. Presentation consumers still render the field. No pin was changed by this lot.""}","[""build/cache/t13-parallel/context-data-review/context-diff.json#CTX-trollheim-chaos-streets-greenskins"", ""build/cache/t13-parallel/context-data-review/compensation-check.json"", ""build/cache/t13-parallel/context-data-review/repro-matrix.json"", ""build/cache/t13-parallel/context-data-review/repro-compile.json"", ""build/cache/t13-parallel/context-data-review/repro-stages.json"", ""build/cache/t13-parallel/context-data-review/rule-rows-check.json"", ""build/cache/t13-parallel/context-data-review/access-probe.json"", ""build/cache/t13-parallel/context-data-review/entry-state.json""]","[""T13-F001""]",Coordinator decision required: whether the live fingerprint may replace the eb85e95 pin for this pair after reviewing the compensated removal group CTX-trollheim-chaos-streets-greenskins and its consumers. This lot changed no pin.,skill.head-crusher,,snapshot_content_change,sources/knowledge/bands/trollheim/chaos-streets-greenskins,trollheim,chaos-streets-greenskins,True,1,12,"{""equipment-access.yaml"": {""name_i18n"": 2, ""notes_i18n"": 8}, ""profiles.yaml"": {""equipment_restrictions_i18n"": 2}}","[{""profile_id"": ""orc-shaman"", ""removed_texts"": [""May select weapons from the Orc Equipment List, but may never wear armour.""]}]","[{""compile_outcome"": null, ""eb85e95"": null, ""evidence"": ""matrix"", ""live"": null, ""profile_id"": ""orc-shaman"", ""scenario"": ""matrix-orc-shaman""}]",structured-binding-compensation
FP-0120,tests/specs/semantic/grants/editorial-khemri-injury.yaml,editorial-karak-zorn-hard-head,rule/trollheim/khemri-cursed-of-karak-zorn/band--hard-head/trait.concussion-immune,sources/knowledge/bands/trollheim/khemri-cursed-of-karak-zorn/special-rules.yaml,band--hard-head,f0a53e78db06d1f308aacff885fc6d385e5be16d7b3890ae4f4167939453a365,678ed08db4d69c3f07029ce98df1c34433a7a345a734b6e80cb3032cb5c2c90e,CTX-trollheim-khemri-cursed-of-karak-zorn,"[""equipment-access.yaml"", ""profiles.yaml""]","[{""doc"": ""profiles.yaml"", ""node"": ""profiles:troll-slayer"", ""path"": ""profiles[troll-slayer].equipment_restrictions[0]"", ""op"": ""remove"", ""old"": ""May select close-combat weapons from the Cursed of Karak-Zorn Equipment List."", ""new"": null, ""i18n_only"": false}, {""doc"": ""profiles.yaml"", ""node"": ""profiles:troll-slayer"", ""path"": ""profiles[troll-slayer].equipment_restrictions[1]"", ""op"": ""remove"", ""old"": ""May never use missile weapons or any form of armour."", ""new"": null, ""i18n_only"": false}]","[""mordheim_knowledge/loader.py:load_bands -> package profiles (equipment_restrictions)"", ""mordheim_construction/eligibility.py:package_facts -> projects equipment_restrictions, drops *_i18n"", ""mordheim_construction/eligibility.py:desktop_call -> _eligibility.js bridge.ts:desktopCall"", ""typescript/domain/eligibility/index.ts:310-313 boundEquipment reads structured profile.equipment-restrictions bindings"", ""typescript/domain/eligibility/index.ts:403-405 profileSelections reads the free-text keyword branch"", ""mordheim_construction/restrictions.py:_validate_profile_selections -> compiler.validate order (boundEquipment before profileSelections)"", ""mordheim_construction/selection.py:_profile / _applicable_rules (package facts and automatic rules)""]","{""level"": ""observed"", ""summary"": ""No current decision change reproduced: the removed armour text is compensated by structured profile.equipment-restrictions bindings; the same build compiles to the same outcome against live and eb85e95 KB."", ""classes"": [""structured-binding-compensation""], ""reproductions"": [{""compile_outcome"": null, ""eb85e95"": null, ""evidence"": ""matrix"", ""live"": null, ""profile_id"": ""troll-slayer"", ""scenario"": ""matrix-troll-slayer""}], ""limitation"": ""Current maintained consumer over historical data; the historical engine behaviour is not proven. Presentation consumers still render the field. No pin was changed by this lot.""}","[""build/cache/t13-parallel/context-data-review/context-diff.json#CTX-trollheim-khemri-cursed-of-karak-zorn"", ""build/cache/t13-parallel/context-data-review/compensation-check.json"", ""build/cache/t13-parallel/context-data-review/repro-matrix.json"", ""build/cache/t13-parallel/context-data-review/repro-compile.json"", ""build/cache/t13-parallel/context-data-review/repro-stages.json"", ""build/cache/t13-parallel/context-data-review/rule-rows-check.json"", ""build/cache/t13-parallel/context-data-review/access-probe.json"", ""build/cache/t13-parallel/context-data-review/entry-state.json""]","[""T13-F001"", ""T13-F014""]",Coordinator decision required: whether the live fingerprint may replace the eb85e95 pin for this pair after reviewing the compensated removal group CTX-trollheim-khemri-cursed-of-karak-zorn and its consumers. This lot changed no pin.,trait.concussion-immune,,snapshot_content_change,sources/knowledge/bands/trollheim/khemri-cursed-of-karak-zorn,trollheim,khemri-cursed-of-karak-zorn,True,2,8,"{""equipment-access.yaml"": {""name_i18n"": 1, ""notes_i18n"": 5}, ""profiles.yaml"": {""equipment_restrictions_i18n"": 2}}","[{""profile_id"": ""troll-slayer"", ""removed_texts"": [""May select close-combat weapons from the Cursed of Karak-Zorn Equipment List."", ""May never use missile weapons or any form of armour.""]}]","[{""compile_outcome"": null, ""eb85e95"": null, ""evidence"": ""matrix"", ""live"": null, ""profile_id"": ""troll-slayer"", ""scenario"": ""matrix-troll-slayer""}]",structured-binding-compensation
FP-0145,tests/specs/semantic/grants/editorial-monster-slayer-armour.yaml,karak-zorn-monster-slayer-effective-armour,rule/trollheim/khemri-cursed-of-karak-zorn/band--troll-slayer-special-skills-monster-slayer/skill.monster-slayer-effective-strength-armour,sources/knowledge/bands/trollheim/khemri-cursed-of-karak-zorn/special-rules.yaml,band--troll-slayer-special-skills-monster-slayer,6228d9326bbc90020b070c3d25afa59fc7f114a88a316680a5594f005af5053b,4d6dda4c04126ce5193b197b5e4c2d37435256ac4daeea753041bb7cca33f6ee,CTX-trollheim-khemri-cursed-of-karak-zorn,"[""equipment-access.yaml"", ""profiles.yaml""]","[{""doc"": ""profiles.yaml"", ""node"": ""profiles:troll-slayer"", ""path"": ""profiles[troll-slayer].equipment_restrictions[0]"", ""op"": ""remove"", ""old"": ""May select close-combat weapons from the Cursed of Karak-Zorn Equipment List."", ""new"": null, ""i18n_only"": false}, {""doc"": ""profiles.yaml"", ""node"": ""profiles:troll-slayer"", ""path"": ""profiles[troll-slayer].equipment_restrictions[1]"", ""op"": ""remove"", ""old"": ""May never use missile weapons or any form of armour."", ""new"": null, ""i18n_only"": false}]","[""mordheim_knowledge/loader.py:load_bands -> package profiles (equipment_restrictions)"", ""mordheim_construction/eligibility.py:package_facts -> projects equipment_restrictions, drops *_i18n"", ""mordheim_construction/eligibility.py:desktop_call -> _eligibility.js bridge.ts:desktopCall"", ""typescript/domain/eligibility/index.ts:310-313 boundEquipment reads structured profile.equipment-restrictions bindings"", ""typescript/domain/eligibility/index.ts:403-405 profileSelections reads the free-text keyword branch"", ""mordheim_construction/restrictions.py:_validate_profile_selections -> compiler.validate order (boundEquipment before profileSelections)"", ""mordheim_construction/selection.py:_profile / _applicable_rules (package facts and automatic rules)""]","{""level"": ""observed"", ""summary"": ""No current decision change reproduced: the removed armour text is compensated by structured profile.equipment-restrictions bindings; the same build compiles to the same outcome against live and eb85e95 KB."", ""classes"": [""structured-binding-compensation""], ""reproductions"": [{""compile_outcome"": null, ""eb85e95"": null, ""evidence"": ""matrix"", ""live"": null, ""profile_id"": ""troll-slayer"", ""scenario"": ""matrix-troll-slayer""}], ""limitation"": ""Current maintained consumer over historical data; the historical engine behaviour is not proven. Presentation consumers still render the field. No pin was changed by this lot.""}","[""build/cache/t13-parallel/context-data-review/context-diff.json#CTX-trollheim-khemri-cursed-of-karak-zorn"", ""build/cache/t13-parallel/context-data-review/compensation-check.json"", ""build/cache/t13-parallel/context-data-review/repro-matrix.json"", ""build/cache/t13-parallel/context-data-review/repro-compile.json"", ""build/cache/t13-parallel/context-data-review/repro-stages.json"", ""build/cache/t13-parallel/context-data-review/rule-rows-check.json"", ""build/cache/t13-parallel/context-data-review/access-probe.json"", ""build/cache/t13-parallel/context-data-review/entry-state.json""]","[""T13-F001""]",Coordinator decision required: whether the live fingerprint may replace the eb85e95 pin for this pair after reviewing the compensated removal group CTX-trollheim-khemri-cursed-of-karak-zorn and its consumers. This lot changed no pin.,skill.monster-slayer-effective-strength-armour,,snapshot_content_change,sources/knowledge/bands/trollheim/khemri-cursed-of-karak-zorn,trollheim,khemri-cursed-of-karak-zorn,True,2,8,"{""equipment-access.yaml"": {""name_i18n"": 1, ""notes_i18n"": 5}, ""profiles.yaml"": {""equipment_restrictions_i18n"": 2}}","[{""profile_id"": ""troll-slayer"", ""removed_texts"": [""May select close-combat weapons from the Cursed of Karak-Zorn Equipment List."", ""May never use missile weapons or any form of armour.""]}]","[{""compile_outcome"": null, ""eb85e95"": null, ""evidence"": ""matrix"", ""live"": null, ""profile_id"": ""troll-slayer"", ""scenario"": ""matrix-troll-slayer""}]",structured-binding-compensation
FP-0146,tests/specs/semantic/grants/editorial-monster-slayer-trollheim.yaml,editorial-monster-slayer-chaos-streets-dwarf-treasure-hunters,rule/trollheim/chaos-streets-dwarf-treasure-hunters/band--slayer-special-skills-monster-slayer/skill.monster-slayer,sources/knowledge/bands/trollheim/chaos-streets-dwarf-treasure-hunters/special-rules.yaml,band--slayer-special-skills-monster-slayer,2295a4d0881d39d1a6a3318667f0dc5088e5f87019552721c815c0d7499cf722,57c82a45ca1c198b32855952bffcc29f0a76a982761b2830b631ae0e842d2fbd,CTX-trollheim-chaos-streets-dwarf-treasure-hunters,"[""equipment-access.yaml"", ""profiles.yaml""]","[{""doc"": ""profiles.yaml"", ""node"": ""profiles:dwarf-troll-slayers"", ""path"": ""profiles[dwarf-troll-slayers].equipment_restrictions[0]"", ""op"": ""remove"", ""old"": ""May select weapons from the Dwarf Warrior Equipment List."", ""new"": null, ""i18n_only"": false}, {""doc"": ""profiles.yaml"", ""node"": ""profiles:dwarf-troll-slayers"", ""path"": ""profiles[dwarf-troll-slayers].equipment_restrictions[1]"", ""op"": ""remove"", ""old"": ""May never use missile weapons or any form of armour."", ""new"": null, ""i18n_only"": false}]","[""mordheim_knowledge/loader.py:load_bands -> package profiles (equipment_restrictions)"", ""mordheim_construction/eligibility.py:package_facts -> projects equipment_restrictions, drops *_i18n"", ""mordheim_construction/eligibility.py:desktop_call -> _eligibility.js bridge.ts:desktopCall"", ""typescript/domain/eligibility/index.ts:310-313 boundEquipment reads structured profile.equipment-restrictions bindings"", ""typescript/domain/eligibility/index.ts:403-405 profileSelections reads the free-text keyword branch"", ""mordheim_construction/restrictions.py:_validate_profile_selections -> compiler.validate order (boundEquipment before profileSelections)"", ""mordheim_construction/selection.py:_profile / _applicable_rules (package facts and automatic rules)""]","{""level"": ""observed"", ""summary"": ""No current decision change reproduced: the removed armour text is compensated by structured profile.equipment-restrictions bindings; the same build compiles to the same outcome against live and eb85e95 KB."", ""classes"": [""structured-binding-compensation""], ""reproductions"": [{""compile_outcome"": null, ""eb85e95"": null, ""evidence"": ""matrix"", ""live"": null, ""profile_id"": ""dwarf-troll-slayers"", ""scenario"": ""matrix-dwarf-troll-slayers""}], ""limitation"": ""Current maintained consumer over historical data; the historical engine behaviour is not proven. Presentation consumers still render the field. No pin was changed by this lot.""}","[""build/cache/t13-parallel/context-data-review/context-diff.json#CTX-trollheim-chaos-streets-dwarf-treasure-hunters"", ""build/cache/t13-parallel/context-data-review/compensation-check.json"", ""build/cache/t13-parallel/context-data-review/repro-matrix.json"", ""build/cache/t13-parallel/context-data-review/repro-compile.json"", ""build/cache/t13-parallel/context-data-review/repro-stages.json"", ""build/cache/t13-parallel/context-data-review/rule-rows-check.json"", ""build/cache/t13-parallel/context-data-review/access-probe.json"", ""build/cache/t13-parallel/context-data-review/entry-state.json""]","[""T13-F001""]",Coordinator decision required: whether the live fingerprint may replace the eb85e95 pin for this pair after reviewing the compensated removal group CTX-trollheim-chaos-streets-dwarf-treasure-hunters and its consumers. This lot changed no pin.,skill.monster-slayer,,snapshot_content_change,sources/knowledge/bands/trollheim/chaos-streets-dwarf-treasure-hunters,trollheim,chaos-streets-dwarf-treasure-hunters,True,2,8,"{""equipment-access.yaml"": {""name_i18n"": 2, ""notes_i18n"": 6}}","[{""profile_id"": ""dwarf-troll-slayers"", ""removed_texts"": [""May select weapons from the Dwarf Warrior Equipment List."", ""May never use missile weapons or any form of armour.""]}]","[{""compile_outcome"": null, ""eb85e95"": null, ""evidence"": ""matrix"", ""live"": null, ""profile_id"": ""dwarf-troll-slayers"", ""scenario"": ""matrix-dwarf-troll-slayers""}]",structured-binding-compensation
FP-0147,tests/specs/semantic/grants/editorial-monster-slayer-trollheim.yaml,editorial-monster-slayer-chaos-streets-pit-fighters,rule/trollheim/chaos-streets-pit-fighters/band--troll-slayer-special-skills-monster-slayer/skill.monster-slayer,sources/knowledge/bands/trollheim/chaos-streets-pit-fighters/special-rules.yaml,band--troll-slayer-special-skills-monster-slayer,9a78f5c8b0cd8ea6ef7dd065f8edcefb46235783a27bb13905564908e38d6ecf,826ec585031095b0755b0798e6a07d6066bb3767fef0de323b4afa00cc6bfad6,CTX-trollheim-chaos-streets-pit-fighters,"[""equipment-access.yaml"", ""profiles.yaml""]","[{""doc"": ""profiles.yaml"", ""node"": ""profiles:dwarf-troll-slayer"", ""path"": ""profiles[dwarf-troll-slayer].equipment_restrictions[0]"", ""op"": ""remove"", ""old"": ""May select weapons from the Dwarf Troll Slayer Equipment List."", ""new"": null, ""i18n_only"": false}, {""doc"": ""profiles.yaml"", ""node"": ""profiles:dwarf-troll-slayer"", ""path"": ""profiles[dwarf-troll-slayer].equipment_restrictions[1]"", ""op"": ""remove"", ""old"": ""May never use missile weapons or any form of armour."", ""new"": null, ""i18n_only"": false}]","[""mordheim_knowledge/loader.py:load_bands -> package profiles (equipment_restrictions)"", ""mordheim_construction/eligibility.py:package_facts -> projects equipment_restrictions, drops *_i18n"", ""mordheim_construction/eligibility.py:desktop_call -> _eligibility.js bridge.ts:desktopCall"", ""typescript/domain/eligibility/index.ts:310-313 boundEquipment reads structured profile.equipment-restrictions bindings"", ""typescript/domain/eligibility/index.ts:403-405 profileSelections reads the free-text keyword branch"", ""mordheim_construction/restrictions.py:_validate_profile_selections -> compiler.validate order (boundEquipment before profileSelections)"", ""mordheim_construction/selection.py:_profile / _applicable_rules (package facts and automatic rules)""]","{""level"": ""observed"", ""summary"": ""No current decision change reproduced: the removed armour text is compensated by structured profile.equipment-restrictions bindings; the same build compiles to the same outcome against live and eb85e95 KB."", ""classes"": [""structured-binding-compensation""], ""reproductions"": [{""compile_outcome"": null, ""eb85e95"": null, ""evidence"": ""matrix"", ""live"": null, ""profile_id"": ""dwarf-troll-slayer"", ""scenario"": ""matrix-dwarf-troll-slayer""}], ""limitation"": ""Current maintained consumer over historical data; the historical engine behaviour is not proven. Presentation consumers still render the field. No pin was changed by this lot.""}","[""build/cache/t13-parallel/context-data-review/context-diff.json#CTX-trollheim-chaos-streets-pit-fighters"", ""build/cache/t13-parallel/context-data-review/compensation-check.json"", ""build/cache/t13-parallel/context-data-review/repro-matrix.json"", ""build/cache/t13-parallel/context-data-review/repro-compile.json"", ""build/cache/t13-parallel/context-data-review/repro-stages.json"", ""build/cache/t13-parallel/context-data-review/rule-rows-check.json"", ""build/cache/t13-parallel/context-data-review/access-probe.json"", ""build/cache/t13-parallel/context-data-review/entry-state.json""]","[""T13-F001""]",Coordinator decision required: whether the live fingerprint may replace the eb85e95 pin for this pair after reviewing the compensated removal group CTX-trollheim-chaos-streets-pit-fighters and its consumers. This lot changed no pin.,skill.monster-slayer,,snapshot_content_change,sources/knowledge/bands/trollheim/chaos-streets-pit-fighters,trollheim,chaos-streets-pit-fighters,True,2,13,"{""equipment-access.yaml"": {""name_i18n"": 10, ""notes_i18n"": 3}}","[{""profile_id"": ""dwarf-troll-slayer"", ""removed_texts"": [""May select weapons from the Dwarf Troll Slayer Equipment List."", ""May never use missile weapons or any form of armour.""]}]","[{""compile_outcome"": null, ""eb85e95"": null, ""evidence"": ""matrix"", ""live"": null, ""profile_id"": ""dwarf-troll-slayer"", ""scenario"": ""matrix-dwarf-troll-slayer""}]",structured-binding-compensation
FP-0148,tests/specs/semantic/grants/editorial-monster-slayer-trollheim.yaml,editorial-monster-slayer-khemri-cursed-of-karak-zorn,rule/trollheim/khemri-cursed-of-karak-zorn/band--troll-slayer-special-skills-monster-slayer/skill.monster-slayer,sources/knowledge/bands/trollheim/khemri-cursed-of-karak-zorn/special-rules.yaml,band--troll-slayer-special-skills-monster-slayer,6228d9326bbc90020b070c3d25afa59fc7f114a88a316680a5594f005af5053b,4d6dda4c04126ce5193b197b5e4c2d37435256ac4daeea753041bb7cca33f6ee,CTX-trollheim-khemri-cursed-of-karak-zorn,"[""equipment-access.yaml"", ""profiles.yaml""]","[{""doc"": ""profiles.yaml"", ""node"": ""profiles:troll-slayer"", ""path"": ""profiles[troll-slayer].equipment_restrictions[0]"", ""op"": ""remove"", ""old"": ""May select close-combat weapons from the Cursed of Karak-Zorn Equipment List."", ""new"": null, ""i18n_only"": false}, {""doc"": ""profiles.yaml"", ""node"": ""profiles:troll-slayer"", ""path"": ""profiles[troll-slayer].equipment_restrictions[1]"", ""op"": ""remove"", ""old"": ""May never use missile weapons or any form of armour."", ""new"": null, ""i18n_only"": false}]","[""mordheim_knowledge/loader.py:load_bands -> package profiles (equipment_restrictions)"", ""mordheim_construction/eligibility.py:package_facts -> projects equipment_restrictions, drops *_i18n"", ""mordheim_construction/eligibility.py:desktop_call -> _eligibility.js bridge.ts:desktopCall"", ""typescript/domain/eligibility/index.ts:310-313 boundEquipment reads structured profile.equipment-restrictions bindings"", ""typescript/domain/eligibility/index.ts:403-405 profileSelections reads the free-text keyword branch"", ""mordheim_construction/restrictions.py:_validate_profile_selections -> compiler.validate order (boundEquipment before profileSelections)"", ""mordheim_construction/selection.py:_profile / _applicable_rules (package facts and automatic rules)""]","{""level"": ""observed"", ""summary"": ""No current decision change reproduced: the removed armour text is compensated by structured profile.equipment-restrictions bindings; the same build compiles to the same outcome against live and eb85e95 KB."", ""classes"": [""structured-binding-compensation""], ""reproductions"": [{""compile_outcome"": null, ""eb85e95"": null, ""evidence"": ""matrix"", ""live"": null, ""profile_id"": ""troll-slayer"", ""scenario"": ""matrix-troll-slayer""}], ""limitation"": ""Current maintained consumer over historical data; the historical engine behaviour is not proven. Presentation consumers still render the field. No pin was changed by this lot.""}","[""build/cache/t13-parallel/context-data-review/context-diff.json#CTX-trollheim-khemri-cursed-of-karak-zorn"", ""build/cache/t13-parallel/context-data-review/compensation-check.json"", ""build/cache/t13-parallel/context-data-review/repro-matrix.json"", ""build/cache/t13-parallel/context-data-review/repro-compile.json"", ""build/cache/t13-parallel/context-data-review/repro-stages.json"", ""build/cache/t13-parallel/context-data-review/rule-rows-check.json"", ""build/cache/t13-parallel/context-data-review/access-probe.json"", ""build/cache/t13-parallel/context-data-review/entry-state.json""]","[""T13-F001""]",Coordinator decision required: whether the live fingerprint may replace the eb85e95 pin for this pair after reviewing the compensated removal group CTX-trollheim-khemri-cursed-of-karak-zorn and its consumers. This lot changed no pin.,skill.monster-slayer,,snapshot_content_change,sources/knowledge/bands/trollheim/khemri-cursed-of-karak-zorn,trollheim,khemri-cursed-of-karak-zorn,True,2,8,"{""equipment-access.yaml"": {""name_i18n"": 1, ""notes_i18n"": 5}, ""profiles.yaml"": {""equipment_restrictions_i18n"": 2}}","[{""profile_id"": ""troll-slayer"", ""removed_texts"": [""May select close-combat weapons from the Cursed of Karak-Zorn Equipment List."", ""May never use missile weapons or any form of armour.""]}]","[{""compile_outcome"": null, ""eb85e95"": null, ""evidence"": ""matrix"", ""live"": null, ""profile_id"": ""troll-slayer"", ""scenario"": ""matrix-troll-slayer""}]",structured-binding-compensation
FP-0149,tests/specs/semantic/grants/editorial-monster-slayer.yaml,editorial-monster-slayer-dwarf-rangers,rule/mordheim/dwarf-rangers/band--slayer-special-skills-monster-slayer/skill.monster-slayer,sources/knowledge/bands/mordheim/dwarf-rangers/special-rules.yaml,band--slayer-special-skills-monster-slayer,42c501e237f42a2a725726470a7204f607a0997080da89a08febd92e39fa6d9c,531787675304d4852122eab182826eeae5b76f18b8279827eada7f4e7bf5e891,CTX-mordheim-dwarf-rangers,"[""equipment-access.yaml"", ""profiles.yaml""]","[{""doc"": ""profiles.yaml"", ""node"": ""profiles:dwarf-troll-slayers"", ""path"": ""profiles[dwarf-troll-slayers].equipment_restrictions[0]"", ""op"": ""remove"", ""old"": ""May select weapons from the Dwarf Warrior Equipment List."", ""new"": null, ""i18n_only"": false}, {""doc"": ""profiles.yaml"", ""node"": ""profiles:dwarf-troll-slayers"", ""path"": ""profiles[dwarf-troll-slayers].equipment_restrictions[1]"", ""op"": ""remove"", ""old"": ""May never carry or use missile weapons or any form of armour."", ""new"": null, ""i18n_only"": false}]","[""mordheim_knowledge/loader.py:load_bands -> package profiles (equipment_restrictions)"", ""mordheim_construction/eligibility.py:package_facts -> projects equipment_restrictions, drops *_i18n"", ""mordheim_construction/eligibility.py:desktop_call -> _eligibility.js bridge.ts:desktopCall"", ""typescript/domain/eligibility/index.ts:310-313 boundEquipment reads structured profile.equipment-restrictions bindings"", ""typescript/domain/eligibility/index.ts:403-405 profileSelections reads the free-text keyword branch"", ""mordheim_construction/restrictions.py:_validate_profile_selections -> compiler.validate order (boundEquipment before profileSelections)"", ""mordheim_construction/selection.py:_profile / _applicable_rules (package facts and automatic rules)""]","{""level"": ""observed"", ""summary"": ""No current decision change reproduced: the removed armour text is compensated by structured profile.equipment-restrictions bindings; the same build compiles to the same outcome against live and eb85e95 KB."", ""classes"": [""structured-binding-compensation""], ""reproductions"": [{""compile_outcome"": null, ""eb85e95"": ""armour is forbidden for dwarf-rangers/dwarf-troll-slayers"", ""evidence"": ""stages"", ""live"": ""armour is forbidden for dwarf-rangers/dwarf-troll-slayers"", ""profile_id"": ""dwarf-troll-slayers"", ""scenario"": ""changed-armour-ban-dwarf-rangers""}, {""compile_outcome"": null, ""eb85e95"": ""rejected"", ""evidence"": ""compile"", ""live"": ""rejected"", ""profile_id"": ""dwarf-troll-slayers"", ""scenario"": ""armour-ban-dwarf-rangers""}, {""compile_outcome"": null, ""eb85e95"": null, ""evidence"": ""matrix"", ""live"": null, ""profile_id"": ""dwarf-troll-slayers"", ""scenario"": ""matrix-dwarf-troll-slayers""}], ""limitation"": ""Current maintained consumer over historical data; the historical engine behaviour is not proven. Presentation consumers still render the field. No pin was changed by this lot.""}","[""build/cache/t13-parallel/context-data-review/context-diff.json#CTX-mordheim-dwarf-rangers"", ""build/cache/t13-parallel/context-data-review/compensation-check.json"", ""build/cache/t13-parallel/context-data-review/repro-matrix.json"", ""build/cache/t13-parallel/context-data-review/repro-compile.json"", ""build/cache/t13-parallel/context-data-review/repro-stages.json"", ""build/cache/t13-parallel/context-data-review/rule-rows-check.json"", ""build/cache/t13-parallel/context-data-review/access-probe.json"", ""build/cache/t13-parallel/context-data-review/entry-state.json""]","[""T13-F001""]",Coordinator decision required: whether the live fingerprint may replace the eb85e95 pin for this pair after reviewing the compensated removal group CTX-mordheim-dwarf-rangers and its consumers. This lot changed no pin.,skill.monster-slayer,https://mordheimer.net/docs/warbands/grade-1b-warbands/dwarf-rangers,snapshot_content_change,sources/knowledge/bands/mordheim/dwarf-rangers,mordheim,dwarf-rangers,True,2,6,"{""equipment-access.yaml"": {""name_i18n"": 2, ""notes_i18n"": 3}, ""profiles.yaml"": {""equipment_restrictions_i18n"": 1}}","[{""profile_id"": ""dwarf-troll-slayers"", ""removed_texts"": [""May select weapons from the Dwarf Warrior Equipment List."", ""May never carry or use missile weapons or any form of armour.""]}]","[{""compile_outcome"": null, ""eb85e95"": ""armour is forbidden for dwarf-rangers/dwarf-troll-slayers"", ""evidence"": ""stages"", ""live"": ""armour is forbidden for dwarf-rangers/dwarf-troll-slayers"", ""profile_id"": ""dwarf-troll-slayers"", ""scenario"": ""changed-armour-ban-dwarf-rangers""}, {""compile_outcome"": null, ""eb85e95"": ""rejected"", ""evidence"": ""compile"", ""live"": ""rejected"", ""profile_id"": ""dwarf-troll-slayers"", ""scenario"": ""armour-ban-dwarf-rangers""}, {""compile_outcome"": null, ""eb85e95"": null, ""evidence"": ""matrix"", ""live"": null, ""profile_id"": ""dwarf-troll-slayers"", ""scenario"": ""matrix-dwarf-troll-slayers""}]",structured-binding-compensation
FP-0150,tests/specs/semantic/grants/editorial-monster-slayer.yaml,editorial-monster-slayer-dwarf-treasure-hunters,rule/mordheim/dwarf-treasure-hunters/band--slayer-special-skills-monster-slayer/skill.monster-slayer,sources/knowledge/bands/mordheim/dwarf-treasure-hunters/special-rules.yaml,band--slayer-special-skills-monster-slayer,6164d5bec9ff0f6ba35f27f1ceadf9a68ae5e1b0f35d5ec363067099a22ccef0,c50e2d8405609d02dda5fb2aafd425cf0d90e24c1bcfb6468cce551fba679c35,CTX-mordheim-dwarf-treasure-hunters,"[""equipment-access.yaml"", ""profiles.yaml""]","[{""doc"": ""profiles.yaml"", ""node"": ""profiles:dwarf-troll-slayers"", ""path"": ""profiles[dwarf-troll-slayers].equipment_restrictions[0]"", ""op"": ""remove"", ""old"": ""May select weapons from the Dwarf Warrior Equipment List."", ""new"": null, ""i18n_only"": false}, {""doc"": ""profiles.yaml"", ""node"": ""profiles:dwarf-troll-slayers"", ""path"": ""profiles[dwarf-troll-slayers].equipment_restrictions[1]"", ""op"": ""remove"", ""old"": ""May never carry or use missile weapons or any form of armour."", ""new"": null, ""i18n_only"": false}]","[""mordheim_knowledge/loader.py:load_bands -> package profiles (equipment_restrictions)"", ""mordheim_construction/eligibility.py:package_facts -> projects equipment_restrictions, drops *_i18n"", ""mordheim_construction/eligibility.py:desktop_call -> _eligibility.js bridge.ts:desktopCall"", ""typescript/domain/eligibility/index.ts:310-313 boundEquipment reads structured profile.equipment-restrictions bindings"", ""typescript/domain/eligibility/index.ts:403-405 profileSelections reads the free-text keyword branch"", ""mordheim_construction/restrictions.py:_validate_profile_selections -> compiler.validate order (boundEquipment before profileSelections)"", ""mordheim_construction/selection.py:_profile / _applicable_rules (package facts and automatic rules)""]","{""level"": ""observed"", ""summary"": ""No current decision change reproduced: the removed armour text is compensated by structured profile.equipment-restrictions bindings; the same build compiles to the same outcome against live and eb85e95 KB."", ""classes"": [""structured-binding-compensation""], ""reproductions"": [{""compile_outcome"": null, ""eb85e95"": ""rejected"", ""evidence"": ""compile"", ""live"": ""rejected"", ""profile_id"": ""dwarf-troll-slayers"", ""scenario"": ""armour-ban-dwarf-treasure""}, {""compile_outcome"": null, ""eb85e95"": null, ""evidence"": ""matrix"", ""live"": null, ""profile_id"": ""dwarf-troll-slayers"", ""scenario"": ""matrix-dwarf-troll-slayers""}], ""limitation"": ""Current maintained consumer over historical data; the historical engine behaviour is not proven. Presentation consumers still render the field. No pin was changed by this lot.""}","[""build/cache/t13-parallel/context-data-review/context-diff.json#CTX-mordheim-dwarf-treasure-hunters"", ""build/cache/t13-parallel/context-data-review/compensation-check.json"", ""build/cache/t13-parallel/context-data-review/repro-matrix.json"", ""build/cache/t13-parallel/context-data-review/repro-compile.json"", ""build/cache/t13-parallel/context-data-review/repro-stages.json"", ""build/cache/t13-parallel/context-data-review/rule-rows-check.json"", ""build/cache/t13-parallel/context-data-review/access-probe.json"", ""build/cache/t13-parallel/context-data-review/entry-state.json""]","[""T13-F001""]",Coordinator decision required: whether the live fingerprint may replace the eb85e95 pin for this pair after reviewing the compensated removal group CTX-mordheim-dwarf-treasure-hunters and its consumers. This lot changed no pin.,skill.monster-slayer,https://mordheimer.net/docs/warbands/grade-1a-warbands/dwarf-treasure-hunters,snapshot_content_change,sources/knowledge/bands/mordheim/dwarf-treasure-hunters,mordheim,dwarf-treasure-hunters,True,2,8,"{""equipment-access.yaml"": {""name_i18n"": 2, ""notes_i18n"": 6}}","[{""profile_id"": ""dwarf-troll-slayers"", ""removed_texts"": [""May select weapons from the Dwarf Warrior Equipment List."", ""May never carry or use missile weapons or any form of armour.""]}]","[{""compile_outcome"": null, ""eb85e95"": ""rejected"", ""evidence"": ""compile"", ""live"": ""rejected"", ""profile_id"": ""dwarf-troll-slayers"", ""scenario"": ""armour-ban-dwarf-treasure""}, {""compile_outcome"": null, ""eb85e95"": null, ""evidence"": ""matrix"", ""live"": null, ""profile_id"": ""dwarf-troll-slayers"", ""scenario"": ""matrix-dwarf-troll-slayers""}]",structured-binding-compensation
FP-0151,tests/specs/semantic/grants/editorial-monster-slayer.yaml,editorial-monster-slayer-pit-fighters,rule/mordheim/pit-fighters/band--troll-slayer-special-skills-monster-slayer/skill.monster-slayer,sources/knowledge/bands/mordheim/pit-fighters/special-rules.yaml,band--troll-slayer-special-skills-monster-slayer,e0aaa7b580b7150395131f973c2b30e641886e11ee8dab2399bc7195adb67295,6d6337b93444b5f77da2e82208f60d93b6454766472938fa83700c141940734d,CTX-mordheim-pit-fighters,"[""equipment-access.yaml"", ""profiles.yaml""]","[{""doc"": ""profiles.yaml"", ""node"": ""profiles:dwarf-troll-slayer"", ""path"": ""profiles[dwarf-troll-slayer].equipment_restrictions[0]"", ""op"": ""remove"", ""old"": ""May select weapons from the Ogre & Slayer Equipment List, but may never use missile weapons or any form of armour."", ""new"": null, ""i18n_only"": false}, {""doc"": ""profiles.yaml"", ""node"": ""profiles:dwarf-troll-slayer"", ""path"": ""profiles[dwarf-troll-slayer].equipment_restrictions[1]"", ""op"": ""remove"", ""old"": ""Dwarf Axe and Gromril Weapon options are available only to the Dwarf Troll Slayer."", ""new"": null, ""i18n_only"": false}]","[""mordheim_knowledge/loader.py:load_bands -> package profiles (equipment_restrictions)"", ""mordheim_construction/eligibility.py:package_facts -> projects equipment_restrictions, drops *_i18n"", ""mordheim_construction/eligibility.py:desktop_call -> _eligibility.js bridge.ts:desktopCall"", ""typescript/domain/eligibility/index.ts:310-313 boundEquipment reads structured profile.equipment-restrictions bindings"", ""typescript/domain/eligibility/index.ts:403-405 profileSelections reads the free-text keyword branch"", ""mordheim_construction/restrictions.py:_validate_profile_selections -> compiler.validate order (boundEquipment before profileSelections)"", ""mordheim_construction/selection.py:_profile / _applicable_rules (package facts and automatic rules)""]","{""level"": ""observed"", ""summary"": ""No current decision change reproduced: the removed armour text is compensated by structured profile.equipment-restrictions bindings; the same build compiles to the same outcome against live and eb85e95 KB."", ""classes"": [""structured-binding-compensation""], ""reproductions"": [{""compile_outcome"": null, ""eb85e95"": ""armour is forbidden for pit-fighters/dwarf-troll-slayer"", ""evidence"": ""stages"", ""live"": ""armour is forbidden for pit-fighters/dwarf-troll-slayer"", ""profile_id"": ""dwarf-troll-slayer"", ""scenario"": ""changed-armour-ban-pit-fighters""}, {""compile_outcome"": null, ""eb85e95"": ""rejected"", ""evidence"": ""compile"", ""live"": ""rejected"", ""profile_id"": ""dwarf-troll-slayer"", ""scenario"": ""armour-ban-pit-fighters""}, {""compile_outcome"": null, ""eb85e95"": null, ""evidence"": ""matrix"", ""live"": null, ""profile_id"": ""dwarf-troll-slayer"", ""scenario"": ""matrix-dwarf-troll-slayer""}], ""limitation"": ""Current maintained consumer over historical data; the historical engine behaviour is not proven. Presentation consumers still render the field. No pin was changed by this lot.""}","[""build/cache/t13-parallel/context-data-review/context-diff.json#CTX-mordheim-pit-fighters"", ""build/cache/t13-parallel/context-data-review/compensation-check.json"", ""build/cache/t13-parallel/context-data-review/repro-matrix.json"", ""build/cache/t13-parallel/context-data-review/repro-compile.json"", ""build/cache/t13-parallel/context-data-review/repro-stages.json"", ""build/cache/t13-parallel/context-data-review/rule-rows-check.json"", ""build/cache/t13-parallel/context-data-review/access-probe.json"", ""build/cache/t13-parallel/context-data-review/entry-state.json""]","[""T13-F001""]",Coordinator decision required: whether the live fingerprint may replace the eb85e95 pin for this pair after reviewing the compensated removal group CTX-mordheim-pit-fighters and its consumers. This lot changed no pin.,skill.monster-slayer,https://mordheimer.net/docs/warbands/grade-1b-warbands/pit-fighters,snapshot_content_change,sources/knowledge/bands/mordheim/pit-fighters,mordheim,pit-fighters,True,2,15,"{""equipment-access.yaml"": {""name_i18n"": 9, ""notes_i18n"": 5}, ""profiles.yaml"": {""equipment_restrictions_i18n"": 1}}","[{""profile_id"": ""dwarf-troll-slayer"", ""removed_texts"": [""May select weapons from the Ogre & Slayer Equipment List, but may never use missile weapons or any form of armour."", ""Dwarf Axe and Gromril Weapon options are available only to the Dwarf Troll Slayer.""]}]","[{""compile_outcome"": null, ""eb85e95"": ""armour is forbidden for pit-fighters/dwarf-troll-slayer"", ""evidence"": ""stages"", ""live"": ""armour is forbidden for pit-fighters/dwarf-troll-slayer"", ""profile_id"": ""dwarf-troll-slayer"", ""scenario"": ""changed-armour-ban-pit-fighters""}, {""compile_outcome"": null, ""eb85e95"": ""rejected"", ""evidence"": ""compile"", ""live"": ""rejected"", ""profile_id"": ""dwarf-troll-slayer"", ""scenario"": ""armour-ban-pit-fighters""}, {""compile_outcome"": null, ""eb85e95"": null, ""evidence"": ""matrix"", ""live"": null, ""profile_id"": ""dwarf-troll-slayer"", ""scenario"": ""matrix-dwarf-troll-slayer""}]",structured-binding-compensation
FP-0158,tests/specs/semantic/grants/editorial-mutations-and-pain.yaml,editorial-untiring,rule/mordheim/bretonnian-chapel-guard/band--untiring/mechanic.untiring,sources/knowledge/bands/mordheim/bretonnian-chapel-guard/special-rules.yaml,band--untiring,ad00e642b9ea4614d9ed6e90dcef528edfd44998fadc6329a81a63da33a0dc5d,1bb68df93a2f4e8dd9863bc95408fe253fee819ef7886c86f808ef354723072e,CTX-mordheim-bretonnian-chapel-guard,"[""equipment-access.yaml"", ""profiles.yaml""]","[{""doc"": ""profiles.yaml"", ""node"": ""profiles:knights-errant"", ""path"": ""profiles[knights-errant].equipment_restrictions[0]"", ""op"": ""remove"", ""old"": ""May not wear a Helmet (Vain)."", ""new"": null, ""i18n_only"": false}, {""doc"": ""profiles.yaml"", ""node"": ""profiles:knights-errant"", ""path"": ""profiles[knights-errant].equipment_restrictions[1]"", ""op"": ""remove"", ""old"": ""As Knights, may not use missile weapons except Holy Water, drugs or poisons, and may not learn spells (prayers are allowed)."", ""new"": null, ""i18n_only"": false}, {""doc"": ""profiles.yaml"", ""node"": ""profiles:questing-knight"", ""path"": ""profiles[questing-knight].equipment_restrictions[0]"", ""op"": ""remove"", ""old"": ""May not take a Lance (Vow of Poverty)."", ""new"": null, ""i18n_only"": false}, {""doc"": ""profiles.yaml"", ""node"": ""profiles:questing-knight"", ""path"": ""profiles[questing-knight].equipment_restrictions[1]"", ""op"": ""remove"", ""old"": ""As a Knight, may not use missile weapons except Holy Water, drugs or poisons, and may not learn spells (prayers are allowed)."", ""new"": null, ""i18n_only"": false}]","[""mordheim_knowledge/loader.py:load_bands -> package profiles (equipment_restrictions)"", ""mordheim_construction/eligibility.py:package_facts -> projects equipment_restrictions, drops *_i18n"", ""mordheim_construction/eligibility.py:desktop_call -> _eligibility.js bridge.ts:desktopCall"", ""typescript/domain/eligibility/index.ts:310-313 boundEquipment reads structured profile.equipment-restrictions bindings"", ""typescript/domain/eligibility/index.ts:403-405 profileSelections reads the free-text keyword branch"", ""mordheim_construction/restrictions.py:_validate_profile_selections -> compiler.validate order (boundEquipment before profileSelections)"", ""mordheim_construction/selection.py:_profile / _applicable_rules (package facts and automatic rules)"", ""typescript/application/rules/warband-reference.ts:108-120 (display: structured rule effect, free-text fallback)"", ""tools/knowledge/generate_knowledge_web.py:634-637 (profile_restrictions + equipment_restrictions_i18n)"", ""packages/typescript/domain/campaign/construction.ts:335 (campaign projection of equipment_restrictions)"", ""packages/python/campaign/mordheim_campaign/application/knowledge_port.py:335 (blocker only when equipment_lists is empty)""]","{""level"": ""observed"", ""summary"": ""No current decision change reproduced for the removed text class; the text matches no maintained keyword branch and its structured binding (helmet/lance) is unchanged between revisions."", ""classes"": [""no-maintained-keyword""], ""reproductions"": [{""compile_outcome"": null, ""eb85e95"": ""accepted"", ""evidence"": ""compile"", ""live"": ""accepted"", ""profile_id"": ""questing-knight"", ""scenario"": ""control-questing-knight-armour""}, {""compile_outcome"": null, ""eb85e95"": ""helmet is forbidden for bretonnian-chapel-guard/knights-errant"", ""evidence"": ""stages"", ""live"": ""helmet is forbidden for bretonnian-chapel-guard/knights-errant"", ""profile_id"": ""knights-errant"", ""scenario"": ""changed-helmet-text-knights-errant""}, {""compile_outcome"": null, ""eb85e95"": ""rejected"", ""evidence"": ""compile"", ""live"": ""rejected"", ""profile_id"": ""knights-errant"", ""scenario"": ""helmet-text-knights-errant""}, {""compile_outcome"": null, ""eb85e95"": null, ""evidence"": ""matrix"", ""live"": null, ""profile_id"": ""knights-errant"", ""scenario"": ""matrix-knights-errant""}, {""compile_outcome"": null, ""eb85e95"": null, ""evidence"": ""matrix"", ""live"": null, ""profile_id"": ""questing-knight"", ""scenario"": ""matrix-questing-knight""}, {""compile_outcome"": null, ""eb85e95"": null, ""evidence"": ""stages"", ""live"": null, ""profile_id"": ""questing-knight"", ""scenario"": ""control-unchanged-questing-knight-armour""}], ""limitation"": ""Current maintained consumer over historical data; the historical engine behaviour is not proven. Presentation consumers still render the field. No pin was changed by this lot.""}","[""build/cache/t13-parallel/context-data-review/context-diff.json#CTX-mordheim-bretonnian-chapel-guard"", ""build/cache/t13-parallel/context-data-review/compensation-check.json"", ""build/cache/t13-parallel/context-data-review/repro-matrix.json"", ""build/cache/t13-parallel/context-data-review/repro-compile.json"", ""build/cache/t13-parallel/context-data-review/repro-stages.json"", ""build/cache/t13-parallel/context-data-review/rule-rows-check.json"", ""build/cache/t13-parallel/context-data-review/access-probe.json"", ""build/cache/t13-parallel/context-data-review/entry-state.json""]","[""T13-F001""]",Coordinator decision required: whether the live fingerprint may replace the eb85e95 pin for this pair after reviewing the compensated removal group CTX-mordheim-bretonnian-chapel-guard and its consumers. This lot changed no pin.,mechanic.untiring,https://mordheimer.net/docs/warbands/grade-1c-warbands/bretonnian-chapel-guard,snapshot_content_change,sources/knowledge/bands/mordheim/bretonnian-chapel-guard,mordheim,bretonnian-chapel-guard,True,4,8,"{""equipment-access.yaml"": {""name_i18n"": 3, ""notes_i18n"": 3}, ""profiles.yaml"": {""equipment_restrictions_i18n"": 2}}","[{""profile_id"": ""knights-errant"", ""removed_texts"": [""May not wear a Helmet (Vain)."", ""As Knights, may not use missile weapons except Holy Water, drugs or poisons, and may not learn spells (prayers are allowed).""]}, {""profile_id"": ""questing-knight"", ""removed_texts"": [""May not take a Lance (Vow of Poverty)."", ""As a Knight, may not use missile weapons except Holy Water, drugs or poisons, and may not learn spells (prayers are allowed).""]}]","[{""compile_outcome"": null, ""eb85e95"": ""accepted"", ""evidence"": ""compile"", ""live"": ""accepted"", ""profile_id"": ""questing-knight"", ""scenario"": ""control-questing-knight-armour""}, {""compile_outcome"": null, ""eb85e95"": ""helmet is forbidden for bretonnian-chapel-guard/knights-errant"", ""evidence"": ""stages"", ""live"": ""helmet is forbidden for bretonnian-chapel-guard/knights-errant"", ""profile_id"": ""knights-errant"", ""scenario"": ""changed-helmet-text-knights-errant""}, {""compile_outcome"": null, ""eb85e95"": ""rejected"", ""evidence"": ""compile"", ""live"": ""rejected"", ""profile_id"": ""knights-errant"", ""scenario"": ""helmet-text-knights-errant""}, {""compile_outcome"": null, ""eb85e95"": null, ""evidence"": ""matrix"", ""live"": null, ""profile_id"": ""knights-errant"", ""scenario"": ""matrix-knights-errant""}, {""compile_outcome"": null, ""eb85e95"": null, ""evidence"": ""matrix"", ""live"": null, ""profile_id"": ""questing-knight"", ""scenario"": ""matrix-questing-knight""}, {""compile_outcome"": null, ""eb85e95"": null, ""evidence"": ""stages"", ""live"": null, ""profile_id"": ""questing-knight"", ""scenario"": ""control-unchanged-questing-knight-armour""}]",no-maintained-keyword
FP-0168,tests/specs/semantic/grants/editorial-natural-attacks-pending.yaml,natural-attacks-beastmen,rule/mordheim/beastmen-raiders/warhounds-of-chaos--natural-weapons/profile.natural-attacks,sources/knowledge/bands/mordheim/beastmen-raiders/special-rules.yaml,warhounds-of-chaos--natural-weapons,1f716efcefe972f6d93ceec53e050109e91cba7c3be6de07a4195d5476736d3b,da92080d42da430d20ad92eaa4e0566734cf9790c0f131d40bf902dba633d78a,CTX-mordheim-beastmen-raiders,"[""equipment-access.yaml"", ""profiles.yaml""]","[{""doc"": ""profiles.yaml"", ""node"": ""profiles:beastmen-shaman"", ""path"": ""profiles[beastmen-shaman].equipment_restrictions[0]"", ""op"": ""remove"", ""old"": ""May select weapons from the Beastmen Equipment List, but may never wear armour."", ""new"": null, ""i18n_only"": false}]","[""mordheim_knowledge/loader.py:load_bands -> package profiles (equipment_restrictions)"", ""mordheim_construction/eligibility.py:package_facts -> projects equipment_restrictions, drops *_i18n"", ""mordheim_construction/eligibility.py:desktop_call -> _eligibility.js bridge.ts:desktopCall"", ""typescript/domain/eligibility/index.ts:310-313 boundEquipment reads structured profile.equipment-restrictions bindings"", ""typescript/domain/eligibility/index.ts:403-405 profileSelections reads the free-text keyword branch"", ""mordheim_construction/restrictions.py:_validate_profile_selections -> compiler.validate order (boundEquipment before profileSelections)"", ""mordheim_construction/selection.py:_profile / _applicable_rules (package facts and automatic rules)""]","{""level"": ""observed"", ""summary"": ""No current decision change reproduced: the removed armour text is compensated by structured profile.equipment-restrictions bindings; the same build compiles to the same outcome against live and eb85e95 KB."", ""classes"": [""structured-binding-compensation""], ""reproductions"": [{""compile_outcome"": null, ""eb85e95"": null, ""evidence"": ""matrix"", ""live"": null, ""profile_id"": ""beastmen-shaman"", ""scenario"": ""matrix-beastmen-shaman""}], ""limitation"": ""Current maintained consumer over historical data; the historical engine behaviour is not proven. Presentation consumers still render the field. No pin was changed by this lot.""}","[""build/cache/t13-parallel/context-data-review/context-diff.json#CTX-mordheim-beastmen-raiders"", ""build/cache/t13-parallel/context-data-review/compensation-check.json"", ""build/cache/t13-parallel/context-data-review/repro-matrix.json"", ""build/cache/t13-parallel/context-data-review/repro-compile.json"", ""build/cache/t13-parallel/context-data-review/repro-stages.json"", ""build/cache/t13-parallel/context-data-review/rule-rows-check.json"", ""build/cache/t13-parallel/context-data-review/access-probe.json"", ""build/cache/t13-parallel/context-data-review/entry-state.json""]","[""T13-F001""]",Coordinator decision required: whether the live fingerprint may replace the eb85e95 pin for this pair after reviewing the compensated removal group CTX-mordheim-beastmen-raiders and its consumers. This lot changed no pin.,profile.natural-attacks,https://mordheimer.net/docs/warbands/grade-1a-warbands/beastmen-raiders,snapshot_content_change,sources/knowledge/bands/mordheim/beastmen-raiders,mordheim,beastmen-raiders,True,1,5,"{""equipment-access.yaml"": {""name_i18n"": 2, ""notes_i18n"": 2}, ""profiles.yaml"": {""equipment_restrictions_i18n"": 1}}","[{""profile_id"": ""beastmen-shaman"", ""removed_texts"": [""May select weapons from the Beastmen Equipment List, but may never wear armour.""]}]","[{""compile_outcome"": null, ""eb85e95"": null, ""evidence"": ""matrix"", ""live"": null, ""profile_id"": ""beastmen-shaman"", ""scenario"": ""matrix-beastmen-shaman""}]",structured-binding-compensation
FP-0170,tests/specs/semantic/grants/editorial-natural-attacks-pending.yaml,natural-attacks-wulfen-btb,rule/mordheim/norse-explorers-btb/wulfen--natural-weapons/profile.natural-attacks,sources/knowledge/bands/mordheim/norse-explorers-btb/special-rules.yaml,wulfen--natural-weapons,c31e533e8cf48c00116e02443c5d0122b674ebeb1cf107f093ee2b853df29b59,6bfb1feb2c4ac51c7e5bcc797de7f0844acc07878db6c9cfc00513cb35d2166a,CTX-mordheim-norse-explorers-btb,"[""equipment-access.yaml"", ""profiles.yaml""]","[{""doc"": ""profiles.yaml"", ""node"": ""profiles:beserkers"", ""path"": ""profiles[beserkers].equipment_restrictions[0]"", ""op"": ""remove"", ""old"": ""May select weapons from the Hero Equipment List, but may never wear armour."", ""new"": null, ""i18n_only"": false}]","[""mordheim_knowledge/loader.py:load_bands -> package profiles (equipment_restrictions)"", ""mordheim_construction/eligibility.py:package_facts -> projects equipment_restrictions, drops *_i18n"", ""mordheim_construction/eligibility.py:desktop_call -> _eligibility.js bridge.ts:desktopCall"", ""typescript/domain/eligibility/index.ts:310-313 boundEquipment reads structured profile.equipment-restrictions bindings"", ""typescript/domain/eligibility/index.ts:403-405 profileSelections reads the free-text keyword branch"", ""mordheim_construction/restrictions.py:_validate_profile_selections -> compiler.validate order (boundEquipment before profileSelections)"", ""mordheim_construction/selection.py:_profile / _applicable_rules (package facts and automatic rules)""]","{""level"": ""observed"", ""summary"": ""No current decision change reproduced: the removed armour text is compensated by structured profile.equipment-restrictions bindings; the same build compiles to the same outcome against live and eb85e95 KB."", ""classes"": [""structured-binding-compensation""], ""reproductions"": [{""compile_outcome"": null, ""eb85e95"": null, ""evidence"": ""matrix"", ""live"": null, ""profile_id"": ""beserkers"", ""scenario"": ""matrix-beserkers""}], ""limitation"": ""Current maintained consumer over historical data; the historical engine behaviour is not proven. Presentation consumers still render the field. No pin was changed by this lot.""}","[""build/cache/t13-parallel/context-data-review/context-diff.json#CTX-mordheim-norse-explorers-btb"", ""build/cache/t13-parallel/context-data-review/compensation-check.json"", ""build/cache/t13-parallel/context-data-review/repro-matrix.json"", ""build/cache/t13-parallel/context-data-review/repro-compile.json"", ""build/cache/t13-parallel/context-data-review/repro-stages.json"", ""build/cache/t13-parallel/context-data-review/rule-rows-check.json"", ""build/cache/t13-parallel/context-data-review/access-probe.json"", ""build/cache/t13-parallel/context-data-review/entry-state.json""]","[""T13-F001""]",Coordinator decision required: whether the live fingerprint may replace the eb85e95 pin for this pair after reviewing the compensated removal group CTX-mordheim-norse-explorers-btb and its consumers. This lot changed no pin.,profile.natural-attacks,https://mordheimer.net/docs/warbands/grade-1b-warbands/norse,snapshot_content_change,sources/knowledge/bands/mordheim/norse-explorers-btb,mordheim,norse-explorers-btb,True,1,8,"{""equipment-access.yaml"": {""name_i18n"": 3, ""notes_i18n"": 3}, ""profiles.yaml"": {""equipment_restrictions_i18n"": 2}}","[{""profile_id"": ""beserkers"", ""removed_texts"": [""May select weapons from the Hero Equipment List, but may never wear armour.""]}]","[{""compile_outcome"": null, ""eb85e95"": null, ""evidence"": ""matrix"", ""live"": null, ""profile_id"": ""beserkers"", ""scenario"": ""matrix-beserkers""}]",structured-binding-compensation
FP-0171,tests/specs/semantic/grants/editorial-natural-attacks-pending.yaml,natural-attacks-wulfen-lustria,rule/mordheim/norse-explorers-lustria/wulfen--natural-weapons/profile.natural-attacks,sources/knowledge/bands/mordheim/norse-explorers-lustria/special-rules.yaml,wulfen--natural-weapons,791b0e96124c812591d0d8492c2767cd865e7f07ec81848c8627d0b1bd93a95b,b73fe9cee86d1ab53f5860993491acdccac3edb750d4305bcd6dda75d21ff43c,CTX-mordheim-norse-explorers-lustria,"[""equipment-access.yaml"", ""profiles.yaml""]","[{""doc"": ""profiles.yaml"", ""node"": ""profiles:beserkers"", ""path"": ""profiles[beserkers].equipment_restrictions[0]"", ""op"": ""remove"", ""old"": ""May select weapons from the Hero Equipment List, but may never wear armour."", ""new"": null, ""i18n_only"": false}]","[""mordheim_knowledge/loader.py:load_bands -> package profiles (equipment_restrictions)"", ""mordheim_construction/eligibility.py:package_facts -> projects equipment_restrictions, drops *_i18n"", ""mordheim_construction/eligibility.py:desktop_call -> _eligibility.js bridge.ts:desktopCall"", ""typescript/domain/eligibility/index.ts:310-313 boundEquipment reads structured profile.equipment-restrictions bindings"", ""typescript/domain/eligibility/index.ts:403-405 profileSelections reads the free-text keyword branch"", ""mordheim_construction/restrictions.py:_validate_profile_selections -> compiler.validate order (boundEquipment before profileSelections)"", ""mordheim_construction/selection.py:_profile / _applicable_rules (package facts and automatic rules)""]","{""level"": ""observed"", ""summary"": ""No current decision change reproduced: the removed armour text is compensated by structured profile.equipment-restrictions bindings; the same build compiles to the same outcome against live and eb85e95 KB."", ""classes"": [""structured-binding-compensation""], ""reproductions"": [{""compile_outcome"": null, ""eb85e95"": null, ""evidence"": ""matrix"", ""live"": null, ""profile_id"": ""beserkers"", ""scenario"": ""matrix-beserkers""}], ""limitation"": ""Current maintained consumer over historical data; the historical engine behaviour is not proven. Presentation consumers still render the field. No pin was changed by this lot.""}","[""build/cache/t13-parallel/context-data-review/context-diff.json#CTX-mordheim-norse-explorers-lustria"", ""build/cache/t13-parallel/context-data-review/compensation-check.json"", ""build/cache/t13-parallel/context-data-review/repro-matrix.json"", ""build/cache/t13-parallel/context-data-review/repro-compile.json"", ""build/cache/t13-parallel/context-data-review/repro-stages.json"", ""build/cache/t13-parallel/context-data-review/rule-rows-check.json"", ""build/cache/t13-parallel/context-data-review/access-probe.json"", ""build/cache/t13-parallel/context-data-review/entry-state.json""]","[""T13-F001""]",Coordinator decision required: whether the live fingerprint may replace the eb85e95 pin for this pair after reviewing the compensated removal group CTX-mordheim-norse-explorers-lustria and its consumers. This lot changed no pin.,profile.natural-attacks,https://mordheimer.net/docs/warbands/grade-1b-warbands/norse,snapshot_content_change,sources/knowledge/bands/mordheim/norse-explorers-lustria,mordheim,norse-explorers-lustria,True,1,8,"{""equipment-access.yaml"": {""name_i18n"": 3, ""notes_i18n"": 3}, ""profiles.yaml"": {""equipment_restrictions_i18n"": 2}}","[{""profile_id"": ""beserkers"", ""removed_texts"": [""May select weapons from the Hero Equipment List, but may never wear armour.""]}]","[{""compile_outcome"": null, ""eb85e95"": null, ""evidence"": ""matrix"", ""live"": null, ""profile_id"": ""beserkers"", ""scenario"": ""matrix-beserkers""}]",structured-binding-compensation
FP-0194,tests/specs/semantic/grants/editorial-no-pain.yaml,grant-trollheim-khemri-cursed-of-karak-zorn-shadowed--no-pain,rule/trollheim/khemri-cursed-of-karak-zorn/shadowed--no-pain/skill.ignore-pain,sources/knowledge/bands/trollheim/khemri-cursed-of-karak-zorn/special-rules.yaml,shadowed--no-pain,b56efdbd91b96b1789661d3c817020fb69fac5e4f5a6e078e773e44ada33a88e,b04134d5791ed72a69c782387716da0d3d8146cbf7cdb2bbbfd2f7caa50752ea,CTX-trollheim-khemri-cursed-of-karak-zorn,"[""equipment-access.yaml"", ""profiles.yaml""]","[{""doc"": ""profiles.yaml"", ""node"": ""profiles:troll-slayer"", ""path"": ""profiles[troll-slayer].equipment_restrictions[0]"", ""op"": ""remove"", ""old"": ""May select close-combat weapons from the Cursed of Karak-Zorn Equipment List."", ""new"": null, ""i18n_only"": false}, {""doc"": ""profiles.yaml"", ""node"": ""profiles:troll-slayer"", ""path"": ""profiles[troll-slayer].equipment_restrictions[1]"", ""op"": ""remove"", ""old"": ""May never use missile weapons or any form of armour."", ""new"": null, ""i18n_only"": false}]","[""mordheim_knowledge/loader.py:load_bands -> package profiles (equipment_restrictions)"", ""mordheim_construction/eligibility.py:package_facts -> projects equipment_restrictions, drops *_i18n"", ""mordheim_construction/eligibility.py:desktop_call -> _eligibility.js bridge.ts:desktopCall"", ""typescript/domain/eligibility/index.ts:310-313 boundEquipment reads structured profile.equipment-restrictions bindings"", ""typescript/domain/eligibility/index.ts:403-405 profileSelections reads the free-text keyword branch"", ""mordheim_construction/restrictions.py:_validate_profile_selections -> compiler.validate order (boundEquipment before profileSelections)"", ""mordheim_construction/selection.py:_profile / _applicable_rules (package facts and automatic rules)""]","{""level"": ""observed"", ""summary"": ""No current decision change reproduced: the removed armour text is compensated by structured profile.equipment-restrictions bindings; the same build compiles to the same outcome against live and eb85e95 KB."", ""classes"": [""structured-binding-compensation""], ""reproductions"": [{""compile_outcome"": null, ""eb85e95"": null, ""evidence"": ""matrix"", ""live"": null, ""profile_id"": ""troll-slayer"", ""scenario"": ""matrix-troll-slayer""}], ""limitation"": ""Current maintained consumer over historical data; the historical engine behaviour is not proven. Presentation consumers still render the field. No pin was changed by this lot.""}","[""build/cache/t13-parallel/context-data-review/context-diff.json#CTX-trollheim-khemri-cursed-of-karak-zorn"", ""build/cache/t13-parallel/context-data-review/compensation-check.json"", ""build/cache/t13-parallel/context-data-review/repro-matrix.json"", ""build/cache/t13-parallel/context-data-review/repro-compile.json"", ""build/cache/t13-parallel/context-data-review/repro-stages.json"", ""build/cache/t13-parallel/context-data-review/rule-rows-check.json"", ""build/cache/t13-parallel/context-data-review/access-probe.json"", ""build/cache/t13-parallel/context-data-review/entry-state.json""]","[""T13-F001""]",Coordinator decision required: whether the live fingerprint may replace the eb85e95 pin for this pair after reviewing the compensated removal group CTX-trollheim-khemri-cursed-of-karak-zorn and its consumers. This lot changed no pin.,skill.ignore-pain,,snapshot_content_change,sources/knowledge/bands/trollheim/khemri-cursed-of-karak-zorn,trollheim,khemri-cursed-of-karak-zorn,True,2,8,"{""equipment-access.yaml"": {""name_i18n"": 1, ""notes_i18n"": 5}, ""profiles.yaml"": {""equipment_restrictions_i18n"": 2}}","[{""profile_id"": ""troll-slayer"", ""removed_texts"": [""May select close-combat weapons from the Cursed of Karak-Zorn Equipment List."", ""May never use missile weapons or any form of armour.""]}]","[{""compile_outcome"": null, ""eb85e95"": null, ""evidence"": ""matrix"", ""live"": null, ""profile_id"": ""troll-slayer"", ""scenario"": ""matrix-troll-slayer""}]",structured-binding-compensation
FP-0206,tests/specs/semantic/grants/editorial-pit-fighter-profile-grants.yaml,pit-fighter-profile-grants,rule/mordheim/pit-fighters/pit-king--pit-fighter/trait.pit-fighter,sources/knowledge/bands/mordheim/pit-fighters/special-rules.yaml,pit-king--pit-fighter,98de28c995c85e35076091d9f5da554cd799592dbe21e1f48cd9e1a3cd995375,4cbd9f59723149ab2d41cec6cd51edee1de75cb6952079163dabb304cdeca9ed,CTX-mordheim-pit-fighters,"[""equipment-access.yaml"", ""profiles.yaml""]","[{""doc"": ""profiles.yaml"", ""node"": ""profiles:dwarf-troll-slayer"", ""path"": ""profiles[dwarf-troll-slayer].equipment_restrictions[0]"", ""op"": ""remove"", ""old"": ""May select weapons from the Ogre & Slayer Equipment List, but may never use missile weapons or any form of armour."", ""new"": null, ""i18n_only"": false}, {""doc"": ""profiles.yaml"", ""node"": ""profiles:dwarf-troll-slayer"", ""path"": ""profiles[dwarf-troll-slayer].equipment_restrictions[1]"", ""op"": ""remove"", ""old"": ""Dwarf Axe and Gromril Weapon options are available only to the Dwarf Troll Slayer."", ""new"": null, ""i18n_only"": false}]","[""mordheim_knowledge/loader.py:load_bands -> package profiles (equipment_restrictions)"", ""mordheim_construction/eligibility.py:package_facts -> projects equipment_restrictions, drops *_i18n"", ""mordheim_construction/eligibility.py:desktop_call -> _eligibility.js bridge.ts:desktopCall"", ""typescript/domain/eligibility/index.ts:310-313 boundEquipment reads structured profile.equipment-restrictions bindings"", ""typescript/domain/eligibility/index.ts:403-405 profileSelections reads the free-text keyword branch"", ""mordheim_construction/restrictions.py:_validate_profile_selections -> compiler.validate order (boundEquipment before profileSelections)"", ""mordheim_construction/selection.py:_profile / _applicable_rules (package facts and automatic rules)""]","{""level"": ""observed"", ""summary"": ""No current decision change reproduced: the removed armour text is compensated by structured profile.equipment-restrictions bindings; the same build compiles to the same outcome against live and eb85e95 KB."", ""classes"": [""structured-binding-compensation""], ""reproductions"": [{""compile_outcome"": null, ""eb85e95"": ""armour is forbidden for pit-fighters/dwarf-troll-slayer"", ""evidence"": ""stages"", ""live"": ""armour is forbidden for pit-fighters/dwarf-troll-slayer"", ""profile_id"": ""dwarf-troll-slayer"", ""scenario"": ""changed-armour-ban-pit-fighters""}, {""compile_outcome"": null, ""eb85e95"": ""rejected"", ""evidence"": ""compile"", ""live"": ""rejected"", ""profile_id"": ""dwarf-troll-slayer"", ""scenario"": ""armour-ban-pit-fighters""}, {""compile_outcome"": null, ""eb85e95"": null, ""evidence"": ""matrix"", ""live"": null, ""profile_id"": ""dwarf-troll-slayer"", ""scenario"": ""matrix-dwarf-troll-slayer""}], ""limitation"": ""Current maintained consumer over historical data; the historical engine behaviour is not proven. Presentation consumers still render the field. No pin was changed by this lot.""}","[""build/cache/t13-parallel/context-data-review/context-diff.json#CTX-mordheim-pit-fighters"", ""build/cache/t13-parallel/context-data-review/compensation-check.json"", ""build/cache/t13-parallel/context-data-review/repro-matrix.json"", ""build/cache/t13-parallel/context-data-review/repro-compile.json"", ""build/cache/t13-parallel/context-data-review/repro-stages.json"", ""build/cache/t13-parallel/context-data-review/rule-rows-check.json"", ""build/cache/t13-parallel/context-data-review/access-probe.json"", ""build/cache/t13-parallel/context-data-review/entry-state.json""]","[""T13-F001""]",Coordinator decision required: whether the live fingerprint may replace the eb85e95 pin for this pair after reviewing the compensated removal group CTX-mordheim-pit-fighters and its consumers. This lot changed no pin.,trait.pit-fighter,https://mordheimer.net/docs/warbands/grade-1b-warbands/pit-fighters,snapshot_content_change,sources/knowledge/bands/mordheim/pit-fighters,mordheim,pit-fighters,True,2,15,"{""equipment-access.yaml"": {""name_i18n"": 9, ""notes_i18n"": 5}, ""profiles.yaml"": {""equipment_restrictions_i18n"": 1}}","[{""profile_id"": ""dwarf-troll-slayer"", ""removed_texts"": [""May select weapons from the Ogre & Slayer Equipment List, but may never use missile weapons or any form of armour."", ""Dwarf Axe and Gromril Weapon options are available only to the Dwarf Troll Slayer.""]}]","[{""compile_outcome"": null, ""eb85e95"": ""armour is forbidden for pit-fighters/dwarf-troll-slayer"", ""evidence"": ""stages"", ""live"": ""armour is forbidden for pit-fighters/dwarf-troll-slayer"", ""profile_id"": ""dwarf-troll-slayer"", ""scenario"": ""changed-armour-ban-pit-fighters""}, {""compile_outcome"": null, ""eb85e95"": ""rejected"", ""evidence"": ""compile"", ""live"": ""rejected"", ""profile_id"": ""dwarf-troll-slayer"", ""scenario"": ""armour-ban-pit-fighters""}, {""compile_outcome"": null, ""eb85e95"": null, ""evidence"": ""matrix"", ""live"": null, ""profile_id"": ""dwarf-troll-slayer"", ""scenario"": ""matrix-dwarf-troll-slayer""}]",structured-binding-compensation
FP-0207,tests/specs/semantic/grants/editorial-pit-fighter-profile-grants.yaml,pit-fighter-profile-grants,rule/mordheim/pit-fighters/dwarf-troll-slayer--pit-fighter/trait.pit-fighter,sources/knowledge/bands/mordheim/pit-fighters/special-rules.yaml,dwarf-troll-slayer--pit-fighter,ab8bbcbeb3254140af3a0f8824cf6b59754f910e5b6bf2426c30f03e9cae2bec,b8c080bda380929b51f58fba725a6a7bfcb17232cdbfbed3874af23f0cbaa3b5,CTX-mordheim-pit-fighters,"[""equipment-access.yaml"", ""profiles.yaml""]","[{""doc"": ""profiles.yaml"", ""node"": ""profiles:dwarf-troll-slayer"", ""path"": ""profiles[dwarf-troll-slayer].equipment_restrictions[0]"", ""op"": ""remove"", ""old"": ""May select weapons from the Ogre & Slayer Equipment List, but may never use missile weapons or any form of armour."", ""new"": null, ""i18n_only"": false}, {""doc"": ""profiles.yaml"", ""node"": ""profiles:dwarf-troll-slayer"", ""path"": ""profiles[dwarf-troll-slayer].equipment_restrictions[1]"", ""op"": ""remove"", ""old"": ""Dwarf Axe and Gromril Weapon options are available only to the Dwarf Troll Slayer."", ""new"": null, ""i18n_only"": false}]","[""mordheim_knowledge/loader.py:load_bands -> package profiles (equipment_restrictions)"", ""mordheim_construction/eligibility.py:package_facts -> projects equipment_restrictions, drops *_i18n"", ""mordheim_construction/eligibility.py:desktop_call -> _eligibility.js bridge.ts:desktopCall"", ""typescript/domain/eligibility/index.ts:310-313 boundEquipment reads structured profile.equipment-restrictions bindings"", ""typescript/domain/eligibility/index.ts:403-405 profileSelections reads the free-text keyword branch"", ""mordheim_construction/restrictions.py:_validate_profile_selections -> compiler.validate order (boundEquipment before profileSelections)"", ""mordheim_construction/selection.py:_profile / _applicable_rules (package facts and automatic rules)""]","{""level"": ""observed"", ""summary"": ""No current decision change reproduced: the removed armour text is compensated by structured profile.equipment-restrictions bindings; the same build compiles to the same outcome against live and eb85e95 KB."", ""classes"": [""structured-binding-compensation""], ""reproductions"": [{""compile_outcome"": null, ""eb85e95"": ""armour is forbidden for pit-fighters/dwarf-troll-slayer"", ""evidence"": ""stages"", ""live"": ""armour is forbidden for pit-fighters/dwarf-troll-slayer"", ""profile_id"": ""dwarf-troll-slayer"", ""scenario"": ""changed-armour-ban-pit-fighters""}, {""compile_outcome"": null, ""eb85e95"": ""rejected"", ""evidence"": ""compile"", ""live"": ""rejected"", ""profile_id"": ""dwarf-troll-slayer"", ""scenario"": ""armour-ban-pit-fighters""}, {""compile_outcome"": null, ""eb85e95"": null, ""evidence"": ""matrix"", ""live"": null, ""profile_id"": ""dwarf-troll-slayer"", ""scenario"": ""matrix-dwarf-troll-slayer""}], ""limitation"": ""Current maintained consumer over historical data; the historical engine behaviour is not proven. Presentation consumers still render the field. No pin was changed by this lot.""}","[""build/cache/t13-parallel/context-data-review/context-diff.json#CTX-mordheim-pit-fighters"", ""build/cache/t13-parallel/context-data-review/compensation-check.json"", ""build/cache/t13-parallel/context-data-review/repro-matrix.json"", ""build/cache/t13-parallel/context-data-review/repro-compile.json"", ""build/cache/t13-parallel/context-data-review/repro-stages.json"", ""build/cache/t13-parallel/context-data-review/rule-rows-check.json"", ""build/cache/t13-parallel/context-data-review/access-probe.json"", ""build/cache/t13-parallel/context-data-review/entry-state.json""]","[""T13-F001""]",Coordinator decision required: whether the live fingerprint may replace the eb85e95 pin for this pair after reviewing the compensated removal group CTX-mordheim-pit-fighters and its consumers. This lot changed no pin.,trait.pit-fighter,https://mordheimer.net/docs/warbands/grade-1b-warbands/pit-fighters,snapshot_content_change,sources/knowledge/bands/mordheim/pit-fighters,mordheim,pit-fighters,True,2,15,"{""equipment-access.yaml"": {""name_i18n"": 9, ""notes_i18n"": 5}, ""profiles.yaml"": {""equipment_restrictions_i18n"": 1}}","[{""profile_id"": ""dwarf-troll-slayer"", ""removed_texts"": [""May select weapons from the Ogre & Slayer Equipment List, but may never use missile weapons or any form of armour."", ""Dwarf Axe and Gromril Weapon options are available only to the Dwarf Troll Slayer.""]}]","[{""compile_outcome"": null, ""eb85e95"": ""armour is forbidden for pit-fighters/dwarf-troll-slayer"", ""evidence"": ""stages"", ""live"": ""armour is forbidden for pit-fighters/dwarf-troll-slayer"", ""profile_id"": ""dwarf-troll-slayer"", ""scenario"": ""changed-armour-ban-pit-fighters""}, {""compile_outcome"": null, ""eb85e95"": ""rejected"", ""evidence"": ""compile"", ""live"": ""rejected"", ""profile_id"": ""dwarf-troll-slayer"", ""scenario"": ""armour-ban-pit-fighters""}, {""compile_outcome"": null, ""eb85e95"": null, ""evidence"": ""matrix"", ""live"": null, ""profile_id"": ""dwarf-troll-slayer"", ""scenario"": ""matrix-dwarf-troll-slayer""}]",structured-binding-compensation
FP-0208,tests/specs/semantic/grants/editorial-pit-fighter-profile-grants.yaml,pit-fighter-profile-grants,rule/mordheim/pit-fighters/pit-veterans--pit-fighter/trait.pit-fighter,sources/knowledge/bands/mordheim/pit-fighters/special-rules.yaml,pit-veterans--pit-fighter,01a033eefb3e6baedffa4cb2fc0be79febf8dbc706c92eeb139e1a530dfd8f2c,e5ef5eabdbb6ff075f040a6cce44191a3ad3f3e1e9eb401adf058e04d90af246,CTX-mordheim-pit-fighters,"[""equipment-access.yaml"", ""profiles.yaml""]","[{""doc"": ""profiles.yaml"", ""node"": ""profiles:dwarf-troll-slayer"", ""path"": ""profiles[dwarf-troll-slayer].equipment_restrictions[0]"", ""op"": ""remove"", ""old"": ""May select weapons from the Ogre & Slayer Equipment List, but may never use missile weapons or any form of armour."", ""new"": null, ""i18n_only"": false}, {""doc"": ""profiles.yaml"", ""node"": ""profiles:dwarf-troll-slayer"", ""path"": ""profiles[dwarf-troll-slayer].equipment_restrictions[1]"", ""op"": ""remove"", ""old"": ""Dwarf Axe and Gromril Weapon options are available only to the Dwarf Troll Slayer."", ""new"": null, ""i18n_only"": false}]","[""mordheim_knowledge/loader.py:load_bands -> package profiles (equipment_restrictions)"", ""mordheim_construction/eligibility.py:package_facts -> projects equipment_restrictions, drops *_i18n"", ""mordheim_construction/eligibility.py:desktop_call -> _eligibility.js bridge.ts:desktopCall"", ""typescript/domain/eligibility/index.ts:310-313 boundEquipment reads structured profile.equipment-restrictions bindings"", ""typescript/domain/eligibility/index.ts:403-405 profileSelections reads the free-text keyword branch"", ""mordheim_construction/restrictions.py:_validate_profile_selections -> compiler.validate order (boundEquipment before profileSelections)"", ""mordheim_construction/selection.py:_profile / _applicable_rules (package facts and automatic rules)""]","{""level"": ""observed"", ""summary"": ""No current decision change reproduced: the removed armour text is compensated by structured profile.equipment-restrictions bindings; the same build compiles to the same outcome against live and eb85e95 KB."", ""classes"": [""structured-binding-compensation""], ""reproductions"": [{""compile_outcome"": null, ""eb85e95"": ""armour is forbidden for pit-fighters/dwarf-troll-slayer"", ""evidence"": ""stages"", ""live"": ""armour is forbidden for pit-fighters/dwarf-troll-slayer"", ""profile_id"": ""dwarf-troll-slayer"", ""scenario"": ""changed-armour-ban-pit-fighters""}, {""compile_outcome"": null, ""eb85e95"": ""rejected"", ""evidence"": ""compile"", ""live"": ""rejected"", ""profile_id"": ""dwarf-troll-slayer"", ""scenario"": ""armour-ban-pit-fighters""}, {""compile_outcome"": null, ""eb85e95"": null, ""evidence"": ""matrix"", ""live"": null, ""profile_id"": ""dwarf-troll-slayer"", ""scenario"": ""matrix-dwarf-troll-slayer""}], ""limitation"": ""Current maintained consumer over historical data; the historical engine behaviour is not proven. Presentation consumers still render the field. No pin was changed by this lot.""}","[""build/cache/t13-parallel/context-data-review/context-diff.json#CTX-mordheim-pit-fighters"", ""build/cache/t13-parallel/context-data-review/compensation-check.json"", ""build/cache/t13-parallel/context-data-review/repro-matrix.json"", ""build/cache/t13-parallel/context-data-review/repro-compile.json"", ""build/cache/t13-parallel/context-data-review/repro-stages.json"", ""build/cache/t13-parallel/context-data-review/rule-rows-check.json"", ""build/cache/t13-parallel/context-data-review/access-probe.json"", ""build/cache/t13-parallel/context-data-review/entry-state.json""]","[""T13-F001""]",Coordinator decision required: whether the live fingerprint may replace the eb85e95 pin for this pair after reviewing the compensated removal group CTX-mordheim-pit-fighters and its consumers. This lot changed no pin.,trait.pit-fighter,https://mordheimer.net/docs/warbands/grade-1b-warbands/pit-fighters,snapshot_content_change,sources/knowledge/bands/mordheim/pit-fighters,mordheim,pit-fighters,True,2,15,"{""equipment-access.yaml"": {""name_i18n"": 9, ""notes_i18n"": 5}, ""profiles.yaml"": {""equipment_restrictions_i18n"": 1}}","[{""profile_id"": ""dwarf-troll-slayer"", ""removed_texts"": [""May select weapons from the Ogre & Slayer Equipment List, but may never use missile weapons or any form of armour."", ""Dwarf Axe and Gromril Weapon options are available only to the Dwarf Troll Slayer.""]}]","[{""compile_outcome"": null, ""eb85e95"": ""armour is forbidden for pit-fighters/dwarf-troll-slayer"", ""evidence"": ""stages"", ""live"": ""armour is forbidden for pit-fighters/dwarf-troll-slayer"", ""profile_id"": ""dwarf-troll-slayer"", ""scenario"": ""changed-armour-ban-pit-fighters""}, {""compile_outcome"": null, ""eb85e95"": ""rejected"", ""evidence"": ""compile"", ""live"": ""rejected"", ""profile_id"": ""dwarf-troll-slayer"", ""scenario"": ""armour-ban-pit-fighters""}, {""compile_outcome"": null, ""eb85e95"": null, ""evidence"": ""matrix"", ""live"": null, ""profile_id"": ""dwarf-troll-slayer"", ""scenario"": ""matrix-dwarf-troll-slayer""}]",structured-binding-compensation
FP-0209,tests/specs/semantic/grants/editorial-pit-fighter-profile-grants.yaml,pit-fighter-profile-grants,rule/mordheim/pit-fighters/pit-fighters--pit-fighter/trait.pit-fighter,sources/knowledge/bands/mordheim/pit-fighters/special-rules.yaml,pit-fighters--pit-fighter,940e93840fcc28851dcc2f2876e6fbb19fd7722e845f629053c3da83914ed92b,739b398f4d9ad6069e6224b85744964ca304327932e3c49c24765007d89b4ddb,CTX-mordheim-pit-fighters,"[""equipment-access.yaml"", ""profiles.yaml""]","[{""doc"": ""profiles.yaml"", ""node"": ""profiles:dwarf-troll-slayer"", ""path"": ""profiles[dwarf-troll-slayer].equipment_restrictions[0]"", ""op"": ""remove"", ""old"": ""May select weapons from the Ogre & Slayer Equipment List, but may never use missile weapons or any form of armour."", ""new"": null, ""i18n_only"": false}, {""doc"": ""profiles.yaml"", ""node"": ""profiles:dwarf-troll-slayer"", ""path"": ""profiles[dwarf-troll-slayer].equipment_restrictions[1]"", ""op"": ""remove"", ""old"": ""Dwarf Axe and Gromril Weapon options are available only to the Dwarf Troll Slayer."", ""new"": null, ""i18n_only"": false}]","[""mordheim_knowledge/loader.py:load_bands -> package profiles (equipment_restrictions)"", ""mordheim_construction/eligibility.py:package_facts -> projects equipment_restrictions, drops *_i18n"", ""mordheim_construction/eligibility.py:desktop_call -> _eligibility.js bridge.ts:desktopCall"", ""typescript/domain/eligibility/index.ts:310-313 boundEquipment reads structured profile.equipment-restrictions bindings"", ""typescript/domain/eligibility/index.ts:403-405 profileSelections reads the free-text keyword branch"", ""mordheim_construction/restrictions.py:_validate_profile_selections -> compiler.validate order (boundEquipment before profileSelections)"", ""mordheim_construction/selection.py:_profile / _applicable_rules (package facts and automatic rules)""]","{""level"": ""observed"", ""summary"": ""No current decision change reproduced: the removed armour text is compensated by structured profile.equipment-restrictions bindings; the same build compiles to the same outcome against live and eb85e95 KB."", ""classes"": [""structured-binding-compensation""], ""reproductions"": [{""compile_outcome"": null, ""eb85e95"": ""armour is forbidden for pit-fighters/dwarf-troll-slayer"", ""evidence"": ""stages"", ""live"": ""armour is forbidden for pit-fighters/dwarf-troll-slayer"", ""profile_id"": ""dwarf-troll-slayer"", ""scenario"": ""changed-armour-ban-pit-fighters""}, {""compile_outcome"": null, ""eb85e95"": ""rejected"", ""evidence"": ""compile"", ""live"": ""rejected"", ""profile_id"": ""dwarf-troll-slayer"", ""scenario"": ""armour-ban-pit-fighters""}, {""compile_outcome"": null, ""eb85e95"": null, ""evidence"": ""matrix"", ""live"": null, ""profile_id"": ""dwarf-troll-slayer"", ""scenario"": ""matrix-dwarf-troll-slayer""}], ""limitation"": ""Current maintained consumer over historical data; the historical engine behaviour is not proven. Presentation consumers still render the field. No pin was changed by this lot.""}","[""build/cache/t13-parallel/context-data-review/context-diff.json#CTX-mordheim-pit-fighters"", ""build/cache/t13-parallel/context-data-review/compensation-check.json"", ""build/cache/t13-parallel/context-data-review/repro-matrix.json"", ""build/cache/t13-parallel/context-data-review/repro-compile.json"", ""build/cache/t13-parallel/context-data-review/repro-stages.json"", ""build/cache/t13-parallel/context-data-review/rule-rows-check.json"", ""build/cache/t13-parallel/context-data-review/access-probe.json"", ""build/cache/t13-parallel/context-data-review/entry-state.json""]","[""T13-F001""]",Coordinator decision required: whether the live fingerprint may replace the eb85e95 pin for this pair after reviewing the compensated removal group CTX-mordheim-pit-fighters and its consumers. This lot changed no pin.,trait.pit-fighter,https://mordheimer.net/docs/warbands/grade-1b-warbands/pit-fighters,snapshot_content_change,sources/knowledge/bands/mordheim/pit-fighters,mordheim,pit-fighters,True,2,15,"{""equipment-access.yaml"": {""name_i18n"": 9, ""notes_i18n"": 5}, ""profiles.yaml"": {""equipment_restrictions_i18n"": 1}}","[{""profile_id"": ""dwarf-troll-slayer"", ""removed_texts"": [""May select weapons from the Ogre & Slayer Equipment List, but may never use missile weapons or any form of armour."", ""Dwarf Axe and Gromril Weapon options are available only to the Dwarf Troll Slayer.""]}]","[{""compile_outcome"": null, ""eb85e95"": ""armour is forbidden for pit-fighters/dwarf-troll-slayer"", ""evidence"": ""stages"", ""live"": ""armour is forbidden for pit-fighters/dwarf-troll-slayer"", ""profile_id"": ""dwarf-troll-slayer"", ""scenario"": ""changed-armour-ban-pit-fighters""}, {""compile_outcome"": null, ""eb85e95"": ""rejected"", ""evidence"": ""compile"", ""live"": ""rejected"", ""profile_id"": ""dwarf-troll-slayer"", ""scenario"": ""armour-ban-pit-fighters""}, {""compile_outcome"": null, ""eb85e95"": null, ""evidence"": ""matrix"", ""live"": null, ""profile_id"": ""dwarf-troll-slayer"", ""scenario"": ""matrix-dwarf-troll-slayer""}]",structured-binding-compensation
FP-0210,tests/specs/semantic/grants/editorial-pit-fighter-profile-grants.yaml,pit-fighter-profile-grants,rule/mordheim/pit-fighters/pursuers--pit-fighter/trait.pit-fighter,sources/knowledge/bands/mordheim/pit-fighters/special-rules.yaml,pursuers--pit-fighter,c5ed05d764144c7dae842e5d48e386692a0b7455c6057fe7839f9d00218e81cd,b5691d571455919f19119c6735fe6e12e36c90cfeb23d2f85adaec152f08fadf,CTX-mordheim-pit-fighters,"[""equipment-access.yaml"", ""profiles.yaml""]","[{""doc"": ""profiles.yaml"", ""node"": ""profiles:dwarf-troll-slayer"", ""path"": ""profiles[dwarf-troll-slayer].equipment_restrictions[0]"", ""op"": ""remove"", ""old"": ""May select weapons from the Ogre & Slayer Equipment List, but may never use missile weapons or any form of armour."", ""new"": null, ""i18n_only"": false}, {""doc"": ""profiles.yaml"", ""node"": ""profiles:dwarf-troll-slayer"", ""path"": ""profiles[dwarf-troll-slayer].equipment_restrictions[1]"", ""op"": ""remove"", ""old"": ""Dwarf Axe and Gromril Weapon options are available only to the Dwarf Troll Slayer."", ""new"": null, ""i18n_only"": false}]","[""mordheim_knowledge/loader.py:load_bands -> package profiles (equipment_restrictions)"", ""mordheim_construction/eligibility.py:package_facts -> projects equipment_restrictions, drops *_i18n"", ""mordheim_construction/eligibility.py:desktop_call -> _eligibility.js bridge.ts:desktopCall"", ""typescript/domain/eligibility/index.ts:310-313 boundEquipment reads structured profile.equipment-restrictions bindings"", ""typescript/domain/eligibility/index.ts:403-405 profileSelections reads the free-text keyword branch"", ""mordheim_construction/restrictions.py:_validate_profile_selections -> compiler.validate order (boundEquipment before profileSelections)"", ""mordheim_construction/selection.py:_profile / _applicable_rules (package facts and automatic rules)""]","{""level"": ""observed"", ""summary"": ""No current decision change reproduced: the removed armour text is compensated by structured profile.equipment-restrictions bindings; the same build compiles to the same outcome against live and eb85e95 KB."", ""classes"": [""structured-binding-compensation""], ""reproductions"": [{""compile_outcome"": null, ""eb85e95"": ""armour is forbidden for pit-fighters/dwarf-troll-slayer"", ""evidence"": ""stages"", ""live"": ""armour is forbidden for pit-fighters/dwarf-troll-slayer"", ""profile_id"": ""dwarf-troll-slayer"", ""scenario"": ""changed-armour-ban-pit-fighters""}, {""compile_outcome"": null, ""eb85e95"": ""rejected"", ""evidence"": ""compile"", ""live"": ""rejected"", ""profile_id"": ""dwarf-troll-slayer"", ""scenario"": ""armour-ban-pit-fighters""}, {""compile_outcome"": null, ""eb85e95"": null, ""evidence"": ""matrix"", ""live"": null, ""profile_id"": ""dwarf-troll-slayer"", ""scenario"": ""matrix-dwarf-troll-slayer""}], ""limitation"": ""Current maintained consumer over historical data; the historical engine behaviour is not proven. Presentation consumers still render the field. No pin was changed by this lot.""}","[""build/cache/t13-parallel/context-data-review/context-diff.json#CTX-mordheim-pit-fighters"", ""build/cache/t13-parallel/context-data-review/compensation-check.json"", ""build/cache/t13-parallel/context-data-review/repro-matrix.json"", ""build/cache/t13-parallel/context-data-review/repro-compile.json"", ""build/cache/t13-parallel/context-data-review/repro-stages.json"", ""build/cache/t13-parallel/context-data-review/rule-rows-check.json"", ""build/cache/t13-parallel/context-data-review/access-probe.json"", ""build/cache/t13-parallel/context-data-review/entry-state.json""]","[""T13-F001""]",Coordinator decision required: whether the live fingerprint may replace the eb85e95 pin for this pair after reviewing the compensated removal group CTX-mordheim-pit-fighters and its consumers. This lot changed no pin.,trait.pit-fighter,https://mordheimer.net/docs/warbands/grade-1b-warbands/pit-fighters,snapshot_content_change,sources/knowledge/bands/mordheim/pit-fighters,mordheim,pit-fighters,True,2,15,"{""equipment-access.yaml"": {""name_i18n"": 9, ""notes_i18n"": 5}, ""profiles.yaml"": {""equipment_restrictions_i18n"": 1}}","[{""profile_id"": ""dwarf-troll-slayer"", ""removed_texts"": [""May select weapons from the Ogre & Slayer Equipment List, but may never use missile weapons or any form of armour."", ""Dwarf Axe and Gromril Weapon options are available only to the Dwarf Troll Slayer.""]}]","[{""compile_outcome"": null, ""eb85e95"": ""armour is forbidden for pit-fighters/dwarf-troll-slayer"", ""evidence"": ""stages"", ""live"": ""armour is forbidden for pit-fighters/dwarf-troll-slayer"", ""profile_id"": ""dwarf-troll-slayer"", ""scenario"": ""changed-armour-ban-pit-fighters""}, {""compile_outcome"": null, ""eb85e95"": ""rejected"", ""evidence"": ""compile"", ""live"": ""rejected"", ""profile_id"": ""dwarf-troll-slayer"", ""scenario"": ""armour-ban-pit-fighters""}, {""compile_outcome"": null, ""eb85e95"": null, ""evidence"": ""matrix"", ""live"": null, ""profile_id"": ""dwarf-troll-slayer"", ""scenario"": ""matrix-dwarf-troll-slayer""}]",structured-binding-compensation
FP-0211,tests/specs/semantic/grants/editorial-pit-fighter-profile-grants.yaml,pit-fighter-profile-grants,rule/mordheim/pit-fighters/ogre-pit-fighter--pit-fighter/trait.pit-fighter,sources/knowledge/bands/mordheim/pit-fighters/special-rules.yaml,ogre-pit-fighter--pit-fighter,9ca165055f3cb35a5207a5e1ea7c57fed126d116d991755b50de01c3c0204707,910bf12659b3b9e71798bfa0faf2d062a2cc5f8e72d226d3e1147fb73c31cbd7,CTX-mordheim-pit-fighters,"[""equipment-access.yaml"", ""profiles.yaml""]","[{""doc"": ""profiles.yaml"", ""node"": ""profiles:dwarf-troll-slayer"", ""path"": ""profiles[dwarf-troll-slayer].equipment_restrictions[0]"", ""op"": ""remove"", ""old"": ""May select weapons from the Ogre & Slayer Equipment List, but may never use missile weapons or any form of armour."", ""new"": null, ""i18n_only"": false}, {""doc"": ""profiles.yaml"", ""node"": ""profiles:dwarf-troll-slayer"", ""path"": ""profiles[dwarf-troll-slayer].equipment_restrictions[1]"", ""op"": ""remove"", ""old"": ""Dwarf Axe and Gromril Weapon options are available only to the Dwarf Troll Slayer."", ""new"": null, ""i18n_only"": false}]","[""mordheim_knowledge/loader.py:load_bands -> package profiles (equipment_restrictions)"", ""mordheim_construction/eligibility.py:package_facts -> projects equipment_restrictions, drops *_i18n"", ""mordheim_construction/eligibility.py:desktop_call -> _eligibility.js bridge.ts:desktopCall"", ""typescript/domain/eligibility/index.ts:310-313 boundEquipment reads structured profile.equipment-restrictions bindings"", ""typescript/domain/eligibility/index.ts:403-405 profileSelections reads the free-text keyword branch"", ""mordheim_construction/restrictions.py:_validate_profile_selections -> compiler.validate order (boundEquipment before profileSelections)"", ""mordheim_construction/selection.py:_profile / _applicable_rules (package facts and automatic rules)""]","{""level"": ""observed"", ""summary"": ""No current decision change reproduced: the removed armour text is compensated by structured profile.equipment-restrictions bindings; the same build compiles to the same outcome against live and eb85e95 KB."", ""classes"": [""structured-binding-compensation""], ""reproductions"": [{""compile_outcome"": null, ""eb85e95"": ""armour is forbidden for pit-fighters/dwarf-troll-slayer"", ""evidence"": ""stages"", ""live"": ""armour is forbidden for pit-fighters/dwarf-troll-slayer"", ""profile_id"": ""dwarf-troll-slayer"", ""scenario"": ""changed-armour-ban-pit-fighters""}, {""compile_outcome"": null, ""eb85e95"": ""rejected"", ""evidence"": ""compile"", ""live"": ""rejected"", ""profile_id"": ""dwarf-troll-slayer"", ""scenario"": ""armour-ban-pit-fighters""}, {""compile_outcome"": null, ""eb85e95"": null, ""evidence"": ""matrix"", ""live"": null, ""profile_id"": ""dwarf-troll-slayer"", ""scenario"": ""matrix-dwarf-troll-slayer""}], ""limitation"": ""Current maintained consumer over historical data; the historical engine behaviour is not proven. Presentation consumers still render the field. No pin was changed by this lot.""}","[""build/cache/t13-parallel/context-data-review/context-diff.json#CTX-mordheim-pit-fighters"", ""build/cache/t13-parallel/context-data-review/compensation-check.json"", ""build/cache/t13-parallel/context-data-review/repro-matrix.json"", ""build/cache/t13-parallel/context-data-review/repro-compile.json"", ""build/cache/t13-parallel/context-data-review/repro-stages.json"", ""build/cache/t13-parallel/context-data-review/rule-rows-check.json"", ""build/cache/t13-parallel/context-data-review/access-probe.json"", ""build/cache/t13-parallel/context-data-review/entry-state.json""]","[""T13-F001""]",Coordinator decision required: whether the live fingerprint may replace the eb85e95 pin for this pair after reviewing the compensated removal group CTX-mordheim-pit-fighters and its consumers. This lot changed no pin.,trait.pit-fighter,https://mordheimer.net/docs/warbands/grade-1b-warbands/pit-fighters,snapshot_content_change,sources/knowledge/bands/mordheim/pit-fighters,mordheim,pit-fighters,True,2,15,"{""equipment-access.yaml"": {""name_i18n"": 9, ""notes_i18n"": 5}, ""profiles.yaml"": {""equipment_restrictions_i18n"": 1}}","[{""profile_id"": ""dwarf-troll-slayer"", ""removed_texts"": [""May select weapons from the Ogre & Slayer Equipment List, but may never use missile weapons or any form of armour."", ""Dwarf Axe and Gromril Weapon options are available only to the Dwarf Troll Slayer.""]}]","[{""compile_outcome"": null, ""eb85e95"": ""armour is forbidden for pit-fighters/dwarf-troll-slayer"", ""evidence"": ""stages"", ""live"": ""armour is forbidden for pit-fighters/dwarf-troll-slayer"", ""profile_id"": ""dwarf-troll-slayer"", ""scenario"": ""changed-armour-ban-pit-fighters""}, {""compile_outcome"": null, ""eb85e95"": ""rejected"", ""evidence"": ""compile"", ""live"": ""rejected"", ""profile_id"": ""dwarf-troll-slayer"", ""scenario"": ""armour-ban-pit-fighters""}, {""compile_outcome"": null, ""eb85e95"": null, ""evidence"": ""matrix"", ""live"": null, ""profile_id"": ""dwarf-troll-slayer"", ""scenario"": ""matrix-dwarf-troll-slayer""}]",structured-binding-compensation
FP-0212,tests/specs/semantic/grants/editorial-pit-hard-head.yaml,editorial-pit-hard-head-pit-fighters,rule/mordheim/pit-fighters/dwarf-troll-slayer--hard-head/trait.concussion-immune,sources/knowledge/bands/mordheim/pit-fighters/special-rules.yaml,dwarf-troll-slayer--hard-head,1c6dcc05a29fb96df02e3776d2689fb5e9bb095baa4c4c114d7cdf3578a16190,73aef0ef7edce308604dc03a748bba7bc65ca81c4ce21e7d5ba068c7d4a39f62,CTX-mordheim-pit-fighters,"[""equipment-access.yaml"", ""profiles.yaml""]","[{""doc"": ""profiles.yaml"", ""node"": ""profiles:dwarf-troll-slayer"", ""path"": ""profiles[dwarf-troll-slayer].equipment_restrictions[0]"", ""op"": ""remove"", ""old"": ""May select weapons from the Ogre & Slayer Equipment List, but may never use missile weapons or any form of armour."", ""new"": null, ""i18n_only"": false}, {""doc"": ""profiles.yaml"", ""node"": ""profiles:dwarf-troll-slayer"", ""path"": ""profiles[dwarf-troll-slayer].equipment_restrictions[1]"", ""op"": ""remove"", ""old"": ""Dwarf Axe and Gromril Weapon options are available only to the Dwarf Troll Slayer."", ""new"": null, ""i18n_only"": false}]","[""mordheim_knowledge/loader.py:load_bands -> package profiles (equipment_restrictions)"", ""mordheim_construction/eligibility.py:package_facts -> projects equipment_restrictions, drops *_i18n"", ""mordheim_construction/eligibility.py:desktop_call -> _eligibility.js bridge.ts:desktopCall"", ""typescript/domain/eligibility/index.ts:310-313 boundEquipment reads structured profile.equipment-restrictions bindings"", ""typescript/domain/eligibility/index.ts:403-405 profileSelections reads the free-text keyword branch"", ""mordheim_construction/restrictions.py:_validate_profile_selections -> compiler.validate order (boundEquipment before profileSelections)"", ""mordheim_construction/selection.py:_profile / _applicable_rules (package facts and automatic rules)""]","{""level"": ""observed"", ""summary"": ""No current decision change reproduced: the removed armour text is compensated by structured profile.equipment-restrictions bindings; the same build compiles to the same outcome against live and eb85e95 KB."", ""classes"": [""structured-binding-compensation""], ""reproductions"": [{""compile_outcome"": null, ""eb85e95"": ""armour is forbidden for pit-fighters/dwarf-troll-slayer"", ""evidence"": ""stages"", ""live"": ""armour is forbidden for pit-fighters/dwarf-troll-slayer"", ""profile_id"": ""dwarf-troll-slayer"", ""scenario"": ""changed-armour-ban-pit-fighters""}, {""compile_outcome"": null, ""eb85e95"": ""rejected"", ""evidence"": ""compile"", ""live"": ""rejected"", ""profile_id"": ""dwarf-troll-slayer"", ""scenario"": ""armour-ban-pit-fighters""}, {""compile_outcome"": null, ""eb85e95"": null, ""evidence"": ""matrix"", ""live"": null, ""profile_id"": ""dwarf-troll-slayer"", ""scenario"": ""matrix-dwarf-troll-slayer""}], ""limitation"": ""Current maintained consumer over historical data; the historical engine behaviour is not proven. Presentation consumers still render the field. No pin was changed by this lot.""}","[""build/cache/t13-parallel/context-data-review/context-diff.json#CTX-mordheim-pit-fighters"", ""build/cache/t13-parallel/context-data-review/compensation-check.json"", ""build/cache/t13-parallel/context-data-review/repro-matrix.json"", ""build/cache/t13-parallel/context-data-review/repro-compile.json"", ""build/cache/t13-parallel/context-data-review/repro-stages.json"", ""build/cache/t13-parallel/context-data-review/rule-rows-check.json"", ""build/cache/t13-parallel/context-data-review/access-probe.json"", ""build/cache/t13-parallel/context-data-review/entry-state.json""]","[""T13-F001""]",Coordinator decision required: whether the live fingerprint may replace the eb85e95 pin for this pair after reviewing the compensated removal group CTX-mordheim-pit-fighters and its consumers. This lot changed no pin.,trait.concussion-immune,https://mordheimer.net/docs/warbands/grade-1b-warbands/pit-fighters,snapshot_content_change,sources/knowledge/bands/mordheim/pit-fighters,mordheim,pit-fighters,True,2,15,"{""equipment-access.yaml"": {""name_i18n"": 9, ""notes_i18n"": 5}, ""profiles.yaml"": {""equipment_restrictions_i18n"": 1}}","[{""profile_id"": ""dwarf-troll-slayer"", ""removed_texts"": [""May select weapons from the Ogre & Slayer Equipment List, but may never use missile weapons or any form of armour."", ""Dwarf Axe and Gromril Weapon options are available only to the Dwarf Troll Slayer.""]}]","[{""compile_outcome"": null, ""eb85e95"": ""armour is forbidden for pit-fighters/dwarf-troll-slayer"", ""evidence"": ""stages"", ""live"": ""armour is forbidden for pit-fighters/dwarf-troll-slayer"", ""profile_id"": ""dwarf-troll-slayer"", ""scenario"": ""changed-armour-ban-pit-fighters""}, {""compile_outcome"": null, ""eb85e95"": ""rejected"", ""evidence"": ""compile"", ""live"": ""rejected"", ""profile_id"": ""dwarf-troll-slayer"", ""scenario"": ""armour-ban-pit-fighters""}, {""compile_outcome"": null, ""eb85e95"": null, ""evidence"": ""matrix"", ""live"": null, ""profile_id"": ""dwarf-troll-slayer"", ""scenario"": ""matrix-dwarf-troll-slayer""}]",structured-binding-compensation
FP-0213,tests/specs/semantic/grants/editorial-pit-hard-head.yaml,editorial-pit-hard-head-chaos-streets-pit-fighters,rule/trollheim/chaos-streets-pit-fighters/dwarf-troll-slayer--hard-head/trait.concussion-immune,sources/knowledge/bands/trollheim/chaos-streets-pit-fighters/special-rules.yaml,dwarf-troll-slayer--hard-head,7d426a05c77f0831399c61efaa3b9ed74856fe97841544d2f3251ff0c7367cac,1f187fc5a5e6b06c35545a5907a24df605c27231c4b1b00335fefa112b91c958,CTX-trollheim-chaos-streets-pit-fighters,"[""equipment-access.yaml"", ""profiles.yaml""]","[{""doc"": ""profiles.yaml"", ""node"": ""profiles:dwarf-troll-slayer"", ""path"": ""profiles[dwarf-troll-slayer].equipment_restrictions[0]"", ""op"": ""remove"", ""old"": ""May select weapons from the Dwarf Troll Slayer Equipment List."", ""new"": null, ""i18n_only"": false}, {""doc"": ""profiles.yaml"", ""node"": ""profiles:dwarf-troll-slayer"", ""path"": ""profiles[dwarf-troll-slayer].equipment_restrictions[1]"", ""op"": ""remove"", ""old"": ""May never use missile weapons or any form of armour."", ""new"": null, ""i18n_only"": false}]","[""mordheim_knowledge/loader.py:load_bands -> package profiles (equipment_restrictions)"", ""mordheim_construction/eligibility.py:package_facts -> projects equipment_restrictions, drops *_i18n"", ""mordheim_construction/eligibility.py:desktop_call -> _eligibility.js bridge.ts:desktopCall"", ""typescript/domain/eligibility/index.ts:310-313 boundEquipment reads structured profile.equipment-restrictions bindings"", ""typescript/domain/eligibility/index.ts:403-405 profileSelections reads the free-text keyword branch"", ""mordheim_construction/restrictions.py:_validate_profile_selections -> compiler.validate order (boundEquipment before profileSelections)"", ""mordheim_construction/selection.py:_profile / _applicable_rules (package facts and automatic rules)""]","{""level"": ""observed"", ""summary"": ""No current decision change reproduced: the removed armour text is compensated by structured profile.equipment-restrictions bindings; the same build compiles to the same outcome against live and eb85e95 KB."", ""classes"": [""structured-binding-compensation""], ""reproductions"": [{""compile_outcome"": null, ""eb85e95"": null, ""evidence"": ""matrix"", ""live"": null, ""profile_id"": ""dwarf-troll-slayer"", ""scenario"": ""matrix-dwarf-troll-slayer""}], ""limitation"": ""Current maintained consumer over historical data; the historical engine behaviour is not proven. Presentation consumers still render the field. No pin was changed by this lot.""}","[""build/cache/t13-parallel/context-data-review/context-diff.json#CTX-trollheim-chaos-streets-pit-fighters"", ""build/cache/t13-parallel/context-data-review/compensation-check.json"", ""build/cache/t13-parallel/context-data-review/repro-matrix.json"", ""build/cache/t13-parallel/context-data-review/repro-compile.json"", ""build/cache/t13-parallel/context-data-review/repro-stages.json"", ""build/cache/t13-parallel/context-data-review/rule-rows-check.json"", ""build/cache/t13-parallel/context-data-review/access-probe.json"", ""build/cache/t13-parallel/context-data-review/entry-state.json""]","[""T13-F001""]",Coordinator decision required: whether the live fingerprint may replace the eb85e95 pin for this pair after reviewing the compensated removal group CTX-trollheim-chaos-streets-pit-fighters and its consumers. This lot changed no pin.,trait.concussion-immune,,snapshot_content_change,sources/knowledge/bands/trollheim/chaos-streets-pit-fighters,trollheim,chaos-streets-pit-fighters,True,2,13,"{""equipment-access.yaml"": {""name_i18n"": 10, ""notes_i18n"": 3}}","[{""profile_id"": ""dwarf-troll-slayer"", ""removed_texts"": [""May select weapons from the Dwarf Troll Slayer Equipment List."", ""May never use missile weapons or any form of armour.""]}]","[{""compile_outcome"": null, ""eb85e95"": null, ""evidence"": ""matrix"", ""live"": null, ""profile_id"": ""dwarf-troll-slayer"", ""scenario"": ""matrix-dwarf-troll-slayer""}]",structured-binding-compensation
FP-0233,tests/specs/semantic/grants/editorial-poison-immunity.yaml,poison-grant-trollheim-khemri-cursed-of-karak-zorn-shadowed,rule/trollheim/khemri-cursed-of-karak-zorn/shadowed--immune-to-poison/trait.poison-immune,sources/knowledge/bands/trollheim/khemri-cursed-of-karak-zorn/special-rules.yaml,shadowed--immune-to-poison,2c21a59c274dfc09156a72663399ce66e12bdfe0d45760ada9c956a70285785b,fd6cb8b39c242e3551bd19e46340cfa7a93424359a3ffb51a15f888943bced92,CTX-trollheim-khemri-cursed-of-karak-zorn,"[""equipment-access.yaml"", ""profiles.yaml""]","[{""doc"": ""profiles.yaml"", ""node"": ""profiles:troll-slayer"", ""path"": ""profiles[troll-slayer].equipment_restrictions[0]"", ""op"": ""remove"", ""old"": ""May select close-combat weapons from the Cursed of Karak-Zorn Equipment List."", ""new"": null, ""i18n_only"": false}, {""doc"": ""profiles.yaml"", ""node"": ""profiles:troll-slayer"", ""path"": ""profiles[troll-slayer].equipment_restrictions[1]"", ""op"": ""remove"", ""old"": ""May never use missile weapons or any form of armour."", ""new"": null, ""i18n_only"": false}]","[""mordheim_knowledge/loader.py:load_bands -> package profiles (equipment_restrictions)"", ""mordheim_construction/eligibility.py:package_facts -> projects equipment_restrictions, drops *_i18n"", ""mordheim_construction/eligibility.py:desktop_call -> _eligibility.js bridge.ts:desktopCall"", ""typescript/domain/eligibility/index.ts:310-313 boundEquipment reads structured profile.equipment-restrictions bindings"", ""typescript/domain/eligibility/index.ts:403-405 profileSelections reads the free-text keyword branch"", ""mordheim_construction/restrictions.py:_validate_profile_selections -> compiler.validate order (boundEquipment before profileSelections)"", ""mordheim_construction/selection.py:_profile / _applicable_rules (package facts and automatic rules)""]","{""level"": ""observed"", ""summary"": ""No current decision change reproduced: the removed armour text is compensated by structured profile.equipment-restrictions bindings; the same build compiles to the same outcome against live and eb85e95 KB."", ""classes"": [""structured-binding-compensation""], ""reproductions"": [{""compile_outcome"": null, ""eb85e95"": null, ""evidence"": ""matrix"", ""live"": null, ""profile_id"": ""troll-slayer"", ""scenario"": ""matrix-troll-slayer""}], ""limitation"": ""Current maintained consumer over historical data; the historical engine behaviour is not proven. Presentation consumers still render the field. No pin was changed by this lot.""}","[""build/cache/t13-parallel/context-data-review/context-diff.json#CTX-trollheim-khemri-cursed-of-karak-zorn"", ""build/cache/t13-parallel/context-data-review/compensation-check.json"", ""build/cache/t13-parallel/context-data-review/repro-matrix.json"", ""build/cache/t13-parallel/context-data-review/repro-compile.json"", ""build/cache/t13-parallel/context-data-review/repro-stages.json"", ""build/cache/t13-parallel/context-data-review/rule-rows-check.json"", ""build/cache/t13-parallel/context-data-review/access-probe.json"", ""build/cache/t13-parallel/context-data-review/entry-state.json""]","[""T13-F001""]",Coordinator decision required: whether the live fingerprint may replace the eb85e95 pin for this pair after reviewing the compensated removal group CTX-trollheim-khemri-cursed-of-karak-zorn and its consumers. This lot changed no pin.,trait.poison-immune,,snapshot_content_change,sources/knowledge/bands/trollheim/khemri-cursed-of-karak-zorn,trollheim,khemri-cursed-of-karak-zorn,True,2,8,"{""equipment-access.yaml"": {""name_i18n"": 1, ""notes_i18n"": 5}, ""profiles.yaml"": {""equipment_restrictions_i18n"": 2}}","[{""profile_id"": ""troll-slayer"", ""removed_texts"": [""May select close-combat weapons from the Cursed of Karak-Zorn Equipment List."", ""May never use missile weapons or any form of armour.""]}]","[{""compile_outcome"": null, ""eb85e95"": null, ""evidence"": ""matrix"", ""live"": null, ""profile_id"": ""troll-slayer"", ""scenario"": ""matrix-troll-slayer""}]",structured-binding-compensation
FP-0235,tests/specs/semantic/grants/editorial-poison-immunity.yaml,poison-grant-trollheim-khemri-tomb-guardians-stone-golem,rule/trollheim/khemri-tomb-guardians/stone-golem--immune-to-poison/trait.poison-immune,sources/knowledge/bands/trollheim/khemri-tomb-guardians/special-rules.yaml,stone-golem--immune-to-poison,f08f41705197a42cadbc3b3126b0ef4e5f72692a09505472e999b000f4f475a6,dc50e51c451490e45c82e1fad8680f7607c3d7afc9ef12118ddd7d85190e1230,CTX-trollheim-khemri-tomb-guardians,"[""equipment-access.yaml"", ""profiles.yaml""]","[{""doc"": ""profiles.yaml"", ""node"": ""profiles:mortuary-priest"", ""path"": ""profiles[mortuary-priest].equipment_restrictions[0]"", ""op"": ""remove"", ""old"": ""May select weapons from the Mortuary Priest Equipment List, but may never wear armour because it interferes with the Priest's powers."", ""new"": null, ""i18n_only"": false}]","[""mordheim_knowledge/loader.py:load_bands -> package profiles (equipment_restrictions)"", ""mordheim_construction/eligibility.py:package_facts -> projects equipment_restrictions, drops *_i18n"", ""mordheim_construction/eligibility.py:desktop_call -> _eligibility.js bridge.ts:desktopCall"", ""typescript/domain/eligibility/index.ts:310-313 boundEquipment reads structured profile.equipment-restrictions bindings"", ""typescript/domain/eligibility/index.ts:403-405 profileSelections reads the free-text keyword branch"", ""mordheim_construction/restrictions.py:_validate_profile_selections -> compiler.validate order (boundEquipment before profileSelections)"", ""mordheim_construction/selection.py:_profile / _applicable_rules (package facts and automatic rules)""]","{""level"": ""observed"", ""summary"": ""No current decision change reproduced: the removed armour text is compensated by structured profile.equipment-restrictions bindings; the same build compiles to the same outcome against live and eb85e95 KB."", ""classes"": [""structured-binding-compensation""], ""reproductions"": [{""compile_outcome"": null, ""eb85e95"": null, ""evidence"": ""matrix"", ""live"": null, ""profile_id"": ""mortuary-priest"", ""scenario"": ""matrix-mortuary-priest""}], ""limitation"": ""Current maintained consumer over historical data; the historical engine behaviour is not proven. Presentation consumers still render the field. No pin was changed by this lot.""}","[""build/cache/t13-parallel/context-data-review/context-diff.json#CTX-trollheim-khemri-tomb-guardians"", ""build/cache/t13-parallel/context-data-review/compensation-check.json"", ""build/cache/t13-parallel/context-data-review/repro-matrix.json"", ""build/cache/t13-parallel/context-data-review/repro-compile.json"", ""build/cache/t13-parallel/context-data-review/repro-stages.json"", ""build/cache/t13-parallel/context-data-review/rule-rows-check.json"", ""build/cache/t13-parallel/context-data-review/access-probe.json"", ""build/cache/t13-parallel/context-data-review/entry-state.json""]","[""T13-F001""]",Coordinator decision required: whether the live fingerprint may replace the eb85e95 pin for this pair after reviewing the compensated removal group CTX-trollheim-khemri-tomb-guardians and its consumers. This lot changed no pin.,trait.poison-immune,,snapshot_content_change,sources/knowledge/bands/trollheim/khemri-tomb-guardians,trollheim,khemri-tomb-guardians,True,1,11,"{""equipment-access.yaml"": {""name_i18n"": 2, ""notes_i18n"": 6}, ""profiles.yaml"": {""equipment_restrictions_i18n"": 3}}","[{""profile_id"": ""mortuary-priest"", ""removed_texts"": [""May select weapons from the Mortuary Priest Equipment List, but may never wear armour because it interferes with the Priest's powers.""]}]","[{""compile_outcome"": null, ""eb85e95"": null, ""evidence"": ""matrix"", ""live"": null, ""profile_id"": ""mortuary-priest"", ""scenario"": ""matrix-mortuary-priest""}]",structured-binding-compensation
FP-0255,tests/specs/semantic/grants/editorial-savage-equipment.yaml,editorial-savage-equipment,rule/mordheim/black-orcs/orc-nuttaz--savage/profile.equipment-restrictions,sources/knowledge/bands/mordheim/black-orcs/special-rules.yaml,orc-nuttaz--savage,02fabab15859981b99fc008b48951db5039507441dff3d6d74314afbba088163,9523aa3ae08761403ebd38ffaa7f79826a81403c5c176127f522167ddf96ecce,CTX-mordheim-black-orcs,"[""equipment-access.yaml"", ""profiles.yaml""]","[{""doc"": ""profiles.yaml"", ""node"": ""profiles:orc-nuttaz"", ""path"": ""profiles[orc-nuttaz].equipment_restrictions[0]"", ""op"": ""remove"", ""old"": ""May use the Henchmen List, but Savage prevents them from using any armour or ranged weapons."", ""new"": null, ""i18n_only"": false}]","[""mordheim_knowledge/loader.py:load_bands -> package profiles (equipment_restrictions)"", ""mordheim_construction/eligibility.py:package_facts -> projects equipment_restrictions, drops *_i18n"", ""mordheim_construction/eligibility.py:desktop_call -> _eligibility.js bridge.ts:desktopCall"", ""typescript/domain/eligibility/index.ts:310-313 boundEquipment reads structured profile.equipment-restrictions bindings"", ""typescript/domain/eligibility/index.ts:403-405 profileSelections reads the free-text keyword branch"", ""mordheim_construction/restrictions.py:_validate_profile_selections -> compiler.validate order (boundEquipment before profileSelections)"", ""mordheim_construction/selection.py:_profile / _applicable_rules (package facts and automatic rules)""]","{""level"": ""observed"", ""summary"": ""No current decision change reproduced: the removed armour text is compensated by structured profile.equipment-restrictions bindings; the same build compiles to the same outcome against live and eb85e95 KB."", ""classes"": [""structured-binding-compensation""], ""reproductions"": [{""compile_outcome"": null, ""eb85e95"": null, ""evidence"": ""matrix"", ""live"": null, ""profile_id"": ""orc-nuttaz"", ""scenario"": ""matrix-orc-nuttaz""}], ""limitation"": ""Current maintained consumer over historical data; the historical engine behaviour is not proven. Presentation consumers still render the field. No pin was changed by this lot.""}","[""build/cache/t13-parallel/context-data-review/context-diff.json#CTX-mordheim-black-orcs"", ""build/cache/t13-parallel/context-data-review/compensation-check.json"", ""build/cache/t13-parallel/context-data-review/repro-matrix.json"", ""build/cache/t13-parallel/context-data-review/repro-compile.json"", ""build/cache/t13-parallel/context-data-review/repro-stages.json"", ""build/cache/t13-parallel/context-data-review/rule-rows-check.json"", ""build/cache/t13-parallel/context-data-review/access-probe.json"", ""build/cache/t13-parallel/context-data-review/entry-state.json""]","[""T13-F001""]",Coordinator decision required: whether the live fingerprint may replace the eb85e95 pin for this pair after reviewing the compensated removal group CTX-mordheim-black-orcs and its consumers. This lot changed no pin.,profile.equipment-restrictions,https://mordheimer.net/docs/warbands/grade-1b-warbands/black-orcs,snapshot_content_change,sources/knowledge/bands/mordheim/black-orcs,mordheim,black-orcs,True,1,10,"{""equipment-access.yaml"": {""name_i18n"": 2, ""notes_i18n"": 4}, ""profiles.yaml"": {""equipment_restrictions_i18n"": 4}}","[{""profile_id"": ""orc-nuttaz"", ""removed_texts"": [""May use the Henchmen List, but Savage prevents them from using any armour or ranged weapons.""]}]","[{""compile_outcome"": null, ""eb85e95"": null, ""evidence"": ""matrix"", ""live"": null, ""profile_id"": ""orc-nuttaz"", ""scenario"": ""matrix-orc-nuttaz""}]",structured-binding-compensation
FP-0256,tests/specs/semantic/grants/editorial-savage-extra-attack.yaml,editorial-savage-extra-attack-grant,rule/mordheim/black-orcs/orc-nuttaz--savage/skill.extra-attack,sources/knowledge/bands/mordheim/black-orcs/special-rules.yaml,orc-nuttaz--savage,02fabab15859981b99fc008b48951db5039507441dff3d6d74314afbba088163,9523aa3ae08761403ebd38ffaa7f79826a81403c5c176127f522167ddf96ecce,CTX-mordheim-black-orcs,"[""equipment-access.yaml"", ""profiles.yaml""]","[{""doc"": ""profiles.yaml"", ""node"": ""profiles:orc-nuttaz"", ""path"": ""profiles[orc-nuttaz].equipment_restrictions[0]"", ""op"": ""remove"", ""old"": ""May use the Henchmen List, but Savage prevents them from using any armour or ranged weapons."", ""new"": null, ""i18n_only"": false}]","[""mordheim_knowledge/loader.py:load_bands -> package profiles (equipment_restrictions)"", ""mordheim_construction/eligibility.py:package_facts -> projects equipment_restrictions, drops *_i18n"", ""mordheim_construction/eligibility.py:desktop_call -> _eligibility.js bridge.ts:desktopCall"", ""typescript/domain/eligibility/index.ts:310-313 boundEquipment reads structured profile.equipment-restrictions bindings"", ""typescript/domain/eligibility/index.ts:403-405 profileSelections reads the free-text keyword branch"", ""mordheim_construction/restrictions.py:_validate_profile_selections -> compiler.validate order (boundEquipment before profileSelections)"", ""mordheim_construction/selection.py:_profile / _applicable_rules (package facts and automatic rules)""]","{""level"": ""observed"", ""summary"": ""No current decision change reproduced: the removed armour text is compensated by structured profile.equipment-restrictions bindings; the same build compiles to the same outcome against live and eb85e95 KB."", ""classes"": [""structured-binding-compensation""], ""reproductions"": [{""compile_outcome"": null, ""eb85e95"": null, ""evidence"": ""matrix"", ""live"": null, ""profile_id"": ""orc-nuttaz"", ""scenario"": ""matrix-orc-nuttaz""}], ""limitation"": ""Current maintained consumer over historical data; the historical engine behaviour is not proven. Presentation consumers still render the field. No pin was changed by this lot.""}","[""build/cache/t13-parallel/context-data-review/context-diff.json#CTX-mordheim-black-orcs"", ""build/cache/t13-parallel/context-data-review/compensation-check.json"", ""build/cache/t13-parallel/context-data-review/repro-matrix.json"", ""build/cache/t13-parallel/context-data-review/repro-compile.json"", ""build/cache/t13-parallel/context-data-review/repro-stages.json"", ""build/cache/t13-parallel/context-data-review/rule-rows-check.json"", ""build/cache/t13-parallel/context-data-review/access-probe.json"", ""build/cache/t13-parallel/context-data-review/entry-state.json""]","[""T13-F001""]",Coordinator decision required: whether the live fingerprint may replace the eb85e95 pin for this pair after reviewing the compensated removal group CTX-mordheim-black-orcs and its consumers. This lot changed no pin.,skill.extra-attack,https://mordheimer.net/docs/warbands/grade-1b-warbands/black-orcs,snapshot_content_change,sources/knowledge/bands/mordheim/black-orcs,mordheim,black-orcs,True,1,10,"{""equipment-access.yaml"": {""name_i18n"": 2, ""notes_i18n"": 4}, ""profiles.yaml"": {""equipment_restrictions_i18n"": 4}}","[{""profile_id"": ""orc-nuttaz"", ""removed_texts"": [""May use the Henchmen List, but Savage prevents them from using any armour or ranged weapons.""]}]","[{""compile_outcome"": null, ""eb85e95"": null, ""evidence"": ""matrix"", ""live"": null, ""profile_id"": ""orc-nuttaz"", ""scenario"": ""matrix-orc-nuttaz""}]",structured-binding-compensation
FP-0266,tests/specs/semantic/grants/editorial-shield-mastery.yaml,editorial-shield-mastery-grants,rule/mordheim/norse-explorers-btb/band--norse-special-skills-shield-master/skill.shield-mastery,sources/knowledge/bands/mordheim/norse-explorers-btb/special-rules.yaml,band--norse-special-skills-shield-master,5758bdbde496a6268bc2ef73c3939089bbe3828b8d9512dd426fb2b79145d2ce,d428f30b17b5818d9b3e17cf5e50d3049520a242ee3fda06dadf4a8d1730d2b3,CTX-mordheim-norse-explorers-btb,"[""equipment-access.yaml"", ""profiles.yaml""]","[{""doc"": ""profiles.yaml"", ""node"": ""profiles:beserkers"", ""path"": ""profiles[beserkers].equipment_restrictions[0]"", ""op"": ""remove"", ""old"": ""May select weapons from the Hero Equipment List, but may never wear armour."", ""new"": null, ""i18n_only"": false}]","[""mordheim_knowledge/loader.py:load_bands -> package profiles (equipment_restrictions)"", ""mordheim_construction/eligibility.py:package_facts -> projects equipment_restrictions, drops *_i18n"", ""mordheim_construction/eligibility.py:desktop_call -> _eligibility.js bridge.ts:desktopCall"", ""typescript/domain/eligibility/index.ts:310-313 boundEquipment reads structured profile.equipment-restrictions bindings"", ""typescript/domain/eligibility/index.ts:403-405 profileSelections reads the free-text keyword branch"", ""mordheim_construction/restrictions.py:_validate_profile_selections -> compiler.validate order (boundEquipment before profileSelections)"", ""mordheim_construction/selection.py:_profile / _applicable_rules (package facts and automatic rules)""]","{""level"": ""observed"", ""summary"": ""No current decision change reproduced: the removed armour text is compensated by structured profile.equipment-restrictions bindings; the same build compiles to the same outcome against live and eb85e95 KB."", ""classes"": [""structured-binding-compensation""], ""reproductions"": [{""compile_outcome"": null, ""eb85e95"": null, ""evidence"": ""matrix"", ""live"": null, ""profile_id"": ""beserkers"", ""scenario"": ""matrix-beserkers""}], ""limitation"": ""Current maintained consumer over historical data; the historical engine behaviour is not proven. Presentation consumers still render the field. No pin was changed by this lot.""}","[""build/cache/t13-parallel/context-data-review/context-diff.json#CTX-mordheim-norse-explorers-btb"", ""build/cache/t13-parallel/context-data-review/compensation-check.json"", ""build/cache/t13-parallel/context-data-review/repro-matrix.json"", ""build/cache/t13-parallel/context-data-review/repro-compile.json"", ""build/cache/t13-parallel/context-data-review/repro-stages.json"", ""build/cache/t13-parallel/context-data-review/rule-rows-check.json"", ""build/cache/t13-parallel/context-data-review/access-probe.json"", ""build/cache/t13-parallel/context-data-review/entry-state.json""]","[""T13-F001""]",Coordinator decision required: whether the live fingerprint may replace the eb85e95 pin for this pair after reviewing the compensated removal group CTX-mordheim-norse-explorers-btb and its consumers. This lot changed no pin.,skill.shield-mastery,https://mordheimer.net/docs/warbands/grade-1b-warbands/norse,snapshot_content_change,sources/knowledge/bands/mordheim/norse-explorers-btb,mordheim,norse-explorers-btb,True,1,8,"{""equipment-access.yaml"": {""name_i18n"": 3, ""notes_i18n"": 3}, ""profiles.yaml"": {""equipment_restrictions_i18n"": 2}}","[{""profile_id"": ""beserkers"", ""removed_texts"": [""May select weapons from the Hero Equipment List, but may never wear armour.""]}]","[{""compile_outcome"": null, ""eb85e95"": null, ""evidence"": ""matrix"", ""live"": null, ""profile_id"": ""beserkers"", ""scenario"": ""matrix-beserkers""}]",structured-binding-compensation
FP-0267,tests/specs/semantic/grants/editorial-shield-mastery.yaml,editorial-shield-mastery-grants,rule/mordheim/norse-explorers-lustria/band--norse-special-skills-shield-master/skill.shield-mastery,sources/knowledge/bands/mordheim/norse-explorers-lustria/special-rules.yaml,band--norse-special-skills-shield-master,91e51480ba95d651960b104d3cae2ab02d472aa39ddca395571b544783ad9edf,ebe66a4329f5be75a86c08c29312dc500871b1517fa0b70ff2f1a562ffd6e7a8,CTX-mordheim-norse-explorers-lustria,"[""equipment-access.yaml"", ""profiles.yaml""]","[{""doc"": ""profiles.yaml"", ""node"": ""profiles:beserkers"", ""path"": ""profiles[beserkers].equipment_restrictions[0]"", ""op"": ""remove"", ""old"": ""May select weapons from the Hero Equipment List, but may never wear armour."", ""new"": null, ""i18n_only"": false}]","[""mordheim_knowledge/loader.py:load_bands -> package profiles (equipment_restrictions)"", ""mordheim_construction/eligibility.py:package_facts -> projects equipment_restrictions, drops *_i18n"", ""mordheim_construction/eligibility.py:desktop_call -> _eligibility.js bridge.ts:desktopCall"", ""typescript/domain/eligibility/index.ts:310-313 boundEquipment reads structured profile.equipment-restrictions bindings"", ""typescript/domain/eligibility/index.ts:403-405 profileSelections reads the free-text keyword branch"", ""mordheim_construction/restrictions.py:_validate_profile_selections -> compiler.validate order (boundEquipment before profileSelections)"", ""mordheim_construction/selection.py:_profile / _applicable_rules (package facts and automatic rules)""]","{""level"": ""observed"", ""summary"": ""No current decision change reproduced: the removed armour text is compensated by structured profile.equipment-restrictions bindings; the same build compiles to the same outcome against live and eb85e95 KB."", ""classes"": [""structured-binding-compensation""], ""reproductions"": [{""compile_outcome"": null, ""eb85e95"": null, ""evidence"": ""matrix"", ""live"": null, ""profile_id"": ""beserkers"", ""scenario"": ""matrix-beserkers""}], ""limitation"": ""Current maintained consumer over historical data; the historical engine behaviour is not proven. Presentation consumers still render the field. No pin was changed by this lot.""}","[""build/cache/t13-parallel/context-data-review/context-diff.json#CTX-mordheim-norse-explorers-lustria"", ""build/cache/t13-parallel/context-data-review/compensation-check.json"", ""build/cache/t13-parallel/context-data-review/repro-matrix.json"", ""build/cache/t13-parallel/context-data-review/repro-compile.json"", ""build/cache/t13-parallel/context-data-review/repro-stages.json"", ""build/cache/t13-parallel/context-data-review/rule-rows-check.json"", ""build/cache/t13-parallel/context-data-review/access-probe.json"", ""build/cache/t13-parallel/context-data-review/entry-state.json""]","[""T13-F001""]",Coordinator decision required: whether the live fingerprint may replace the eb85e95 pin for this pair after reviewing the compensated removal group CTX-mordheim-norse-explorers-lustria and its consumers. This lot changed no pin.,skill.shield-mastery,https://mordheimer.net/docs/warbands/grade-1b-warbands/norse,snapshot_content_change,sources/knowledge/bands/mordheim/norse-explorers-lustria,mordheim,norse-explorers-lustria,True,1,8,"{""equipment-access.yaml"": {""name_i18n"": 3, ""notes_i18n"": 3}, ""profiles.yaml"": {""equipment_restrictions_i18n"": 2}}","[{""profile_id"": ""beserkers"", ""removed_texts"": [""May select weapons from the Hero Equipment List, but may never wear armour.""]}]","[{""compile_outcome"": null, ""eb85e95"": null, ""evidence"": ""matrix"", ""live"": null, ""profile_id"": ""beserkers"", ""scenario"": ""matrix-beserkers""}]",structured-binding-compensation
FP-0273,tests/specs/semantic/grants/editorial-special-skill-access.yaml,editorial-special-skill-lists,rule/mordheim/black-orcs/band--black-orc-special-skills/profile.skill-access,sources/knowledge/bands/mordheim/black-orcs/special-rules.yaml,band--black-orc-special-skills,6546981effc0ff4102e4b8e200502260544ddedc4aad9383aa4f946be75ddd26,0ce476db2cf5ce054a960da9cff3221a40e7f98040e77a6e78b19777bc112c74,CTX-mordheim-black-orcs,"[""equipment-access.yaml"", ""profiles.yaml""]","[{""doc"": ""profiles.yaml"", ""node"": ""profiles:orc-nuttaz"", ""path"": ""profiles[orc-nuttaz].equipment_restrictions[0]"", ""op"": ""remove"", ""old"": ""May use the Henchmen List, but Savage prevents them from using any armour or ranged weapons."", ""new"": null, ""i18n_only"": false}]","[""mordheim_knowledge/loader.py:load_bands -> package profiles (equipment_restrictions)"", ""mordheim_construction/eligibility.py:package_facts -> projects equipment_restrictions, drops *_i18n"", ""mordheim_construction/eligibility.py:desktop_call -> _eligibility.js bridge.ts:desktopCall"", ""typescript/domain/eligibility/index.ts:310-313 boundEquipment reads structured profile.equipment-restrictions bindings"", ""typescript/domain/eligibility/index.ts:403-405 profileSelections reads the free-text keyword branch"", ""mordheim_construction/restrictions.py:_validate_profile_selections -> compiler.validate order (boundEquipment before profileSelections)"", ""mordheim_construction/selection.py:_profile / _applicable_rules (package facts and automatic rules)""]","{""level"": ""observed"", ""summary"": ""No current decision change reproduced: the removed armour text is compensated by structured profile.equipment-restrictions bindings; the same build compiles to the same outcome against live and eb85e95 KB."", ""classes"": [""structured-binding-compensation""], ""reproductions"": [{""compile_outcome"": null, ""eb85e95"": null, ""evidence"": ""matrix"", ""live"": null, ""profile_id"": ""orc-nuttaz"", ""scenario"": ""matrix-orc-nuttaz""}], ""limitation"": ""Current maintained consumer over historical data; the historical engine behaviour is not proven. Presentation consumers still render the field. No pin was changed by this lot.""}","[""build/cache/t13-parallel/context-data-review/context-diff.json#CTX-mordheim-black-orcs"", ""build/cache/t13-parallel/context-data-review/compensation-check.json"", ""build/cache/t13-parallel/context-data-review/repro-matrix.json"", ""build/cache/t13-parallel/context-data-review/repro-compile.json"", ""build/cache/t13-parallel/context-data-review/repro-stages.json"", ""build/cache/t13-parallel/context-data-review/rule-rows-check.json"", ""build/cache/t13-parallel/context-data-review/access-probe.json"", ""build/cache/t13-parallel/context-data-review/entry-state.json""]","[""T13-F001""]",Coordinator decision required: whether the live fingerprint may replace the eb85e95 pin for this pair after reviewing the compensated removal group CTX-mordheim-black-orcs and its consumers. This lot changed no pin.,profile.skill-access,https://mordheimer.net/docs/warbands/grade-1b-warbands/black-orcs,snapshot_content_change,sources/knowledge/bands/mordheim/black-orcs,mordheim,black-orcs,True,1,10,"{""equipment-access.yaml"": {""name_i18n"": 2, ""notes_i18n"": 4}, ""profiles.yaml"": {""equipment_restrictions_i18n"": 4}}","[{""profile_id"": ""orc-nuttaz"", ""removed_texts"": [""May use the Henchmen List, but Savage prevents them from using any armour or ranged weapons.""]}]","[{""compile_outcome"": null, ""eb85e95"": null, ""evidence"": ""matrix"", ""live"": null, ""profile_id"": ""orc-nuttaz"", ""scenario"": ""matrix-orc-nuttaz""}]",structured-binding-compensation
FP-0275,tests/specs/semantic/grants/editorial-special-skill-access.yaml,editorial-special-skill-lists,rule/mordheim/dwarf-treasure-hunters/dwarf-troll-slayers--slayer-skills/profile.skill-access,sources/knowledge/bands/mordheim/dwarf-treasure-hunters/special-rules.yaml,dwarf-troll-slayers--slayer-skills,4721e619e49b4fa4176cec9e2d662e8a58ed18e4dfc5193e579a326a3f9c5e9b,11ef3820163e4ffd0cc3e539bb8cb55aaacf7323d2bbbc17d2fef2cdb938ad2e,CTX-mordheim-dwarf-treasure-hunters,"[""equipment-access.yaml"", ""profiles.yaml""]","[{""doc"": ""profiles.yaml"", ""node"": ""profiles:dwarf-troll-slayers"", ""path"": ""profiles[dwarf-troll-slayers].equipment_restrictions[0]"", ""op"": ""remove"", ""old"": ""May select weapons from the Dwarf Warrior Equipment List."", ""new"": null, ""i18n_only"": false}, {""doc"": ""profiles.yaml"", ""node"": ""profiles:dwarf-troll-slayers"", ""path"": ""profiles[dwarf-troll-slayers].equipment_restrictions[1]"", ""op"": ""remove"", ""old"": ""May never carry or use missile weapons or any form of armour."", ""new"": null, ""i18n_only"": false}]","[""mordheim_knowledge/loader.py:load_bands -> package profiles (equipment_restrictions)"", ""mordheim_construction/eligibility.py:package_facts -> projects equipment_restrictions, drops *_i18n"", ""mordheim_construction/eligibility.py:desktop_call -> _eligibility.js bridge.ts:desktopCall"", ""typescript/domain/eligibility/index.ts:310-313 boundEquipment reads structured profile.equipment-restrictions bindings"", ""typescript/domain/eligibility/index.ts:403-405 profileSelections reads the free-text keyword branch"", ""mordheim_construction/restrictions.py:_validate_profile_selections -> compiler.validate order (boundEquipment before profileSelections)"", ""mordheim_construction/selection.py:_profile / _applicable_rules (package facts and automatic rules)""]","{""level"": ""observed"", ""summary"": ""No current decision change reproduced: the removed armour text is compensated by structured profile.equipment-restrictions bindings; the same build compiles to the same outcome against live and eb85e95 KB."", ""classes"": [""structured-binding-compensation""], ""reproductions"": [{""compile_outcome"": null, ""eb85e95"": ""rejected"", ""evidence"": ""compile"", ""live"": ""rejected"", ""profile_id"": ""dwarf-troll-slayers"", ""scenario"": ""armour-ban-dwarf-treasure""}, {""compile_outcome"": null, ""eb85e95"": null, ""evidence"": ""matrix"", ""live"": null, ""profile_id"": ""dwarf-troll-slayers"", ""scenario"": ""matrix-dwarf-troll-slayers""}], ""limitation"": ""Current maintained consumer over historical data; the historical engine behaviour is not proven. Presentation consumers still render the field. No pin was changed by this lot.""}","[""build/cache/t13-parallel/context-data-review/context-diff.json#CTX-mordheim-dwarf-treasure-hunters"", ""build/cache/t13-parallel/context-data-review/compensation-check.json"", ""build/cache/t13-parallel/context-data-review/repro-matrix.json"", ""build/cache/t13-parallel/context-data-review/repro-compile.json"", ""build/cache/t13-parallel/context-data-review/repro-stages.json"", ""build/cache/t13-parallel/context-data-review/rule-rows-check.json"", ""build/cache/t13-parallel/context-data-review/access-probe.json"", ""build/cache/t13-parallel/context-data-review/entry-state.json""]","[""T13-F001"", ""T13-F016"", ""T13-F035""]",Coordinator decision required: whether the live fingerprint may replace the eb85e95 pin for this pair after reviewing the compensated removal group CTX-mordheim-dwarf-treasure-hunters and its consumers. This lot changed no pin.,profile.skill-access,https://mordheimer.net/docs/warbands/grade-1a-warbands/dwarf-treasure-hunters,snapshot_content_change,sources/knowledge/bands/mordheim/dwarf-treasure-hunters,mordheim,dwarf-treasure-hunters,True,2,8,"{""equipment-access.yaml"": {""name_i18n"": 2, ""notes_i18n"": 6}}","[{""profile_id"": ""dwarf-troll-slayers"", ""removed_texts"": [""May select weapons from the Dwarf Warrior Equipment List."", ""May never carry or use missile weapons or any form of armour.""]}]","[{""compile_outcome"": null, ""eb85e95"": ""rejected"", ""evidence"": ""compile"", ""live"": ""rejected"", ""profile_id"": ""dwarf-troll-slayers"", ""scenario"": ""armour-ban-dwarf-treasure""}, {""compile_outcome"": null, ""eb85e95"": null, ""evidence"": ""matrix"", ""live"": null, ""profile_id"": ""dwarf-troll-slayers"", ""scenario"": ""matrix-dwarf-troll-slayers""}]",structured-binding-compensation
FP-0276,tests/specs/semantic/grants/editorial-special-skill-access.yaml,editorial-special-skill-lists,rule/trollheim/chaos-streets-dwarf-treasure-hunters/dwarf-troll-slayers--slayer-skills/profile.skill-access,sources/knowledge/bands/trollheim/chaos-streets-dwarf-treasure-hunters/special-rules.yaml,dwarf-troll-slayers--slayer-skills,0411d60d55a74162af8f7eee1515499e9d02e8abb092a777ae278e9fb4a89617,7c4bd4b9fd83c07efd5fea3aeb0b82079e1dc290ca30ed8044a8db9405c45256,CTX-trollheim-chaos-streets-dwarf-treasure-hunters,"[""equipment-access.yaml"", ""profiles.yaml""]","[{""doc"": ""profiles.yaml"", ""node"": ""profiles:dwarf-troll-slayers"", ""path"": ""profiles[dwarf-troll-slayers].equipment_restrictions[0]"", ""op"": ""remove"", ""old"": ""May select weapons from the Dwarf Warrior Equipment List."", ""new"": null, ""i18n_only"": false}, {""doc"": ""profiles.yaml"", ""node"": ""profiles:dwarf-troll-slayers"", ""path"": ""profiles[dwarf-troll-slayers].equipment_restrictions[1]"", ""op"": ""remove"", ""old"": ""May never use missile weapons or any form of armour."", ""new"": null, ""i18n_only"": false}]","[""mordheim_knowledge/loader.py:load_bands -> package profiles (equipment_restrictions)"", ""mordheim_construction/eligibility.py:package_facts -> projects equipment_restrictions, drops *_i18n"", ""mordheim_construction/eligibility.py:desktop_call -> _eligibility.js bridge.ts:desktopCall"", ""typescript/domain/eligibility/index.ts:310-313 boundEquipment reads structured profile.equipment-restrictions bindings"", ""typescript/domain/eligibility/index.ts:403-405 profileSelections reads the free-text keyword branch"", ""mordheim_construction/restrictions.py:_validate_profile_selections -> compiler.validate order (boundEquipment before profileSelections)"", ""mordheim_construction/selection.py:_profile / _applicable_rules (package facts and automatic rules)""]","{""level"": ""observed"", ""summary"": ""No current decision change reproduced: the removed armour text is compensated by structured profile.equipment-restrictions bindings; the same build compiles to the same outcome against live and eb85e95 KB."", ""classes"": [""structured-binding-compensation""], ""reproductions"": [{""compile_outcome"": null, ""eb85e95"": null, ""evidence"": ""matrix"", ""live"": null, ""profile_id"": ""dwarf-troll-slayers"", ""scenario"": ""matrix-dwarf-troll-slayers""}], ""limitation"": ""Current maintained consumer over historical data; the historical engine behaviour is not proven. Presentation consumers still render the field. No pin was changed by this lot.""}","[""build/cache/t13-parallel/context-data-review/context-diff.json#CTX-trollheim-chaos-streets-dwarf-treasure-hunters"", ""build/cache/t13-parallel/context-data-review/compensation-check.json"", ""build/cache/t13-parallel/context-data-review/repro-matrix.json"", ""build/cache/t13-parallel/context-data-review/repro-compile.json"", ""build/cache/t13-parallel/context-data-review/repro-stages.json"", ""build/cache/t13-parallel/context-data-review/rule-rows-check.json"", ""build/cache/t13-parallel/context-data-review/access-probe.json"", ""build/cache/t13-parallel/context-data-review/entry-state.json""]","[""T13-F001"", ""T13-F016"", ""T13-F035""]",Coordinator decision required: whether the live fingerprint may replace the eb85e95 pin for this pair after reviewing the compensated removal group CTX-trollheim-chaos-streets-dwarf-treasure-hunters and its consumers. This lot changed no pin.,profile.skill-access,,snapshot_content_change,sources/knowledge/bands/trollheim/chaos-streets-dwarf-treasure-hunters,trollheim,chaos-streets-dwarf-treasure-hunters,True,2,8,"{""equipment-access.yaml"": {""name_i18n"": 2, ""notes_i18n"": 6}}","[{""profile_id"": ""dwarf-troll-slayers"", ""removed_texts"": [""May select weapons from the Dwarf Warrior Equipment List."", ""May never use missile weapons or any form of armour.""]}]","[{""compile_outcome"": null, ""eb85e95"": null, ""evidence"": ""matrix"", ""live"": null, ""profile_id"": ""dwarf-troll-slayers"", ""scenario"": ""matrix-dwarf-troll-slayers""}]",structured-binding-compensation
FP-0280,tests/specs/semantic/grants/editorial-stacking-hide.yaml,stacking-hide-shaggy-hide,rule/mordheim/beastmen-raiders/band--beastmen-special-skills-shaggy-hide/trait.natural-armour-save,sources/knowledge/bands/mordheim/beastmen-raiders/special-rules.yaml,band--beastmen-special-skills-shaggy-hide,58e34e151d66cd66b334b47b83257a0ca7dcd539c7e7843c45a172bea1aa5289,65cbf70d9a57c3f2e6d4f9620715fed7bd9cb3d633a65b4650f940030e481594,CTX-mordheim-beastmen-raiders,"[""equipment-access.yaml"", ""profiles.yaml""]","[{""doc"": ""profiles.yaml"", ""node"": ""profiles:beastmen-shaman"", ""path"": ""profiles[beastmen-shaman].equipment_restrictions[0]"", ""op"": ""remove"", ""old"": ""May select weapons from the Beastmen Equipment List, but may never wear armour."", ""new"": null, ""i18n_only"": false}]","[""mordheim_knowledge/loader.py:load_bands -> package profiles (equipment_restrictions)"", ""mordheim_construction/eligibility.py:package_facts -> projects equipment_restrictions, drops *_i18n"", ""mordheim_construction/eligibility.py:desktop_call -> _eligibility.js bridge.ts:desktopCall"", ""typescript/domain/eligibility/index.ts:310-313 boundEquipment reads structured profile.equipment-restrictions bindings"", ""typescript/domain/eligibility/index.ts:403-405 profileSelections reads the free-text keyword branch"", ""mordheim_construction/restrictions.py:_validate_profile_selections -> compiler.validate order (boundEquipment before profileSelections)"", ""mordheim_construction/selection.py:_profile / _applicable_rules (package facts and automatic rules)""]","{""level"": ""observed"", ""summary"": ""No current decision change reproduced: the removed armour text is compensated by structured profile.equipment-restrictions bindings; the same build compiles to the same outcome against live and eb85e95 KB."", ""classes"": [""structured-binding-compensation""], ""reproductions"": [{""compile_outcome"": null, ""eb85e95"": null, ""evidence"": ""matrix"", ""live"": null, ""profile_id"": ""beastmen-shaman"", ""scenario"": ""matrix-beastmen-shaman""}], ""limitation"": ""Current maintained consumer over historical data; the historical engine behaviour is not proven. Presentation consumers still render the field. No pin was changed by this lot.""}","[""build/cache/t13-parallel/context-data-review/context-diff.json#CTX-mordheim-beastmen-raiders"", ""build/cache/t13-parallel/context-data-review/compensation-check.json"", ""build/cache/t13-parallel/context-data-review/repro-matrix.json"", ""build/cache/t13-parallel/context-data-review/repro-compile.json"", ""build/cache/t13-parallel/context-data-review/repro-stages.json"", ""build/cache/t13-parallel/context-data-review/rule-rows-check.json"", ""build/cache/t13-parallel/context-data-review/access-probe.json"", ""build/cache/t13-parallel/context-data-review/entry-state.json""]","[""T13-F001""]",Coordinator decision required: whether the live fingerprint may replace the eb85e95 pin for this pair after reviewing the compensated removal group CTX-mordheim-beastmen-raiders and its consumers. This lot changed no pin.,trait.natural-armour-save,https://mordheimer.net/docs/warbands/grade-1a-warbands/beastmen-raiders,snapshot_content_change,sources/knowledge/bands/mordheim/beastmen-raiders,mordheim,beastmen-raiders,True,1,5,"{""equipment-access.yaml"": {""name_i18n"": 2, ""notes_i18n"": 2}, ""profiles.yaml"": {""equipment_restrictions_i18n"": 1}}","[{""profile_id"": ""beastmen-shaman"", ""removed_texts"": [""May select weapons from the Beastmen Equipment List, but may never wear armour.""]}]","[{""compile_outcome"": null, ""eb85e95"": null, ""evidence"": ""matrix"", ""live"": null, ""profile_id"": ""beastmen-shaman"", ""scenario"": ""matrix-beastmen-shaman""}]",structured-binding-compensation
FP-0281,tests/specs/semantic/grants/editorial-stacking-hide.yaml,stacking-hide-shaggy-hide,rule/mordheim/beastmen-raiders/band--beastmen-special-skills-shaggy-hide/trait.natural-armour-stacks,sources/knowledge/bands/mordheim/beastmen-raiders/special-rules.yaml,band--beastmen-special-skills-shaggy-hide,58e34e151d66cd66b334b47b83257a0ca7dcd539c7e7843c45a172bea1aa5289,65cbf70d9a57c3f2e6d4f9620715fed7bd9cb3d633a65b4650f940030e481594,CTX-mordheim-beastmen-raiders,"[""equipment-access.yaml"", ""profiles.yaml""]","[{""doc"": ""profiles.yaml"", ""node"": ""profiles:beastmen-shaman"", ""path"": ""profiles[beastmen-shaman].equipment_restrictions[0]"", ""op"": ""remove"", ""old"": ""May select weapons from the Beastmen Equipment List, but may never wear armour."", ""new"": null, ""i18n_only"": false}]","[""mordheim_knowledge/loader.py:load_bands -> package profiles (equipment_restrictions)"", ""mordheim_construction/eligibility.py:package_facts -> projects equipment_restrictions, drops *_i18n"", ""mordheim_construction/eligibility.py:desktop_call -> _eligibility.js bridge.ts:desktopCall"", ""typescript/domain/eligibility/index.ts:310-313 boundEquipment reads structured profile.equipment-restrictions bindings"", ""typescript/domain/eligibility/index.ts:403-405 profileSelections reads the free-text keyword branch"", ""mordheim_construction/restrictions.py:_validate_profile_selections -> compiler.validate order (boundEquipment before profileSelections)"", ""mordheim_construction/selection.py:_profile / _applicable_rules (package facts and automatic rules)""]","{""level"": ""observed"", ""summary"": ""No current decision change reproduced: the removed armour text is compensated by structured profile.equipment-restrictions bindings; the same build compiles to the same outcome against live and eb85e95 KB."", ""classes"": [""structured-binding-compensation""], ""reproductions"": [{""compile_outcome"": null, ""eb85e95"": null, ""evidence"": ""matrix"", ""live"": null, ""profile_id"": ""beastmen-shaman"", ""scenario"": ""matrix-beastmen-shaman""}], ""limitation"": ""Current maintained consumer over historical data; the historical engine behaviour is not proven. Presentation consumers still render the field. No pin was changed by this lot.""}","[""build/cache/t13-parallel/context-data-review/context-diff.json#CTX-mordheim-beastmen-raiders"", ""build/cache/t13-parallel/context-data-review/compensation-check.json"", ""build/cache/t13-parallel/context-data-review/repro-matrix.json"", ""build/cache/t13-parallel/context-data-review/repro-compile.json"", ""build/cache/t13-parallel/context-data-review/repro-stages.json"", ""build/cache/t13-parallel/context-data-review/rule-rows-check.json"", ""build/cache/t13-parallel/context-data-review/access-probe.json"", ""build/cache/t13-parallel/context-data-review/entry-state.json""]","[""T13-F001""]",Coordinator decision required: whether the live fingerprint may replace the eb85e95 pin for this pair after reviewing the compensated removal group CTX-mordheim-beastmen-raiders and its consumers. This lot changed no pin.,trait.natural-armour-stacks,https://mordheimer.net/docs/warbands/grade-1a-warbands/beastmen-raiders,snapshot_content_change,sources/knowledge/bands/mordheim/beastmen-raiders,mordheim,beastmen-raiders,True,1,5,"{""equipment-access.yaml"": {""name_i18n"": 2, ""notes_i18n"": 2}, ""profiles.yaml"": {""equipment_restrictions_i18n"": 1}}","[{""profile_id"": ""beastmen-shaman"", ""removed_texts"": [""May select weapons from the Beastmen Equipment List, but may never wear armour.""]}]","[{""compile_outcome"": null, ""eb85e95"": null, ""evidence"": ""matrix"", ""live"": null, ""profile_id"": ""beastmen-shaman"", ""scenario"": ""matrix-beastmen-shaman""}]",structured-binding-compensation
FP-0282,tests/specs/semantic/grants/editorial-stacking-hide.yaml,stacking-hide-black-orc-boss,rule/mordheim/black-orcs/black-orc-boss--black-orc/trait.natural-armour-save,sources/knowledge/bands/mordheim/black-orcs/special-rules.yaml,black-orc-boss--black-orc,f7f88fc29dcd90ff471202ed50e1330865328da13e5d1827d2370b463890f0b2,fb53dd4ef2c0670b76a7abf5de72cb9ccd7ffe373cf0d6d8bcff3b1731da2537,CTX-mordheim-black-orcs,"[""equipment-access.yaml"", ""profiles.yaml""]","[{""doc"": ""profiles.yaml"", ""node"": ""profiles:orc-nuttaz"", ""path"": ""profiles[orc-nuttaz].equipment_restrictions[0]"", ""op"": ""remove"", ""old"": ""May use the Henchmen List, but Savage prevents them from using any armour or ranged weapons."", ""new"": null, ""i18n_only"": false}]","[""mordheim_knowledge/loader.py:load_bands -> package profiles (equipment_restrictions)"", ""mordheim_construction/eligibility.py:package_facts -> projects equipment_restrictions, drops *_i18n"", ""mordheim_construction/eligibility.py:desktop_call -> _eligibility.js bridge.ts:desktopCall"", ""typescript/domain/eligibility/index.ts:310-313 boundEquipment reads structured profile.equipment-restrictions bindings"", ""typescript/domain/eligibility/index.ts:403-405 profileSelections reads the free-text keyword branch"", ""mordheim_construction/restrictions.py:_validate_profile_selections -> compiler.validate order (boundEquipment before profileSelections)"", ""mordheim_construction/selection.py:_profile / _applicable_rules (package facts and automatic rules)""]","{""level"": ""observed"", ""summary"": ""No current decision change reproduced: the removed armour text is compensated by structured profile.equipment-restrictions bindings; the same build compiles to the same outcome against live and eb85e95 KB."", ""classes"": [""structured-binding-compensation""], ""reproductions"": [{""compile_outcome"": null, ""eb85e95"": null, ""evidence"": ""matrix"", ""live"": null, ""profile_id"": ""orc-nuttaz"", ""scenario"": ""matrix-orc-nuttaz""}], ""limitation"": ""Current maintained consumer over historical data; the historical engine behaviour is not proven. Presentation consumers still render the field. No pin was changed by this lot.""}","[""build/cache/t13-parallel/context-data-review/context-diff.json#CTX-mordheim-black-orcs"", ""build/cache/t13-parallel/context-data-review/compensation-check.json"", ""build/cache/t13-parallel/context-data-review/repro-matrix.json"", ""build/cache/t13-parallel/context-data-review/repro-compile.json"", ""build/cache/t13-parallel/context-data-review/repro-stages.json"", ""build/cache/t13-parallel/context-data-review/rule-rows-check.json"", ""build/cache/t13-parallel/context-data-review/access-probe.json"", ""build/cache/t13-parallel/context-data-review/entry-state.json""]","[""T13-F001""]",Coordinator decision required: whether the live fingerprint may replace the eb85e95 pin for this pair after reviewing the compensated removal group CTX-mordheim-black-orcs and its consumers. This lot changed no pin.,trait.natural-armour-save,https://mordheimer.net/docs/warbands/grade-1b-warbands/black-orcs,snapshot_content_change,sources/knowledge/bands/mordheim/black-orcs,mordheim,black-orcs,True,1,10,"{""equipment-access.yaml"": {""name_i18n"": 2, ""notes_i18n"": 4}, ""profiles.yaml"": {""equipment_restrictions_i18n"": 4}}","[{""profile_id"": ""orc-nuttaz"", ""removed_texts"": [""May use the Henchmen List, but Savage prevents them from using any armour or ranged weapons.""]}]","[{""compile_outcome"": null, ""eb85e95"": null, ""evidence"": ""matrix"", ""live"": null, ""profile_id"": ""orc-nuttaz"", ""scenario"": ""matrix-orc-nuttaz""}]",structured-binding-compensation
FP-0283,tests/specs/semantic/grants/editorial-stacking-hide.yaml,stacking-hide-black-orc-boss,rule/mordheim/black-orcs/black-orc-boss--black-orc/trait.natural-armour-stacks,sources/knowledge/bands/mordheim/black-orcs/special-rules.yaml,black-orc-boss--black-orc,f7f88fc29dcd90ff471202ed50e1330865328da13e5d1827d2370b463890f0b2,fb53dd4ef2c0670b76a7abf5de72cb9ccd7ffe373cf0d6d8bcff3b1731da2537,CTX-mordheim-black-orcs,"[""equipment-access.yaml"", ""profiles.yaml""]","[{""doc"": ""profiles.yaml"", ""node"": ""profiles:orc-nuttaz"", ""path"": ""profiles[orc-nuttaz].equipment_restrictions[0]"", ""op"": ""remove"", ""old"": ""May use the Henchmen List, but Savage prevents them from using any armour or ranged weapons."", ""new"": null, ""i18n_only"": false}]","[""mordheim_knowledge/loader.py:load_bands -> package profiles (equipment_restrictions)"", ""mordheim_construction/eligibility.py:package_facts -> projects equipment_restrictions, drops *_i18n"", ""mordheim_construction/eligibility.py:desktop_call -> _eligibility.js bridge.ts:desktopCall"", ""typescript/domain/eligibility/index.ts:310-313 boundEquipment reads structured profile.equipment-restrictions bindings"", ""typescript/domain/eligibility/index.ts:403-405 profileSelections reads the free-text keyword branch"", ""mordheim_construction/restrictions.py:_validate_profile_selections -> compiler.validate order (boundEquipment before profileSelections)"", ""mordheim_construction/selection.py:_profile / _applicable_rules (package facts and automatic rules)""]","{""level"": ""observed"", ""summary"": ""No current decision change reproduced: the removed armour text is compensated by structured profile.equipment-restrictions bindings; the same build compiles to the same outcome against live and eb85e95 KB."", ""classes"": [""structured-binding-compensation""], ""reproductions"": [{""compile_outcome"": null, ""eb85e95"": null, ""evidence"": ""matrix"", ""live"": null, ""profile_id"": ""orc-nuttaz"", ""scenario"": ""matrix-orc-nuttaz""}], ""limitation"": ""Current maintained consumer over historical data; the historical engine behaviour is not proven. Presentation consumers still render the field. No pin was changed by this lot.""}","[""build/cache/t13-parallel/context-data-review/context-diff.json#CTX-mordheim-black-orcs"", ""build/cache/t13-parallel/context-data-review/compensation-check.json"", ""build/cache/t13-parallel/context-data-review/repro-matrix.json"", ""build/cache/t13-parallel/context-data-review/repro-compile.json"", ""build/cache/t13-parallel/context-data-review/repro-stages.json"", ""build/cache/t13-parallel/context-data-review/rule-rows-check.json"", ""build/cache/t13-parallel/context-data-review/access-probe.json"", ""build/cache/t13-parallel/context-data-review/entry-state.json""]","[""T13-F001""]",Coordinator decision required: whether the live fingerprint may replace the eb85e95 pin for this pair after reviewing the compensated removal group CTX-mordheim-black-orcs and its consumers. This lot changed no pin.,trait.natural-armour-stacks,https://mordheimer.net/docs/warbands/grade-1b-warbands/black-orcs,snapshot_content_change,sources/knowledge/bands/mordheim/black-orcs,mordheim,black-orcs,True,1,10,"{""equipment-access.yaml"": {""name_i18n"": 2, ""notes_i18n"": 4}, ""profiles.yaml"": {""equipment_restrictions_i18n"": 4}}","[{""profile_id"": ""orc-nuttaz"", ""removed_texts"": [""May use the Henchmen List, but Savage prevents them from using any armour or ranged weapons.""]}]","[{""compile_outcome"": null, ""eb85e95"": null, ""evidence"": ""matrix"", ""live"": null, ""profile_id"": ""orc-nuttaz"", ""scenario"": ""matrix-orc-nuttaz""}]",structured-binding-compensation
FP-0284,tests/specs/semantic/grants/editorial-stacking-hide.yaml,stacking-hide-black-orc-warriors,rule/mordheim/black-orcs/black-orcs--black-orc/trait.natural-armour-save,sources/knowledge/bands/mordheim/black-orcs/special-rules.yaml,black-orcs--black-orc,e118765a27062a6ac9ab95280e5d6a45b968a799bec922a3f261eaef87bee88b,a8316c418612b8d3c40c4ff9113aeabb1c29404c64712bea241a24d46e162a24,CTX-mordheim-black-orcs,"[""equipment-access.yaml"", ""profiles.yaml""]","[{""doc"": ""profiles.yaml"", ""node"": ""profiles:orc-nuttaz"", ""path"": ""profiles[orc-nuttaz].equipment_restrictions[0]"", ""op"": ""remove"", ""old"": ""May use the Henchmen List, but Savage prevents them from using any armour or ranged weapons."", ""new"": null, ""i18n_only"": false}]","[""mordheim_knowledge/loader.py:load_bands -> package profiles (equipment_restrictions)"", ""mordheim_construction/eligibility.py:package_facts -> projects equipment_restrictions, drops *_i18n"", ""mordheim_construction/eligibility.py:desktop_call -> _eligibility.js bridge.ts:desktopCall"", ""typescript/domain/eligibility/index.ts:310-313 boundEquipment reads structured profile.equipment-restrictions bindings"", ""typescript/domain/eligibility/index.ts:403-405 profileSelections reads the free-text keyword branch"", ""mordheim_construction/restrictions.py:_validate_profile_selections -> compiler.validate order (boundEquipment before profileSelections)"", ""mordheim_construction/selection.py:_profile / _applicable_rules (package facts and automatic rules)""]","{""level"": ""observed"", ""summary"": ""No current decision change reproduced: the removed armour text is compensated by structured profile.equipment-restrictions bindings; the same build compiles to the same outcome against live and eb85e95 KB."", ""classes"": [""structured-binding-compensation""], ""reproductions"": [{""compile_outcome"": null, ""eb85e95"": null, ""evidence"": ""matrix"", ""live"": null, ""profile_id"": ""orc-nuttaz"", ""scenario"": ""matrix-orc-nuttaz""}], ""limitation"": ""Current maintained consumer over historical data; the historical engine behaviour is not proven. Presentation consumers still render the field. No pin was changed by this lot.""}","[""build/cache/t13-parallel/context-data-review/context-diff.json#CTX-mordheim-black-orcs"", ""build/cache/t13-parallel/context-data-review/compensation-check.json"", ""build/cache/t13-parallel/context-data-review/repro-matrix.json"", ""build/cache/t13-parallel/context-data-review/repro-compile.json"", ""build/cache/t13-parallel/context-data-review/repro-stages.json"", ""build/cache/t13-parallel/context-data-review/rule-rows-check.json"", ""build/cache/t13-parallel/context-data-review/access-probe.json"", ""build/cache/t13-parallel/context-data-review/entry-state.json""]","[""T13-F001""]",Coordinator decision required: whether the live fingerprint may replace the eb85e95 pin for this pair after reviewing the compensated removal group CTX-mordheim-black-orcs and its consumers. This lot changed no pin.,trait.natural-armour-save,https://mordheimer.net/docs/warbands/grade-1b-warbands/black-orcs,snapshot_content_change,sources/knowledge/bands/mordheim/black-orcs,mordheim,black-orcs,True,1,10,"{""equipment-access.yaml"": {""name_i18n"": 2, ""notes_i18n"": 4}, ""profiles.yaml"": {""equipment_restrictions_i18n"": 4}}","[{""profile_id"": ""orc-nuttaz"", ""removed_texts"": [""May use the Henchmen List, but Savage prevents them from using any armour or ranged weapons.""]}]","[{""compile_outcome"": null, ""eb85e95"": null, ""evidence"": ""matrix"", ""live"": null, ""profile_id"": ""orc-nuttaz"", ""scenario"": ""matrix-orc-nuttaz""}]",structured-binding-compensation
FP-0285,tests/specs/semantic/grants/editorial-stacking-hide.yaml,stacking-hide-black-orc-warriors,rule/mordheim/black-orcs/black-orcs--black-orc/trait.natural-armour-stacks,sources/knowledge/bands/mordheim/black-orcs/special-rules.yaml,black-orcs--black-orc,e118765a27062a6ac9ab95280e5d6a45b968a799bec922a3f261eaef87bee88b,a8316c418612b8d3c40c4ff9113aeabb1c29404c64712bea241a24d46e162a24,CTX-mordheim-black-orcs,"[""equipment-access.yaml"", ""profiles.yaml""]","[{""doc"": ""profiles.yaml"", ""node"": ""profiles:orc-nuttaz"", ""path"": ""profiles[orc-nuttaz].equipment_restrictions[0]"", ""op"": ""remove"", ""old"": ""May use the Henchmen List, but Savage prevents them from using any armour or ranged weapons."", ""new"": null, ""i18n_only"": false}]","[""mordheim_knowledge/loader.py:load_bands -> package profiles (equipment_restrictions)"", ""mordheim_construction/eligibility.py:package_facts -> projects equipment_restrictions, drops *_i18n"", ""mordheim_construction/eligibility.py:desktop_call -> _eligibility.js bridge.ts:desktopCall"", ""typescript/domain/eligibility/index.ts:310-313 boundEquipment reads structured profile.equipment-restrictions bindings"", ""typescript/domain/eligibility/index.ts:403-405 profileSelections reads the free-text keyword branch"", ""mordheim_construction/restrictions.py:_validate_profile_selections -> compiler.validate order (boundEquipment before profileSelections)"", ""mordheim_construction/selection.py:_profile / _applicable_rules (package facts and automatic rules)""]","{""level"": ""observed"", ""summary"": ""No current decision change reproduced: the removed armour text is compensated by structured profile.equipment-restrictions bindings; the same build compiles to the same outcome against live and eb85e95 KB."", ""classes"": [""structured-binding-compensation""], ""reproductions"": [{""compile_outcome"": null, ""eb85e95"": null, ""evidence"": ""matrix"", ""live"": null, ""profile_id"": ""orc-nuttaz"", ""scenario"": ""matrix-orc-nuttaz""}], ""limitation"": ""Current maintained consumer over historical data; the historical engine behaviour is not proven. Presentation consumers still render the field. No pin was changed by this lot.""}","[""build/cache/t13-parallel/context-data-review/context-diff.json#CTX-mordheim-black-orcs"", ""build/cache/t13-parallel/context-data-review/compensation-check.json"", ""build/cache/t13-parallel/context-data-review/repro-matrix.json"", ""build/cache/t13-parallel/context-data-review/repro-compile.json"", ""build/cache/t13-parallel/context-data-review/repro-stages.json"", ""build/cache/t13-parallel/context-data-review/rule-rows-check.json"", ""build/cache/t13-parallel/context-data-review/access-probe.json"", ""build/cache/t13-parallel/context-data-review/entry-state.json""]","[""T13-F001""]",Coordinator decision required: whether the live fingerprint may replace the eb85e95 pin for this pair after reviewing the compensated removal group CTX-mordheim-black-orcs and its consumers. This lot changed no pin.,trait.natural-armour-stacks,https://mordheimer.net/docs/warbands/grade-1b-warbands/black-orcs,snapshot_content_change,sources/knowledge/bands/mordheim/black-orcs,mordheim,black-orcs,True,1,10,"{""equipment-access.yaml"": {""name_i18n"": 2, ""notes_i18n"": 4}, ""profiles.yaml"": {""equipment_restrictions_i18n"": 4}}","[{""profile_id"": ""orc-nuttaz"", ""removed_texts"": [""May use the Henchmen List, but Savage prevents them from using any armour or ranged weapons.""]}]","[{""compile_outcome"": null, ""eb85e95"": null, ""evidence"": ""matrix"", ""live"": null, ""profile_id"": ""orc-nuttaz"", ""scenario"": ""matrix-orc-nuttaz""}]",structured-binding-compensation
FP-0296,tests/specs/semantic/grants/editorial-thick-skull.yaml,editorial-thick-skull-grants,rule/mordheim/black-orcs/band--black-orc-special-skills-ard-ead/skill.thick-skull,sources/knowledge/bands/mordheim/black-orcs/special-rules.yaml,band--black-orc-special-skills-ard-ead,4a0a3e4bf13d20eb868c27ee35b95f0e6ea79cf6b2e2b82ec9f04f3fc9baf1ea,31cc87722c183a466420de17b8aa52d62f9775688c43249ee322435184470a37,CTX-mordheim-black-orcs,"[""equipment-access.yaml"", ""profiles.yaml""]","[{""doc"": ""profiles.yaml"", ""node"": ""profiles:orc-nuttaz"", ""path"": ""profiles[orc-nuttaz].equipment_restrictions[0]"", ""op"": ""remove"", ""old"": ""May use the Henchmen List, but Savage prevents them from using any armour or ranged weapons."", ""new"": null, ""i18n_only"": false}]","[""mordheim_knowledge/loader.py:load_bands -> package profiles (equipment_restrictions)"", ""mordheim_construction/eligibility.py:package_facts -> projects equipment_restrictions, drops *_i18n"", ""mordheim_construction/eligibility.py:desktop_call -> _eligibility.js bridge.ts:desktopCall"", ""typescript/domain/eligibility/index.ts:310-313 boundEquipment reads structured profile.equipment-restrictions bindings"", ""typescript/domain/eligibility/index.ts:403-405 profileSelections reads the free-text keyword branch"", ""mordheim_construction/restrictions.py:_validate_profile_selections -> compiler.validate order (boundEquipment before profileSelections)"", ""mordheim_construction/selection.py:_profile / _applicable_rules (package facts and automatic rules)""]","{""level"": ""observed"", ""summary"": ""No current decision change reproduced: the removed armour text is compensated by structured profile.equipment-restrictions bindings; the same build compiles to the same outcome against live and eb85e95 KB."", ""classes"": [""structured-binding-compensation""], ""reproductions"": [{""compile_outcome"": null, ""eb85e95"": null, ""evidence"": ""matrix"", ""live"": null, ""profile_id"": ""orc-nuttaz"", ""scenario"": ""matrix-orc-nuttaz""}], ""limitation"": ""Current maintained consumer over historical data; the historical engine behaviour is not proven. Presentation consumers still render the field. No pin was changed by this lot.""}","[""build/cache/t13-parallel/context-data-review/context-diff.json#CTX-mordheim-black-orcs"", ""build/cache/t13-parallel/context-data-review/compensation-check.json"", ""build/cache/t13-parallel/context-data-review/repro-matrix.json"", ""build/cache/t13-parallel/context-data-review/repro-compile.json"", ""build/cache/t13-parallel/context-data-review/repro-stages.json"", ""build/cache/t13-parallel/context-data-review/rule-rows-check.json"", ""build/cache/t13-parallel/context-data-review/access-probe.json"", ""build/cache/t13-parallel/context-data-review/entry-state.json""]","[""T13-F001""]",Coordinator decision required: whether the live fingerprint may replace the eb85e95 pin for this pair after reviewing the compensated removal group CTX-mordheim-black-orcs and its consumers. This lot changed no pin.,skill.thick-skull,https://mordheimer.net/docs/warbands/grade-1b-warbands/black-orcs,snapshot_content_change,sources/knowledge/bands/mordheim/black-orcs,mordheim,black-orcs,True,1,10,"{""equipment-access.yaml"": {""name_i18n"": 2, ""notes_i18n"": 4}, ""profiles.yaml"": {""equipment_restrictions_i18n"": 4}}","[{""profile_id"": ""orc-nuttaz"", ""removed_texts"": [""May use the Henchmen List, but Savage prevents them from using any armour or ranged weapons.""]}]","[{""compile_outcome"": null, ""eb85e95"": null, ""evidence"": ""matrix"", ""live"": null, ""profile_id"": ""orc-nuttaz"", ""scenario"": ""matrix-orc-nuttaz""}]",structured-binding-compensation
FP-0297,tests/specs/semantic/grants/editorial-thick-skull.yaml,editorial-thick-skull-grants,rule/mordheim/dwarf-rangers/band--dwarf-special-skills-thick-skull/skill.thick-skull,sources/knowledge/bands/mordheim/dwarf-rangers/special-rules.yaml,band--dwarf-special-skills-thick-skull,701be2d9db6be83c877671c2cb6cced4096f5d018ce1efcb2415c3fcb6366dc2,5377221f84da90df3fdf339a70d9ecf71815ba35ff8a3f70083025154ee87c35,CTX-mordheim-dwarf-rangers,"[""equipment-access.yaml"", ""profiles.yaml""]","[{""doc"": ""profiles.yaml"", ""node"": ""profiles:dwarf-troll-slayers"", ""path"": ""profiles[dwarf-troll-slayers].equipment_restrictions[0]"", ""op"": ""remove"", ""old"": ""May select weapons from the Dwarf Warrior Equipment List."", ""new"": null, ""i18n_only"": false}, {""doc"": ""profiles.yaml"", ""node"": ""profiles:dwarf-troll-slayers"", ""path"": ""profiles[dwarf-troll-slayers].equipment_restrictions[1]"", ""op"": ""remove"", ""old"": ""May never carry or use missile weapons or any form of armour."", ""new"": null, ""i18n_only"": false}]","[""mordheim_knowledge/loader.py:load_bands -> package profiles (equipment_restrictions)"", ""mordheim_construction/eligibility.py:package_facts -> projects equipment_restrictions, drops *_i18n"", ""mordheim_construction/eligibility.py:desktop_call -> _eligibility.js bridge.ts:desktopCall"", ""typescript/domain/eligibility/index.ts:310-313 boundEquipment reads structured profile.equipment-restrictions bindings"", ""typescript/domain/eligibility/index.ts:403-405 profileSelections reads the free-text keyword branch"", ""mordheim_construction/restrictions.py:_validate_profile_selections -> compiler.validate order (boundEquipment before profileSelections)"", ""mordheim_construction/selection.py:_profile / _applicable_rules (package facts and automatic rules)""]","{""level"": ""observed"", ""summary"": ""No current decision change reproduced: the removed armour text is compensated by structured profile.equipment-restrictions bindings; the same build compiles to the same outcome against live and eb85e95 KB."", ""classes"": [""structured-binding-compensation""], ""reproductions"": [{""compile_outcome"": null, ""eb85e95"": ""armour is forbidden for dwarf-rangers/dwarf-troll-slayers"", ""evidence"": ""stages"", ""live"": ""armour is forbidden for dwarf-rangers/dwarf-troll-slayers"", ""profile_id"": ""dwarf-troll-slayers"", ""scenario"": ""changed-armour-ban-dwarf-rangers""}, {""compile_outcome"": null, ""eb85e95"": ""rejected"", ""evidence"": ""compile"", ""live"": ""rejected"", ""profile_id"": ""dwarf-troll-slayers"", ""scenario"": ""armour-ban-dwarf-rangers""}, {""compile_outcome"": null, ""eb85e95"": null, ""evidence"": ""matrix"", ""live"": null, ""profile_id"": ""dwarf-troll-slayers"", ""scenario"": ""matrix-dwarf-troll-slayers""}], ""limitation"": ""Current maintained consumer over historical data; the historical engine behaviour is not proven. Presentation consumers still render the field. No pin was changed by this lot.""}","[""build/cache/t13-parallel/context-data-review/context-diff.json#CTX-mordheim-dwarf-rangers"", ""build/cache/t13-parallel/context-data-review/compensation-check.json"", ""build/cache/t13-parallel/context-data-review/repro-matrix.json"", ""build/cache/t13-parallel/context-data-review/repro-compile.json"", ""build/cache/t13-parallel/context-data-review/repro-stages.json"", ""build/cache/t13-parallel/context-data-review/rule-rows-check.json"", ""build/cache/t13-parallel/context-data-review/access-probe.json"", ""build/cache/t13-parallel/context-data-review/entry-state.json""]","[""T13-F001"", ""T13-F017"", ""T13-F035""]",Coordinator decision required: whether the live fingerprint may replace the eb85e95 pin for this pair after reviewing the compensated removal group CTX-mordheim-dwarf-rangers and its consumers. This lot changed no pin.,skill.thick-skull,https://mordheimer.net/docs/warbands/grade-1b-warbands/dwarf-rangers,snapshot_content_change,sources/knowledge/bands/mordheim/dwarf-rangers,mordheim,dwarf-rangers,True,2,6,"{""equipment-access.yaml"": {""name_i18n"": 2, ""notes_i18n"": 3}, ""profiles.yaml"": {""equipment_restrictions_i18n"": 1}}","[{""profile_id"": ""dwarf-troll-slayers"", ""removed_texts"": [""May select weapons from the Dwarf Warrior Equipment List."", ""May never carry or use missile weapons or any form of armour.""]}]","[{""compile_outcome"": null, ""eb85e95"": ""armour is forbidden for dwarf-rangers/dwarf-troll-slayers"", ""evidence"": ""stages"", ""live"": ""armour is forbidden for dwarf-rangers/dwarf-troll-slayers"", ""profile_id"": ""dwarf-troll-slayers"", ""scenario"": ""changed-armour-ban-dwarf-rangers""}, {""compile_outcome"": null, ""eb85e95"": ""rejected"", ""evidence"": ""compile"", ""live"": ""rejected"", ""profile_id"": ""dwarf-troll-slayers"", ""scenario"": ""armour-ban-dwarf-rangers""}, {""compile_outcome"": null, ""eb85e95"": null, ""evidence"": ""matrix"", ""live"": null, ""profile_id"": ""dwarf-troll-slayers"", ""scenario"": ""matrix-dwarf-troll-slayers""}]",structured-binding-compensation
FP-0298,tests/specs/semantic/grants/editorial-thick-skull.yaml,editorial-thick-skull-grants,rule/mordheim/dwarf-treasure-hunters/band--dwarf-special-skills-thick-skull/skill.thick-skull,sources/knowledge/bands/mordheim/dwarf-treasure-hunters/special-rules.yaml,band--dwarf-special-skills-thick-skull,640fb9d594a4de5b3cb1419b1f4dfb6d2b0ea182d6162d5f8fa0469dfe4aa4e5,c56929b949d2a033e6937acfc7abb98725024216e664d46d41e8aa4ae44e8878,CTX-mordheim-dwarf-treasure-hunters,"[""equipment-access.yaml"", ""profiles.yaml""]","[{""doc"": ""profiles.yaml"", ""node"": ""profiles:dwarf-troll-slayers"", ""path"": ""profiles[dwarf-troll-slayers].equipment_restrictions[0]"", ""op"": ""remove"", ""old"": ""May select weapons from the Dwarf Warrior Equipment List."", ""new"": null, ""i18n_only"": false}, {""doc"": ""profiles.yaml"", ""node"": ""profiles:dwarf-troll-slayers"", ""path"": ""profiles[dwarf-troll-slayers].equipment_restrictions[1]"", ""op"": ""remove"", ""old"": ""May never carry or use missile weapons or any form of armour."", ""new"": null, ""i18n_only"": false}]","[""mordheim_knowledge/loader.py:load_bands -> package profiles (equipment_restrictions)"", ""mordheim_construction/eligibility.py:package_facts -> projects equipment_restrictions, drops *_i18n"", ""mordheim_construction/eligibility.py:desktop_call -> _eligibility.js bridge.ts:desktopCall"", ""typescript/domain/eligibility/index.ts:310-313 boundEquipment reads structured profile.equipment-restrictions bindings"", ""typescript/domain/eligibility/index.ts:403-405 profileSelections reads the free-text keyword branch"", ""mordheim_construction/restrictions.py:_validate_profile_selections -> compiler.validate order (boundEquipment before profileSelections)"", ""mordheim_construction/selection.py:_profile / _applicable_rules (package facts and automatic rules)""]","{""level"": ""observed"", ""summary"": ""No current decision change reproduced: the removed armour text is compensated by structured profile.equipment-restrictions bindings; the same build compiles to the same outcome against live and eb85e95 KB."", ""classes"": [""structured-binding-compensation""], ""reproductions"": [{""compile_outcome"": null, ""eb85e95"": ""rejected"", ""evidence"": ""compile"", ""live"": ""rejected"", ""profile_id"": ""dwarf-troll-slayers"", ""scenario"": ""armour-ban-dwarf-treasure""}, {""compile_outcome"": null, ""eb85e95"": null, ""evidence"": ""matrix"", ""live"": null, ""profile_id"": ""dwarf-troll-slayers"", ""scenario"": ""matrix-dwarf-troll-slayers""}], ""limitation"": ""Current maintained consumer over historical data; the historical engine behaviour is not proven. Presentation consumers still render the field. No pin was changed by this lot.""}","[""build/cache/t13-parallel/context-data-review/context-diff.json#CTX-mordheim-dwarf-treasure-hunters"", ""build/cache/t13-parallel/context-data-review/compensation-check.json"", ""build/cache/t13-parallel/context-data-review/repro-matrix.json"", ""build/cache/t13-parallel/context-data-review/repro-compile.json"", ""build/cache/t13-parallel/context-data-review/repro-stages.json"", ""build/cache/t13-parallel/context-data-review/rule-rows-check.json"", ""build/cache/t13-parallel/context-data-review/access-probe.json"", ""build/cache/t13-parallel/context-data-review/entry-state.json""]","[""T13-F001"", ""T13-F017"", ""T13-F035""]",Coordinator decision required: whether the live fingerprint may replace the eb85e95 pin for this pair after reviewing the compensated removal group CTX-mordheim-dwarf-treasure-hunters and its consumers. This lot changed no pin.,skill.thick-skull,https://mordheimer.net/docs/warbands/grade-1a-warbands/dwarf-treasure-hunters,snapshot_content_change,sources/knowledge/bands/mordheim/dwarf-treasure-hunters,mordheim,dwarf-treasure-hunters,True,2,8,"{""equipment-access.yaml"": {""name_i18n"": 2, ""notes_i18n"": 6}}","[{""profile_id"": ""dwarf-troll-slayers"", ""removed_texts"": [""May select weapons from the Dwarf Warrior Equipment List."", ""May never carry or use missile weapons or any form of armour.""]}]","[{""compile_outcome"": null, ""eb85e95"": ""rejected"", ""evidence"": ""compile"", ""live"": ""rejected"", ""profile_id"": ""dwarf-troll-slayers"", ""scenario"": ""armour-ban-dwarf-treasure""}, {""compile_outcome"": null, ""eb85e95"": null, ""evidence"": ""matrix"", ""live"": null, ""profile_id"": ""dwarf-troll-slayers"", ""scenario"": ""matrix-dwarf-troll-slayers""}]",structured-binding-compensation
FP-0299,tests/specs/semantic/grants/editorial-thick-skull.yaml,editorial-thick-skull-grants,rule/mordheim/orc-mob/band--orc-special-skills-ard-ead/skill.thick-skull,sources/knowledge/bands/mordheim/orc-mob/special-rules.yaml,band--orc-special-skills-ard-ead,bc71f66db61d175c68ef79338c38a2f7fd6c3f7eefe95379967de3668cc62d5f,e0215265d269d6ff298160b36dcd9064a00e67c33574f5684a2be529a0b860a6,CTX-mordheim-orc-mob,"[""equipment-access.yaml"", ""profiles.yaml""]","[{""doc"": ""profiles.yaml"", ""node"": ""profiles:orc-shaman"", ""path"": ""profiles[orc-shaman].equipment_restrictions[0]"", ""op"": ""remove"", ""old"": ""May select weapons from the Orc Equipment List, but may never wear armour."", ""new"": null, ""i18n_only"": false}]","[""mordheim_knowledge/loader.py:load_bands -> package profiles (equipment_restrictions)"", ""mordheim_construction/eligibility.py:package_facts -> projects equipment_restrictions, drops *_i18n"", ""mordheim_construction/eligibility.py:desktop_call -> _eligibility.js bridge.ts:desktopCall"", ""typescript/domain/eligibility/index.ts:310-313 boundEquipment reads structured profile.equipment-restrictions bindings"", ""typescript/domain/eligibility/index.ts:403-405 profileSelections reads the free-text keyword branch"", ""mordheim_construction/restrictions.py:_validate_profile_selections -> compiler.validate order (boundEquipment before profileSelections)"", ""mordheim_construction/selection.py:_profile / _applicable_rules (package facts and automatic rules)""]","{""level"": ""observed"", ""summary"": ""No current decision change reproduced: the removed armour text is compensated by structured profile.equipment-restrictions bindings; the same build compiles to the same outcome against live and eb85e95 KB."", ""classes"": [""structured-binding-compensation""], ""reproductions"": [{""compile_outcome"": null, ""eb85e95"": null, ""evidence"": ""matrix"", ""live"": null, ""profile_id"": ""orc-shaman"", ""scenario"": ""matrix-orc-shaman""}], ""limitation"": ""Current maintained consumer over historical data; the historical engine behaviour is not proven. Presentation consumers still render the field. No pin was changed by this lot.""}","[""build/cache/t13-parallel/context-data-review/context-diff.json#CTX-mordheim-orc-mob"", ""build/cache/t13-parallel/context-data-review/compensation-check.json"", ""build/cache/t13-parallel/context-data-review/repro-matrix.json"", ""build/cache/t13-parallel/context-data-review/repro-compile.json"", ""build/cache/t13-parallel/context-data-review/repro-stages.json"", ""build/cache/t13-parallel/context-data-review/rule-rows-check.json"", ""build/cache/t13-parallel/context-data-review/access-probe.json"", ""build/cache/t13-parallel/context-data-review/entry-state.json""]","[""T13-F001""]",Coordinator decision required: whether the live fingerprint may replace the eb85e95 pin for this pair after reviewing the compensated removal group CTX-mordheim-orc-mob and its consumers. This lot changed no pin.,skill.thick-skull,https://mordheimer.net/docs/warbands/grade-1a-warbands/orc-mob,snapshot_content_change,sources/knowledge/bands/mordheim/orc-mob,mordheim,orc-mob,True,1,7,"{""equipment-access.yaml"": {""name_i18n"": 2, ""notes_i18n"": 3}, ""profiles.yaml"": {""equipment_restrictions_i18n"": 2}}","[{""profile_id"": ""orc-shaman"", ""removed_texts"": [""May select weapons from the Orc Equipment List, but may never wear armour.""]}]","[{""compile_outcome"": null, ""eb85e95"": null, ""evidence"": ""matrix"", ""live"": null, ""profile_id"": ""orc-shaman"", ""scenario"": ""matrix-orc-shaman""}]",structured-binding-compensation
FP-0301,tests/specs/semantic/grants/editorial-thick-skull.yaml,editorial-thick-skull-grants,rule/trollheim/chaos-streets-dwarf-treasure-hunters/band--dwarf-special-skills-thick-skull/skill.thick-skull,sources/knowledge/bands/trollheim/chaos-streets-dwarf-treasure-hunters/special-rules.yaml,band--dwarf-special-skills-thick-skull,9321edeef70f60f4a85ff3b85909343bf7112ddb077029ceb8b68fda1e2a5ee5,a6a64f95d9eb9d1346dc35555426b09aaa8f782f58fe0535cfc720b962401e54,CTX-trollheim-chaos-streets-dwarf-treasure-hunters,"[""equipment-access.yaml"", ""profiles.yaml""]","[{""doc"": ""profiles.yaml"", ""node"": ""profiles:dwarf-troll-slayers"", ""path"": ""profiles[dwarf-troll-slayers].equipment_restrictions[0]"", ""op"": ""remove"", ""old"": ""May select weapons from the Dwarf Warrior Equipment List."", ""new"": null, ""i18n_only"": false}, {""doc"": ""profiles.yaml"", ""node"": ""profiles:dwarf-troll-slayers"", ""path"": ""profiles[dwarf-troll-slayers].equipment_restrictions[1]"", ""op"": ""remove"", ""old"": ""May never use missile weapons or any form of armour."", ""new"": null, ""i18n_only"": false}]","[""mordheim_knowledge/loader.py:load_bands -> package profiles (equipment_restrictions)"", ""mordheim_construction/eligibility.py:package_facts -> projects equipment_restrictions, drops *_i18n"", ""mordheim_construction/eligibility.py:desktop_call -> _eligibility.js bridge.ts:desktopCall"", ""typescript/domain/eligibility/index.ts:310-313 boundEquipment reads structured profile.equipment-restrictions bindings"", ""typescript/domain/eligibility/index.ts:403-405 profileSelections reads the free-text keyword branch"", ""mordheim_construction/restrictions.py:_validate_profile_selections -> compiler.validate order (boundEquipment before profileSelections)"", ""mordheim_construction/selection.py:_profile / _applicable_rules (package facts and automatic rules)""]","{""level"": ""observed"", ""summary"": ""No current decision change reproduced: the removed armour text is compensated by structured profile.equipment-restrictions bindings; the same build compiles to the same outcome against live and eb85e95 KB."", ""classes"": [""structured-binding-compensation""], ""reproductions"": [{""compile_outcome"": null, ""eb85e95"": null, ""evidence"": ""matrix"", ""live"": null, ""profile_id"": ""dwarf-troll-slayers"", ""scenario"": ""matrix-dwarf-troll-slayers""}], ""limitation"": ""Current maintained consumer over historical data; the historical engine behaviour is not proven. Presentation consumers still render the field. No pin was changed by this lot.""}","[""build/cache/t13-parallel/context-data-review/context-diff.json#CTX-trollheim-chaos-streets-dwarf-treasure-hunters"", ""build/cache/t13-parallel/context-data-review/compensation-check.json"", ""build/cache/t13-parallel/context-data-review/repro-matrix.json"", ""build/cache/t13-parallel/context-data-review/repro-compile.json"", ""build/cache/t13-parallel/context-data-review/repro-stages.json"", ""build/cache/t13-parallel/context-data-review/rule-rows-check.json"", ""build/cache/t13-parallel/context-data-review/access-probe.json"", ""build/cache/t13-parallel/context-data-review/entry-state.json""]","[""T13-F001"", ""T13-F017"", ""T13-F035""]",Coordinator decision required: whether the live fingerprint may replace the eb85e95 pin for this pair after reviewing the compensated removal group CTX-trollheim-chaos-streets-dwarf-treasure-hunters and its consumers. This lot changed no pin.,skill.thick-skull,,snapshot_content_change,sources/knowledge/bands/trollheim/chaos-streets-dwarf-treasure-hunters,trollheim,chaos-streets-dwarf-treasure-hunters,True,2,8,"{""equipment-access.yaml"": {""name_i18n"": 2, ""notes_i18n"": 6}}","[{""profile_id"": ""dwarf-troll-slayers"", ""removed_texts"": [""May select weapons from the Dwarf Warrior Equipment List."", ""May never use missile weapons or any form of armour.""]}]","[{""compile_outcome"": null, ""eb85e95"": null, ""evidence"": ""matrix"", ""live"": null, ""profile_id"": ""dwarf-troll-slayers"", ""scenario"": ""matrix-dwarf-troll-slayers""}]",structured-binding-compensation
FP-0302,tests/specs/semantic/grants/editorial-thick-skull.yaml,editorial-thick-skull-grants,rule/trollheim/chaos-streets-greenskins/band--orc-special-skills-ard-ead/skill.thick-skull,sources/knowledge/bands/trollheim/chaos-streets-greenskins/special-rules.yaml,band--orc-special-skills-ard-ead,2f79ca338aa71c8236ee2e39ad4c560efb25b89ebff9ee659c987df8f99edcef,dad1bd18cf25dc313b9347e65962198d814546a94ff5cc4f8cfd6960e68c57ab,CTX-trollheim-chaos-streets-greenskins,"[""equipment-access.yaml"", ""profiles.yaml""]","[{""doc"": ""profiles.yaml"", ""node"": ""profiles:orc-shaman"", ""path"": ""profiles[orc-shaman].equipment_restrictions[0]"", ""op"": ""remove"", ""old"": ""May select weapons from the Orc Equipment List, but may never wear armour."", ""new"": null, ""i18n_only"": false}]","[""mordheim_knowledge/loader.py:load_bands -> package profiles (equipment_restrictions)"", ""mordheim_construction/eligibility.py:package_facts -> projects equipment_restrictions, drops *_i18n"", ""mordheim_construction/eligibility.py:desktop_call -> _eligibility.js bridge.ts:desktopCall"", ""typescript/domain/eligibility/index.ts:310-313 boundEquipment reads structured profile.equipment-restrictions bindings"", ""typescript/domain/eligibility/index.ts:403-405 profileSelections reads the free-text keyword branch"", ""mordheim_construction/restrictions.py:_validate_profile_selections -> compiler.validate order (boundEquipment before profileSelections)"", ""mordheim_construction/selection.py:_profile / _applicable_rules (package facts and automatic rules)""]","{""level"": ""observed"", ""summary"": ""No current decision change reproduced: the removed armour text is compensated by structured profile.equipment-restrictions bindings; the same build compiles to the same outcome against live and eb85e95 KB."", ""classes"": [""structured-binding-compensation""], ""reproductions"": [{""compile_outcome"": null, ""eb85e95"": null, ""evidence"": ""matrix"", ""live"": null, ""profile_id"": ""orc-shaman"", ""scenario"": ""matrix-orc-shaman""}], ""limitation"": ""Current maintained consumer over historical data; the historical engine behaviour is not proven. Presentation consumers still render the field. No pin was changed by this lot.""}","[""build/cache/t13-parallel/context-data-review/context-diff.json#CTX-trollheim-chaos-streets-greenskins"", ""build/cache/t13-parallel/context-data-review/compensation-check.json"", ""build/cache/t13-parallel/context-data-review/repro-matrix.json"", ""build/cache/t13-parallel/context-data-review/repro-compile.json"", ""build/cache/t13-parallel/context-data-review/repro-stages.json"", ""build/cache/t13-parallel/context-data-review/rule-rows-check.json"", ""build/cache/t13-parallel/context-data-review/access-probe.json"", ""build/cache/t13-parallel/context-data-review/entry-state.json""]","[""T13-F001""]",Coordinator decision required: whether the live fingerprint may replace the eb85e95 pin for this pair after reviewing the compensated removal group CTX-trollheim-chaos-streets-greenskins and its consumers. This lot changed no pin.,skill.thick-skull,,snapshot_content_change,sources/knowledge/bands/trollheim/chaos-streets-greenskins,trollheim,chaos-streets-greenskins,True,1,12,"{""equipment-access.yaml"": {""name_i18n"": 2, ""notes_i18n"": 8}, ""profiles.yaml"": {""equipment_restrictions_i18n"": 2}}","[{""profile_id"": ""orc-shaman"", ""removed_texts"": [""May select weapons from the Orc Equipment List, but may never wear armour.""]}]","[{""compile_outcome"": null, ""eb85e95"": null, ""evidence"": ""matrix"", ""live"": null, ""profile_id"": ""orc-shaman"", ""scenario"": ""matrix-orc-shaman""}]",structured-binding-compensation
FP-0303,tests/specs/semantic/grants/editorial-tomb-lord-flammable.yaml,editorial-tomb-lord-flammable-tomb-guardians,rule/mordheim/tomb-guardians/tomb-lord--flammable/trait.flammable,sources/knowledge/bands/mordheim/tomb-guardians/special-rules.yaml,tomb-lord--flammable,2143c9625898650af2281e31473c8c4fe1a480917e57221b6e78b8709de85233,364c9c554b0cf97659434bf2207aff0f65d2b7aab5d2dbd7e9ea39e0e6f530d3,CTX-mordheim-tomb-guardians,"[""equipment-access.yaml"", ""profiles.yaml""]","[{""doc"": ""profiles.yaml"", ""node"": ""profiles:liche-priest"", ""path"": ""profiles[liche-priest].equipment_restrictions[0]"", ""op"": ""remove"", ""old"": ""May select weapons from the Liche Priest Equipment List, but may never wear armour because it interferes with spell casting."", ""new"": null, ""i18n_only"": false}]","[""mordheim_knowledge/loader.py:load_bands -> package profiles (equipment_restrictions)"", ""mordheim_construction/eligibility.py:package_facts -> projects equipment_restrictions, drops *_i18n"", ""mordheim_construction/eligibility.py:desktop_call -> _eligibility.js bridge.ts:desktopCall"", ""typescript/domain/eligibility/index.ts:310-313 boundEquipment reads structured profile.equipment-restrictions bindings"", ""typescript/domain/eligibility/index.ts:403-405 profileSelections reads the free-text keyword branch"", ""mordheim_construction/restrictions.py:_validate_profile_selections -> compiler.validate order (boundEquipment before profileSelections)"", ""mordheim_construction/selection.py:_profile / _applicable_rules (package facts and automatic rules)""]","{""level"": ""observed"", ""summary"": ""No current decision change reproduced: the removed armour text is compensated by structured profile.equipment-restrictions bindings; the same build compiles to the same outcome against live and eb85e95 KB."", ""classes"": [""structured-binding-compensation""], ""reproductions"": [{""compile_outcome"": null, ""eb85e95"": null, ""evidence"": ""matrix"", ""live"": null, ""profile_id"": ""liche-priest"", ""scenario"": ""matrix-liche-priest""}], ""limitation"": ""Current maintained consumer over historical data; the historical engine behaviour is not proven. Presentation consumers still render the field. No pin was changed by this lot.""}","[""build/cache/t13-parallel/context-data-review/context-diff.json#CTX-mordheim-tomb-guardians"", ""build/cache/t13-parallel/context-data-review/compensation-check.json"", ""build/cache/t13-parallel/context-data-review/repro-matrix.json"", ""build/cache/t13-parallel/context-data-review/repro-compile.json"", ""build/cache/t13-parallel/context-data-review/repro-stages.json"", ""build/cache/t13-parallel/context-data-review/rule-rows-check.json"", ""build/cache/t13-parallel/context-data-review/access-probe.json"", ""build/cache/t13-parallel/context-data-review/entry-state.json""]","[""T13-F001""]",Coordinator decision required: whether the live fingerprint may replace the eb85e95 pin for this pair after reviewing the compensated removal group CTX-mordheim-tomb-guardians and its consumers. This lot changed no pin.,trait.flammable,https://mordheimer.net/docs/warbands/grade-1b-warbands/tomb-guardians,snapshot_content_change,sources/knowledge/bands/mordheim/tomb-guardians,mordheim,tomb-guardians,True,1,8,"{""equipment-access.yaml"": {""name_i18n"": 2, ""notes_i18n"": 5}, ""profiles.yaml"": {""equipment_restrictions_i18n"": 1}}","[{""profile_id"": ""liche-priest"", ""removed_texts"": [""May select weapons from the Liche Priest Equipment List, but may never wear armour because it interferes with spell casting.""]}]","[{""compile_outcome"": null, ""eb85e95"": null, ""evidence"": ""matrix"", ""live"": null, ""profile_id"": ""liche-priest"", ""scenario"": ""matrix-liche-priest""}]",structured-binding-compensation
FP-0304,tests/specs/semantic/grants/editorial-tomb-lord-flammable.yaml,editorial-tomb-lord-flammable-khemri-tomb-guardians,rule/trollheim/khemri-tomb-guardians/tomb-lord--flammable/trait.flammable,sources/knowledge/bands/trollheim/khemri-tomb-guardians/special-rules.yaml,tomb-lord--flammable,44afdfdce0a8d85e491f102f8b63889555801e9e0943bf70c736db2618be9ce8,c647c85fd387aaf0b60366afb4233c7a6d28c62e8223edecc228cc984eedbc04,CTX-trollheim-khemri-tomb-guardians,"[""equipment-access.yaml"", ""profiles.yaml""]","[{""doc"": ""profiles.yaml"", ""node"": ""profiles:mortuary-priest"", ""path"": ""profiles[mortuary-priest].equipment_restrictions[0]"", ""op"": ""remove"", ""old"": ""May select weapons from the Mortuary Priest Equipment List, but may never wear armour because it interferes with the Priest's powers."", ""new"": null, ""i18n_only"": false}]","[""mordheim_knowledge/loader.py:load_bands -> package profiles (equipment_restrictions)"", ""mordheim_construction/eligibility.py:package_facts -> projects equipment_restrictions, drops *_i18n"", ""mordheim_construction/eligibility.py:desktop_call -> _eligibility.js bridge.ts:desktopCall"", ""typescript/domain/eligibility/index.ts:310-313 boundEquipment reads structured profile.equipment-restrictions bindings"", ""typescript/domain/eligibility/index.ts:403-405 profileSelections reads the free-text keyword branch"", ""mordheim_construction/restrictions.py:_validate_profile_selections -> compiler.validate order (boundEquipment before profileSelections)"", ""mordheim_construction/selection.py:_profile / _applicable_rules (package facts and automatic rules)""]","{""level"": ""observed"", ""summary"": ""No current decision change reproduced: the removed armour text is compensated by structured profile.equipment-restrictions bindings; the same build compiles to the same outcome against live and eb85e95 KB."", ""classes"": [""structured-binding-compensation""], ""reproductions"": [{""compile_outcome"": null, ""eb85e95"": null, ""evidence"": ""matrix"", ""live"": null, ""profile_id"": ""mortuary-priest"", ""scenario"": ""matrix-mortuary-priest""}], ""limitation"": ""Current maintained consumer over historical data; the historical engine behaviour is not proven. Presentation consumers still render the field. No pin was changed by this lot.""}","[""build/cache/t13-parallel/context-data-review/context-diff.json#CTX-trollheim-khemri-tomb-guardians"", ""build/cache/t13-parallel/context-data-review/compensation-check.json"", ""build/cache/t13-parallel/context-data-review/repro-matrix.json"", ""build/cache/t13-parallel/context-data-review/repro-compile.json"", ""build/cache/t13-parallel/context-data-review/repro-stages.json"", ""build/cache/t13-parallel/context-data-review/rule-rows-check.json"", ""build/cache/t13-parallel/context-data-review/access-probe.json"", ""build/cache/t13-parallel/context-data-review/entry-state.json""]","[""T13-F001""]",Coordinator decision required: whether the live fingerprint may replace the eb85e95 pin for this pair after reviewing the compensated removal group CTX-trollheim-khemri-tomb-guardians and its consumers. This lot changed no pin.,trait.flammable,,snapshot_content_change,sources/knowledge/bands/trollheim/khemri-tomb-guardians,trollheim,khemri-tomb-guardians,True,1,11,"{""equipment-access.yaml"": {""name_i18n"": 2, ""notes_i18n"": 6}, ""profiles.yaml"": {""equipment_restrictions_i18n"": 3}}","[{""profile_id"": ""mortuary-priest"", ""removed_texts"": [""May select weapons from the Mortuary Priest Equipment List, but may never wear armour because it interferes with the Priest's powers.""]}]","[{""compile_outcome"": null, ""eb85e95"": null, ""evidence"": ""matrix"", ""live"": null, ""profile_id"": ""mortuary-priest"", ""scenario"": ""matrix-mortuary-priest""}]",structured-binding-compensation
FP-0305,tests/specs/semantic/grants/editorial-tomb-scorpion-sting.yaml,editorial-mordheim-tomb-scorpion-sting,rule/mordheim/tomb-guardians/tomb-scorpions--scorpion-sting/poison.black-lotus,sources/knowledge/bands/mordheim/tomb-guardians/special-rules.yaml,tomb-scorpions--scorpion-sting,6993e5ccab481e231610f52a81eb9a9c2170819b0821c0735fda8bdb676ca37b,531b3fd1c96b50d0d6c1f8bed81485e68897e0cc9e911b7b22d7a72bcd7703ca,CTX-mordheim-tomb-guardians,"[""equipment-access.yaml"", ""profiles.yaml""]","[{""doc"": ""profiles.yaml"", ""node"": ""profiles:liche-priest"", ""path"": ""profiles[liche-priest].equipment_restrictions[0]"", ""op"": ""remove"", ""old"": ""May select weapons from the Liche Priest Equipment List, but may never wear armour because it interferes with spell casting."", ""new"": null, ""i18n_only"": false}]","[""mordheim_knowledge/loader.py:load_bands -> package profiles (equipment_restrictions)"", ""mordheim_construction/eligibility.py:package_facts -> projects equipment_restrictions, drops *_i18n"", ""mordheim_construction/eligibility.py:desktop_call -> _eligibility.js bridge.ts:desktopCall"", ""typescript/domain/eligibility/index.ts:310-313 boundEquipment reads structured profile.equipment-restrictions bindings"", ""typescript/domain/eligibility/index.ts:403-405 profileSelections reads the free-text keyword branch"", ""mordheim_construction/restrictions.py:_validate_profile_selections -> compiler.validate order (boundEquipment before profileSelections)"", ""mordheim_construction/selection.py:_profile / _applicable_rules (package facts and automatic rules)""]","{""level"": ""observed"", ""summary"": ""No current decision change reproduced: the removed armour text is compensated by structured profile.equipment-restrictions bindings; the same build compiles to the same outcome against live and eb85e95 KB."", ""classes"": [""structured-binding-compensation""], ""reproductions"": [{""compile_outcome"": null, ""eb85e95"": null, ""evidence"": ""matrix"", ""live"": null, ""profile_id"": ""liche-priest"", ""scenario"": ""matrix-liche-priest""}], ""limitation"": ""Current maintained consumer over historical data; the historical engine behaviour is not proven. Presentation consumers still render the field. No pin was changed by this lot.""}","[""build/cache/t13-parallel/context-data-review/context-diff.json#CTX-mordheim-tomb-guardians"", ""build/cache/t13-parallel/context-data-review/compensation-check.json"", ""build/cache/t13-parallel/context-data-review/repro-matrix.json"", ""build/cache/t13-parallel/context-data-review/repro-compile.json"", ""build/cache/t13-parallel/context-data-review/repro-stages.json"", ""build/cache/t13-parallel/context-data-review/rule-rows-check.json"", ""build/cache/t13-parallel/context-data-review/access-probe.json"", ""build/cache/t13-parallel/context-data-review/entry-state.json""]","[""T13-F001""]",Coordinator decision required: whether the live fingerprint may replace the eb85e95 pin for this pair after reviewing the compensated removal group CTX-mordheim-tomb-guardians and its consumers. This lot changed no pin.,poison.black-lotus,https://mordheimer.net/docs/warbands/grade-1b-warbands/tomb-guardians,snapshot_content_change,sources/knowledge/bands/mordheim/tomb-guardians,mordheim,tomb-guardians,True,1,8,"{""equipment-access.yaml"": {""name_i18n"": 2, ""notes_i18n"": 5}, ""profiles.yaml"": {""equipment_restrictions_i18n"": 1}}","[{""profile_id"": ""liche-priest"", ""removed_texts"": [""May select weapons from the Liche Priest Equipment List, but may never wear armour because it interferes with spell casting.""]}]","[{""compile_outcome"": null, ""eb85e95"": null, ""evidence"": ""matrix"", ""live"": null, ""profile_id"": ""liche-priest"", ""scenario"": ""matrix-liche-priest""}]",structured-binding-compensation
FP-0306,tests/specs/semantic/grants/editorial-tomb-scorpion-sting.yaml,editorial-khemri-tomb-scorpion-sting,rule/trollheim/khemri-tomb-guardians/tomb-scorpions--scorpion-sting/poison.black-lotus,sources/knowledge/bands/trollheim/khemri-tomb-guardians/special-rules.yaml,tomb-scorpions--scorpion-sting,10bb602ed2585cf77f28ae7dd612b45dcb54bb025d18224b7c4400bb95c03609,fdad69f6cbb9e1a0d2d2055557aaf654a0aa2d71b9abfedc0c86a3805e8c0e8a,CTX-trollheim-khemri-tomb-guardians,"[""equipment-access.yaml"", ""profiles.yaml""]","[{""doc"": ""profiles.yaml"", ""node"": ""profiles:mortuary-priest"", ""path"": ""profiles[mortuary-priest].equipment_restrictions[0]"", ""op"": ""remove"", ""old"": ""May select weapons from the Mortuary Priest Equipment List, but may never wear armour because it interferes with the Priest's powers."", ""new"": null, ""i18n_only"": false}]","[""mordheim_knowledge/loader.py:load_bands -> package profiles (equipment_restrictions)"", ""mordheim_construction/eligibility.py:package_facts -> projects equipment_restrictions, drops *_i18n"", ""mordheim_construction/eligibility.py:desktop_call -> _eligibility.js bridge.ts:desktopCall"", ""typescript/domain/eligibility/index.ts:310-313 boundEquipment reads structured profile.equipment-restrictions bindings"", ""typescript/domain/eligibility/index.ts:403-405 profileSelections reads the free-text keyword branch"", ""mordheim_construction/restrictions.py:_validate_profile_selections -> compiler.validate order (boundEquipment before profileSelections)"", ""mordheim_construction/selection.py:_profile / _applicable_rules (package facts and automatic rules)""]","{""level"": ""observed"", ""summary"": ""No current decision change reproduced: the removed armour text is compensated by structured profile.equipment-restrictions bindings; the same build compiles to the same outcome against live and eb85e95 KB."", ""classes"": [""structured-binding-compensation""], ""reproductions"": [{""compile_outcome"": null, ""eb85e95"": null, ""evidence"": ""matrix"", ""live"": null, ""profile_id"": ""mortuary-priest"", ""scenario"": ""matrix-mortuary-priest""}], ""limitation"": ""Current maintained consumer over historical data; the historical engine behaviour is not proven. Presentation consumers still render the field. No pin was changed by this lot.""}","[""build/cache/t13-parallel/context-data-review/context-diff.json#CTX-trollheim-khemri-tomb-guardians"", ""build/cache/t13-parallel/context-data-review/compensation-check.json"", ""build/cache/t13-parallel/context-data-review/repro-matrix.json"", ""build/cache/t13-parallel/context-data-review/repro-compile.json"", ""build/cache/t13-parallel/context-data-review/repro-stages.json"", ""build/cache/t13-parallel/context-data-review/rule-rows-check.json"", ""build/cache/t13-parallel/context-data-review/access-probe.json"", ""build/cache/t13-parallel/context-data-review/entry-state.json""]","[""T13-F001""]",Coordinator decision required: whether the live fingerprint may replace the eb85e95 pin for this pair after reviewing the compensated removal group CTX-trollheim-khemri-tomb-guardians and its consumers. This lot changed no pin.,poison.black-lotus,,snapshot_content_change,sources/knowledge/bands/trollheim/khemri-tomb-guardians,trollheim,khemri-tomb-guardians,True,1,11,"{""equipment-access.yaml"": {""name_i18n"": 2, ""notes_i18n"": 6}, ""profiles.yaml"": {""equipment_restrictions_i18n"": 3}}","[{""profile_id"": ""mortuary-priest"", ""removed_texts"": [""May select weapons from the Mortuary Priest Equipment List, but may never wear armour because it interferes with the Priest's powers.""]}]","[{""compile_outcome"": null, ""eb85e95"": null, ""evidence"": ""matrix"", ""live"": null, ""profile_id"": ""mortuary-priest"", ""scenario"": ""matrix-mortuary-priest""}]",structured-binding-compensation
FP-0308,tests/specs/semantic/grants/editorial-tough-as-steel.yaml,editorial-tough-as-steel-grants,rule/mordheim/dwarf-rangers/band--dwarf-special-skills-true-grit/skill.tough-as-steel,sources/knowledge/bands/mordheim/dwarf-rangers/special-rules.yaml,band--dwarf-special-skills-true-grit,bb60f9850e1485da43fadcd7bbae59549a8d74d3d97dd30e884494fa726dd23a,3a76b4e3eee1b571df2bf10017ebad2bb748f5136fd119d132d4880d70635783,CTX-mordheim-dwarf-rangers,"[""equipment-access.yaml"", ""profiles.yaml""]","[{""doc"": ""profiles.yaml"", ""node"": ""profiles:dwarf-troll-slayers"", ""path"": ""profiles[dwarf-troll-slayers].equipment_restrictions[0]"", ""op"": ""remove"", ""old"": ""May select weapons from the Dwarf Warrior Equipment List."", ""new"": null, ""i18n_only"": false}, {""doc"": ""profiles.yaml"", ""node"": ""profiles:dwarf-troll-slayers"", ""path"": ""profiles[dwarf-troll-slayers].equipment_restrictions[1]"", ""op"": ""remove"", ""old"": ""May never carry or use missile weapons or any form of armour."", ""new"": null, ""i18n_only"": false}]","[""mordheim_knowledge/loader.py:load_bands -> package profiles (equipment_restrictions)"", ""mordheim_construction/eligibility.py:package_facts -> projects equipment_restrictions, drops *_i18n"", ""mordheim_construction/eligibility.py:desktop_call -> _eligibility.js bridge.ts:desktopCall"", ""typescript/domain/eligibility/index.ts:310-313 boundEquipment reads structured profile.equipment-restrictions bindings"", ""typescript/domain/eligibility/index.ts:403-405 profileSelections reads the free-text keyword branch"", ""mordheim_construction/restrictions.py:_validate_profile_selections -> compiler.validate order (boundEquipment before profileSelections)"", ""mordheim_construction/selection.py:_profile / _applicable_rules (package facts and automatic rules)""]","{""level"": ""observed"", ""summary"": ""No current decision change reproduced: the removed armour text is compensated by structured profile.equipment-restrictions bindings; the same build compiles to the same outcome against live and eb85e95 KB."", ""classes"": [""structured-binding-compensation""], ""reproductions"": [{""compile_outcome"": null, ""eb85e95"": ""armour is forbidden for dwarf-rangers/dwarf-troll-slayers"", ""evidence"": ""stages"", ""live"": ""armour is forbidden for dwarf-rangers/dwarf-troll-slayers"", ""profile_id"": ""dwarf-troll-slayers"", ""scenario"": ""changed-armour-ban-dwarf-rangers""}, {""compile_outcome"": null, ""eb85e95"": ""rejected"", ""evidence"": ""compile"", ""live"": ""rejected"", ""profile_id"": ""dwarf-troll-slayers"", ""scenario"": ""armour-ban-dwarf-rangers""}, {""compile_outcome"": null, ""eb85e95"": null, ""evidence"": ""matrix"", ""live"": null, ""profile_id"": ""dwarf-troll-slayers"", ""scenario"": ""matrix-dwarf-troll-slayers""}], ""limitation"": ""Current maintained consumer over historical data; the historical engine behaviour is not proven. Presentation consumers still render the field. No pin was changed by this lot.""}","[""build/cache/t13-parallel/context-data-review/context-diff.json#CTX-mordheim-dwarf-rangers"", ""build/cache/t13-parallel/context-data-review/compensation-check.json"", ""build/cache/t13-parallel/context-data-review/repro-matrix.json"", ""build/cache/t13-parallel/context-data-review/repro-compile.json"", ""build/cache/t13-parallel/context-data-review/repro-stages.json"", ""build/cache/t13-parallel/context-data-review/rule-rows-check.json"", ""build/cache/t13-parallel/context-data-review/access-probe.json"", ""build/cache/t13-parallel/context-data-review/entry-state.json""]","[""T13-F001"", ""T13-F017"", ""T13-F035""]",Coordinator decision required: whether the live fingerprint may replace the eb85e95 pin for this pair after reviewing the compensated removal group CTX-mordheim-dwarf-rangers and its consumers. This lot changed no pin.,skill.tough-as-steel,https://mordheimer.net/docs/warbands/grade-1b-warbands/dwarf-rangers,snapshot_content_change,sources/knowledge/bands/mordheim/dwarf-rangers,mordheim,dwarf-rangers,True,2,6,"{""equipment-access.yaml"": {""name_i18n"": 2, ""notes_i18n"": 3}, ""profiles.yaml"": {""equipment_restrictions_i18n"": 1}}","[{""profile_id"": ""dwarf-troll-slayers"", ""removed_texts"": [""May select weapons from the Dwarf Warrior Equipment List."", ""May never carry or use missile weapons or any form of armour.""]}]","[{""compile_outcome"": null, ""eb85e95"": ""armour is forbidden for dwarf-rangers/dwarf-troll-slayers"", ""evidence"": ""stages"", ""live"": ""armour is forbidden for dwarf-rangers/dwarf-troll-slayers"", ""profile_id"": ""dwarf-troll-slayers"", ""scenario"": ""changed-armour-ban-dwarf-rangers""}, {""compile_outcome"": null, ""eb85e95"": ""rejected"", ""evidence"": ""compile"", ""live"": ""rejected"", ""profile_id"": ""dwarf-troll-slayers"", ""scenario"": ""armour-ban-dwarf-rangers""}, {""compile_outcome"": null, ""eb85e95"": null, ""evidence"": ""matrix"", ""live"": null, ""profile_id"": ""dwarf-troll-slayers"", ""scenario"": ""matrix-dwarf-troll-slayers""}]",structured-binding-compensation
FP-0309,tests/specs/semantic/grants/editorial-tough-as-steel.yaml,editorial-tough-as-steel-grants,rule/mordheim/dwarf-treasure-hunters/band--dwarf-special-skills-true-grit/skill.tough-as-steel,sources/knowledge/bands/mordheim/dwarf-treasure-hunters/special-rules.yaml,band--dwarf-special-skills-true-grit,fc69cbe932b5494c8186ffc87c6956447c2ae527a7e52fe107d3849f5725bce5,434b486e475a50ba265e540a5894615bea182837c6ff2646629e974acab8b844,CTX-mordheim-dwarf-treasure-hunters,"[""equipment-access.yaml"", ""profiles.yaml""]","[{""doc"": ""profiles.yaml"", ""node"": ""profiles:dwarf-troll-slayers"", ""path"": ""profiles[dwarf-troll-slayers].equipment_restrictions[0]"", ""op"": ""remove"", ""old"": ""May select weapons from the Dwarf Warrior Equipment List."", ""new"": null, ""i18n_only"": false}, {""doc"": ""profiles.yaml"", ""node"": ""profiles:dwarf-troll-slayers"", ""path"": ""profiles[dwarf-troll-slayers].equipment_restrictions[1]"", ""op"": ""remove"", ""old"": ""May never carry or use missile weapons or any form of armour."", ""new"": null, ""i18n_only"": false}]","[""mordheim_knowledge/loader.py:load_bands -> package profiles (equipment_restrictions)"", ""mordheim_construction/eligibility.py:package_facts -> projects equipment_restrictions, drops *_i18n"", ""mordheim_construction/eligibility.py:desktop_call -> _eligibility.js bridge.ts:desktopCall"", ""typescript/domain/eligibility/index.ts:310-313 boundEquipment reads structured profile.equipment-restrictions bindings"", ""typescript/domain/eligibility/index.ts:403-405 profileSelections reads the free-text keyword branch"", ""mordheim_construction/restrictions.py:_validate_profile_selections -> compiler.validate order (boundEquipment before profileSelections)"", ""mordheim_construction/selection.py:_profile / _applicable_rules (package facts and automatic rules)""]","{""level"": ""observed"", ""summary"": ""No current decision change reproduced: the removed armour text is compensated by structured profile.equipment-restrictions bindings; the same build compiles to the same outcome against live and eb85e95 KB."", ""classes"": [""structured-binding-compensation""], ""reproductions"": [{""compile_outcome"": null, ""eb85e95"": ""rejected"", ""evidence"": ""compile"", ""live"": ""rejected"", ""profile_id"": ""dwarf-troll-slayers"", ""scenario"": ""armour-ban-dwarf-treasure""}, {""compile_outcome"": null, ""eb85e95"": null, ""evidence"": ""matrix"", ""live"": null, ""profile_id"": ""dwarf-troll-slayers"", ""scenario"": ""matrix-dwarf-troll-slayers""}], ""limitation"": ""Current maintained consumer over historical data; the historical engine behaviour is not proven. Presentation consumers still render the field. No pin was changed by this lot.""}","[""build/cache/t13-parallel/context-data-review/context-diff.json#CTX-mordheim-dwarf-treasure-hunters"", ""build/cache/t13-parallel/context-data-review/compensation-check.json"", ""build/cache/t13-parallel/context-data-review/repro-matrix.json"", ""build/cache/t13-parallel/context-data-review/repro-compile.json"", ""build/cache/t13-parallel/context-data-review/repro-stages.json"", ""build/cache/t13-parallel/context-data-review/rule-rows-check.json"", ""build/cache/t13-parallel/context-data-review/access-probe.json"", ""build/cache/t13-parallel/context-data-review/entry-state.json""]","[""T13-F001"", ""T13-F017"", ""T13-F035""]",Coordinator decision required: whether the live fingerprint may replace the eb85e95 pin for this pair after reviewing the compensated removal group CTX-mordheim-dwarf-treasure-hunters and its consumers. This lot changed no pin.,skill.tough-as-steel,https://mordheimer.net/docs/warbands/grade-1a-warbands/dwarf-treasure-hunters,snapshot_content_change,sources/knowledge/bands/mordheim/dwarf-treasure-hunters,mordheim,dwarf-treasure-hunters,True,2,8,"{""equipment-access.yaml"": {""name_i18n"": 2, ""notes_i18n"": 6}}","[{""profile_id"": ""dwarf-troll-slayers"", ""removed_texts"": [""May select weapons from the Dwarf Warrior Equipment List."", ""May never carry or use missile weapons or any form of armour.""]}]","[{""compile_outcome"": null, ""eb85e95"": ""rejected"", ""evidence"": ""compile"", ""live"": ""rejected"", ""profile_id"": ""dwarf-troll-slayers"", ""scenario"": ""armour-ban-dwarf-treasure""}, {""compile_outcome"": null, ""eb85e95"": null, ""evidence"": ""matrix"", ""live"": null, ""profile_id"": ""dwarf-troll-slayers"", ""scenario"": ""matrix-dwarf-troll-slayers""}]",structured-binding-compensation
FP-0311,tests/specs/semantic/grants/editorial-tough-as-steel.yaml,editorial-tough-as-steel-grants,rule/trollheim/chaos-streets-dwarf-treasure-hunters/band--dwarf-special-skills-true-grit/skill.tough-as-steel,sources/knowledge/bands/trollheim/chaos-streets-dwarf-treasure-hunters/special-rules.yaml,band--dwarf-special-skills-true-grit,4af2850fbe05402319f2fc8a7ff1f6c6e4053d90b59617dffd728adfe9bccccc,972c385ee9faf9950c08c5f6296a497d9e203bab097c5001266ced341c630cac,CTX-trollheim-chaos-streets-dwarf-treasure-hunters,"[""equipment-access.yaml"", ""profiles.yaml""]","[{""doc"": ""profiles.yaml"", ""node"": ""profiles:dwarf-troll-slayers"", ""path"": ""profiles[dwarf-troll-slayers].equipment_restrictions[0]"", ""op"": ""remove"", ""old"": ""May select weapons from the Dwarf Warrior Equipment List."", ""new"": null, ""i18n_only"": false}, {""doc"": ""profiles.yaml"", ""node"": ""profiles:dwarf-troll-slayers"", ""path"": ""profiles[dwarf-troll-slayers].equipment_restrictions[1]"", ""op"": ""remove"", ""old"": ""May never use missile weapons or any form of armour."", ""new"": null, ""i18n_only"": false}]","[""mordheim_knowledge/loader.py:load_bands -> package profiles (equipment_restrictions)"", ""mordheim_construction/eligibility.py:package_facts -> projects equipment_restrictions, drops *_i18n"", ""mordheim_construction/eligibility.py:desktop_call -> _eligibility.js bridge.ts:desktopCall"", ""typescript/domain/eligibility/index.ts:310-313 boundEquipment reads structured profile.equipment-restrictions bindings"", ""typescript/domain/eligibility/index.ts:403-405 profileSelections reads the free-text keyword branch"", ""mordheim_construction/restrictions.py:_validate_profile_selections -> compiler.validate order (boundEquipment before profileSelections)"", ""mordheim_construction/selection.py:_profile / _applicable_rules (package facts and automatic rules)""]","{""level"": ""observed"", ""summary"": ""No current decision change reproduced: the removed armour text is compensated by structured profile.equipment-restrictions bindings; the same build compiles to the same outcome against live and eb85e95 KB."", ""classes"": [""structured-binding-compensation""], ""reproductions"": [{""compile_outcome"": null, ""eb85e95"": null, ""evidence"": ""matrix"", ""live"": null, ""profile_id"": ""dwarf-troll-slayers"", ""scenario"": ""matrix-dwarf-troll-slayers""}], ""limitation"": ""Current maintained consumer over historical data; the historical engine behaviour is not proven. Presentation consumers still render the field. No pin was changed by this lot.""}","[""build/cache/t13-parallel/context-data-review/context-diff.json#CTX-trollheim-chaos-streets-dwarf-treasure-hunters"", ""build/cache/t13-parallel/context-data-review/compensation-check.json"", ""build/cache/t13-parallel/context-data-review/repro-matrix.json"", ""build/cache/t13-parallel/context-data-review/repro-compile.json"", ""build/cache/t13-parallel/context-data-review/repro-stages.json"", ""build/cache/t13-parallel/context-data-review/rule-rows-check.json"", ""build/cache/t13-parallel/context-data-review/access-probe.json"", ""build/cache/t13-parallel/context-data-review/entry-state.json""]","[""T13-F001"", ""T13-F017"", ""T13-F035""]",Coordinator decision required: whether the live fingerprint may replace the eb85e95 pin for this pair after reviewing the compensated removal group CTX-trollheim-chaos-streets-dwarf-treasure-hunters and its consumers. This lot changed no pin.,skill.tough-as-steel,,snapshot_content_change,sources/knowledge/bands/trollheim/chaos-streets-dwarf-treasure-hunters,trollheim,chaos-streets-dwarf-treasure-hunters,True,2,8,"{""equipment-access.yaml"": {""name_i18n"": 2, ""notes_i18n"": 6}}","[{""profile_id"": ""dwarf-troll-slayers"", ""removed_texts"": [""May select weapons from the Dwarf Warrior Equipment List."", ""May never use missile weapons or any form of armour.""]}]","[{""compile_outcome"": null, ""eb85e95"": null, ""evidence"": ""matrix"", ""live"": null, ""profile_id"": ""dwarf-troll-slayers"", ""scenario"": ""matrix-dwarf-troll-slayers""}]",structured-binding-compensation
FP-0312,tests/specs/semantic/grants/editorial-tough-as-steel.yaml,editorial-tough-as-steel-grants,rule/trollheim/khemri-cursed-of-karak-zorn/band--karak-zorn-special-skills-hard-as-steel/skill.tough-as-steel,sources/knowledge/bands/trollheim/khemri-cursed-of-karak-zorn/special-rules.yaml,band--karak-zorn-special-skills-hard-as-steel,a74037579172145cad955b61a98fd14373577e2c0557e7ca93e51d7b81ee69e1,74d32346de36856265c4b294b14ef963cfde870ba8192656c561e6f156496dd8,CTX-trollheim-khemri-cursed-of-karak-zorn,"[""equipment-access.yaml"", ""profiles.yaml""]","[{""doc"": ""profiles.yaml"", ""node"": ""profiles:troll-slayer"", ""path"": ""profiles[troll-slayer].equipment_restrictions[0]"", ""op"": ""remove"", ""old"": ""May select close-combat weapons from the Cursed of Karak-Zorn Equipment List."", ""new"": null, ""i18n_only"": false}, {""doc"": ""profiles.yaml"", ""node"": ""profiles:troll-slayer"", ""path"": ""profiles[troll-slayer].equipment_restrictions[1]"", ""op"": ""remove"", ""old"": ""May never use missile weapons or any form of armour."", ""new"": null, ""i18n_only"": false}]","[""mordheim_knowledge/loader.py:load_bands -> package profiles (equipment_restrictions)"", ""mordheim_construction/eligibility.py:package_facts -> projects equipment_restrictions, drops *_i18n"", ""mordheim_construction/eligibility.py:desktop_call -> _eligibility.js bridge.ts:desktopCall"", ""typescript/domain/eligibility/index.ts:310-313 boundEquipment reads structured profile.equipment-restrictions bindings"", ""typescript/domain/eligibility/index.ts:403-405 profileSelections reads the free-text keyword branch"", ""mordheim_construction/restrictions.py:_validate_profile_selections -> compiler.validate order (boundEquipment before profileSelections)"", ""mordheim_construction/selection.py:_profile / _applicable_rules (package facts and automatic rules)""]","{""level"": ""observed"", ""summary"": ""No current decision change reproduced: the removed armour text is compensated by structured profile.equipment-restrictions bindings; the same build compiles to the same outcome against live and eb85e95 KB."", ""classes"": [""structured-binding-compensation""], ""reproductions"": [{""compile_outcome"": null, ""eb85e95"": null, ""evidence"": ""matrix"", ""live"": null, ""profile_id"": ""troll-slayer"", ""scenario"": ""matrix-troll-slayer""}], ""limitation"": ""Current maintained consumer over historical data; the historical engine behaviour is not proven. Presentation consumers still render the field. No pin was changed by this lot.""}","[""build/cache/t13-parallel/context-data-review/context-diff.json#CTX-trollheim-khemri-cursed-of-karak-zorn"", ""build/cache/t13-parallel/context-data-review/compensation-check.json"", ""build/cache/t13-parallel/context-data-review/repro-matrix.json"", ""build/cache/t13-parallel/context-data-review/repro-compile.json"", ""build/cache/t13-parallel/context-data-review/repro-stages.json"", ""build/cache/t13-parallel/context-data-review/rule-rows-check.json"", ""build/cache/t13-parallel/context-data-review/access-probe.json"", ""build/cache/t13-parallel/context-data-review/entry-state.json""]","[""T13-F001""]",Coordinator decision required: whether the live fingerprint may replace the eb85e95 pin for this pair after reviewing the compensated removal group CTX-trollheim-khemri-cursed-of-karak-zorn and its consumers. This lot changed no pin.,skill.tough-as-steel,,snapshot_content_change,sources/knowledge/bands/trollheim/khemri-cursed-of-karak-zorn,trollheim,khemri-cursed-of-karak-zorn,True,2,8,"{""equipment-access.yaml"": {""name_i18n"": 1, ""notes_i18n"": 5}, ""profiles.yaml"": {""equipment_restrictions_i18n"": 2}}","[{""profile_id"": ""troll-slayer"", ""removed_texts"": [""May select close-combat weapons from the Cursed of Karak-Zorn Equipment List."", ""May never use missile weapons or any form of armour.""]}]","[{""compile_outcome"": null, ""eb85e95"": null, ""evidence"": ""matrix"", ""live"": null, ""profile_id"": ""troll-slayer"", ""scenario"": ""matrix-troll-slayer""}]",structured-binding-compensation
FP-0313,tests/specs/semantic/grants/editorial-troll-regeneration.yaml,editorial-troll-regeneration-black-orcs,rule/mordheim/black-orcs/troll--regeneration/skill.regeneration,sources/knowledge/bands/mordheim/black-orcs/special-rules.yaml,troll--regeneration,a3520e0b578d8c68e073c84e2ec2047b747bcf71d9c2ed88eac6b51ac9325412,76d60821753187a6695b854fa1a0ce389cc200cca1592fbffa035e2e9080a338,CTX-mordheim-black-orcs,"[""equipment-access.yaml"", ""profiles.yaml""]","[{""doc"": ""profiles.yaml"", ""node"": ""profiles:orc-nuttaz"", ""path"": ""profiles[orc-nuttaz].equipment_restrictions[0]"", ""op"": ""remove"", ""old"": ""May use the Henchmen List, but Savage prevents them from using any armour or ranged weapons."", ""new"": null, ""i18n_only"": false}]","[""mordheim_knowledge/loader.py:load_bands -> package profiles (equipment_restrictions)"", ""mordheim_construction/eligibility.py:package_facts -> projects equipment_restrictions, drops *_i18n"", ""mordheim_construction/eligibility.py:desktop_call -> _eligibility.js bridge.ts:desktopCall"", ""typescript/domain/eligibility/index.ts:310-313 boundEquipment reads structured profile.equipment-restrictions bindings"", ""typescript/domain/eligibility/index.ts:403-405 profileSelections reads the free-text keyword branch"", ""mordheim_construction/restrictions.py:_validate_profile_selections -> compiler.validate order (boundEquipment before profileSelections)"", ""mordheim_construction/selection.py:_profile / _applicable_rules (package facts and automatic rules)""]","{""level"": ""observed"", ""summary"": ""No current decision change reproduced: the removed armour text is compensated by structured profile.equipment-restrictions bindings; the same build compiles to the same outcome against live and eb85e95 KB."", ""classes"": [""structured-binding-compensation""], ""reproductions"": [{""compile_outcome"": null, ""eb85e95"": null, ""evidence"": ""matrix"", ""live"": null, ""profile_id"": ""orc-nuttaz"", ""scenario"": ""matrix-orc-nuttaz""}], ""limitation"": ""Current maintained consumer over historical data; the historical engine behaviour is not proven. Presentation consumers still render the field. No pin was changed by this lot.""}","[""build/cache/t13-parallel/context-data-review/context-diff.json#CTX-mordheim-black-orcs"", ""build/cache/t13-parallel/context-data-review/compensation-check.json"", ""build/cache/t13-parallel/context-data-review/repro-matrix.json"", ""build/cache/t13-parallel/context-data-review/repro-compile.json"", ""build/cache/t13-parallel/context-data-review/repro-stages.json"", ""build/cache/t13-parallel/context-data-review/rule-rows-check.json"", ""build/cache/t13-parallel/context-data-review/access-probe.json"", ""build/cache/t13-parallel/context-data-review/entry-state.json""]","[""T13-F001""]",Coordinator decision required: whether the live fingerprint may replace the eb85e95 pin for this pair after reviewing the compensated removal group CTX-mordheim-black-orcs and its consumers. This lot changed no pin.,skill.regeneration,https://mordheimer.net/docs/warbands/grade-1b-warbands/black-orcs,snapshot_content_change,sources/knowledge/bands/mordheim/black-orcs,mordheim,black-orcs,True,1,10,"{""equipment-access.yaml"": {""name_i18n"": 2, ""notes_i18n"": 4}, ""profiles.yaml"": {""equipment_restrictions_i18n"": 4}}","[{""profile_id"": ""orc-nuttaz"", ""removed_texts"": [""May use the Henchmen List, but Savage prevents them from using any armour or ranged weapons.""]}]","[{""compile_outcome"": null, ""eb85e95"": null, ""evidence"": ""matrix"", ""live"": null, ""profile_id"": ""orc-nuttaz"", ""scenario"": ""matrix-orc-nuttaz""}]",structured-binding-compensation
FP-0316,tests/specs/semantic/grants/editorial-troll-regeneration.yaml,editorial-troll-regeneration-orc-mob,rule/mordheim/orc-mob/troll--regeneration/skill.regeneration,sources/knowledge/bands/mordheim/orc-mob/special-rules.yaml,troll--regeneration,97361238776901fe6eacf113fdfd0a411b3cfe6b5cc148940dd3545d1090709a,2c8c4fbf6bf842b4dd823fd55df2bc9e93c219c832e4e15ea310071a5e61cf2b,CTX-mordheim-orc-mob,"[""equipment-access.yaml"", ""profiles.yaml""]","[{""doc"": ""profiles.yaml"", ""node"": ""profiles:orc-shaman"", ""path"": ""profiles[orc-shaman].equipment_restrictions[0]"", ""op"": ""remove"", ""old"": ""May select weapons from the Orc Equipment List, but may never wear armour."", ""new"": null, ""i18n_only"": false}]","[""mordheim_knowledge/loader.py:load_bands -> package profiles (equipment_restrictions)"", ""mordheim_construction/eligibility.py:package_facts -> projects equipment_restrictions, drops *_i18n"", ""mordheim_construction/eligibility.py:desktop_call -> _eligibility.js bridge.ts:desktopCall"", ""typescript/domain/eligibility/index.ts:310-313 boundEquipment reads structured profile.equipment-restrictions bindings"", ""typescript/domain/eligibility/index.ts:403-405 profileSelections reads the free-text keyword branch"", ""mordheim_construction/restrictions.py:_validate_profile_selections -> compiler.validate order (boundEquipment before profileSelections)"", ""mordheim_construction/selection.py:_profile / _applicable_rules (package facts and automatic rules)""]","{""level"": ""observed"", ""summary"": ""No current decision change reproduced: the removed armour text is compensated by structured profile.equipment-restrictions bindings; the same build compiles to the same outcome against live and eb85e95 KB."", ""classes"": [""structured-binding-compensation""], ""reproductions"": [{""compile_outcome"": null, ""eb85e95"": null, ""evidence"": ""matrix"", ""live"": null, ""profile_id"": ""orc-shaman"", ""scenario"": ""matrix-orc-shaman""}], ""limitation"": ""Current maintained consumer over historical data; the historical engine behaviour is not proven. Presentation consumers still render the field. No pin was changed by this lot.""}","[""build/cache/t13-parallel/context-data-review/context-diff.json#CTX-mordheim-orc-mob"", ""build/cache/t13-parallel/context-data-review/compensation-check.json"", ""build/cache/t13-parallel/context-data-review/repro-matrix.json"", ""build/cache/t13-parallel/context-data-review/repro-compile.json"", ""build/cache/t13-parallel/context-data-review/repro-stages.json"", ""build/cache/t13-parallel/context-data-review/rule-rows-check.json"", ""build/cache/t13-parallel/context-data-review/access-probe.json"", ""build/cache/t13-parallel/context-data-review/entry-state.json""]","[""T13-F001""]",Coordinator decision required: whether the live fingerprint may replace the eb85e95 pin for this pair after reviewing the compensated removal group CTX-mordheim-orc-mob and its consumers. This lot changed no pin.,skill.regeneration,https://mordheimer.net/docs/warbands/grade-1a-warbands/orc-mob,snapshot_content_change,sources/knowledge/bands/mordheim/orc-mob,mordheim,orc-mob,True,1,7,"{""equipment-access.yaml"": {""name_i18n"": 2, ""notes_i18n"": 3}, ""profiles.yaml"": {""equipment_restrictions_i18n"": 2}}","[{""profile_id"": ""orc-shaman"", ""removed_texts"": [""May select weapons from the Orc Equipment List, but may never wear armour.""]}]","[{""compile_outcome"": null, ""eb85e95"": null, ""evidence"": ""matrix"", ""live"": null, ""profile_id"": ""orc-shaman"", ""scenario"": ""matrix-orc-shaman""}]",structured-binding-compensation
FP-0317,tests/specs/semantic/grants/editorial-troll-regeneration.yaml,editorial-troll-regeneration-chaos-streets-greenskins,rule/trollheim/chaos-streets-greenskins/troll--regeneration/skill.regeneration,sources/knowledge/bands/trollheim/chaos-streets-greenskins/special-rules.yaml,troll--regeneration,6bfbfb04981a0fbb5bb90369e21dad8831baf82cf79bdf56d190ddd58d255a9f,27f2916a91491745a2f5afd13486a0ec78058ec3837f969e622907ca4a3f926c,CTX-trollheim-chaos-streets-greenskins,"[""equipment-access.yaml"", ""profiles.yaml""]","[{""doc"": ""profiles.yaml"", ""node"": ""profiles:orc-shaman"", ""path"": ""profiles[orc-shaman].equipment_restrictions[0]"", ""op"": ""remove"", ""old"": ""May select weapons from the Orc Equipment List, but may never wear armour."", ""new"": null, ""i18n_only"": false}]","[""mordheim_knowledge/loader.py:load_bands -> package profiles (equipment_restrictions)"", ""mordheim_construction/eligibility.py:package_facts -> projects equipment_restrictions, drops *_i18n"", ""mordheim_construction/eligibility.py:desktop_call -> _eligibility.js bridge.ts:desktopCall"", ""typescript/domain/eligibility/index.ts:310-313 boundEquipment reads structured profile.equipment-restrictions bindings"", ""typescript/domain/eligibility/index.ts:403-405 profileSelections reads the free-text keyword branch"", ""mordheim_construction/restrictions.py:_validate_profile_selections -> compiler.validate order (boundEquipment before profileSelections)"", ""mordheim_construction/selection.py:_profile / _applicable_rules (package facts and automatic rules)""]","{""level"": ""observed"", ""summary"": ""No current decision change reproduced: the removed armour text is compensated by structured profile.equipment-restrictions bindings; the same build compiles to the same outcome against live and eb85e95 KB."", ""classes"": [""structured-binding-compensation""], ""reproductions"": [{""compile_outcome"": null, ""eb85e95"": null, ""evidence"": ""matrix"", ""live"": null, ""profile_id"": ""orc-shaman"", ""scenario"": ""matrix-orc-shaman""}], ""limitation"": ""Current maintained consumer over historical data; the historical engine behaviour is not proven. Presentation consumers still render the field. No pin was changed by this lot.""}","[""build/cache/t13-parallel/context-data-review/context-diff.json#CTX-trollheim-chaos-streets-greenskins"", ""build/cache/t13-parallel/context-data-review/compensation-check.json"", ""build/cache/t13-parallel/context-data-review/repro-matrix.json"", ""build/cache/t13-parallel/context-data-review/repro-compile.json"", ""build/cache/t13-parallel/context-data-review/repro-stages.json"", ""build/cache/t13-parallel/context-data-review/rule-rows-check.json"", ""build/cache/t13-parallel/context-data-review/access-probe.json"", ""build/cache/t13-parallel/context-data-review/entry-state.json""]","[""T13-F001""]",Coordinator decision required: whether the live fingerprint may replace the eb85e95 pin for this pair after reviewing the compensated removal group CTX-trollheim-chaos-streets-greenskins and its consumers. This lot changed no pin.,skill.regeneration,,snapshot_content_change,sources/knowledge/bands/trollheim/chaos-streets-greenskins,trollheim,chaos-streets-greenskins,True,1,12,"{""equipment-access.yaml"": {""name_i18n"": 2, ""notes_i18n"": 8}, ""profiles.yaml"": {""equipment_restrictions_i18n"": 2}}","[{""profile_id"": ""orc-shaman"", ""removed_texts"": [""May select weapons from the Orc Equipment List, but may never wear armour.""]}]","[{""compile_outcome"": null, ""eb85e95"": null, ""evidence"": ""matrix"", ""live"": null, ""profile_id"": ""orc-shaman"", ""scenario"": ""matrix-orc-shaman""}]",structured-binding-compensation
FP-0321,tests/specs/semantic/grants/editorial-unarmed-and-beastmen-attacks.yaml,beastmen-extra-trample,rule/mordheim/beastmen-raiders/centigors--trample/profile-rule.centigors--trample,sources/knowledge/bands/mordheim/beastmen-raiders/special-rules.yaml,centigors--trample,2443c81e6fbef9c584fa11a4991cc645130aca561ab5de853d6db16e4348e508,a66e1668f1bcac3b1772190ae6aefcfc4e420a89570fbfebfdab5713f03918aa,CTX-mordheim-beastmen-raiders,"[""equipment-access.yaml"", ""profiles.yaml""]","[{""doc"": ""profiles.yaml"", ""node"": ""profiles:beastmen-shaman"", ""path"": ""profiles[beastmen-shaman].equipment_restrictions[0]"", ""op"": ""remove"", ""old"": ""May select weapons from the Beastmen Equipment List, but may never wear armour."", ""new"": null, ""i18n_only"": false}]","[""mordheim_knowledge/loader.py:load_bands -> package profiles (equipment_restrictions)"", ""mordheim_construction/eligibility.py:package_facts -> projects equipment_restrictions, drops *_i18n"", ""mordheim_construction/eligibility.py:desktop_call -> _eligibility.js bridge.ts:desktopCall"", ""typescript/domain/eligibility/index.ts:310-313 boundEquipment reads structured profile.equipment-restrictions bindings"", ""typescript/domain/eligibility/index.ts:403-405 profileSelections reads the free-text keyword branch"", ""mordheim_construction/restrictions.py:_validate_profile_selections -> compiler.validate order (boundEquipment before profileSelections)"", ""mordheim_construction/selection.py:_profile / _applicable_rules (package facts and automatic rules)""]","{""level"": ""observed"", ""summary"": ""No current decision change reproduced: the removed armour text is compensated by structured profile.equipment-restrictions bindings; the same build compiles to the same outcome against live and eb85e95 KB."", ""classes"": [""structured-binding-compensation""], ""reproductions"": [{""compile_outcome"": null, ""eb85e95"": null, ""evidence"": ""matrix"", ""live"": null, ""profile_id"": ""beastmen-shaman"", ""scenario"": ""matrix-beastmen-shaman""}], ""limitation"": ""Current maintained consumer over historical data; the historical engine behaviour is not proven. Presentation consumers still render the field. No pin was changed by this lot.""}","[""build/cache/t13-parallel/context-data-review/context-diff.json#CTX-mordheim-beastmen-raiders"", ""build/cache/t13-parallel/context-data-review/compensation-check.json"", ""build/cache/t13-parallel/context-data-review/repro-matrix.json"", ""build/cache/t13-parallel/context-data-review/repro-compile.json"", ""build/cache/t13-parallel/context-data-review/repro-stages.json"", ""build/cache/t13-parallel/context-data-review/rule-rows-check.json"", ""build/cache/t13-parallel/context-data-review/access-probe.json"", ""build/cache/t13-parallel/context-data-review/entry-state.json""]","[""T13-F001""]",Coordinator decision required: whether the live fingerprint may replace the eb85e95 pin for this pair after reviewing the compensated removal group CTX-mordheim-beastmen-raiders and its consumers. This lot changed no pin.,profile-rule.centigors--trample,https://mordheimer.net/docs/warbands/grade-1a-warbands/beastmen-raiders,snapshot_content_change,sources/knowledge/bands/mordheim/beastmen-raiders,mordheim,beastmen-raiders,True,1,5,"{""equipment-access.yaml"": {""name_i18n"": 2, ""notes_i18n"": 2}, ""profiles.yaml"": {""equipment_restrictions_i18n"": 1}}","[{""profile_id"": ""beastmen-shaman"", ""removed_texts"": [""May select weapons from the Beastmen Equipment List, but may never wear armour.""]}]","[{""compile_outcome"": null, ""eb85e95"": null, ""evidence"": ""matrix"", ""live"": null, ""profile_id"": ""beastmen-shaman"", ""scenario"": ""matrix-beastmen-shaman""}]",structured-binding-compensation
FP-0322,tests/specs/semantic/grants/editorial-unarmed-and-beastmen-attacks.yaml,beastmen-extra-horned-one,rule/mordheim/beastmen-raiders/band--beastmen-special-skills-horned-one/special-rule.band--beastmen-special-skills-horned-one,sources/knowledge/bands/mordheim/beastmen-raiders/special-rules.yaml,band--beastmen-special-skills-horned-one,a9be3d73c635fe69f4d71c72116216d94bf0eb9473e429b25795dddd873c5c3d,c92d4b8ab6add69bbce154f89619b810103ab0420cf3c091b526f158c78d2be2,CTX-mordheim-beastmen-raiders,"[""equipment-access.yaml"", ""profiles.yaml""]","[{""doc"": ""profiles.yaml"", ""node"": ""profiles:beastmen-shaman"", ""path"": ""profiles[beastmen-shaman].equipment_restrictions[0]"", ""op"": ""remove"", ""old"": ""May select weapons from the Beastmen Equipment List, but may never wear armour."", ""new"": null, ""i18n_only"": false}]","[""mordheim_knowledge/loader.py:load_bands -> package profiles (equipment_restrictions)"", ""mordheim_construction/eligibility.py:package_facts -> projects equipment_restrictions, drops *_i18n"", ""mordheim_construction/eligibility.py:desktop_call -> _eligibility.js bridge.ts:desktopCall"", ""typescript/domain/eligibility/index.ts:310-313 boundEquipment reads structured profile.equipment-restrictions bindings"", ""typescript/domain/eligibility/index.ts:403-405 profileSelections reads the free-text keyword branch"", ""mordheim_construction/restrictions.py:_validate_profile_selections -> compiler.validate order (boundEquipment before profileSelections)"", ""mordheim_construction/selection.py:_profile / _applicable_rules (package facts and automatic rules)""]","{""level"": ""observed"", ""summary"": ""No current decision change reproduced: the removed armour text is compensated by structured profile.equipment-restrictions bindings; the same build compiles to the same outcome against live and eb85e95 KB."", ""classes"": [""structured-binding-compensation""], ""reproductions"": [{""compile_outcome"": null, ""eb85e95"": null, ""evidence"": ""matrix"", ""live"": null, ""profile_id"": ""beastmen-shaman"", ""scenario"": ""matrix-beastmen-shaman""}], ""limitation"": ""Current maintained consumer over historical data; the historical engine behaviour is not proven. Presentation consumers still render the field. No pin was changed by this lot.""}","[""build/cache/t13-parallel/context-data-review/context-diff.json#CTX-mordheim-beastmen-raiders"", ""build/cache/t13-parallel/context-data-review/compensation-check.json"", ""build/cache/t13-parallel/context-data-review/repro-matrix.json"", ""build/cache/t13-parallel/context-data-review/repro-compile.json"", ""build/cache/t13-parallel/context-data-review/repro-stages.json"", ""build/cache/t13-parallel/context-data-review/rule-rows-check.json"", ""build/cache/t13-parallel/context-data-review/access-probe.json"", ""build/cache/t13-parallel/context-data-review/entry-state.json""]","[""T13-F001""]",Coordinator decision required: whether the live fingerprint may replace the eb85e95 pin for this pair after reviewing the compensated removal group CTX-mordheim-beastmen-raiders and its consumers. This lot changed no pin.,special-rule.band--beastmen-special-skills-horned-one,https://mordheimer.net/docs/warbands/grade-1a-warbands/beastmen-raiders,snapshot_content_change,sources/knowledge/bands/mordheim/beastmen-raiders,mordheim,beastmen-raiders,True,1,5,"{""equipment-access.yaml"": {""name_i18n"": 2, ""notes_i18n"": 2}, ""profiles.yaml"": {""equipment_restrictions_i18n"": 1}}","[{""profile_id"": ""beastmen-shaman"", ""removed_texts"": [""May select weapons from the Beastmen Equipment List, but may never wear armour.""]}]","[{""compile_outcome"": null, ""eb85e95"": null, ""evidence"": ""matrix"", ""live"": null, ""profile_id"": ""beastmen-shaman"", ""scenario"": ""matrix-beastmen-shaman""}]",structured-binding-compensation
FP-0323,tests/specs/semantic/grants/editorial-undead-band-poison.yaml,undead-band-poison-mordheim-tomb-guardians,rule/mordheim/tomb-guardians/band--immune-to-poison/trait.poison-immune,sources/knowledge/bands/mordheim/tomb-guardians/special-rules.yaml,band--immune-to-poison,91ce7a0edd80139050d89d923ecdf62d731687bdeda94629bdfc1b439782ef40,386470ffde97fe2daca847108a36f02850e8c8fff89199fe26fb34892441d70b,CTX-mordheim-tomb-guardians,"[""equipment-access.yaml"", ""profiles.yaml""]","[{""doc"": ""profiles.yaml"", ""node"": ""profiles:liche-priest"", ""path"": ""profiles[liche-priest].equipment_restrictions[0]"", ""op"": ""remove"", ""old"": ""May select weapons from the Liche Priest Equipment List, but may never wear armour because it interferes with spell casting."", ""new"": null, ""i18n_only"": false}]","[""mordheim_knowledge/loader.py:load_bands -> package profiles (equipment_restrictions)"", ""mordheim_construction/eligibility.py:package_facts -> projects equipment_restrictions, drops *_i18n"", ""mordheim_construction/eligibility.py:desktop_call -> _eligibility.js bridge.ts:desktopCall"", ""typescript/domain/eligibility/index.ts:310-313 boundEquipment reads structured profile.equipment-restrictions bindings"", ""typescript/domain/eligibility/index.ts:403-405 profileSelections reads the free-text keyword branch"", ""mordheim_construction/restrictions.py:_validate_profile_selections -> compiler.validate order (boundEquipment before profileSelections)"", ""mordheim_construction/selection.py:_profile / _applicable_rules (package facts and automatic rules)""]","{""level"": ""observed"", ""summary"": ""No current decision change reproduced: the removed armour text is compensated by structured profile.equipment-restrictions bindings; the same build compiles to the same outcome against live and eb85e95 KB."", ""classes"": [""structured-binding-compensation""], ""reproductions"": [{""compile_outcome"": null, ""eb85e95"": null, ""evidence"": ""matrix"", ""live"": null, ""profile_id"": ""liche-priest"", ""scenario"": ""matrix-liche-priest""}], ""limitation"": ""Current maintained consumer over historical data; the historical engine behaviour is not proven. Presentation consumers still render the field. No pin was changed by this lot.""}","[""build/cache/t13-parallel/context-data-review/context-diff.json#CTX-mordheim-tomb-guardians"", ""build/cache/t13-parallel/context-data-review/compensation-check.json"", ""build/cache/t13-parallel/context-data-review/repro-matrix.json"", ""build/cache/t13-parallel/context-data-review/repro-compile.json"", ""build/cache/t13-parallel/context-data-review/repro-stages.json"", ""build/cache/t13-parallel/context-data-review/rule-rows-check.json"", ""build/cache/t13-parallel/context-data-review/access-probe.json"", ""build/cache/t13-parallel/context-data-review/entry-state.json""]","[""T13-F001""]",Coordinator decision required: whether the live fingerprint may replace the eb85e95 pin for this pair after reviewing the compensated removal group CTX-mordheim-tomb-guardians and its consumers. This lot changed no pin.,trait.poison-immune,https://mordheimer.net/docs/warbands/grade-1b-warbands/tomb-guardians,snapshot_content_change,sources/knowledge/bands/mordheim/tomb-guardians,mordheim,tomb-guardians,True,1,8,"{""equipment-access.yaml"": {""name_i18n"": 2, ""notes_i18n"": 5}, ""profiles.yaml"": {""equipment_restrictions_i18n"": 1}}","[{""profile_id"": ""liche-priest"", ""removed_texts"": [""May select weapons from the Liche Priest Equipment List, but may never wear armour because it interferes with spell casting.""]}]","[{""compile_outcome"": null, ""eb85e95"": null, ""evidence"": ""matrix"", ""live"": null, ""profile_id"": ""liche-priest"", ""scenario"": ""matrix-liche-priest""}]",structured-binding-compensation
FP-0326,tests/specs/semantic/grants/editorial-undead-band-poison.yaml,undead-band-poison-trollheim-khemri-tomb-guardians,rule/trollheim/khemri-tomb-guardians/band--immune-to-poison/trait.poison-immune,sources/knowledge/bands/trollheim/khemri-tomb-guardians/special-rules.yaml,band--immune-to-poison,0f1f6dc18e1e14973bd34bf80f438199cac8316827b6b5067d79a54035b701d0,f876f9f0be3512bb1abf9e52f1dfeb0ef9e708d30baf7e7bf2673b3403c964f5,CTX-trollheim-khemri-tomb-guardians,"[""equipment-access.yaml"", ""profiles.yaml""]","[{""doc"": ""profiles.yaml"", ""node"": ""profiles:mortuary-priest"", ""path"": ""profiles[mortuary-priest].equipment_restrictions[0]"", ""op"": ""remove"", ""old"": ""May select weapons from the Mortuary Priest Equipment List, but may never wear armour because it interferes with the Priest's powers."", ""new"": null, ""i18n_only"": false}]","[""mordheim_knowledge/loader.py:load_bands -> package profiles (equipment_restrictions)"", ""mordheim_construction/eligibility.py:package_facts -> projects equipment_restrictions, drops *_i18n"", ""mordheim_construction/eligibility.py:desktop_call -> _eligibility.js bridge.ts:desktopCall"", ""typescript/domain/eligibility/index.ts:310-313 boundEquipment reads structured profile.equipment-restrictions bindings"", ""typescript/domain/eligibility/index.ts:403-405 profileSelections reads the free-text keyword branch"", ""mordheim_construction/restrictions.py:_validate_profile_selections -> compiler.validate order (boundEquipment before profileSelections)"", ""mordheim_construction/selection.py:_profile / _applicable_rules (package facts and automatic rules)""]","{""level"": ""observed"", ""summary"": ""No current decision change reproduced: the removed armour text is compensated by structured profile.equipment-restrictions bindings; the same build compiles to the same outcome against live and eb85e95 KB."", ""classes"": [""structured-binding-compensation""], ""reproductions"": [{""compile_outcome"": null, ""eb85e95"": null, ""evidence"": ""matrix"", ""live"": null, ""profile_id"": ""mortuary-priest"", ""scenario"": ""matrix-mortuary-priest""}], ""limitation"": ""Current maintained consumer over historical data; the historical engine behaviour is not proven. Presentation consumers still render the field. No pin was changed by this lot.""}","[""build/cache/t13-parallel/context-data-review/context-diff.json#CTX-trollheim-khemri-tomb-guardians"", ""build/cache/t13-parallel/context-data-review/compensation-check.json"", ""build/cache/t13-parallel/context-data-review/repro-matrix.json"", ""build/cache/t13-parallel/context-data-review/repro-compile.json"", ""build/cache/t13-parallel/context-data-review/repro-stages.json"", ""build/cache/t13-parallel/context-data-review/rule-rows-check.json"", ""build/cache/t13-parallel/context-data-review/access-probe.json"", ""build/cache/t13-parallel/context-data-review/entry-state.json""]","[""T13-F001""]",Coordinator decision required: whether the live fingerprint may replace the eb85e95 pin for this pair after reviewing the compensated removal group CTX-trollheim-khemri-tomb-guardians and its consumers. This lot changed no pin.,trait.poison-immune,,snapshot_content_change,sources/knowledge/bands/trollheim/khemri-tomb-guardians,trollheim,khemri-tomb-guardians,True,1,11,"{""equipment-access.yaml"": {""name_i18n"": 2, ""notes_i18n"": 6}, ""profiles.yaml"": {""equipment_restrictions_i18n"": 3}}","[{""profile_id"": ""mortuary-priest"", ""removed_texts"": [""May select weapons from the Mortuary Priest Equipment List, but may never wear armour because it interferes with the Priest's powers.""]}]","[{""compile_outcome"": null, ""eb85e95"": null, ""evidence"": ""matrix"", ""live"": null, ""profile_id"": ""mortuary-priest"", ""scenario"": ""matrix-mortuary-priest""}]",structured-binding-compensation
FP-0333,tests/specs/semantic/grants/editorial-vomit-attack.yaml,editorial-vomit-attack-grants,rule/mordheim/black-orcs/troll--vomit-attack/weapon.vomit-attack,sources/knowledge/bands/mordheim/black-orcs/special-rules.yaml,troll--vomit-attack,78185bae8680c6c1f14d6a6a5998e1e57b2e5262796e580c9e8182d6d4ab65c2,b935a751f7c58da40c63deb2c476ecde3261f24046fd32887eb181d71aaaa54f,CTX-mordheim-black-orcs,"[""equipment-access.yaml"", ""profiles.yaml""]","[{""doc"": ""profiles.yaml"", ""node"": ""profiles:orc-nuttaz"", ""path"": ""profiles[orc-nuttaz].equipment_restrictions[0]"", ""op"": ""remove"", ""old"": ""May use the Henchmen List, but Savage prevents them from using any armour or ranged weapons."", ""new"": null, ""i18n_only"": false}]","[""mordheim_knowledge/loader.py:load_bands -> package profiles (equipment_restrictions)"", ""mordheim_construction/eligibility.py:package_facts -> projects equipment_restrictions, drops *_i18n"", ""mordheim_construction/eligibility.py:desktop_call -> _eligibility.js bridge.ts:desktopCall"", ""typescript/domain/eligibility/index.ts:310-313 boundEquipment reads structured profile.equipment-restrictions bindings"", ""typescript/domain/eligibility/index.ts:403-405 profileSelections reads the free-text keyword branch"", ""mordheim_construction/restrictions.py:_validate_profile_selections -> compiler.validate order (boundEquipment before profileSelections)"", ""mordheim_construction/selection.py:_profile / _applicable_rules (package facts and automatic rules)""]","{""level"": ""observed"", ""summary"": ""No current decision change reproduced: the removed armour text is compensated by structured profile.equipment-restrictions bindings; the same build compiles to the same outcome against live and eb85e95 KB."", ""classes"": [""structured-binding-compensation""], ""reproductions"": [{""compile_outcome"": null, ""eb85e95"": null, ""evidence"": ""matrix"", ""live"": null, ""profile_id"": ""orc-nuttaz"", ""scenario"": ""matrix-orc-nuttaz""}], ""limitation"": ""Current maintained consumer over historical data; the historical engine behaviour is not proven. Presentation consumers still render the field. No pin was changed by this lot.""}","[""build/cache/t13-parallel/context-data-review/context-diff.json#CTX-mordheim-black-orcs"", ""build/cache/t13-parallel/context-data-review/compensation-check.json"", ""build/cache/t13-parallel/context-data-review/repro-matrix.json"", ""build/cache/t13-parallel/context-data-review/repro-compile.json"", ""build/cache/t13-parallel/context-data-review/repro-stages.json"", ""build/cache/t13-parallel/context-data-review/rule-rows-check.json"", ""build/cache/t13-parallel/context-data-review/access-probe.json"", ""build/cache/t13-parallel/context-data-review/entry-state.json""]","[""T13-F001"", ""T13-F010""]",Coordinator decision required: whether the live fingerprint may replace the eb85e95 pin for this pair after reviewing the compensated removal group CTX-mordheim-black-orcs and its consumers. This lot changed no pin.,weapon.vomit-attack,https://mordheimer.net/docs/warbands/grade-1b-warbands/black-orcs,snapshot_content_change,sources/knowledge/bands/mordheim/black-orcs,mordheim,black-orcs,True,1,10,"{""equipment-access.yaml"": {""name_i18n"": 2, ""notes_i18n"": 4}, ""profiles.yaml"": {""equipment_restrictions_i18n"": 4}}","[{""profile_id"": ""orc-nuttaz"", ""removed_texts"": [""May use the Henchmen List, but Savage prevents them from using any armour or ranged weapons.""]}]","[{""compile_outcome"": null, ""eb85e95"": null, ""evidence"": ""matrix"", ""live"": null, ""profile_id"": ""orc-nuttaz"", ""scenario"": ""matrix-orc-nuttaz""}]",structured-binding-compensation
FP-0336,tests/specs/semantic/grants/editorial-vomit-attack.yaml,editorial-vomit-attack-grants,rule/mordheim/orc-mob/troll--vomit-attack/weapon.vomit-attack,sources/knowledge/bands/mordheim/orc-mob/special-rules.yaml,troll--vomit-attack,0e52e9cdf3a8a7c1a86ef1323477cd2d5bce55482281a50428598d810f24fca3,e0d521c1e558b50f9a2dce8f2bcbb70976be208ae0358a25650319ac4a11ed7f,CTX-mordheim-orc-mob,"[""equipment-access.yaml"", ""profiles.yaml""]","[{""doc"": ""profiles.yaml"", ""node"": ""profiles:orc-shaman"", ""path"": ""profiles[orc-shaman].equipment_restrictions[0]"", ""op"": ""remove"", ""old"": ""May select weapons from the Orc Equipment List, but may never wear armour."", ""new"": null, ""i18n_only"": false}]","[""mordheim_knowledge/loader.py:load_bands -> package profiles (equipment_restrictions)"", ""mordheim_construction/eligibility.py:package_facts -> projects equipment_restrictions, drops *_i18n"", ""mordheim_construction/eligibility.py:desktop_call -> _eligibility.js bridge.ts:desktopCall"", ""typescript/domain/eligibility/index.ts:310-313 boundEquipment reads structured profile.equipment-restrictions bindings"", ""typescript/domain/eligibility/index.ts:403-405 profileSelections reads the free-text keyword branch"", ""mordheim_construction/restrictions.py:_validate_profile_selections -> compiler.validate order (boundEquipment before profileSelections)"", ""mordheim_construction/selection.py:_profile / _applicable_rules (package facts and automatic rules)""]","{""level"": ""observed"", ""summary"": ""No current decision change reproduced: the removed armour text is compensated by structured profile.equipment-restrictions bindings; the same build compiles to the same outcome against live and eb85e95 KB."", ""classes"": [""structured-binding-compensation""], ""reproductions"": [{""compile_outcome"": null, ""eb85e95"": null, ""evidence"": ""matrix"", ""live"": null, ""profile_id"": ""orc-shaman"", ""scenario"": ""matrix-orc-shaman""}], ""limitation"": ""Current maintained consumer over historical data; the historical engine behaviour is not proven. Presentation consumers still render the field. No pin was changed by this lot.""}","[""build/cache/t13-parallel/context-data-review/context-diff.json#CTX-mordheim-orc-mob"", ""build/cache/t13-parallel/context-data-review/compensation-check.json"", ""build/cache/t13-parallel/context-data-review/repro-matrix.json"", ""build/cache/t13-parallel/context-data-review/repro-compile.json"", ""build/cache/t13-parallel/context-data-review/repro-stages.json"", ""build/cache/t13-parallel/context-data-review/rule-rows-check.json"", ""build/cache/t13-parallel/context-data-review/access-probe.json"", ""build/cache/t13-parallel/context-data-review/entry-state.json""]","[""T13-F001"", ""T13-F010""]",Coordinator decision required: whether the live fingerprint may replace the eb85e95 pin for this pair after reviewing the compensated removal group CTX-mordheim-orc-mob and its consumers. This lot changed no pin.,weapon.vomit-attack,https://mordheimer.net/docs/warbands/grade-1a-warbands/orc-mob,snapshot_content_change,sources/knowledge/bands/mordheim/orc-mob,mordheim,orc-mob,True,1,7,"{""equipment-access.yaml"": {""name_i18n"": 2, ""notes_i18n"": 3}, ""profiles.yaml"": {""equipment_restrictions_i18n"": 2}}","[{""profile_id"": ""orc-shaman"", ""removed_texts"": [""May select weapons from the Orc Equipment List, but may never wear armour.""]}]","[{""compile_outcome"": null, ""eb85e95"": null, ""evidence"": ""matrix"", ""live"": null, ""profile_id"": ""orc-shaman"", ""scenario"": ""matrix-orc-shaman""}]",structured-binding-compensation
FP-0337,tests/specs/semantic/grants/editorial-vomit-attack.yaml,editorial-vomit-attack-grants,rule/trollheim/chaos-streets-greenskins/troll--troll-vomit/weapon.vomit-attack,sources/knowledge/bands/trollheim/chaos-streets-greenskins/special-rules.yaml,troll--troll-vomit,f47ce1dec976a2d4c8295034240e2eecf04f36a1659ca4af2eb9d51a39c9c7d7,692955af0997819c008313816befeb3a139c82eeea137851b846c0861425a740,CTX-trollheim-chaos-streets-greenskins,"[""equipment-access.yaml"", ""profiles.yaml""]","[{""doc"": ""profiles.yaml"", ""node"": ""profiles:orc-shaman"", ""path"": ""profiles[orc-shaman].equipment_restrictions[0]"", ""op"": ""remove"", ""old"": ""May select weapons from the Orc Equipment List, but may never wear armour."", ""new"": null, ""i18n_only"": false}]","[""mordheim_knowledge/loader.py:load_bands -> package profiles (equipment_restrictions)"", ""mordheim_construction/eligibility.py:package_facts -> projects equipment_restrictions, drops *_i18n"", ""mordheim_construction/eligibility.py:desktop_call -> _eligibility.js bridge.ts:desktopCall"", ""typescript/domain/eligibility/index.ts:310-313 boundEquipment reads structured profile.equipment-restrictions bindings"", ""typescript/domain/eligibility/index.ts:403-405 profileSelections reads the free-text keyword branch"", ""mordheim_construction/restrictions.py:_validate_profile_selections -> compiler.validate order (boundEquipment before profileSelections)"", ""mordheim_construction/selection.py:_profile / _applicable_rules (package facts and automatic rules)""]","{""level"": ""observed"", ""summary"": ""No current decision change reproduced: the removed armour text is compensated by structured profile.equipment-restrictions bindings; the same build compiles to the same outcome against live and eb85e95 KB."", ""classes"": [""structured-binding-compensation""], ""reproductions"": [{""compile_outcome"": null, ""eb85e95"": null, ""evidence"": ""matrix"", ""live"": null, ""profile_id"": ""orc-shaman"", ""scenario"": ""matrix-orc-shaman""}], ""limitation"": ""Current maintained consumer over historical data; the historical engine behaviour is not proven. Presentation consumers still render the field. No pin was changed by this lot.""}","[""build/cache/t13-parallel/context-data-review/context-diff.json#CTX-trollheim-chaos-streets-greenskins"", ""build/cache/t13-parallel/context-data-review/compensation-check.json"", ""build/cache/t13-parallel/context-data-review/repro-matrix.json"", ""build/cache/t13-parallel/context-data-review/repro-compile.json"", ""build/cache/t13-parallel/context-data-review/repro-stages.json"", ""build/cache/t13-parallel/context-data-review/rule-rows-check.json"", ""build/cache/t13-parallel/context-data-review/access-probe.json"", ""build/cache/t13-parallel/context-data-review/entry-state.json""]","[""T13-F001"", ""T13-F010""]",Coordinator decision required: whether the live fingerprint may replace the eb85e95 pin for this pair after reviewing the compensated removal group CTX-trollheim-chaos-streets-greenskins and its consumers. This lot changed no pin.,weapon.vomit-attack,,snapshot_content_change,sources/knowledge/bands/trollheim/chaos-streets-greenskins,trollheim,chaos-streets-greenskins,True,1,12,"{""equipment-access.yaml"": {""name_i18n"": 2, ""notes_i18n"": 8}, ""profiles.yaml"": {""equipment_restrictions_i18n"": 2}}","[{""profile_id"": ""orc-shaman"", ""removed_texts"": [""May select weapons from the Orc Equipment List, but may never wear armour.""]}]","[{""compile_outcome"": null, ""eb85e95"": null, ""evidence"": ""matrix"", ""live"": null, ""profile_id"": ""orc-shaman"", ""scenario"": ""matrix-orc-shaman""}]",structured-binding-compensation
FP-0347,tests/specs/semantic/grants/knighthood.yaml,chapel-guard-squire-knighthood,rule/mordheim/bretonnian-chapel-guard/squires--knighthood/compiler.knighthood,sources/knowledge/bands/mordheim/bretonnian-chapel-guard/special-rules.yaml,squires--knighthood,eae84777286c09608e34f52e8513db43d170c2b44ebb933290786b8115490cc0,61632bb2b6fbaddfb6127b911bae562997e7ef798b99db627a17211cc5ae8d58,CTX-mordheim-bretonnian-chapel-guard,"[""equipment-access.yaml"", ""profiles.yaml""]","[{""doc"": ""profiles.yaml"", ""node"": ""profiles:knights-errant"", ""path"": ""profiles[knights-errant].equipment_restrictions[0]"", ""op"": ""remove"", ""old"": ""May not wear a Helmet (Vain)."", ""new"": null, ""i18n_only"": false}, {""doc"": ""profiles.yaml"", ""node"": ""profiles:knights-errant"", ""path"": ""profiles[knights-errant].equipment_restrictions[1]"", ""op"": ""remove"", ""old"": ""As Knights, may not use missile weapons except Holy Water, drugs or poisons, and may not learn spells (prayers are allowed)."", ""new"": null, ""i18n_only"": false}, {""doc"": ""profiles.yaml"", ""node"": ""profiles:questing-knight"", ""path"": ""profiles[questing-knight].equipment_restrictions[0]"", ""op"": ""remove"", ""old"": ""May not take a Lance (Vow of Poverty)."", ""new"": null, ""i18n_only"": false}, {""doc"": ""profiles.yaml"", ""node"": ""profiles:questing-knight"", ""path"": ""profiles[questing-knight].equipment_restrictions[1]"", ""op"": ""remove"", ""old"": ""As a Knight, may not use missile weapons except Holy Water, drugs or poisons, and may not learn spells (prayers are allowed)."", ""new"": null, ""i18n_only"": false}]","[""mordheim_knowledge/loader.py:load_bands -> package profiles (equipment_restrictions)"", ""mordheim_construction/eligibility.py:package_facts -> projects equipment_restrictions, drops *_i18n"", ""mordheim_construction/eligibility.py:desktop_call -> _eligibility.js bridge.ts:desktopCall"", ""typescript/domain/eligibility/index.ts:310-313 boundEquipment reads structured profile.equipment-restrictions bindings"", ""typescript/domain/eligibility/index.ts:403-405 profileSelections reads the free-text keyword branch"", ""mordheim_construction/restrictions.py:_validate_profile_selections -> compiler.validate order (boundEquipment before profileSelections)"", ""mordheim_construction/selection.py:_profile / _applicable_rules (package facts and automatic rules)"", ""typescript/application/rules/warband-reference.ts:108-120 (display: structured rule effect, free-text fallback)"", ""tools/knowledge/generate_knowledge_web.py:634-637 (profile_restrictions + equipment_restrictions_i18n)"", ""packages/typescript/domain/campaign/construction.ts:335 (campaign projection of equipment_restrictions)"", ""packages/python/campaign/mordheim_campaign/application/knowledge_port.py:335 (blocker only when equipment_lists is empty)""]","{""level"": ""observed"", ""summary"": ""No current decision change reproduced for the removed text class; the text matches no maintained keyword branch and its structured binding (helmet/lance) is unchanged between revisions."", ""classes"": [""no-maintained-keyword""], ""reproductions"": [{""compile_outcome"": null, ""eb85e95"": ""accepted"", ""evidence"": ""compile"", ""live"": ""accepted"", ""profile_id"": ""questing-knight"", ""scenario"": ""control-questing-knight-armour""}, {""compile_outcome"": null, ""eb85e95"": ""helmet is forbidden for bretonnian-chapel-guard/knights-errant"", ""evidence"": ""stages"", ""live"": ""helmet is forbidden for bretonnian-chapel-guard/knights-errant"", ""profile_id"": ""knights-errant"", ""scenario"": ""changed-helmet-text-knights-errant""}, {""compile_outcome"": null, ""eb85e95"": ""rejected"", ""evidence"": ""compile"", ""live"": ""rejected"", ""profile_id"": ""knights-errant"", ""scenario"": ""helmet-text-knights-errant""}, {""compile_outcome"": null, ""eb85e95"": null, ""evidence"": ""matrix"", ""live"": null, ""profile_id"": ""knights-errant"", ""scenario"": ""matrix-knights-errant""}, {""compile_outcome"": null, ""eb85e95"": null, ""evidence"": ""matrix"", ""live"": null, ""profile_id"": ""questing-knight"", ""scenario"": ""matrix-questing-knight""}, {""compile_outcome"": null, ""eb85e95"": null, ""evidence"": ""stages"", ""live"": null, ""profile_id"": ""questing-knight"", ""scenario"": ""control-unchanged-questing-knight-armour""}], ""limitation"": ""Current maintained consumer over historical data; the historical engine behaviour is not proven. Presentation consumers still render the field. No pin was changed by this lot.""}","[""build/cache/t13-parallel/context-data-review/context-diff.json#CTX-mordheim-bretonnian-chapel-guard"", ""build/cache/t13-parallel/context-data-review/compensation-check.json"", ""build/cache/t13-parallel/context-data-review/repro-matrix.json"", ""build/cache/t13-parallel/context-data-review/repro-compile.json"", ""build/cache/t13-parallel/context-data-review/repro-stages.json"", ""build/cache/t13-parallel/context-data-review/rule-rows-check.json"", ""build/cache/t13-parallel/context-data-review/access-probe.json"", ""build/cache/t13-parallel/context-data-review/entry-state.json""]","[""T13-F001""]",Coordinator decision required: whether the live fingerprint may replace the eb85e95 pin for this pair after reviewing the compensated removal group CTX-mordheim-bretonnian-chapel-guard and its consumers. This lot changed no pin.,compiler.knighthood,https://mordheimer.net/docs/warbands/grade-1c-warbands/bretonnian-chapel-guard,snapshot_content_change,sources/knowledge/bands/mordheim/bretonnian-chapel-guard,mordheim,bretonnian-chapel-guard,True,4,8,"{""equipment-access.yaml"": {""name_i18n"": 3, ""notes_i18n"": 3}, ""profiles.yaml"": {""equipment_restrictions_i18n"": 2}}","[{""profile_id"": ""knights-errant"", ""removed_texts"": [""May not wear a Helmet (Vain)."", ""As Knights, may not use missile weapons except Holy Water, drugs or poisons, and may not learn spells (prayers are allowed).""]}, {""profile_id"": ""questing-knight"", ""removed_texts"": [""May not take a Lance (Vow of Poverty)."", ""As a Knight, may not use missile weapons except Holy Water, drugs or poisons, and may not learn spells (prayers are allowed).""]}]","[{""compile_outcome"": null, ""eb85e95"": ""accepted"", ""evidence"": ""compile"", ""live"": ""accepted"", ""profile_id"": ""questing-knight"", ""scenario"": ""control-questing-knight-armour""}, {""compile_outcome"": null, ""eb85e95"": ""helmet is forbidden for bretonnian-chapel-guard/knights-errant"", ""evidence"": ""stages"", ""live"": ""helmet is forbidden for bretonnian-chapel-guard/knights-errant"", ""profile_id"": ""knights-errant"", ""scenario"": ""changed-helmet-text-knights-errant""}, {""compile_outcome"": null, ""eb85e95"": ""rejected"", ""evidence"": ""compile"", ""live"": ""rejected"", ""profile_id"": ""knights-errant"", ""scenario"": ""helmet-text-knights-errant""}, {""compile_outcome"": null, ""eb85e95"": null, ""evidence"": ""matrix"", ""live"": null, ""profile_id"": ""knights-errant"", ""scenario"": ""matrix-knights-errant""}, {""compile_outcome"": null, ""eb85e95"": null, ""evidence"": ""matrix"", ""live"": null, ""profile_id"": ""questing-knight"", ""scenario"": ""matrix-questing-knight""}, {""compile_outcome"": null, ""eb85e95"": null, ""evidence"": ""stages"", ""live"": null, ""profile_id"": ""questing-knight"", ""scenario"": ""control-unchanged-questing-knight-armour""}]",no-maintained-keyword
FP-0351,tests/specs/semantic/grants/remaining-compiler-grants-a.yaml,beastmen-and-marauder-mutant-access,rule/mordheim/beastmen-raiders/band--beastmen-special-skills-mutant/special-rule.band--beastmen-special-skills-mutant,sources/knowledge/bands/mordheim/beastmen-raiders/special-rules.yaml,band--beastmen-special-skills-mutant,917ae7128505c8b82344c665158e60367df2ffcafdc8b87ebcec0805b7617f16,f046f09e8a05388ad9d324b38002f28048754dfef1ba2e92bb3d42f4e804433b,CTX-mordheim-beastmen-raiders,"[""equipment-access.yaml"", ""profiles.yaml""]","[{""doc"": ""profiles.yaml"", ""node"": ""profiles:beastmen-shaman"", ""path"": ""profiles[beastmen-shaman].equipment_restrictions[0]"", ""op"": ""remove"", ""old"": ""May select weapons from the Beastmen Equipment List, but may never wear armour."", ""new"": null, ""i18n_only"": false}]","[""mordheim_knowledge/loader.py:load_bands -> package profiles (equipment_restrictions)"", ""mordheim_construction/eligibility.py:package_facts -> projects equipment_restrictions, drops *_i18n"", ""mordheim_construction/eligibility.py:desktop_call -> _eligibility.js bridge.ts:desktopCall"", ""typescript/domain/eligibility/index.ts:310-313 boundEquipment reads structured profile.equipment-restrictions bindings"", ""typescript/domain/eligibility/index.ts:403-405 profileSelections reads the free-text keyword branch"", ""mordheim_construction/restrictions.py:_validate_profile_selections -> compiler.validate order (boundEquipment before profileSelections)"", ""mordheim_construction/selection.py:_profile / _applicable_rules (package facts and automatic rules)""]","{""level"": ""observed"", ""summary"": ""No current decision change reproduced: the removed armour text is compensated by structured profile.equipment-restrictions bindings; the same build compiles to the same outcome against live and eb85e95 KB."", ""classes"": [""structured-binding-compensation""], ""reproductions"": [{""compile_outcome"": null, ""eb85e95"": null, ""evidence"": ""matrix"", ""live"": null, ""profile_id"": ""beastmen-shaman"", ""scenario"": ""matrix-beastmen-shaman""}], ""limitation"": ""Current maintained consumer over historical data; the historical engine behaviour is not proven. Presentation consumers still render the field. No pin was changed by this lot.""}","[""build/cache/t13-parallel/context-data-review/context-diff.json#CTX-mordheim-beastmen-raiders"", ""build/cache/t13-parallel/context-data-review/compensation-check.json"", ""build/cache/t13-parallel/context-data-review/repro-matrix.json"", ""build/cache/t13-parallel/context-data-review/repro-compile.json"", ""build/cache/t13-parallel/context-data-review/repro-stages.json"", ""build/cache/t13-parallel/context-data-review/rule-rows-check.json"", ""build/cache/t13-parallel/context-data-review/access-probe.json"", ""build/cache/t13-parallel/context-data-review/entry-state.json""]","[""T13-F001""]",Coordinator decision required: whether the live fingerprint may replace the eb85e95 pin for this pair after reviewing the compensated removal group CTX-mordheim-beastmen-raiders and its consumers. This lot changed no pin.,special-rule.band--beastmen-special-skills-mutant,https://mordheimer.net/docs/warbands/grade-1a-warbands/beastmen-raiders,snapshot_content_change,sources/knowledge/bands/mordheim/beastmen-raiders,mordheim,beastmen-raiders,True,1,5,"{""equipment-access.yaml"": {""name_i18n"": 2, ""notes_i18n"": 2}, ""profiles.yaml"": {""equipment_restrictions_i18n"": 1}}","[{""profile_id"": ""beastmen-shaman"", ""removed_texts"": [""May select weapons from the Beastmen Equipment List, but may never wear armour.""]}]","[{""compile_outcome"": null, ""eb85e95"": null, ""evidence"": ""matrix"", ""live"": null, ""profile_id"": ""beastmen-shaman"", ""scenario"": ""matrix-beastmen-shaman""}]",structured-binding-compensation
FP-0356,tests/specs/semantic/grants/remaining-compiler-grants-a.yaml,renowned-virtue,rule/mordheim/bretonnian-chapel-guard/band--renowned-virtue/compiler.renowned-virtue,sources/knowledge/bands/mordheim/bretonnian-chapel-guard/special-rules.yaml,band--renowned-virtue,c1a4a8dbb9ceeae4ce138f2cbdd5ccd0cf2d8a84b2616c514b8fc2c8fa6d7f75,77313a51dd41840390d9c4126e759723ee9f92b4ac6033c3e1ccdbce21c1213f,CTX-mordheim-bretonnian-chapel-guard,"[""equipment-access.yaml"", ""profiles.yaml""]","[{""doc"": ""profiles.yaml"", ""node"": ""profiles:knights-errant"", ""path"": ""profiles[knights-errant].equipment_restrictions[0]"", ""op"": ""remove"", ""old"": ""May not wear a Helmet (Vain)."", ""new"": null, ""i18n_only"": false}, {""doc"": ""profiles.yaml"", ""node"": ""profiles:knights-errant"", ""path"": ""profiles[knights-errant].equipment_restrictions[1]"", ""op"": ""remove"", ""old"": ""As Knights, may not use missile weapons except Holy Water, drugs or poisons, and may not learn spells (prayers are allowed)."", ""new"": null, ""i18n_only"": false}, {""doc"": ""profiles.yaml"", ""node"": ""profiles:questing-knight"", ""path"": ""profiles[questing-knight].equipment_restrictions[0]"", ""op"": ""remove"", ""old"": ""May not take a Lance (Vow of Poverty)."", ""new"": null, ""i18n_only"": false}, {""doc"": ""profiles.yaml"", ""node"": ""profiles:questing-knight"", ""path"": ""profiles[questing-knight].equipment_restrictions[1]"", ""op"": ""remove"", ""old"": ""As a Knight, may not use missile weapons except Holy Water, drugs or poisons, and may not learn spells (prayers are allowed)."", ""new"": null, ""i18n_only"": false}]","[""mordheim_knowledge/loader.py:load_bands -> package profiles (equipment_restrictions)"", ""mordheim_construction/eligibility.py:package_facts -> projects equipment_restrictions, drops *_i18n"", ""mordheim_construction/eligibility.py:desktop_call -> _eligibility.js bridge.ts:desktopCall"", ""typescript/domain/eligibility/index.ts:310-313 boundEquipment reads structured profile.equipment-restrictions bindings"", ""typescript/domain/eligibility/index.ts:403-405 profileSelections reads the free-text keyword branch"", ""mordheim_construction/restrictions.py:_validate_profile_selections -> compiler.validate order (boundEquipment before profileSelections)"", ""mordheim_construction/selection.py:_profile / _applicable_rules (package facts and automatic rules)"", ""typescript/application/rules/warband-reference.ts:108-120 (display: structured rule effect, free-text fallback)"", ""tools/knowledge/generate_knowledge_web.py:634-637 (profile_restrictions + equipment_restrictions_i18n)"", ""packages/typescript/domain/campaign/construction.ts:335 (campaign projection of equipment_restrictions)"", ""packages/python/campaign/mordheim_campaign/application/knowledge_port.py:335 (blocker only when equipment_lists is empty)""]","{""level"": ""observed"", ""summary"": ""No current decision change reproduced for the removed text class; the text matches no maintained keyword branch and its structured binding (helmet/lance) is unchanged between revisions."", ""classes"": [""no-maintained-keyword""], ""reproductions"": [{""compile_outcome"": null, ""eb85e95"": ""accepted"", ""evidence"": ""compile"", ""live"": ""accepted"", ""profile_id"": ""questing-knight"", ""scenario"": ""control-questing-knight-armour""}, {""compile_outcome"": null, ""eb85e95"": ""helmet is forbidden for bretonnian-chapel-guard/knights-errant"", ""evidence"": ""stages"", ""live"": ""helmet is forbidden for bretonnian-chapel-guard/knights-errant"", ""profile_id"": ""knights-errant"", ""scenario"": ""changed-helmet-text-knights-errant""}, {""compile_outcome"": null, ""eb85e95"": ""rejected"", ""evidence"": ""compile"", ""live"": ""rejected"", ""profile_id"": ""knights-errant"", ""scenario"": ""helmet-text-knights-errant""}, {""compile_outcome"": null, ""eb85e95"": null, ""evidence"": ""matrix"", ""live"": null, ""profile_id"": ""knights-errant"", ""scenario"": ""matrix-knights-errant""}, {""compile_outcome"": null, ""eb85e95"": null, ""evidence"": ""matrix"", ""live"": null, ""profile_id"": ""questing-knight"", ""scenario"": ""matrix-questing-knight""}, {""compile_outcome"": null, ""eb85e95"": null, ""evidence"": ""stages"", ""live"": null, ""profile_id"": ""questing-knight"", ""scenario"": ""control-unchanged-questing-knight-armour""}], ""limitation"": ""Current maintained consumer over historical data; the historical engine behaviour is not proven. Presentation consumers still render the field. No pin was changed by this lot.""}","[""build/cache/t13-parallel/context-data-review/context-diff.json#CTX-mordheim-bretonnian-chapel-guard"", ""build/cache/t13-parallel/context-data-review/compensation-check.json"", ""build/cache/t13-parallel/context-data-review/repro-matrix.json"", ""build/cache/t13-parallel/context-data-review/repro-compile.json"", ""build/cache/t13-parallel/context-data-review/repro-stages.json"", ""build/cache/t13-parallel/context-data-review/rule-rows-check.json"", ""build/cache/t13-parallel/context-data-review/access-probe.json"", ""build/cache/t13-parallel/context-data-review/entry-state.json""]","[""T13-F001""]",Coordinator decision required: whether the live fingerprint may replace the eb85e95 pin for this pair after reviewing the compensated removal group CTX-mordheim-bretonnian-chapel-guard and its consumers. This lot changed no pin.,compiler.renowned-virtue,https://mordheimer.net/docs/warbands/grade-1c-warbands/bretonnian-chapel-guard,snapshot_content_change,sources/knowledge/bands/mordheim/bretonnian-chapel-guard,mordheim,bretonnian-chapel-guard,True,4,8,"{""equipment-access.yaml"": {""name_i18n"": 3, ""notes_i18n"": 3}, ""profiles.yaml"": {""equipment_restrictions_i18n"": 2}}","[{""profile_id"": ""knights-errant"", ""removed_texts"": [""May not wear a Helmet (Vain)."", ""As Knights, may not use missile weapons except Holy Water, drugs or poisons, and may not learn spells (prayers are allowed).""]}, {""profile_id"": ""questing-knight"", ""removed_texts"": [""May not take a Lance (Vow of Poverty)."", ""As a Knight, may not use missile weapons except Holy Water, drugs or poisons, and may not learn spells (prayers are allowed).""]}]","[{""compile_outcome"": null, ""eb85e95"": ""accepted"", ""evidence"": ""compile"", ""live"": ""accepted"", ""profile_id"": ""questing-knight"", ""scenario"": ""control-questing-knight-armour""}, {""compile_outcome"": null, ""eb85e95"": ""helmet is forbidden for bretonnian-chapel-guard/knights-errant"", ""evidence"": ""stages"", ""live"": ""helmet is forbidden for bretonnian-chapel-guard/knights-errant"", ""profile_id"": ""knights-errant"", ""scenario"": ""changed-helmet-text-knights-errant""}, {""compile_outcome"": null, ""eb85e95"": ""rejected"", ""evidence"": ""compile"", ""live"": ""rejected"", ""profile_id"": ""knights-errant"", ""scenario"": ""helmet-text-knights-errant""}, {""compile_outcome"": null, ""eb85e95"": null, ""evidence"": ""matrix"", ""live"": null, ""profile_id"": ""knights-errant"", ""scenario"": ""matrix-knights-errant""}, {""compile_outcome"": null, ""eb85e95"": null, ""evidence"": ""matrix"", ""live"": null, ""profile_id"": ""questing-knight"", ""scenario"": ""matrix-questing-knight""}, {""compile_outcome"": null, ""eb85e95"": null, ""evidence"": ""stages"", ""live"": null, ""profile_id"": ""questing-knight"", ""scenario"": ""control-unchanged-questing-knight-armour""}]",no-maintained-keyword
FP-0358,tests/specs/semantic/grants/remaining-construction-choices.yaml,dwarf-rangers-no-arcane-lore,rule/mordheim/dwarf-rangers/band--no-arcane-lore/compiler.no-arcane-lore,sources/knowledge/bands/mordheim/dwarf-rangers/special-rules.yaml,band--no-arcane-lore,035701951ced928845264c80d7988568b859b4b5636b771f5bacdb1a0ec552c7,06737d2d0f06d808d456361377b1a66d9c19ac967e941e9a699a996ae0017977,CTX-mordheim-dwarf-rangers,"[""equipment-access.yaml"", ""profiles.yaml""]","[{""doc"": ""profiles.yaml"", ""node"": ""profiles:dwarf-troll-slayers"", ""path"": ""profiles[dwarf-troll-slayers].equipment_restrictions[0]"", ""op"": ""remove"", ""old"": ""May select weapons from the Dwarf Warrior Equipment List."", ""new"": null, ""i18n_only"": false}, {""doc"": ""profiles.yaml"", ""node"": ""profiles:dwarf-troll-slayers"", ""path"": ""profiles[dwarf-troll-slayers].equipment_restrictions[1]"", ""op"": ""remove"", ""old"": ""May never carry or use missile weapons or any form of armour."", ""new"": null, ""i18n_only"": false}]","[""mordheim_knowledge/loader.py:load_bands -> package profiles (equipment_restrictions)"", ""mordheim_construction/eligibility.py:package_facts -> projects equipment_restrictions, drops *_i18n"", ""mordheim_construction/eligibility.py:desktop_call -> _eligibility.js bridge.ts:desktopCall"", ""typescript/domain/eligibility/index.ts:310-313 boundEquipment reads structured profile.equipment-restrictions bindings"", ""typescript/domain/eligibility/index.ts:403-405 profileSelections reads the free-text keyword branch"", ""mordheim_construction/restrictions.py:_validate_profile_selections -> compiler.validate order (boundEquipment before profileSelections)"", ""mordheim_construction/selection.py:_profile / _applicable_rules (package facts and automatic rules)""]","{""level"": ""observed"", ""summary"": ""No current decision change reproduced: the removed armour text is compensated by structured profile.equipment-restrictions bindings; the same build compiles to the same outcome against live and eb85e95 KB."", ""classes"": [""structured-binding-compensation""], ""reproductions"": [{""compile_outcome"": null, ""eb85e95"": ""armour is forbidden for dwarf-rangers/dwarf-troll-slayers"", ""evidence"": ""stages"", ""live"": ""armour is forbidden for dwarf-rangers/dwarf-troll-slayers"", ""profile_id"": ""dwarf-troll-slayers"", ""scenario"": ""changed-armour-ban-dwarf-rangers""}, {""compile_outcome"": null, ""eb85e95"": ""rejected"", ""evidence"": ""compile"", ""live"": ""rejected"", ""profile_id"": ""dwarf-troll-slayers"", ""scenario"": ""armour-ban-dwarf-rangers""}, {""compile_outcome"": null, ""eb85e95"": null, ""evidence"": ""matrix"", ""live"": null, ""profile_id"": ""dwarf-troll-slayers"", ""scenario"": ""matrix-dwarf-troll-slayers""}], ""limitation"": ""Current maintained consumer over historical data; the historical engine behaviour is not proven. Presentation consumers still render the field. No pin was changed by this lot.""}","[""build/cache/t13-parallel/context-data-review/context-diff.json#CTX-mordheim-dwarf-rangers"", ""build/cache/t13-parallel/context-data-review/compensation-check.json"", ""build/cache/t13-parallel/context-data-review/repro-matrix.json"", ""build/cache/t13-parallel/context-data-review/repro-compile.json"", ""build/cache/t13-parallel/context-data-review/repro-stages.json"", ""build/cache/t13-parallel/context-data-review/rule-rows-check.json"", ""build/cache/t13-parallel/context-data-review/access-probe.json"", ""build/cache/t13-parallel/context-data-review/entry-state.json""]","[""T13-F001""]",Coordinator decision required: whether the live fingerprint may replace the eb85e95 pin for this pair after reviewing the compensated removal group CTX-mordheim-dwarf-rangers and its consumers. This lot changed no pin.,compiler.no-arcane-lore,https://mordheimer.net/docs/warbands/grade-1b-warbands/dwarf-rangers,snapshot_content_change,sources/knowledge/bands/mordheim/dwarf-rangers,mordheim,dwarf-rangers,True,2,6,"{""equipment-access.yaml"": {""name_i18n"": 2, ""notes_i18n"": 3}, ""profiles.yaml"": {""equipment_restrictions_i18n"": 1}}","[{""profile_id"": ""dwarf-troll-slayers"", ""removed_texts"": [""May select weapons from the Dwarf Warrior Equipment List."", ""May never carry or use missile weapons or any form of armour.""]}]","[{""compile_outcome"": null, ""eb85e95"": ""armour is forbidden for dwarf-rangers/dwarf-troll-slayers"", ""evidence"": ""stages"", ""live"": ""armour is forbidden for dwarf-rangers/dwarf-troll-slayers"", ""profile_id"": ""dwarf-troll-slayers"", ""scenario"": ""changed-armour-ban-dwarf-rangers""}, {""compile_outcome"": null, ""eb85e95"": ""rejected"", ""evidence"": ""compile"", ""live"": ""rejected"", ""profile_id"": ""dwarf-troll-slayers"", ""scenario"": ""armour-ban-dwarf-rangers""}, {""compile_outcome"": null, ""eb85e95"": null, ""evidence"": ""matrix"", ""live"": null, ""profile_id"": ""dwarf-troll-slayers"", ""scenario"": ""matrix-dwarf-troll-slayers""}]",structured-binding-compensation
FP-0369,tests/specs/semantic/grants/remaining-profile-access.yaml,promoted-ogre-combat-strength-access,rule/mordheim/pit-fighters/ogre-pit-fighter--skills/compiler.promoted-hero-skill-access,sources/knowledge/bands/mordheim/pit-fighters/special-rules.yaml,ogre-pit-fighter--skills,c3fc813487818e859b90eeadf67df4686df16346fbffc5af4d9417b9b4277fc0,63028644e3f7e94d0236c7f355161a84e2f61af6c484b0da9c32e34242ee5cdb,CTX-mordheim-pit-fighters,"[""equipment-access.yaml"", ""profiles.yaml""]","[{""doc"": ""profiles.yaml"", ""node"": ""profiles:dwarf-troll-slayer"", ""path"": ""profiles[dwarf-troll-slayer].equipment_restrictions[0]"", ""op"": ""remove"", ""old"": ""May select weapons from the Ogre & Slayer Equipment List, but may never use missile weapons or any form of armour."", ""new"": null, ""i18n_only"": false}, {""doc"": ""profiles.yaml"", ""node"": ""profiles:dwarf-troll-slayer"", ""path"": ""profiles[dwarf-troll-slayer].equipment_restrictions[1]"", ""op"": ""remove"", ""old"": ""Dwarf Axe and Gromril Weapon options are available only to the Dwarf Troll Slayer."", ""new"": null, ""i18n_only"": false}]","[""mordheim_knowledge/loader.py:load_bands -> package profiles (equipment_restrictions)"", ""mordheim_construction/eligibility.py:package_facts -> projects equipment_restrictions, drops *_i18n"", ""mordheim_construction/eligibility.py:desktop_call -> _eligibility.js bridge.ts:desktopCall"", ""typescript/domain/eligibility/index.ts:310-313 boundEquipment reads structured profile.equipment-restrictions bindings"", ""typescript/domain/eligibility/index.ts:403-405 profileSelections reads the free-text keyword branch"", ""mordheim_construction/restrictions.py:_validate_profile_selections -> compiler.validate order (boundEquipment before profileSelections)"", ""mordheim_construction/selection.py:_profile / _applicable_rules (package facts and automatic rules)""]","{""level"": ""observed"", ""summary"": ""No current decision change reproduced: the removed armour text is compensated by structured profile.equipment-restrictions bindings; the same build compiles to the same outcome against live and eb85e95 KB."", ""classes"": [""structured-binding-compensation""], ""reproductions"": [{""compile_outcome"": null, ""eb85e95"": ""armour is forbidden for pit-fighters/dwarf-troll-slayer"", ""evidence"": ""stages"", ""live"": ""armour is forbidden for pit-fighters/dwarf-troll-slayer"", ""profile_id"": ""dwarf-troll-slayer"", ""scenario"": ""changed-armour-ban-pit-fighters""}, {""compile_outcome"": null, ""eb85e95"": ""rejected"", ""evidence"": ""compile"", ""live"": ""rejected"", ""profile_id"": ""dwarf-troll-slayer"", ""scenario"": ""armour-ban-pit-fighters""}, {""compile_outcome"": null, ""eb85e95"": null, ""evidence"": ""matrix"", ""live"": null, ""profile_id"": ""dwarf-troll-slayer"", ""scenario"": ""matrix-dwarf-troll-slayer""}], ""limitation"": ""Current maintained consumer over historical data; the historical engine behaviour is not proven. Presentation consumers still render the field. No pin was changed by this lot.""}","[""build/cache/t13-parallel/context-data-review/context-diff.json#CTX-mordheim-pit-fighters"", ""build/cache/t13-parallel/context-data-review/compensation-check.json"", ""build/cache/t13-parallel/context-data-review/repro-matrix.json"", ""build/cache/t13-parallel/context-data-review/repro-compile.json"", ""build/cache/t13-parallel/context-data-review/repro-stages.json"", ""build/cache/t13-parallel/context-data-review/rule-rows-check.json"", ""build/cache/t13-parallel/context-data-review/access-probe.json"", ""build/cache/t13-parallel/context-data-review/entry-state.json""]","[""T13-F001""]",Coordinator decision required: whether the live fingerprint may replace the eb85e95 pin for this pair after reviewing the compensated removal group CTX-mordheim-pit-fighters and its consumers. This lot changed no pin.,compiler.promoted-hero-skill-access,https://mordheimer.net/docs/warbands/grade-1b-warbands/pit-fighters,snapshot_content_change,sources/knowledge/bands/mordheim/pit-fighters,mordheim,pit-fighters,True,2,15,"{""equipment-access.yaml"": {""name_i18n"": 9, ""notes_i18n"": 5}, ""profiles.yaml"": {""equipment_restrictions_i18n"": 1}}","[{""profile_id"": ""dwarf-troll-slayer"", ""removed_texts"": [""May select weapons from the Ogre & Slayer Equipment List, but may never use missile weapons or any form of armour."", ""Dwarf Axe and Gromril Weapon options are available only to the Dwarf Troll Slayer.""]}]","[{""compile_outcome"": null, ""eb85e95"": ""armour is forbidden for pit-fighters/dwarf-troll-slayer"", ""evidence"": ""stages"", ""live"": ""armour is forbidden for pit-fighters/dwarf-troll-slayer"", ""profile_id"": ""dwarf-troll-slayer"", ""scenario"": ""changed-armour-ban-pit-fighters""}, {""compile_outcome"": null, ""eb85e95"": ""rejected"", ""evidence"": ""compile"", ""live"": ""rejected"", ""profile_id"": ""dwarf-troll-slayer"", ""scenario"": ""armour-ban-pit-fighters""}, {""compile_outcome"": null, ""eb85e95"": null, ""evidence"": ""matrix"", ""live"": null, ""profile_id"": ""dwarf-troll-slayer"", ""scenario"": ""matrix-dwarf-troll-slayer""}]",structured-binding-compensation
FP-0370,tests/specs/semantic/grants/remaining-profile-access.yaml,promoted-ogre-combat-strength-access,rule/trollheim/chaos-streets-pit-fighters/ogre-pit-fighter--skills/compiler.promoted-hero-skill-access,sources/knowledge/bands/trollheim/chaos-streets-pit-fighters/special-rules.yaml,ogre-pit-fighter--skills,5e9fb552b55b1cfd27612002860f8237e9bc11f4c5a1c9191f8470a221157985,17592c57010c25ea294a07a9b82f7c46efb3e99bfd9b6b9767ce9e5b7919f419,CTX-trollheim-chaos-streets-pit-fighters,"[""equipment-access.yaml"", ""profiles.yaml""]","[{""doc"": ""profiles.yaml"", ""node"": ""profiles:dwarf-troll-slayer"", ""path"": ""profiles[dwarf-troll-slayer].equipment_restrictions[0]"", ""op"": ""remove"", ""old"": ""May select weapons from the Dwarf Troll Slayer Equipment List."", ""new"": null, ""i18n_only"": false}, {""doc"": ""profiles.yaml"", ""node"": ""profiles:dwarf-troll-slayer"", ""path"": ""profiles[dwarf-troll-slayer].equipment_restrictions[1]"", ""op"": ""remove"", ""old"": ""May never use missile weapons or any form of armour."", ""new"": null, ""i18n_only"": false}]","[""mordheim_knowledge/loader.py:load_bands -> package profiles (equipment_restrictions)"", ""mordheim_construction/eligibility.py:package_facts -> projects equipment_restrictions, drops *_i18n"", ""mordheim_construction/eligibility.py:desktop_call -> _eligibility.js bridge.ts:desktopCall"", ""typescript/domain/eligibility/index.ts:310-313 boundEquipment reads structured profile.equipment-restrictions bindings"", ""typescript/domain/eligibility/index.ts:403-405 profileSelections reads the free-text keyword branch"", ""mordheim_construction/restrictions.py:_validate_profile_selections -> compiler.validate order (boundEquipment before profileSelections)"", ""mordheim_construction/selection.py:_profile / _applicable_rules (package facts and automatic rules)""]","{""level"": ""observed"", ""summary"": ""No current decision change reproduced: the removed armour text is compensated by structured profile.equipment-restrictions bindings; the same build compiles to the same outcome against live and eb85e95 KB."", ""classes"": [""structured-binding-compensation""], ""reproductions"": [{""compile_outcome"": null, ""eb85e95"": null, ""evidence"": ""matrix"", ""live"": null, ""profile_id"": ""dwarf-troll-slayer"", ""scenario"": ""matrix-dwarf-troll-slayer""}], ""limitation"": ""Current maintained consumer over historical data; the historical engine behaviour is not proven. Presentation consumers still render the field. No pin was changed by this lot.""}","[""build/cache/t13-parallel/context-data-review/context-diff.json#CTX-trollheim-chaos-streets-pit-fighters"", ""build/cache/t13-parallel/context-data-review/compensation-check.json"", ""build/cache/t13-parallel/context-data-review/repro-matrix.json"", ""build/cache/t13-parallel/context-data-review/repro-compile.json"", ""build/cache/t13-parallel/context-data-review/repro-stages.json"", ""build/cache/t13-parallel/context-data-review/rule-rows-check.json"", ""build/cache/t13-parallel/context-data-review/access-probe.json"", ""build/cache/t13-parallel/context-data-review/entry-state.json""]","[""T13-F001""]",Coordinator decision required: whether the live fingerprint may replace the eb85e95 pin for this pair after reviewing the compensated removal group CTX-trollheim-chaos-streets-pit-fighters and its consumers. This lot changed no pin.,compiler.promoted-hero-skill-access,,snapshot_content_change,sources/knowledge/bands/trollheim/chaos-streets-pit-fighters,trollheim,chaos-streets-pit-fighters,True,2,13,"{""equipment-access.yaml"": {""name_i18n"": 10, ""notes_i18n"": 3}}","[{""profile_id"": ""dwarf-troll-slayer"", ""removed_texts"": [""May select weapons from the Dwarf Troll Slayer Equipment List."", ""May never use missile weapons or any form of armour.""]}]","[{""compile_outcome"": null, ""eb85e95"": null, ""evidence"": ""matrix"", ""live"": null, ""profile_id"": ""dwarf-troll-slayer"", ""scenario"": ""matrix-dwarf-troll-slayer""}]",structured-binding-compensation
FP-0371,tests/specs/semantic/grants/remaining-restrictions.yaml,chapel-guard-chivalry,rule/mordheim/bretonnian-chapel-guard/band--chivalry/mechanic.chivalry,sources/knowledge/bands/mordheim/bretonnian-chapel-guard/special-rules.yaml,band--chivalry,bcf6f9dedb5a5f8f1505c123551aba414dbadc64ea3d4f273c9f1212901316cd,8fdab078713020c532e53b295403a25dd7cd19751640d1d087f170586a9c51e1,CTX-mordheim-bretonnian-chapel-guard,"[""equipment-access.yaml"", ""profiles.yaml""]","[{""doc"": ""profiles.yaml"", ""node"": ""profiles:knights-errant"", ""path"": ""profiles[knights-errant].equipment_restrictions[0]"", ""op"": ""remove"", ""old"": ""May not wear a Helmet (Vain)."", ""new"": null, ""i18n_only"": false}, {""doc"": ""profiles.yaml"", ""node"": ""profiles:knights-errant"", ""path"": ""profiles[knights-errant].equipment_restrictions[1]"", ""op"": ""remove"", ""old"": ""As Knights, may not use missile weapons except Holy Water, drugs or poisons, and may not learn spells (prayers are allowed)."", ""new"": null, ""i18n_only"": false}, {""doc"": ""profiles.yaml"", ""node"": ""profiles:questing-knight"", ""path"": ""profiles[questing-knight].equipment_restrictions[0]"", ""op"": ""remove"", ""old"": ""May not take a Lance (Vow of Poverty)."", ""new"": null, ""i18n_only"": false}, {""doc"": ""profiles.yaml"", ""node"": ""profiles:questing-knight"", ""path"": ""profiles[questing-knight].equipment_restrictions[1]"", ""op"": ""remove"", ""old"": ""As a Knight, may not use missile weapons except Holy Water, drugs or poisons, and may not learn spells (prayers are allowed)."", ""new"": null, ""i18n_only"": false}]","[""mordheim_knowledge/loader.py:load_bands -> package profiles (equipment_restrictions)"", ""mordheim_construction/eligibility.py:package_facts -> projects equipment_restrictions, drops *_i18n"", ""mordheim_construction/eligibility.py:desktop_call -> _eligibility.js bridge.ts:desktopCall"", ""typescript/domain/eligibility/index.ts:310-313 boundEquipment reads structured profile.equipment-restrictions bindings"", ""typescript/domain/eligibility/index.ts:403-405 profileSelections reads the free-text keyword branch"", ""mordheim_construction/restrictions.py:_validate_profile_selections -> compiler.validate order (boundEquipment before profileSelections)"", ""mordheim_construction/selection.py:_profile / _applicable_rules (package facts and automatic rules)"", ""typescript/application/rules/warband-reference.ts:108-120 (display: structured rule effect, free-text fallback)"", ""tools/knowledge/generate_knowledge_web.py:634-637 (profile_restrictions + equipment_restrictions_i18n)"", ""packages/typescript/domain/campaign/construction.ts:335 (campaign projection of equipment_restrictions)"", ""packages/python/campaign/mordheim_campaign/application/knowledge_port.py:335 (blocker only when equipment_lists is empty)""]","{""level"": ""observed"", ""summary"": ""No current decision change reproduced for the removed text class; the text matches no maintained keyword branch and its structured binding (helmet/lance) is unchanged between revisions."", ""classes"": [""no-maintained-keyword""], ""reproductions"": [{""compile_outcome"": null, ""eb85e95"": ""accepted"", ""evidence"": ""compile"", ""live"": ""accepted"", ""profile_id"": ""questing-knight"", ""scenario"": ""control-questing-knight-armour""}, {""compile_outcome"": null, ""eb85e95"": ""helmet is forbidden for bretonnian-chapel-guard/knights-errant"", ""evidence"": ""stages"", ""live"": ""helmet is forbidden for bretonnian-chapel-guard/knights-errant"", ""profile_id"": ""knights-errant"", ""scenario"": ""changed-helmet-text-knights-errant""}, {""compile_outcome"": null, ""eb85e95"": ""rejected"", ""evidence"": ""compile"", ""live"": ""rejected"", ""profile_id"": ""knights-errant"", ""scenario"": ""helmet-text-knights-errant""}, {""compile_outcome"": null, ""eb85e95"": null, ""evidence"": ""matrix"", ""live"": null, ""profile_id"": ""knights-errant"", ""scenario"": ""matrix-knights-errant""}, {""compile_outcome"": null, ""eb85e95"": null, ""evidence"": ""matrix"", ""live"": null, ""profile_id"": ""questing-knight"", ""scenario"": ""matrix-questing-knight""}, {""compile_outcome"": null, ""eb85e95"": null, ""evidence"": ""stages"", ""live"": null, ""profile_id"": ""questing-knight"", ""scenario"": ""control-unchanged-questing-knight-armour""}], ""limitation"": ""Current maintained consumer over historical data; the historical engine behaviour is not proven. Presentation consumers still render the field. No pin was changed by this lot.""}","[""build/cache/t13-parallel/context-data-review/context-diff.json#CTX-mordheim-bretonnian-chapel-guard"", ""build/cache/t13-parallel/context-data-review/compensation-check.json"", ""build/cache/t13-parallel/context-data-review/repro-matrix.json"", ""build/cache/t13-parallel/context-data-review/repro-compile.json"", ""build/cache/t13-parallel/context-data-review/repro-stages.json"", ""build/cache/t13-parallel/context-data-review/rule-rows-check.json"", ""build/cache/t13-parallel/context-data-review/access-probe.json"", ""build/cache/t13-parallel/context-data-review/entry-state.json""]","[""T13-F001""]",Coordinator decision required: whether the live fingerprint may replace the eb85e95 pin for this pair after reviewing the compensated removal group CTX-mordheim-bretonnian-chapel-guard and its consumers. This lot changed no pin.,mechanic.chivalry,https://mordheimer.net/docs/warbands/grade-1c-warbands/bretonnian-chapel-guard,snapshot_content_change,sources/knowledge/bands/mordheim/bretonnian-chapel-guard,mordheim,bretonnian-chapel-guard,True,4,8,"{""equipment-access.yaml"": {""name_i18n"": 3, ""notes_i18n"": 3}, ""profiles.yaml"": {""equipment_restrictions_i18n"": 2}}","[{""profile_id"": ""knights-errant"", ""removed_texts"": [""May not wear a Helmet (Vain)."", ""As Knights, may not use missile weapons except Holy Water, drugs or poisons, and may not learn spells (prayers are allowed).""]}, {""profile_id"": ""questing-knight"", ""removed_texts"": [""May not take a Lance (Vow of Poverty)."", ""As a Knight, may not use missile weapons except Holy Water, drugs or poisons, and may not learn spells (prayers are allowed).""]}]","[{""compile_outcome"": null, ""eb85e95"": ""accepted"", ""evidence"": ""compile"", ""live"": ""accepted"", ""profile_id"": ""questing-knight"", ""scenario"": ""control-questing-knight-armour""}, {""compile_outcome"": null, ""eb85e95"": ""helmet is forbidden for bretonnian-chapel-guard/knights-errant"", ""evidence"": ""stages"", ""live"": ""helmet is forbidden for bretonnian-chapel-guard/knights-errant"", ""profile_id"": ""knights-errant"", ""scenario"": ""changed-helmet-text-knights-errant""}, {""compile_outcome"": null, ""eb85e95"": ""rejected"", ""evidence"": ""compile"", ""live"": ""rejected"", ""profile_id"": ""knights-errant"", ""scenario"": ""helmet-text-knights-errant""}, {""compile_outcome"": null, ""eb85e95"": null, ""evidence"": ""matrix"", ""live"": null, ""profile_id"": ""knights-errant"", ""scenario"": ""matrix-knights-errant""}, {""compile_outcome"": null, ""eb85e95"": null, ""evidence"": ""matrix"", ""live"": null, ""profile_id"": ""questing-knight"", ""scenario"": ""matrix-questing-knight""}, {""compile_outcome"": null, ""eb85e95"": null, ""evidence"": ""stages"", ""live"": null, ""profile_id"": ""questing-knight"", ""scenario"": ""control-unchanged-questing-knight-armour""}]",no-maintained-keyword
FP-0378,tests/specs/semantic/grants/trollheim-slayer-skill-options.yaml,streets-troll-slayer-combined-skill-options,rule/trollheim/chaos-streets-pit-fighters/dwarf-troll-slayer--slayer-skill-options/compiler.slayer-skill-options,sources/knowledge/bands/trollheim/chaos-streets-pit-fighters/special-rules.yaml,dwarf-troll-slayer--slayer-skill-options,0687edc2cf7fe38587d567387af1e63253d3c6dba67403db7c17e9c03cdc5110,54a5f843c5338db279fe5bbad4ad28b26ffcdae6c5c14f99289feaaf88cbd311,CTX-trollheim-chaos-streets-pit-fighters,"[""equipment-access.yaml"", ""profiles.yaml""]","[{""doc"": ""profiles.yaml"", ""node"": ""profiles:dwarf-troll-slayer"", ""path"": ""profiles[dwarf-troll-slayer].equipment_restrictions[0]"", ""op"": ""remove"", ""old"": ""May select weapons from the Dwarf Troll Slayer Equipment List."", ""new"": null, ""i18n_only"": false}, {""doc"": ""profiles.yaml"", ""node"": ""profiles:dwarf-troll-slayer"", ""path"": ""profiles[dwarf-troll-slayer].equipment_restrictions[1]"", ""op"": ""remove"", ""old"": ""May never use missile weapons or any form of armour."", ""new"": null, ""i18n_only"": false}]","[""mordheim_knowledge/loader.py:load_bands -> package profiles (equipment_restrictions)"", ""mordheim_construction/eligibility.py:package_facts -> projects equipment_restrictions, drops *_i18n"", ""mordheim_construction/eligibility.py:desktop_call -> _eligibility.js bridge.ts:desktopCall"", ""typescript/domain/eligibility/index.ts:310-313 boundEquipment reads structured profile.equipment-restrictions bindings"", ""typescript/domain/eligibility/index.ts:403-405 profileSelections reads the free-text keyword branch"", ""mordheim_construction/restrictions.py:_validate_profile_selections -> compiler.validate order (boundEquipment before profileSelections)"", ""mordheim_construction/selection.py:_profile / _applicable_rules (package facts and automatic rules)""]","{""level"": ""observed"", ""summary"": ""No current decision change reproduced: the removed armour text is compensated by structured profile.equipment-restrictions bindings; the same build compiles to the same outcome against live and eb85e95 KB."", ""classes"": [""structured-binding-compensation""], ""reproductions"": [{""compile_outcome"": null, ""eb85e95"": null, ""evidence"": ""matrix"", ""live"": null, ""profile_id"": ""dwarf-troll-slayer"", ""scenario"": ""matrix-dwarf-troll-slayer""}], ""limitation"": ""Current maintained consumer over historical data; the historical engine behaviour is not proven. Presentation consumers still render the field. No pin was changed by this lot.""}","[""build/cache/t13-parallel/context-data-review/context-diff.json#CTX-trollheim-chaos-streets-pit-fighters"", ""build/cache/t13-parallel/context-data-review/compensation-check.json"", ""build/cache/t13-parallel/context-data-review/repro-matrix.json"", ""build/cache/t13-parallel/context-data-review/repro-compile.json"", ""build/cache/t13-parallel/context-data-review/repro-stages.json"", ""build/cache/t13-parallel/context-data-review/rule-rows-check.json"", ""build/cache/t13-parallel/context-data-review/access-probe.json"", ""build/cache/t13-parallel/context-data-review/entry-state.json""]","[""T13-F001""]",Coordinator decision required: whether the live fingerprint may replace the eb85e95 pin for this pair after reviewing the compensated removal group CTX-trollheim-chaos-streets-pit-fighters and its consumers. This lot changed no pin.,compiler.slayer-skill-options,,snapshot_content_change,sources/knowledge/bands/trollheim/chaos-streets-pit-fighters,trollheim,chaos-streets-pit-fighters,True,2,13,"{""equipment-access.yaml"": {""name_i18n"": 10, ""notes_i18n"": 3}}","[{""profile_id"": ""dwarf-troll-slayer"", ""removed_texts"": [""May select weapons from the Dwarf Troll Slayer Equipment List."", ""May never use missile weapons or any form of armour.""]}]","[{""compile_outcome"": null, ""eb85e95"": null, ""evidence"": ""matrix"", ""live"": null, ""profile_id"": ""dwarf-troll-slayer"", ""scenario"": ""matrix-dwarf-troll-slayer""}]",structured-binding-compensation
FP-0409,tests/specs/semantic/rules/animal-friendship.yaml,horned-hunter-animal-friendship,rule/mordheim/horned-hunters/band--horned-hunter-special-skills-animal-friendship/trait.animal-friendship,sources/knowledge/bands/mordheim/horned-hunters/special-rules.yaml,band--horned-hunter-special-skills-animal-friendship,9f4a3b83f449b3d2f30d39374f5d91b78b260ddf2fe8e0166f75e9a0217143b3,b3fff3ff4130cb9e36551caa9d60582898e7d765340033325d59e656f94e0a55,CTX-mordheim-horned-hunters,"[""equipment-access.yaml"", ""profiles.yaml""]","[{""doc"": ""profiles.yaml"", ""node"": ""profiles:initiates"", ""path"": ""profiles[initiates].equipment_restrictions[0]"", ""op"": ""remove"", ""old"": ""May select weapons from the Horned Hunter Equipment List."", ""new"": null, ""i18n_only"": false}, {""doc"": ""profiles.yaml"", ""node"": ""profiles:initiates"", ""path"": ""profiles[initiates].equipment_restrictions[1]"", ""op"": ""remove"", ""old"": ""May never wear armour (Strictures)."", ""new"": null, ""i18n_only"": false}, {""doc"": ""profiles.yaml"", ""node"": ""profiles:zealots"", ""path"": ""profiles[zealots].equipment_restrictions[0]"", ""op"": ""remove"", ""old"": ""May select weapons from the Henchmen Equipment List."", ""new"": null, ""i18n_only"": false}, {""doc"": ""profiles.yaml"", ""node"": ""profiles:zealots"", ""path"": ""profiles[zealots].equipment_restrictions[1]"", ""op"": ""remove"", ""old"": ""May never wear armour (Strictures)."", ""new"": null, ""i18n_only"": false}]","[""mordheim_knowledge/loader.py:load_bands -> package profiles (equipment_restrictions)"", ""mordheim_construction/eligibility.py:package_facts -> projects equipment_restrictions, drops *_i18n"", ""mordheim_construction/eligibility.py:desktop_call -> _eligibility.js bridge.ts:desktopCall"", ""typescript/domain/eligibility/index.ts:310-313 boundEquipment reads structured profile.equipment-restrictions bindings"", ""typescript/domain/eligibility/index.ts:403-405 profileSelections reads the free-text keyword branch"", ""mordheim_construction/restrictions.py:_validate_profile_selections -> compiler.validate order (boundEquipment before profileSelections)"", ""mordheim_construction/selection.py:_profile / _applicable_rules (package facts and automatic rules)""]","{""level"": ""observed"", ""summary"": ""No current decision change reproduced: the removed armour text is compensated by structured profile.equipment-restrictions bindings; the same build compiles to the same outcome against live and eb85e95 KB."", ""classes"": [""structured-binding-compensation""], ""reproductions"": [{""compile_outcome"": null, ""eb85e95"": ""rejected"", ""evidence"": ""compile"", ""live"": ""rejected"", ""profile_id"": ""initiates"", ""scenario"": ""armour-ban-horned-hunters""}, {""compile_outcome"": null, ""eb85e95"": null, ""evidence"": ""matrix"", ""live"": null, ""profile_id"": ""initiates"", ""scenario"": ""matrix-initiates""}, {""compile_outcome"": null, ""eb85e95"": null, ""evidence"": ""matrix"", ""live"": null, ""profile_id"": ""zealots"", ""scenario"": ""matrix-zealots""}], ""limitation"": ""Current maintained consumer over historical data; the historical engine behaviour is not proven. Presentation consumers still render the field. No pin was changed by this lot.""}","[""build/cache/t13-parallel/context-data-review/context-diff.json#CTX-mordheim-horned-hunters"", ""build/cache/t13-parallel/context-data-review/compensation-check.json"", ""build/cache/t13-parallel/context-data-review/repro-matrix.json"", ""build/cache/t13-parallel/context-data-review/repro-compile.json"", ""build/cache/t13-parallel/context-data-review/repro-stages.json"", ""build/cache/t13-parallel/context-data-review/rule-rows-check.json"", ""build/cache/t13-parallel/context-data-review/access-probe.json"", ""build/cache/t13-parallel/context-data-review/entry-state.json""]","[""T13-F001""]",Coordinator decision required: whether the live fingerprint may replace the eb85e95 pin for this pair after reviewing the compensated removal group CTX-mordheim-horned-hunters and its consumers. This lot changed no pin.,trait.animal-friendship,https://mordheimer.net/docs/warbands/grade-1b-warbands/horned-hunters,snapshot_content_change,sources/knowledge/bands/mordheim/horned-hunters,mordheim,horned-hunters,True,4,7,"{""equipment-access.yaml"": {""name_i18n"": 2, ""notes_i18n"": 2}, ""profiles.yaml"": {""equipment_restrictions_i18n"": 3}}","[{""profile_id"": ""initiates"", ""removed_texts"": [""May select weapons from the Horned Hunter Equipment List."", ""May never wear armour (Strictures).""]}, {""profile_id"": ""zealots"", ""removed_texts"": [""May select weapons from the Henchmen Equipment List."", ""May never wear armour (Strictures).""]}]","[{""compile_outcome"": null, ""eb85e95"": ""rejected"", ""evidence"": ""compile"", ""live"": ""rejected"", ""profile_id"": ""initiates"", ""scenario"": ""armour-ban-horned-hunters""}, {""compile_outcome"": null, ""eb85e95"": null, ""evidence"": ""matrix"", ""live"": null, ""profile_id"": ""initiates"", ""scenario"": ""matrix-initiates""}, {""compile_outcome"": null, ""eb85e95"": null, ""evidence"": ""matrix"", ""live"": null, ""profile_id"": ""zealots"", ""scenario"": ""matrix-zealots""}]",structured-binding-compensation
FP-0416,tests/specs/semantic/rules/black-hunger-force-and-netter.yaml,editorial-force-of-will-variants,rule/mordheim/pit-fighters/band--pit-fighter-skill-force-of-will/mechanic.force-of-will,sources/knowledge/bands/mordheim/pit-fighters/special-rules.yaml,band--pit-fighter-skill-force-of-will,920319c7240d376b472c185034df4f45e1d21dc55d4ad41d3f1964bd80339221,005ee0cfb21f3c195429fd4a857d728ee21aa10dba99741ef0edcd9d7bbe51b5,CTX-mordheim-pit-fighters,"[""equipment-access.yaml"", ""profiles.yaml""]","[{""doc"": ""profiles.yaml"", ""node"": ""profiles:dwarf-troll-slayer"", ""path"": ""profiles[dwarf-troll-slayer].equipment_restrictions[0]"", ""op"": ""remove"", ""old"": ""May select weapons from the Ogre & Slayer Equipment List, but may never use missile weapons or any form of armour."", ""new"": null, ""i18n_only"": false}, {""doc"": ""profiles.yaml"", ""node"": ""profiles:dwarf-troll-slayer"", ""path"": ""profiles[dwarf-troll-slayer].equipment_restrictions[1]"", ""op"": ""remove"", ""old"": ""Dwarf Axe and Gromril Weapon options are available only to the Dwarf Troll Slayer."", ""new"": null, ""i18n_only"": false}]","[""mordheim_knowledge/loader.py:load_bands -> package profiles (equipment_restrictions)"", ""mordheim_construction/eligibility.py:package_facts -> projects equipment_restrictions, drops *_i18n"", ""mordheim_construction/eligibility.py:desktop_call -> _eligibility.js bridge.ts:desktopCall"", ""typescript/domain/eligibility/index.ts:310-313 boundEquipment reads structured profile.equipment-restrictions bindings"", ""typescript/domain/eligibility/index.ts:403-405 profileSelections reads the free-text keyword branch"", ""mordheim_construction/restrictions.py:_validate_profile_selections -> compiler.validate order (boundEquipment before profileSelections)"", ""mordheim_construction/selection.py:_profile / _applicable_rules (package facts and automatic rules)""]","{""level"": ""observed"", ""summary"": ""No current decision change reproduced: the removed armour text is compensated by structured profile.equipment-restrictions bindings; the same build compiles to the same outcome against live and eb85e95 KB."", ""classes"": [""structured-binding-compensation""], ""reproductions"": [{""compile_outcome"": null, ""eb85e95"": ""armour is forbidden for pit-fighters/dwarf-troll-slayer"", ""evidence"": ""stages"", ""live"": ""armour is forbidden for pit-fighters/dwarf-troll-slayer"", ""profile_id"": ""dwarf-troll-slayer"", ""scenario"": ""changed-armour-ban-pit-fighters""}, {""compile_outcome"": null, ""eb85e95"": ""rejected"", ""evidence"": ""compile"", ""live"": ""rejected"", ""profile_id"": ""dwarf-troll-slayer"", ""scenario"": ""armour-ban-pit-fighters""}, {""compile_outcome"": null, ""eb85e95"": null, ""evidence"": ""matrix"", ""live"": null, ""profile_id"": ""dwarf-troll-slayer"", ""scenario"": ""matrix-dwarf-troll-slayer""}], ""limitation"": ""Current maintained consumer over historical data; the historical engine behaviour is not proven. Presentation consumers still render the field. No pin was changed by this lot.""}","[""build/cache/t13-parallel/context-data-review/context-diff.json#CTX-mordheim-pit-fighters"", ""build/cache/t13-parallel/context-data-review/compensation-check.json"", ""build/cache/t13-parallel/context-data-review/repro-matrix.json"", ""build/cache/t13-parallel/context-data-review/repro-compile.json"", ""build/cache/t13-parallel/context-data-review/repro-stages.json"", ""build/cache/t13-parallel/context-data-review/rule-rows-check.json"", ""build/cache/t13-parallel/context-data-review/access-probe.json"", ""build/cache/t13-parallel/context-data-review/entry-state.json""]","[""T13-F001""]",Coordinator decision required: whether the live fingerprint may replace the eb85e95 pin for this pair after reviewing the compensated removal group CTX-mordheim-pit-fighters and its consumers. This lot changed no pin.,mechanic.force-of-will,https://mordheimer.net/docs/warbands/grade-1b-warbands/pit-fighters,snapshot_content_change,sources/knowledge/bands/mordheim/pit-fighters,mordheim,pit-fighters,True,2,15,"{""equipment-access.yaml"": {""name_i18n"": 9, ""notes_i18n"": 5}, ""profiles.yaml"": {""equipment_restrictions_i18n"": 1}}","[{""profile_id"": ""dwarf-troll-slayer"", ""removed_texts"": [""May select weapons from the Ogre & Slayer Equipment List, but may never use missile weapons or any form of armour."", ""Dwarf Axe and Gromril Weapon options are available only to the Dwarf Troll Slayer.""]}]","[{""compile_outcome"": null, ""eb85e95"": ""armour is forbidden for pit-fighters/dwarf-troll-slayer"", ""evidence"": ""stages"", ""live"": ""armour is forbidden for pit-fighters/dwarf-troll-slayer"", ""profile_id"": ""dwarf-troll-slayer"", ""scenario"": ""changed-armour-ban-pit-fighters""}, {""compile_outcome"": null, ""eb85e95"": ""rejected"", ""evidence"": ""compile"", ""live"": ""rejected"", ""profile_id"": ""dwarf-troll-slayer"", ""scenario"": ""armour-ban-pit-fighters""}, {""compile_outcome"": null, ""eb85e95"": null, ""evidence"": ""matrix"", ""live"": null, ""profile_id"": ""dwarf-troll-slayer"", ""scenario"": ""matrix-dwarf-troll-slayer""}]",structured-binding-compensation
FP-0417,tests/specs/semantic/rules/black-hunger-force-and-netter.yaml,editorial-force-of-will-variants,rule/trollheim/chaos-streets-pit-fighters/band--pit-fighter-skill-force-of-will/mechanic.force-of-will,sources/knowledge/bands/trollheim/chaos-streets-pit-fighters/special-rules.yaml,band--pit-fighter-skill-force-of-will,d83f4aa0ed1b12502584f8dcfa15002b390ab0e12fe63ef6d06315b466beae0f,d440b8892945c5f1db700ffe57f04be8523003fca0036fa10089ecc8d661e132,CTX-trollheim-chaos-streets-pit-fighters,"[""equipment-access.yaml"", ""profiles.yaml""]","[{""doc"": ""profiles.yaml"", ""node"": ""profiles:dwarf-troll-slayer"", ""path"": ""profiles[dwarf-troll-slayer].equipment_restrictions[0]"", ""op"": ""remove"", ""old"": ""May select weapons from the Dwarf Troll Slayer Equipment List."", ""new"": null, ""i18n_only"": false}, {""doc"": ""profiles.yaml"", ""node"": ""profiles:dwarf-troll-slayer"", ""path"": ""profiles[dwarf-troll-slayer].equipment_restrictions[1]"", ""op"": ""remove"", ""old"": ""May never use missile weapons or any form of armour."", ""new"": null, ""i18n_only"": false}]","[""mordheim_knowledge/loader.py:load_bands -> package profiles (equipment_restrictions)"", ""mordheim_construction/eligibility.py:package_facts -> projects equipment_restrictions, drops *_i18n"", ""mordheim_construction/eligibility.py:desktop_call -> _eligibility.js bridge.ts:desktopCall"", ""typescript/domain/eligibility/index.ts:310-313 boundEquipment reads structured profile.equipment-restrictions bindings"", ""typescript/domain/eligibility/index.ts:403-405 profileSelections reads the free-text keyword branch"", ""mordheim_construction/restrictions.py:_validate_profile_selections -> compiler.validate order (boundEquipment before profileSelections)"", ""mordheim_construction/selection.py:_profile / _applicable_rules (package facts and automatic rules)""]","{""level"": ""observed"", ""summary"": ""No current decision change reproduced: the removed armour text is compensated by structured profile.equipment-restrictions bindings; the same build compiles to the same outcome against live and eb85e95 KB."", ""classes"": [""structured-binding-compensation""], ""reproductions"": [{""compile_outcome"": null, ""eb85e95"": null, ""evidence"": ""matrix"", ""live"": null, ""profile_id"": ""dwarf-troll-slayer"", ""scenario"": ""matrix-dwarf-troll-slayer""}], ""limitation"": ""Current maintained consumer over historical data; the historical engine behaviour is not proven. Presentation consumers still render the field. No pin was changed by this lot.""}","[""build/cache/t13-parallel/context-data-review/context-diff.json#CTX-trollheim-chaos-streets-pit-fighters"", ""build/cache/t13-parallel/context-data-review/compensation-check.json"", ""build/cache/t13-parallel/context-data-review/repro-matrix.json"", ""build/cache/t13-parallel/context-data-review/repro-compile.json"", ""build/cache/t13-parallel/context-data-review/repro-stages.json"", ""build/cache/t13-parallel/context-data-review/rule-rows-check.json"", ""build/cache/t13-parallel/context-data-review/access-probe.json"", ""build/cache/t13-parallel/context-data-review/entry-state.json""]","[""T13-F001""]",Coordinator decision required: whether the live fingerprint may replace the eb85e95 pin for this pair after reviewing the compensated removal group CTX-trollheim-chaos-streets-pit-fighters and its consumers. This lot changed no pin.,mechanic.force-of-will,,snapshot_content_change,sources/knowledge/bands/trollheim/chaos-streets-pit-fighters,trollheim,chaos-streets-pit-fighters,True,2,13,"{""equipment-access.yaml"": {""name_i18n"": 10, ""notes_i18n"": 3}}","[{""profile_id"": ""dwarf-troll-slayer"", ""removed_texts"": [""May select weapons from the Dwarf Troll Slayer Equipment List."", ""May never use missile weapons or any form of armour.""]}]","[{""compile_outcome"": null, ""eb85e95"": null, ""evidence"": ""matrix"", ""live"": null, ""profile_id"": ""dwarf-troll-slayer"", ""scenario"": ""matrix-dwarf-troll-slayer""}]",structured-binding-compensation
FP-0424,tests/specs/semantic/rules/contextual-bonuses-and-rulings.yaml,retain-weapon-strength,rule/mordheim/bretonnian-chapel-guard/band--bulging-muscles/mechanic.retain-flail-morning-star-strength-bonus,sources/knowledge/bands/mordheim/bretonnian-chapel-guard/special-rules.yaml,band--bulging-muscles,eb391868f9e5f1ee2e0b42b78edec10852a43d2977c854b6137deb6c0a9249e5,a920f375b0da7b2deec294492b7ca3440b54ff651a54f7e002b1f312f8f8c2a4,CTX-mordheim-bretonnian-chapel-guard,"[""equipment-access.yaml"", ""profiles.yaml""]","[{""doc"": ""profiles.yaml"", ""node"": ""profiles:knights-errant"", ""path"": ""profiles[knights-errant].equipment_restrictions[0]"", ""op"": ""remove"", ""old"": ""May not wear a Helmet (Vain)."", ""new"": null, ""i18n_only"": false}, {""doc"": ""profiles.yaml"", ""node"": ""profiles:knights-errant"", ""path"": ""profiles[knights-errant].equipment_restrictions[1]"", ""op"": ""remove"", ""old"": ""As Knights, may not use missile weapons except Holy Water, drugs or poisons, and may not learn spells (prayers are allowed)."", ""new"": null, ""i18n_only"": false}, {""doc"": ""profiles.yaml"", ""node"": ""profiles:questing-knight"", ""path"": ""profiles[questing-knight].equipment_restrictions[0]"", ""op"": ""remove"", ""old"": ""May not take a Lance (Vow of Poverty)."", ""new"": null, ""i18n_only"": false}, {""doc"": ""profiles.yaml"", ""node"": ""profiles:questing-knight"", ""path"": ""profiles[questing-knight].equipment_restrictions[1]"", ""op"": ""remove"", ""old"": ""As a Knight, may not use missile weapons except Holy Water, drugs or poisons, and may not learn spells (prayers are allowed)."", ""new"": null, ""i18n_only"": false}]","[""mordheim_knowledge/loader.py:load_bands -> package profiles (equipment_restrictions)"", ""mordheim_construction/eligibility.py:package_facts -> projects equipment_restrictions, drops *_i18n"", ""mordheim_construction/eligibility.py:desktop_call -> _eligibility.js bridge.ts:desktopCall"", ""typescript/domain/eligibility/index.ts:310-313 boundEquipment reads structured profile.equipment-restrictions bindings"", ""typescript/domain/eligibility/index.ts:403-405 profileSelections reads the free-text keyword branch"", ""mordheim_construction/restrictions.py:_validate_profile_selections -> compiler.validate order (boundEquipment before profileSelections)"", ""mordheim_construction/selection.py:_profile / _applicable_rules (package facts and automatic rules)"", ""typescript/application/rules/warband-reference.ts:108-120 (display: structured rule effect, free-text fallback)"", ""tools/knowledge/generate_knowledge_web.py:634-637 (profile_restrictions + equipment_restrictions_i18n)"", ""packages/typescript/domain/campaign/construction.ts:335 (campaign projection of equipment_restrictions)"", ""packages/python/campaign/mordheim_campaign/application/knowledge_port.py:335 (blocker only when equipment_lists is empty)""]","{""level"": ""observed"", ""summary"": ""No current decision change reproduced for the removed text class; the text matches no maintained keyword branch and its structured binding (helmet/lance) is unchanged between revisions."", ""classes"": [""no-maintained-keyword""], ""reproductions"": [{""compile_outcome"": null, ""eb85e95"": ""accepted"", ""evidence"": ""compile"", ""live"": ""accepted"", ""profile_id"": ""questing-knight"", ""scenario"": ""control-questing-knight-armour""}, {""compile_outcome"": null, ""eb85e95"": ""helmet is forbidden for bretonnian-chapel-guard/knights-errant"", ""evidence"": ""stages"", ""live"": ""helmet is forbidden for bretonnian-chapel-guard/knights-errant"", ""profile_id"": ""knights-errant"", ""scenario"": ""changed-helmet-text-knights-errant""}, {""compile_outcome"": null, ""eb85e95"": ""rejected"", ""evidence"": ""compile"", ""live"": ""rejected"", ""profile_id"": ""knights-errant"", ""scenario"": ""helmet-text-knights-errant""}, {""compile_outcome"": null, ""eb85e95"": null, ""evidence"": ""matrix"", ""live"": null, ""profile_id"": ""knights-errant"", ""scenario"": ""matrix-knights-errant""}, {""compile_outcome"": null, ""eb85e95"": null, ""evidence"": ""matrix"", ""live"": null, ""profile_id"": ""questing-knight"", ""scenario"": ""matrix-questing-knight""}, {""compile_outcome"": null, ""eb85e95"": null, ""evidence"": ""stages"", ""live"": null, ""profile_id"": ""questing-knight"", ""scenario"": ""control-unchanged-questing-knight-armour""}], ""limitation"": ""Current maintained consumer over historical data; the historical engine behaviour is not proven. Presentation consumers still render the field. No pin was changed by this lot.""}","[""build/cache/t13-parallel/context-data-review/context-diff.json#CTX-mordheim-bretonnian-chapel-guard"", ""build/cache/t13-parallel/context-data-review/compensation-check.json"", ""build/cache/t13-parallel/context-data-review/repro-matrix.json"", ""build/cache/t13-parallel/context-data-review/repro-compile.json"", ""build/cache/t13-parallel/context-data-review/repro-stages.json"", ""build/cache/t13-parallel/context-data-review/rule-rows-check.json"", ""build/cache/t13-parallel/context-data-review/access-probe.json"", ""build/cache/t13-parallel/context-data-review/entry-state.json""]","[""T13-F001""]",Coordinator decision required: whether the live fingerprint may replace the eb85e95 pin for this pair after reviewing the compensated removal group CTX-mordheim-bretonnian-chapel-guard and its consumers. This lot changed no pin.,mechanic.retain-flail-morning-star-strength-bonus,https://mordheimer.net/docs/warbands/grade-1c-warbands/bretonnian-chapel-guard,snapshot_content_change,sources/knowledge/bands/mordheim/bretonnian-chapel-guard,mordheim,bretonnian-chapel-guard,True,4,8,"{""equipment-access.yaml"": {""name_i18n"": 3, ""notes_i18n"": 3}, ""profiles.yaml"": {""equipment_restrictions_i18n"": 2}}","[{""profile_id"": ""knights-errant"", ""removed_texts"": [""May not wear a Helmet (Vain)."", ""As Knights, may not use missile weapons except Holy Water, drugs or poisons, and may not learn spells (prayers are allowed).""]}, {""profile_id"": ""questing-knight"", ""removed_texts"": [""May not take a Lance (Vow of Poverty)."", ""As a Knight, may not use missile weapons except Holy Water, drugs or poisons, and may not learn spells (prayers are allowed).""]}]","[{""compile_outcome"": null, ""eb85e95"": ""accepted"", ""evidence"": ""compile"", ""live"": ""accepted"", ""profile_id"": ""questing-knight"", ""scenario"": ""control-questing-knight-armour""}, {""compile_outcome"": null, ""eb85e95"": ""helmet is forbidden for bretonnian-chapel-guard/knights-errant"", ""evidence"": ""stages"", ""live"": ""helmet is forbidden for bretonnian-chapel-guard/knights-errant"", ""profile_id"": ""knights-errant"", ""scenario"": ""changed-helmet-text-knights-errant""}, {""compile_outcome"": null, ""eb85e95"": ""rejected"", ""evidence"": ""compile"", ""live"": ""rejected"", ""profile_id"": ""knights-errant"", ""scenario"": ""helmet-text-knights-errant""}, {""compile_outcome"": null, ""eb85e95"": null, ""evidence"": ""matrix"", ""live"": null, ""profile_id"": ""knights-errant"", ""scenario"": ""matrix-knights-errant""}, {""compile_outcome"": null, ""eb85e95"": null, ""evidence"": ""matrix"", ""live"": null, ""profile_id"": ""questing-knight"", ""scenario"": ""matrix-questing-knight""}, {""compile_outcome"": null, ""eb85e95"": null, ""evidence"": ""stages"", ""live"": null, ""profile_id"": ""questing-knight"", ""scenario"": ""control-unchanged-questing-knight-armour""}]",no-maintained-keyword
FP-0426,tests/specs/semantic/rules/contextual-bonuses-and-rulings.yaml,well-ard-no-armour-ruling,rule/trollheim/chaos-streets-greenskins/band--orc-special-skills-well-ard/mechanic.armour-save-bonus,sources/knowledge/bands/trollheim/chaos-streets-greenskins/special-rules.yaml,band--orc-special-skills-well-ard,1f4036afbce144b4010a56ec1d962b99b5576bfb9f503256aec91ea183dc354b,4f5cf79febb83ebe721deb2529b791c0fb57f53db0d4d80005e3013666470e6c,CTX-trollheim-chaos-streets-greenskins,"[""equipment-access.yaml"", ""profiles.yaml""]","[{""doc"": ""profiles.yaml"", ""node"": ""profiles:orc-shaman"", ""path"": ""profiles[orc-shaman].equipment_restrictions[0]"", ""op"": ""remove"", ""old"": ""May select weapons from the Orc Equipment List, but may never wear armour."", ""new"": null, ""i18n_only"": false}]","[""mordheim_knowledge/loader.py:load_bands -> package profiles (equipment_restrictions)"", ""mordheim_construction/eligibility.py:package_facts -> projects equipment_restrictions, drops *_i18n"", ""mordheim_construction/eligibility.py:desktop_call -> _eligibility.js bridge.ts:desktopCall"", ""typescript/domain/eligibility/index.ts:310-313 boundEquipment reads structured profile.equipment-restrictions bindings"", ""typescript/domain/eligibility/index.ts:403-405 profileSelections reads the free-text keyword branch"", ""mordheim_construction/restrictions.py:_validate_profile_selections -> compiler.validate order (boundEquipment before profileSelections)"", ""mordheim_construction/selection.py:_profile / _applicable_rules (package facts and automatic rules)""]","{""level"": ""observed"", ""summary"": ""No current decision change reproduced: the removed armour text is compensated by structured profile.equipment-restrictions bindings; the same build compiles to the same outcome against live and eb85e95 KB."", ""classes"": [""structured-binding-compensation""], ""reproductions"": [{""compile_outcome"": null, ""eb85e95"": null, ""evidence"": ""matrix"", ""live"": null, ""profile_id"": ""orc-shaman"", ""scenario"": ""matrix-orc-shaman""}], ""limitation"": ""Current maintained consumer over historical data; the historical engine behaviour is not proven. Presentation consumers still render the field. No pin was changed by this lot.""}","[""build/cache/t13-parallel/context-data-review/context-diff.json#CTX-trollheim-chaos-streets-greenskins"", ""build/cache/t13-parallel/context-data-review/compensation-check.json"", ""build/cache/t13-parallel/context-data-review/repro-matrix.json"", ""build/cache/t13-parallel/context-data-review/repro-compile.json"", ""build/cache/t13-parallel/context-data-review/repro-stages.json"", ""build/cache/t13-parallel/context-data-review/rule-rows-check.json"", ""build/cache/t13-parallel/context-data-review/access-probe.json"", ""build/cache/t13-parallel/context-data-review/entry-state.json""]","[""T13-F001""]",Coordinator decision required: whether the live fingerprint may replace the eb85e95 pin for this pair after reviewing the compensated removal group CTX-trollheim-chaos-streets-greenskins and its consumers. This lot changed no pin.,mechanic.armour-save-bonus,,snapshot_content_change,sources/knowledge/bands/trollheim/chaos-streets-greenskins,trollheim,chaos-streets-greenskins,True,1,12,"{""equipment-access.yaml"": {""name_i18n"": 2, ""notes_i18n"": 8}, ""profiles.yaml"": {""equipment_restrictions_i18n"": 2}}","[{""profile_id"": ""orc-shaman"", ""removed_texts"": [""May select weapons from the Orc Equipment List, but may never wear armour.""]}]","[{""compile_outcome"": null, ""eb85e95"": null, ""evidence"": ""matrix"", ""live"": null, ""profile_id"": ""orc-shaman"", ""scenario"": ""matrix-orc-shaman""}]",structured-binding-compensation
FP-0427,tests/specs/semantic/rules/contextual-bonuses-and-rulings.yaml,well-ard-no-armour-ruling,rule/mordheim/orc-mob/band--orc-special-skills-well-ard/mechanic.armour-save-bonus,sources/knowledge/bands/mordheim/orc-mob/special-rules.yaml,band--orc-special-skills-well-ard,081ec5042087b2dda1cc597ee29b902ec7c60a161e33c9d6c2c9b2974dc92f0b,29d1273859329c2177a776c2413cf00ee43f56a4a795e3f4228bd981d013d84c,CTX-mordheim-orc-mob,"[""equipment-access.yaml"", ""profiles.yaml""]","[{""doc"": ""profiles.yaml"", ""node"": ""profiles:orc-shaman"", ""path"": ""profiles[orc-shaman].equipment_restrictions[0]"", ""op"": ""remove"", ""old"": ""May select weapons from the Orc Equipment List, but may never wear armour."", ""new"": null, ""i18n_only"": false}]","[""mordheim_knowledge/loader.py:load_bands -> package profiles (equipment_restrictions)"", ""mordheim_construction/eligibility.py:package_facts -> projects equipment_restrictions, drops *_i18n"", ""mordheim_construction/eligibility.py:desktop_call -> _eligibility.js bridge.ts:desktopCall"", ""typescript/domain/eligibility/index.ts:310-313 boundEquipment reads structured profile.equipment-restrictions bindings"", ""typescript/domain/eligibility/index.ts:403-405 profileSelections reads the free-text keyword branch"", ""mordheim_construction/restrictions.py:_validate_profile_selections -> compiler.validate order (boundEquipment before profileSelections)"", ""mordheim_construction/selection.py:_profile / _applicable_rules (package facts and automatic rules)""]","{""level"": ""observed"", ""summary"": ""No current decision change reproduced: the removed armour text is compensated by structured profile.equipment-restrictions bindings; the same build compiles to the same outcome against live and eb85e95 KB."", ""classes"": [""structured-binding-compensation""], ""reproductions"": [{""compile_outcome"": null, ""eb85e95"": null, ""evidence"": ""matrix"", ""live"": null, ""profile_id"": ""orc-shaman"", ""scenario"": ""matrix-orc-shaman""}], ""limitation"": ""Current maintained consumer over historical data; the historical engine behaviour is not proven. Presentation consumers still render the field. No pin was changed by this lot.""}","[""build/cache/t13-parallel/context-data-review/context-diff.json#CTX-mordheim-orc-mob"", ""build/cache/t13-parallel/context-data-review/compensation-check.json"", ""build/cache/t13-parallel/context-data-review/repro-matrix.json"", ""build/cache/t13-parallel/context-data-review/repro-compile.json"", ""build/cache/t13-parallel/context-data-review/repro-stages.json"", ""build/cache/t13-parallel/context-data-review/rule-rows-check.json"", ""build/cache/t13-parallel/context-data-review/access-probe.json"", ""build/cache/t13-parallel/context-data-review/entry-state.json""]","[""T13-F001""]",Coordinator decision required: whether the live fingerprint may replace the eb85e95 pin for this pair after reviewing the compensated removal group CTX-mordheim-orc-mob and its consumers. This lot changed no pin.,mechanic.armour-save-bonus,https://mordheimer.net/docs/warbands/grade-1a-warbands/orc-mob,snapshot_content_change,sources/knowledge/bands/mordheim/orc-mob,mordheim,orc-mob,True,1,7,"{""equipment-access.yaml"": {""name_i18n"": 2, ""notes_i18n"": 3}, ""profiles.yaml"": {""equipment_restrictions_i18n"": 2}}","[{""profile_id"": ""orc-shaman"", ""removed_texts"": [""May select weapons from the Orc Equipment List, but may never wear armour.""]}]","[{""compile_outcome"": null, ""eb85e95"": null, ""evidence"": ""matrix"", ""live"": null, ""profile_id"": ""orc-shaman"", ""scenario"": ""matrix-orc-shaman""}]",structured-binding-compensation
FP-0433,tests/specs/semantic/rules/mighty-biceps.yaml,mighty-biceps-and-pit-grants,rule/mordheim/pit-fighters/band--pit-fighter-skill-bulging-biceps/skill.mighty-biceps,sources/knowledge/bands/mordheim/pit-fighters/special-rules.yaml,band--pit-fighter-skill-bulging-biceps,00710e501cba5169ea834a661a92fed876b4e7a311fafcff136580da73e88434,cbb10fbede207194aeb778a33ac875e56166980ec5cfb4abfd196380d99b5ab4,CTX-mordheim-pit-fighters,"[""equipment-access.yaml"", ""profiles.yaml""]","[{""doc"": ""profiles.yaml"", ""node"": ""profiles:dwarf-troll-slayer"", ""path"": ""profiles[dwarf-troll-slayer].equipment_restrictions[0]"", ""op"": ""remove"", ""old"": ""May select weapons from the Ogre & Slayer Equipment List, but may never use missile weapons or any form of armour."", ""new"": null, ""i18n_only"": false}, {""doc"": ""profiles.yaml"", ""node"": ""profiles:dwarf-troll-slayer"", ""path"": ""profiles[dwarf-troll-slayer].equipment_restrictions[1]"", ""op"": ""remove"", ""old"": ""Dwarf Axe and Gromril Weapon options are available only to the Dwarf Troll Slayer."", ""new"": null, ""i18n_only"": false}]","[""mordheim_knowledge/loader.py:load_bands -> package profiles (equipment_restrictions)"", ""mordheim_construction/eligibility.py:package_facts -> projects equipment_restrictions, drops *_i18n"", ""mordheim_construction/eligibility.py:desktop_call -> _eligibility.js bridge.ts:desktopCall"", ""typescript/domain/eligibility/index.ts:310-313 boundEquipment reads structured profile.equipment-restrictions bindings"", ""typescript/domain/eligibility/index.ts:403-405 profileSelections reads the free-text keyword branch"", ""mordheim_construction/restrictions.py:_validate_profile_selections -> compiler.validate order (boundEquipment before profileSelections)"", ""mordheim_construction/selection.py:_profile / _applicable_rules (package facts and automatic rules)""]","{""level"": ""observed"", ""summary"": ""No current decision change reproduced: the removed armour text is compensated by structured profile.equipment-restrictions bindings; the same build compiles to the same outcome against live and eb85e95 KB."", ""classes"": [""structured-binding-compensation""], ""reproductions"": [{""compile_outcome"": null, ""eb85e95"": ""armour is forbidden for pit-fighters/dwarf-troll-slayer"", ""evidence"": ""stages"", ""live"": ""armour is forbidden for pit-fighters/dwarf-troll-slayer"", ""profile_id"": ""dwarf-troll-slayer"", ""scenario"": ""changed-armour-ban-pit-fighters""}, {""compile_outcome"": null, ""eb85e95"": ""rejected"", ""evidence"": ""compile"", ""live"": ""rejected"", ""profile_id"": ""dwarf-troll-slayer"", ""scenario"": ""armour-ban-pit-fighters""}, {""compile_outcome"": null, ""eb85e95"": null, ""evidence"": ""matrix"", ""live"": null, ""profile_id"": ""dwarf-troll-slayer"", ""scenario"": ""matrix-dwarf-troll-slayer""}], ""limitation"": ""Current maintained consumer over historical data; the historical engine behaviour is not proven. Presentation consumers still render the field. No pin was changed by this lot.""}","[""build/cache/t13-parallel/context-data-review/context-diff.json#CTX-mordheim-pit-fighters"", ""build/cache/t13-parallel/context-data-review/compensation-check.json"", ""build/cache/t13-parallel/context-data-review/repro-matrix.json"", ""build/cache/t13-parallel/context-data-review/repro-compile.json"", ""build/cache/t13-parallel/context-data-review/repro-stages.json"", ""build/cache/t13-parallel/context-data-review/rule-rows-check.json"", ""build/cache/t13-parallel/context-data-review/access-probe.json"", ""build/cache/t13-parallel/context-data-review/entry-state.json""]","[""T13-F001""]",Coordinator decision required: whether the live fingerprint may replace the eb85e95 pin for this pair after reviewing the compensated removal group CTX-mordheim-pit-fighters and its consumers. This lot changed no pin.,skill.mighty-biceps,https://mordheimer.net/docs/warbands/grade-1b-warbands/pit-fighters,snapshot_content_change,sources/knowledge/bands/mordheim/pit-fighters,mordheim,pit-fighters,True,2,15,"{""equipment-access.yaml"": {""name_i18n"": 9, ""notes_i18n"": 5}, ""profiles.yaml"": {""equipment_restrictions_i18n"": 1}}","[{""profile_id"": ""dwarf-troll-slayer"", ""removed_texts"": [""May select weapons from the Ogre & Slayer Equipment List, but may never use missile weapons or any form of armour."", ""Dwarf Axe and Gromril Weapon options are available only to the Dwarf Troll Slayer.""]}]","[{""compile_outcome"": null, ""eb85e95"": ""armour is forbidden for pit-fighters/dwarf-troll-slayer"", ""evidence"": ""stages"", ""live"": ""armour is forbidden for pit-fighters/dwarf-troll-slayer"", ""profile_id"": ""dwarf-troll-slayer"", ""scenario"": ""changed-armour-ban-pit-fighters""}, {""compile_outcome"": null, ""eb85e95"": ""rejected"", ""evidence"": ""compile"", ""live"": ""rejected"", ""profile_id"": ""dwarf-troll-slayer"", ""scenario"": ""armour-ban-pit-fighters""}, {""compile_outcome"": null, ""eb85e95"": null, ""evidence"": ""matrix"", ""live"": null, ""profile_id"": ""dwarf-troll-slayer"", ""scenario"": ""matrix-dwarf-troll-slayer""}]",structured-binding-compensation
FP-0434,tests/specs/semantic/rules/mighty-biceps.yaml,mighty-biceps-and-pit-grants,rule/trollheim/chaos-streets-pit-fighters/band--pit-fighter-skill-bulging-biceps/skill.mighty-biceps,sources/knowledge/bands/trollheim/chaos-streets-pit-fighters/special-rules.yaml,band--pit-fighter-skill-bulging-biceps,5d041093f975462d670b6d493bb9abf33b0a3e30f4e626bd666fdfe7c64b2d4f,bd14b0b205cb84e64c563429da44b5775c6f8b23d776836f361ff5af1fb234c7,CTX-trollheim-chaos-streets-pit-fighters,"[""equipment-access.yaml"", ""profiles.yaml""]","[{""doc"": ""profiles.yaml"", ""node"": ""profiles:dwarf-troll-slayer"", ""path"": ""profiles[dwarf-troll-slayer].equipment_restrictions[0]"", ""op"": ""remove"", ""old"": ""May select weapons from the Dwarf Troll Slayer Equipment List."", ""new"": null, ""i18n_only"": false}, {""doc"": ""profiles.yaml"", ""node"": ""profiles:dwarf-troll-slayer"", ""path"": ""profiles[dwarf-troll-slayer].equipment_restrictions[1]"", ""op"": ""remove"", ""old"": ""May never use missile weapons or any form of armour."", ""new"": null, ""i18n_only"": false}]","[""mordheim_knowledge/loader.py:load_bands -> package profiles (equipment_restrictions)"", ""mordheim_construction/eligibility.py:package_facts -> projects equipment_restrictions, drops *_i18n"", ""mordheim_construction/eligibility.py:desktop_call -> _eligibility.js bridge.ts:desktopCall"", ""typescript/domain/eligibility/index.ts:310-313 boundEquipment reads structured profile.equipment-restrictions bindings"", ""typescript/domain/eligibility/index.ts:403-405 profileSelections reads the free-text keyword branch"", ""mordheim_construction/restrictions.py:_validate_profile_selections -> compiler.validate order (boundEquipment before profileSelections)"", ""mordheim_construction/selection.py:_profile / _applicable_rules (package facts and automatic rules)""]","{""level"": ""observed"", ""summary"": ""No current decision change reproduced: the removed armour text is compensated by structured profile.equipment-restrictions bindings; the same build compiles to the same outcome against live and eb85e95 KB."", ""classes"": [""structured-binding-compensation""], ""reproductions"": [{""compile_outcome"": null, ""eb85e95"": null, ""evidence"": ""matrix"", ""live"": null, ""profile_id"": ""dwarf-troll-slayer"", ""scenario"": ""matrix-dwarf-troll-slayer""}], ""limitation"": ""Current maintained consumer over historical data; the historical engine behaviour is not proven. Presentation consumers still render the field. No pin was changed by this lot.""}","[""build/cache/t13-parallel/context-data-review/context-diff.json#CTX-trollheim-chaos-streets-pit-fighters"", ""build/cache/t13-parallel/context-data-review/compensation-check.json"", ""build/cache/t13-parallel/context-data-review/repro-matrix.json"", ""build/cache/t13-parallel/context-data-review/repro-compile.json"", ""build/cache/t13-parallel/context-data-review/repro-stages.json"", ""build/cache/t13-parallel/context-data-review/rule-rows-check.json"", ""build/cache/t13-parallel/context-data-review/access-probe.json"", ""build/cache/t13-parallel/context-data-review/entry-state.json""]","[""T13-F001""]",Coordinator decision required: whether the live fingerprint may replace the eb85e95 pin for this pair after reviewing the compensated removal group CTX-trollheim-chaos-streets-pit-fighters and its consumers. This lot changed no pin.,skill.mighty-biceps,,snapshot_content_change,sources/knowledge/bands/trollheim/chaos-streets-pit-fighters,trollheim,chaos-streets-pit-fighters,True,2,13,"{""equipment-access.yaml"": {""name_i18n"": 10, ""notes_i18n"": 3}}","[{""profile_id"": ""dwarf-troll-slayer"", ""removed_texts"": [""May select weapons from the Dwarf Troll Slayer Equipment List."", ""May never use missile weapons or any form of armour.""]}]","[{""compile_outcome"": null, ""eb85e95"": null, ""evidence"": ""matrix"", ""live"": null, ""profile_id"": ""dwarf-troll-slayer"", ""scenario"": ""matrix-dwarf-troll-slayer""}]",structured-binding-compensation
FP-0438,tests/specs/semantic/rules/natural-attacks-and-shield-bash.yaml,bretonnian-shield-bash,rule/mordheim/bretonnian-chapel-guard/band--shield-bash/special-rule.band--shield-bash,sources/knowledge/bands/mordheim/bretonnian-chapel-guard/special-rules.yaml,band--shield-bash,b79b7ef0ea27fa864c63368d72e5d099d6ef981573175d1588dc1967f0a1d536,ee18566f45f492009c985dfc803fa4a5a7534d2c8d994578e18a5505eee27a65,CTX-mordheim-bretonnian-chapel-guard,"[""equipment-access.yaml"", ""profiles.yaml""]","[{""doc"": ""profiles.yaml"", ""node"": ""profiles:knights-errant"", ""path"": ""profiles[knights-errant].equipment_restrictions[0]"", ""op"": ""remove"", ""old"": ""May not wear a Helmet (Vain)."", ""new"": null, ""i18n_only"": false}, {""doc"": ""profiles.yaml"", ""node"": ""profiles:knights-errant"", ""path"": ""profiles[knights-errant].equipment_restrictions[1]"", ""op"": ""remove"", ""old"": ""As Knights, may not use missile weapons except Holy Water, drugs or poisons, and may not learn spells (prayers are allowed)."", ""new"": null, ""i18n_only"": false}, {""doc"": ""profiles.yaml"", ""node"": ""profiles:questing-knight"", ""path"": ""profiles[questing-knight].equipment_restrictions[0]"", ""op"": ""remove"", ""old"": ""May not take a Lance (Vow of Poverty)."", ""new"": null, ""i18n_only"": false}, {""doc"": ""profiles.yaml"", ""node"": ""profiles:questing-knight"", ""path"": ""profiles[questing-knight].equipment_restrictions[1]"", ""op"": ""remove"", ""old"": ""As a Knight, may not use missile weapons except Holy Water, drugs or poisons, and may not learn spells (prayers are allowed)."", ""new"": null, ""i18n_only"": false}]","[""mordheim_knowledge/loader.py:load_bands -> package profiles (equipment_restrictions)"", ""mordheim_construction/eligibility.py:package_facts -> projects equipment_restrictions, drops *_i18n"", ""mordheim_construction/eligibility.py:desktop_call -> _eligibility.js bridge.ts:desktopCall"", ""typescript/domain/eligibility/index.ts:310-313 boundEquipment reads structured profile.equipment-restrictions bindings"", ""typescript/domain/eligibility/index.ts:403-405 profileSelections reads the free-text keyword branch"", ""mordheim_construction/restrictions.py:_validate_profile_selections -> compiler.validate order (boundEquipment before profileSelections)"", ""mordheim_construction/selection.py:_profile / _applicable_rules (package facts and automatic rules)"", ""typescript/application/rules/warband-reference.ts:108-120 (display: structured rule effect, free-text fallback)"", ""tools/knowledge/generate_knowledge_web.py:634-637 (profile_restrictions + equipment_restrictions_i18n)"", ""packages/typescript/domain/campaign/construction.ts:335 (campaign projection of equipment_restrictions)"", ""packages/python/campaign/mordheim_campaign/application/knowledge_port.py:335 (blocker only when equipment_lists is empty)""]","{""level"": ""observed"", ""summary"": ""No current decision change reproduced for the removed text class; the text matches no maintained keyword branch and its structured binding (helmet/lance) is unchanged between revisions."", ""classes"": [""no-maintained-keyword""], ""reproductions"": [{""compile_outcome"": null, ""eb85e95"": ""accepted"", ""evidence"": ""compile"", ""live"": ""accepted"", ""profile_id"": ""questing-knight"", ""scenario"": ""control-questing-knight-armour""}, {""compile_outcome"": null, ""eb85e95"": ""helmet is forbidden for bretonnian-chapel-guard/knights-errant"", ""evidence"": ""stages"", ""live"": ""helmet is forbidden for bretonnian-chapel-guard/knights-errant"", ""profile_id"": ""knights-errant"", ""scenario"": ""changed-helmet-text-knights-errant""}, {""compile_outcome"": null, ""eb85e95"": ""rejected"", ""evidence"": ""compile"", ""live"": ""rejected"", ""profile_id"": ""knights-errant"", ""scenario"": ""helmet-text-knights-errant""}, {""compile_outcome"": null, ""eb85e95"": null, ""evidence"": ""matrix"", ""live"": null, ""profile_id"": ""knights-errant"", ""scenario"": ""matrix-knights-errant""}, {""compile_outcome"": null, ""eb85e95"": null, ""evidence"": ""matrix"", ""live"": null, ""profile_id"": ""questing-knight"", ""scenario"": ""matrix-questing-knight""}, {""compile_outcome"": null, ""eb85e95"": null, ""evidence"": ""stages"", ""live"": null, ""profile_id"": ""questing-knight"", ""scenario"": ""control-unchanged-questing-knight-armour""}], ""limitation"": ""Current maintained consumer over historical data; the historical engine behaviour is not proven. Presentation consumers still render the field. No pin was changed by this lot.""}","[""build/cache/t13-parallel/context-data-review/context-diff.json#CTX-mordheim-bretonnian-chapel-guard"", ""build/cache/t13-parallel/context-data-review/compensation-check.json"", ""build/cache/t13-parallel/context-data-review/repro-matrix.json"", ""build/cache/t13-parallel/context-data-review/repro-compile.json"", ""build/cache/t13-parallel/context-data-review/repro-stages.json"", ""build/cache/t13-parallel/context-data-review/rule-rows-check.json"", ""build/cache/t13-parallel/context-data-review/access-probe.json"", ""build/cache/t13-parallel/context-data-review/entry-state.json""]","[""T13-F001""]",Coordinator decision required: whether the live fingerprint may replace the eb85e95 pin for this pair after reviewing the compensated removal group CTX-mordheim-bretonnian-chapel-guard and its consumers. This lot changed no pin.,special-rule.band--shield-bash,https://mordheimer.net/docs/warbands/grade-1c-warbands/bretonnian-chapel-guard,snapshot_content_change,sources/knowledge/bands/mordheim/bretonnian-chapel-guard,mordheim,bretonnian-chapel-guard,True,4,8,"{""equipment-access.yaml"": {""name_i18n"": 3, ""notes_i18n"": 3}, ""profiles.yaml"": {""equipment_restrictions_i18n"": 2}}","[{""profile_id"": ""knights-errant"", ""removed_texts"": [""May not wear a Helmet (Vain)."", ""As Knights, may not use missile weapons except Holy Water, drugs or poisons, and may not learn spells (prayers are allowed).""]}, {""profile_id"": ""questing-knight"", ""removed_texts"": [""May not take a Lance (Vow of Poverty)."", ""As a Knight, may not use missile weapons except Holy Water, drugs or poisons, and may not learn spells (prayers are allowed).""]}]","[{""compile_outcome"": null, ""eb85e95"": ""accepted"", ""evidence"": ""compile"", ""live"": ""accepted"", ""profile_id"": ""questing-knight"", ""scenario"": ""control-questing-knight-armour""}, {""compile_outcome"": null, ""eb85e95"": ""helmet is forbidden for bretonnian-chapel-guard/knights-errant"", ""evidence"": ""stages"", ""live"": ""helmet is forbidden for bretonnian-chapel-guard/knights-errant"", ""profile_id"": ""knights-errant"", ""scenario"": ""changed-helmet-text-knights-errant""}, {""compile_outcome"": null, ""eb85e95"": ""rejected"", ""evidence"": ""compile"", ""live"": ""rejected"", ""profile_id"": ""knights-errant"", ""scenario"": ""helmet-text-knights-errant""}, {""compile_outcome"": null, ""eb85e95"": null, ""evidence"": ""matrix"", ""live"": null, ""profile_id"": ""knights-errant"", ""scenario"": ""matrix-knights-errant""}, {""compile_outcome"": null, ""eb85e95"": null, ""evidence"": ""matrix"", ""live"": null, ""profile_id"": ""questing-knight"", ""scenario"": ""matrix-questing-knight""}, {""compile_outcome"": null, ""eb85e95"": null, ""evidence"": ""stages"", ""live"": null, ""profile_id"": ""questing-knight"", ""scenario"": ""control-unchanged-questing-knight-armour""}]",no-maintained-keyword
FP-0444,tests/specs/semantic/rules/optional-charge-replacements.yaml,optional-body-slam-family,rule/mordheim/pit-fighters/band--pit-fighter-skill-body-slam/mechanic.body-slam,sources/knowledge/bands/mordheim/pit-fighters/special-rules.yaml,band--pit-fighter-skill-body-slam,bf185b41aa4c205a87a2a340841cd27427c43ce4b240928645537cdea8ae3d79,c24e0f6b6d944ed51f35ef4faba7f8bb29f6973115224e3a7ec8f5d728ac644f,CTX-mordheim-pit-fighters,"[""equipment-access.yaml"", ""profiles.yaml""]","[{""doc"": ""profiles.yaml"", ""node"": ""profiles:dwarf-troll-slayer"", ""path"": ""profiles[dwarf-troll-slayer].equipment_restrictions[0]"", ""op"": ""remove"", ""old"": ""May select weapons from the Ogre & Slayer Equipment List, but may never use missile weapons or any form of armour."", ""new"": null, ""i18n_only"": false}, {""doc"": ""profiles.yaml"", ""node"": ""profiles:dwarf-troll-slayer"", ""path"": ""profiles[dwarf-troll-slayer].equipment_restrictions[1]"", ""op"": ""remove"", ""old"": ""Dwarf Axe and Gromril Weapon options are available only to the Dwarf Troll Slayer."", ""new"": null, ""i18n_only"": false}]","[""mordheim_knowledge/loader.py:load_bands -> package profiles (equipment_restrictions)"", ""mordheim_construction/eligibility.py:package_facts -> projects equipment_restrictions, drops *_i18n"", ""mordheim_construction/eligibility.py:desktop_call -> _eligibility.js bridge.ts:desktopCall"", ""typescript/domain/eligibility/index.ts:310-313 boundEquipment reads structured profile.equipment-restrictions bindings"", ""typescript/domain/eligibility/index.ts:403-405 profileSelections reads the free-text keyword branch"", ""mordheim_construction/restrictions.py:_validate_profile_selections -> compiler.validate order (boundEquipment before profileSelections)"", ""mordheim_construction/selection.py:_profile / _applicable_rules (package facts and automatic rules)""]","{""level"": ""observed"", ""summary"": ""No current decision change reproduced: the removed armour text is compensated by structured profile.equipment-restrictions bindings; the same build compiles to the same outcome against live and eb85e95 KB."", ""classes"": [""structured-binding-compensation""], ""reproductions"": [{""compile_outcome"": null, ""eb85e95"": ""armour is forbidden for pit-fighters/dwarf-troll-slayer"", ""evidence"": ""stages"", ""live"": ""armour is forbidden for pit-fighters/dwarf-troll-slayer"", ""profile_id"": ""dwarf-troll-slayer"", ""scenario"": ""changed-armour-ban-pit-fighters""}, {""compile_outcome"": null, ""eb85e95"": ""rejected"", ""evidence"": ""compile"", ""live"": ""rejected"", ""profile_id"": ""dwarf-troll-slayer"", ""scenario"": ""armour-ban-pit-fighters""}, {""compile_outcome"": null, ""eb85e95"": null, ""evidence"": ""matrix"", ""live"": null, ""profile_id"": ""dwarf-troll-slayer"", ""scenario"": ""matrix-dwarf-troll-slayer""}], ""limitation"": ""Current maintained consumer over historical data; the historical engine behaviour is not proven. Presentation consumers still render the field. No pin was changed by this lot.""}","[""build/cache/t13-parallel/context-data-review/context-diff.json#CTX-mordheim-pit-fighters"", ""build/cache/t13-parallel/context-data-review/compensation-check.json"", ""build/cache/t13-parallel/context-data-review/repro-matrix.json"", ""build/cache/t13-parallel/context-data-review/repro-compile.json"", ""build/cache/t13-parallel/context-data-review/repro-stages.json"", ""build/cache/t13-parallel/context-data-review/rule-rows-check.json"", ""build/cache/t13-parallel/context-data-review/access-probe.json"", ""build/cache/t13-parallel/context-data-review/entry-state.json""]","[""T13-F001""]",Coordinator decision required: whether the live fingerprint may replace the eb85e95 pin for this pair after reviewing the compensated removal group CTX-mordheim-pit-fighters and its consumers. This lot changed no pin.,mechanic.body-slam,https://mordheimer.net/docs/warbands/grade-1b-warbands/pit-fighters,snapshot_content_change,sources/knowledge/bands/mordheim/pit-fighters,mordheim,pit-fighters,True,2,15,"{""equipment-access.yaml"": {""name_i18n"": 9, ""notes_i18n"": 5}, ""profiles.yaml"": {""equipment_restrictions_i18n"": 1}}","[{""profile_id"": ""dwarf-troll-slayer"", ""removed_texts"": [""May select weapons from the Ogre & Slayer Equipment List, but may never use missile weapons or any form of armour."", ""Dwarf Axe and Gromril Weapon options are available only to the Dwarf Troll Slayer.""]}]","[{""compile_outcome"": null, ""eb85e95"": ""armour is forbidden for pit-fighters/dwarf-troll-slayer"", ""evidence"": ""stages"", ""live"": ""armour is forbidden for pit-fighters/dwarf-troll-slayer"", ""profile_id"": ""dwarf-troll-slayer"", ""scenario"": ""changed-armour-ban-pit-fighters""}, {""compile_outcome"": null, ""eb85e95"": ""rejected"", ""evidence"": ""compile"", ""live"": ""rejected"", ""profile_id"": ""dwarf-troll-slayer"", ""scenario"": ""armour-ban-pit-fighters""}, {""compile_outcome"": null, ""eb85e95"": null, ""evidence"": ""matrix"", ""live"": null, ""profile_id"": ""dwarf-troll-slayer"", ""scenario"": ""matrix-dwarf-troll-slayer""}]",structured-binding-compensation
FP-0445,tests/specs/semantic/rules/optional-charge-replacements.yaml,optional-body-slam-family,rule/trollheim/chaos-streets-pit-fighters/band--pit-fighter-skill-body-slam/mechanic.body-slam,sources/knowledge/bands/trollheim/chaos-streets-pit-fighters/special-rules.yaml,band--pit-fighter-skill-body-slam,0be5d12554814feaf44c50697428a7d13dc1efb66f9d37eca45d885eea87f559,03cfc12ea1ba23522d9b3e87c7315ccc504fb82ed2ffdab34750e01c99d872b2,CTX-trollheim-chaos-streets-pit-fighters,"[""equipment-access.yaml"", ""profiles.yaml""]","[{""doc"": ""profiles.yaml"", ""node"": ""profiles:dwarf-troll-slayer"", ""path"": ""profiles[dwarf-troll-slayer].equipment_restrictions[0]"", ""op"": ""remove"", ""old"": ""May select weapons from the Dwarf Troll Slayer Equipment List."", ""new"": null, ""i18n_only"": false}, {""doc"": ""profiles.yaml"", ""node"": ""profiles:dwarf-troll-slayer"", ""path"": ""profiles[dwarf-troll-slayer].equipment_restrictions[1]"", ""op"": ""remove"", ""old"": ""May never use missile weapons or any form of armour."", ""new"": null, ""i18n_only"": false}]","[""mordheim_knowledge/loader.py:load_bands -> package profiles (equipment_restrictions)"", ""mordheim_construction/eligibility.py:package_facts -> projects equipment_restrictions, drops *_i18n"", ""mordheim_construction/eligibility.py:desktop_call -> _eligibility.js bridge.ts:desktopCall"", ""typescript/domain/eligibility/index.ts:310-313 boundEquipment reads structured profile.equipment-restrictions bindings"", ""typescript/domain/eligibility/index.ts:403-405 profileSelections reads the free-text keyword branch"", ""mordheim_construction/restrictions.py:_validate_profile_selections -> compiler.validate order (boundEquipment before profileSelections)"", ""mordheim_construction/selection.py:_profile / _applicable_rules (package facts and automatic rules)""]","{""level"": ""observed"", ""summary"": ""No current decision change reproduced: the removed armour text is compensated by structured profile.equipment-restrictions bindings; the same build compiles to the same outcome against live and eb85e95 KB."", ""classes"": [""structured-binding-compensation""], ""reproductions"": [{""compile_outcome"": null, ""eb85e95"": null, ""evidence"": ""matrix"", ""live"": null, ""profile_id"": ""dwarf-troll-slayer"", ""scenario"": ""matrix-dwarf-troll-slayer""}], ""limitation"": ""Current maintained consumer over historical data; the historical engine behaviour is not proven. Presentation consumers still render the field. No pin was changed by this lot.""}","[""build/cache/t13-parallel/context-data-review/context-diff.json#CTX-trollheim-chaos-streets-pit-fighters"", ""build/cache/t13-parallel/context-data-review/compensation-check.json"", ""build/cache/t13-parallel/context-data-review/repro-matrix.json"", ""build/cache/t13-parallel/context-data-review/repro-compile.json"", ""build/cache/t13-parallel/context-data-review/repro-stages.json"", ""build/cache/t13-parallel/context-data-review/rule-rows-check.json"", ""build/cache/t13-parallel/context-data-review/access-probe.json"", ""build/cache/t13-parallel/context-data-review/entry-state.json""]","[""T13-F001""]",Coordinator decision required: whether the live fingerprint may replace the eb85e95 pin for this pair after reviewing the compensated removal group CTX-trollheim-chaos-streets-pit-fighters and its consumers. This lot changed no pin.,mechanic.body-slam,,snapshot_content_change,sources/knowledge/bands/trollheim/chaos-streets-pit-fighters,trollheim,chaos-streets-pit-fighters,True,2,13,"{""equipment-access.yaml"": {""name_i18n"": 10, ""notes_i18n"": 3}}","[{""profile_id"": ""dwarf-troll-slayer"", ""removed_texts"": [""May select weapons from the Dwarf Troll Slayer Equipment List."", ""May never use missile weapons or any form of armour.""]}]","[{""compile_outcome"": null, ""eb85e95"": null, ""evidence"": ""matrix"", ""live"": null, ""profile_id"": ""dwarf-troll-slayer"", ""scenario"": ""matrix-dwarf-troll-slayer""}]",structured-binding-compensation
