canonical_file,canonical_id,clause,status,implementation_group,dependency,evidence,next_action
sources/knowledge/bands/mordheim/crooked-moon-kep/special-rules.yaml,troll--regeneration,Local restatement of shared-rule.regeneration,pending_implementation,G01-bind-existing-shared-operators,none (operator exists and is consumed),"KB record keeps rule_ref=shared-rule.regeneration with empty local effect text and scope LATER / implemented NO, so runtime_bindings() returns nothing (packages/python/knowledge/mordheim_knowledge/loader.py#runtime_bindings). The shared rule is already executable elsewhere with mechanic skill.regeneration (5 executable records) and is projected by mordheim_construction/compiler.py#compile_fighter, which checks runtime.implemented only. The record's current reason text is factually stale.","Bind the same operator on this record under an explicit equivalence (identical printed text), keep the shared-rule prose, and reconcile reason/pin at L21."
sources/knowledge/bands/mordheim/night-goblins-kaz/special-rules.yaml,troll--regeneration,Local restatement of shared-rule.regeneration,pending_implementation,G01-bind-existing-shared-operators,none (operator exists and is consumed),"KB record keeps rule_ref=shared-rule.regeneration with empty local effect text and scope LATER / implemented NO, so runtime_bindings() returns nothing (packages/python/knowledge/mordheim_knowledge/loader.py#runtime_bindings). The shared rule is already executable elsewhere with mechanic skill.regeneration (5 executable records) and is projected by mordheim_construction/compiler.py#compile_fighter, which checks runtime.implemented only. The record's current reason text is factually stale.","Bind the same operator on this record under an explicit equivalence (identical printed text), keep the shared-rule prose, and reconcile reason/pin at L21."
sources/knowledge/bands/mordheim/crooked-moon-kep/special-rules.yaml,troll--vomit-attack,Local restatement of shared-rule.vomit-attack,pending_implementation,G01-bind-existing-shared-operators,none (operator exists and is consumed),"KB record keeps rule_ref=shared-rule.vomit-attack with empty local effect text and scope LATER / implemented NO, so runtime_bindings() returns nothing (packages/python/knowledge/mordheim_knowledge/loader.py#runtime_bindings). The shared rule is already executable elsewhere with mechanic weapon.vomit-attack (5 executable records) and is projected by mordheim_construction/compiler.py#compile_fighter, which checks runtime.implemented only. The record's current reason text is factually stale.","Bind the same operator on this record under an explicit equivalence (identical printed text), keep the shared-rule prose, and reconcile reason/pin at L21."
sources/knowledge/bands/mordheim/night-goblins-kaz/special-rules.yaml,troll--vomit-attack,Local restatement of shared-rule.vomit-attack,pending_implementation,G01-bind-existing-shared-operators,none (operator exists and is consumed),"KB record keeps rule_ref=shared-rule.vomit-attack with empty local effect text and scope LATER / implemented NO, so runtime_bindings() returns nothing (packages/python/knowledge/mordheim_knowledge/loader.py#runtime_bindings). The shared rule is already executable elsewhere with mechanic weapon.vomit-attack (5 executable records) and is projected by mordheim_construction/compiler.py#compile_fighter, which checks runtime.implemented only. The record's current reason text is factually stale.","Bind the same operator on this record under an explicit equivalence (identical printed text), keep the shared-rule prose, and reconcile reason/pin at L21."
sources/knowledge/bands/mordheim/crooked-moon-kep/special-rules.yaml,snotling-mob--weedy,Local restatement of shared-rule.weedy,pending_implementation,G01-bind-existing-shared-operators,none (operator exists and is consumed),"KB record keeps rule_ref=shared-rule.weedy with empty local effect text and scope LATER / implemented NO, so runtime_bindings() returns nothing (packages/python/knowledge/mordheim_knowledge/loader.py#runtime_bindings). The shared rule is already executable elsewhere with trait trait.injury-profile (2 executable records) and is projected by mordheim_construction/compiler.py#compile_fighter, which checks runtime.implemented only. The record's current reason text is factually stale.","Bind the same operator on this record under an explicit equivalence (identical printed text), keep the shared-rule prose, and reconcile reason/pin at L21."
sources/knowledge/bands/mordheim/night-goblins-kaz/special-rules.yaml,snotling-mob--weedy,Local restatement of shared-rule.weedy,pending_implementation,G01-bind-existing-shared-operators,none (operator exists and is consumed),"KB record keeps rule_ref=shared-rule.weedy with empty local effect text and scope LATER / implemented NO, so runtime_bindings() returns nothing (packages/python/knowledge/mordheim_knowledge/loader.py#runtime_bindings). The shared rule is already executable elsewhere with trait trait.injury-profile (2 executable records) and is projected by mordheim_construction/compiler.py#compile_fighter, which checks runtime.implemented only. The record's current reason text is factually stale.","Bind the same operator on this record under an explicit equivalence (identical printed text), keep the shared-rule prose, and reconcile reason/pin at L21."
sources/knowledge/bands/mordheim/guild-of-disgraced-engineers-mim/special-rules.yaml,band--hard-to-kill,"Dwarfs are out of action only on an injury roll of 6 (1-2 knocked down, 3-5 stunned)",pending_implementation,G01-bind-existing-shared-operators,none (operator exists),dwarf-slayer-cult-web/band--hard-to-kill is implemented YES bound to skill.hard-to-kill; this band prints the same chart but stays LATER/NO with a generic deferred reason. Consumers: the modular injury condition path plus skill.hard-to-kill in execution.yaml.,"Confirm the printed chart matches, bind skill.hard-to-kill and keep the delivered Slayer witnesses as the equivalence control."
sources/knowledge/bands/mordheim/norse-explorers-btb/special-rules.yaml,wulfen--bestial,Bestial: immune to psychology (the leader restriction is campaign-only),pending_implementation,G01-bind-existing-shared-operators,none (mechanic.psychology-immunity exists),"rule_ref=shared-rule.bestial, scope LATER/NO; the shared text mixes an individual immunity clause with a campaign leader clause; mechanic.psychology-immunity is delivered for 39 grants (implemented-canonical-families.yaml) and consumed by modular/leadership.py and modular/psychology.py.",Bind only the psychology-immunity clause with explicit text; leave the leader clause outside the duel runtime.
sources/knowledge/bands/mordheim/norse-explorers-lustria/special-rules.yaml,wulfen--bestial,Bestial: immune to psychology (the leader restriction is campaign-only),pending_implementation,G01-bind-existing-shared-operators,none (mechanic.psychology-immunity exists),"rule_ref=shared-rule.bestial, scope LATER/NO; the shared text mixes an individual immunity clause with a campaign leader clause; mechanic.psychology-immunity is delivered for 39 grants (implemented-canonical-families.yaml) and consumed by modular/leadership.py and modular/psychology.py.",Bind only the psychology-immunity clause with explicit text; leave the leader clause outside the duel runtime.
sources/knowledge/bands/mordheim/tomb-guardians/special-rules.yaml,band--undead,Undead: causes Fear plus individual psychology and poison immunity,pending_implementation,G01-bind-existing-shared-operators,G10/F070 (which Undead clauses apply to this record),"rule_ref=shared-rule.undead or band-local text with scope LATER/NO; the individual operators already exist (mechanic.causes-fear, mechanic.psychology-immunity, trait.poison-immune in runtime-scope.yaml#supported_combat_traits) and are consumed by modular/state.py and the wound resolver.","Split the record per clause (Fear, psychology immunity, poison immunity, may-not-run), bind the individual ones and record the group/campaign ones explicitly."
sources/knowledge/bands/mordheim/tomb-guardians/special-rules.yaml,skeleton-warriors--undead,Undead: causes Fear plus individual psychology and poison immunity,pending_implementation,G01-bind-existing-shared-operators,G10/F070 (which Undead clauses apply to this record),"rule_ref=shared-rule.undead or band-local text with scope LATER/NO; the individual operators already exist (mechanic.causes-fear, mechanic.psychology-immunity, trait.poison-immune in runtime-scope.yaml#supported_combat_traits) and are consumed by modular/state.py and the wound resolver.","Split the record per clause (Fear, psychology immunity, poison immunity, may-not-run), bind the individual ones and record the group/campaign ones explicitly."
sources/knowledge/bands/mordheim/tomb-guardians/special-rules.yaml,tomb-guardians--undead,Undead: causes Fear plus individual psychology and poison immunity,pending_implementation,G01-bind-existing-shared-operators,G10/F070 (which Undead clauses apply to this record),"rule_ref=shared-rule.undead or band-local text with scope LATER/NO; the individual operators already exist (mechanic.causes-fear, mechanic.psychology-immunity, trait.poison-immune in runtime-scope.yaml#supported_combat_traits) and are consumed by modular/state.py and the wound resolver.","Split the record per clause (Fear, psychology immunity, poison immunity, may-not-run), bind the individual ones and record the group/campaign ones explicitly."
sources/knowledge/bands/mordheim/clan-angrund-kep/special-rules.yaml,dwarf-troll-slayers--deathwish,Deathwish: immune to all psychology (the fighting-alone clause is excluded),pending_implementation,G01-bind-existing-shared-operators,none (operator exists),rule_ref=shared-rule.deathwish with scope LATER/NO while mechanic.psychology-immunity is implemented and consumed (modular/psychology.py and modular/leadership.py callers); the All Alone clause is excluded by the 1v1 ruling.,Bind mechanic.psychology-immunity for the immunity clause and record the All Alone clause as out_of_scope in the same edit.
sources/knowledge/bands/mordheim/dwarf-rangers/special-rules.yaml,dwarf-troll-slayers--deathwish,Deathwish: immune to all psychology (the fighting-alone clause is excluded),pending_implementation,G01-bind-existing-shared-operators,none (operator exists),rule_ref=shared-rule.deathwish with scope LATER/NO while mechanic.psychology-immunity is implemented and consumed (modular/psychology.py and modular/leadership.py callers); the All Alone clause is excluded by the 1v1 ruling.,Bind mechanic.psychology-immunity for the immunity clause and record the All Alone clause as out_of_scope in the same edit.
sources/knowledge/bands/mordheim/dwarf-treasure-hunters/special-rules.yaml,dwarf-troll-slayers--deathwish,Deathwish: immune to all psychology (the fighting-alone clause is excluded),pending_implementation,G01-bind-existing-shared-operators,none (operator exists),rule_ref=shared-rule.deathwish with scope LATER/NO while mechanic.psychology-immunity is implemented and consumed (modular/psychology.py and modular/leadership.py callers); the All Alone clause is excluded by the 1v1 ruling.,Bind mechanic.psychology-immunity for the immunity clause and record the All Alone clause as out_of_scope in the same edit.
sources/knowledge/bands/mordheim/pit-fighters/special-rules.yaml,dwarf-troll-slayer--death-wish,Deathwish: immune to all psychology (the fighting-alone clause is excluded),pending_implementation,G01-bind-existing-shared-operators,none (operator exists),rule_ref=shared-rule.deathwish with scope LATER/NO while mechanic.psychology-immunity is implemented and consumed (modular/psychology.py and modular/leadership.py callers); the All Alone clause is excluded by the 1v1 ruling.,Bind mechanic.psychology-immunity for the immunity clause and record the All Alone clause as out_of_scope in the same edit.
sources/knowledge/bands/mordheim/amazons-lustria/special-rules.yaml,serpent-priestess--leader,Leader: friendly models within 6 inches may use this warrior's Leadership (shared text),pending_implementation,G02-leader-provider-grants,L12/L18 (supplied nearby-provider snapshot),"Scope LATER / implemented NO, grant profile, rule_ref=shared-rule.leader, no binding. The only executed Leader provider is halflings-mic/halfling-elder--leader (YES/YES, mechanic.leader-six). Consumer: packages/python/combat-engine/mordheim_combat/modular/leadership.py#resolve_local_leadership requires mechanic.leader-six on a standing, same-side, same-band nearby provider within 6 inches; mechanic.leader-six is declared in sources/knowledge/catalog/mechanics/execution.yaml and refused for optimized engines in kernel.py:109. Full enumeration of the 36 shared-reference records: build/cache/t13-parallel/modular-residuals/shared_ref_gaps.json.",Bind mechanic.leader-six on the same printed contract (the reference already states the equivalence); keep leader election/campaign clauses out.
sources/knowledge/bands/mordheim/amazons-mordheim/special-rules.yaml,priestess--leader,Leader: friendly models within 6 inches may use this warrior's Leadership (shared text),pending_implementation,G02-leader-provider-grants,L12/L18 (supplied nearby-provider snapshot),"Scope LATER / implemented NO, grant profile, rule_ref=shared-rule.leader, no binding. The only executed Leader provider is halflings-mic/halfling-elder--leader (YES/YES, mechanic.leader-six). Consumer: packages/python/combat-engine/mordheim_combat/modular/leadership.py#resolve_local_leadership requires mechanic.leader-six on a standing, same-side, same-band nearby provider within 6 inches; mechanic.leader-six is declared in sources/knowledge/catalog/mechanics/execution.yaml and refused for optimized engines in kernel.py:109. Full enumeration of the 36 shared-reference records: build/cache/t13-parallel/modular-residuals/shared_ref_gaps.json.",Bind mechanic.leader-six on the same printed contract (the reference already states the equivalence); keep leader election/campaign clauses out.
sources/knowledge/bands/mordheim/averlanders/special-rules.yaml,captain--leader,Leader: friendly models within 6 inches may use this warrior's Leadership (shared text),pending_implementation,G02-leader-provider-grants,L12/L18 (supplied nearby-provider snapshot),"Scope LATER / implemented NO, grant profile, rule_ref=shared-rule.leader, no binding. The only executed Leader provider is halflings-mic/halfling-elder--leader (YES/YES, mechanic.leader-six). Consumer: packages/python/combat-engine/mordheim_combat/modular/leadership.py#resolve_local_leadership requires mechanic.leader-six on a standing, same-side, same-band nearby provider within 6 inches; mechanic.leader-six is declared in sources/knowledge/catalog/mechanics/execution.yaml and refused for optimized engines in kernel.py:109. Full enumeration of the 36 shared-reference records: build/cache/t13-parallel/modular-residuals/shared_ref_gaps.json.",Bind mechanic.leader-six on the same printed contract (the reference already states the equivalence); keep leader election/campaign clauses out.
sources/knowledge/bands/mordheim/bretonnian-chapel-guard/special-rules.yaml,questing-knight--leader,Leader: friendly models within 6 inches may use this warrior's Leadership (shared text),pending_implementation,G02-leader-provider-grants,L12/L18 (supplied nearby-provider snapshot),"Scope LATER / implemented NO, grant profile, rule_ref=shared-rule.leader, no binding. The only executed Leader provider is halflings-mic/halfling-elder--leader (YES/YES, mechanic.leader-six). Consumer: packages/python/combat-engine/mordheim_combat/modular/leadership.py#resolve_local_leadership requires mechanic.leader-six on a standing, same-side, same-band nearby provider within 6 inches; mechanic.leader-six is declared in sources/knowledge/catalog/mechanics/execution.yaml and refused for optimized engines in kernel.py:109. Full enumeration of the 36 shared-reference records: build/cache/t13-parallel/modular-residuals/shared_ref_gaps.json.",Bind mechanic.leader-six on the same printed contract (the reference already states the equivalence); keep leader election/campaign clauses out.
sources/knowledge/bands/mordheim/bretonnian-knights/special-rules.yaml,questing-knight--leader,Leader: friendly models within 6 inches may use this warrior's Leadership (shared text),pending_implementation,G02-leader-provider-grants,L12/L18 (supplied nearby-provider snapshot),"Scope LATER / implemented NO, grant profile, rule_ref=shared-rule.leader, no binding. The only executed Leader provider is halflings-mic/halfling-elder--leader (YES/YES, mechanic.leader-six). Consumer: packages/python/combat-engine/mordheim_combat/modular/leadership.py#resolve_local_leadership requires mechanic.leader-six on a standing, same-side, same-band nearby provider within 6 inches; mechanic.leader-six is declared in sources/knowledge/catalog/mechanics/execution.yaml and refused for optimized engines in kernel.py:109. Full enumeration of the 36 shared-reference records: build/cache/t13-parallel/modular-residuals/shared_ref_gaps.json.",Bind mechanic.leader-six on the same printed contract (the reference already states the equivalence); keep leader election/campaign clauses out.
sources/knowledge/bands/mordheim/dreamwalkers-cult-of-morr-fbg/special-rules.yaml,dreamer--leader,Leader: friendly models within 6 inches may use this warrior's Leadership (shared text),pending_implementation,G02-leader-provider-grants,L12/L18 (supplied nearby-provider snapshot),"Scope LATER / implemented NO, grant profile, rule_ref=shared-rule.leader, no binding. The only executed Leader provider is halflings-mic/halfling-elder--leader (YES/YES, mechanic.leader-six). Consumer: packages/python/combat-engine/mordheim_combat/modular/leadership.py#resolve_local_leadership requires mechanic.leader-six on a standing, same-side, same-band nearby provider within 6 inches; mechanic.leader-six is declared in sources/knowledge/catalog/mechanics/execution.yaml and refused for optimized engines in kernel.py:109. Full enumeration of the 36 shared-reference records: build/cache/t13-parallel/modular-residuals/shared_ref_gaps.json.",Bind mechanic.leader-six on the same printed contract (the reference already states the equivalence); keep leader election/campaign clauses out.
sources/knowledge/bands/mordheim/druchii-mic/special-rules.yaml,noble--leader,Leader: friendly models within 6 inches may use this warrior's Leadership (shared text),pending_implementation,G02-leader-provider-grants,L12/L18 (supplied nearby-provider snapshot),"Scope LATER / implemented NO, grant profile, rule_ref=shared-rule.leader, no binding. The only executed Leader provider is halflings-mic/halfling-elder--leader (YES/YES, mechanic.leader-six). Consumer: packages/python/combat-engine/mordheim_combat/modular/leadership.py#resolve_local_leadership requires mechanic.leader-six on a standing, same-side, same-band nearby provider within 6 inches; mechanic.leader-six is declared in sources/knowledge/catalog/mechanics/execution.yaml and refused for optimized engines in kernel.py:109. Full enumeration of the 36 shared-reference records: build/cache/t13-parallel/modular-residuals/shared_ref_gaps.json.",Bind mechanic.leader-six on the same printed contract (the reference already states the equivalence); keep leader election/campaign clauses out.
sources/knowledge/bands/mordheim/dwarf-slayer-cult-web/special-rules.yaml,giant-slayer--leader,Leader: friendly models within 6 inches may use this warrior's Leadership (shared text),pending_implementation,G02-leader-provider-grants,L12/L18 (supplied nearby-provider snapshot),"Scope LATER / implemented NO, grant profile, rule_ref=shared-rule.leader, no binding. The only executed Leader provider is halflings-mic/halfling-elder--leader (YES/YES, mechanic.leader-six). Consumer: packages/python/combat-engine/mordheim_combat/modular/leadership.py#resolve_local_leadership requires mechanic.leader-six on a standing, same-side, same-band nearby provider within 6 inches; mechanic.leader-six is declared in sources/knowledge/catalog/mechanics/execution.yaml and refused for optimized engines in kernel.py:109. Full enumeration of the 36 shared-reference records: build/cache/t13-parallel/modular-residuals/shared_ref_gaps.json.",Bind mechanic.leader-six on the same printed contract (the reference already states the equivalence); keep leader election/campaign clauses out.
sources/knowledge/bands/mordheim/masters-of-horror-sylv/special-rules.yaml,mad-scientist--leader,Leader: friendly models within 6 inches may use this warrior's Leadership (shared text),pending_implementation,G02-leader-provider-grants,L12/L18 (supplied nearby-provider snapshot),"Scope LATER / implemented NO, grant profile, rule_ref=shared-rule.leader, no binding. The only executed Leader provider is halflings-mic/halfling-elder--leader (YES/YES, mechanic.leader-six). Consumer: packages/python/combat-engine/mordheim_combat/modular/leadership.py#resolve_local_leadership requires mechanic.leader-six on a standing, same-side, same-band nearby provider within 6 inches; mechanic.leader-six is declared in sources/knowledge/catalog/mechanics/execution.yaml and refused for optimized engines in kernel.py:109. Full enumeration of the 36 shared-reference records: build/cache/t13-parallel/modular-residuals/shared_ref_gaps.json.",Bind mechanic.leader-six on the same printed contract (the reference already states the equivalence); keep leader election/campaign clauses out.
sources/knowledge/bands/mordheim/mazzalupo-web/special-rules.yaml,wandering-knight--leader,Leader: friendly models within 6 inches may use this warrior's Leadership (shared text),pending_implementation,G02-leader-provider-grants,L12/L18 (supplied nearby-provider snapshot),"Scope LATER / implemented NO, grant profile, rule_ref=shared-rule.leader, no binding. The only executed Leader provider is halflings-mic/halfling-elder--leader (YES/YES, mechanic.leader-six). Consumer: packages/python/combat-engine/mordheim_combat/modular/leadership.py#resolve_local_leadership requires mechanic.leader-six on a standing, same-side, same-band nearby provider within 6 inches; mechanic.leader-six is declared in sources/knowledge/catalog/mechanics/execution.yaml and refused for optimized engines in kernel.py:109. Full enumeration of the 36 shared-reference records: build/cache/t13-parallel/modular-residuals/shared_ref_gaps.json.",Bind mechanic.leader-six on the same printed contract (the reference already states the equivalence); keep leader election/campaign clauses out.
sources/knowledge/bands/mordheim/necrarchs-the-soul-stealers-lotd1/special-rules.yaml,necrarch-vampire--leader,Leader: friendly models within 6 inches may use this warrior's Leadership (shared text),pending_implementation,G02-leader-provider-grants,L12/L18 (supplied nearby-provider snapshot),"Scope LATER / implemented NO, grant profile, rule_ref=shared-rule.leader, no binding. The only executed Leader provider is halflings-mic/halfling-elder--leader (YES/YES, mechanic.leader-six). Consumer: packages/python/combat-engine/mordheim_combat/modular/leadership.py#resolve_local_leadership requires mechanic.leader-six on a standing, same-side, same-band nearby provider within 6 inches; mechanic.leader-six is declared in sources/knowledge/catalog/mechanics/execution.yaml and refused for optimized engines in kernel.py:109. Full enumeration of the 36 shared-reference records: build/cache/t13-parallel/modular-residuals/shared_ref_gaps.json.",Bind mechanic.leader-six on the same printed contract (the reference already states the equivalence); keep leader election/campaign clauses out.
sources/knowledge/bands/mordheim/nipponese-expedition-web/special-rules.yaml,hatamoto--leader,Leader: friendly models within 6 inches may use this warrior's Leadership (shared text),pending_implementation,G02-leader-provider-grants,L12/L18 (supplied nearby-provider snapshot),"Scope LATER / implemented NO, grant profile, rule_ref=shared-rule.leader, no binding. The only executed Leader provider is halflings-mic/halfling-elder--leader (YES/YES, mechanic.leader-six). Consumer: packages/python/combat-engine/mordheim_combat/modular/leadership.py#resolve_local_leadership requires mechanic.leader-six on a standing, same-side, same-band nearby provider within 6 inches; mechanic.leader-six is declared in sources/knowledge/catalog/mechanics/execution.yaml and refused for optimized engines in kernel.py:109. Full enumeration of the 36 shared-reference records: build/cache/t13-parallel/modular-residuals/shared_ref_gaps.json.",Bind mechanic.leader-six on the same printed contract (the reference already states the equivalence); keep leader election/campaign clauses out.
sources/knowledge/bands/mordheim/norse-explorers-btb/special-rules.yaml,jarl--leader,Leader: friendly models within 6 inches may use this warrior's Leadership (shared text),pending_implementation,G02-leader-provider-grants,L12/L18 (supplied nearby-provider snapshot),"Scope LATER / implemented NO, grant profile, rule_ref=shared-rule.leader, no binding. The only executed Leader provider is halflings-mic/halfling-elder--leader (YES/YES, mechanic.leader-six). Consumer: packages/python/combat-engine/mordheim_combat/modular/leadership.py#resolve_local_leadership requires mechanic.leader-six on a standing, same-side, same-band nearby provider within 6 inches; mechanic.leader-six is declared in sources/knowledge/catalog/mechanics/execution.yaml and refused for optimized engines in kernel.py:109. Full enumeration of the 36 shared-reference records: build/cache/t13-parallel/modular-residuals/shared_ref_gaps.json.",Bind mechanic.leader-six on the same printed contract (the reference already states the equivalence); keep leader election/campaign clauses out.
sources/knowledge/bands/mordheim/norse-explorers-lustria/special-rules.yaml,jarl--leader,Leader: friendly models within 6 inches may use this warrior's Leadership (shared text),pending_implementation,G02-leader-provider-grants,L12/L18 (supplied nearby-provider snapshot),"Scope LATER / implemented NO, grant profile, rule_ref=shared-rule.leader, no binding. The only executed Leader provider is halflings-mic/halfling-elder--leader (YES/YES, mechanic.leader-six). Consumer: packages/python/combat-engine/mordheim_combat/modular/leadership.py#resolve_local_leadership requires mechanic.leader-six on a standing, same-side, same-band nearby provider within 6 inches; mechanic.leader-six is declared in sources/knowledge/catalog/mechanics/execution.yaml and refused for optimized engines in kernel.py:109. Full enumeration of the 36 shared-reference records: build/cache/t13-parallel/modular-residuals/shared_ref_gaps.json.",Bind mechanic.leader-six on the same printed contract (the reference already states the equivalence); keep leader election/campaign clauses out.
sources/knowledge/bands/mordheim/ogre-hunting-party-web/special-rules.yaml,ogre-hunter--leader,Leader: friendly models within 6 inches may use this warrior's Leadership (shared text),pending_implementation,G02-leader-provider-grants,L12/L18 (supplied nearby-provider snapshot),"Scope LATER / implemented NO, grant profile, rule_ref=shared-rule.leader, no binding. The only executed Leader provider is halflings-mic/halfling-elder--leader (YES/YES, mechanic.leader-six). Consumer: packages/python/combat-engine/mordheim_combat/modular/leadership.py#resolve_local_leadership requires mechanic.leader-six on a standing, same-side, same-band nearby provider within 6 inches; mechanic.leader-six is declared in sources/knowledge/catalog/mechanics/execution.yaml and refused for optimized engines in kernel.py:109. Full enumeration of the 36 shared-reference records: build/cache/t13-parallel/modular-residuals/shared_ref_gaps.json.",Bind mechanic.leader-six on the same printed contract (the reference already states the equivalence); keep leader election/campaign clauses out.
sources/knowledge/bands/mordheim/order-of-the-mare-web/special-rules.yaml,paragon--leader,Leader: friendly models within 6 inches may use this warrior's Leadership (shared text),pending_implementation,G02-leader-provider-grants,L12/L18 (supplied nearby-provider snapshot),"Scope LATER / implemented NO, grant profile, rule_ref=shared-rule.leader, no binding. The only executed Leader provider is halflings-mic/halfling-elder--leader (YES/YES, mechanic.leader-six). Consumer: packages/python/combat-engine/mordheim_combat/modular/leadership.py#resolve_local_leadership requires mechanic.leader-six on a standing, same-side, same-band nearby provider within 6 inches; mechanic.leader-six is declared in sources/knowledge/catalog/mechanics/execution.yaml and refused for optimized engines in kernel.py:109. Full enumeration of the 36 shared-reference records: build/cache/t13-parallel/modular-residuals/shared_ref_gaps.json.",Bind mechanic.leader-six on the same printed contract (the reference already states the equivalence); keep leader election/campaign clauses out.
sources/knowledge/bands/mordheim/outlaws-of-stirwood-forest-redux-fbg/special-rules.yaml,bandit-leader--leader,Leader: friendly models within 6 inches may use this warrior's Leadership (shared text),pending_implementation,G02-leader-provider-grants,L12/L18 (supplied nearby-provider snapshot),"Scope LATER / implemented NO, grant profile, rule_ref=shared-rule.leader, no binding. The only executed Leader provider is halflings-mic/halfling-elder--leader (YES/YES, mechanic.leader-six). Consumer: packages/python/combat-engine/mordheim_combat/modular/leadership.py#resolve_local_leadership requires mechanic.leader-six on a standing, same-side, same-band nearby provider within 6 inches; mechanic.leader-six is declared in sources/knowledge/catalog/mechanics/execution.yaml and refused for optimized engines in kernel.py:109. Full enumeration of the 36 shared-reference records: build/cache/t13-parallel/modular-residuals/shared_ref_gaps.json.",Bind mechanic.leader-six on the same printed contract (the reference already states the equivalence); keep leader election/campaign clauses out.
sources/knowledge/bands/mordheim/protectorate-of-sigmar-lotd3/special-rules.yaml,warrior-priest--leader,Leader: friendly models within 6 inches may use this warrior's Leadership (shared text),pending_implementation,G02-leader-provider-grants,L12/L18 (supplied nearby-provider snapshot),"Scope LATER / implemented NO, grant profile, rule_ref=shared-rule.leader, no binding. The only executed Leader provider is halflings-mic/halfling-elder--leader (YES/YES, mechanic.leader-six). Consumer: packages/python/combat-engine/mordheim_combat/modular/leadership.py#resolve_local_leadership requires mechanic.leader-six on a standing, same-side, same-band nearby provider within 6 inches; mechanic.leader-six is declared in sources/knowledge/catalog/mechanics/execution.yaml and refused for optimized engines in kernel.py:109. Full enumeration of the 36 shared-reference records: build/cache/t13-parallel/modular-residuals/shared_ref_gaps.json.",Bind mechanic.leader-six on the same printed contract (the reference already states the equivalence); keep leader election/campaign clauses out.
sources/knowledge/bands/mordheim/skaven-of-clan-moulder-web/special-rules.yaml,packmaster--leader,Leader: friendly models within 6 inches may use this warrior's Leadership (shared text),pending_implementation,G02-leader-provider-grants,L12/L18 (supplied nearby-provider snapshot),"Scope LATER / implemented NO, grant profile, rule_ref=shared-rule.leader, no binding. The only executed Leader provider is halflings-mic/halfling-elder--leader (YES/YES, mechanic.leader-six). Consumer: packages/python/combat-engine/mordheim_combat/modular/leadership.py#resolve_local_leadership requires mechanic.leader-six on a standing, same-side, same-band nearby provider within 6 inches; mechanic.leader-six is declared in sources/knowledge/catalog/mechanics/execution.yaml and refused for optimized engines in kernel.py:109. Full enumeration of the 36 shared-reference records: build/cache/t13-parallel/modular-residuals/shared_ref_gaps.json.",Bind mechanic.leader-six on the same printed contract (the reference already states the equivalence); keep leader election/campaign clauses out.
sources/knowledge/bands/mordheim/skaven-of-clan-pestilens-lus/special-rules.yaml,plague-priest--leader,Leader: friendly models within 6 inches may use this warrior's Leadership (shared text),pending_implementation,G02-leader-provider-grants,L12/L18 (supplied nearby-provider snapshot),"Scope LATER / implemented NO, grant profile, rule_ref=shared-rule.leader, no binding. The only executed Leader provider is halflings-mic/halfling-elder--leader (YES/YES, mechanic.leader-six). Consumer: packages/python/combat-engine/mordheim_combat/modular/leadership.py#resolve_local_leadership requires mechanic.leader-six on a standing, same-side, same-band nearby provider within 6 inches; mechanic.leader-six is declared in sources/knowledge/catalog/mechanics/execution.yaml and refused for optimized engines in kernel.py:109. Full enumeration of the 36 shared-reference records: build/cache/t13-parallel/modular-residuals/shared_ref_gaps.json.",Bind mechanic.leader-six on the same printed contract (the reference already states the equivalence); keep leader election/campaign clauses out.
sources/knowledge/bands/mordheim/skaven-of-clan-pestilens-mou/special-rules.yaml,plague-priest--leader,Leader: friendly models within 6 inches may use this warrior's Leadership (shared text),pending_implementation,G02-leader-provider-grants,L12/L18 (supplied nearby-provider snapshot),"Scope LATER / implemented NO, grant profile, rule_ref=shared-rule.leader, no binding. The only executed Leader provider is halflings-mic/halfling-elder--leader (YES/YES, mechanic.leader-six). Consumer: packages/python/combat-engine/mordheim_combat/modular/leadership.py#resolve_local_leadership requires mechanic.leader-six on a standing, same-side, same-band nearby provider within 6 inches; mechanic.leader-six is declared in sources/knowledge/catalog/mechanics/execution.yaml and refused for optimized engines in kernel.py:109. Full enumeration of the 36 shared-reference records: build/cache/t13-parallel/modular-residuals/shared_ref_gaps.json.",Bind mechanic.leader-six on the same printed contract (the reference already states the equivalence); keep leader election/campaign clauses out.
sources/knowledge/bands/mordheim/skaven-of-clan-pristekk-sc/special-rules.yaml,chieftain--leader,Leader: friendly models within 6 inches may use this warrior's Leadership (shared text),pending_implementation,G02-leader-provider-grants,L12/L18 (supplied nearby-provider snapshot),"Scope LATER / implemented NO, grant profile, rule_ref=shared-rule.leader, no binding. The only executed Leader provider is halflings-mic/halfling-elder--leader (YES/YES, mechanic.leader-six). Consumer: packages/python/combat-engine/mordheim_combat/modular/leadership.py#resolve_local_leadership requires mechanic.leader-six on a standing, same-side, same-band nearby provider within 6 inches; mechanic.leader-six is declared in sources/knowledge/catalog/mechanics/execution.yaml and refused for optimized engines in kernel.py:109. Full enumeration of the 36 shared-reference records: build/cache/t13-parallel/modular-residuals/shared_ref_gaps.json.",Bind mechanic.leader-six on the same printed contract (the reference already states the equivalence); keep leader election/campaign clauses out.
sources/knowledge/bands/mordheim/skaven-of-clan-skryre-kaz/special-rules.yaml,master-engineer--leader,Leader: friendly models within 6 inches may use this warrior's Leadership (shared text),pending_implementation,G02-leader-provider-grants,L12/L18 (supplied nearby-provider snapshot),"Scope LATER / implemented NO, grant profile, rule_ref=shared-rule.leader, no binding. The only executed Leader provider is halflings-mic/halfling-elder--leader (YES/YES, mechanic.leader-six). Consumer: packages/python/combat-engine/mordheim_combat/modular/leadership.py#resolve_local_leadership requires mechanic.leader-six on a standing, same-side, same-band nearby provider within 6 inches; mechanic.leader-six is declared in sources/knowledge/catalog/mechanics/execution.yaml and refused for optimized engines in kernel.py:109. Full enumeration of the 36 shared-reference records: build/cache/t13-parallel/modular-residuals/shared_ref_gaps.json.",Bind mechanic.leader-six on the same printed contract (the reference already states the equivalence); keep leader election/campaign clauses out.
sources/knowledge/bands/mordheim/skaven-of-clan-skryre-rel/special-rules.yaml,warlock-engineer--leader,Leader: friendly models within 6 inches may use this warrior's Leadership (shared text),pending_implementation,G02-leader-provider-grants,L12/L18 (supplied nearby-provider snapshot),"Scope LATER / implemented NO, grant profile, rule_ref=shared-rule.leader, no binding. The only executed Leader provider is halflings-mic/halfling-elder--leader (YES/YES, mechanic.leader-six). Consumer: packages/python/combat-engine/mordheim_combat/modular/leadership.py#resolve_local_leadership requires mechanic.leader-six on a standing, same-side, same-band nearby provider within 6 inches; mechanic.leader-six is declared in sources/knowledge/catalog/mechanics/execution.yaml and refused for optimized engines in kernel.py:109. Full enumeration of the 36 shared-reference records: build/cache/t13-parallel/modular-residuals/shared_ref_gaps.json.",Bind mechanic.leader-six on the same printed contract (the reference already states the equivalence); keep leader election/campaign clauses out.
sources/knowledge/bands/mordheim/snotlings-web/special-rules.yaml,bullied-goblin--leader,Leader: friendly models within 6 inches may use this warrior's Leadership (shared text),pending_implementation,G02-leader-provider-grants,L12/L18 (supplied nearby-provider snapshot),"Scope LATER / implemented NO, grant profile, rule_ref=shared-rule.leader, no binding. The only executed Leader provider is halflings-mic/halfling-elder--leader (YES/YES, mechanic.leader-six). Consumer: packages/python/combat-engine/mordheim_combat/modular/leadership.py#resolve_local_leadership requires mechanic.leader-six on a standing, same-side, same-band nearby provider within 6 inches; mechanic.leader-six is declared in sources/knowledge/catalog/mechanics/execution.yaml and refused for optimized engines in kernel.py:109. Full enumeration of the 36 shared-reference records: build/cache/t13-parallel/modular-residuals/shared_ref_gaps.json.",Bind mechanic.leader-six on the same printed contract (the reference already states the equivalence); keep leader election/campaign clauses out.
sources/knowledge/bands/mordheim/sorcerous-society-lotd4/special-rules.yaml,magus--leader,Leader: friendly models within 6 inches may use this warrior's Leadership (shared text),pending_implementation,G02-leader-provider-grants,L12/L18 (supplied nearby-provider snapshot),"Scope LATER / implemented NO, grant profile, rule_ref=shared-rule.leader, no binding. The only executed Leader provider is halflings-mic/halfling-elder--leader (YES/YES, mechanic.leader-six). Consumer: packages/python/combat-engine/mordheim_combat/modular/leadership.py#resolve_local_leadership requires mechanic.leader-six on a standing, same-side, same-band nearby provider within 6 inches; mechanic.leader-six is declared in sources/knowledge/catalog/mechanics/execution.yaml and refused for optimized engines in kernel.py:109. Full enumeration of the 36 shared-reference records: build/cache/t13-parallel/modular-residuals/shared_ref_gaps.json.",Bind mechanic.leader-six on the same printed contract (the reference already states the equivalence); keep leader election/campaign clauses out.
sources/knowledge/bands/mordheim/survivors-of-strigos-sylv/special-rules.yaml,strigoi-vampire--leader,Leader: friendly models within 6 inches may use this warrior's Leadership (shared text),pending_implementation,G02-leader-provider-grants,L12/L18 (supplied nearby-provider snapshot),"Scope LATER / implemented NO, grant profile, rule_ref=shared-rule.leader, no binding. The only executed Leader provider is halflings-mic/halfling-elder--leader (YES/YES, mechanic.leader-six). Consumer: packages/python/combat-engine/mordheim_combat/modular/leadership.py#resolve_local_leadership requires mechanic.leader-six on a standing, same-side, same-band nearby provider within 6 inches; mechanic.leader-six is declared in sources/knowledge/catalog/mechanics/execution.yaml and refused for optimized engines in kernel.py:109. Full enumeration of the 36 shared-reference records: build/cache/t13-parallel/modular-residuals/shared_ref_gaps.json.",Bind mechanic.leader-six on the same printed contract (the reference already states the equivalence); keep leader election/campaign clauses out.
sources/knowledge/bands/mordheim/tileans/special-rules.yaml,captain--leader,Leader: friendly models within 6 inches may use this warrior's Leadership (shared text),pending_implementation,G02-leader-provider-grants,L12/L18 (supplied nearby-provider snapshot),"Scope LATER / implemented NO, grant profile, rule_ref=shared-rule.leader, no binding. The only executed Leader provider is halflings-mic/halfling-elder--leader (YES/YES, mechanic.leader-six). Consumer: packages/python/combat-engine/mordheim_combat/modular/leadership.py#resolve_local_leadership requires mechanic.leader-six on a standing, same-side, same-band nearby provider within 6 inches; mechanic.leader-six is declared in sources/knowledge/catalog/mechanics/execution.yaml and refused for optimized engines in kernel.py:109. Full enumeration of the 36 shared-reference records: build/cache/t13-parallel/modular-residuals/shared_ref_gaps.json.",Bind mechanic.leader-six on the same printed contract (the reference already states the equivalence); keep leader election/campaign clauses out.
sources/knowledge/bands/mordheim/turjuk-rel/special-rules.yaml,emir--leader,Leader: friendly models within 6 inches may use this warrior's Leadership (shared text),pending_implementation,G02-leader-provider-grants,L12/L18 (supplied nearby-provider snapshot),"Scope LATER / implemented NO, grant profile, rule_ref=shared-rule.leader, no binding. The only executed Leader provider is halflings-mic/halfling-elder--leader (YES/YES, mechanic.leader-six). Consumer: packages/python/combat-engine/mordheim_combat/modular/leadership.py#resolve_local_leadership requires mechanic.leader-six on a standing, same-side, same-band nearby provider within 6 inches; mechanic.leader-six is declared in sources/knowledge/catalog/mechanics/execution.yaml and refused for optimized engines in kernel.py:109. Full enumeration of the 36 shared-reference records: build/cache/t13-parallel/modular-residuals/shared_ref_gaps.json.",Bind mechanic.leader-six on the same printed contract (the reference already states the equivalence); keep leader election/campaign clauses out.
sources/knowledge/bands/mordheim/underworld-alliance-mim/special-rules.yaml,goblin-bully--leader,Leader: friendly models within 6 inches may use this warrior's Leadership (shared text),pending_implementation,G02-leader-provider-grants,L12/L18 (supplied nearby-provider snapshot),"Scope LATER / implemented NO, grant profile, rule_ref=shared-rule.leader, no binding. The only executed Leader provider is halflings-mic/halfling-elder--leader (YES/YES, mechanic.leader-six). Consumer: packages/python/combat-engine/mordheim_combat/modular/leadership.py#resolve_local_leadership requires mechanic.leader-six on a standing, same-side, same-band nearby provider within 6 inches; mechanic.leader-six is declared in sources/knowledge/catalog/mechanics/execution.yaml and refused for optimized engines in kernel.py:109. Full enumeration of the 36 shared-reference records: build/cache/t13-parallel/modular-residuals/shared_ref_gaps.json.",Bind mechanic.leader-six on the same printed contract (the reference already states the equivalence); keep leader election/campaign clauses out.
sources/knowledge/bands/mordheim/underworld-alliance-mim/special-rules.yaml,skaven-slum-lord--leader,Leader: friendly models within 6 inches may use this warrior's Leadership (shared text),pending_implementation,G02-leader-provider-grants,L12/L18 (supplied nearby-provider snapshot),"Scope LATER / implemented NO, grant profile, rule_ref=shared-rule.leader, no binding. The only executed Leader provider is halflings-mic/halfling-elder--leader (YES/YES, mechanic.leader-six). Consumer: packages/python/combat-engine/mordheim_combat/modular/leadership.py#resolve_local_leadership requires mechanic.leader-six on a standing, same-side, same-band nearby provider within 6 inches; mechanic.leader-six is declared in sources/knowledge/catalog/mechanics/execution.yaml and refused for optimized engines in kernel.py:109. Full enumeration of the 36 shared-reference records: build/cache/t13-parallel/modular-residuals/shared_ref_gaps.json.",Bind mechanic.leader-six on the same printed contract (the reference already states the equivalence); keep leader election/campaign clauses out.
sources/knowledge/bands/mordheim/vampire-hunters-of-sylvania-lotd5/special-rules.yaml,vampire-hunter--leader,Leader: friendly models within 6 inches may use this warrior's Leadership (shared text),pending_implementation,G02-leader-provider-grants,L12/L18 (supplied nearby-provider snapshot),"Scope LATER / implemented NO, grant profile, rule_ref=shared-rule.leader, no binding. The only executed Leader provider is halflings-mic/halfling-elder--leader (YES/YES, mechanic.leader-six). Consumer: packages/python/combat-engine/mordheim_combat/modular/leadership.py#resolve_local_leadership requires mechanic.leader-six on a standing, same-side, same-band nearby provider within 6 inches; mechanic.leader-six is declared in sources/knowledge/catalog/mechanics/execution.yaml and refused for optimized engines in kernel.py:109. Full enumeration of the 36 shared-reference records: build/cache/t13-parallel/modular-residuals/shared_ref_gaps.json.",Bind mechanic.leader-six on the same printed contract (the reference already states the equivalence); keep leader election/campaign clauses out.
sources/knowledge/bands/mordheim/wasteland-privateers-sar/special-rules.yaml,captain--leader,Leader: friendly models within 6 inches may use this warrior's Leadership (shared text),pending_implementation,G02-leader-provider-grants,L12/L18 (supplied nearby-provider snapshot),"Scope LATER / implemented NO, grant profile, rule_ref=shared-rule.leader, no binding. The only executed Leader provider is halflings-mic/halfling-elder--leader (YES/YES, mechanic.leader-six). Consumer: packages/python/combat-engine/mordheim_combat/modular/leadership.py#resolve_local_leadership requires mechanic.leader-six on a standing, same-side, same-band nearby provider within 6 inches; mechanic.leader-six is declared in sources/knowledge/catalog/mechanics/execution.yaml and refused for optimized engines in kernel.py:109. Full enumeration of the 36 shared-reference records: build/cache/t13-parallel/modular-residuals/shared_ref_gaps.json.",Bind mechanic.leader-six on the same printed contract (the reference already states the equivalence); keep leader election/campaign clauses out.
sources/knowledge/bands/mordheim/watchmen-mim/special-rules.yaml,watch-captain--leader,Leader: friendly models within 6 inches may use this warrior's Leadership (shared text),pending_implementation,G02-leader-provider-grants,L12/L18 (supplied nearby-provider snapshot),"Scope LATER / implemented NO, grant profile, rule_ref=shared-rule.leader, no binding. The only executed Leader provider is halflings-mic/halfling-elder--leader (YES/YES, mechanic.leader-six). Consumer: packages/python/combat-engine/mordheim_combat/modular/leadership.py#resolve_local_leadership requires mechanic.leader-six on a standing, same-side, same-band nearby provider within 6 inches; mechanic.leader-six is declared in sources/knowledge/catalog/mechanics/execution.yaml and refused for optimized engines in kernel.py:109. Full enumeration of the 36 shared-reference records: build/cache/t13-parallel/modular-residuals/shared_ref_gaps.json.",Bind mechanic.leader-six on the same printed contract (the reference already states the equivalence); keep leader election/campaign clauses out.
sources/knowledge/bands/mordheim/witch-hunters/special-rules.yaml,witch-hunter-captain--leader,Leader: friendly models within 6 inches may use this warrior's Leadership (shared text),pending_implementation,G02-leader-provider-grants,L12/L18 (supplied nearby-provider snapshot),"Scope LATER / implemented NO, grant profile, rule_ref=shared-rule.leader, no binding. The only executed Leader provider is halflings-mic/halfling-elder--leader (YES/YES, mechanic.leader-six). Consumer: packages/python/combat-engine/mordheim_combat/modular/leadership.py#resolve_local_leadership requires mechanic.leader-six on a standing, same-side, same-band nearby provider within 6 inches; mechanic.leader-six is declared in sources/knowledge/catalog/mechanics/execution.yaml and refused for optimized engines in kernel.py:109. Full enumeration of the 36 shared-reference records: build/cache/t13-parallel/modular-residuals/shared_ref_gaps.json.",Bind mechanic.leader-six on the same printed contract (the reference already states the equivalence); keep leader election/campaign clauses out.
sources/knowledge/bands/mordheim/wood-elves-of-athel-loren-web/special-rules.yaml,hunt-master--leader,Leader: friendly models within 6 inches may use this warrior's Leadership (shared text),pending_implementation,G02-leader-provider-grants,L12/L18 (supplied nearby-provider snapshot),"Scope LATER / implemented NO, grant profile, rule_ref=shared-rule.leader, no binding. The only executed Leader provider is halflings-mic/halfling-elder--leader (YES/YES, mechanic.leader-six). Consumer: packages/python/combat-engine/mordheim_combat/modular/leadership.py#resolve_local_leadership requires mechanic.leader-six on a standing, same-side, same-band nearby provider within 6 inches; mechanic.leader-six is declared in sources/knowledge/catalog/mechanics/execution.yaml and refused for optimized engines in kernel.py:109. Full enumeration of the 36 shared-reference records: build/cache/t13-parallel/modular-residuals/shared_ref_gaps.json.",Bind mechanic.leader-six on the same printed contract (the reference already states the equivalence); keep leader election/campaign clauses out.
sources/knowledge/bands/mordheim/(64 band files),band-local Leader wording (no rule_ref),"Leader: nearby Leadership provider, band-local text",pending_implementation,G02-leader-provider-grants,explicit per-band equivalence review (no rule_ref) plus L12/L18,"64 further mordheim LATER records describe a Leader aura without rule_ref, e.g. araby-smugglers-sar/rais--leader, dark-elves/high-born--leader, sisters-of-sigmar/sigmarite-matriarch--leader, shadow-warriors/shadow-master--leader, undead/vampire--leader, high-elves-lus/loremaster--leader. The consumer contract is identical to mechanic.leader-six. Enumeration: build/cache/t13-parallel/modular-residuals/clusters.json (mordheim/leader-provider).","Review the printed texts for exact equivalence (distance, standing, side/band, exceptions) and bind the batch with negative recipient controls."
sources/knowledge/bands/mordheim/druchii-mic/special-rules.yaml,slavehounds--beastmaster,Beastmaster handler Leadership substitution (mechanic.handler-leadership),pending_implementation,G02-leader-provider-grants,L17 (companion as part of one combatant),"mechanic.handler-leadership exists and is consumed (modular/leadership.py:19,32) and is bound in implemented-canonical-families.yaml to dark-elves/cold-one-beasthounds--stupidity and kislevites/trained-bear--trained. This record stays LATER/NO with a psychology/rout reason.",Bind mechanic.handler-leadership for the substitution clause; keep availability gating as roster work.
sources/knowledge/bands/mordheim/halflings-mic/special-rules.yaml,halfling-elder--wizened-halfling,Wizened Halfling: Halflings within 6 inches use his Leadership and may reroll a failed Leadership test,pending_implementation,G02-leader-provider-grants,F068 (exact recipient facts; selected leader-only metadata),"Scope LATER/implemented NO grant profile, but F068 records that the printed recipients are Halflings only (not Piggies/Village Ogre) and that the source makes it a leader-only chosen skill; mechanic.leadership-reroll is implemented and consumed (modular/leadership.py:35-40), and battle-pilgrims--stubborn already uses mechanic.mandatory-leadership-reroll.","Implement recipient fact, selected-grant metadata and the optional failed-test reroll in one lot (F068) with negative controls."
sources/knowledge/bands/mordheim/call-of-the-night-haint-mim/special-rules.yaml,band--ethereal,"Ethereal: 4+ unmodifiable save against all attacks taken after the To Hit roll, no effect against magical attacks (missile clause excluded)",pending_implementation,G03-conditional-save-families,none (operator exists),"LATER/NO with a generic deferred reason, while the same defence is already implemented at sources/knowledge/bands/trollheim/lustria-pygmies/special-rules.yaml#silent-walker--ethereal (YES/YES: trait.ward-save value 5 plus trait.ward-save-mundane-only). Consumers: modular/contexts.py:240-245 (ward stage; ward_save_mundane_only is blocked by the incoming attack.magical tag), compiler.py:355-357, mordheim_core/models.py:93.",Bind trait.ward-save 4 plus trait.ward-save-mundane-only on the band rule and its profile children; review the Dodge/Step Aside coupling and exclude the missile clause.
sources/knowledge/bands/mordheim/call-of-the-night-haint-mim/special-rules.yaml,cairn-wraith--ethereal,Ethereal (profile child: 'See the band Ethereal rule'),pending_implementation,G03-conditional-save-families,same lot as call-of-the-night-haint-mim/band--ethereal,"Child reference record, LATER/NO; the operative text lives on band--ethereal. spirit-hosts--spectral-touch is a separate delivered clause of the same profile set.",Bind the same traits on each recipient profile in the same edit as the band rule; leave the delivered Spectral Touch contract untouched.
sources/knowledge/bands/mordheim/call-of-the-night-haint-mim/special-rules.yaml,tomb-banshee--ethereal,Ethereal (profile child: 'See the band Ethereal rule'),pending_implementation,G03-conditional-save-families,same lot as call-of-the-night-haint-mim/band--ethereal,"Child reference record, LATER/NO; the operative text lives on band--ethereal. spirit-hosts--spectral-touch is a separate delivered clause of the same profile set.",Bind the same traits on each recipient profile in the same edit as the band rule; leave the delivered Spectral Touch contract untouched.
sources/knowledge/bands/mordheim/call-of-the-night-haint-mim/special-rules.yaml,malignant-spirits--ethereal,Ethereal (profile child: 'See the band Ethereal rule'),pending_implementation,G03-conditional-save-families,same lot as call-of-the-night-haint-mim/band--ethereal,"Child reference record, LATER/NO; the operative text lives on band--ethereal. spirit-hosts--spectral-touch is a separate delivered clause of the same profile set.",Bind the same traits on each recipient profile in the same edit as the band rule; leave the delivered Spectral Touch contract untouched.
sources/knowledge/bands/mordheim/call-of-the-night-haint-mim/special-rules.yaml,spirit-hosts--ethereal,Ethereal (profile child: 'See the band Ethereal rule'),pending_implementation,G03-conditional-save-families,same lot as call-of-the-night-haint-mim/band--ethereal,"Child reference record, LATER/NO; the operative text lives on band--ethereal. spirit-hosts--spectral-touch is a separate delivered clause of the same profile set.",Bind the same traits on each recipient profile in the same edit as the band rule; leave the delivered Spectral Touch contract untouched.
sources/knowledge/bands/mordheim/call-of-the-night-haint-mim/special-rules.yaml,poltergeists--ethereal,Ethereal (profile child: 'See the band Ethereal rule'),pending_implementation,G03-conditional-save-families,same lot as call-of-the-night-haint-mim/band--ethereal,"Child reference record, LATER/NO; the operative text lives on band--ethereal. spirit-hosts--spectral-touch is a separate delivered clause of the same profile set.",Bind the same traits on each recipient profile in the same edit as the band rule; leave the delivered Spectral Touch contract untouched.
sources/knowledge/bands/mordheim/call-of-the-night-haint-mim/special-rules.yaml,mourngul--ethereal,Ethereal (profile child: 'See the band Ethereal rule'),pending_implementation,G03-conditional-save-families,same lot as call-of-the-night-haint-mim/band--ethereal,"Child reference record, LATER/NO; the operative text lives on band--ethereal. spirit-hosts--spectral-touch is a separate delivered clause of the same profile set.",Bind the same traits on each recipient profile in the same edit as the band rule; leave the delivered Spectral Touch contract untouched.
sources/knowledge/bands/mordheim/ghost-pirates-sar/special-rules.yaml,band--ethereal,"Ethereal: 4+ unmodifiable save against all attacks, no effect against magical attacks (Ghost Pirates, Screaming Ghosts)",blocked_decision,G03-conditional-save-families,scope owner decision on the provisional NO marker,"Scope NO / implemented NO with reason 'Provisional classification: no engine effect assigned yet', which is not a user ruling. The clause is an admitted personal defence and the ward_save / ward_save_mundane_only operator exists (see the Silent Walker record and modular/contexts.py:240-245). The band's Fear clauses were already delivered.","Confirm the provisional marker; if it is unreviewed, bind the same Ethereal contract as the Night Haint family."
docs/knowledge/2a2b/tasks/T13-execution-follow-ups.md,T13-F064,"Hellblade, Torturer and Andanti need exact Undead vs Daemon vs Possessed vs Vampire target facts",blocked_data,G04-opponent-category-facts,owning lots L11/L06/L13,"F064 open: the register states undead_or_possessed cannot distinguish Undead from Possessed and is absent on many canonical Undead; runtime-scope.yaml#supported_combat_traits lists only elf_kind and undead_or_possessed as identity facts, with no Daemon/greenskin/Skaven category. Mid-review revalidation: Torturer was activated by the parallel run (cursed-cavalcade/band--cursed-cavalcade-special-skills-torturer is now YES/YES with mechanic.torturer and a modular consumer at packages/python/combat-engine/mordheim_combat/modular/aftermath.py:32), so the exact-target set that remains blocked narrows to Hellblade and Andanti.","Define the source-backed opponent-category facts once (canonical profiles plus supported_combat_traits), then implement every dependent clause as one family."
sources/knowledge/bands/mordheim/arabian-tomb-raiders/special-rules.yaml,band--hate-undead,Hate Undead,blocked_data,G04-opponent-category-facts,"F064 plus L11 exact opponent facts, then L06","Scope LATER/NO. The generic Hatred operators exist (skill.hatred, mechanic.hatred-dark-elves, mechanic.hatred-high-elves in execution.yaml, consumed by the modular hit-reroll path) but no source-backed fact identifies the target category on the opposing profile or band (see T13-F064 and the F068 table for andanti--andanti-knowledge).","Add the missing target-category fact (greenskin, Skaven, Dwarf, Undead, Vampire, Chaos, bloodline) and bind the qualified Hatred variant; never infer it from the band name or from undead_or_possessed."
sources/knowledge/bands/mordheim/dreamwalkers-cult-of-morr-fbg/special-rules.yaml,band--hate-undead,Hate Undead,blocked_data,G04-opponent-category-facts,"F064 plus L11 exact opponent facts, then L06","Scope LATER/NO. The generic Hatred operators exist (skill.hatred, mechanic.hatred-dark-elves, mechanic.hatred-high-elves in execution.yaml, consumed by the modular hit-reroll path) but no source-backed fact identifies the target category on the opposing profile or band (see T13-F064 and the F068 table for andanti--andanti-knowledge).","Add the missing target-category fact (greenskin, Skaven, Dwarf, Undead, Vampire, Chaos, bloodline) and bind the qualified Hatred variant; never infer it from the band name or from undead_or_possessed."
sources/knowledge/bands/mordheim/grave-robbers-sylv/special-rules.yaml,band--undead-foes,Hatred of Undead and necromantic warbands,blocked_data,G04-opponent-category-facts,"F064 plus L11 exact opponent facts, then L06","Scope LATER/NO. The generic Hatred operators exist (skill.hatred, mechanic.hatred-dark-elves, mechanic.hatred-high-elves in execution.yaml, consumed by the modular hit-reroll path) but no source-backed fact identifies the target category on the opposing profile or band (see T13-F064 and the F068 table for andanti--andanti-knowledge).","Add the missing target-category fact (greenskin, Skaven, Dwarf, Undead, Vampire, Chaos, bloodline) and bind the qualified Hatred variant; never infer it from the band name or from undead_or_possessed."
sources/knowledge/bands/mordheim/sea-ghosts-mim/special-rules.yaml,band--sundering,Sea Elves hate Dark Elves,blocked_data,G04-opponent-category-facts,"F064 plus L11 exact opponent facts, then L06","Scope LATER/NO. The generic Hatred operators exist (skill.hatred, mechanic.hatred-dark-elves, mechanic.hatred-high-elves in execution.yaml, consumed by the modular hit-reroll path) but no source-backed fact identifies the target category on the opposing profile or band (see T13-F064 and the F068 table for andanti--andanti-knowledge).","Add the missing target-category fact (greenskin, Skaven, Dwarf, Undead, Vampire, Chaos, bloodline) and bind the qualified Hatred variant; never infer it from the band name or from undead_or_possessed."
sources/knowledge/bands/mordheim/tileans/special-rules.yaml,band--miraglean-hatred-skaven,Hatred of Skaven,blocked_data,G04-opponent-category-facts,"F064 plus L11 exact opponent facts, then L06","Scope LATER/NO. The generic Hatred operators exist (skill.hatred, mechanic.hatred-dark-elves, mechanic.hatred-high-elves in execution.yaml, consumed by the modular hit-reroll path) but no source-backed fact identifies the target category on the opposing profile or band (see T13-F064 and the F068 table for andanti--andanti-knowledge).","Add the missing target-category fact (greenskin, Skaven, Dwarf, Undead, Vampire, Chaos, bloodline) and bind the qualified Hatred variant; never infer it from the band name or from undead_or_possessed."
sources/knowledge/bands/mordheim/clan-angrund-kep/special-rules.yaml,band--hate-skavens-orcs-and-goblins,"Hate Skaven, Orcs and Goblins",blocked_data,G04-opponent-category-facts,"F064 plus L11 exact opponent facts, then L06","Scope LATER/NO. The generic Hatred operators exist (skill.hatred, mechanic.hatred-dark-elves, mechanic.hatred-high-elves in execution.yaml, consumed by the modular hit-reroll path) but no source-backed fact identifies the target category on the opposing profile or band (see T13-F064 and the F068 table for andanti--andanti-knowledge).","Add the missing target-category fact (greenskin, Skaven, Dwarf, Undead, Vampire, Chaos, bloodline) and bind the qualified Hatred variant; never infer it from the band name or from undead_or_possessed."
sources/knowledge/bands/mordheim/crooked-moon-kep/special-rules.yaml,band--hate-stunties-and-skaven,Hate Stunties and Skaven,blocked_data,G04-opponent-category-facts,"F064 plus L11 exact opponent facts, then L06","Scope LATER/NO. The generic Hatred operators exist (skill.hatred, mechanic.hatred-dark-elves, mechanic.hatred-high-elves in execution.yaml, consumed by the modular hit-reroll path) but no source-backed fact identifies the target category on the opposing profile or band (see T13-F064 and the F068 table for andanti--andanti-knowledge).","Add the missing target-category fact (greenskin, Skaven, Dwarf, Undead, Vampire, Chaos, bloodline) and bind the qualified Hatred variant; never infer it from the band name or from undead_or_possessed."
sources/knowledge/bands/mordheim/dwarf-rangers/special-rules.yaml,band--hate-orcs-and-goblins,Hate Orcs and Goblins (shared-rule),blocked_data,G04-opponent-category-facts,"F064 plus L11 exact opponent facts, then L06","Scope LATER/NO. The generic Hatred operators exist (skill.hatred, mechanic.hatred-dark-elves, mechanic.hatred-high-elves in execution.yaml, consumed by the modular hit-reroll path) but no source-backed fact identifies the target category on the opposing profile or band (see T13-F064 and the F068 table for andanti--andanti-knowledge).","Add the missing target-category fact (greenskin, Skaven, Dwarf, Undead, Vampire, Chaos, bloodline) and bind the qualified Hatred variant; never infer it from the band name or from undead_or_possessed."
sources/knowledge/bands/mordheim/dwarf-treasure-hunters/special-rules.yaml,band--hate-orcs-and-goblins,Hate Orcs and Goblins (shared-rule),blocked_data,G04-opponent-category-facts,"F064 plus L11 exact opponent facts, then L06","Scope LATER/NO. The generic Hatred operators exist (skill.hatred, mechanic.hatred-dark-elves, mechanic.hatred-high-elves in execution.yaml, consumed by the modular hit-reroll path) but no source-backed fact identifies the target category on the opposing profile or band (see T13-F064 and the F068 table for andanti--andanti-knowledge).","Add the missing target-category fact (greenskin, Skaven, Dwarf, Undead, Vampire, Chaos, bloodline) and bind the qualified Hatred variant; never infer it from the band name or from undead_or_possessed."
sources/knowledge/bands/mordheim/dwarf-slayer-cult-web/special-rules.yaml,band--hatred-orcs-and-goblins,Hatred of Orcs and Goblins,blocked_data,G04-opponent-category-facts,"F064 plus L11 exact opponent facts, then L06","Scope LATER/NO. The generic Hatred operators exist (skill.hatred, mechanic.hatred-dark-elves, mechanic.hatred-high-elves in execution.yaml, consumed by the modular hit-reroll path) but no source-backed fact identifies the target category on the opposing profile or band (see T13-F064 and the F068 table for andanti--andanti-knowledge).","Add the missing target-category fact (greenskin, Skaven, Dwarf, Undead, Vampire, Chaos, bloodline) and bind the qualified Hatred variant; never infer it from the band name or from undead_or_possessed."
sources/knowledge/bands/mordheim/night-goblins-kaz/special-rules.yaml,band--hate-stunties,Hate Dwarfs (except Fanatics),blocked_data,G04-opponent-category-facts,"F064 plus L11 exact opponent facts, then L06","Scope LATER/NO. The generic Hatred operators exist (skill.hatred, mechanic.hatred-dark-elves, mechanic.hatred-high-elves in execution.yaml, consumed by the modular hit-reroll path) but no source-backed fact identifies the target category on the opposing profile or band (see T13-F064 and the F068 table for andanti--andanti-knowledge).","Add the missing target-category fact (greenskin, Skaven, Dwarf, Undead, Vampire, Chaos, bloodline) and bind the qualified Hatred variant; never infer it from the band name or from undead_or_possessed."
sources/knowledge/bands/mordheim/night-goblins-mic/special-rules.yaml,band--hate-stunties,Hate Dwarfs,blocked_data,G04-opponent-category-facts,"F064 plus L11 exact opponent facts, then L06","Scope LATER/NO. The generic Hatred operators exist (skill.hatred, mechanic.hatred-dark-elves, mechanic.hatred-high-elves in execution.yaml, consumed by the modular hit-reroll path) but no source-backed fact identifies the target category on the opposing profile or band (see T13-F064 and the F068 table for andanti--andanti-knowledge).","Add the missing target-category fact (greenskin, Skaven, Dwarf, Undead, Vampire, Chaos, bloodline) and bind the qualified Hatred variant; never infer it from the band name or from undead_or_possessed."
sources/knowledge/bands/mordheim/night-goblins-web/special-rules.yaml,band--hate-stunties,Hate Dwarfs,blocked_data,G04-opponent-category-facts,"F064 plus L11 exact opponent facts, then L06","Scope LATER/NO. The generic Hatred operators exist (skill.hatred, mechanic.hatred-dark-elves, mechanic.hatred-high-elves in execution.yaml, consumed by the modular hit-reroll path) but no source-backed fact identifies the target category on the opposing profile or band (see T13-F064 and the F068 table for andanti--andanti-knowledge).","Add the missing target-category fact (greenskin, Skaven, Dwarf, Undead, Vampire, Chaos, bloodline) and bind the qualified Hatred variant; never infer it from the band name or from undead_or_possessed."
sources/knowledge/bands/mordheim/pit-fighters/special-rules.yaml,dwarf-troll-slayer--hate-orcs-and-goblins,Hate Orcs and Goblins,blocked_data,G04-opponent-category-facts,"F064 plus L11 exact opponent facts, then L06","Scope LATER/NO. The generic Hatred operators exist (skill.hatred, mechanic.hatred-dark-elves, mechanic.hatred-high-elves in execution.yaml, consumed by the modular hit-reroll path) but no source-backed fact identifies the target category on the opposing profile or band (see T13-F064 and the F068 table for andanti--andanti-knowledge).","Add the missing target-category fact (greenskin, Skaven, Dwarf, Undead, Vampire, Chaos, bloodline) and bind the qualified Hatred variant; never infer it from the band name or from undead_or_possessed."
sources/knowledge/bands/mordheim/protectorate-of-sigmar-lotd3/special-rules.yaml,templar--zealous,Hatred of chaotic warbands,blocked_data,G04-opponent-category-facts,"F064 plus L11 exact opponent facts, then L06","Scope LATER/NO. The generic Hatred operators exist (skill.hatred, mechanic.hatred-dark-elves, mechanic.hatred-high-elves in execution.yaml, consumed by the modular hit-reroll path) but no source-backed fact identifies the target category on the opposing profile or band (see T13-F064 and the F068 table for andanti--andanti-knowledge).","Add the missing target-category fact (greenskin, Skaven, Dwarf, Undead, Vampire, Chaos, bloodline) and bind the qualified Hatred variant; never infer it from the band name or from undead_or_possessed."
sources/knowledge/bands/mordheim/slave-uprising-kep/special-rules.yaml,band--hate-skaven,Hate Skaven,blocked_data,G04-opponent-category-facts,"F064 plus L11 exact opponent facts, then L06","Scope LATER/NO. The generic Hatred operators exist (skill.hatred, mechanic.hatred-dark-elves, mechanic.hatred-high-elves in execution.yaml, consumed by the modular hit-reroll path) but no source-backed fact identifies the target category on the opposing profile or band (see T13-F064 and the F068 table for andanti--andanti-knowledge).","Add the missing target-category fact (greenskin, Skaven, Dwarf, Undead, Vampire, Chaos, bloodline) and bind the qualified Hatred variant; never infer it from the band name or from undead_or_possessed."
sources/knowledge/bands/mordheim/slave-uprising-kep/special-rules.yaml,goblin-leader--hate-dwarfs,Hate Dwarfs,blocked_data,G04-opponent-category-facts,"F064 plus L11 exact opponent facts, then L06","Scope LATER/NO. The generic Hatred operators exist (skill.hatred, mechanic.hatred-dark-elves, mechanic.hatred-high-elves in execution.yaml, consumed by the modular hit-reroll path) but no source-backed fact identifies the target category on the opposing profile or band (see T13-F064 and the F068 table for andanti--andanti-knowledge).","Add the missing target-category fact (greenskin, Skaven, Dwarf, Undead, Vampire, Chaos, bloodline) and bind the qualified Hatred variant; never infer it from the band name or from undead_or_possessed."
sources/knowledge/bands/mordheim/slave-uprising-kep/special-rules.yaml,goblin-slaves--hate-dwarfs,Hate Dwarfs,blocked_data,G04-opponent-category-facts,"F064 plus L11 exact opponent facts, then L06","Scope LATER/NO. The generic Hatred operators exist (skill.hatred, mechanic.hatred-dark-elves, mechanic.hatred-high-elves in execution.yaml, consumed by the modular hit-reroll path) but no source-backed fact identifies the target category on the opposing profile or band (see T13-F064 and the F068 table for andanti--andanti-knowledge).","Add the missing target-category fact (greenskin, Skaven, Dwarf, Undead, Vampire, Chaos, bloodline) and bind the qualified Hatred variant; never infer it from the band name or from undead_or_possessed."
sources/knowledge/bands/mordheim/survivors-of-strigos-sylv/special-rules.yaml,strigoi-vampire--kindred-hatred,Hatred of the rival bloodline,blocked_data,G04-opponent-category-facts,"F064 plus L11 exact opponent facts, then L06","Scope LATER/NO. The generic Hatred operators exist (skill.hatred, mechanic.hatred-dark-elves, mechanic.hatred-high-elves in execution.yaml, consumed by the modular hit-reroll path) but no source-backed fact identifies the target category on the opposing profile or band (see T13-F064 and the F068 table for andanti--andanti-knowledge).","Add the missing target-category fact (greenskin, Skaven, Dwarf, Undead, Vampire, Chaos, bloodline) and bind the qualified Hatred variant; never infer it from the band name or from undead_or_possessed."
sources/knowledge/bands/mordheim/kislevites/special-rules.yaml,cossacks--hate-chaos,Hate Chaos,blocked_data,G04-opponent-category-facts,"F064 plus L11 exact opponent facts, then L06","Scope LATER/NO. The generic Hatred operators exist (skill.hatred, mechanic.hatred-dark-elves, mechanic.hatred-high-elves in execution.yaml, consumed by the modular hit-reroll path) but no source-backed fact identifies the target category on the opposing profile or band (see T13-F064 and the F068 table for andanti--andanti-knowledge).","Add the missing target-category fact (greenskin, Skaven, Dwarf, Undead, Vampire, Chaos, bloodline) and bind the qualified Hatred variant; never infer it from the band name or from undead_or_possessed."
sources/knowledge/bands/mordheim/dreamwalkers-cult-of-morr-fbg/special-rules.yaml,andanti--andanti-knowledge,Andanti anti-Vampire effect,blocked_data,G04-opponent-category-facts,"F064 plus L11 exact opponent facts, then L06","Scope LATER/NO. The generic Hatred operators exist (skill.hatred, mechanic.hatred-dark-elves, mechanic.hatred-high-elves in execution.yaml, consumed by the modular hit-reroll path) but no source-backed fact identifies the target category on the opposing profile or band (see T13-F064 and the F068 table for andanti--andanti-knowledge).","Add the missing target-category fact (greenskin, Skaven, Dwarf, Undead, Vampire, Chaos, bloodline) and bind the qualified Hatred variant; never infer it from the band name or from undead_or_possessed."
sources/knowledge/bands/mordheim/lizardmen-lus/special-rules.yaml,kroxigor--animal,Animal classification used by Animal Friendship and animal-targeted rules,blocked_data,G04-opponent-category-facts,L08/L21 target-classification gap,"The follow-up register records that species.animal cannot distinguish normal animals from monsters (Kroxigors, Squigs) before Animal Friendship is activated. Mid-review revalidation: Animal Friendship was activated by the parallel run (ostlanders/band--ostlander-special-skills-animal-friendship is now YES/YES with mechanic.animal-friendship and a modular consumer at packages/python/combat-engine/mordheim_combat/modular/rounds.py:537), so the open check is now whether the normal-animal versus monster distinction is actually enforced.",Define the source-backed normal-animal fact and close with one normal/monster control.
sources/knowledge/bands/mordheim/black-orcs/special-rules.yaml,orc-boyz--animosity,Animosity or Bicker: own-turn test with action inhibition,pending_implementation,G05-animosity-and-bicker,L13 (random preparation and action inhibition); shared-rule.animosity has no executable binding,"Scope LATER/NO; no animosity mechanic or trait exists in execution.yaml and none is consumed by the modular engine. L13 in T13-T15-remaining-plan.md owns band-specific animosity/goading tables and bickering/action inhibition, which can land on one of the two duelists.",Implement one individual own-turn animosity/bicker test with printed exemptions; keep group/unit membership and any board movement out.
sources/knowledge/bands/mordheim/black-orcs/special-rules.yaml,orc-shootaz--animosity,Animosity or Bicker: own-turn test with action inhibition,pending_implementation,G05-animosity-and-bicker,L13 (random preparation and action inhibition); shared-rule.animosity has no executable binding,"Scope LATER/NO; no animosity mechanic or trait exists in execution.yaml and none is consumed by the modular engine. L13 in T13-T15-remaining-plan.md owns band-specific animosity/goading tables and bickering/action inhibition, which can land on one of the two duelists.",Implement one individual own-turn animosity/bicker test with printed exemptions; keep group/unit membership and any board movement out.
sources/knowledge/bands/mordheim/black-orcs/special-rules.yaml,band--animosity,Animosity or Bicker: own-turn test with action inhibition,pending_implementation,G05-animosity-and-bicker,L13 (random preparation and action inhibition); shared-rule.animosity has no executable binding,"Scope LATER/NO; no animosity mechanic or trait exists in execution.yaml and none is consumed by the modular engine. L13 in T13-T15-remaining-plan.md owns band-specific animosity/goading tables and bickering/action inhibition, which can land on one of the two duelists.",Implement one individual own-turn animosity/bicker test with printed exemptions; keep group/unit membership and any board movement out.
sources/knowledge/bands/mordheim/crooked-moon-kep/special-rules.yaml,band--animosity,Animosity or Bicker: own-turn test with action inhibition,pending_implementation,G05-animosity-and-bicker,L13 (random preparation and action inhibition); shared-rule.animosity has no executable binding,"Scope LATER/NO; no animosity mechanic or trait exists in execution.yaml and none is consumed by the modular engine. L13 in T13-T15-remaining-plan.md owns band-specific animosity/goading tables and bickering/action inhibition, which can land on one of the two duelists.",Implement one individual own-turn animosity/bicker test with printed exemptions; keep group/unit membership and any board movement out.
sources/knowledge/bands/mordheim/forest-goblins/special-rules.yaml,braves--animosity,Animosity or Bicker: own-turn test with action inhibition,pending_implementation,G05-animosity-and-bicker,L13 (random preparation and action inhibition); shared-rule.animosity has no executable binding,"Scope LATER/NO; no animosity mechanic or trait exists in execution.yaml and none is consumed by the modular engine. L13 in T13-T15-remaining-plan.md owns band-specific animosity/goading tables and bickering/action inhibition, which can land on one of the two duelists.",Implement one individual own-turn animosity/bicker test with printed exemptions; keep group/unit membership and any board movement out.
sources/knowledge/bands/mordheim/forest-goblins/special-rules.yaml,braves--remove-animosity,Animosity or Bicker: own-turn test with action inhibition,pending_implementation,G05-animosity-and-bicker,L13 (random preparation and action inhibition); shared-rule.animosity has no executable binding,"Scope LATER/NO; no animosity mechanic or trait exists in execution.yaml and none is consumed by the modular engine. L13 in T13-T15-remaining-plan.md owns band-specific animosity/goading tables and bickering/action inhibition, which can land on one of the two duelists.",Implement one individual own-turn animosity/bicker test with printed exemptions; keep group/unit membership and any board movement out.
sources/knowledge/bands/mordheim/forest-goblins/special-rules.yaml,forest-goblins--animosity,Animosity or Bicker: own-turn test with action inhibition,pending_implementation,G05-animosity-and-bicker,L13 (random preparation and action inhibition); shared-rule.animosity has no executable binding,"Scope LATER/NO; no animosity mechanic or trait exists in execution.yaml and none is consumed by the modular engine. L13 in T13-T15-remaining-plan.md owns band-specific animosity/goading tables and bickering/action inhibition, which can land on one of the two duelists.",Implement one individual own-turn animosity/bicker test with printed exemptions; keep group/unit membership and any board movement out.
sources/knowledge/bands/mordheim/forest-goblins/special-rules.yaml,red-toof-goblins--animosity,Animosity or Bicker: own-turn test with action inhibition,pending_implementation,G05-animosity-and-bicker,L13 (random preparation and action inhibition); shared-rule.animosity has no executable binding,"Scope LATER/NO; no animosity mechanic or trait exists in execution.yaml and none is consumed by the modular engine. L13 in T13-T15-remaining-plan.md owns band-specific animosity/goading tables and bickering/action inhibition, which can land on one of the two duelists.",Implement one individual own-turn animosity/bicker test with printed exemptions; keep group/unit membership and any board movement out.
sources/knowledge/bands/mordheim/forest-goblins/special-rules.yaml,sluggas--animosity,Animosity or Bicker: own-turn test with action inhibition,pending_implementation,G05-animosity-and-bicker,L13 (random preparation and action inhibition); shared-rule.animosity has no executable binding,"Scope LATER/NO; no animosity mechanic or trait exists in execution.yaml and none is consumed by the modular engine. L13 in T13-T15-remaining-plan.md owns band-specific animosity/goading tables and bickering/action inhibition, which can land on one of the two duelists.",Implement one individual own-turn animosity/bicker test with printed exemptions; keep group/unit membership and any board movement out.
sources/knowledge/bands/mordheim/forest-goblins/special-rules.yaml,band--animosity,Animosity or Bicker: own-turn test with action inhibition,pending_implementation,G05-animosity-and-bicker,L13 (random preparation and action inhibition); shared-rule.animosity has no executable binding,"Scope LATER/NO; no animosity mechanic or trait exists in execution.yaml and none is consumed by the modular engine. L13 in T13-T15-remaining-plan.md owns band-specific animosity/goading tables and bickering/action inhibition, which can land on one of the two duelists.",Implement one individual own-turn animosity/bicker test with printed exemptions; keep group/unit membership and any board movement out.
sources/knowledge/bands/mordheim/forest-goblins-lus/special-rules.yaml,band--animosity,Animosity or Bicker: own-turn test with action inhibition,pending_implementation,G05-animosity-and-bicker,L13 (random preparation and action inhibition); shared-rule.animosity has no executable binding,"Scope LATER/NO; no animosity mechanic or trait exists in execution.yaml and none is consumed by the modular engine. L13 in T13-T15-remaining-plan.md owns band-specific animosity/goading tables and bickering/action inhibition, which can land on one of the two duelists.",Implement one individual own-turn animosity/bicker test with printed exemptions; keep group/unit membership and any board movement out.
sources/knowledge/bands/mordheim/forest-goblins-lus/special-rules.yaml,bosses--animosity,Animosity or Bicker: own-turn test with action inhibition,pending_implementation,G05-animosity-and-bicker,L13 (random preparation and action inhibition); shared-rule.animosity has no executable binding,"Scope LATER/NO; no animosity mechanic or trait exists in execution.yaml and none is consumed by the modular engine. L13 in T13-T15-remaining-plan.md owns band-specific animosity/goading tables and bickering/action inhibition, which can land on one of the two duelists.",Implement one individual own-turn animosity/bicker test with printed exemptions; keep group/unit membership and any board movement out.
sources/knowledge/bands/mordheim/forest-goblins-lus/special-rules.yaml,forest-goblins--animosity,Animosity or Bicker: own-turn test with action inhibition,pending_implementation,G05-animosity-and-bicker,L13 (random preparation and action inhibition); shared-rule.animosity has no executable binding,"Scope LATER/NO; no animosity mechanic or trait exists in execution.yaml and none is consumed by the modular engine. L13 in T13-T15-remaining-plan.md owns band-specific animosity/goading tables and bickering/action inhibition, which can land on one of the two duelists.",Implement one individual own-turn animosity/bicker test with printed exemptions; keep group/unit membership and any board movement out.
sources/knowledge/bands/mordheim/forest-goblins-lus/special-rules.yaml,red-toof-clan-goblins--animosity,Animosity or Bicker: own-turn test with action inhibition,pending_implementation,G05-animosity-and-bicker,L13 (random preparation and action inhibition); shared-rule.animosity has no executable binding,"Scope LATER/NO; no animosity mechanic or trait exists in execution.yaml and none is consumed by the modular engine. L13 in T13-T15-remaining-plan.md owns band-specific animosity/goading tables and bickering/action inhibition, which can land on one of the two duelists.",Implement one individual own-turn animosity/bicker test with printed exemptions; keep group/unit membership and any board movement out.
sources/knowledge/bands/mordheim/forest-goblins-lus/special-rules.yaml,sluggas--animosity,Animosity or Bicker: own-turn test with action inhibition,pending_implementation,G05-animosity-and-bicker,L13 (random preparation and action inhibition); shared-rule.animosity has no executable binding,"Scope LATER/NO; no animosity mechanic or trait exists in execution.yaml and none is consumed by the modular engine. L13 in T13-T15-remaining-plan.md owns band-specific animosity/goading tables and bickering/action inhibition, which can land on one of the two duelists.",Implement one individual own-turn animosity/bicker test with printed exemptions; keep group/unit membership and any board movement out.
sources/knowledge/bands/mordheim/night-goblins-mic/special-rules.yaml,band--animosity,Animosity or Bicker: own-turn test with action inhibition,pending_implementation,G05-animosity-and-bicker,L13 (random preparation and action inhibition); shared-rule.animosity has no executable binding,"Scope LATER/NO; no animosity mechanic or trait exists in execution.yaml and none is consumed by the modular engine. L13 in T13-T15-remaining-plan.md owns band-specific animosity/goading tables and bickering/action inhibition, which can land on one of the two duelists.",Implement one individual own-turn animosity/bicker test with printed exemptions; keep group/unit membership and any board movement out.
sources/knowledge/bands/mordheim/night-goblins-web/special-rules.yaml,night-goblin-warriors--animosity,Animosity or Bicker: own-turn test with action inhibition,pending_implementation,G05-animosity-and-bicker,L13 (random preparation and action inhibition); shared-rule.animosity has no executable binding,"Scope LATER/NO; no animosity mechanic or trait exists in execution.yaml and none is consumed by the modular engine. L13 in T13-T15-remaining-plan.md owns band-specific animosity/goading tables and bickering/action inhibition, which can land on one of the two duelists.",Implement one individual own-turn animosity/bicker test with printed exemptions; keep group/unit membership and any board movement out.
sources/knowledge/bands/mordheim/night-goblins-web/special-rules.yaml,band--animosity,Animosity or Bicker: own-turn test with action inhibition,pending_implementation,G05-animosity-and-bicker,L13 (random preparation and action inhibition); shared-rule.animosity has no executable binding,"Scope LATER/NO; no animosity mechanic or trait exists in execution.yaml and none is consumed by the modular engine. L13 in T13-T15-remaining-plan.md owns band-specific animosity/goading tables and bickering/action inhibition, which can land on one of the two duelists.",Implement one individual own-turn animosity/bicker test with printed exemptions; keep group/unit membership and any board movement out.
sources/knowledge/bands/mordheim/orc-mob/special-rules.yaml,orc-boyz--animosity,Animosity or Bicker: own-turn test with action inhibition,pending_implementation,G05-animosity-and-bicker,L13 (random preparation and action inhibition); shared-rule.animosity has no executable binding,"Scope LATER/NO; no animosity mechanic or trait exists in execution.yaml and none is consumed by the modular engine. L13 in T13-T15-remaining-plan.md owns band-specific animosity/goading tables and bickering/action inhibition, which can land on one of the two duelists.",Implement one individual own-turn animosity/bicker test with printed exemptions; keep group/unit membership and any board movement out.
sources/knowledge/bands/mordheim/orc-mob/special-rules.yaml,goblin-warriors--animosity,Animosity or Bicker: own-turn test with action inhibition,pending_implementation,G05-animosity-and-bicker,L13 (random preparation and action inhibition); shared-rule.animosity has no executable binding,"Scope LATER/NO; no animosity mechanic or trait exists in execution.yaml and none is consumed by the modular engine. L13 in T13-T15-remaining-plan.md owns band-specific animosity/goading tables and bickering/action inhibition, which can land on one of the two duelists.",Implement one individual own-turn animosity/bicker test with printed exemptions; keep group/unit membership and any board movement out.
sources/knowledge/bands/mordheim/orc-mob/special-rules.yaml,band--animosity,Animosity or Bicker: own-turn test with action inhibition,pending_implementation,G05-animosity-and-bicker,L13 (random preparation and action inhibition); shared-rule.animosity has no executable binding,"Scope LATER/NO; no animosity mechanic or trait exists in execution.yaml and none is consumed by the modular engine. L13 in T13-T15-remaining-plan.md owns band-specific animosity/goading tables and bickering/action inhibition, which can land on one of the two duelists.",Implement one individual own-turn animosity/bicker test with printed exemptions; keep group/unit membership and any board movement out.
sources/knowledge/bands/mordheim/ogre-hunting-party-web/special-rules.yaml,band--greenskins,Animosity or Bicker: own-turn test with action inhibition,pending_implementation,G05-animosity-and-bicker,L13 (random preparation and action inhibition); shared-rule.animosity has no executable binding,"Scope LATER/NO; no animosity mechanic or trait exists in execution.yaml and none is consumed by the modular engine. L13 in T13-T15-remaining-plan.md owns band-specific animosity/goading tables and bickering/action inhibition, which can land on one of the two duelists.",Implement one individual own-turn animosity/bicker test with printed exemptions; keep group/unit membership and any board movement out.
sources/knowledge/bands/mordheim/underworld-alliance-mim/special-rules.yaml,boglars--bicker,Animosity or Bicker: own-turn test with action inhibition,pending_implementation,G05-animosity-and-bicker,L13 (random preparation and action inhibition); shared-rule.animosity has no executable binding,"Scope LATER/NO; no animosity mechanic or trait exists in execution.yaml and none is consumed by the modular engine. L13 in T13-T15-remaining-plan.md owns band-specific animosity/goading tables and bickering/action inhibition, which can land on one of the two duelists.",Implement one individual own-turn animosity/bicker test with printed exemptions; keep group/unit membership and any board movement out.
sources/knowledge/bands/mordheim/ogre-hunting-party-web/special-rules.yaml,band--bicker,Animosity or Bicker: own-turn test with action inhibition,pending_implementation,G05-animosity-and-bicker,L13 (random preparation and action inhibition); shared-rule.animosity has no executable binding,"Scope LATER/NO; no animosity mechanic or trait exists in execution.yaml and none is consumed by the modular engine. L13 in T13-T15-remaining-plan.md owns band-specific animosity/goading tables and bickering/action inhibition, which can land on one of the two duelists.",Implement one individual own-turn animosity/bicker test with printed exemptions; keep group/unit membership and any board movement out.
docs/knowledge/2a2b/tasks/T13-execution-follow-ups.md,T13-F026 / T13-Q151,"Dueling Pistol hand-to-hand shot, loaded-shot/reload and save contract",blocked_decision,G06-pistol-resource-contract,source ruling required before activation,F026 open ('blocked; T13-Q151'); F005's pistol-only Shifty allocation was delivered on 2026-10-04 (T13-local-modifiers-defences.md#q128q013f005--accepted-contracts-implemented) with the explicit note that it is not all F026/Q151 work.,"Obtain the Q151 ruling (shots per duel, reload, save interaction) and implement it in L08 with real sequences; keep the explicit refusal meanwhile."
sources/knowledge/bands/mordheim/snotlings-web/special-rules.yaml,wheelo--impact-hits,Impact Hits: 1D3 S4 automatic hits resolved before blows when the Wheelo moves into a model,pending_implementation,G07-charge-and-contact,L14 (charge and contact consequences inside the pair),"LATER/NO ('pre-combat automatic impact hits are outside the current engine scope'); against the supplied opposing duelist this is one ordered automatic-hit event, and the delivered Vomit Attack shows an automatic-hit replacement is expressible in the modular round.","Model it as an ordered pre-combat automatic-hit event on an actual charge/contact, reusing the delivered automatic-hit and injury pipeline; keep board movement out."
sources/knowledge/bands/mordheim/snotlings-web/special-rules.yaml,wheelo--impact-hits-and-multiple-charges,Impact Hits child clause (multiple charges),pending_implementation,G07-charge-and-contact,same lot as wheelo--impact-hits,"LATER/NO child clause; the multiple-target counting belongs to the excluded case, the single-opponent impact hit to the admitted one.",Split the clause: implement the single-opponent impact hit and record the multiple-target counting as out_of_scope in the same edit.
sources/knowledge/bands/mordheim/channel-rats-mim/special-rules.yaml,domnu--bear-hug,Bear Hug: after two unarmed hits an opposed roll replaces the normal attack sequence,blocked_decision,G07-charge-and-contact,F067 (third Prize-Fighter attack allocation),"F067 open: the source-correct Domnu pool has three attacks (A2 plus Prize-Fighter), the printed Bear Hug refers to 'both' unarmed attacks, and the existing operator considers only the first two; the record stays LATER/NO because no engine mechanic matches it.","Obtain the allocation ruling (nominated pair versus any two hits, survival of the third attack) and then reuse the opposed-roll/save operator with an unarmed-only filter."
sources/knowledge/bands/mordheim/channel-rats-mim/special-rules.yaml,band--shadowy-traditions,Strigany traditions: keeper/companion-dependent and conditional-producer clauses,pending_implementation,G07-charge-and-contact,F068/F070 plus L17 keeper action eligibility,Named in F070's remaining origins and in the Fear lot's deferred gates for keeper-dependent allocation; scope LATER/NO.,Handle it with F068's keeper facts and F070's producer integration rather than binding a generic tag.
sources/knowledge/bands/mordheim/(82 band files),mount and riding family,"Mount, ride, mounted-combat and riding-skill clauses",unconfirmed,G08-companions-and-mounts,L17 (single composite combatant); needs a per-clause read before any status,"82 mordheim LATER records match mount/ride/horse wording, e.g. knights-of-the-bitter-moors-mim/questing-knight--ride and knights-errant--ride, imperial-outriders band--mounted-two-weapon-fighting, band--targeted-mounted-warriors, band--stunned-riders, band--dead-horses, order-of-the-mare-web/band--horse-and-rider. The 1v1 boundary admits mounts only as one composite combatant (design-rulings.md#combat-lab-remains-a-1v1-duel-simulator--2026-10-04; L17). Enumeration: build/cache/t13-parallel/modular-residuals/clusters.json (mordheim/mount-riding).","Read each record: keep rider-plus-mount single-combatant clauses for L17, classify opponent-horse, terrain and board-movement clauses as out_of_scope; do not treat the 82 as one effect."
sources/knowledge/bands/mordheim/wood-elves-of-arden-mou/special-rules.yaml,ivy-ferret--poison-teeth,Poison Teeth limited to rounds in which the keeper can attack,pending_implementation,G08-companions-and-mounts,F068 (keeper identity and current action eligibility),F068 records that Black Lotus alone would allow an attack when the keeper cannot attack; the clause is admitted but the keeper fact is missing.,"Supply the keeper identity and action-eligibility fact with the L17 companion work, then bind the poison on the real conditional attack."
docs/knowledge/2a2b/tasks/T13-execution-follow-ups.md,T13-F036,62 hireling/Dramatis Personae combat origins have no canonical Combat Lab construction route,pending_implementation,G09-hireling-canonical-routes,L16,"F036 open: the origins resolve to rules on 25 catalogue profiles, none reachable by the band/profile compiler; anonymous free selection is not a canonical hireling route.","Create the canonical hireling participant route (loader, catalogue, compiler, product selection) and connect admitted clauses to the delivered operators; keep campaign hiring and purchases out."
docs/knowledge/2a2b/tasks/T13-execution-follow-ups.md,T13-F037,Aldred Fellblade starting-skill references are absent from the skill catalogue,blocked_data,G09-hireling-canonical-routes,L16,"F037 open: hireling.dramatis.aldred-fellblade.starting_skill_ids names skill.protection-of-sigmar, skill.righteous-fury and skill.sign-of-sigmar, absent from the skill catalogue; the loader does not validate them.","Resolve the three references against the canonical skill catalogue or remove them with a source note, then validate them in the loader."
docs/knowledge/2a2b/tasks/T13-execution-follow-ups.md,T13-F038,Eleven hireling provenance aliases omit the -miracle-workers suffix,pending_implementation,G09-hireling-canonical-routes,L16,F038 open: origin_owner values drop the variant suffix while rule ids and profiles keep it; staging_promotion.py documents the variant-id rule.,Reconcile the eleven origin aliases with the canonical variant ids before hireling integration.
sources/knowledge/bands/mordheim/adventurers-kaz/special-rules.yaml,imperial-noble--family-heirloom,"Conditional Fear producer (succession/transformation, species/sex/fire filter or generated effect)",pending_implementation,G10-conditional-fear-producers,F070 (source-specific action and recipient integration),"F070's remaining-origins list names this record verbatim; the 97 common Fear grants, Fearsome, Hideous, Chainsaw Sword, Beastlash and the supplied current-condition input are delivered (T13-local-modifiers-defences.md#l11-continuation--common-fear-grants-and-supplied-current-conditions).",Implement the exact producer predicate and bind mechanic.causes-fear; keep spell and ignition producers out.
sources/knowledge/bands/mordheim/black-dwarfs/special-rules.yaml,gaolers--nasty-reputation,"Conditional Fear producer (succession/transformation, species/sex/fire filter or generated effect)",pending_implementation,G10-conditional-fear-producers,F070 (source-specific action and recipient integration),"F070's remaining-origins list names this record verbatim; the 97 common Fear grants, Fearsome, Hideous, Chainsaw Sword, Beastlash and the supplied current-condition input are delivered (T13-local-modifiers-defences.md#l11-continuation--common-fear-grants-and-supplied-current-conditions).",Implement the exact producer predicate and bind mechanic.causes-fear; keep spell and ignition producers out.
sources/knowledge/bands/mordheim/bretonnian-brigands-mou/special-rules.yaml,band--the-boss,"Conditional Fear producer (succession/transformation, species/sex/fire filter or generated effect)",pending_implementation,G10-conditional-fear-producers,F070 (source-specific action and recipient integration),"F070's remaining-origins list names this record verbatim; the 97 common Fear grants, Fearsome, Hideous, Chainsaw Sword, Beastlash and the supplied current-condition input are delivered (T13-local-modifiers-defences.md#l11-continuation--common-fear-grants-and-supplied-current-conditions).",Implement the exact producer predicate and bind mechanic.causes-fear; keep spell and ignition producers out.
sources/knowledge/bands/mordheim/channel-rats-mim/special-rules.yaml,band--shadowy-traditions,"Conditional Fear producer (succession/transformation, species/sex/fire filter or generated effect)",pending_implementation,G10-conditional-fear-producers,F070 (source-specific action and recipient integration),"F070's remaining-origins list names this record verbatim; the 97 common Fear grants, Fearsome, Hideous, Chainsaw Sword, Beastlash and the supplied current-condition input are delivered (T13-local-modifiers-defences.md#l11-continuation--common-fear-grants-and-supplied-current-conditions).",Implement the exact producer predicate and bind mechanic.causes-fear; keep spell and ignition producers out.
sources/knowledge/bands/mordheim/dark-elf-corsairs-mou/special-rules.yaml,band--roster,"Conditional Fear producer (succession/transformation, species/sex/fire filter or generated effect)",pending_implementation,G10-conditional-fear-producers,F070 (source-specific action and recipient integration),"F070's remaining-origins list names this record verbatim; the 97 common Fear grants, Fearsome, Hideous, Chainsaw Sword, Beastlash and the supplied current-condition input are delivered (T13-local-modifiers-defences.md#l11-continuation--common-fear-grants-and-supplied-current-conditions).",Implement the exact producer predicate and bind mechanic.causes-fear; keep spell and ignition producers out.
sources/knowledge/bands/mordheim/fen-guard-mim/special-rules.yaml,band--fear-of-fire,"Conditional Fear producer (succession/transformation, species/sex/fire filter or generated effect)",pending_implementation,G10-conditional-fear-producers,F070 (source-specific action and recipient integration),"F070's remaining-origins list names this record verbatim; the 97 common Fear grants, Fearsome, Hideous, Chainsaw Sword, Beastlash and the supplied current-condition input are delivered (T13-local-modifiers-defences.md#l11-continuation--common-fear-grants-and-supplied-current-conditions).",Implement the exact producer predicate and bind mechanic.causes-fear; keep spell and ignition producers out.
sources/knowledge/bands/mordheim/ghost-pirates-sar/special-rules.yaml,sea-singer--beauty-of-the-sea,"Conditional Fear producer (succession/transformation, species/sex/fire filter or generated effect)",pending_implementation,G10-conditional-fear-producers,F070 (source-specific action and recipient integration),"F070's remaining-origins list names this record verbatim; the 97 common Fear grants, Fearsome, Hideous, Chainsaw Sword, Beastlash and the supplied current-condition input are delivered (T13-local-modifiers-defences.md#l11-continuation--common-fear-grants-and-supplied-current-conditions).",Implement the exact producer predicate and bind mechanic.causes-fear; keep spell and ignition producers out.
sources/knowledge/bands/mordheim/knights-of-the-bitter-moors-mim/special-rules.yaml,questing-knight--righteous-charge,"Conditional Fear producer (succession/transformation, species/sex/fire filter or generated effect)",pending_implementation,G10-conditional-fear-producers,F070 (source-specific action and recipient integration),"F070's remaining-origins list names this record verbatim; the 97 common Fear grants, Fearsome, Hideous, Chainsaw Sword, Beastlash and the supplied current-condition input are delivered (T13-local-modifiers-defences.md#l11-continuation--common-fear-grants-and-supplied-current-conditions).",Implement the exact producer predicate and bind mechanic.causes-fear; keep spell and ignition producers out.
sources/knowledge/bands/mordheim/masters-of-horror-sylv/special-rules.yaml,mad-scientist--lunatic,"Conditional Fear producer (succession/transformation, species/sex/fire filter or generated effect)",pending_implementation,G10-conditional-fear-producers,F070 (source-specific action and recipient integration),"F070's remaining-origins list names this record verbatim; the 97 common Fear grants, Fearsome, Hideous, Chainsaw Sword, Beastlash and the supplied current-condition input are delivered (T13-local-modifiers-defences.md#l11-continuation--common-fear-grants-and-supplied-current-conditions).",Implement the exact producer predicate and bind mechanic.causes-fear; keep spell and ignition producers out.
sources/knowledge/bands/mordheim/necrarchs-the-soul-stealers-lotd1/special-rules.yaml,band--death-of-the-leader,"Conditional Fear producer (succession/transformation, species/sex/fire filter or generated effect)",pending_implementation,G10-conditional-fear-producers,F070 (source-specific action and recipient integration),"F070's remaining-origins list names this record verbatim; the 97 common Fear grants, Fearsome, Hideous, Chainsaw Sword, Beastlash and the supplied current-condition input are delivered (T13-local-modifiers-defences.md#l11-continuation--common-fear-grants-and-supplied-current-conditions).",Implement the exact producer predicate and bind mechanic.causes-fear; keep spell and ignition producers out.
sources/knowledge/bands/mordheim/savage-orcs-sar/special-rules.yaml,band--savage-orc-rules,"Conditional Fear producer (succession/transformation, species/sex/fire filter or generated effect)",pending_implementation,G10-conditional-fear-producers,F070 (source-specific action and recipient integration),"F070's remaining-origins list names this record verbatim; the 97 common Fear grants, Fearsome, Hideous, Chainsaw Sword, Beastlash and the supplied current-condition input are delivered (T13-local-modifiers-defences.md#l11-continuation--common-fear-grants-and-supplied-current-conditions).",Implement the exact producer predicate and bind mechanic.causes-fear; keep spell and ignition producers out.
sources/knowledge/bands/mordheim/skaven-of-clan-pestilens-mou/special-rules.yaml,band--pestilens-special-skills,"Conditional Fear producer (succession/transformation, species/sex/fire filter or generated effect)",pending_implementation,G10-conditional-fear-producers,F070 (source-specific action and recipient integration),"F070's remaining-origins list names this record verbatim; the 97 common Fear grants, Fearsome, Hideous, Chainsaw Sword, Beastlash and the supplied current-condition input are delivered (T13-local-modifiers-defences.md#l11-continuation--common-fear-grants-and-supplied-current-conditions).",Implement the exact producer predicate and bind mechanic.causes-fear; keep spell and ignition producers out.
sources/knowledge/bands/mordheim/fen-guard-mim/special-rules.yaml,branchnymph--instinctual,"Compound record: unconditional Fear clause delivered, remaining printed clauses pending",pending_implementation,G10-conditional-fear-producers,F070 plus the owning family lot of the remaining clause,The Fear lot states these seven records execute only their unconditional Fear clause and that their other printed clauses retain explicit pending effect rows; the rule-level scope is YES while the remaining effect stays LATER.,"Read the remaining clause, route it to its owning family (injury, save or allocation) and record an explicit disposition instead of leaving a generic pending row."
sources/knowledge/bands/mordheim/ogre-hunting-party-web/special-rules.yaml,band--huuuuge,"Compound record: unconditional Fear clause delivered, remaining printed clauses pending",pending_implementation,G10-conditional-fear-producers,F070 plus the owning family lot of the remaining clause,The Fear lot states these seven records execute only their unconditional Fear clause and that their other printed clauses retain explicit pending effect rows; the rule-level scope is YES while the remaining effect stays LATER.,"Read the remaining clause, route it to its owning family (injury, save or allocation) and record an explicit disposition instead of leaving a generic pending row."
sources/knowledge/bands/mordheim/ghost-pirates-sar/special-rules.yaml,ghost-captain--grasp-of-the-drowned,"Compound record: unconditional Fear clause delivered, remaining printed clauses pending",pending_implementation,G10-conditional-fear-producers,F070 plus the owning family lot of the remaining clause,The Fear lot states these seven records execute only their unconditional Fear clause and that their other printed clauses retain explicit pending effect rows; the rule-level scope is YES while the remaining effect stays LATER.,"Read the remaining clause, route it to its owning family (injury, save or allocation) and record an explicit disposition instead of leaving a generic pending row."
sources/knowledge/bands/mordheim/ghost-pirates-sar/special-rules.yaml,screaming-ghosts--fear,"Compound record: unconditional Fear clause delivered, remaining printed clauses pending",pending_implementation,G10-conditional-fear-producers,F070 plus the owning family lot of the remaining clause,The Fear lot states these seven records execute only their unconditional Fear clause and that their other printed clauses retain explicit pending effect rows; the rule-level scope is YES while the remaining effect stays LATER.,"Read the remaining clause, route it to its owning family (injury, save or allocation) and record an explicit disposition instead of leaving a generic pending row."
sources/knowledge/bands/mordheim/ghost-pirates-sar/special-rules.yaml,skeleton-mates--no-pain,"Compound record: unconditional Fear clause delivered, remaining printed clauses pending",pending_implementation,G10-conditional-fear-producers,F070 plus the owning family lot of the remaining clause,The Fear lot states these seven records execute only their unconditional Fear clause and that their other printed clauses retain explicit pending effect rows; the rule-level scope is YES while the remaining effect stays LATER.,"Read the remaining clause, route it to its owning family (injury, save or allocation) and record an explicit disposition instead of leaving a generic pending row."
sources/knowledge/bands/mordheim/ghost-pirates-sar/special-rules.yaml,gibbets--no-pain,"Compound record: unconditional Fear clause delivered, remaining printed clauses pending",pending_implementation,G10-conditional-fear-producers,F070 plus the owning family lot of the remaining clause,The Fear lot states these seven records execute only their unconditional Fear clause and that their other printed clauses retain explicit pending effect rows; the rule-level scope is YES while the remaining effect stays LATER.,"Read the remaining clause, route it to its owning family (injury, save or allocation) and record an explicit disposition instead of leaving a generic pending row."
sources/knowledge/bands/mordheim/ghost-pirates-sar/special-rules.yaml,the-bloated--squishy,"Compound record: unconditional Fear clause delivered, remaining printed clauses pending",pending_implementation,G10-conditional-fear-producers,F070 plus the owning family lot of the remaining clause,The Fear lot states these seven records execute only their unconditional Fear clause and that their other printed clauses retain explicit pending effect rows; the rule-level scope is YES while the remaining effect stays LATER.,"Read the remaining clause, route it to its owning family (injury, save or allocation) and record an explicit disposition instead of leaving a generic pending row."
docs/knowledge/2a2b/tasks/T13-execution-follow-ups.md,T13-F018,Unshakeable Faith access decision plus the Bloodline Q095 route,pending_implementation,G11-product-access-and-choices,Q081/Q095 and the L11 source/operator owner,F018's current L05 disposition resolves seven of nine channels and leaves Unshakeable Faith without an established source table; Bloodline has a configured-ability route only for Vampire with Q095 execution still gated.,Establish the source table for Unshakeable Faith access and bind the Fear-immunity operator; keep Q095 authoritative for the Bloodline execution.
docs/knowledge/2a2b/tasks/T13-execution-follow-ups.md,T13-F028,Seventeen equipment origins have only a traced trading-post route,pending_implementation,G11-product-access-and-choices,L06/L07/L11/L14/L16/L17 then L18,"F028 open: 13 items not_sold and four rare; L05 recorded an individual functional owner for all 17 without enabling a borrowed slot or mechanic, and states that availability or an out_of_scope mapping is not a reviewed exclusion.",Resolve each item's local combat applicability inside its family lot and expose the supported ones in L18; prices remain campaign catalogue work.
docs/knowledge/2a2b/tasks/T13-execution-follow-ups.md,T13-F065,Knuckledusters Concealable: carried melee cap exemption and weapon-ban scenario,pending_implementation,G11-product-access-and-choices,L05 residual shared carried-kit contract plus L18 scenario input,"F065 open: shared EquipmentLimits exposes missile limits, required tags and exemptions but no carried melee cap, and the duel context has no scenario weapon-ban fact.",Extend the shared carried-kit contract with the melee count and add the explicit local scenario input in L18; leave the delivered Pair execution unchanged.
docs/knowledge/2a2b/tasks/T13-T15-remaining-plan.md,L18,"Visible duel configuration for delivered effects (dance choice, supplied provider/condition, unsupported-condition explanations)",pending_implementation,G11-product-access-and-choices,L02-L17 stable inputs,"Plan L18 owns the product workflow; the local-modifiers delivery already exposes Causes Fear and an explicit Leadership field in the editor, while the dance choice and provider selection remain pending. A backend test alone does not close the lot.",Wire the delivered inputs into the Combat Lab catalogue/editor flow and label unsupported conditions; no new rule interpretation in the UI.
docs/knowledge/2a2b/tasks/T13-execution-follow-ups.md,T13-F001,Residual source-pin/semantic debt (30 historical pairs),out_of_scope,G12-certification-and-data-debt,L21/R7,F001 open; the register limits it to the 30 historical pairs and states that new fingerprints and verifier identities belong to L21 reconciliation.,No engine clause: keep in L21; do not report it as a modular effect pending.
docs/knowledge/2a2b/tasks/T13-execution-follow-ups.md,T13-F057,Parity inventory count stale after the 15 Fimir/Boglar cases,out_of_scope,G12-certification-and-data-debt,L01,"F057 open; F040's boundary records a refused measurement (3743 vs 3758) with an unchanged budget. It is a gate artifact, not a duel clause.",Owned by the reserved L01/F057 assignment; no modular effect work.
docs/knowledge/2a2b/tasks/T13-execution-follow-ups.md,T13-F063,knights_helm data removal and dependent reference/generated cleanup,out_of_scope,G12-certification-and-data-debt,L21,The user classified knights_helm as a source erratum on 2026-10-04 (design-rulings.md#knights-helm-source-erratum--2026-10-04); F063 retains cleanup only and the 4+ Basha counterpart is not an obligation.,Do the KB and generated cleanup with L21; no combat mechanic or replacement item.
docs/knowledge/2a2b/tasks/T13-execution-follow-ups.md,T13-F041/F045/F046/F048/F049/F053/F054/F055,"Presentation, generated-artifact, manifest and audit-tooling findings",out_of_scope,G12-certification-and-data-debt,R7/T15,"Each entry describes product, generated or audit debt (restriction presentation, stale count pins, absent manifest target, localized note projection, mutation isolation, citation grammar, reader dedup, static presentation findings); none changes a duel clause.",Route to the R7/T15 owners; do not implement them as modular effects.
sources/knowledge/bands/mordheim/amazons-lustria/special-rules.yaml,band--amazon-special-skills-mesmerising-dance,Mesmerising Dance: an enemy in base contact tests Leadership each turn or is transfixed,pending_implementation,G13-remaining-individual-variants,L10/L11 individual test plus L13,LATER/NO with reason 'Deferred subsystem: psychology'; the effect lands on the opposing duelist and can reuse the delivered individual test path (modular/leadership.py#resolve_local_leadership).,Implement the per-turn enemy test and its consequence on the opposing duelist using the delivered operator.
sources/knowledge/bands/mordheim/amazons-lustria/special-rules.yaml,band--amazon-special-skills-savage-fury,"+1 Attack when charging, immune to charm and to fear",pending_implementation,G13-remaining-individual-variants,L11/L14,"LATER/NO selectable; the charge attack-count contract is delivered for source-qualified records (charge_attack_bonus, Sabretusk charge lot) and charm has no duel subsystem.",Bind the charge clause with an explicit charge/recipient contract and record the charm clause as out_of_scope (no charm producer in the duel).
sources/knowledge/bands/mordheim/carnival-of-chaos/special-rules.yaml,plague-bearers--daemonic-instability,Daemonic Instability: Leadership-based removal or damage check,pending_implementation,G13-remaining-individual-variants,L10/L11,LATER/NO with reason 'Deferred subsystem: psychology'; no daemonic-instability operator exists in execution.yaml.,"Establish the printed procedure from source, then reuse the Leadership test and removal pipeline; no group unstable-unit rules for the excluded multi-model case."
sources/knowledge/bands/mordheim/carnival-of-chaos/special-rules.yaml,nurglings--daemonic-instability,Daemonic Instability (Nurglings),pending_implementation,G13-remaining-individual-variants,same lot as plague-bearers--daemonic-instability,LATER/NO; the same shared text as the Plague Bearer record.,Bind in the same functional lot with one operator and per-profile recipients.
sources/knowledge/bands/mordheim/beastmen-raiders/special-rules.yaml,minotaur--bloodgreed,Bloodgreed: extra attacks on a six plus compulsory pursuit behaviour,pending_implementation,G13-remaining-individual-variants,L08/L14,LATER/NO; the natural and extra attack pools exist (the delivered Onslaught appends natural attacks for physical sixes) while the chase clause is not a duel fact.,Split the clause: implement the extra attacks like the delivered Onslaught and exclude the pursuit part.
sources/knowledge/bands/mordheim/bretonnian-chapel-guard/special-rules.yaml,knights-errant--impetuous,Impetuous: compulsory charge or behaviour test,pending_implementation,G13-remaining-individual-variants,L13/L14,LATER/NO; the Fear lot established voluntary versus involuntary charge provenance as the remaining integration point (F069).,Implement with the F069 charge-provenance lot instead of a private copy of the charge logic.
sources/knowledge/bands/mordheim/bretonnian-knights/special-rules.yaml,band--virtue-of-discipline,Virtue of Discipline: Leadership and psychology variant,pending_implementation,G13-remaining-individual-variants,L10/L11 plus a source read,"LATER/NO selectable; the Virtue family mixes Leadership modifiers, psychology exemptions and combat rerolls; the records carry local printed text only.","Read the printed Virtue text, split its clauses and bind them through the delivered Leadership, psychology and reroll operators."
sources/knowledge/bands/mordheim/bretonnian-knights/special-rules.yaml,band--virtue-of-noble-disdain,Virtue of Noble Disdain: missile-related exemption,pending_implementation,G13-remaining-individual-variants,none for the duel (missile clauses excluded),"LATER/NO; the printed Virtue concerns missile weapons and the target's shooting, which is outside the close-combat duel.","Confirm the source text; if the only effects are missile-related, record out_of_scope instead of a pending binding."
sources/knowledge/bands/mordheim/bretonnian-knights/special-rules.yaml,band--virtue-of-pure-heart,Virtue of the Pure Heart: personal protection variant,pending_implementation,G13-remaining-individual-variants,L07 plus a source read,LATER/NO selectable; the personal-save operator family exists (ward_save and natural-armour variants) and was extended in the grouped save lot.,Read the printed protection clause and bind the matching save operator under the accepted save-kind contract (avoid the F022 natural-armour substitution error).
sources/knowledge/bands/mordheim/marauders-of-chaos/special-rules.yaml,band--mark-of-chaos-undivided,Mark of Chaos Undivided: psychology and protection grants,pending_implementation,G13-remaining-individual-variants,source read plus L11,LATER/NO band grant; other bands bind the same mechanics (the Nurgle blessing binds the Fear mechanic) but this record carries no binding.,"Read the three Marks and bind their individual clauses (Fear, psychology immunity, saves); keep escalation and campaign parts out."
sources/knowledge/bands/mordheim/marauders-of-chaos/special-rules.yaml,band--mark-of-arkhar,Mark of Arkhar: psychology grant,pending_implementation,G13-remaining-individual-variants,source read plus L11,LATER/NO band grant with no binding; the modular psychology operators are delivered.,Same functional lot as the other Marks.
sources/knowledge/bands/mordheim/marauders-of-chaos/special-rules.yaml,band--mark-of-shornaal,Mark of Shornaal: combat and psychology grant,pending_implementation,G13-remaining-individual-variants,source read plus L11,LATER/NO band grant with no binding.,Same functional lot as the other Marks.
sources/knowledge/bands/mordheim/dwarf-slayer-cult-web/special-rules.yaml,band--slayer-rules,"Deathwish immunity plus armour, missile, magic and exploration restrictions",pending_implementation,G13-remaining-individual-variants,L11 plus a scope split,"LATER/NO band rule whose text mixes the admitted individual Deathwish immunity with excluded armour, missile and exploration clauses; the Deathwish operator (mechanic.psychology-immunity) is delivered.",Split per clause: bind the psychology immunity and record the restrictions and exploration clauses as out_of_scope with the source preserved.
sources/knowledge/bands/mordheim/dwarf-slayers-kaz/special-rules.yaml,band--shame,Shame: campaign progression plus psychology exemption,pending_implementation,G13-remaining-individual-variants,L11 plus a scope split,LATER/NO ('campaign progression and psychology'); the psychology exemption can reuse mechanic.psychology-immunity while the shame/conversion part is campaign.,Split per clause as with band--slayer-rules.
sources/knowledge/bands/mordheim/snotlings-web/special-rules.yaml,snotling-mobs--mob-mentality,Mob Mentality: Fear-related mob behaviour,pending_implementation,G13-remaining-individual-variants,scope decision (group versus individual),"LATER/NO with reason 'Deferred subsystem: psychology (Fear)'; the printed benefit depends on nearby Snotling mobs, which is group context, while the individual Fear operator is delivered.",Decide whether the printed clause can be expressed as an individual supplied condition; otherwise record out_of_scope with the group reason.
sources/knowledge/bands/mordheim/snotlings-web/special-rules.yaml,bullied-goblin--mob-rule,Mob Rule: Leadership from nearby Snotlings,pending_implementation,G13-remaining-individual-variants,"L12/L18 supplied provider, or out_of_scope","LATER/NO; the delivered provider contract already models caller-supplied nearby providers with explicit distance, side and band facts (modular/leadership.py).",Express it with the supplied-provider contract or record out_of_scope; do not add group membership or autonomous allies.
sources/knowledge/bands/mordheim/snotlings-web/special-rules.yaml,bullied-goblin--mob-master,Mob Master: psychology-immunity aura,pending_implementation,G13-remaining-individual-variants,"L12/L18, or out_of_scope","LATER/NO; mechanic.psychology-immunity exists and is consumed, but the printed clause is an aura from nearby models.","Same decision as Mob Rule; if admitted, treat it as a supplied current condition rather than group state."
sources/knowledge/bands/mordheim/snotlings-web/special-rules.yaml,wheelo--combat,Wheelo combat clause,pending_implementation,G13-remaining-individual-variants,source read; coordinate with G07,"LATER/NO; Wheelo also carries the impact-hit clauses tracked in G07, so two contracts must not be written independently.",Read the clause together with the impact-hit work and split individual combat effects from movement clauses.
sources/knowledge/bands/mordheim/(all bands),provisional-scope-no (329 mordheim effect rows),Records marked scope NO with 'Provisional classification: no engine effect assigned yet; pending scope refinement and equivalence review',unconfirmed,G14-unconfirmed-triage,per-clause read required,"329 mordheim effect rows carry the provisional reason, which is not a ruled exclusion; the top bands are pirates-of-the-cathayan-sea-sar 22, metal-mongers-mim 19, lothern-sea-patrol-sar 18, orc-pirates-sar 17, ghost-pirates-sar 16 and slayer-pirates-sar 16. ghost-pirates-sar/band--ethereal is a proven example of an admitted clause behind this marker. Enumeration: build/cache/t13-parallel/modular-residuals/residual_effects.tsv (effect_scope=NO, reason contains 'Provisional classification'). Re-measured 328 after the mid-review promotions. Measured during the review window (2026-10-04 22:00-22:40Z); the parallel implementation run keeps writing, so re-measure before dispatching.","Triage per clause: either admit and open implementation, or replace the provisional text with a reviewable exclusion reason; do not count them as verified exclusions."
sources/knowledge/bands/mordheim/(all bands),later-unclassified-mordheim (158 records),LATER records not covered by this review's behavioural clusters (individual effects mixed with movement and campaign clauses),unconfirmed,G14-unconfirmed-triage,per-record read required,"Includes verified candidates such as call-of-the-night-haint-mim/band--requilary (Requilary deployment), tomb-banshee--ghostly-howl, revenants--spectral-ascension, clockworkers-sc/band--constructs, house-guard-sc/band--chain-of-command, house-guard-sc/band--baluardo-armour, shallows-beasts-mim foundlings--blessed-child, the skaven-of-clan-skryre-rel skaven-slave rules, witch-hunters/*--burn-the-witch, snotlings-web/band--pointy-stick, high-elves-lus/band--resolve and clearly movement or campaign records. Enumeration: build/cache/t13-parallel/modular-residuals/clusters.json (mordheim/unclassified). Re-measured 158 after the mid-review promotions. Measured during the review window (2026-10-04 22:00-22:40Z); the parallel implementation run keeps writing, so re-measure before dispatching.","Read each record and assign one of the six statuses; the cluster probe already separated the neighbours, so only this residual list needs the pass."
sources/knowledge/bands/mordheim/(all bands),trollheim collection (204 LATER and 285 NO records),Trollheim collection rules remain unimplemented in the same engine,unconfirmed,G14-unconfirmed-triage,coordinator disposition: the initiative declares 19 2A plus 60 2B mordheim bands (docs/knowledge/2a2b/README.md),"sources/knowledge/registry/collections.yaml declares a separate 'trollheim' collection with the same ruleset. Its LATER records include exact-equivalent binding omissions (chaos-streets-undead-bloodlines/*--fear and *--immune-to-psychology, lustria-clan-pestilens/rat-ogre--stupidity, chaos-streets-greenskins/troll--stupidity, trollheim-skaven-clan-eshin/rat-ogre--stupidity, khemri-lahmian-brotherhood/band--cause-fear, khemri-necromancers/band--cause-fear), while lustria-pygmies/silent-walker--ethereal is already YES/YES. Re-measured unchanged (204 LATER). Measured during the review window (2026-10-04 22:00-22:40Z); the parallel implementation run keeps writing, so re-measure before dispatching.","Confirm whether the initiative owns the trollheim collection; if not, hand the equivalent-operator fixes to that collection's owner and keep the pointer."
docs/knowledge/2a2b/tasks/T13-execution-follow-ups.md,T13-F029,115 + 47 + 27 + 5 question-bearing origins need concrete handoffs,unconfirmed,G14-unconfirmed-triage,coordinator routing (not a second source ledger),"F029 states the counts overlap, the original ledger has 185 questions with generic owners, and the hireling/command trace adds its own handoffs.",Confirm that each question-bearing origin reaches a real owning lot; do not add the counts as unique questions.
docs/knowledge/2a2b/tasks/T13-execution-follow-ups.md,T13-F069,Fear interaction with involuntary contact/interception and later engagements,pending_implementation,G14-unconfirmed-triage,L13/L14 producer plus L18 visible outcome,"F069 open: DuelContext.charging covers ordinary in-range initial attempts, involuntary contact producers are not activated, and a failed voluntary charge intentionally leaves the pair unresolved.",Carry voluntary/intercepted/involuntary provenance from the actual producer and apply the source test; keep board movement and interception out unless the clause is admitted.
docs/decisions/design-rulings.md,voluntary-escape-ruling-2026-10-04,"Voluntary escape, withdrawal, contact breaking, Jump Back, Leap of Faith, Escapists",out_of_scope,GX-out-of-scope,none,"Ends the duel without resolving it and is explicitly excluded; the printed text is preserved. design-rulings.md#voluntary-escape-does-not-belong-to-combat-lab--2026-10-04; the Swashbuckler/Hit and Run, Jump Back, Leap of Faith and Escapists records already carry scope: NO.",No work.
docs/decisions/design-rulings.md,1v1-duel-ruling-2026-10-04,"Group Rout tests, All Alone counting, group psychology, multi-target combat, independent third fighters, command emission/hearing networks",out_of_scope,GX-out-of-scope,none,"Outside the reaffirmed 1v1 purpose; supplied external conditions or bonuses on either duelist stay admitted. design-rulings.md#combat-lab-remains-a-1v1-duel-simulator--2026-10-04; the routing cluster holds 12 mordheim records (Loner, Mighty Doom, Strategic Minded, Knights Virtue All Alone, Central Figure, Dark Elf rout) plus the insignificant/mob clauses.",No group subsystem; adopt each record's individual clauses into their own family where the source has one (see G13 for the Mob Mentality/Mob Rule decisions).
docs/decisions/design-rulings.md,map-terrain-weather-exclusion,"Map, terrain, weather, fog/Mystic Mist, water and aquatic combat, movement through terrain",out_of_scope,GX-out-of-scope,none,"Excluded even as supplied switches; personal effects such as poison or catching fire are not map rules. Same ruling entry; the movement cluster holds 34 mordheim records (may-not-run, root-walk, tanglevine, slow-growing, squig-jump, spry, keen-sight, stealth) and records such as orc-pirates-sar/sea-troll--aquatic and imperial-outriders/band--dense-terrain; deployment/hidden is a separate excluded subsystem (8 records, e.g. druchii-mic/noble--infiltration, snotlings-web/scouts--scout).",No implementation; keep the source text and the supported-context limit visible.
sources/knowledge/registry/runtime-scope.yaml,mechanic_exclusions (25 entries),"25 mechanics declared out of the one-against-one runtime (lance, man-catcher, acrobat, arcane lore, dodge, hunter, pistolier, sorcery, sprint, weapons-expert and others)",out_of_scope,GX-out-of-scope,none,"Registry-level exclusion with a per-mechanic reason; the loader/selection consume the list (compiler.py:194, selection.py:31). runtime-scope.yaml#profile_exclusions also removes gyrocopter, river-boat and banshee. Craven's Mystic Mist exception is excluded while the Fear consequence stays implemented.",No work; keep the registry as the single exclusion source and never re-add these mechanics to the compiled loadout.
docs/decisions/design-rulings.md,vectorized-native-out-of-this-task,"NumPy/vectorized and native ports of the remaining families (F006, F009 and every new contextual consumer)",out_of_scope,GX-out-of-scope,none,"Explicitly outside this review's assignment; the modules keep their optimized-support refusals, and kernel.py:109 lists every refused tag (mechanic.leader-six, dance.*, mechanic.questing-vow, mechanic.psychology-immunity, the conditional saves and others). Plan L19/L20 own the ports.",No port work here; keep the refusal list in sync when the pending families above are activated.
docs/knowledge/2a2b/tasks/T13-execution-follow-ups.md,T13-F047,Canonical fire-magic producer witness for Boglar regeneration,out_of_scope,GX-out-of-scope,none,"The admitted clause (fire blocks regeneration) is implemented and proved; the missing producer is a spell, and battle magic is excluded. F047 records passing real fire-weapon and incoming attack.fire plus attack.magical probes while stating that no canonical fire-spell producer exists.","No spell subsystem; if a non-spell fire producer appears inside an admitted family, use it as the witness."
docs/knowledge/2a2b/tasks/T13-execution-follow-ups.md,T13-F061 (remainder),Halfling Crude Belch extra-enemy contacts and multi-enemy resolution,out_of_scope,GX-out-of-scope,none,"The duel milestone (ordered loss of the first or only attack) is delivered; the multi-enemy part is the excluded group case. F061 status: 'duel milestone implemented, 2026-10-04; product/backend boundaries remain; multi-enemy resolution is outside the user-reaffirmed 1v1 scope'; T13-crude-belch.md documents the explicit refusal for extra contacts.",No engine work; product and port remnants belong to L18/L19/L20.
docs/knowledge/2a2b/tasks/T13-local-modifiers-defences.md,Loec dance parent acquisition records,Parents of the Shadow Dances of Loec (learning and promotion records),out_of_scope,GX-out-of-scope,none,Acquisition references only; the delivery states the parents add no separate passive bonus. T13-local-modifiers-defences.md#l08l09--shadow-dances-of-loec (Q078: 'Parent acquisition records add no passive bonus; campaign learning is outside the duel').,No effect row; do not reopen them as pendings.
docs/knowledge/2a2b/tasks/T13-execution-follow-ups.md,T13-F003,Shifty modular semantics await independent review,implemented_stale_record,ST-stale-records,none (reopen only on changed inputs),Resolved 2026-10-02 after S1-S4 user acceptance (design-rulings.md#shifty-s1s4).,No action.
docs/knowledge/2a2b/tasks/T13-execution-follow-ups.md,T13-F004,Shifty canonical and configured promoted access,implemented_stale_record,ST-stale-records,none (reopen only on changed inputs),"Resolved 2026-10-03 by L04/L05: the four heroes and promoted Scouts/Warriors select, compile and run Shifty.",No action; L18 visible editing and L19/L20 ports stay in their own groups.
docs/knowledge/2a2b/tasks/T13-execution-follow-ups.md,T13-F005,Shifty with only pistols needs an allocation ruling,implemented_stale_record,ST-stale-records,none (reopen only on changed inputs),Current disposition 2026-10-04: implemented in the modular and shared construction paths; the entry's 'Status/type: blocked' text is historical and the ruling is in design-rulings.md.,Treat as implemented; only the pistol resource contract (G06) remains open.
docs/knowledge/2a2b/tasks/T13-execution-follow-ups.md,T13-F007,Spectral Touch modular Barrage repair awaits review,implemented_stale_record,ST-stale-records,none (reopen only on changed inputs),Resolved 2026-10-02 after independent review and acceptance.,No action.
docs/knowledge/2a2b/tasks/T13-execution-follow-ups.md,T13-F008,Spectral Touch production activation and specifications pending,implemented_stale_record,ST-stale-records,none (reopen only on changed inputs),"Resolved 2026-10-03 (L03): canonical flag, typed transport, catalogue status and cases.",No action.
docs/knowledge/2a2b/tasks/T13-execution-follow-ups.md,T13-F010,Selecting Vomit Attack does not project an attack,implemented_stale_record,ST-stale-records,none (reopen only on changed inputs),Resolved 2026-10-03 (L02) for canonical compilation and modular replacement.,No action.
docs/knowledge/2a2b/tasks/T13-execution-follow-ups.md,T13-F011,Fimir Warriors compile natural armour 6+ instead of 5+,implemented_stale_record,ST-stale-records,none (reopen only on changed inputs),Resolved 2026-10-01 for canonical compilation and modular saves.,No action.
docs/knowledge/2a2b/tasks/T13-execution-follow-ups.md,T13-F012,Boglars compile regeneration 4+ instead of 5+,implemented_stale_record,ST-stale-records,none (reopen only on changed inputs),Resolved 2026-10-01.,No action.
docs/knowledge/2a2b/tasks/T13-execution-follow-ups.md,T13-F013,"Curse of the Revenant threshold, timing and limit unresolved",implemented_stale_record,ST-stale-records,none (reopen only on changed inputs),"Current disposition 2026-10-04: implemented under the accepted ruling (turn-start 5+ recovery, one wound, fire unaffected, Great Thirster prerequisite).",Treat as implemented; ports and T14 remain separate.
docs/knowledge/2a2b/tasks/T13-execution-follow-ups.md,T13-F014,Eight implementation markers have no executable binding,implemented_stale_record,ST-stale-records,none (reopen only on changed inputs),"Resolved 2026-10-03 (L05): the eight records were set to implemented NO with named owners, so the false markers are gone.",No action; their behaviours are tracked separately (G02 leadership rerolls among them).
docs/knowledge/2a2b/tasks/T13-execution-follow-ups.md,T13-F015,Decide whether structural validation should reject LATER/YES markers,implemented_stale_record,ST-stale-records,none (reopen only on changed inputs),Resolved 2026-10-03: the loader rejects implemented rules with zero bindings while LATER plus bound stays permitted.,No action.
docs/knowledge/2a2b/tasks/T13-execution-follow-ups.md,T13-F016,Named special-skill tables have no reachable compilation example,implemented_stale_record,ST-stale-records,none (reopen only on changed inputs),Resolved 2026-10-03 (L05) for the shared and adaptor route; seven unsupported contributions stay disabled with exact diagnostics.,No action; the Knights' Feats source gate stays with L06-L14.
docs/knowledge/2a2b/tasks/T13-execution-follow-ups.md,T13-F017,Automatic band grants can ignore profile recipient filters,implemented_stale_record,ST-stale-records,none (reopen only on changed inputs),Resolved 2026-10-02 with independent acceptance.,No action.
docs/knowledge/2a2b/tasks/T13-execution-follow-ups.md,T13-F019,The Silence restriction parameters need current shared-decision proof,implemented_stale_record,ST-stale-records,none (reopen only on changed inputs),Resolved 2026-10-02 with independent acceptance.,No action.
docs/knowledge/2a2b/tasks/T13-execution-follow-ups.md,T13-F020,Bow Restrictions only carries the missile-count component,implemented_stale_record,ST-stale-records,none (reopen only on changed inputs),Resolved 2026-10-03 (L05) for supplied complete kits; shooting stays excluded.,No action beyond L18 visible configuration.
docs/knowledge/2a2b/tasks/T13-execution-follow-ups.md,T13-F021,Teeny Hands does not bind its single-one-handed-weapon clause,implemented_stale_record,ST-stale-records,none (reopen only on changed inputs),Resolved 2026-10-03 (L05): max_active_one_handed_weapons=1 for Henchman Runts.,No action.
docs/knowledge/2a2b/tasks/T13-execution-follow-ups.md,T13-F022,Talismanic Tattoos' special save is represented as natural armour,implemented_stale_record,ST-stale-records,none (reopen only on changed inputs),Resolved for canonical and modular save semantics on 2026-10-04 (trait.ward-save replaces the natural-armour binding).,No action in the modular engine; ports and T14 remain.
docs/knowledge/2a2b/tasks/T13-execution-follow-ups.md,T13-F023,Darksteel Blade has no item-to-mechanic mapping,implemented_stale_record,ST-stale-records,none (reopen only on changed inputs),Resolved 2026-10-03 through material.dark-elf-blade with shared Hero-only access.,No action.
docs/knowledge/2a2b/tasks/T13-execution-follow-ups.md,T13-F024,Sea Dragon Cloak armour composition remains source-blocked,implemented_stale_record,ST-stale-records,none (reopen only on changed inputs),"Current disposition 2026-10-04: implemented under the accepted Q128 ruling (armour choice, 5+, composes with shield and helmet).",No action in the modular engine.
docs/knowledge/2a2b/tasks/T13-execution-follow-ups.md,T13-F025,Spirit Knife must not inherit Spectral Touch certification,implemented_stale_record,ST-stale-records,none (reopen only on changed inputs),Resolved 2026-10-03 for source-reviewed Q146 with its own canonical route.,No action.
docs/knowledge/2a2b/tasks/T13-execution-follow-ups.md,T13-F027,Empty local effect text resolves through canonical shared references,implemented_stale_record,ST-stale-records,none (reopen only on changed inputs),Resolved 2026-10-01: rule_ref resolution was the missing-text explanation.,No action; the runtime-binding gaps are tracked in G01/G02.
docs/knowledge/2a2b/tasks/T13-execution-follow-ups.md,T13-F030/F031/F032/F033/F034,"Characteristic-bonus, Movement, trace-CSV, availability-failure and baseline-evidence findings",implemented_stale_record,ST-stale-records,none (reopen only on changed inputs),All five entries carry 'Status: resolved/superseded' with evidence in their owning deliveries.,No action.
docs/knowledge/2a2b/tasks/T13-execution-follow-ups.md,T13-F035,Revalidate affected construction evidence after eligibility extraction,implemented_stale_record,ST-stale-records,none (reopen only on changed inputs),Resolved 2026-10-02 as current-consumer reconciliation (47-clause).,No action.
docs/knowledge/2a2b/tasks/T13-execution-follow-ups.md,T13-F040,Modular coverage line budget needs reconciliation after pilots,implemented_stale_record,ST-stale-records,none (reopen only on changed inputs),Resolved for the reviewed coverage repair on 2026-10-02; only the F057 gate remains (G12).,No action.
docs/knowledge/2a2b/tasks/T13-execution-follow-ups.md,T13-F042/F043/F044/F050/F051/F052,"Catalogue, schema and CLI findings",implemented_stale_record,ST-stale-records,none (reopen only on changed inputs),All six carry a resolution with independent acceptance (2026-10-01/02).,No action.
docs/knowledge/2a2b/tasks/T13-execution-follow-ups.md,T13-F056,Spectral Touch pool fixtures cannot distinguish per-hit provenance,implemented_stale_record,ST-stale-records,none (reopen only on changed inputs),Resolved 2026-10-03 as bounded witness acceptance inside L03.,No action.
docs/knowledge/2a2b/tasks/T13-execution-follow-ups.md,T13-F060,Shifty poisoned-hand maintained regression witnesses,implemented_stale_record,ST-stale-records,none (reopen only on changed inputs),Resolved 2026-10-02 with independent acceptance.,No action.
docs/knowledge/2a2b/tasks/T13-execution-follow-ups.md,T13-F061,Halfling Crude Belch cannot use the generic minimum-one reduction,implemented_stale_record,ST-stale-records,none (reopen only on changed inputs),Delivered 2026-10-04 as a dedicated ordered miss; only the excluded multi-enemy part remains (GX).,No action in the modular engine.
docs/knowledge/2a2b/tasks/T13-execution-follow-ups.md,T13-F062,Catalogue-backed validation treats lookup items as selected equipment,implemented_stale_record,ST-stale-records,none (reopen only on changed inputs),Resolved 2026-10-03 by the coordinator repair.,No action.
docs/knowledge/2a2b/tasks/T13-execution-follow-ups.md,T13-F066,Local weapon mappings diverged from their staging item copies,implemented_stale_record,ST-stale-records,none (reopen only on changed inputs),Resolved 2026-10-04.,No action.
docs/knowledge/2a2b/tasks/T13-execution-follow-ups.md,T13-F071,Individual Stupidity acquisition and initial history,implemented_stale_record,ST-stale-records,none (reopen only on changed inputs),"Resolved 2026-10-04 with 21 static grants, the supplied condition and prior-failure history.",No action.
docs/knowledge/2a2b/tasks/T13-execution-follow-ups.md,T13-F072,Woodsmen Quarterstaff source-qualified weapon variant,implemented_stale_record,ST-stale-records,none (reopen only on changed inputs),Resolved 2026-10-04 in the canonical compilation route (S+1 variant with focused cases).,No action.
sources/knowledge/bands/mordheim/amazons-mordheim/special-rules.yaml,totem-warriors--frenzy,Record keeps scope LATER while an executable binding is present,implemented_stale_record,ST-stale-records,none (it executes today); verify recipients and semantics,"Scope LATER plus implemented YES plus a real binding. mordheim_construction/compiler.py#compile_fighter (line 105) and selection.py#_profile_rule_mechanics (line 87) check runtime.implemented only, so the effect is projected although the record still reads as deferred with the reason 'Deferred subsystem: psychology'.",Decide the truthful scope marker (YES or a reviewed exclusion); for battle-pilgrims--hatred confirm or qualify the target before the generic Hatred contract is exposed.
sources/knowledge/bands/mordheim/bretonnian-chapel-guard/special-rules.yaml,battle-pilgrims--hatred,Record keeps scope LATER while an executable binding is present,implemented_stale_record,ST-stale-records,none (it executes today); verify recipients and semantics,"Scope LATER plus implemented YES plus a real binding. mordheim_construction/compiler.py#compile_fighter (line 105) and selection.py#_profile_rule_mechanics (line 87) check runtime.implemented only, so the effect is projected although the record still reads as deferred with the reason 'Deferred subsystem: psychology'. battle-pilgrims--hatred is the risky one: the generic skill.hatred operator rerolls misses against ANY opponent in the first combat turn, so the printed target qualification must be confirmed before the generic Hatred contract is advertised.",Decide the truthful scope marker (YES or a reviewed exclusion); for battle-pilgrims--hatred confirm or qualify the target before the generic Hatred contract is exposed.
sources/knowledge/bands/mordheim/forest-goblins/special-rules.yaml,red-toof-goblins--berserkers,Record keeps scope LATER while an executable binding is present,implemented_stale_record,ST-stale-records,none (it executes today); verify recipients and semantics,"Scope LATER plus implemented YES plus a real binding. mordheim_construction/compiler.py#compile_fighter (line 105) and selection.py#_profile_rule_mechanics (line 87) check runtime.implemented only, so the effect is projected although the record still reads as deferred with the reason 'Deferred subsystem: psychology'.",Decide the truthful scope marker (YES or a reviewed exclusion); for battle-pilgrims--hatred confirm or qualify the target before the generic Hatred contract is exposed.
sources/knowledge/bands/mordheim/night-goblins-mic/special-rules.yaml,fanatics--looney,Record keeps scope LATER while an executable binding is present,implemented_stale_record,ST-stale-records,none (it executes today); verify recipients and semantics,"Scope LATER plus implemented YES plus a real binding. mordheim_construction/compiler.py#compile_fighter (line 105) and selection.py#_profile_rule_mechanics (line 87) check runtime.implemented only, so the effect is projected although the record still reads as deferred with the reason 'Deferred subsystem: psychology'.",Decide the truthful scope marker (YES or a reviewed exclusion); for battle-pilgrims--hatred confirm or qualify the target before the generic Hatred contract is exposed.
sources/knowledge/bands/mordheim/norse-explorers-btb/special-rules.yaml,beserkers--berserkers,Record keeps scope LATER while an executable binding is present,implemented_stale_record,ST-stale-records,none (it executes today); verify recipients and semantics,"Scope LATER plus implemented YES plus a real binding. mordheim_construction/compiler.py#compile_fighter (line 105) and selection.py#_profile_rule_mechanics (line 87) check runtime.implemented only, so the effect is projected although the record still reads as deferred with the reason 'Deferred subsystem: psychology'.",Decide the truthful scope marker (YES or a reviewed exclusion); for battle-pilgrims--hatred confirm or qualify the target before the generic Hatred contract is exposed.
sources/knowledge/bands/mordheim/norse-explorers-lustria/special-rules.yaml,beserkers--berserkers,Record keeps scope LATER while an executable binding is present,implemented_stale_record,ST-stale-records,none (it executes today); verify recipients and semantics,"Scope LATER plus implemented YES plus a real binding. mordheim_construction/compiler.py#compile_fighter (line 105) and selection.py#_profile_rule_mechanics (line 87) check runtime.implemented only, so the effect is projected although the record still reads as deferred with the reason 'Deferred subsystem: psychology'.",Decide the truthful scope marker (YES or a reviewed exclusion); for battle-pilgrims--hatred confirm or qualify the target before the generic Hatred contract is exposed.
sources/knowledge/bands/trollheim/(6 records),bound-LATER trollheim group,Trollheim records with scope LATER and an executable binding (frenzy or hatred),implemented_stale_record,ST-stale-records,none (they execute today),"chaos-streets-mordheim-inhabitants/lunatics--frenzy, chaos-streets-undead-bloodlines/strigoi-vampire--hatred-everyone, khemri-tomb-guardians/necrotect--hatred, lustria-amazons/amazon-totem-warriors--frenzy, lustria-norse/berserkers--frenzy, lustria-savage-goblins/red-teeth--frenzy - same projection rule as the mordheim group.",Same marker decision; ownership depends on the trollheim collection disposition (G14).
docs/knowledge/2a2b/tasks/T13-obligations.csv,planning_only=true (1692 rows),Historical planning register whose audit_status still shows implemented NO or semantic_status out_of_scope for effects delivered since,implemented_stale_record,ST-stale-records,L21 inventory reconciliation,"The register is planning evidence (planning_only=true, lots T13.2-T13.6) and predates the 2026-10-03/04 deliveries (e.g. Spectral Touch, Shifty, Vomit Attack, the L06/L07 families, Fear, Stupidity and Leadership). Its implementation markers must not be read as current state; implemented-canonical-families.yaml plus this CSV are the current map (110 families / 334 rules).",Reconcile at L21 instead of dispatching from the historical register.
build/cache/t13-parallel/modular-residuals/entry.json + entry-hashes.txt + exit-hashes.txt,concurrent-drift-review-window,Canonical records and mechanics changed by the parallel implementation run while this reconciliation was being written,unconfirmed,G14-unconfirmed-triage,none for the review; re-measure before dispatch,"Entry 820d1499a0c9ff04fd42975d3de9d97bd62d585d (branch 2A2B) and unchanged at exit; 249 modified paths at entry and 299 at exit. The parallel run activated cursed-cavalcade/band--cursed-cavalcade-special-skills-torturer and ostlanders/band--ostlander-special-skills-animal-friendship (new mechanics mechanic.torturer and mechanic.animal-friendship; execution.yaml grew from 249 to 254 entries) and the mordheim LATER record set moved from 650 to 647/648. All other files underpinning this CSV (runtime-scope.yaml, implemented-canonical-families.yaml, compiler.py, selection.py, loader.py, leadership.py, kernel.py, the follow-up register) matched their entry hashes at exit; the follow-up register and the initiative delivery document were written by the parallel run after the entry snapshot of the plan text.","Re-measure the LATER/provisional counts and re-read any row whose record changed before dispatching a batch; no row of this CSV had its subject promoted during the window, except the two activations recorded on their own rows above."
